GEOID,year,tenure,hhsize,estimate,moe,cv,reliability
51001,2010,Owner,1-person,3288,371,6.859243153698815,High
51001,2010,Owner,2-person,4295,351,4.967959492022604,High
51001,2010,Owner,3-person,1349,263,11.851624866781878,High
51001,2010,Owner,4-or-more person,1504,304.4963053963053,12.307455918818523,High
51001,2010,Renter,1-person,1156,269,14.145833552444756,High
51001,2010,Renter,2-person,1010,243,14.625778687291222,High
51001,2010,Renter,3-person,590,177,18.237082066869302,Medium
51001,2010,Renter,4-or-more person,893,222.6768959726177,15.158554782561954,Medium
51001,2023,Owner,1-person,3090,410,8.066023352121265,High
51001,2023,Owner,2-person,4545,379,5.069199929111452,High
51001,2023,Owner,3-person,1040,206,12.041150339022678,High
51001,2023,Owner,4-or-more person,1406,245.49949083450255,10.614495878908132,High
51001,2023,Renter,1-person,1800,369,12.462006079027354,High
51001,2023,Renter,2-person,663,224,20.538493629857836,Medium
51001,2023,Renter,3-person,658,177,16.35239881375819,Medium
51001,2023,Renter,4-or-more person,1100,312.1474010784008,17.25047809220231,Medium
51003,2010,Owner,1-person,5229,440,5.115264938753421,High
51003,2010,Owner,2-person,9371,460,2.9840492835200365,High
51003,2010,Owner,3-person,4233,358,5.1412515788166075,High
51003,2010,Owner,4-or-more person,5677,472.43518073911474,5.0589156023812265,High
51003,2010,Renter,1-person,5640,492,5.302981310224407,High
51003,2010,Renter,2-person,3866,455,7.1545717713619,High
51003,2010,Renter,3-person,1750,304,10.5601389491967,High
51003,2010,Renter,4-or-more person,1693,320.6150339581723,11.51227148290466,High
51003,2023,Owner,1-person,6965,587,5.123315230080058,High
51003,2023,Owner,2-person,11426,650,3.458224909115189,High
51003,2023,Owner,3-person,4676,463,6.019225119019452,High
51003,2023,Owner,4-or-more person,6653,528.2906397050775,4.82713550351239,High
51003,2023,Renter,1-person,6511,620,5.788660667311199,High
51003,2023,Renter,2-person,4953,584,7.167680144728227,High
51003,2023,Renter,3-person,1861,373,12.184187015837809,High
51003,2023,Renter,4-or-more person,2019,417.390704256815,12.567258589202424,High
51005,2010,Owner,1-person,1414,218,9.37219210414311,High
51005,2010,Owner,2-person,2248,198,5.354303453796147,High
51005,2010,Owner,3-person,1010,172,10.35240302145716,High
51005,2010,Owner,4-or-more person,1086,184.02717190675946,10.301162174946093,High
51005,2010,Renter,1-person,559,123,13.376035147435445,High
51005,2010,Renter,2-person,257,86,20.342270528544226,Medium
51005,2010,Renter,3-person,202,78,23.473471967257513,Medium
51005,2010,Renter,4-or-more person,188,156.04806951705618,50.45853635033828,Low
51005,2023,Owner,1-person,1918,302,9.57177404274336,High
51005,2023,Owner,2-person,1797,225,7.61146997782525,High
51005,2023,Owner,3-person,594,135,13.815971262779772,High
51005,2023,Owner,4-or-more person,761,163.70400117284856,13.077018414647865,High
51005,2023,Renter,1-person,419,101,14.653502694938739,High
51005,2023,Renter,2-person,368,142,23.45711642658914,Medium
51005,2023,Renter,3-person,296,130,26.6984309537501,Medium
51005,2023,Renter,4-or-more person,139,84.34453153583817,36.88724564773924,Low
51007,2010,Owner,1-person,1031,210,12.382111975565966,High
51007,2010,Owner,2-person,1669,241,8.77798437810166,High
51007,2010,Owner,3-person,438,135,18.736728150893114,Medium
51007,2010,Owner,4-or-more person,942,239.7623823705462,15.472633559234778,Medium
51007,2010,Renter,1-person,200,112,34.04255319148936,Low
51007,2010,Renter,2-person,346,165,28.98958132016796,Medium
51007,2010,Renter,3-person,186,103,33.66343105533222,Low
51007,2010,Renter,4-or-more person,89,149.30170796075979,101.97855808255167,Low
51007,2023,Owner,1-person,1175,247,12.778891547565156,High
51007,2023,Owner,2-person,1828,257,8.546553776778646,High
51007,2023,Owner,3-person,460,175,23.12673450508788,Medium
51007,2023,Owner,4-or-more person,826,231.7131847780786,17.053157250901815,Medium
51007,2023,Renter,1-person,303,170,34.106754140459635,Low
51007,2023,Renter,2-person,268,142,32.209771809644785,Low
51007,2023,Renter,3-person,133,77,35.194368900975846,Low
51007,2023,Renter,4-or-more person,292,192.00520826269272,39.97277100859657,Low
51009,2010,Owner,1-person,2031,241,7.213419954235191,High
51009,2010,Owner,2-person,3990,250,3.808914383222494,High
51009,2010,Owner,3-person,1583,245,9.408475692531013,High
51009,2010,Owner,4-or-more person,1972,274.33920609347837,8.45697534767839,High
51009,2010,Renter,1-person,1147,231,12.24285369789831,High
51009,2010,Renter,2-person,881,214,14.766309354180967,High
51009,2010,Renter,3-person,763,194,15.456504678779574,Medium
51009,2010,Renter,4-or-more person,339,215.4947795191336,38.64302830946259,Low
51009,2023,Owner,1-person,2588,332,7.798443130088366,High
51009,2023,Owner,2-person,3911,372,5.7821482390483085,High
51009,2023,Owner,3-person,1439,265,11.194873170535939,High
51009,2023,Owner,4-or-more person,2021,290.29812262568976,8.731965505826805,High
51009,2023,Renter,1-person,1253,257,12.468555709458393,High
51009,2023,Renter,2-person,715,165,14.02852466682254,High
51009,2023,Renter,3-person,276,141,31.05590062111801,Low
51009,2023,Renter,4-or-more person,499,167.60966559241146,20.418912669400985,Medium
51011,2010,Owner,1-person,876,172,11.935989785013392,High
51011,2010,Owner,2-person,1854,207,6.787263552394723,High
51011,2010,Owner,3-person,796,175,13.364695819523147,High
51011,2010,Owner,4-or-more person,1013,199.14065381031568,11.950458856165632,High
51011,2010,Renter,1-person,485,151,18.926456303073984,Medium
51011,2010,Renter,2-person,424,124,17.778287549463784,Medium
51011,2010,Renter,3-person,259,119,27.93066622853857,Medium
51011,2010,Renter,4-or-more person,269,175.13994404475525,39.57920114908425,Low
51011,2023,Owner,1-person,1378,235,10.366991499066971,High
51011,2023,Owner,2-person,1954,171,5.319926703232089,High
51011,2023,Owner,3-person,709,169,14.490206249651678,High
51011,2023,Owner,4-or-more person,1051,225.4573130328666,13.04054399098075,High
51011,2023,Renter,1-person,441,162,22.331120898207306,Medium
51011,2023,Renter,2-person,386,145,22.83572452241838,Medium
51011,2023,Renter,3-person,325,136,25.438391395838206,Medium
51011,2023,Renter,4-or-more person,319,132.22707740852476,25.197868988103927,Medium
51013,2010,Owner,1-person,14604,724,3.013705700815615,High
51013,2010,Owner,2-person,14487,683,2.866001024291142,High
51013,2010,Owner,3-person,6235,545,5.313664649261571,High
51013,2010,Owner,4-or-more person,7842,539.2708039566021,4.180364663786083,High
51013,2010,Renter,1-person,23578,1083,2.7922583027143175,High
51013,2010,Renter,2-person,15239,879,3.506440741251201,High
51013,2010,Renter,3-person,5561,604,6.60264794604631,High
51013,2010,Renter,4-or-more person,4346,493.9585002811471,6.909312553501275,High
51013,2023,Owner,1-person,14276,711,3.0275906765536735,High
51013,2023,Owner,2-person,15844,888,3.407079204615825,High
51013,2023,Owner,3-person,6569,536,4.960204997128911,High
51013,2023,Owner,4-or-more person,9981,638.2624851892832,3.8874011697561737,High
51013,2023,Renter,1-person,31304,1407,2.7322998624334596,High
51013,2023,Renter,2-person,21611,1195,3.3614537457635487,High
51013,2023,Renter,3-person,6010,679,6.867985980812122,High
51013,2023,Renter,4-or-more person,5935,649.202587795212,6.649570834959395,High
51015,2010,Owner,1-person,4795,423,5.362729033219128,High
51015,2010,Owner,2-person,9219,437,2.8815868905600337,High
51015,2010,Owner,3-person,3878,398,6.238919256157797,High
51015,2010,Owner,4-or-more person,4791,495.16966789172375,6.282926229990804,High
51015,2010,Renter,1-person,1951,309,9.627982844118597,High
51015,2010,Renter,2-person,1455,292,12.199834967985879,High
51015,2010,Renter,3-person,719,231,19.53067203266949,Medium
51015,2010,Renter,4-or-more person,1101,261.91028998494886,14.461033765101568,High
51015,2023,Owner,1-person,5179,502,5.8923956990206525,High
51015,2023,Owner,2-person,10125,647,3.884573529963601,High
51015,2023,Owner,3-person,4132,451,6.635143604516017,High
51015,2023,Owner,4-or-more person,4756,495.6268757845967,6.335007014458737,High
51015,2023,Renter,1-person,2702,461,10.371693600822537,High
51015,2023,Renter,2-person,2104,380,10.979231916049326,High
51015,2023,Renter,3-person,769,226,17.865542033430696,Medium
51015,2023,Renter,4-or-more person,877,251.55913817629445,17.437113825891277,Medium
51017,2010,Owner,1-person,384,143,22.638044579533943,Medium
51017,2010,Owner,2-person,782,210,16.324753768297327,Medium
51017,2010,Owner,3-person,366,150,24.91404653943893,Medium
51017,2010,Owner,4-or-more person,229,166.96107330752278,44.32143807688318,Low
51017,2010,Renter,1-person,111,101,55.313672334948926,Low
51017,2010,Renter,2-person,37,36,59.14729318984637,Low
51017,2010,Renter,3-person,72,59,49.814251941911515,Low
51017,2010,Renter,4-or-more person,44,228.814335215257,316.1292279846049,Low
51017,2023,Owner,1-person,364,128,21.37679949230101,Medium
51017,2023,Owner,2-person,695,187,16.35651964750388,Medium
51017,2023,Owner,3-person,226,115,30.933103800737015,Low
51017,2023,Owner,4-or-more person,58,39.83716857408418,41.75366164352183,Low
51017,2023,Renter,1-person,142,76,32.53563936812364,Low
51017,2023,Renter,2-person,57,46,49.058817255905716,Low
51017,2023,Renter,3-person,138,78,34.359719836130566,Low
51017,2023,Renter,4-or-more person,101,66.92533152700851,40.281279320478205,Low
51019,2010,Owner,1-person,5038,443.0361159093015,5.3458290356126446,High
51019,2010,Owner,2-person,10769,437.88811356327085,2.4718486591636344,High
51019,2010,Owner,3-person,4130,394.93290569411914,5.813094279298471,High
51019,2010,Owner,4-or-more person,4848,446.4101253331963,5.597647202408492,High
51019,2010,Renter,1-person,2003,375.7658845611187,11.404348934383188,High
51019,2010,Renter,2-person,1344,227.437903613272,10.287211590555435,High
51019,2010,Renter,3-person,823,204.12006270820123,15.077174301757692,Medium
51019,2010,Renter,4-or-more person,977,295.93918294136046,18.41373990482374,Medium
51019,2023,Owner,1-person,6418,510,4.830638752520693,High
51019,2023,Owner,2-person,12044,563,2.8416575898503864,High
51019,2023,Owner,3-person,3755,422,6.831823020167639,High
51019,2023,Owner,4-or-more person,5319,505.7183010332926,5.779799560482466,High
51019,2023,Renter,1-person,2102,333,9.630428684217376,High
51019,2023,Renter,2-person,1387,299,13.104752554659745,High
51019,2023,Renter,3-person,848,266,19.0686471296668,Medium
51019,2023,Renter,4-or-more person,825,221.68220496918556,16.33469319106092,Medium
51021,2010,Owner,1-person,381,127,20.263424518743665,Medium
51021,2010,Owner,2-person,1033,177,10.416145614184789,High
51021,2010,Owner,3-person,360,119,20.094562647754135,Medium
51021,2010,Owner,4-or-more person,415,108.17578287213826,15.845868513148757,Medium
51021,2010,Renter,1-person,154,83,32.76358899459203,Low
51021,2010,Renter,2-person,95,70,44.79283314669652,Low
51021,2010,Renter,3-person,102,89,53.04249359318195,Low
51021,2010,Renter,4-or-more person,40,185.41844568434934,281.7909508880689,Low
51021,2023,Owner,1-person,678,194,17.39426706476226,Medium
51021,2023,Owner,2-person,772,127,10.000472463265982,High
51021,2023,Owner,3-person,237,94,24.110910186859552,Medium
51021,2023,Owner,4-or-more person,209,108.08792717042917,31.438730434528058,Low
51021,2023,Renter,1-person,166,80,29.296517376496865,Medium
51021,2023,Renter,2-person,85,68,48.632218844984806,Low
51021,2023,Renter,3-person,89,64,43.71435401796386,Low
51021,2023,Renter,4-or-more person,109,60.09991680526688,33.5182603972376,Low
51023,2010,Owner,1-person,2071,229,6.7218602821713676,High
51023,2010,Owner,2-person,4959,245,3.0033508814834837,High
51023,2010,Owner,3-person,1969,278,8.58288270626319,High
51023,2010,Owner,4-or-more person,2265,261.4077275062847,7.0159149072051825,High
51023,2010,Renter,1-person,611,176,17.51078256284232,Medium
51023,2010,Renter,2-person,396,123,18.88182739246569,Medium
51023,2010,Renter,3-person,284,111,23.759578749090288,Medium
51023,2010,Renter,4-or-more person,363,125.03599481749245,20.939317711655228,Medium
51023,2023,Owner,1-person,2765,356,7.826885130567174,High
51023,2023,Owner,2-person,4650,375,4.902441415825081,High
51023,2023,Owner,3-person,1597,266,10.12536804380554,High
51023,2023,Owner,4-or-more person,2233,334.6535521998833,9.110470660454697,High
51023,2023,Renter,1-person,907,235,15.75051189163648,Medium
51023,2023,Renter,2-person,603,152,15.32358471069173,Medium
51023,2023,Renter,3-person,138,76,33.478701378793886,Low
51023,2023,Renter,4-or-more person,212,90.4599358832406,25.939076642553367,Medium
51025,2010,Owner,1-person,1110,194,10.62460636928722,High
51025,2010,Owner,2-person,1893,217,6.968562790122625,High
51025,2010,Owner,3-person,735,136,11.248268304282199,High
51025,2010,Owner,4-or-more person,525,153.74329253661767,17.80208916330788,Medium
51025,2010,Renter,1-person,797,179,13.653022542741969,High
51025,2010,Renter,2-person,372,120,19.609765663300323,Medium
51025,2010,Renter,3-person,343,140,24.812356553563674,Medium
51025,2010,Renter,4-or-more person,311,182.57601156778512,35.68760671386255,Low
51025,2023,Owner,1-person,1731,317,11.132591979968359,High
51025,2023,Owner,2-person,1530,245,9.734390209984701,High
51025,2023,Owner,3-person,775,188,14.746543778801843,High
51025,2023,Owner,4-or-more person,599,163.30952207388276,16.573673658111314,Medium
51025,2023,Renter,1-person,600,171,17.325227963525837,Medium
51025,2023,Renter,2-person,343,167,29.59759674603667,Medium
51025,2023,Renter,3-person,344,139,24.563511698593345,Medium
51025,2023,Renter,4-or-more person,468,163.4717100907677,21.233952938296273,Medium
51027,2010,Owner,1-person,1772,241,8.26775165183503,High
51027,2010,Owner,2-person,3024,299,6.010678503079719,High
51027,2010,Owner,3-person,1498,241,9.780010632210729,High
51027,2010,Owner,4-or-more person,960,214.79757912974716,13.601670410951568,High
51027,2010,Renter,1-person,683,172,15.308824380192872,Medium
51027,2010,Renter,2-person,683,198,17.622948995803426,Medium
51027,2010,Renter,3-person,232,108,28.298920448590298,Medium
51027,2010,Renter,4-or-more person,271,171.5225932639779,38.475665555687684,Low
51027,2023,Owner,1-person,1668,293,10.678387381280386,High
51027,2023,Owner,2-person,2451,267,6.62219626255148,High
51027,2023,Owner,3-person,1080,218,12.270629291905887,High
51027,2023,Owner,4-or-more person,839,247.12547420288342,17.905631918363042,Medium
51027,2023,Renter,1-person,419,146,21.18229102436689,Medium
51027,2023,Renter,2-person,309,114,22.42747956443474,Medium
51027,2023,Renter,3-person,277,99,21.726487660891223,Medium
51027,2023,Renter,4-or-more person,308,151.45956556124145,29.89372864667458,Medium
51029,2010,Owner,1-person,827,303,22.272615341642073,Medium
51029,2010,Owner,2-person,1690,272,9.783996690707001,High
51029,2010,Owner,3-person,684,312,27.728896709859757,Medium
51029,2010,Owner,4-or-more person,431,211.85608322632606,29.88118156352669,Medium
51029,2010,Renter,1-person,437,252,35.05526072350163,Low
51029,2010,Renter,2-person,263,166,38.36952627503554,Low
51029,2010,Renter,3-person,144,130,54.880108071597434,Low
51029,2010,Renter,4-or-more person,383,323.71438027990047,51.38038049948026,Low
51029,2023,Owner,1-person,1335,264,12.021447354940062,High
51029,2023,Owner,2-person,1769,229,7.8694022862503665,High
51029,2023,Owner,3-person,674,172,15.513244883785953,Medium
51029,2023,Owner,4-or-more person,855,177.81451009408653,12.642564574136514,High
51029,2023,Renter,1-person,406,136,20.363244343959156,Medium
51029,2023,Renter,2-person,381,120,19.146542852356223,Medium
51029,2023,Renter,3-person,254,111,26.56582820764426,Medium
51029,2023,Renter,4-or-more person,388,108.98623766329398,17.075523714989814,Medium
51031,2010,Owner,1-person,4092,397,5.897785582068355,High
51031,2010,Owner,2-person,6489,389,3.64423122412912,High
51031,2010,Owner,3-person,2909,330,6.896112160039955,High
51031,2010,Owner,4-or-more person,3167,344.9376755299427,6.621046938842963,High
51031,2010,Renter,1-person,1904,322,10.280708027892008,High
51031,2010,Renter,2-person,1692,294,10.562848951259998,High
51031,2010,Renter,3-person,638,203,19.342359767891683,Medium
51031,2010,Renter,4-or-more person,1114,255.48189759746188,13.941485137894707,High
51031,2023,Owner,1-person,4167,435,6.345996879520155,High
51031,2023,Owner,2-person,6346,464,4.444797814385626,High
51031,2023,Owner,3-person,2562,375,8.897873764085332,High
51031,2023,Owner,4-or-more person,3602,437.4437106645837,7.382654868615439,High
51031,2023,Renter,1-person,2209,430,11.833326224164479,High
51031,2023,Renter,2-person,1681,323,11.680700986711846,High
51031,2023,Renter,3-person,868,293,20.52021906909641,Medium
51031,2023,Renter,4-or-more person,645,178.21616088334974,16.796603367814118,Medium
51033,2010,Owner,1-person,2034,252,7.5315383167011865,High
51033,2010,Owner,2-person,2752,258,5.699088145896657,High
51033,2010,Owner,3-person,1607,258,9.759732780029621,High
51033,2010,Owner,4-or-more person,2124,258.28279075463,7.392222930715975,High
51033,2010,Renter,1-person,579,167,17.53363675974193,Medium
51033,2010,Renter,2-person,357,155,26.393536137859396,Medium
51033,2010,Renter,3-person,367,168,27.82770015653081,Medium
51033,2010,Renter,4-or-more person,450,139.02877400020472,18.781327119244136,Medium
51033,2023,Owner,1-person,1915,377,11.967589102192736,High
51033,2023,Owner,2-person,3683,434,7.163447929243621,High
51033,2023,Owner,3-person,1933,347,10.912687493022327,High
51033,2023,Owner,4-or-more person,2017,335.1477286212753,10.101002530806543,High
51033,2023,Renter,1-person,775,210,16.47220315717227,Medium
51033,2023,Renter,2-person,506,141,16.939582156973458,Medium
51033,2023,Renter,3-person,293,137,28.424121082606302,Medium
51033,2023,Renter,4-or-more person,558,206.73654732533385,22.522529150497743,Medium
51035,2010,Owner,1-person,2556,394,9.370644671813386,High
51035,2010,Owner,2-person,4082,311,4.631498058791729,High
51035,2010,Owner,3-person,1585,302,11.582752437843384,High
51035,2010,Owner,4-or-more person,1547,270.2313823374332,10.618900876387212,High
51035,2010,Renter,1-person,1134,268,14.366660769902918,High
51035,2010,Renter,2-person,648,184,17.26143570115201,Medium
51035,2010,Renter,3-person,510,194,23.124143274331008,Medium
51035,2010,Renter,4-or-more person,756,245.51374706928328,19.741862230366454,Medium
51035,2023,Owner,1-person,3080,415,8.1908972486480085,High
51035,2023,Owner,2-person,3958,377,5.790281235649088,High
51035,2023,Owner,3-person,1429,309,13.144992672411043,High
51035,2023,Owner,4-or-more person,1257,240.16244502419607,11.614590875858527,High
51035,2023,Renter,1-person,882,214,14.749567506840627,High
51035,2023,Renter,2-person,1097,305,16.901580159207345,Medium
51035,2023,Renter,3-person,281,143,30.935975510822182,Low
51035,2023,Renter,4-or-more person,509,189.55737917580524,22.638988083888815,Medium
51036,2010,Owner,1-person,598,107,10.877189415579794,High
51036,2010,Owner,2-person,961,91,5.756415081807514,High
51036,2010,Owner,3-person,358,92,15.622081472550983,Medium
51036,2010,Owner,4-or-more person,389,73.14369419163897,11.430398917282874,High
51036,2010,Renter,1-person,191,64,20.36951574659049,Medium
51036,2010,Renter,2-person,124,51,25.00245122070791,Medium
51036,2010,Renter,3-person,21,18,52.10594876248371,Low
51036,2010,Renter,4-or-more person,71,184.3773304937459,157.86406138425951,Low
51036,2023,Owner,1-person,849,110,7.876242745801425,High
51036,2023,Owner,2-person,971,83,5.1962849692761814,High
51036,2023,Owner,3-person,342,64,11.375957624557847,High
51036,2023,Owner,4-or-more person,365,71.20393247567159,11.858922009521855,High
51036,2023,Renter,1-person,168,57,20.62527138514981,Medium
51036,2023,Renter,2-person,122,42,20.927799093128705,Medium
51036,2023,Renter,3-person,48,28,35.46099290780142,Low
51036,2023,Renter,4-or-more person,82,34.68429039204925,25.7130183053223,Medium
51037,2010,Owner,1-person,805,169,12.762181653419924,High
51037,2010,Owner,2-person,1411,179,7.711877368224912,High
51037,2010,Owner,3-person,552,152,16.739350689396943,Medium
51037,2010,Owner,4-or-more person,672,144.1075986893127,13.03622075276023,High
51037,2010,Renter,1-person,389,126,19.69042279713395,Medium
51037,2010,Renter,2-person,212,105,30.108390204737056,Low
51037,2010,Renter,3-person,178,83,28.34602643352344,Medium
51037,2010,Renter,4-or-more person,196,90.08884503644167,27.941456806786697,Medium
51037,2023,Owner,1-person,1125,236,12.752448497129349,High
51037,2023,Owner,2-person,1261,186,8.966685869515437,High
51037,2023,Owner,3-person,350,104,18.063395570994356,Medium
51037,2023,Owner,4-or-more person,551,136.46244904734783,15.055516529476423,Medium
51037,2023,Renter,1-person,544,140,15.644555694618273,Medium
51037,2023,Renter,2-person,369,131,21.581370828905857,Medium
51037,2023,Renter,3-person,152,85,33.994560870260756,Low
51037,2023,Renter,4-or-more person,269,92.10320298447823,20.814047973351315,Medium
51041,2010,Owner,1-person,14830,668,2.738226752229421,High
51041,2010,Owner,2-person,30847,883,1.740130695048205,High
51041,2010,Owner,3-person,17902,789,2.679227228011745,High
51041,2010,Owner,4-or-more person,24513,941.4680026426814,2.334765121571697,High
51041,2010,Renter,1-person,8187,564,4.18782390200492,High
51041,2010,Renter,2-person,6907,669,5.888040105562261,High
51041,2010,Renter,3-person,3820,460,7.320294721430959,High
51041,2010,Renter,4-or-more person,5398,525.1018948737474,5.91350274810492,High
51041,2023,Owner,1-person,20252,1032,3.097746509482046,High
51041,2023,Owner,2-person,39269,1351,2.091412044474473,High
51041,2023,Owner,3-person,18095,1160,3.897027760443657,High
51041,2023,Owner,4-or-more person,28287,1383.5931482917947,2.9734155610416475,High
51041,2023,Renter,1-person,11076,766,4.204166625503156,High
51041,2023,Renter,2-person,8096,761,5.714105505964896,High
51041,2023,Renter,3-person,4731,607,7.799555284005964,High
51041,2023,Renter,4-or-more person,7190,762.3844174692974,6.445835506671267,High
51043,2010,Owner,1-person,835,171,12.449265602533535,High
51043,2010,Owner,2-person,1733,206,7.226079834150944,High
51043,2010,Owner,3-person,835,191,13.905320058970204,High
51043,2010,Owner,4-or-more person,792,169.413694841946,13.003415219209266,High
51043,2010,Renter,1-person,428,116,16.475868533931767,Medium
51043,2010,Renter,2-person,353,156,26.864823441280556,Medium
51043,2010,Renter,3-person,225,113,30.530226274907125,Low
51043,2010,Renter,4-or-more person,334,125.78950671657792,22.894546478455474,Medium
51043,2023,Owner,1-person,753,170,13.724231745762644,High
51043,2023,Owner,2-person,2089,270,7.857048281561689,High
51043,2023,Owner,3-person,702,157,13.595545510439127,High
51043,2023,Owner,4-or-more person,1094,233.39023115803283,12.968789760008049,High
51043,2023,Renter,1-person,570,169,18.02378286140884,Medium
51043,2023,Renter,2-person,234,87,22.60151196321409,Medium
51043,2023,Renter,3-person,64,48,45.59270516717325,Low
51043,2023,Renter,4-or-more person,145,77.85884663928692,32.641797144654404,Low
51045,2010,Owner,1-person,245,97,24.067985856956764,Medium
51045,2010,Owner,2-person,780,177,13.794715922375497,High
51045,2010,Owner,3-person,332,124,22.704800966785076,Medium
51045,2010,Owner,4-or-more person,347,182.88520989954327,32.039313945769344,Low
51045,2010,Renter,1-person,142,84,35.96044351213665,Low
51045,2010,Renter,2-person,26,34,79.4949731119944,Low
51045,2010,Renter,3-person,0,127,Inf,Low
51045,2010,Renter,4-or-more person,117,192.66291807195282,100.10283327979259,Low
51045,2023,Owner,1-person,340,169,30.216341855891294,Low
51045,2023,Owner,2-person,681,152,13.568460470700606,High
51045,2023,Owner,3-person,79,58,44.630833750144276,Low
51045,2023,Owner,4-or-more person,355,149.52257354660534,25.604276475295233,Medium
51045,2023,Renter,1-person,97,74,46.37608498104221,Low
51045,2023,Renter,2-person,158,132,50.78681081912969,Low
51045,2023,Renter,3-person,34,43,76.8818165564098,Low
51045,2023,Renter,4-or-more person,8,20.92844953645635,159.03077155361967,Low
51047,2010,Owner,1-person,1770,284,9.753919598852885,High
51047,2010,Owner,2-person,3928,287,4.441651861160462,High
51047,2010,Owner,3-person,2215,311,8.53533863475749,High
51047,2010,Owner,4-or-more person,3585,328.8677545762126,5.576558093308619,High
51047,2010,Renter,1-person,1428,269,11.451389066264802,High
51047,2010,Renter,2-person,1093,248,13.793218519620575,High
51047,2010,Renter,3-person,555,158,17.30605985925135,Medium
51047,2010,Renter,4-or-more person,1260,279.06630036606,13.463902174268345,High
51047,2023,Owner,1-person,2345,355,9.202791945612795,High
51047,2023,Owner,2-person,5074,503,6.026312100666967,High
51047,2023,Owner,3-person,2383,424,10.816229957130483,High
51047,2023,Owner,4-or-more person,4046,492.7037649541558,7.40276733903808,High
51047,2023,Renter,1-person,1327,326,14.934159140415455,High
51047,2023,Renter,2-person,1131,314,16.87722890951064,Medium
51047,2023,Renter,3-person,824,276,20.36179065718417,Medium
51047,2023,Renter,4-or-more person,1454,358.62794090812275,14.993872512182001,High
51049,2010,Owner,1-person,910,196,13.093289689034371,High
51049,2010,Owner,2-person,1295,198,9.294574644118718,High
51049,2010,Owner,3-person,315,137,26.438944372075067,Medium
51049,2010,Owner,4-or-more person,569,198.17668884104407,21.172610065228717,Medium
51049,2010,Renter,1-person,285,119,25.3826054497947,Medium
51049,2010,Renter,2-person,206,106,31.280432024080028,Low
51049,2010,Renter,3-person,56,49,53.191489361702125,Low
51049,2010,Renter,4-or-more person,333,182.4910956731862,33.314365247895836,Low
51049,2023,Owner,1-person,757,211,16.94418457115554,Medium
51049,2023,Owner,2-person,1353,185,8.312047751591084,High
51049,2023,Owner,3-person,479,135,17.132958100399133,Medium
51049,2023,Owner,4-or-more person,561,154.83539646992867,16.7780501026639,Medium
51049,2023,Renter,1-person,353,136,23.42061530778305,Medium
51049,2023,Renter,2-person,419,154,22.342964505154118,Medium
51049,2023,Renter,3-person,103,92,54.298108419157785,Low
51049,2023,Renter,4-or-more person,150,91.0494371207203,36.899467931396266,Low
51051,2010,Owner,1-person,1333,209,9.531258194487831,High
51051,2010,Owner,2-person,2228,225,6.139053658057439,High
51051,2010,Owner,3-person,621,144,14.096295317386897,High
51051,2010,Owner,4-or-more person,790,161.77762515255316,12.448741883925447,High
51051,2010,Renter,1-person,482,119,15.008387039816368,Medium
51051,2010,Renter,2-person,386,121,19.056018394569822,Medium
51051,2010,Renter,3-person,147,82,33.91022062320369,Low
51051,2010,Renter,4-or-more person,183,157.69590990257166,52.38457651189119,Low
51051,2023,Owner,1-person,1081,210,11.8093963430236,High
51051,2023,Owner,2-person,1748,205,7.129294095553407,High
51051,2023,Owner,3-person,677,206,18.49748353409688,Medium
51051,2023,Owner,4-or-more person,759,189.43600502544388,15.17241971923094,Medium
51051,2023,Renter,1-person,546,152,16.923299598071633,Medium
51051,2023,Renter,2-person,475,146,18.685010398336267,Medium
51051,2023,Renter,3-person,258,98,23.09087910275441,Medium
51051,2023,Renter,4-or-more person,173,84.86459803710851,29.820474739395436,Medium
51053,2010,Owner,1-person,1458,237,9.88154652457253,High
51053,2010,Owner,2-person,3009,238,4.808270224786633,High
51053,2010,Owner,3-person,1386,230,10.087852033140788,High
51053,2010,Owner,4-or-more person,1574,208.68876347326417,8.059877394950012,High
51053,2010,Renter,1-person,799,198,15.064423234209936,Medium
51053,2010,Renter,2-person,600,170,17.22391084093212,Medium
51053,2010,Renter,3-person,392,182,28.22405557967868,Medium
51053,2010,Renter,4-or-more person,582,188.26045787684677,19.663925660059824,Medium
51053,2023,Owner,1-person,1630,313,11.673224308650493,High
51053,2023,Owner,2-person,3349,408,7.4059216515205275,High
51053,2023,Owner,3-person,1638,309,11.467762227640648,High
51053,2023,Owner,4-or-more person,1542,326.67261899338916,12.878416259363522,High
51053,2023,Renter,1-person,741,228,18.704699555763387,Medium
51053,2023,Renter,2-person,580,213,22.324703909443453,Medium
51053,2023,Renter,3-person,477,184,23.44949755628198,Medium
51053,2023,Renter,4-or-more person,470,189.53891421024866,24.51515413700429,Medium
51057,2010,Owner,1-person,812,157,11.753784419123482,High
51057,2010,Owner,2-person,1326,174,7.977004222310856,High
51057,2010,Owner,3-person,473,110,14.13727292005372,High
51057,2010,Owner,4-or-more person,730,172.2440129583609,14.343507761865421,High
51057,2010,Renter,1-person,402,136,20.565863690665214,Medium
51057,2010,Renter,2-person,225,72,19.45288753799392,Medium
51057,2010,Renter,3-person,292,125,26.023233542907104,Medium
51057,2010,Renter,4-or-more person,206,163.70400117284856,48.308791327898184,Low
51057,2023,Owner,1-person,1101,245,13.527354242758033,High
51057,2023,Owner,2-person,1096,197,10.926718878264149,High
51057,2023,Owner,3-person,503,117,14.140083511091506,High
51057,2023,Owner,4-or-more person,331,92.06519429187124,16.90836358311302,Medium
51057,2023,Renter,1-person,471,143,18.456494943823852,Medium
51057,2023,Renter,2-person,374,129,20.96776815174813,Medium
51057,2023,Renter,3-person,259,119,27.93066622853857,Medium
51057,2023,Renter,4-or-more person,261,128.22636234409833,29.865577180146115,Medium
51059,2010,Owner,1-person,56789,1528,1.6356607440511535,High
51059,2010,Owner,2-person,87929,1422,0.9831087467952607,High
51059,2010,Owner,3-person,49465,1527,1.876614732040124,High
51059,2010,Owner,4-or-more person,80265,1660.4351839201674,1.2575631851105429,High
51059,2010,Renter,1-person,36138,1168,1.964775015597925,High
51059,2010,Renter,2-person,29251,1118,2.323459910289093,High
51059,2010,Renter,3-person,17698,1093,3.7543094698248667,High
51059,2010,Renter,4-or-more person,24233,1043.9224109099296,2.6187566100233073,High
51059,2023,Owner,1-person,56697,1930,2.0693374951677486,High
51059,2023,Owner,2-person,93297,1638,1.0672847796296383,High
51059,2023,Owner,3-person,51565,1649,1.944015535619605,High
51059,2023,Owner,4-or-more person,80480,1826.5645348577202,1.3796888387439197,High
51059,2023,Renter,1-person,42161,1581,2.279581188596125,High
51059,2023,Renter,2-person,38136,1558,2.4835128540121643,High
51059,2023,Renter,3-person,19812,1221,3.746462952360088,High
51059,2023,Renter,4-or-more person,30515,1560.5643210069875,3.1088688178308588,High
51061,2010,Owner,1-person,3189,376,7.167495408323253,High
51061,2010,Owner,2-person,6345,392,3.7556796271146657,High
51061,2010,Owner,3-person,2894,308,6.469731947242277,High
51061,2010,Owner,4-or-more person,5205,441.0759571774458,5.151417501612557,High
51061,2010,Renter,1-person,1645,297,10.975508356352954,High
51061,2010,Renter,2-person,1319,263,12.121184188998296,High
51061,2010,Renter,3-person,603,199,20.061798404129302,Medium
51061,2010,Renter,4-or-more person,1169,268.21260223934297,13.947576955823981,High
51061,2023,Owner,1-person,3848,434,6.8562834520281335,High
51061,2023,Owner,2-person,7020,481,4.165259484408421,High
51061,2023,Owner,3-person,3747,382,6.197460501329128,High
51061,2023,Owner,4-or-more person,5907,488.69929404491677,5.029315011296338,High
51061,2023,Renter,1-person,1845,305,10.049340614986697,High
51061,2023,Renter,2-person,1539,363,14.338446589286455,High
51061,2023,Renter,3-person,997,222,13.536048876111618,High
51061,2023,Renter,4-or-more person,1363,261.9809153354496,11.684439845747448,High
51063,2010,Owner,1-person,1331,218,9.956633835656167,High
51063,2010,Owner,2-person,2169,218,6.109856908832807,High
51063,2010,Owner,3-person,591,171,17.58906392236125,Medium
51063,2010,Owner,4-or-more person,879,182.78949641595932,12.641437417897466,High
51063,2010,Renter,1-person,447,150,20.39942065645336,Medium
51063,2010,Renter,2-person,554,167,18.324865855398155,Medium
51063,2010,Renter,3-person,198,129,39.605784286635355,Low
51063,2010,Renter,4-or-more person,165,89.02246907382428,32.7981833190842,Low
51063,2023,Owner,1-person,1626,281,10.505576180381865,High
51063,2023,Owner,2-person,2243,299,8.103562993006271,High
51063,2023,Owner,3-person,1022,186,11.063591860527366,High
51063,2023,Owner,4-or-more person,691,145.19986225888783,12.773863020325402,High
51063,2023,Renter,1-person,336,112,20.263424518743665,Medium
51063,2023,Renter,2-person,383,180,28.569841358019794,Medium
51063,2023,Renter,3-person,102,66,39.33488288932594,Low
51063,2023,Renter,4-or-more person,246,119.78313737751236,29.60020198618933,Medium
51065,2010,Owner,1-person,1552,274,10.7323034500047,High
51065,2010,Owner,2-person,3528,319,5.4966262087408415,High
51065,2010,Owner,3-person,1097,204,11.304663450748519,High
51065,2010,Owner,4-or-more person,1780,258.8223328849348,8.839258662099477,High
51065,2010,Renter,1-person,429,148,20.971935865552886,Medium
51065,2010,Renter,2-person,254,111,26.56582820764426,Medium
51065,2010,Renter,3-person,263,103,23.807597628485905,Medium
51065,2010,Renter,4-or-more person,225,169.50221237494216,45.795937149595986,Low
51065,2023,Owner,1-person,1820,292,9.753164768362337,High
51065,2023,Owner,2-person,3592,342,5.787938072447384,High
51065,2023,Owner,3-person,1553,299,11.70398698861112,High
51065,2023,Owner,4-or-more person,2098,346.6136177359453,10.04324911367159,High
51065,2023,Renter,1-person,322,145,27.37450206724688,Medium
51065,2023,Renter,2-person,538,212,23.954531587213705,Medium
51065,2023,Renter,3-person,191,136,43.2852209615048,Low
51065,2023,Renter,4-or-more person,137,79.05694150420949,35.07951168291859,Low
51067,2010,Owner,1-person,3956,361,5.54734296102108,High
51067,2010,Owner,2-person,8360,499,3.6285103474353195,High
51067,2010,Owner,3-person,3288,427,7.894600610860899,High
51067,2010,Owner,4-or-more person,2720,411.95630836291366,9.206962014189918,High
51067,2010,Renter,1-person,1603,359,13.614290833865834,High
51067,2010,Renter,2-person,1385,281,12.333622288303907,High
51067,2010,Renter,3-person,940,255,16.49097846472224,Medium
51067,2010,Renter,4-or-more person,1103,266.6139531232377,14.69404818156824,High
51067,2023,Owner,1-person,4248,446,6.382406310282257,High
51067,2023,Owner,2-person,7986,598,4.55203901660733,High
51067,2023,Owner,3-person,2193,375,10.39505361768656,High
51067,2023,Owner,4-or-more person,3495,549.3960320206181,9.555918477036114,High
51067,2023,Renter,1-person,1590,399,15.25491770373344,Medium
51067,2023,Renter,2-person,1577,327,12.605212081729574,High
51067,2023,Renter,3-person,558,162,17.64878909697029,Medium
51067,2023,Renter,4-or-more person,837,246.18285886714372,17.879956195207498,Medium
51069,2010,Owner,1-person,4102,366,5.423998079371172,High
51069,2010,Owner,2-person,8496,454,3.2484444673409696,High
51069,2010,Owner,3-person,4106,390,5.774039621755989,High
51069,2010,Owner,4-or-more person,5791,423.7794237572183,4.448569693956698,High
51069,2010,Renter,1-person,1630,266,9.920375930035243,High
51069,2010,Renter,2-person,1545,301,11.84328306823659,High
51069,2010,Renter,3-person,1362,291,12.98823025320354,High
51069,2010,Renter,4-or-more person,1526,280.3337296866005,11.167473207527497,High
51069,2023,Owner,1-person,5296,511,5.865526772513982,High
51069,2023,Owner,2-person,10666,561,3.197388286615938,High
51069,2023,Owner,3-person,4064,439,6.566665868894048,High
51069,2023,Owner,4-or-more person,6765,581.8410435849296,5.228422203365971,High
51069,2023,Renter,1-person,2734,524,11.651098516263731,High
51069,2023,Renter,2-person,2410,434,10.94729407610135,High
51069,2023,Renter,3-person,1071,223,12.657545287618593,High
51069,2023,Renter,4-or-more person,1332,276.90973258446513,12.637701497141448,High
51071,2010,Owner,1-person,1208,179,9.007830270335555,High
51071,2010,Owner,2-person,2140,197,5.596113967559583,High
51071,2010,Owner,3-person,950,171,10.94224924012158,High
51071,2010,Owner,4-or-more person,1229,195.0487118644981,9.647733564713848,High
51071,2010,Renter,1-person,666,113,10.314265633414568,High
51071,2010,Renter,2-person,341,114,20.3228480510567,Medium
51071,2010,Renter,3-person,231,91,23.947683522151607,Medium
51071,2010,Renter,4-or-more person,335,164.22849935379668,29.80147881028838,Medium
51071,2023,Owner,1-person,1766,317,10.911957371078838,High
51071,2023,Owner,2-person,2176,266,7.43116395494368,High
51071,2023,Owner,3-person,600,152,15.400202634245188,Medium
51071,2023,Owner,4-or-more person,797,163.5236985883086,12.472585156976091,High
51071,2023,Renter,1-person,581,159,16.63623665308215,Medium
51071,2023,Renter,2-person,403,132,19.911454365812634,Medium
51071,2023,Renter,3-person,222,128,35.05024781620526,Low
51071,2023,Renter,4-or-more person,224,97.94896630388705,26.581894893586366,Medium
51073,2010,Owner,1-person,1992,299,9.124644474554753,High
51073,2010,Owner,2-person,4681,337,4.376484124855767,High
51073,2010,Owner,3-person,2236,301,8.183306055646481,High
51073,2010,Owner,4-or-more person,2635,351.6006257104785,8.111536326179118,High
51073,2010,Renter,1-person,671,188,17.032148179689163,Medium
51073,2010,Renter,2-person,903,212,14.271913614530424,High
51073,2010,Renter,3-person,504,185,22.31389009504511,Medium
51073,2010,Renter,4-or-more person,392,148.04053498957643,22.957715865885557,Medium
51073,2023,Owner,1-person,2535,387,9.28040862574414,High
51073,2023,Owner,2-person,5155,447,5.271241955312368,High
51073,2023,Owner,3-person,1972,374,11.529189812388637,High
51073,2023,Owner,4-or-more person,2402,374.1684112802683,9.46952542790502,High
51073,2023,Renter,1-person,1212,267,13.39191669926871,High
51073,2023,Renter,2-person,830,293,21.459698978283956,Medium
51073,2023,Renter,3-person,433,196,27.517075327993712,Medium
51073,2023,Renter,4-or-more person,572,161,17.11054902544264,Medium
51075,2010,Owner,1-person,990,206,12.649289245033927,High
51075,2010,Owner,2-person,3223,325,6.129953120004678,High
51075,2010,Owner,3-person,1070,247,14.032894923728092,High
51075,2010,Owner,4-or-more person,950,223.84369546627843,14.323704717087086,High
51075,2010,Renter,1-person,93,59,38.565872471157306,Low
51075,2010,Renter,2-person,381,225,35.89976784816791,Low
51075,2010,Renter,3-person,72,98,82.74231678486997,Low
51075,2010,Renter,4-or-more person,52,137.03649149040558,160.2016500939976,Low
51075,2023,Owner,1-person,1572,312,12.065245133297756,High
51075,2023,Owner,2-person,4209,300,4.332877659032858,High
51075,2023,Owner,3-person,1482,268,10.993112896808304,High
51075,2023,Owner,4-or-more person,1383,259.37617469613514,11.400975136476369,High
51075,2023,Renter,1-person,660,169,15.565994289398544,Medium
51075,2023,Renter,2-person,432,156,21.952043228638974,Medium
51075,2023,Renter,3-person,106,101,57.92280782244652,Low
51075,2023,Renter,4-or-more person,169,100.11493395093461,36.01191847302553,Low
51077,2010,Owner,1-person,1551,225,8.818705061348792,High
51077,2010,Owner,2-person,2415,223,5.613346171030854,High
51077,2010,Owner,3-person,771,155,12.221131519086647,High
51077,2010,Owner,4-or-more person,836,207.04830354291724,15.055649535559201,Medium
51077,2010,Renter,1-person,614,160,15.84111363028821,Medium
51077,2010,Renter,2-person,292,103,21.443144439355454,Medium
51077,2010,Renter,3-person,210,87,25.18454190186713,Medium
51077,2010,Renter,4-or-more person,169,201.85886158402855,72.60979535764773,Low
51077,2023,Owner,1-person,1366,213,9.479010444712447,High
51077,2023,Owner,2-person,2280,230,6.132352156988215,High
51077,2023,Owner,3-person,812,185,13.85000074864869,High
51077,2023,Owner,4-or-more person,622,151.0364194490852,14.761326776951025,High
51077,2023,Renter,1-person,468,155,20.133530771828646,Medium
51077,2023,Renter,2-person,263,96,22.189605556647056,Medium
51077,2023,Renter,3-person,121,62,31.14873521063076,Low
51077,2023,Renter,4-or-more person,270,107.88419717456306,24.29003651346686,Medium
51079,2010,Owner,1-person,1330,262,11.97522682085152,High
51079,2010,Owner,2-person,1855,261,8.553240645917139,High
51079,2010,Owner,3-person,903,189,12.723545628048349,High
51079,2010,Owner,4-or-more person,1269,244.91222917608667,11.732294254437075,High
51079,2010,Renter,1-person,349,123,21.424652284860784,Medium
51079,2010,Renter,2-person,409,162,24.07829906139223,Medium
51079,2010,Renter,3-person,275,145,32.05305332964908,Low
51079,2010,Renter,4-or-more person,319,186.6922601502269,35.57703312026125,Low
51079,2023,Owner,1-person,1144,234,12.434374136501797,High
51079,2023,Owner,2-person,2580,275,6.479583421691289,High
51079,2023,Owner,3-person,1084,215,12.057111452573494,High
51079,2023,Owner,4-or-more person,1488,314.7332203628972,12.858009787025576,High
51079,2023,Renter,1-person,242,87,21.85435454294255,Medium
51079,2023,Renter,2-person,680,231,20.650813516896118,Medium
51079,2023,Renter,3-person,139,80,34.98720780214734,Low
51079,2023,Renter,4-or-more person,555,182.90434658585892,20.033883357798288,Medium
51081,2010,Owner,1-person,741,147,12.059608924110602,High
51081,2010,Owner,2-person,986,153,9.432973482863432,High
51081,2010,Owner,3-person,385,116,18.316030474085185,Medium
51081,2010,Owner,4-or-more person,413,181.81859090863068,26.762232152407055,Medium
51081,2010,Renter,1-person,200,74,22.492401215805472,Medium
51081,2010,Renter,2-person,214,89,25.281936198619437,Medium
51081,2010,Renter,3-person,190,91,29.115341545352745,Medium
51081,2010,Renter,4-or-more person,256,104.11532067856297,24.7234329118928,Medium
51081,2023,Owner,1-person,643,146,13.803079221165982,High
51081,2023,Owner,2-person,875,139,9.656969170646983,High
51081,2023,Owner,3-person,235,103,26.644247558688484,Medium
51081,2023,Owner,4-or-more person,379,141.86613408421334,22.754831396686743,Medium
51081,2023,Renter,1-person,221,107,29.432394889215914,Medium
51081,2023,Renter,2-person,296,145,29.779019140721267,Medium
51081,2023,Renter,3-person,179,83,28.187668743950688,Medium
51081,2023,Renter,4-or-more person,264,129.3290377293514,29.780104478528003,Medium
51083,2010,Owner,1-person,3053,341,6.789873332025802,High
51083,2010,Owner,2-person,4011,357,5.410652620188099,High
51083,2010,Owner,3-person,2091,283,8.227473656821317,High
51083,2010,Owner,4-or-more person,1969,299.0501630161736,9.232778677901813,High
51083,2010,Renter,1-person,1397,318,13.83772869783927,High
51083,2010,Renter,2-person,921,228,15.0490579487738,Medium
51083,2010,Renter,3-person,621,199,19.48029700111106,Medium
51083,2010,Renter,4-or-more person,587,174.2469511928401,18.045178584926713,Medium
51083,2023,Owner,1-person,3300,440,8.105369807497466,High
51083,2023,Owner,2-person,3338,312,5.68201478416539,High
51083,2023,Owner,3-person,1383,270,11.867949284296724,High
51083,2023,Owner,4-or-more person,1627,292.0873157122712,10.913379117673127,High
51083,2023,Renter,1-person,1696,299,10.717153180019498,High
51083,2023,Renter,2-person,1075,224,12.666996536368133,High
51083,2023,Renter,3-person,706,200,17.221040667487536,Medium
51083,2023,Renter,4-or-more person,548,184.0108692441835,20.412538464733156,Medium
51085,2010,Owner,1-person,4672,404,5.256693175667236,High
51085,2010,Owner,2-person,10863,477,2.6693326416572023,High
51085,2010,Owner,3-person,6013,430,4.34721730071168,High
51085,2010,Owner,4-or-more person,8753,499.81096426549107,3.471226464538192,High
51085,2010,Renter,1-person,2052,303,8.976341563127678,High
51085,2010,Renter,2-person,1513,260,10.446444893998718,High
51085,2010,Renter,3-person,1043,273,15.91154811203362,Medium
51085,2010,Renter,4-or-more person,1205,259.6902000461319,13.100944647864491,High
51085,2023,Owner,1-person,6661,744,6.789965999975359,High
51085,2023,Owner,2-person,13658,589,2.6215749834983204,High
51085,2023,Owner,3-person,6316,488,4.696905239936784,High
51085,2023,Owner,4-or-more person,8155,586.8918128582133,4.374900533606758,High
51085,2023,Renter,1-person,2845,450,9.61533325142494,High
51085,2023,Renter,2-person,2034,367,10.96854985011641,High
51085,2023,Renter,3-person,1144,292,15.5163984951219,Medium
51085,2023,Renter,4-or-more person,1199,292.60895406668607,14.835511561898645,High
51087,2010,Owner,1-person,19851,823,2.520295961753973,High
51087,2010,Owner,2-person,28671,1067,2.2623285509573603,High
51087,2010,Owner,3-person,14027,736,3.189679998387825,High
51087,2010,Owner,4-or-more person,18955,752.0811126467677,2.4119871577035923,High
51087,2010,Renter,1-person,16429,814,3.0119473294036174,High
51087,2010,Renter,2-person,11093,706,3.868920321887595,High
51087,2010,Renter,3-person,6243,522,5.082896491486879,High
51087,2010,Renter,4-or-more person,6498,645.6485111885569,6.040189229967012,High
51087,2023,Owner,1-person,21786,1310,3.6553409693685217,High
51087,2023,Owner,2-person,31203,1229,2.3943609973594815,High
51087,2023,Owner,3-person,15130,1014,4.0741135086595,High
51087,2023,Owner,4-or-more person,19503,1133.4028410057917,3.5327830976850474,High
51087,2023,Renter,1-person,19327,934,2.937761447794265,High
51087,2023,Renter,2-person,14041,881,3.8142746957509797,High
51087,2023,Renter,3-person,6718,734,6.641866744607555,High
51087,2023,Renter,4-or-more person,7891,714.5656023067442,5.504833156520079,High
51089,2010,Owner,1-person,4762,400,5.106280853106342,High
51089,2010,Owner,2-person,7097,390,3.340595559663251,High
51089,2010,Owner,3-person,2989,355,7.2199889971435285,High
51089,2010,Owner,4-or-more person,2548,306.6382233186202,7.315785509550854,High
51089,2010,Renter,1-person,1965,312,9.652196106638204,High
51089,2010,Renter,2-person,1566,331,12.849029723571176,High
51089,2010,Renter,3-person,699,218,18.95891221067004,Medium
51089,2010,Renter,4-or-more person,1283,286.12759391572143,13.55711200789001,High
51089,2023,Owner,1-person,5033,505,6.09956052968342,High
51089,2023,Owner,2-person,6080,449,4.489281714925612,High
51089,2023,Owner,3-person,2372,329,8.431703204047219,High
51089,2023,Owner,4-or-more person,2116,307.36785778607367,8.830328996790229,High
51089,2023,Renter,1-person,2381,406,10.365750131805875,High
51089,2023,Renter,2-person,1156,226,11.884603653726822,High
51089,2023,Renter,3-person,876,241,16.7242647569083,Medium
51089,2023,Renter,4-or-more person,489,159.78422950967345,19.863654441440996,Medium
51091,2010,Owner,1-person,178,89,30.3951367781155,Low
51091,2010,Owner,2-person,509,92,10.98763294140128,High
51091,2010,Owner,3-person,108,58,32.64662839130924,Low
51091,2010,Owner,4-or-more person,71,184.32308591166762,157.81761711688654,Low
51091,2010,Renter,1-person,115,66,34.888330910532574,Low
51091,2010,Renter,2-person,38,35,55.99104143337066,Low
51091,2010,Renter,3-person,19,18,57.5907854743241,Low
51091,2010,Renter,4-or-more person,92,184.9080852748197,122.18057702842586,Low
51091,2023,Owner,1-person,261,95,22.126727922766072,Medium
51091,2023,Owner,2-person,396,79,12.127352552884469,High
51091,2023,Owner,3-person,85,35,25.03128911138924,Medium
51091,2023,Owner,4-or-more person,142,60.08327554319921,25.721681383278057,Medium
51091,2023,Renter,1-person,59,47,48.42615012106537,Low
51091,2023,Renter,2-person,43,31,43.82554605216654,Low
51091,2023,Renter,3-person,8,11,83.58662613981764,Low
51091,2023,Renter,4-or-more person,9,20.663978319771825,139.57432164655066,Low
51093,2010,Owner,1-person,1911,237,7.539139106659731,High
51093,2010,Owner,2-person,4481,268,3.6357494561637824,High
51093,2010,Owner,3-person,1885,284,9.15885288592552,High
51093,2010,Owner,4-or-more person,2718,276.27884464793897,6.179200347294945,High
51093,2010,Renter,1-person,1063,198,11.323117746127693,High
51093,2010,Renter,2-person,671,146,13.227093799120308,High
51093,2010,Renter,3-person,393,120,18.56191558968886,Medium
51093,2010,Renter,4-or-more person,431,135.41417946433822,19.099454786611783,Medium
51093,2023,Owner,1-person,2583,299,7.0368919060445485,High
51093,2023,Owner,2-person,5065,301,3.612610531179769,High
51093,2023,Owner,3-person,2324,332,8.684324793747287,High
51093,2023,Owner,4-or-more person,2573,344.13660078521144,8.130648310316541,High
51093,2023,Renter,1-person,1317,268,12.370382166340098,High
51093,2023,Renter,2-person,777,208,16.273329343238156,Medium
51093,2023,Renter,3-person,399,158,24.072338901966162,Medium
51093,2023,Renter,4-or-more person,388,125.37543619066695,19.643317173356774,Medium
51095,2010,Owner,1-person,3535,343,5.898462186644196,High
51095,2010,Owner,2-person,9464,428,2.7491797423992885,High
51095,2010,Owner,3-person,2792,333,7.250415864693741,High
51095,2010,Owner,4-or-more person,3981,405.4774962929509,6.19168247187745,High
51095,2010,Renter,1-person,1944,265,8.286739965226964,High
51095,2010,Renter,2-person,1852,299,9.814412415395827,High
51095,2010,Renter,3-person,1210,248,12.459494084252306,High
51095,2010,Renter,4-or-more person,1073,261.25083731923235,14.801034359208328,High
51095,2023,Owner,1-person,5165,530,6.237917712449648,High
51095,2023,Owner,2-person,11090,544,2.9819575125869853,High
51095,2023,Owner,3-person,3548,386,6.613597968631671,High
51095,2023,Owner,4-or-more person,4917,565.7287335817406,6.994265705319126,High
51095,2023,Renter,1-person,2616,452,10.503518213844194,High
51095,2023,Renter,2-person,2223,382,10.4461918571661,High
51095,2023,Renter,3-person,860,192,13.571782003251572,High
51095,2023,Renter,4-or-more person,932,225.91812676277218,14.735648848948705,High
51097,2010,Owner,1-person,604,152,15.298214537329658,Medium
51097,2010,Owner,2-person,793,163,12.495352572087834,High
51097,2010,Owner,3-person,396,128,19.64938135150901,Medium
51097,2010,Owner,4-or-more person,470,217.57297626313797,28.141107969105345,Medium
51097,2010,Renter,1-person,180,96,32.42147922998987,Low
51097,2010,Renter,2-person,203,88,26.352433856888318,Medium
51097,2010,Renter,3-person,66,54,49.737496546007186,Low
51097,2010,Renter,4-or-more person,103,151.2183851256189,89.2486116360958,Low
51097,2023,Owner,1-person,594,157,16.067462875973515,Medium
51097,2023,Owner,2-person,965,180,11.33911838354568,High
51097,2023,Owner,3-person,338,111,19.963669718170536,Medium
51097,2023,Owner,4-or-more person,281,91.46584061823299,19.787307730366578,Medium
51097,2023,Renter,1-person,125,74,35.98784194528876,Low
51097,2023,Renter,2-person,215,119,33.64670954972785,Low
51097,2023,Renter,3-person,144,74,31.239446133063154,Low
51097,2023,Renter,4-or-more person,152,88.16461875378354,35.260205868574445,Low
51099,2010,Owner,1-person,1234,209,10.295921534240096,High
51099,2010,Owner,2-person,2029,236,7.070726741878026,High
51099,2010,Owner,3-person,1180,199,10.251919014991499,High
51099,2010,Owner,4-or-more person,1818,248.9216744279212,8.323441519553576,High
51099,2010,Renter,1-person,615,207,20.461116465268,Medium
51099,2010,Renter,2-person,420,139,20.118685772181212,Medium
51099,2010,Renter,3-person,328,152,28.171102379716807,Medium
51099,2010,Renter,4-or-more person,570,171.48177745754796,18.28846344132117,Medium
51099,2023,Owner,1-person,1404,243,10.521393500116904,High
51099,2023,Owner,2-person,2796,286,6.218175335150954,High
51099,2023,Owner,3-person,1095,200,11.103246311640365,High
51099,2023,Owner,4-or-more person,2222,289.9224034116715,7.93180117618158,High
51099,2023,Renter,1-person,858,233,16.508314380654802,Medium
51099,2023,Renter,2-person,755,198,15.942349886269852,Medium
51099,2023,Renter,3-person,293,114,23.652188346110357,Medium
51099,2023,Renter,4-or-more person,454,132.45754036671525,17.735969412947426,Medium
51101,2010,Owner,1-person,904,181,12.171503886811738,High
51101,2010,Owner,2-person,2042,237,7.055482288357859,High
51101,2010,Owner,3-person,826,156,11.480971761225225,High
51101,2010,Owner,4-or-more person,1277,226.52372944131042,10.78342950643298,High
51101,2010,Renter,1-person,321,119,22.53595810963081,Medium
51101,2010,Renter,2-person,123,67,33.11340104282502,Low
51101,2010,Renter,3-person,236,108,27.819277729122664,Medium
51101,2010,Renter,4-or-more person,180,153.00326793895613,51.67283618336918,Low
51101,2023,Owner,1-person,1355,204,9.152188786325553,High
51101,2023,Owner,2-person,2383,266,6.78565369952054,High
51101,2023,Owner,3-person,1339,323,14.664121253668869,High
51101,2023,Owner,4-or-more person,1241,267.4378432458653,13.100418735056065,High
51101,2023,Renter,1-person,334,129,23.478878110041318,Medium
51101,2023,Renter,2-person,206,93,27.444152624900404,Medium
51101,2023,Renter,3-person,130,93,43.48842646714987,Low
51101,2023,Renter,4-or-more person,127,79.2464510246358,37.932389261008446,Low
51103,2010,Owner,1-person,1189,203,10.378827192527245,High
51103,2010,Owner,2-person,2039,188,5.6049884397113425,High
51103,2010,Owner,3-person,397,125,19.14051434390145,Medium
51103,2010,Owner,4-or-more person,555,125.8292493818508,13.78233241675301,High
51103,2010,Renter,1-person,414,126,18.501387604070306,Medium
51103,2010,Renter,2-person,290,87,18.237082066869302,Medium
51103,2010,Renter,3-person,189,93,29.91267428957399,Medium
51103,2010,Renter,4-or-more person,348,195.45587737389735,34.14315015440334,Low
51103,2023,Owner,1-person,1549,315,12.362127934288422,High
51103,2023,Owner,2-person,1977,236,7.256704380005321,High
51103,2023,Owner,3-person,512,175,20.777925531914892,Medium
51103,2023,Owner,4-or-more person,326,101.67103815738285,18.958927062372098,Medium
51103,2023,Renter,1-person,570,152,16.210739614994935,Medium
51103,2023,Renter,2-person,169,75,26.977932051581803,Medium
51103,2023,Renter,3-person,190,99,31.67493201087826,Low
51103,2023,Renter,4-or-more person,175,83.19855767980596,28.9009318905101,Medium
51105,2010,Owner,1-person,1825,294,9.793063246866803,High
51105,2010,Owner,2-person,2928,266,5.52261364957563,High
51105,2010,Owner,3-person,1275,212,10.107872936408606,High
51105,2010,Owner,4-or-more person,1235,229.0764064673619,11.275803574436676,High
51105,2010,Renter,1-person,933,192,12.509895522825673,High
51105,2010,Renter,2-person,686,162,14.355720577418982,High
51105,2010,Renter,3-person,486,173,21.639336060139843,Medium
51105,2010,Renter,4-or-more person,468,169.5464538113375,22.023024161709596,Medium
51105,2023,Owner,1-person,1742,334,11.655540394822706,High
51105,2023,Owner,2-person,2435,294,7.339770195290314,High
51105,2023,Owner,3-person,924,193,12.697535493888076,High
51105,2023,Owner,4-or-more person,1141,282.91694894438547,15.07326794042369,Medium
51105,2023,Renter,1-person,975,191,11.908658717169354,High
51105,2023,Renter,2-person,646,243,22.866929526569866,Medium
51105,2023,Renter,3-person,274,120,26.623477469882197,Medium
51105,2023,Renter,4-or-more person,309,115.49891774384729,22.722365065039156,Medium
51107,2010,Owner,1-person,12993,680,3.181512046350888,High
51107,2010,Owner,2-person,21343,736,2.096314545161693,High
51107,2010,Owner,3-person,14614,943,3.922624056625553,High
51107,2010,Owner,4-or-more person,28072,940.7321616698347,2.0371674783077007,High
51107,2010,Renter,1-person,7168,587,4.97822134172818,High
51107,2010,Renter,2-person,4801,444,5.621929068728717,High
51107,2010,Renter,3-person,2729,338,7.52917275998757,High
51107,2010,Renter,4-or-more person,3610,409.8707113224852,6.901981347363119,High
51107,2023,Owner,1-person,14345,883,3.741917849435481,High
51107,2023,Owner,2-person,30481,1094,2.181836529986441,High
51107,2023,Owner,3-person,22201,1205,3.2995036095337307,High
51107,2023,Owner,4-or-more person,42696,1599.9353111922994,2.277976982378992,High
51107,2023,Renter,1-person,9450,702,4.515848892748588,High
51107,2023,Renter,2-person,9183,726,4.806026200786639,High
51107,2023,Renter,3-person,5448,657,7.3309856326071525,High
51107,2023,Renter,4-or-more person,7019,705.141829705202,6.1071042489985015,High
51109,2010,Owner,1-person,2022,267,8.027202294517151,High
51109,2010,Owner,2-person,4439,362,4.957440645946299,High
51109,2010,Owner,3-person,1825,282,9.393346379647749,High
51109,2010,Owner,4-or-more person,2081,303.4386264139752,8.8640639631103,High
51109,2010,Renter,1-person,879,246,17.012977582289906,Medium
51109,2010,Renter,2-person,995,255,15.579416841044127,Medium
51109,2010,Renter,3-person,445,165,22.54021379051262,Medium
51109,2010,Renter,4-or-more person,567,170.3114793547399,18.25975559037218,Medium
51109,2023,Owner,1-person,2343,382,9.911175628886147,High
51109,2023,Owner,2-person,4907,350,4.335968156649858,High
51109,2023,Owner,3-person,1886,234,7.54237752500427,High
51109,2023,Owner,4-or-more person,3219,444.8213124390512,8.400375665365525,High
51109,2023,Renter,1-person,927,242,15.869737001734524,Medium
51109,2023,Renter,2-person,806,185,13.95310249119446,High
51109,2023,Renter,3-person,329,168,31.041841815947745,Low
51109,2023,Renter,4-or-more person,794,258.0174412709342,19.754346142492267,Medium
51111,2010,Owner,1-person,854,157,11.17572944769118,High
51111,2010,Owner,2-person,1454,144,6.0204947676047205,High
51111,2010,Owner,3-person,470,93,12.02871370367975,High
51111,2010,Owner,4-or-more person,583,124.31411826498227,12.962417249107933,High
51111,2010,Renter,1-person,507,149,17.865386114158618,Medium
51111,2010,Renter,2-person,232,84,22.010271460014675,Medium
51111,2010,Renter,3-person,138,69,30.3951367781155,Low
51111,2010,Renter,4-or-more person,277,163.41052597675585,35.861987639330614,Low
51111,2023,Owner,1-person,974,172,10.73503804073073,High
51111,2023,Owner,2-person,1290,156,7.3513819184279345,High
51111,2023,Owner,3-person,629,185,17.879492222420883,Medium
51111,2023,Owner,4-or-more person,465,139.59584521037866,18.24961208097247,Medium
51111,2023,Renter,1-person,541,142,15.956042227328657,Medium
51111,2023,Renter,2-person,407,169,25.242152901727366,Medium
51111,2023,Renter,3-person,117,60,31.174499259605643,Low
51111,2023,Renter,4-or-more person,246,112.52555265360841,27.80674442227208,Medium
51113,2010,Owner,1-person,760,182,14.557670772676373,High
51113,2010,Owner,2-person,1930,238,7.496417153566309,High
51113,2010,Owner,3-person,685,192,17.039025580724605,Medium
51113,2010,Owner,4-or-more person,846,229.92607507631664,16.521594564538766,Medium
51113,2010,Renter,1-person,142,70,29.967036260113872,Medium
51113,2010,Renter,2-person,356,147,25.101601721252685,Medium
51113,2010,Renter,3-person,172,84,29.688273132112812,Medium
51113,2010,Renter,4-or-more person,322,208.7558382417124,39.41094569308697,Low
51113,2023,Owner,1-person,898,182,12.320523148367531,High
51113,2023,Owner,2-person,1662,185,6.766667032432452,High
51113,2023,Owner,3-person,818,195,14.491568879541623,High
51113,2023,Owner,4-or-more person,912,223.14793299513218,14.874149002501746,High
51113,2023,Renter,1-person,406,141,21.111893033075297,Medium
51113,2023,Renter,2-person,322,124,23.409919009231814,Medium
51113,2023,Renter,3-person,105,66,38.21102909248806,Low
51113,2023,Renter,4-or-more person,269,123.70529495538985,27.955682976551643,Medium
51115,2010,Owner,1-person,743,197,16.118013311679015,Medium
51115,2010,Owner,2-person,1521,205,8.193297882332253,High
51115,2010,Owner,3-person,410,119,17.644006227296313,Medium
51115,2010,Owner,4-or-more person,457,237.23195400282822,31.556663851446693,Low
51115,2010,Renter,1-person,190,113,36.15421532554791,Low
51115,2010,Renter,2-person,254,115,27.52315535026207,Medium
51115,2010,Renter,3-person,127,68,32.54912284900558,Low
51115,2010,Renter,4-or-more person,71,191.78894650109532,164.2098946882104,Low
51115,2023,Owner,1-person,1039,276,16.148330607814973,Medium
51115,2023,Owner,2-person,1437,215,9.095274053298306,High
51115,2023,Owner,3-person,279,106,23.095946225664825,Medium
51115,2023,Owner,4-or-more person,470,182.3951753747889,23.591175758234353,Medium
51115,2023,Renter,1-person,176,129,44.556507322464775,Low
51115,2023,Renter,2-person,170,108,38.619703200429115,Low
51115,2023,Renter,3-person,72,55,46.437014522120904,Low
51115,2023,Renter,4-or-more person,124,115.77564510725043,56.75833175176509,Low
51117,2010,Owner,1-person,2986,353,7.186525976339432,High
51117,2010,Owner,2-person,4102,306,4.534818066359504,High
51117,2010,Owner,3-person,1349,230,10.36453885688149,High
51117,2010,Owner,4-or-more person,1026,171.802211860034,10.179243135026336,High
51117,2010,Renter,1-person,1020,229,13.648012396447943,High
51117,2010,Renter,2-person,940,194,12.546077733945546,High
51117,2010,Renter,3-person,400,113,17.173252279635257,Medium
51117,2010,Renter,4-or-more person,771,197.19787017105432,15.548265204156314,Medium
51117,2023,Owner,1-person,3239,383,7.188229321406754,High
51117,2023,Owner,2-person,3887,295,4.613617365342975,High
51117,2023,Owner,3-person,1226,211,10.462273833902726,High
51117,2023,Owner,4-or-more person,1283,255.15681452785068,12.089674633581092,High
51117,2023,Renter,1-person,1622,333,12.480370588301433,High
51117,2023,Renter,2-person,1065,231,13.185495954450104,High
51117,2023,Renter,3-person,341,127,22.64036581126492,Medium
51117,2023,Renter,4-or-more person,732,200.53179299053804,16.653528077344664,Medium
51119,2010,Owner,1-person,844,174,12.532591941687436,High
51119,2010,Owner,2-person,1896,218,6.989598963743859,High
51119,2010,Owner,3-person,422,110,15.845805903282962,Medium
51119,2010,Owner,4-or-more person,327,99.36297097007517,18.471872130369142,Medium
51119,2010,Renter,1-person,188,90,29.101726702451014,Medium
51119,2010,Renter,2-person,253,111,26.67083148119226,Medium
51119,2010,Renter,3-person,177,91,31.253756461113113,Low
51119,2010,Renter,4-or-more person,196,204.57516955877122,63.44990061372472,Low
51119,2023,Owner,1-person,1167,223,11.616307628997012,High
51119,2023,Owner,2-person,2011,240,7.254930707854521,High
51119,2023,Owner,3-person,505,131,15.769358090824278,Medium
51119,2023,Owner,4-or-more person,373,96.42095207992918,15.714359392737629,Medium
51119,2023,Renter,1-person,273,99,22.04482447643542,Medium
51119,2023,Renter,2-person,145,84,35.216434336023475,Low
51119,2023,Renter,3-person,120,76,38.50050658561297,Low
51119,2023,Renter,4-or-more person,139,75.44534445544006,32.995274302088326,Low
51121,2010,Owner,1-person,4125,376,5.54112554112554,High
51121,2010,Owner,2-person,8392,444,3.2162632815737093,High
51121,2010,Owner,3-person,2877,347,7.332021176229461,High
51121,2010,Owner,4-or-more person,3993,395.24422829435474,6.017281432390495,High
51121,2010,Renter,1-person,5266,466,5.3794659090777905,High
51121,2010,Renter,2-person,4788,561,7.122669896626064,High
51121,2010,Renter,3-person,2511,449,10.870104670150427,High
51121,2010,Renter,4-or-more person,2417,355.55590277760825,8.942631607109425,High
51121,2023,Owner,1-person,5001,621,7.548642247234443,High
51121,2023,Owner,2-person,8067,616,4.641974527164782,High
51121,2023,Owner,3-person,3197,433,8.23340270561402,High
51121,2023,Owner,4-or-more person,3840,479.17637671320983,7.585745578666568,High
51121,2023,Renter,1-person,6027,645,6.505678852458768,High
51121,2023,Renter,2-person,4908,612,7.580205260067924,High
51121,2023,Renter,3-person,2921,411,8.55350990469392,High
51121,2023,Renter,4-or-more person,2770,418.62393624827524,9.187098773183704,High
51125,2010,Owner,1-person,1201,226,11.439302101339056,High
51125,2010,Owner,2-person,2373,250,6.404369316922777,High
51125,2010,Owner,3-person,716,196,16.64091287293474,Medium
51125,2010,Owner,4-or-more person,796,191.49151417229956,14.62414765104394,High
51125,2010,Renter,1-person,459,183,24.236645012614975,Medium
51125,2010,Renter,2-person,457,166,22.081368512766623,Medium
51125,2010,Renter,3-person,237,133,34.114372923960865,Low
51125,2010,Renter,4-or-more person,295,151.87824070616568,31.29735525344715,Low
51125,2023,Owner,1-person,1492,316,12.875151771963134,High
51125,2023,Owner,2-person,2314,269,7.066803624298244,High
51125,2023,Owner,3-person,593,187,19.169951357529843,Medium
51125,2023,Owner,4-or-more person,725,198.51952045076072,16.645594419935918,Medium
51125,2023,Renter,1-person,580,214,22.429514725919713,Medium
51125,2023,Renter,2-person,385,153,24.15821260806063,Medium
51125,2023,Renter,3-person,187,117,38.03455618224079,Low
51125,2023,Renter,4-or-more person,194,131.00381673829202,41.050298229026424,Low
51127,2010,Owner,1-person,1059,164,9.41416889822652,High
51127,2010,Owner,2-person,2395,240,6.09171843569747,High
51127,2010,Owner,3-person,1022,207,12.312707070586907,High
51127,2010,Owner,4-or-more person,1389,225.31977276750482,9.861231550874317,High
51127,2010,Renter,1-person,84,66,47.763786365610066,Low
51127,2010,Renter,2-person,246,93,22.981688783453183,Medium
51127,2010,Renter,3-person,232,119,31.181217901687454,Low
51127,2010,Renter,4-or-more person,86,137.10579856446626,96.91510466138847,Low
51127,2023,Owner,1-person,1332,332,15.151930045547065,Medium
51127,2023,Owner,2-person,3201,297,5.640334659856485,High
51127,2023,Owner,3-person,1741,362,12.639907540123849,High
51127,2023,Owner,4-or-more person,2047,372.60032206105245,11.065205425125136,High
51127,2023,Renter,1-person,114,75,39.993601023836185,Low
51127,2023,Renter,2-person,259,143,33.5637417704287,Low
51127,2023,Renter,3-person,73,53,44.13540408877045,Low
51127,2023,Renter,4-or-more person,267,139.76408694654003,31.821337373846532,Low
51131,2010,Owner,1-person,1043,208,12.123084275835136,High
51131,2010,Owner,2-person,1596,147,5.599104143337065,High
51131,2010,Owner,3-person,585,150,15.587249629802821,Medium
51131,2010,Owner,4-or-more person,393,101.5381701627521,15.706191197437233,Medium
51131,2010,Renter,1-person,612,151,14.998907364364186,High
51131,2010,Renter,2-person,330,111,20.447637468914063,Medium
51131,2010,Renter,3-person,228,92,24.529408627952858,Medium
51131,2010,Renter,4-or-more person,301,182.40339909113536,36.83838049281228,Low
51131,2023,Owner,1-person,1002,174,10.556394809165862,High
51131,2023,Owner,2-person,1593,176,6.716313964781328,High
51131,2023,Owner,3-person,426,144,20.54882486407808,Medium
51131,2023,Owner,4-or-more person,460,128.7866452703851,17.01951173125216,Medium
51131,2023,Renter,1-person,727,172,14.382293055944611,High
51131,2023,Renter,2-person,634,194,18.60144017335775,Medium
51131,2023,Renter,3-person,255,121,28.845580785505692,Medium
51131,2023,Renter,4-or-more person,241,101.24228365658294,25.537535763241543,Medium
51133,2010,Owner,1-person,1222,245,12.187902636069225,High
51133,2010,Owner,2-person,2222,213,5.827330453410083,High
51133,2010,Owner,3-person,605,138,13.86621115828079,High
51133,2010,Owner,4-or-more person,570,164.2498097411379,17.517176957408193,Medium
51133,2010,Renter,1-person,168,88,31.84252424374005,Low
51133,2010,Renter,2-person,360,169,28.537656197230664,Medium
51133,2010,Renter,3-person,117,91,47.28132387706856,Low
51133,2010,Renter,4-or-more person,214,163.37380450978057,46.40905732743816,Low
51133,2023,Owner,1-person,1458,329,13.717421124828533,High
51133,2023,Owner,2-person,2556,306,7.277708806027655,High
51133,2023,Owner,3-person,446,164,22.353374132784495,Medium
51133,2023,Owner,4-or-more person,394,141.24446891825534,21.79261396915053,Medium
51133,2023,Renter,1-person,295,133,27.40714028128381,Medium
51133,2023,Renter,2-person,167,94,34.217279726261765,Low
51133,2023,Renter,3-person,62,54,52.94636729091088,Low
51133,2023,Renter,4-or-more person,58,49.64876634922564,52.03727738101419,Low
51135,2010,Owner,1-person,853,180,12.82795924984945,High
51135,2010,Owner,2-person,1313,202,9.352349777881692,High
51135,2010,Owner,3-person,586,150,15.560650227704182,Medium
51135,2010,Owner,4-or-more person,856,204.23760672314978,14.5042756812736,High
51135,2010,Renter,1-person,646,181,17.032568906621997,Medium
51135,2010,Renter,2-person,446,164,22.353374132784495,Medium
51135,2010,Renter,3-person,488,179,22.298071652797848,Medium
51135,2010,Renter,4-or-more person,419,177.7273192280804,25.785423279929837,Medium
51135,2023,Owner,1-person,1078,244,13.759579543339855,High
51135,2023,Owner,2-person,1520,209,8.358662613981762,High
51135,2023,Owner,3-person,498,137,16.723428669083628,Medium
51135,2023,Owner,4-or-more person,707,171.90986010115884,14.781396637288328,High
51135,2023,Renter,1-person,776,221,17.312693886503936,Medium
51135,2023,Renter,2-person,393,147,22.738346597368846,Medium
51135,2023,Renter,3-person,143,98,41.660467192382086,Low
51135,2023,Renter,4-or-more person,377,166.0210829985156,26.770469632842165,Medium
51137,2010,Owner,1-person,2057,293,8.658993753998875,High
51137,2010,Owner,2-person,4069,340,5.079550997571527,High
51137,2010,Owner,3-person,1790,253,8.592144809903042,High
51137,2010,Owner,4-or-more person,2021,252.23600060261026,7.587083363365823,High
51137,2010,Renter,1-person,879,143,9.889657700274213,High
51137,2010,Renter,2-person,883,223,15.352469992117229,Medium
51137,2010,Renter,3-person,356,145,24.760083330487348,Medium
51137,2010,Renter,4-or-more person,614,203.33715843396652,20.131793950077377,Medium
51137,2023,Owner,1-person,2318,403,10.568800795151464,High
51137,2023,Owner,2-person,4504,390,5.2638114313787945,High
51137,2023,Owner,3-person,1817,316,10.572221488040174,High
51137,2023,Owner,4-or-more person,2772,441.0918271743425,9.67319366426625,High
51137,2023,Renter,1-person,1202,292,14.767687086871426,High
51137,2023,Renter,2-person,996,217,13.244467230624627,High
51137,2023,Renter,3-person,337,132,23.811027030927274,Medium
51137,2023,Renter,4-or-more person,721,290.95360454890397,24.531413609846506,Medium
51139,2010,Owner,1-person,1750,244,8.475900998697352,High
51139,2010,Owner,2-person,2939,273,5.646731773001383,High
51139,2010,Owner,3-person,1167,230,11.980945088203198,High
51139,2010,Owner,4-or-more person,1426,242.97942299709248,10.358194665167193,High
51139,2010,Renter,1-person,930,196,12.811713566689544,High
51139,2010,Renter,2-person,583,167,17.41333736516394,Medium
51139,2010,Renter,3-person,456,137,18.263744467551856,Medium
51139,2010,Renter,4-or-more person,378,118.89911690168266,19.121454608591478,Medium
51139,2023,Owner,1-person,1823,275,9.170227771784708,High
51139,2023,Owner,2-person,3043,259,5.1740653470469375,High
51139,2023,Owner,3-person,935,189,12.288087381954718,High
51139,2023,Owner,4-or-more person,1125,204.71687766278578,11.062039995287309,High
51139,2023,Renter,1-person,1125,254,13.725092874029043,High
51139,2023,Renter,2-person,641,174,16.501571916980023,Medium
51139,2023,Renter,3-person,260,111,25.952770633621697,Medium
51139,2023,Renter,4-or-more person,557,178.30311270418136,19.459775578482358,Medium
51141,2010,Owner,1-person,1488,217,8.865248226950355,High
51141,2010,Owner,2-person,2703,251,5.644971758273763,High
51141,2010,Owner,3-person,965,190,11.969069404853773,High
51141,2010,Owner,4-or-more person,817,211.4308397561718,15.731870975521817,Medium
51141,2010,Renter,1-person,622,174,17.00563922634115,Medium
51141,2010,Renter,2-person,350,140,24.316109422492403,Medium
51141,2010,Renter,3-person,178,97,33.12728390423824,Low
51141,2010,Renter,4-or-more person,221,154.69647701224486,42.552222424251426,Low
51141,2023,Owner,1-person,1711,244,8.669098040748313,High
51141,2023,Owner,2-person,2435,245,6.116475162741928,High
51141,2023,Owner,3-person,933,228,14.855500933355486,High
51141,2023,Owner,4-or-more person,939,196.4866407672542,12.720422409357054,High
51141,2023,Renter,1-person,698,192,16.721679832086465,Medium
51141,2023,Renter,2-person,640,180,17.09726443768997,Medium
51141,2023,Renter,3-person,197,102,31.475167018962246,Low
51141,2023,Renter,4-or-more person,244,149.91330828182,37.3494713941452,Low
51143,2010,Owner,1-person,5185,430,5.0414305938629385,High
51143,2010,Owner,2-person,8468,404,2.900244510712958,High
51143,2010,Owner,3-person,3539,334,5.737200160435478,High
51143,2010,Owner,4-or-more person,3902,376.38544073861306,5.863806741435894,High
51143,2010,Renter,1-person,2007,349,10.57090456956882,High
51143,2010,Renter,2-person,1712,275,9.764792773343181,High
51143,2010,Renter,3-person,919,200,13.229656921921872,High
51143,2010,Renter,4-or-more person,831,219.54953882893946,16.060741906805763,Medium
51143,2023,Owner,1-person,5482,477,5.28948567791357,High
51143,2023,Owner,2-person,8248,491,3.6188196309541008,High
51143,2023,Owner,3-person,2616,342,7.947352276846714,High
51143,2023,Owner,4-or-more person,3051,366.6633333181817,7.305658582580064,High
51143,2023,Renter,1-person,1862,339,11.067616936392218,High
51143,2023,Renter,2-person,1363,286,12.75569936689807,High
51143,2023,Renter,3-person,931,199,12.99383935305045,High
51143,2023,Renter,4-or-more person,1080,228.70723643995177,12.873310618031732,High
51145,2010,Owner,1-person,1327,235,10.765421466250404,High
51145,2010,Owner,2-person,3279,281,5.209535489265297,High
51145,2010,Owner,3-person,1465,308,12.780480720354367,High
51145,2010,Owner,4-or-more person,1672,352.76904626114805,12.825913172479606,High
51145,2010,Renter,1-person,153,98,38.93756083993881,Low
51145,2010,Renter,2-person,214,100,28.406669886089254,Medium
51145,2010,Renter,3-person,112,121,65.67520625271385,Low
51145,2010,Renter,4-or-more person,415,177.89603705535433,26.058671704010592,Medium
51145,2023,Owner,1-person,1588,352,13.474922098106621,High
51145,2023,Owner,2-person,4552,475,6.343449020037287,High
51145,2023,Owner,3-person,1901,308,9.849239482019541,High
51145,2023,Owner,4-or-more person,2346,338.87608354677377,8.781061304549263,High
51145,2023,Renter,1-person,250,144,35.015197568389056,Low
51145,2023,Renter,2-person,278,161,35.20587785091076,Low
51145,2023,Renter,3-person,128,92,43.693009118541035,Low
51145,2023,Renter,4-or-more person,108,74.41773982055622,41.887729269704046,Low
51147,2010,Owner,1-person,1311,255,11.824195085308089,High
51147,2010,Owner,2-person,1969,219,6.761335657092224,High
51147,2010,Owner,3-person,595,156,15.9382902097009,Medium
51147,2010,Owner,4-or-more person,763,183.86408023319834,14.648948538061509,High
51147,2010,Renter,1-person,974,273,17.038752239066802,Medium
51147,2010,Renter,2-person,703,244,21.099326810413036,Medium
51147,2010,Renter,3-person,574,178,18.851339186427037,Medium
51147,2010,Renter,4-or-more person,425,143.88189601197226,20.580281925545826,Medium
51147,2023,Owner,1-person,985,210,12.960362890160926,High
51147,2023,Owner,2-person,1789,224,7.611526705755027,High
51147,2023,Owner,3-person,673,159,14.36204085503823,High
51147,2023,Owner,4-or-more person,1085,254.46807265352564,14.257312210078055,High
51147,2023,Renter,1-person,1313,296,13.704433337886046,High
51147,2023,Renter,2-person,793,202,15.485038156820508,Medium
51147,2023,Renter,3-person,626,234,22.723520786194975,Medium
51147,2023,Renter,4-or-more person,296,108.87148386974432,22.359213807143743,Medium
51149,2010,Owner,1-person,1661,290,10.613593817764595,High
51149,2010,Owner,2-person,3147,269,5.196245181641608,High
51149,2010,Owner,3-person,1439,252,10.645690713113423,High
51149,2010,Owner,4-or-more person,1646,285.96153587501936,10.561166459539727,High
51149,2010,Renter,1-person,316,144,27.701896810434377,Medium
51149,2010,Renter,2-person,646,200,18.820518128864087,Medium
51149,2010,Renter,3-person,526,159,18.375767101598345,Medium
51149,2010,Renter,4-or-more person,1093,240.0874840552918,13.353141658873227,High
51149,2023,Owner,1-person,1645,297,10.975508356352954,High
51149,2023,Owner,2-person,3901,406,6.326801093009429,High
51149,2023,Owner,3-person,1963,365,11.303336652075556,High
51149,2023,Owner,4-or-more person,1893,369.0772276908994,11.852248090177037,High
51149,2023,Renter,1-person,550,194,21.442387399834207,Medium
51149,2023,Renter,2-person,586,204,21.162484309677687,Medium
51149,2023,Renter,3-person,656,242,22.425680183853512,Medium
51149,2023,Renter,4-or-more person,1524,310.9581965473816,12.40369674059552,High
51153,2010,Owner,1-person,13872,663,2.9054174861433935,High
51153,2010,Owner,2-person,28779,892,1.88418374551437,High
51153,2010,Owner,3-person,17241,942,3.321410457048292,High
51153,2010,Owner,4-or-more person,33480,1263.8789498998708,2.2948490772513477,High
51153,2010,Renter,1-person,8107,728,5.458902078319499,High
51153,2010,Renter,2-person,7433,660,5.397764098898488,High
51153,2010,Renter,3-person,6245,643,6.259110631970621,High
51153,2010,Renter,4-or-more person,9722,740.4417600324822,4.62987627492612,High
51153,2023,Owner,1-person,18719,1026,3.3319525972911483,High
51153,2023,Owner,2-person,32887,1136,2.099849507704516,High
51153,2023,Owner,3-person,20416,1102,3.2812931749101963,High
51153,2023,Owner,4-or-more person,42979,1465.5364205641565,2.0728811724962113,High
51153,2023,Renter,1-person,10970,954,5.286592613732395,High
51153,2023,Renter,2-person,9084,786,5.259924594363449,High
51153,2023,Renter,3-person,6793,887,7.937725989161917,High
51153,2023,Renter,4-or-more person,12761,1136.254372928879,5.412837094256742,High
51155,2010,Owner,1-person,2796,322,7.00088271999513,High
51155,2010,Owner,2-person,4380,343,4.760516856115807,High
51155,2010,Owner,3-person,2046,274,8.141023926885286,High
51155,2010,Owner,4-or-more person,1670,264.7753764986465,9.63818417263879,High
51155,2010,Renter,1-person,1422,259,11.072208756022386,High
51155,2010,Renter,2-person,1470,303,12.530240059549655,High
51155,2010,Renter,3-person,615,174,17.199199347616574,Medium
51155,2010,Renter,4-or-more person,499,172.06684747504383,20.961905266465312,Medium
51155,2023,Owner,1-person,3072,334,6.609359169199595,High
51155,2023,Owner,2-person,4173,349,5.084065533459051,High
51155,2023,Owner,3-person,1382,275,12.096472668569845,High
51155,2023,Owner,4-or-more person,1753,292.46880175499064,10.142189655076425,High
51155,2023,Renter,1-person,1710,354,12.584653122167119,High
51155,2023,Renter,2-person,1132,269,14.445745217867614,High
51155,2023,Renter,3-person,661,165,15.1745766063209,Medium
51155,2023,Renter,4-or-more person,503,163.92681293796937,19.811442945726174,Medium
51157,2010,Owner,1-person,533,137,15.625267311826729,Medium
51157,2010,Owner,2-person,909,137,9.162010425966608,High
51157,2010,Owner,3-person,350,121,21.016066000868435,Medium
51157,2010,Owner,4-or-more person,502,132.37446883746125,16.03004018424312,Medium
51157,2010,Renter,1-person,214,97,27.554469789506577,Medium
51157,2010,Renter,2-person,327,146,27.141834676482347,Medium
51157,2010,Renter,3-person,228,126,33.5946248600224,Low
51157,2010,Renter,4-or-more person,100,187.90423092628862,114.22749600382286,Low
51157,2023,Owner,1-person,476,153,19.539730785931393,Medium
51157,2023,Owner,2-person,1234,172,8.473198583202377,High
51157,2023,Owner,3-person,225,88,23.775751435325905,Medium
51157,2023,Owner,4-or-more person,293,138.60735911198944,28.757608455032717,Medium
51157,2023,Renter,1-person,237,100,25.649904454105908,Medium
51157,2023,Renter,2-person,120,79,40.020263424518745,Low
51157,2023,Renter,3-person,106,65,37.277054539198254,Low
51157,2023,Renter,4-or-more person,170,90.96153033013462,32.52691948154286,Low
51159,2010,Owner,1-person,694,155,13.577078387919029,High
51159,2010,Owner,2-person,1022,136,8.089508027052267,High
51159,2010,Owner,3-person,289,92,19.351920993679073,Medium
51159,2010,Owner,4-or-more person,397,210.05951537600004,32.16517733701853,Low
51159,2010,Renter,1-person,270,87,19.587977034785546,Medium
51159,2010,Renter,2-person,94,64,41.38912242126366,Low
51159,2010,Renter,3-person,143,95,40.38514676812549,Low
51159,2010,Renter,4-or-more person,98,52.172789842982326,32.36324659945557,Low
51159,2023,Owner,1-person,544,138,15.42106204183801,Medium
51159,2023,Owner,2-person,948,238,15.261693150193015,Medium
51159,2023,Owner,3-person,305,106,21.12711146544422,Medium
51159,2023,Owner,4-or-more person,270,100.5236290630218,22.632810776319218,Medium
51159,2023,Renter,1-person,249,105,25.634452704434764,Medium
51159,2023,Renter,2-person,338,140,25.179403248143018,Medium
51159,2023,Renter,3-person,119,100,51.08426349263109,Low
51159,2023,Renter,4-or-more person,158,90.80748867797193,34.93805112460926,Low
51161,2010,Owner,1-person,6913,508,4.46715737980115,High
51161,2010,Owner,2-person,11500,432,2.283599841416678,High
51161,2010,Owner,3-person,4792,440,5.5817446504051835,High
51161,2010,Owner,4-or-more person,6196,474.2288477096264,4.652760067870303,High
51161,2010,Renter,1-person,3895,363,5.665434993815623,High
51161,2010,Renter,2-person,2086,318,9.267165383931667,High
51161,2010,Renter,3-person,1194,274,13.95019677923559,High
51161,2010,Renter,4-or-more person,1257,291.84413648384304,14.113989572501856,High
51161,2023,Owner,1-person,7862,583,4.507851625958112,High
51161,2023,Owner,2-person,11312,703,3.777896243814568,High
51161,2023,Owner,3-person,4885,472,5.873696851287827,High
51161,2023,Owner,4-or-more person,5860,524.950473854439,5.445713807010996,High
51161,2023,Renter,1-person,4258,554,7.909302853488017,High
51161,2023,Renter,2-person,2140,389,11.05019458568872,High
51161,2023,Renter,3-person,1250,288,14.006079027355621,High
51161,2023,Renter,4-or-more person,1664,380.1131410514506,13.886527540165808,High
51163,2010,Owner,1-person,1610,216,8.155713719345279,High
51163,2010,Owner,2-person,3210,278,5.264702818888542,High
51163,2010,Owner,3-person,1177,225,11.620910407945603,High
51163,2010,Owner,4-or-more person,1163,236.9409209064572,12.384955630755654,High
51163,2010,Renter,1-person,817,213,15.848627010376012,Medium
51163,2010,Renter,2-person,563,140,15.116586674728847,Medium
51163,2010,Renter,3-person,421,160,23.103191850349074,Medium
51163,2010,Renter,4-or-more person,411,190.87954316793616,28.232651205516408,Medium
51163,2023,Owner,1-person,1905,307,9.796647759455599,High
51163,2023,Owner,2-person,3442,346,6.110817736913401,High
51163,2023,Owner,3-person,1228,291,14.405512707543341,High
51163,2023,Owner,4-or-more person,917,226.66715686221505,15.026345116539996,Medium
51163,2023,Renter,1-person,834,246,17.93094399860051,Medium
51163,2023,Renter,2-person,636,192,18.35178069622068,Medium
51163,2023,Renter,3-person,283,151,32.43579967134587,Low
51163,2023,Renter,4-or-more person,307,114.70832576583096,22.713845284958065,Medium
51165,2010,Owner,1-person,4411,353,4.864875666594773,High
51165,2010,Owner,2-person,8761,359,2.491006529698314,High
51165,2010,Owner,3-person,3654,335,5.573273574531305,High
51165,2010,Owner,4-or-more person,5374,426.2534457338732,4.8217461054053254,High
51165,2010,Renter,1-person,2509,307,7.438267828522485,High
51165,2010,Renter,2-person,2092,289,8.397891519001318,High
51165,2010,Renter,3-person,1107,247,13.563864108752538,High
51165,2010,Renter,4-or-more person,1793,324.8307251477298,11.013133653764296,High
51165,2023,Owner,1-person,5328,551,6.286681818596712,High
51165,2023,Owner,2-person,9608,573,3.625398287647832,High
51165,2023,Owner,3-person,3717,408,6.672701536438592,High
51165,2023,Owner,4-or-more person,5440,436.77568613648816,4.880829677012428,High
51165,2023,Renter,1-person,2713,354,7.932088772173157,High
51165,2023,Renter,2-person,1954,278,8.648769728061524,High
51165,2023,Renter,3-person,1514,302,12.125933034334057,High
51165,2023,Renter,4-or-more person,1774,301.2938764727886,10.324541810370965,High
51167,2010,Owner,1-person,2129,302,8.623138851095238,High
51167,2010,Owner,2-person,3315,288,5.281326933392014,High
51167,2010,Owner,3-person,1919,294,9.313361347332942,High
51167,2010,Owner,4-or-more person,1518,291.8132964756747,11.686040922333206,High
51167,2010,Renter,1-person,935,212,13.783463095102643,High
51167,2010,Renter,2-person,848,270,19.355393703045248,Medium
51167,2010,Renter,3-person,498,165,20.1413556963416,Medium
51167,2010,Renter,4-or-more person,367,248.92368308379176,41.23198580187534,Low
51167,2023,Owner,1-person,2187,358,9.951037006461226,High
51167,2023,Owner,2-person,3648,351,5.849064149736042,High
51167,2023,Owner,3-person,965,213,13.417956753862386,High
51167,2023,Owner,4-or-more person,1136,196.91368667515218,10.537356408405335,High
51167,2023,Renter,1-person,955,255,16.2319578605643,Medium
51167,2023,Renter,2-person,788,225,17.35762887075124,Medium
51167,2023,Renter,3-person,374,140,22.755717373990215,Medium
51167,2023,Renter,4-or-more person,417,153.2514273995515,22.340998068349187,Medium
51169,2010,Owner,1-person,1760,270,9.325780602376346,High
51169,2010,Owner,2-person,2980,307,6.262622141531179,High
51169,2010,Owner,3-person,1339,280,12.711931736926573,High
51169,2010,Owner,4-or-more person,1324,292.7439153936423,13.441074545847172,High
51169,2010,Renter,1-person,926,181,11.88233208820498,High
51169,2010,Renter,2-person,601,195,19.723965629725534,Medium
51169,2010,Renter,3-person,351,116,20.0902328561903,Medium
51169,2010,Renter,4-or-more person,329,99.9499874937461,18.468045840992986,Medium
51169,2023,Owner,1-person,2280,304,8.105369807497468,High
51169,2023,Owner,2-person,2770,254,5.574270571582193,High
51169,2023,Owner,3-person,840,185,13.388334057027068,High
51169,2023,Owner,4-or-more person,1121,194.57132368363023,10.551332732315654,High
51169,2023,Renter,1-person,845,181,13.021348536896818,High
51169,2023,Renter,2-person,590,163,16.79460099943331,Medium
51169,2023,Renter,3-person,161,64,24.16507768694897,Medium
51169,2023,Renter,4-or-more person,344,104.68046618161385,18.49870399759911,Medium
51171,2010,Owner,1-person,2699,322,7.252489101558497,High
51171,2010,Owner,2-person,4863,334,4.175190493066246,High
51171,2010,Owner,3-person,1839,279,9.222667929411882,High
51171,2010,Owner,4-or-more person,2638,309.04692200376303,7.121700883366164,High
51171,2010,Renter,1-person,1993,330,10.06562482366093,High
51171,2010,Renter,2-person,1454,285,11.915562560884343,High
51171,2010,Renter,3-person,842,229,16.533221667906055,Medium
51171,2010,Renter,4-or-more person,988,243.54876308452071,14.985218554847881,High
51171,2023,Owner,1-person,3546,380,6.514468119393058,High
51171,2023,Owner,2-person,4926,370,4.5660579000823125,High
51171,2023,Owner,3-person,1846,303,9.978035150345608,High
51171,2023,Owner,4-or-more person,2559,348.099123813893,8.269261805912812,High
51171,2023,Renter,1-person,1719,309,10.927396468223026,High
51171,2023,Renter,2-person,1806,347,11.680080245853908,High
51171,2023,Renter,3-person,472,130,16.743083818453457,Medium
51171,2023,Renter,4-or-more person,908,237.70990723989607,15.914592828347555,Medium
51173,2010,Owner,1-person,2351,259,6.697014398580957,High
51173,2010,Owner,2-person,4033,321,4.838501812930859,High
51173,2010,Owner,3-person,1782,236,8.050788192632165,High
51173,2010,Owner,4-or-more person,1308,226.45087767549057,10.524473089404953,High
51173,2010,Renter,1-person,1392,242,10.568423994689585,High
51173,2010,Renter,2-person,1036,230,13.495910152445106,High
51173,2010,Renter,3-person,573,164,17.39896136687938,Medium
51173,2010,Renter,4-or-more person,517,201.88610650562362,23.738320390095254,Medium
51173,2023,Owner,1-person,2352,274,7.081860099662965,High
51173,2023,Owner,2-person,3903,300,4.672580596174559,High
51173,2023,Owner,3-person,1255,190,9.20330834715848,High
51173,2023,Owner,4-or-more person,1370,206.49697334343668,9.16277919567975,High
51173,2023,Renter,1-person,1578,254,9.784999672549223,High
51173,2023,Renter,2-person,963,182,11.488919820596099,High
51173,2023,Renter,3-person,527,145,16.725976595167925,Medium
51173,2023,Renter,4-or-more person,582,153.8635759366069,16.07114926379082,Medium
51175,2010,Owner,1-person,1109,180,9.866771181353995,High
51175,2010,Owner,2-person,1884,173,5.582121722520151,High
51175,2010,Owner,3-person,820,176,13.04766847060568,High
51175,2010,Owner,4-or-more person,1191,209.65209276322523,10.70093037003592,High
51175,2010,Renter,1-person,603,139,14.013014965698359,High
51175,2010,Renter,2-person,406,111,16.62000089837843,Medium
51175,2010,Renter,3-person,166,97,35.522027319002454,Low
51175,2010,Renter,4-or-more person,392,168.84904500766356,26.18464192786793,Medium
51175,2023,Owner,1-person,1179,185,9.53876217803455,High
51175,2023,Owner,2-person,2329,224,5.8467244639741285,High
51175,2023,Owner,3-person,778,185,14.455270704245162,High
51175,2023,Owner,4-or-more person,866,177.9213309302738,12.489476187921532,High
51175,2023,Renter,1-person,644,180,16.991070248635996,Medium
51175,2023,Renter,2-person,693,216,18.94761773181226,Medium
51175,2023,Renter,3-person,173,71,24.948609378568793,Medium
51175,2023,Renter,4-or-more person,225,92.7739187487518,25.065563998311863,Medium
51177,2010,Owner,1-person,5118,425,5.048039519616681,High
51177,2010,Owner,2-person,10788,651,3.668378576669112,High
51177,2010,Owner,3-person,6134,533,5.2822327690693065,High
51177,2010,Owner,4-or-more person,10719,647.939040342531,3.6746330357481343,High
51177,2010,Renter,1-person,2008,311,9.415226631468048,High
51177,2010,Renter,2-person,2361,322,8.290753106779492,High
51177,2010,Renter,3-person,1422,289,12.35470397872768,High
51177,2010,Renter,4-or-more person,2459,377.03845957673866,9.320972386697798,High
51177,2023,Owner,1-person,7049,682,5.88153873816847,High
51177,2023,Owner,2-person,14525,693,2.9003552202731897,High
51177,2023,Owner,3-person,7124,556,4.744440215786698,High
51177,2023,Owner,4-or-more person,12152,816.0802656601861,4.08243438062248,High
51177,2023,Renter,1-person,3204,421,7.987735695122739,High
51177,2023,Renter,2-person,2880,399,8.421985815602836,High
51177,2023,Renter,3-person,2012,456,13.777517267217366,High
51177,2023,Renter,4-or-more person,2343,434.75625354904327,11.279962263563153,High
51179,2010,Owner,1-person,4117,319,4.710249517716222,High
51179,2010,Owner,2-person,9803,428,2.654109668679676,High
51179,2010,Owner,3-person,6409,433,4.107066383187396,High
51179,2010,Owner,4-or-more person,11173,616.2069457576732,3.352670616652516,High
51179,2010,Renter,1-person,2028,282,8.4530853761623,High
51179,2010,Renter,2-person,2494,332,8.092370016306614,High
51179,2010,Renter,3-person,1546,308,12.11086950538108,High
51179,2010,Renter,4-or-more person,2613,335.7960690657352,7.812145004827051,High
51179,2023,Owner,1-person,6440,588,5.550416281221091,High
51179,2023,Owner,2-person,12688,699,3.3490227944361184,High
51179,2023,Owner,3-person,7637,604,4.807820509095656,High
51179,2023,Owner,4-or-more person,14707,897.5215874841117,3.7098376844891456,High
51179,2023,Renter,1-person,2641,448,10.312019141685532,High
51179,2023,Renter,2-person,2412,374,9.426020858221557,High
51179,2023,Renter,3-person,1681,368,13.308043229442598,High
51179,2023,Renter,4-or-more person,3103,564.0540754218517,11.050274426490919,High
51181,2010,Owner,1-person,514,109,12.8913226023914,High
51181,2010,Owner,2-person,685,109,9.673196814057196,High
51181,2010,Owner,3-person,274,98,21.74250660040379,Medium
51181,2010,Owner,4-or-more person,367,94.47751055145346,15.649356161674541,Medium
51181,2010,Renter,1-person,218,80,22.30835726834165,Medium
51181,2010,Renter,2-person,132,73,33.61886340609745,Low
51181,2010,Renter,3-person,129,79,37.22815202280814,Low
51181,2010,Renter,4-or-more person,162,69.74955196988724,26.17342188070368,Medium
51181,2023,Owner,1-person,534,133,15.140648657263528,Medium
51181,2023,Owner,2-person,949,138,8.839892255805983,High
51181,2023,Owner,3-person,379,106,17.002029015726876,Medium
51181,2023,Owner,4-or-more person,348,121.35073135337916,21.198115388564993,Medium
51181,2023,Renter,1-person,238,111,28.35176623841026,Medium
51181,2023,Renter,2-person,145,64,26.831569017922646,Medium
51181,2023,Renter,3-person,93,60,39.219531326600645,Low
51181,2023,Renter,4-or-more person,69,53.3572862878164,47.00875405296366,Low
51183,2010,Owner,1-person,792,158,12.127352552884469,High
51183,2010,Owner,2-person,893,153,10.415354819824572,High
51183,2010,Owner,3-person,407,100,14.936185148951106,High
51183,2010,Owner,4-or-more person,452,114.39405578962571,15.385057399686058,Medium
51183,2010,Renter,1-person,512,151,17.928381458966566,Medium
51183,2010,Renter,2-person,318,104,19.88109575423907,Medium
51183,2010,Renter,3-person,208,92,26.888005611409866,Medium
51183,2010,Renter,4-or-more person,214,101.68579055108928,28.88554684290807,Medium
51183,2023,Owner,1-person,773,148,11.63901744672987,High
51183,2023,Owner,2-person,1290,194,9.142103154968073,High
51183,2023,Owner,3-person,253,91,21.865276259355817,Medium
51183,2023,Owner,4-or-more person,251,93.04837451562494,22.535602154452086,Medium
51183,2023,Renter,1-person,428,129,18.32230207652757,Medium
51183,2023,Renter,2-person,108,61,34.335247101204544,Low
51183,2023,Renter,3-person,226,117,31.47107082335853,Low
51183,2023,Renter,4-or-more person,376,150.7680337472105,24.375611742095728,Medium
51185,2010,Owner,1-person,2719,314,7.020281683213144,High
51185,2010,Owner,2-person,5980,423,4.300047778308648,High
51185,2010,Owner,3-person,2150,271,7.662401922669118,High
51185,2010,Owner,4-or-more person,2366,276.2697956708261,7.09827407191613,High
51185,2010,Renter,1-person,1754,323,11.194560067652572,High
51185,2010,Renter,2-person,1383,259,11.384440239380933,High
51185,2010,Renter,3-person,874,214,14.88457498974077,High
51185,2010,Renter,4-or-more person,789,191.68463683874094,14.76877250944722,High
51185,2023,Owner,1-person,3497,471,8.187651943089733,High
51185,2023,Owner,2-person,4359,387,5.397071774778939,High
51185,2023,Owner,3-person,1745,276,9.614965903449717,High
51185,2023,Owner,4-or-more person,2051,270.4477768442551,8.015891924445043,High
51185,2023,Renter,1-person,1566,301,11.68446509605717,High
51185,2023,Renter,2-person,1212,299,14.996940423525635,High
51185,2023,Renter,3-person,935,273,17.74945955171237,Medium
51185,2023,Renter,4-or-more person,586,155.3673067282818,16.117442112128156,Medium
51187,2010,Owner,1-person,2474,358,8.79665235777312,High
51187,2010,Owner,2-person,3959,309,4.744681618811665,High
51187,2010,Owner,3-person,1797,271,9.167592728847303,High
51187,2010,Owner,4-or-more person,2361,285.4365078261714,7.349327993938259,High
51187,2010,Renter,1-person,1035,206,12.099320147423756,High
51187,2010,Renter,2-person,1270,271,12.971782782471342,High
51187,2010,Renter,3-person,643,196,18.530161146222827,Medium
51187,2010,Renter,4-or-more person,621,197.57783276471073,19.341079714032247,Medium
51187,2023,Owner,1-person,2083,290,8.463360216662021,High
51187,2023,Owner,2-person,4659,362,4.723348149249972,High
51187,2023,Owner,3-person,1940,342,10.716635853727322,High
51187,2023,Owner,4-or-more person,3017,438.83709961670286,8.842236437627564,High
51187,2023,Renter,1-person,1478,309,12.709197922107835,High
51187,2023,Renter,2-person,667,171,15.584912710817845,Medium
51187,2023,Renter,3-person,701,214,18.557943710461387,Medium
51187,2023,Renter,4-or-more person,812,271.7977189013918,20.348100596028555,Medium
51191,2010,Owner,1-person,3371,345,6.221490470750428,High
51191,2010,Owner,2-person,7423,440,3.60335718237123,High
51191,2010,Owner,3-person,2988,340,6.91723326945065,High
51191,2010,Owner,4-or-more person,3071,318.2750382923549,6.300236614754852,High
51191,2010,Renter,1-person,2125,303,8.667977829429645,High
51191,2010,Renter,2-person,1874,359,11.645521988626964,High
51191,2010,Renter,3-person,902,211,14.220341153397717,High
51191,2010,Renter,4-or-more person,957,242.74678164704883,15.41968992812829,Medium
51191,2023,Owner,1-person,4422,417,5.732597031422055,High
51191,2023,Owner,2-person,7094,449,3.847594139659955,High
51191,2023,Owner,3-person,2486,338,8.265129711185068,High
51191,2023,Owner,4-or-more person,2768,328.4676544197313,7.2137422567012335,High
51191,2023,Renter,1-person,2194,299,8.28454502885737,High
51191,2023,Renter,2-person,1670,333,12.121653349835285,High
51191,2023,Renter,3-person,559,169,18.37845479606984,Medium
51191,2023,Renter,4-or-more person,925,264.82258211867054,17.403932119850197,Medium
51193,2010,Owner,1-person,1470,202,8.353493373033103,High
51193,2010,Owner,2-person,2520,263,6.344381724320934,High
51193,2010,Owner,3-person,678,170,15.242398974276211,Medium
51193,2010,Owner,4-or-more person,765,189.49406323154295,15.058033909970236,Medium
51193,2010,Renter,1-person,663,197,18.062871629830326,Medium
51193,2010,Renter,2-person,305,117,23.319547560914845,Medium
51193,2010,Renter,3-person,227,131,35.08161161174564,Low
51193,2010,Renter,4-or-more person,507,160.82599292402955,19.283345374367315,Medium
51193,2023,Owner,1-person,2185,383,10.655686394524702,High
51193,2023,Owner,2-person,2335,269,7.003247788704985,High
51193,2023,Owner,3-person,872,181,12.618164579905747,High
51193,2023,Owner,4-or-more person,956,286.14157335137446,18.195213932887437,Medium
51193,2023,Renter,1-person,718,192,16.255894878546453,Medium
51193,2023,Renter,2-person,298,138,28.15120050590563,Medium
51193,2023,Renter,3-person,200,78,23.70820668693009,Medium
51193,2023,Renter,4-or-more person,465,215.14878572745886,28.12678180572721,Medium
51195,2010,Owner,1-person,2588,315,7.399125258969384,High
51195,2010,Owner,2-person,4422,341,4.687807164783983,High
51195,2010,Owner,3-person,1783,271,9.23957607052081,High
51195,2010,Owner,4-or-more person,2180,310.95015677757743,8.670983987551308,High
51195,2010,Renter,1-person,1778,313,10.701549844263388,High
51195,2010,Renter,2-person,1406,292,12.625007025902882,High
51195,2010,Renter,3-person,668,188,17.108639863130882,Medium
51195,2010,Renter,4-or-more person,925,196.78922734743384,12.932833473913337,High
51195,2023,Owner,1-person,2841,424,9.072536426554715,High
51195,2023,Owner,2-person,3768,370,5.969320917145826,High
51195,2023,Owner,3-person,1684,270,9.746659061866016,High
51195,2023,Owner,4-or-more person,2126,370.11079422248685,10.582848742661758,High
51195,2023,Renter,1-person,1261,257,12.389453056265953,High
51195,2023,Renter,2-person,972,260,16.260772761954794,Medium
51195,2023,Renter,3-person,682,196,17.470518500031197,Medium
51195,2023,Renter,4-or-more person,721,211.3267612016992,17.81776924161387,Medium
51197,2010,Owner,1-person,2198,298,8.241811428460801,High
51197,2010,Owner,2-person,3820,316,5.028724199939528,High
51197,2010,Owner,3-person,1433,285,12.090180016417191,High
51197,2010,Owner,4-or-more person,1530,279.15945264310864,11.091620582994958,High
51197,2010,Renter,1-person,934,201,13.082275144328085,High
51197,2010,Renter,2-person,785,245,18.972760536658082,Medium
51197,2010,Renter,3-person,380,135,21.59654455287154,Medium
51197,2010,Renter,4-or-more person,585,168.0089283341811,17.45864737320355,Medium
51197,2023,Owner,1-person,2616,334,7.761449299610533,High
51197,2023,Owner,2-person,3820,358,5.697098935374529,High
51197,2023,Owner,3-person,1207,218,10.979519167571134,High
51197,2023,Owner,4-or-more person,1850,316.7806812291431,10.409288794188551,High
51197,2023,Renter,1-person,1456,330,13.778015297772136,High
51197,2023,Renter,2-person,649,164,15.361486692175477,Medium
51197,2023,Renter,3-person,393,156,24.130490266595512,Medium
51197,2023,Renter,4-or-more person,405,140.9538931707812,21.157100554734694,Medium
51199,2010,Owner,1-person,3145,336,6.494604742414505,High
51199,2010,Owner,2-person,7291,371,3.0932919338035525,High
51199,2010,Owner,3-person,3506,326,5.652489783038022,High
51199,2010,Owner,4-or-more person,4929,449.5642334527959,5.5445592884343196,High
51199,2010,Renter,1-person,1221,259,12.89490651192779,High
51199,2010,Renter,2-person,1225,252,12.505427702996094,High
51199,2010,Renter,3-person,1043,242,14.104742282462034,High
51199,2010,Renter,4-or-more person,1642,293.0358339862209,10.848799336053997,High
51199,2023,Owner,1-person,3622,414,6.948418899028061,High
51199,2023,Owner,2-person,6990,484,4.209226380717569,High
51199,2023,Owner,3-person,3486,479,8.352995132941667,High
51199,2023,Owner,4-or-more person,4726,516.1608276496775,6.639347844230745,High
51199,2023,Renter,1-person,2222,337,9.21976696149858,High
51199,2023,Renter,2-person,1875,328,10.634245187436676,High
51199,2023,Renter,3-person,1559,285,11.113039104250056,High
51199,2023,Renter,4-or-more person,1965,338.94542333538004,10.485793895771133,High
51510,2010,Owner,1-person,11955,601,3.0560396827515546,High
51510,2010,Owner,2-person,10574,544,3.127473880706418,High
51510,2010,Owner,3-person,3164,373,7.166489265636587,High
51510,2010,Owner,4-or-more person,3410,362.05386339604223,6.454355835171759,High
51510,2010,Renter,1-person,16895,749,2.694993482901274,High
51510,2010,Renter,2-person,9865,699,4.307389885028431,High
51510,2010,Renter,3-person,4037,449,6.7611674081614375,High
51510,2010,Renter,4-or-more person,3838,543.2301538022351,8.604249518924261,High
51510,2023,Owner,1-person,12208,704,3.5055989993108314,High
51510,2023,Owner,2-person,11142,665,3.6282114445246467,High
51510,2023,Owner,3-person,4054,407,6.103019570149486,High
51510,2023,Owner,4-or-more person,4270,412.0788759448851,5.866601310406029,High
51510,2023,Renter,1-person,21051,1028,2.968619125733004,High
51510,2023,Renter,2-person,12471,813,3.9629935371033445,High
51510,2023,Renter,3-person,4747,598,7.6580121311620255,High
51510,2023,Renter,4-or-more person,5406,568.8831162901567,6.397069970551203,High
51520,2010,Owner,1-person,1610,217,8.193471653231136,High
51520,2010,Owner,2-person,2001,250,7.594986701178286,High
51520,2010,Owner,3-person,584,130,13.532081442311696,High
51520,2010,Owner,4-or-more person,714,172.0900926840357,14.651826065237644,High
51520,2010,Renter,1-person,1108,217,11.905676319225748,High
51520,2010,Renter,2-person,1064,280,15.997440409534475,Medium
51520,2010,Renter,3-person,451,172,23.183873728762155,Medium
51520,2010,Renter,4-or-more person,416,263.1311460089816,38.4514767957946,Low
51520,2023,Owner,1-person,1732,288,10.108313385793608,High
51520,2023,Owner,2-person,1540,242,9.552757273122015,High
51520,2023,Owner,3-person,506,168,20.18333193171306,Medium
51520,2023,Owner,4-or-more person,849,219.97727155322207,15.750858084656869,Medium
51520,2023,Renter,1-person,1289,281,13.252185313654701,High
51520,2023,Renter,2-person,739,247,20.31826463922741,Medium
51520,2023,Renter,3-person,382,167,26.57585257562978,Medium
51520,2023,Renter,4-or-more person,290,159.5054857990784,33.43580039808791,Low
51530,2010,Owner,1-person,457,154,20.485125005819636,Medium
51530,2010,Owner,2-person,671,134,12.139935404672062,High
51530,2010,Owner,3-person,353,108,18.59872392088654,Medium
51530,2010,Owner,4-or-more person,264,155.54742042219794,35.81731150921018,Low
51530,2010,Renter,1-person,249,104,25.39031505963062,Medium
51530,2010,Renter,2-person,323,121,22.772826935925547,Medium
51530,2010,Renter,3-person,167,97,35.309320568589264,Low
51530,2010,Renter,4-or-more person,209,102.57680049601859,29.835750060650252,Medium
51530,2023,Owner,1-person,400,129,19.6048632218845,Medium
51530,2023,Owner,2-person,556,155,16.94692877916512,Medium
51530,2023,Owner,3-person,316,110,21.16117117463737,Medium
51530,2023,Owner,4-or-more person,221,114.54693361238441,31.508323209612126,Low
51530,2023,Renter,1-person,383,159,25.23669319958415,Medium
51530,2023,Renter,2-person,396,205,31.46971232077615,Low
51530,2023,Renter,3-person,122,97,48.33325028651153,Low
51530,2023,Renter,4-or-more person,217,128.55738018488086,36.01400142447603,Low
51540,2010,Owner,1-person,2444,276,6.865022709296135,High
51540,2010,Owner,2-person,2507,242,5.868067890150739,High
51540,2010,Owner,3-person,1155,167,8.789589336701798,High
51540,2010,Owner,4-or-more person,1037,179.8137925744296,10.54091575678202,High
51540,2010,Renter,1-person,4126,437,6.438523883682247,High
51540,2010,Renter,2-person,3073,458,9.060183953385552,High
51540,2010,Renter,3-person,1427,267,11.374213762798654,High
51540,2010,Renter,4-or-more person,1521,272.3031399011036,10.883223119532365,High
51540,2023,Owner,1-person,2542,377,9.015709335444173,High
51540,2023,Owner,2-person,2821,259,5.581240996477785,High
51540,2023,Owner,3-person,1509,271,10.917272454432474,High
51540,2023,Owner,4-or-more person,1742,312.56839251594204,10.907645284773539,High
51540,2023,Renter,1-person,4914,546,6.754474839581223,High
51540,2023,Renter,2-person,3359,456,8.25256467449876,High
51540,2023,Renter,3-person,1251,340,16.52173701768069,Medium
51540,2023,Renter,4-or-more person,1561,279.81065026192266,10.896711065579218,High
51550,2010,Owner,1-person,10203,703,4.188529090466568,High
51550,2010,Owner,2-person,19902,687,2.098428194811109,High
51550,2010,Owner,3-person,11142,557,3.0389680821056064,High
51550,2010,Owner,4-or-more person,17741,925.185386827959,3.1701861651259247,High
51550,2010,Renter,1-person,6210,506,4.95328154902623,High
51550,2010,Renter,2-person,5344,574,6.529494203083195,High
51550,2010,Renter,3-person,3879,495,7.757459502535278,High
51550,2010,Renter,4-or-more person,4357,517.8967078481963,7.225862415415034,High
51550,2023,Owner,1-person,13274,882,4.0392512638688975,High
51550,2023,Owner,2-person,23979,1099,2.786125803340334,High
51550,2023,Owner,3-person,11741,890,4.608069454479652,High
51550,2023,Owner,4-or-more person,19146,1142.480634409179,3.6274788623435876,High
51550,2023,Renter,1-person,7673,793,6.282638724109368,High
51550,2023,Renter,2-person,7745,770,6.043706990096561,High
51550,2023,Renter,3-person,4345,635,8.884194179103956,High
51550,2023,Renter,4-or-more person,4458,605.7441704218044,8.260061423291544,High
51570,2010,Owner,1-person,1179,217,11.188710230451338,High
51570,2010,Owner,2-person,1812,193,6.4749022054925955,High
51570,2010,Owner,3-person,834,178,12.974422893296305,High
51570,2010,Owner,4-or-more person,827,160.96583488430085,11.83211261889209,High
51570,2010,Renter,1-person,976,213,13.266729782251232,High
51570,2010,Renter,2-person,839,171,12.389912727193684,High
51570,2010,Renter,3-person,279,100,21.788628514778136,Medium
51570,2010,Renter,4-or-more person,329,123.52327715859873,22.823750179432693,Medium
51570,2023,Owner,1-person,1228,216,10.692751700444541,High
51570,2023,Owner,2-person,1959,233,7.230287768556315,High
51570,2023,Owner,3-person,846,238,17.101755444897137,Medium
51570,2023,Owner,4-or-more person,1103,248.41094983917276,13.690815589380318,High
51570,2023,Renter,1-person,1029,220,12.996948670914305,High
51570,2023,Renter,2-person,698,240,20.902099790108082,Medium
51570,2023,Renter,3-person,459,166,21.985153399421232,Medium
51570,2023,Renter,4-or-more person,223,95.05787710652916,25.912979161347515,Medium
51580,2010,Owner,1-person,636,114,10.89636978838103,High
51580,2010,Owner,2-person,758,120,9.623790008902008,High
51580,2010,Owner,3-person,161,67,25.2978157035247,Medium
51580,2010,Owner,4-or-more person,259,161.20173696334663,37.83589840826809,Low
51580,2010,Renter,1-person,314,104,20.134358120535108,Medium
51580,2010,Renter,2-person,198,81,24.86874827300359,Medium
51580,2010,Renter,3-person,188,104,33.62866196727673,Low
51580,2010,Renter,4-or-more person,127,148.96643917339233,71.30480777990682,Low
51580,2023,Owner,1-person,552,130,14.31654993172107,High
51580,2023,Owner,2-person,564,149,16.059841772834076,Medium
51580,2023,Owner,3-person,476,145,18.518045516078775,Medium
51580,2023,Owner,4-or-more person,189,93.39700209321497,30.040366701473108,Low
51580,2023,Renter,1-person,322,133,25.109026034095415,Medium
51580,2023,Renter,2-person,195,90,28.05704933364508,Medium
51580,2023,Renter,3-person,84,52,37.63207410623824,Low
51580,2023,Renter,4-or-more person,111,68.46166810705097,37.49372551660832,Low
51590,2010,Owner,1-person,3164,353,6.782227106621222,High
51590,2010,Owner,2-person,4234,302,4.336009119976798,High
51590,2010,Owner,3-person,1614,236,8.888788450601313,High
51590,2010,Owner,4-or-more person,1611,234.41629636183572,8.845580870189021,High
51590,2010,Renter,1-person,3723,430,7.021170461772584,High
51590,2010,Renter,2-person,2042,315,9.377539750349055,High
51590,2010,Renter,3-person,1595,246,9.375803946603654,High
51590,2010,Renter,4-or-more person,1465,295.53510789752204,12.263249184000417,High
51590,2023,Owner,1-person,3795,435,6.9680550716628415,High
51590,2023,Owner,2-person,3138,361,6.993399857807327,High
51590,2023,Owner,3-person,1298,220,10.303436195971354,High
51590,2023,Owner,4-or-more person,906,221.54457790702077,14.865072291244507,High
51590,2023,Renter,1-person,3861,397,6.250644548516888,High
51590,2023,Renter,2-person,3141,423,8.186655751125665,High
51590,2023,Renter,3-person,1042,255,14.876698423069968,High
51590,2023,Renter,4-or-more person,1451,334.2962757794349,14.0054872870166,High
51595,2010,Owner,1-person,323,108,20.32615957917322,Medium
51595,2010,Owner,2-person,533,132,15.05500208146809,Medium
51595,2010,Owner,3-person,126,65,31.360061755198533,Low
51595,2010,Owner,4-or-more person,182,77.48548251124207,25.881119112609664,Medium
51595,2010,Renter,1-person,542,124,13.907737861573144,High
51595,2010,Renter,2-person,267,97,22.084855936158828,Medium
51595,2010,Renter,3-person,168,81,29.309596178897092,Medium
51595,2010,Renter,4-or-more person,265,166.70332930088708,38.24128675824674,Low
51595,2023,Owner,1-person,364,148,24.716924412973047,Medium
51595,2023,Owner,2-person,295,111,22.873628355056415,Medium
51595,2023,Owner,3-person,109,70,39.03962521959789,Low
51595,2023,Owner,4-or-more person,84,87.10338684574785,63.03617516699077,Low
51595,2023,Renter,1-person,329,121,22.35751702220046,Medium
51595,2023,Renter,2-person,549,165,18.27030079558855,Medium
51595,2023,Renter,3-person,134,76,34.47806559905639,Low
51595,2023,Renter,4-or-more person,355,145.557548756497,24.925304808681364,Medium
51600,2010,Owner,1-person,1342,216,9.7844255500342,High
51600,2010,Owner,2-person,2521,266,6.414205777849046,High
51600,2010,Owner,3-person,761,170,13.57995598496619,High
51600,2010,Owner,4-or-more person,1524,249.40328786926608,9.948355705640493,High
51600,2010,Renter,1-person,766,154,12.221543247597356,High
51600,2010,Renter,2-person,637,205,19.56358882107905,Medium
51600,2010,Renter,3-person,357,114,19.412020127199817,Medium
51600,2010,Renter,4-or-more person,616,160.50545162080945,15.839562193661374,Medium
51600,2023,Owner,1-person,1528,226,8.99123156001846,High
51600,2023,Owner,2-person,1983,208,6.376387745686358,High
51600,2023,Owner,3-person,1118,222,12.071056108661256,High
51600,2023,Owner,4-or-more person,1721,249.92999019725505,8.82818853805768,High
51600,2023,Renter,1-person,605,198,19.894998618402873,Medium
51600,2023,Renter,2-person,966,283,17.809158816162913,Medium
51600,2023,Renter,3-person,678,204,18.290878769131453,Medium
51600,2023,Renter,4-or-more person,559,173.28300551410112,18.844224164307857,Medium
51610,2010,Owner,1-person,767,133,10.541207800493773,High
51610,2010,Owner,2-person,947,148,9.500486257995975,High
51610,2010,Owner,3-person,477,123,15.675479344688497,Medium
51610,2010,Owner,4-or-more person,815,151.06621064950295,11.267921804277917,High
51610,2010,Renter,1-person,731,161,13.38882905958029,High
51610,2010,Renter,2-person,444,118,16.155973602782115,Medium
51610,2010,Renter,3-person,207,73,21.438115795192576,Medium
51610,2010,Renter,4-or-more person,318,112.62770529492288,21.53040570719789,Medium
51610,2023,Owner,1-person,765,177,14.065200548304427,High
51610,2023,Owner,2-person,811,169,12.66776354007773,High
51610,2023,Owner,3-person,579,137,14.383881653201463,High
51610,2023,Owner,4-or-more person,884,185.35911091715994,12.746641469223889,High
51610,2023,Renter,1-person,1281,202,9.585976001841265,High
51610,2023,Renter,2-person,1092,227,12.636805949875859,High
51610,2023,Renter,3-person,292,128,26.64779114793688,Medium
51610,2023,Renter,4-or-more person,349,141.4142849927121,24.632129138870436,Medium
51620,2010,Owner,1-person,428,117,16.617901883362215,Medium
51620,2010,Owner,2-person,720,132,11.144883485309016,High
51620,2010,Owner,3-person,189,86,27.661182676380243,Medium
51620,2010,Owner,4-or-more person,294,89.72736483370053,18.552894740545568,Medium
51620,2010,Renter,1-person,643,153,14.464870690673939,High
51620,2010,Renter,2-person,254,103,24.651173922408635,Medium
51620,2010,Renter,3-person,407,120,17.92342217874133,Medium
51620,2010,Renter,4-or-more person,589,168.062488378579,17.345610599447724,Medium
51620,2023,Owner,1-person,421,149,21.514847410637575,Medium
51620,2023,Owner,2-person,807,146,10.997992489727046,High
51620,2023,Owner,3-person,225,106,28.638973319824384,Medium
51620,2023,Owner,4-or-more person,356,136.7369737854396,23.349095622663093,Medium
51620,2023,Renter,1-person,488,152,18.93467536997359,Medium
51620,2023,Renter,2-person,439,158,21.878959503153755,Medium
51620,2023,Renter,3-person,163,103,38.41348574412143,Low
51620,2023,Renter,4-or-more person,489,210.04523322370352,26.111875637732673,Medium
51630,2010,Owner,1-person,1276,236,11.243342131089747,High
51630,2010,Owner,2-person,1184,170,8.728333196418303,High
51630,2010,Owner,3-person,608,147,14.697648376259798,High
51630,2010,Owner,4-or-more person,524,154.08439246075508,17.875634290906408,Medium
51630,2010,Renter,1-person,2609,346,8.061876063800662,High
51630,2010,Renter,2-person,1547,297,11.670789428701104,High
51630,2010,Renter,3-person,916,189,12.542971290532378,High
51630,2010,Renter,4-or-more person,542,236.83749703119224,26.563498584684915,Medium
51630,2023,Owner,1-person,1304,280,13.053126223730583,High
51630,2023,Owner,2-person,1683,234,8.452123596053509,High
51630,2023,Owner,3-person,682,188,16.75743611227482,Medium
51630,2023,Owner,4-or-more person,1087,254.46610776290032,14.23096991876363,High
51630,2023,Renter,1-person,2908,427,8.926219672802834,High
51630,2023,Renter,2-person,2292,398,10.556077170759135,High
51630,2023,Renter,3-person,610,232,23.12023518859933,Medium
51630,2023,Renter,4-or-more person,877,242.4664925304113,16.806846532660828,Medium
51640,2010,Owner,1-person,761,265,21.168754917741413,Medium
51640,2010,Owner,2-person,809,206,15.479352722600229,Medium
51640,2010,Owner,3-person,347,160,28.03009731699412,Medium
51640,2010,Owner,4-or-more person,188,203.3396173892338,65.7503774782493,Low
51640,2010,Renter,1-person,579,210,22.048285745783268,Medium
51640,2010,Renter,2-person,444,169,23.138640159916754,Medium
51640,2010,Renter,3-person,114,88,46.92582520130112,Low
51640,2010,Renter,4-or-more person,84,194.06184581210186,140.44134159219993,Low
51640,2023,Owner,1-person,474,126,16.159439806086723,Medium
51640,2023,Owner,2-person,676,218,19.60396395748278,Medium
51640,2023,Owner,3-person,127,76,36.37843141947682,Low
51640,2023,Owner,4-or-more person,405,136.77719108096935,20.530179906333345,Medium
51640,2023,Renter,1-person,499,181,22.050179386127876,Medium
51640,2023,Renter,2-person,324,136,25.516904949529064,Medium
51640,2023,Renter,3-person,153,72,28.60718755587341,Medium
51640,2023,Renter,4-or-more person,71,55.59676249567055,47.60200564721996,Low
51650,2010,Owner,1-person,8213,603,4.463233283137379,High
51650,2010,Owner,2-person,11770,632,3.2641846123651654,High
51650,2010,Owner,3-person,5330,444,5.063955245584721,High
51650,2010,Owner,4-or-more person,6260,524.5769724263542,5.09411783627756,High
51650,2010,Renter,1-person,8518,584,4.167823404183952,High
51650,2010,Renter,2-person,5820,594,6.204368125842134,High
51650,2010,Renter,3-person,3337,416,7.578290020794755,High
51650,2010,Renter,4-or-more person,4035,456.8227227273179,6.882373799577676,High
51650,2023,Owner,1-person,9631,850,5.365147183345068,High
51650,2023,Owner,2-person,11526,824,4.345929672942421,High
51650,2023,Owner,3-person,4568,576,7.665323460680616,High
51650,2023,Owner,4-or-more person,6393,729.2427579345577,6.934282299975303,High
51650,2023,Renter,1-person,10339,968,5.691554773424085,High
51650,2023,Renter,2-person,6890,718,6.334893528791562,High
51650,2023,Renter,3-person,4010,570,8.641011453130092,High
51650,2023,Renter,4-or-more person,4383,626.0958393089671,8.683672677164079,High
51660,2010,Owner,1-person,1415,266,11.427712202090069,High
51660,2010,Owner,2-person,2334,251,6.5374287329108745,High
51660,2010,Owner,3-person,806,191,14.40563554496293,High
51660,2010,Owner,4-or-more person,1215,242.85386552410483,12.150743143537836,High
51660,2010,Renter,1-person,2680,370,8.392687020822938,High
51660,2010,Renter,2-person,2374,408,10.447528058526641,High
51660,2010,Renter,3-person,1339,313,14.210123691635776,High
51660,2010,Renter,4-or-more person,2802,365.0780738417469,7.920483932270413,High
51660,2023,Owner,1-person,1781,363,12.390156822522096,High
51660,2023,Owner,2-person,2136,264,7.513404596837539,High
51660,2023,Owner,3-person,995,251,15.335033831772845,Medium
51660,2023,Owner,4-or-more person,2010,343.32783167113035,10.383578510823703,High
51660,2023,Renter,1-person,2995,361,7.327308431986442,High
51660,2023,Renter,2-person,2836,374,8.016770913268827,High
51660,2023,Renter,3-person,1752,308,10.686874574953853,High
51660,2023,Renter,4-or-more person,2826,399.03633919732175,8.583697175754484,High
51670,2010,Owner,1-person,1486,246,10.063531153992482,High
51670,2010,Owner,2-person,1904,254,8.109626829455188,High
51670,2010,Owner,3-person,613,155,15.371113215686469,Medium
51670,2010,Owner,4-or-more person,604,173.35801106380978,17.447816085650857,Medium
51670,2010,Renter,1-person,1610,325,12.271328512903773,High
51670,2010,Renter,2-person,941,217,14.0185859316707,High
51670,2010,Renter,3-person,891,214,14.600581976468499,High
51670,2010,Renter,4-or-more person,865,244.3399271506808,17.171665910057158,Medium
51670,2023,Owner,1-person,1456,256,10.688399746150505,High
51670,2023,Owner,2-person,1986,324,9.917446441197807,High
51670,2023,Owner,3-person,802,263,19.934965019063284,Medium
51670,2023,Owner,4-or-more person,986,294.03061065134017,18.127993159635515,Medium
51670,2023,Renter,1-person,1418,319,13.67566802851741,High
51670,2023,Renter,2-person,1167,292,15.210591155457973,Medium
51670,2023,Renter,3-person,692,223,19.589929195143807,Medium
51670,2023,Renter,4-or-more person,911,255.34094853744082,17.038689474970944,Medium
51678,2010,Owner,1-person,287,98,20.75765438505449,Medium
51678,2010,Owner,2-person,460,140,18.501387604070306,Medium
51678,2010,Owner,3-person,166,94,34.42340791738382,Low
51678,2010,Owner,4-or-more person,166,199.69727088771143,73.1304320825105,Low
51678,2010,Renter,1-person,580,183,19.18037941515564,Medium
51678,2010,Renter,2-person,203,99,29.646488088999355,Medium
51678,2010,Renter,3-person,19,22,70.38873780195169,Low
51678,2010,Renter,4-or-more person,227,232.97210133404386,62.38959370513874,Low
51678,2023,Owner,1-person,317,139,26.655672000997193,Medium
51678,2023,Owner,2-person,542,165,18.50626408999652,Medium
51678,2023,Owner,3-person,140,80,34.73729917498914,Low
51678,2023,Owner,4-or-more person,66,71.96526940128828,66.28467293109357,Low
51678,2023,Renter,1-person,457,180,23.94365260420477,Medium
51678,2023,Renter,2-person,302,163,32.81064433664124,Low
51678,2023,Renter,3-person,107,79,44.88253842002102,Low
51678,2023,Renter,4-or-more person,130,88.60586888011426,41.43365390699755,Low
51680,2010,Owner,1-person,4494,340,4.599175124414451,High
51680,2010,Owner,2-person,5851,408,4.23900728267685,High
51680,2010,Owner,3-person,2786,297,6.480513727997347,High
51680,2010,Owner,4-or-more person,2576,301.98509897013133,7.126458375892771,High
51680,2010,Renter,1-person,4761,439,5.605320330011638,High
51680,2010,Renter,2-person,3301,478,8.802711529802611,High
51680,2010,Renter,3-person,2141,373,10.59073892408882,High
51680,2010,Renter,4-or-more person,1965,324.966152083567,10.053323807468605,High
51680,2023,Owner,1-person,3644,412,6.87310447452447,High
51680,2023,Owner,2-person,5526,458,5.0383541963,High
51680,2023,Owner,3-person,2218,336,9.208986435930395,High
51680,2023,Owner,4-or-more person,2688,364.8205038097503,8.25057225651664,High
51680,2023,Renter,1-person,5022,428,5.180851669069467,High
51680,2023,Renter,2-person,5451,646,7.204277511892355,High
51680,2023,Renter,3-person,2181,341,9.504577387746343,High
51680,2023,Renter,4-or-more person,1957,380.3971608726858,11.816273617508525,High
51683,2010,Owner,1-person,1158,221,11.601597975757386,High
51683,2010,Owner,2-person,2348,284,7.352826954842251,High
51683,2010,Owner,3-person,1771,267,9.16488031593093,High
51683,2010,Owner,4-or-more person,2726,344.8985358043725,7.69129726364319,High
51683,2010,Renter,1-person,1055,250,14.405278093893603,High
51683,2010,Renter,2-person,634,164,15.724928806343666,Medium
51683,2010,Renter,3-person,878,273,18.90175931759802,Medium
51683,2010,Renter,4-or-more person,1162,266.8463977647066,13.960125230302358,High
51683,2023,Owner,1-person,2106,298,8.601852573483779,High
51683,2023,Owner,2-person,2849,347,7.404080352408619,High
51683,2023,Owner,3-person,1752,325,11.276734535259745,High
51683,2023,Owner,4-or-more person,3427,490.60167141990047,8.702599887003183,High
51683,2023,Renter,1-person,1041,224,13.080712081263924,High
51683,2023,Renter,2-person,819,197,14.62232465271979,High
51683,2023,Renter,3-person,632,209,20.103112615905506,Medium
51683,2023,Renter,4-or-more person,1415,356.5753777253836,15.318950357132485,Medium
51685,2010,Owner,1-person,419,134,19.441280803186046,Medium
51685,2010,Owner,2-person,842,168,12.129175721433263,High
51685,2010,Owner,3-person,611,144,14.327003915052805,High
51685,2010,Owner,4-or-more person,1121,214.8767088355553,11.652465576249782,High
51685,2010,Renter,1-person,359,107,18.118549500046566,Medium
51685,2010,Renter,2-person,232,115,30.13310973692485,Low
51685,2010,Renter,3-person,361,155,26.1010869839773,Medium
51685,2010,Renter,4-or-more person,261,105.43718509140881,24.557683236420317,Medium
51685,2023,Owner,1-person,849,223,15.967292111942891,Medium
51685,2023,Owner,2-person,817,190,14.13727292005372,High
51685,2023,Owner,3-person,498,138,16.8454974914857,Medium
51685,2023,Owner,4-or-more person,1326,285.0315771980361,13.067230429888829,High
51685,2023,Renter,1-person,538,210,23.72854544016452,Medium
51685,2023,Renter,2-person,424,152,21.792739576762056,Medium
51685,2023,Renter,3-person,244,123,30.644277243509894,Low
51685,2023,Renter,4-or-more person,469,232.0086205294967,30.072212173543495,Low
51690,2010,Owner,1-person,1123,204,11.042934822325133,High
51690,2010,Owner,2-person,1199,173,8.77124047141615,High
51690,2010,Owner,3-person,548,116,12.868014110443058,High
51690,2010,Owner,4-or-more person,649,185.31864450184176,17.35835299589659,Medium
51690,2010,Renter,1-person,970,172,10.779306238836837,High
51690,2010,Renter,2-person,650,155,14.496142155716624,High
51690,2010,Renter,3-person,353,139,23.937246527807677,Medium
51690,2010,Renter,4-or-more person,430,141.17011015083895,19.957603753564566,Medium
51690,2023,Owner,1-person,1065,216,12.329294918446852,High
51690,2023,Owner,2-person,1194,199,10.131712259371833,High
51690,2023,Owner,3-person,261,168,39.12937148447053,Low
51690,2023,Owner,4-or-more person,664,181.38357147217053,16.605959229517207,Medium
51690,2023,Renter,1-person,1214,227,11.366879816527545,High
51690,2023,Renter,2-person,574,155,16.415491988180847,Medium
51690,2023,Renter,3-person,271,134,30.05865924920647,Low
51690,2023,Renter,4-or-more person,376,143.1607488105591,23.145694368906277,Medium
51700,2010,Owner,1-person,8463,477,3.4263216928184086,High
51700,2010,Owner,2-person,13680,653,2.90175794095167,High
51700,2010,Owner,3-person,6738,503,4.5380688036189065,High
51700,2010,Owner,4-or-more person,7950,604.0422170676484,4.6188542912018375,High
51700,2010,Renter,1-person,12239,662,3.2881085950016278,High
51700,2010,Renter,2-person,9642,731,4.608762701680654,High
51700,2010,Renter,3-person,6059,612,6.140228984389069,High
51700,2010,Renter,4-or-more person,5882,518.8034309832578,5.3618161325031375,High
51700,2023,Owner,1-person,10412,685,3.9993601023836187,High
51700,2023,Owner,2-person,13241,857,3.934541532942373,High
51700,2023,Owner,3-person,6107,644,6.4105020747032535,High
51700,2023,Owner,4-or-more person,6692,619.4949555888248,5.627505651068415,High
51700,2023,Renter,1-person,16395,930,3.448304629905144,High
51700,2023,Renter,2-person,10609,793,4.543942589319557,High
51700,2023,Renter,3-person,5968,770,7.843249101591467,High
51700,2023,Renter,4-or-more person,6374,724.6861389594809,6.911494921517991,High
51710,2010,Owner,1-person,10736,587,3.323760299693331,High
51710,2010,Owner,2-person,14770,698,2.8728240312964957,High
51710,2010,Owner,3-person,6118,456,4.530952066302932,High
51710,2010,Owner,4-or-more person,8051,598.8321968631947,4.521571613661953,High
51710,2010,Renter,1-person,17647,732,2.52158895240897,High
51710,2010,Renter,2-person,12586,741,3.579023733129443,High
51710,2010,Renter,3-person,7192,597,5.046133664219955,High
51710,2010,Renter,4-or-more person,7961,614.7698756445374,4.694388759522867,High
51710,2023,Owner,1-person,11052,652,3.5862521135235803,High
51710,2023,Owner,2-person,16296,764,2.8500103704565833,High
51710,2023,Owner,3-person,7064,774,6.660768931557587,High
51710,2023,Owner,4-or-more person,8747,794.4828506645061,5.521530790857385,High
51710,2023,Renter,1-person,21566,1033,2.9118219690061493,High
51710,2023,Renter,2-person,15045,951,3.8425756166151994,High
51710,2023,Renter,3-person,6727,621,5.611826947884562,High
51710,2023,Renter,4-or-more person,7960,746.3337055232063,5.699727402385837,High
51720,2010,Owner,1-person,262,107,24.826562101208843,Medium
51720,2010,Owner,2-person,396,134,20.570446102360997,Medium
51720,2010,Owner,3-person,134,55,24.95123168352765,Medium
51720,2010,Owner,4-or-more person,160,146.8536686637416,55.795466817531,Low
51720,2010,Renter,1-person,372,135,22.060986371212863,Medium
51720,2010,Renter,2-person,200,122,37.08206686930091,Low
51720,2010,Renter,3-person,103,81,47.80594328208457,Low
51720,2010,Renter,4-or-more person,137,150.8973160795115,66.95685491514277,Low
51720,2023,Owner,1-person,238,137,34.9927204924523,Low
51720,2023,Owner,2-person,268,105,23.817084788821848,Medium
51720,2023,Owner,3-person,247,104,25.595904655255158,Medium
51720,2023,Owner,4-or-more person,59,51.41011573610781,52.970084731448985,Low
51720,2023,Renter,1-person,321,140,26.512891893683303,Medium
51720,2023,Renter,2-person,177,119,40.87029691068638,Low
51720,2023,Renter,3-person,28,35,75.98784194528875,Low
51720,2023,Renter,4-or-more person,215,120.12909722461083,33.965956662079826,Low
51730,2010,Owner,1-person,2089,249,7.245944526329113,High
51730,2010,Owner,2-person,2505,250,6.066893568486128,High
51730,2010,Owner,3-person,974,173,10.797451052595445,High
51730,2010,Owner,4-or-more person,684,172.08718720462602,15.294191791946712,Medium
51730,2010,Renter,1-person,2207,258,7.106429804036067,High
51730,2010,Renter,2-person,1683,278,10.041411793602032,High
51730,2010,Renter,3-person,1045,216,12.56526228530708,High
51730,2010,Renter,4-or-more person,1118,238.73625614891426,12.981075419573287,High
51730,2023,Owner,1-person,2413,348,8.767101200815745,High
51730,2023,Owner,2-person,2043,347,10.325122331870856,High
51730,2023,Owner,3-person,609,179,17.867748713572006,Medium
51730,2023,Owner,4-or-more person,617,175.3111519556015,17.272630283369526,Medium
51730,2023,Renter,1-person,4783,546,6.939470909826914,High
51730,2023,Renter,2-person,2285,414,11.014080197934195,High
51730,2023,Renter,3-person,918,220,14.568475144194792,High
51730,2023,Renter,4-or-more person,1186,333.27166096144447,17.082357030679326,Medium
51735,2010,Owner,1-person,521,111,12.951478627143267,High
51735,2010,Owner,2-person,1544,170,6.6932296013984915,High
51735,2010,Owner,3-person,767,125,9.907150188433995,High
51735,2010,Owner,4-or-more person,1003,157.15915499900095,9.525172506735172,High
51735,2010,Renter,1-person,157,79,30.58873637542834,Low
51735,2010,Renter,2-person,264,107,24.638482085290594,Medium
51735,2010,Renter,3-person,103,60,35.41180983858117,Low
51735,2010,Renter,4-or-more person,165,70.71774883294857,26.054250283853207,Medium
51735,2023,Owner,1-person,605,174,17.48348363435404,Medium
51735,2023,Owner,2-person,1509,191,7.69446139777344,High
51735,2023,Owner,3-person,703,163,14.095042090562806,High
51735,2023,Owner,4-or-more person,1150,211.15160430363773,11.161707641265375,High
51735,2023,Renter,1-person,179,116,39.39481414817204,Low
51735,2023,Renter,2-person,224,112,30.3951367781155,Low
51735,2023,Renter,3-person,113,88,47.34109799069317,Low
51735,2023,Renter,4-or-more person,174,100.32945728947207,35.05204111709887,Low
51740,2010,Owner,1-person,6072,452,4.525231167229317,High
51740,2010,Owner,2-person,8165,493,3.670496615213948,High
51740,2010,Owner,3-person,3929,366,5.6628251772920715,High
51740,2010,Owner,4-or-more person,4804,444.4119710358847,5.623631409436978,High
51740,2010,Renter,1-person,5084,465,5.5600859959967375,High
51740,2010,Renter,2-person,4101,433,6.418480480333582,High
51740,2010,Renter,3-person,2699,344,7.748000779304729,High
51740,2010,Renter,4-or-more person,2471,339.63951478000905,8.355636994731814,High
51740,2023,Owner,1-person,6911,529,4.653169542938244,High
51740,2023,Owner,2-person,7986,538,4.095312693870809,High
51740,2023,Owner,3-person,3805,451,7.205364881435002,High
51740,2023,Owner,4-or-more person,3855,430.66576367294397,6.791255404664436,High
51740,2023,Renter,1-person,6097,488,4.865614809814782,High
51740,2023,Renter,2-person,4894,584,7.254090673649142,High
51740,2023,Renter,3-person,3246,543,10.16916775755805,High
51740,2023,Renter,4-or-more person,2884,474.0991457490722,9.993279043988048,High
51750,2010,Owner,1-person,962,183,11.564054117245606,High
51750,2010,Owner,2-person,1126,150,8.098171432890453,High
51750,2010,Owner,3-person,316,146,28.086645377245972,Medium
51750,2010,Owner,4-or-more person,523,200.26732134824192,23.277830304270072,Medium
51750,2010,Renter,1-person,1106,224,12.311954137970837,High
51750,2010,Renter,2-person,765,215,17.084848123646623,Medium
51750,2010,Renter,3-person,439,167,23.12522934827011,Medium
51750,2010,Renter,4-or-more person,430,209.39436477613242,29.60265282761468,Medium
51750,2023,Owner,1-person,636,170,16.248972491445393,Medium
51750,2023,Owner,2-person,889,149,10.18869601786099,High
51750,2023,Owner,3-person,256,109,25.883358662613983,Medium
51750,2023,Owner,4-or-more person,566,141.1169727566461,15.156429995236245,Medium
51750,2023,Renter,1-person,1108,221,12.125135790547882,High
51750,2023,Renter,2-person,1290,254,11.969557738978818,High
51750,2023,Renter,3-person,266,98,22.39641657334826,Medium
51750,2023,Renter,4-or-more person,489,186.6279721799495,23.200747407083433,Medium
51760,2010,Owner,1-person,13189,638,2.9406470944632175,High
51760,2010,Owner,2-person,13746,556,2.4588529097384284,High
51760,2010,Owner,3-person,5458,453,5.0454367755538,High
51760,2010,Owner,4-or-more person,5114,449.0122492761194,5.337422265075065,High
51760,2010,Renter,1-person,20762,705,2.0642107146297493,High
51760,2010,Renter,2-person,12555,758,3.6701734253781844,High
51760,2010,Renter,3-person,5924,536,5.500267830205911,High
51760,2010,Renter,4-or-more person,6750,611.3386949964806,5.505695778421529,High
51760,2023,Owner,1-person,14290,817,3.4755530787572235,High
51760,2023,Owner,2-person,17286,926,3.2564961999924744,High
51760,2023,Owner,3-person,6427,590,5.580560354469626,High
51760,2023,Owner,4-or-more person,6383,629.421162656611,5.9944672818386895,High
51760,2023,Renter,1-person,29572,1363,2.8018782245753706,High
51760,2023,Renter,2-person,16141,1044,3.931915345561314,High
51760,2023,Renter,3-person,6032,686,6.913482702184096,High
51760,2023,Renter,4-or-more person,6014,664.5645190649287,6.717502312890275,High
51770,2010,Owner,1-person,8109,628,4.707891453115436,High
51770,2010,Owner,2-person,8499,479,3.426113782025491,High
51770,2010,Owner,3-person,3803,399,6.377943504847797,High
51770,2010,Owner,4-or-more person,3594,414.50572975533163,7.011106483709452,High
51770,2010,Renter,1-person,8570,615,4.362429199192773,High
51770,2010,Renter,2-person,5492,485,5.368405439689009,High
51770,2010,Renter,3-person,2231,383,10.43598152041079,High
51770,2010,Renter,4-or-more person,2535,396.1439132436595,9.499683177009034,High
51770,2023,Owner,1-person,7174,650,5.507900447665201,High
51770,2023,Owner,2-person,8890,711,4.861854274294741,High
51770,2023,Owner,3-person,3288,523,9.669499108853048,High
51770,2023,Owner,4-or-more person,3100,423.35091826993835,8.301812300616499,High
51770,2023,Renter,1-person,9900,747,4.586902459242885,High
51770,2023,Renter,2-person,6021,668,6.744378464634165,High
51770,2023,Renter,3-person,2106,426,12.296608041288891,High
51770,2023,Renter,4-or-more person,2950,481.4498935507204,9.921176519514098,High
51775,2010,Owner,1-person,1762,225,7.762662627782052,High
51775,2010,Owner,2-person,2641,231,5.317134869931603,High
51775,2010,Owner,3-person,1154,197,10.377542366185015,High
51775,2010,Owner,4-or-more person,1243,184.84047175875742,9.039825295637694,High
51775,2010,Renter,1-person,1312,230,10.656831492327083,High
51775,2010,Renter,2-person,948,201,12.889076988188219,High
51775,2010,Renter,3-person,343,135,23.92620096236497,Medium
51775,2010,Renter,4-or-more person,487,150.07331541616585,18.733055231292116,Medium
51775,2023,Owner,1-person,1459,227,9.458116584828264,High
51775,2023,Owner,2-person,2567,279,6.607123615967453,High
51775,2023,Owner,3-person,1129,256,13.78415414561128,High
51775,2023,Owner,4-or-more person,1286,248.46931400074337,11.745348031441871,High
51775,2023,Renter,1-person,1672,266,9.671179883945841,High
51775,2023,Renter,2-person,1191,254,12.96450838226925,High
51775,2023,Renter,3-person,518,189,22.180234946192392,Medium
51775,2023,Renter,4-or-more person,318,142.3481647229777,27.211898974016496,Medium
51790,2010,Owner,1-person,1795,295,9.99060206077334,High
51790,2010,Owner,2-person,2586,241,5.665296182154552,High
51790,2010,Owner,3-person,859,169,11.959902480795156,High
51790,2010,Owner,4-or-more person,1050,196.56805437303387,11.380405521669351,High
51790,2010,Renter,1-person,2268,278,7.451365100807856,High
51790,2010,Renter,2-person,870,198,13.835027774866365,High
51790,2010,Renter,3-person,459,121,16.025322658614275,Medium
51790,2010,Renter,4-or-more person,521,166.6553329479738,19.44534218716331,Medium
51790,2023,Owner,1-person,2155,304,8.57551886825718,High
51790,2023,Owner,2-person,2426,263,6.590206902427351,High
51790,2023,Owner,3-person,1059,214,12.284342342807776,High
51790,2023,Owner,4-or-more person,1116,194.3064589765353,10.584178131654266,High
51790,2023,Renter,1-person,2105,313,9.039123811449075,High
51790,2023,Renter,2-person,1387,275,12.052866061978028,High
51790,2023,Renter,3-person,748,204,16.579165515335728,Medium
51790,2023,Renter,4-or-more person,360,136.94159338929865,23.124213676004498,Medium
51800,2010,Owner,1-person,3875,429,6.730071575644671,High
51800,2010,Owner,2-person,8646,532,3.7405072324676025,High
51800,2010,Owner,3-person,4412,394,5.428687167079558,High
51800,2010,Owner,4-or-more person,5705,504.28860784277094,5.3735043684580095,High
51800,2010,Renter,1-person,2234,296,8.054575189187277,High
51800,2010,Renter,2-person,2066,325,9.562845549745921,High
51800,2010,Renter,3-person,1323,306,14.060335380352749,High
51800,2010,Renter,4-or-more person,1865,310.37074604414636,10.116634078217244,High
51800,2023,Owner,1-person,5563,421,4.6005222303025795,High
51800,2023,Owner,2-person,9288,531,3.475412926179873,High
51800,2023,Owner,3-person,4940,494,6.079027355623101,High
51800,2023,Owner,4-or-more person,6336,571.8915981197836,5.486970753505645,High
51800,2023,Renter,1-person,4114,399,5.895799501442919,High
51800,2023,Renter,2-person,2851,394,8.40104096147142,High
51800,2023,Renter,3-person,1590,333,12.731547858003097,High
51800,2023,Renter,4-or-more person,2451,445.5962297865636,11.051781601122142,High
51810,2010,Owner,1-person,22574,954,2.5690582516454494,High
51810,2010,Owner,2-person,38999,1032,1.6086454091138336,High
51810,2010,Owner,3-person,20026,827,2.510414272995258,High
51810,2010,Owner,4-or-more person,27500,1040.6334609265646,2.300377918599756,High
51810,2010,Renter,1-person,16879,880,3.169348938295117,High
51810,2010,Renter,2-person,16938,835,2.996804724256281,High
51810,2010,Renter,3-person,10011,702,4.26278813669705,High
51810,2010,Renter,4-or-more person,11017,821.3574130669303,4.532135956047647,High
51810,2023,Owner,1-person,25349,1228,2.9449073307448685,High
51810,2023,Owner,2-person,42874,1287,1.8248141546594507,High
51810,2023,Owner,3-person,21528,948,2.6769406972922236,High
51810,2023,Owner,4-or-more person,26978,1225.9991843390435,2.7625778706978474,High
51810,2023,Renter,1-person,21492,1146,3.2414690813065667,High
51810,2023,Renter,2-person,21066,1174,3.3878183402171844,High
51810,2023,Renter,3-person,9651,797,5.020189412943334,High
51810,2023,Renter,4-or-more person,10862,793.2805304556516,4.4396741348951485,High
51820,2010,Owner,1-person,1300,196,9.165302782324058,High
51820,2010,Owner,2-person,2280,281,7.492134591798645,High
51820,2010,Owner,3-person,660,157,14.460716588376163,High
51820,2010,Owner,4-or-more person,780,159.9874995116806,12.468825462682611,High
51820,2010,Renter,1-person,1220,243,12.108226618167322,High
51820,2010,Renter,2-person,1124,233,12.601542472065677,High
51820,2010,Renter,3-person,594,183,18.728316600657028,Medium
51820,2010,Renter,4-or-more person,588,238.85351159235654,24.6938270570846,Medium
51820,2023,Owner,1-person,1757,281,9.72229190056967,High
51820,2023,Owner,2-person,2020,290,8.727316500647026,High
51820,2023,Owner,3-person,829,241,17.67244382032771,Medium
51820,2023,Owner,4-or-more person,1125,269.6312296452323,14.569738852832545,High
51820,2023,Renter,1-person,1975,303,9.326305259512909,High
51820,2023,Renter,2-person,960,252,15.957446808510639,Medium
51820,2023,Renter,3-person,317,155,29.72395079247888,Medium
51820,2023,Renter,4-or-more person,637,221.912144778063,21.177550999228238,Medium
51830,2010,Owner,1-person,721,131,11.045112116319364,High
51830,2010,Owner,2-person,1026,130,7.702471308294377,High
51830,2010,Owner,3-person,188,80,25.868201513289783,Medium
51830,2010,Owner,4-or-more person,80,134.32423459673984,102.07008707958953,Low
51830,2010,Renter,1-person,834,185,13.484653007077622,High
51830,2010,Renter,2-person,507,188,22.541561003099464,Medium
51830,2010,Renter,3-person,239,117,29.759255255560785,Medium
51830,2010,Renter,4-or-more person,474,187.34993995195194,24.027540296250233,Medium
51830,2023,Owner,1-person,963,228,14.392712742285221,High
51830,2023,Owner,2-person,1052,174,10.054665017855697,High
51830,2023,Owner,3-person,302,123,24.758952474888787,Medium
51830,2023,Owner,4-or-more person,298,112.12047092302102,22.871926505583527,Medium
51830,2023,Renter,1-person,940,249,16.102955442022893,Medium
51830,2023,Renter,2-person,686,208,18.432036296933017,Medium
51830,2023,Renter,3-person,374,138,22.430635697218925,Medium
51830,2023,Renter,4-or-more person,358,177.93538152936307,30.21435899022993,Low
51840,2010,Owner,1-person,1458,296,12.341509583432359,High
51840,2010,Owner,2-person,1973,279,8.596293118189788,High
51840,2010,Owner,3-person,739,178,14.642312169159835,High
51840,2010,Owner,4-or-more person,1003,228.58477639597962,13.85416858215503,High
51840,2010,Renter,1-person,2302,377,9.955661655386224,High
51840,2010,Renter,2-person,1370,247,10.959998225101502,High
51840,2010,Renter,3-person,621,207,20.26342451874367,Medium
51840,2010,Renter,4-or-more person,755,210.1261525845843,16.91871032706651,Medium
51840,2023,Owner,1-person,1219,228,11.37012499657151,High
51840,2023,Owner,2-person,1744,237,8.261063550932768,High
51840,2023,Owner,3-person,717,177,15.006803932291335,Medium
51840,2023,Owner,4-or-more person,1031,261.1991577321795,15.40093913792078,Medium
51840,2023,Renter,1-person,2738,415,9.214011514184026,High
51840,2023,Renter,2-person,1584,355,13.624082773018941,High
51840,2023,Renter,3-person,1187,323,16.54191942600052,Medium
51840,2023,Renter,4-or-more person,1035,296.5569085352759,17.41814067135227,Medium
