GEOID,tenure,age,estimate,moe,cv,reliability
51001,Owner,1939 or earlier,1850,296,9.72644376899696,High
51001,Owner,1940 to 1949,314,135,26.13594563723307,Medium
51001,Owner,1950 to 1959,417,113,16.473143673511036,Medium
51001,Owner,1960 to 1969,976,284,17.688973043001646,Medium
51001,Owner,1970 to 1979,1094,257,14.280713257725196,High
51001,Owner,1980 to 1989,1406,256,11.06849931038061,High
51001,Owner,1990 to 1999,1594,281,10.716478588018138,High
51001,Owner,2000 to 2009,1763,337,11.620148717214889,High
51001,Owner,2010 to 2019,586,191,19.813894623276656,Medium
51001,Owner,2020 or later,81,75,56.28729032984352,Low
51001,Renter,1939 or earlier,526,149,17.22005847885631,Medium
51001,Renter,1940 to 1949,194,101,31.64854448030583,Low
51001,Renter,1950 to 1959,347,155,27.154156775838057,Medium
51001,Renter,1960 to 1969,713,223,19.012946708330315,Medium
51001,Renter,1970 to 1979,513,185,21.92241833899169,Medium
51001,Renter,1980 to 1989,710,282,24.14486921529175,Medium
51001,Renter,1990 to 1999,292,114,23.733188991131282,Medium
51001,Renter,2000 to 2009,542,212,23.777745376237956,Medium
51001,Renter,2010 to 2019,384,200,31.661600810536978,Low
51001,Renter,2020 or later,0,28,Inf,Low
51003,Owner,1939 or earlier,1236,241,11.853119682080642,High
51003,Owner,1940 to 1949,153,68,27.017899358324893,Medium
51003,Owner,1950 to 1959,911,244,16.281917395960882,Medium
51003,Owner,1960 to 1969,2008,302,9.142760265927173,High
51003,Owner,1970 to 1979,3987,480,7.318618336340829,High
51003,Owner,1980 to 1989,5660,554,5.950143383419078,High
51003,Owner,1990 to 1999,6227,526,5.1350062454757515,High
51003,Owner,2000 to 2009,4738,439,5.632530622875772,High
51003,Owner,2010 to 2019,4360,442,6.162683695379382,High
51003,Owner,2020 or later,440,123,16.99364465321912,Medium
51003,Renter,1939 or earlier,1134,223,11.954348327195339,High
51003,Renter,1940 to 1949,340,121,21.634185589129267,Medium
51003,Renter,1950 to 1959,513,141,16.70843776106934,Medium
51003,Renter,1960 to 1969,888,288,19.71576439661546,Medium
51003,Renter,1970 to 1979,2320,331,8.673095063410544,High
51003,Renter,1980 to 1989,2437,423,10.551614983293277,High
51003,Renter,1990 to 1999,2388,344,8.75705783222088,High
51003,Renter,2000 to 2009,2646,394,9.051915261207489,High
51003,Renter,2010 to 2019,2380,413,10.54890041122832,High
51003,Renter,2020 or later,298,100,20.39942065645336,Medium
51005,Owner,1939 or earlier,879,204,14.108322873118459,High
51005,Owner,1940 to 1949,339,100,17.932234087383776,Medium
51005,Owner,1950 to 1959,518,127,14.90417903791764,High
51005,Owner,1960 to 1969,832,165,12.05576338555062,High
51005,Owner,1970 to 1979,647,130,12.214428998933586,High
51005,Owner,1980 to 1989,840,210,15.19756838905775,Medium
51005,Owner,1990 to 1999,443,120,16.466891256766864,Medium
51005,Owner,2000 to 2009,523,187,21.735719225650474,Medium
51005,Owner,2010 to 2019,49,33,40.94038831338006,Low
51005,Owner,2020 or later,0,21,Inf,Low
51005,Renter,1939 or earlier,301,123,24.841208130951543,Medium
51005,Renter,1940 to 1949,95,66,42.233242681171006,Low
51005,Renter,1950 to 1959,109,57,31.789409107386856,Low
51005,Renter,1960 to 1969,107,95,53.97267278356958,Low
51005,Renter,1970 to 1979,189,75,24.123124427075794,Medium
51005,Renter,1980 to 1989,274,113,25.07044128413906,Medium
51005,Renter,1990 to 1999,122,77,38.36763167073596,Low
51005,Renter,2000 to 2009,16,26,98.78419452887537,Low
51005,Renter,2010 to 2019,0,21,Inf,Low
51005,Renter,2020 or later,9,16,108.07159743329954,Low
51007,Owner,1939 or earlier,190,92,29.43529035354343,Medium
51007,Owner,1940 to 1949,6,12,121.580547112462,Low
51007,Owner,1950 to 1959,181,95,31.906497170397486,Low
51007,Owner,1960 to 1969,395,188,28.93309222423146,Medium
51007,Owner,1970 to 1979,491,161,19.93326688911037,Medium
51007,Owner,1980 to 1989,464,181,23.713447227753903,Medium
51007,Owner,1990 to 1999,758,189,15.157469264020659,Medium
51007,Owner,2000 to 2009,1131,248,13.329785890314136,High
51007,Owner,2010 to 2019,630,235,22.67573696145125,Medium
51007,Owner,2020 or later,43,45,63.617728140241745,Low
51007,Renter,1939 or earlier,344,213,37.64048914964303,Low
51007,Renter,1940 to 1949,22,27,74.60624481901078,Low
51007,Renter,1950 to 1959,17,23,82.24566422313606,Low
51007,Renter,1960 to 1969,0,21,Inf,Low
51007,Renter,1970 to 1979,72,72,60.790273556231,Low
51007,Renter,1980 to 1989,180,162,54.7112462006079,Low
51007,Renter,1990 to 1999,228,115,30.661760784941077,Low
51007,Renter,2000 to 2009,95,95,60.790273556231,Low
51007,Renter,2010 to 2019,34,37,66.15412122295727,Low
51007,Renter,2020 or later,4,8,121.580547112462,Low
51009,Owner,1939 or earlier,756,183,14.715105900516235,High
51009,Owner,1940 to 1949,532,149,17.02584729300455,Medium
51009,Owner,1950 to 1959,766,176,13.967477997254122,High
51009,Owner,1960 to 1969,1259,224,10.815743666875095,High
51009,Owner,1970 to 1979,1694,224,8.038383280162776,High
51009,Owner,1980 to 1989,1459,248,10.333096533204447,High
51009,Owner,1990 to 1999,1614,249,9.378425102541215,High
51009,Owner,2000 to 2009,1339,265,12.030935393876936,High
51009,Owner,2010 to 2019,491,123,15.228520666835873,Medium
51009,Owner,2020 or later,49,36,44.66224179641461,Low
51009,Renter,1939 or earlier,289,117,24.61059517674404,Medium
51009,Renter,1940 to 1949,33,32,58.94814405452703,Low
51009,Renter,1950 to 1959,360,170,28.7065180682202,Medium
51009,Renter,1960 to 1969,430,162,22.902382130487027,Medium
51009,Renter,1970 to 1979,650,186,17.395370586859947,Medium
51009,Renter,1980 to 1989,355,134,22.946187764887192,Medium
51009,Renter,1990 to 1999,242,102,25.622346705518854,Medium
51009,Renter,2000 to 2009,307,147,29.10804629565458,Medium
51009,Renter,2010 to 2019,77,48,37.89523546362452,Low
51009,Renter,2020 or later,0,28,Inf,Low
51011,Owner,1939 or earlier,304,118,23.59622460406335,Medium
51011,Owner,1940 to 1949,190,88,28.155495120780678,Medium
51011,Owner,1950 to 1959,367,123,20.373851900317206,Medium
51011,Owner,1960 to 1969,482,182,22.954003707954445,Medium
51011,Owner,1970 to 1979,786,162,12.529293023039978,High
51011,Owner,1980 to 1989,444,123,16.840548755442374,Medium
51011,Owner,1990 to 1999,733,166,13.766965089132805,High
51011,Owner,2000 to 2009,981,168,10.410566725226104,High
51011,Owner,2010 to 2019,773,212,16.672106072342785,Medium
51011,Owner,2020 or later,32,21,39.8936170212766,Low
51011,Renter,1939 or earlier,244,111,27.65459165877722,Medium
51011,Renter,1940 to 1949,64,52,49.39209726443769,Low
51011,Renter,1950 to 1959,232,133,34.84959647835657,Low
51011,Renter,1960 to 1969,62,47,46.08294930875576,Low
51011,Renter,1970 to 1979,298,141,28.76318312559923,Medium
51011,Renter,1980 to 1989,171,104,36.971862279813,Low
51011,Renter,1990 to 1999,101,63,37.91868548556984,Low
51011,Renter,2000 to 2009,222,102,27.93066622853857,Medium
51011,Renter,2010 to 2019,75,58,47.01114488348531,Low
51011,Renter,2020 or later,2,3,91.1854103343465,Low
51013,Owner,1939 or earlier,6058,467,4.686209599002951,High
51013,Owner,1940 to 1949,9680,656,4.1196714310834235,High
51013,Owner,1950 to 1959,8078,601,4.5227722712670015,High
51013,Owner,1960 to 1969,4453,520,7.0987968221963005,High
51013,Owner,1970 to 1979,2961,356,7.308793443437432,High
51013,Owner,1980 to 1989,4855,403,5.046030946068196,High
51013,Owner,1990 to 1999,2734,299,6.648241328936748,High
51013,Owner,2000 to 2009,4790,490,6.218629236441166,High
51013,Owner,2010 to 2019,2822,393,8.465831859531816,High
51013,Owner,2020 or later,239,80,20.348208721750964,Medium
51013,Renter,1939 or earlier,2964,528,10.829036584915643,High
51013,Renter,1940 to 1949,4778,467,5.941619453905375,High
51013,Renter,1950 to 1959,6307,627,6.043364756581075,High
51013,Renter,1960 to 1969,8093,649,4.874939767452604,High
51013,Renter,1970 to 1979,6433,653,6.17068997858213,High
51013,Renter,1980 to 1989,7569,680,5.461406529031191,High
51013,Renter,1990 to 1999,7554,745,5.995334101057995,High
51013,Renter,2000 to 2009,10637,851,4.863450483816168,High
51013,Renter,2010 to 2019,9523,677,4.321643935479197,High
51013,Renter,2020 or later,1002,240,14.56054456436671,High
51015,Owner,1939 or earlier,1946,343,10.714832389407622,High
51015,Owner,1940 to 1949,726,209,17.500230266187714,Medium
51015,Owner,1950 to 1959,1305,263,12.25121988144732,High
51015,Owner,1960 to 1969,1754,303,10.501398453556439,High
51015,Owner,1970 to 1979,2904,362,7.577850904736784,High
51015,Owner,1980 to 1989,3606,551,9.288807745281,High
51015,Owner,1990 to 1999,5569,595,6.4949205900444325,High
51015,Owner,2000 to 2009,4363,500,6.966568136171328,High
51015,Owner,2010 to 2019,1962,377,11.680903736340005,High
51015,Owner,2020 or later,57,40,42.659841092091924,Low
51015,Renter,1939 or earlier,720,267,22.543059777102332,Medium
51015,Renter,1940 to 1949,134,71,32.209771809644785,Low
51015,Renter,1950 to 1959,548,184,20.411332726909677,Medium
51015,Renter,1960 to 1969,459,173,22.91223818132454,Medium
51015,Renter,1970 to 1979,1064,252,14.397696368581029,High
51015,Renter,1980 to 1989,848,286,20.502379996559043,Medium
51015,Renter,1990 to 1999,959,305,19.33371578170016,Medium
51015,Renter,2000 to 2009,725,250,20.96216329525207,Medium
51015,Renter,2010 to 2019,937,245,15.895002157178864,Medium
51015,Renter,2020 or later,58,69,72.31946336861964,Low
51017,Owner,1939 or earlier,248,111,27.2085498578292,Medium
51017,Owner,1940 to 1949,38,32,51.191809310510315,Low
51017,Owner,1950 to 1959,161,135,50.973210745907984,Low
51017,Owner,1960 to 1969,125,78,37.933130699088146,Low
51017,Owner,1970 to 1979,168,83,30.03328991170936,Low
51017,Owner,1980 to 1989,182,95,31.731186746384317,Low
51017,Owner,1990 to 1999,139,67,29.301786534298397,Medium
51017,Owner,2000 to 2009,209,106,30.83143060746644,Low
51017,Owner,2010 to 2019,73,54,44.968147562143486,Low
51017,Owner,2020 or later,0,13,Inf,Low
51017,Renter,1939 or earlier,93,59,38.565872471157306,Low
51017,Renter,1940 to 1949,0,13,Inf,Low
51017,Renter,1950 to 1959,15,24,97.26443768996961,Low
51017,Renter,1960 to 1969,55,62,68.52721746338769,Low
51017,Renter,1970 to 1979,123,86,42.503768502730615,Low
51017,Renter,1980 to 1989,10,13,79.0273556231003,Low
51017,Renter,1990 to 1999,54,39,43.90408645727795,Low
51017,Renter,2000 to 2009,54,32,36.02386581109985,Low
51017,Renter,2010 to 2019,34,50,89.39746111210441,Low
51017,Renter,2020 or later,0,13,Inf,Low
51019,Owner,1939 or earlier,1233,251,12.374986749889684,High
51019,Owner,1940 to 1949,490,216,26.79734507784877,Medium
51019,Owner,1950 to 1959,1204,226,11.410798856900502,High
51019,Owner,1960 to 1969,1518,266,10.652314075070782,High
51019,Owner,1970 to 1979,3759,448,7.245023291617847,High
51019,Owner,1980 to 1989,5218,502,5.848355179231116,High
51019,Owner,1990 to 1999,6596,540,4.976765876343957,High
51019,Owner,2000 to 2009,4612,399,5.259175877913306,High
51019,Owner,2010 to 2019,2593,362,8.486725425127506,High
51019,Owner,2020 or later,313,148,28.744282703904755,Medium
51019,Renter,1939 or earlier,364,150,25.05093690504025,Medium
51019,Renter,1940 to 1949,209,126,36.64868166547898,Low
51019,Renter,1950 to 1959,239,130,33.065839172845315,Low
51019,Renter,1960 to 1969,608,185,18.497040473524237,Medium
51019,Renter,1970 to 1979,873,281,19.567086906415707,Medium
51019,Renter,1980 to 1989,743,180,14.727118761940217,High
51019,Renter,1990 to 1999,810,185,13.884198281361403,High
51019,Renter,2000 to 2009,420,145,20.98711825155594,Medium
51019,Renter,2010 to 2019,870,246,17.1889739021067,Medium
51019,Renter,2020 or later,26,22,51.437923778349315,Low
51021,Owner,1939 or earlier,157,66,25.55514684529456,Medium
51021,Owner,1940 to 1949,42,32,46.31639889998552,Low
51021,Owner,1950 to 1959,106,55,31.54212307162929,Low
51021,Owner,1960 to 1969,99,57,35.00046053237543,Low
51021,Owner,1970 to 1979,298,94,19.175455417066154,Medium
51021,Owner,1980 to 1989,416,173,25.28057049333645,Medium
51021,Owner,1990 to 1999,372,119,19.446350949439488,Medium
51021,Owner,2000 to 2009,290,124,25.993082486112566,Medium
51021,Owner,2010 to 2019,110,59,32.60569218016027,Low
51021,Owner,2020 or later,6,10,101.31712259371832,Low
51021,Renter,1939 or earlier,85,74,52.92329697836582,Low
51021,Renter,1940 to 1949,27,32,72.0477316221997,Low
51021,Renter,1950 to 1959,43,45,63.617728140241745,Low
51021,Renter,1960 to 1969,58,46,48.21297557907976,Low
51021,Renter,1970 to 1979,10,18,109.4224924012158,Low
51021,Renter,1980 to 1989,56,38,41.25054277029961,Low
51021,Renter,1990 to 1999,78,65,50.658561296859176,Low
51021,Renter,2000 to 2009,39,38,59.231548593250714,Low
51021,Renter,2010 to 2019,53,48,55.05534208866204,Low
51021,Renter,2020 or later,0,19,Inf,Low
51023,Owner,1939 or earlier,763,143,11.3931967477602,High
51023,Owner,1940 to 1949,353,168,28.93134832137906,Medium
51023,Owner,1950 to 1959,552,139,15.307695696224838,Medium
51023,Owner,1960 to 1969,858,191,13.532566724056085,High
51023,Owner,1970 to 1979,2021,311,9.354663570503632,High
51023,Owner,1980 to 1989,1792,231,7.836246200607902,High
51023,Owner,1990 to 1999,2155,256,7.221489573269205,High
51023,Owner,2000 to 2009,1861,286,9.342298891500304,High
51023,Owner,2010 to 2019,806,199,15.009012949987554,Medium
51023,Owner,2020 or later,84,50,36.18468664061369,Low
51023,Renter,1939 or earlier,159,80,30.586301160367796,Low
51023,Renter,1940 to 1949,175,202,70.16934433347807,Low
51023,Renter,1950 to 1959,270,129,29.04424181019926,Medium
51023,Renter,1960 to 1969,213,95,27.113032806769695,Medium
51023,Renter,1970 to 1979,300,112,22.69503546099291,Medium
51023,Renter,1980 to 1989,161,74,27.940871075534744,Medium
51023,Renter,1990 to 1999,139,64,27.989766241717874,Medium
51023,Renter,2000 to 2009,233,83,21.654904314022204,Medium
51023,Renter,2010 to 2019,178,103,35.1763942488303,Low
51023,Renter,2020 or later,32,34,64.58966565349544,Low
51025,Owner,1939 or earlier,464,127,16.63871711560633,Medium
51025,Owner,1940 to 1949,158,79,30.3951367781155,Low
51025,Owner,1950 to 1959,324,99,18.574805808848364,Medium
51025,Owner,1960 to 1969,429,139,19.69661544129629,Medium
51025,Owner,1970 to 1979,796,139,10.615386965221244,High
51025,Owner,1980 to 1989,347,115,20.146632446589525,Medium
51025,Owner,1990 to 1999,936,186,12.080118463097186,High
51025,Owner,2000 to 2009,845,182,13.093289689034371,High
51025,Owner,2010 to 2019,323,142,26.725135742987007,Medium
51025,Owner,2020 or later,13,20,93.52349777881692,Low
51025,Renter,1939 or earlier,173,99,34.78749758420156,Low
51025,Renter,1940 to 1949,130,83,38.81225157820902,Low
51025,Renter,1950 to 1959,192,97,30.71175278622087,Low
51025,Renter,1960 to 1969,112,59,32.02344767694312,Low
51025,Renter,1970 to 1979,370,188,30.888030888030887,Low
51025,Renter,1980 to 1989,143,80,34.008544646842516,Low
51025,Renter,1990 to 1999,354,172,29.536517095117887,Medium
51025,Renter,2000 to 2009,222,130,35.59790793833347,Low
51025,Renter,2010 to 2019,59,51,52.54752459945392,Low
51025,Renter,2020 or later,0,21,Inf,Low
51027,Owner,1939 or earlier,219,92,25.537466516772838,Medium
51027,Owner,1940 to 1949,460,184,24.3161094224924,Medium
51027,Owner,1950 to 1959,375,116,18.80445795339412,Medium
51027,Owner,1960 to 1969,507,131,15.707151550032073,Medium
51027,Owner,1970 to 1979,1279,204,9.696024867452014,High
51027,Owner,1980 to 1989,939,202,13.077353842767478,High
51027,Owner,1990 to 1999,1166,233,12.147627563123347,High
51027,Owner,2000 to 2009,781,249,19.38127799680092,Medium
51027,Owner,2010 to 2019,307,109,21.583517321267685,Medium
51027,Owner,2020 or later,5,16,194.5288753799392,Low
51027,Renter,1939 or earlier,21,27,78.15892314372557,Low
51027,Renter,1940 to 1949,93,57,37.25855476027062,Low
51027,Renter,1950 to 1959,146,94,39.138943248532286,Low
51027,Renter,1960 to 1969,211,123,35.436984110978266,Low
51027,Renter,1970 to 1979,289,135,28.396840588550816,Medium
51027,Renter,1980 to 1989,159,74,28.292328573340214,Medium
51027,Renter,1990 to 1999,157,84,32.52473234855671,Low
51027,Renter,2000 to 2009,190,101,32.31482962725964,Low
51027,Renter,2010 to 2019,45,43,58.08848362039851,Low
51027,Renter,2020 or later,2,3,91.1854103343465,Low
51029,Owner,1939 or earlier,294,95,19.643115604904576,Medium
51029,Owner,1940 to 1949,39,41,63.90772348219157,Low
51029,Owner,1950 to 1959,223,109,29.713631469189146,Medium
51029,Owner,1960 to 1969,222,91,24.91853555683343,Medium
51029,Owner,1970 to 1979,796,196,14.968459317865927,High
51029,Owner,1980 to 1989,517,141,16.579165515335728,Medium
51029,Owner,1990 to 1999,976,188,11.709601873536299,High
51029,Owner,2000 to 2009,1060,196,11.240465676435168,High
51029,Owner,2010 to 2019,439,133,18.417098822274998,Medium
51029,Owner,2020 or later,67,43,39.0146531778796,Low
51029,Renter,1939 or earlier,104,57,33.31774608370353,Low
51029,Renter,1940 to 1949,61,53,52.81777866361054,Low
51029,Renter,1950 to 1959,100,57,34.650455927051674,Low
51029,Renter,1960 to 1969,55,49,54.15860735009671,Low
51029,Renter,1970 to 1979,278,111,24.27237541273972,Medium
51029,Renter,1980 to 1989,295,108,22.255422183298133,Medium
51029,Renter,1990 to 1999,200,73,22.188449848024316,Medium
51029,Renter,2000 to 2009,218,97,27.048883187864252,Medium
51029,Renter,2010 to 2019,118,82,42.24408840348256,Low
51029,Renter,2020 or later,0,21,Inf,Low
51031,Owner,1939 or earlier,918,201,13.310288654468879,High
51031,Owner,1940 to 1949,731,195,16.216283643591034,Medium
51031,Owner,1950 to 1959,1034,226,13.286848959098846,High
51031,Owner,1960 to 1969,2191,333,9.2392337262551,High
51031,Owner,1970 to 1979,3334,354,6.454636124446843,High
51031,Owner,1980 to 1989,2220,350,9.584052137243626,High
51031,Owner,1990 to 1999,2481,335,8.208279581353239,High
51031,Owner,2000 to 2009,2534,356,8.54038570876805,High
51031,Owner,2010 to 2019,1164,279,14.570864537962585,High
51031,Owner,2020 or later,70,49,42.5531914893617,Low
51031,Renter,1939 or earlier,398,218,33.29718501321196,Low
51031,Renter,1940 to 1949,143,100,42.51068080855315,Low
51031,Renter,1950 to 1959,446,212,28.895825098477516,Medium
51031,Renter,1960 to 1969,721,298,25.125522218802825,Medium
51031,Renter,1970 to 1979,947,295,18.93678004127576,Medium
51031,Renter,1980 to 1989,814,269,20.08916902533924,Medium
51031,Renter,1990 to 1999,419,135,19.586364988284448,Medium
51031,Renter,2000 to 2009,760,239,19.116941289393697,Medium
51031,Renter,2010 to 2019,711,181,15.47544235397723,Medium
51031,Renter,2020 or later,44,37,51.11909367228517,Low
51033,Owner,1939 or earlier,411,116,17.15735214725741,Medium
51033,Owner,1940 to 1949,196,95,29.464673407356862,Medium
51033,Owner,1950 to 1959,462,145,19.079198410505402,Medium
51033,Owner,1960 to 1969,632,196,18.852679773767843,Medium
51033,Owner,1970 to 1979,1322,241,11.082039279161627,High
51033,Owner,1980 to 1989,934,201,13.082275144328085,High
51033,Owner,1990 to 1999,1355,255,11.440235982906941,High
51033,Owner,2000 to 2009,3103,471,9.22727001127451,High
51033,Owner,2010 to 2019,1010,247,14.866532245929761,High
51033,Owner,2020 or later,123,77,38.055699705933236,Low
51033,Renter,1939 or earlier,79,71,54.63429648724559,Low
51033,Renter,1940 to 1949,199,130,39.71223900658307,Low
51033,Renter,1950 to 1959,112,84,45.59270516717325,Low
51033,Renter,1960 to 1969,177,99,34.00133944670547,Low
51033,Renter,1970 to 1979,479,180,22.843944133865513,Medium
51033,Renter,1980 to 1989,356,165,28.175267238140773,Medium
51033,Renter,1990 to 1999,255,140,33.37505214851898,Low
51033,Renter,2000 to 2009,286,134,28.48215614173061,Medium
51033,Renter,2010 to 2019,176,117,40.41171594363084,Low
51033,Renter,2020 or later,13,23,107.55202244563947,Low
51035,Owner,1939 or earlier,494,166,20.427500830636326,Medium
51035,Owner,1940 to 1949,369,149,24.546750026770784,Medium
51035,Owner,1950 to 1959,864,232,16.32331419565462,Medium
51035,Owner,1960 to 1969,752,187,15.11673025932872,Medium
51035,Owner,1970 to 1979,1841,305,10.071175141037727,High
51035,Owner,1980 to 1989,1336,320,14.560544564366706,High
51035,Owner,1990 to 1999,1735,346,12.123017089599958,High
51035,Owner,2000 to 2009,1716,294,10.415116798095521,High
51035,Owner,2010 to 2019,588,189,19.539730785931393,Medium
51035,Owner,2020 or later,29,26,54.501624567655384,Low
51035,Renter,1939 or earlier,211,116,33.42024517783316,Low
51035,Renter,1940 to 1949,188,118,38.15559723210244,Low
51035,Renter,1950 to 1959,355,187,32.021918746521685,Low
51035,Renter,1960 to 1969,246,128,31.63071144389255,Low
51035,Renter,1970 to 1979,509,203,24.24445094678761,Medium
51035,Renter,1980 to 1989,473,181,23.26223998663385,Medium
51035,Renter,1990 to 1999,359,146,24.722506794456063,Medium
51035,Renter,2000 to 2009,249,157,38.32961023425007,Low
51035,Renter,2010 to 2019,164,82,30.3951367781155,Low
51035,Renter,2020 or later,15,26,105.36980749746706,Low
51036,Owner,1939 or earlier,79,38,29.240891077680736,Medium
51036,Owner,1940 to 1949,39,20,31.174499259605643,Low
51036,Owner,1950 to 1959,155,52,20.394156289832335,Medium
51036,Owner,1960 to 1969,194,52,16.29430012847429,Medium
51036,Owner,1970 to 1979,269,62,14.011141117049524,High
51036,Owner,1980 to 1989,404,73,10.984381112883325,High
51036,Owner,1990 to 1999,596,89,9.077742192121743,High
51036,Owner,2000 to 2009,483,78,9.81706281032302,High
51036,Owner,2010 to 2019,296,77,15.813686026451984,Medium
51036,Owner,2020 or later,12,12,60.790273556231,Low
51036,Renter,1939 or earlier,28,19,41.25054277029961,Low
51036,Renter,1940 to 1949,45,25,33.77237419790611,Low
51036,Renter,1950 to 1959,32,17,32.29483282674772,Low
51036,Renter,1960 to 1969,48,23,29.128672745694022,Medium
51036,Renter,1970 to 1979,80,36,27.35562310030395,Medium
51036,Renter,1980 to 1989,55,27,29.84249792760431,Medium
51036,Renter,1990 to 1999,73,32,26.64779114793688,Medium
51036,Renter,2000 to 2009,17,16,57.21437511174683,Low
51036,Renter,2010 to 2019,19,16,51.191809310510315,Low
51036,Renter,2020 or later,23,26,68.71943967226113,Low
51037,Owner,1939 or earlier,439,132,18.278624395039845,Medium
51037,Owner,1940 to 1949,75,41,33.232016210739616,Low
51037,Owner,1950 to 1959,195,65,20.263424518743665,Medium
51037,Owner,1960 to 1969,207,71,20.850770156968125,Medium
51037,Owner,1970 to 1979,519,149,17.452313602848594,Medium
51037,Owner,1980 to 1989,526,159,18.375767101598345,Medium
51037,Owner,1990 to 1999,548,193,21.409713132030262,Medium
51037,Owner,2000 to 2009,567,176,18.8696439962904,Medium
51037,Owner,2010 to 2019,207,76,22.319134252529256,Medium
51037,Owner,2020 or later,4,7,106.38297872340425,Low
51037,Renter,1939 or earlier,137,78,34.61052071084685,Low
51037,Renter,1940 to 1949,52,27,31.564180500350712,Low
51037,Renter,1950 to 1959,179,67,22.7539012752373,Medium
51037,Renter,1960 to 1969,122,67,33.38482236284817,Low
51037,Renter,1970 to 1979,119,55,28.096344920947097,Medium
51037,Renter,1980 to 1989,341,139,24.779612974534047,Medium
51037,Renter,1990 to 1999,268,110,24.95123168352765,Medium
51037,Renter,2000 to 2009,40,36,54.7112462006079,Low
51037,Renter,2010 to 2019,76,72,57.5907854743241,Low
51037,Renter,2020 or later,0,21,Inf,Low
51041,Owner,1939 or earlier,1287,343,16.20129279703748,Medium
51041,Owner,1940 to 1949,1042,262,15.285078379781691,Medium
51041,Owner,1950 to 1959,3364,473,8.547502791943302,High
51041,Owner,1960 to 1969,7559,694,5.58122104088164,High
51041,Owner,1970 to 1979,16717,1032,3.7528002817509365,High
51041,Owner,1980 to 1989,24093,1177,2.9697485566630926,High
51041,Owner,1990 to 1999,16783,983,3.5605576420053078,High
51041,Owner,2000 to 2009,19083,1115,3.5519129599747195,High
51041,Owner,2010 to 2019,13600,802,3.5848381905953874,High
51041,Owner,2020 or later,2375,390,9.982402815549513,High
51041,Renter,1939 or earlier,726,251,21.017022951258927,Medium
51041,Renter,1940 to 1949,217,124,34.73729917498915,Low
51041,Renter,1950 to 1959,1175,303,15.676130117053614,Medium
51041,Renter,1960 to 1969,2301,389,10.277017128802198,High
51041,Renter,1970 to 1979,5183,720,8.444722546881405,High
51041,Renter,1980 to 1989,5460,678,7.548682320718796,High
51041,Renter,1990 to 1999,5614,615,6.659426119893492,High
51041,Renter,2000 to 2009,6072,720,7.208332832754665,High
51041,Renter,2010 to 2019,3894,506,7.899301083578041,High
51041,Renter,2020 or later,451,202,27.227572634941605,Medium
51043,Owner,1939 or earlier,753,233,18.810270569192326,Medium
51043,Owner,1940 to 1949,133,81,37.02264780492264,Low
51043,Owner,1950 to 1959,199,96,29.32596111255365,Medium
51043,Owner,1960 to 1969,326,138,25.73330598392601,Medium
51043,Owner,1970 to 1979,573,168,17.823326278266684,Medium
51043,Owner,1980 to 1989,584,183,19.049006953408,Medium
51043,Owner,1990 to 1999,666,197,17.98150734320947,Medium
51043,Owner,2000 to 2009,1073,232,13.143842931076973,High
51043,Owner,2010 to 2019,283,95,20.406628932303693,Medium
51043,Owner,2020 or later,48,31,39.26038500506586,Low
51043,Renter,1939 or earlier,245,105,26.05297438124186,Medium
51043,Renter,1940 to 1949,64,52,49.39209726443769,Low
51043,Renter,1950 to 1959,52,56,65.46644844517185,Low
51043,Renter,1960 to 1969,126,92,44.386548945819456,Low
51043,Renter,1970 to 1979,103,73,43.08436863694042,Low
51043,Renter,1980 to 1989,112,72,39.07946157186279,Low
51043,Renter,1990 to 1999,209,94,27.341079972658918,Medium
51043,Renter,2000 to 2009,35,41,71.21146330872776,Low
51043,Renter,2010 to 2019,26,25,58.452186111760575,Low
51043,Renter,2020 or later,41,35,51.89413596263622,Low
51045,Owner,1939 or earlier,132,90,41.44791378833932,Low
51045,Owner,1940 to 1949,49,53,65.75274486694373,Low
51045,Owner,1950 to 1959,60,58,58.76393110435664,Low
51045,Owner,1960 to 1969,154,93,36.71100935538625,Low
51045,Owner,1970 to 1979,215,81,22.902382130487027,Medium
51045,Owner,1980 to 1989,185,94,30.888030888030887,Low
51045,Owner,1990 to 1999,190,112,35.83426651735722,Low
51045,Owner,2000 to 2009,329,160,29.56365887233118,Medium
51045,Owner,2010 to 2019,141,107,46.13162603203345,Low
51045,Owner,2020 or later,0,13,Inf,Low
51045,Renter,1939 or earlier,111,124,67.9098551438977,Low
51045,Renter,1940 to 1949,5,9,109.4224924012158,Low
51045,Renter,1950 to 1959,4,6,91.1854103343465,Low
51045,Renter,1960 to 1969,36,54,91.1854103343465,Low
51045,Renter,1970 to 1979,90,72,48.6322188449848,Low
51045,Renter,1980 to 1989,23,33,87.22082727633143,Low
51045,Renter,1990 to 1999,25,39,94.83282674772036,Low
51045,Renter,2000 to 2009,3,8,162.10739614994932,Low
51045,Renter,2010 to 2019,0,13,Inf,Low
51045,Renter,2020 or later,0,13,Inf,Low
51047,Owner,1939 or earlier,696,183,15.983649512629702,Medium
51047,Owner,1940 to 1949,202,100,30.09419482981733,Low
51047,Owner,1950 to 1959,514,185,21.87976771965513,Medium
51047,Owner,1960 to 1969,699,172,14.958407799244252,High
51047,Owner,1970 to 1979,1655,264,9.697058742504522,High
51047,Owner,1980 to 1989,1938,323,10.131712259371833,High
51047,Owner,1990 to 1999,2098,375,10.865754329640907,High
51047,Owner,2000 to 2009,3999,370,5.624506430559008,High
51047,Owner,2010 to 2019,1782,303,10.33639331511672,High
51047,Owner,2020 or later,265,139,31.886218959683433,Low
51047,Renter,1939 or earlier,306,133,26.421916284244197,Medium
51047,Renter,1940 to 1949,69,77,67.83842121492447,Low
51047,Renter,1950 to 1959,402,187,28.27806257466467,Medium
51047,Renter,1960 to 1969,410,193,28.615909259396545,Medium
51047,Renter,1970 to 1979,698,260,22.643941439283754,Medium
51047,Renter,1980 to 1989,768,233,18.44288247213779,Medium
51047,Renter,1990 to 1999,942,271,17.488496957259663,Medium
51047,Renter,2000 to 2009,619,228,22.391247771923535,Medium
51047,Renter,2010 to 2019,515,226,26.676896745064475,Medium
51047,Renter,2020 or later,7,13,112.89622231871472,Low
51049,Owner,1939 or earlier,298,117,23.86732216805043,Medium
51049,Owner,1940 to 1949,107,64,36.360537454194244,Low
51049,Owner,1950 to 1959,171,120,42.65984109209193,Low
51049,Owner,1960 to 1969,355,143,24.48734962969305,Medium
51049,Owner,1970 to 1979,461,155,20.439245989622137,Medium
51049,Owner,1980 to 1989,619,195,19.150409278618813,Medium
51049,Owner,1990 to 1999,426,167,23.830928835423894,Medium
51049,Owner,2000 to 2009,372,118,19.282936235578653,Medium
51049,Owner,2010 to 2019,240,115,29.128672745694022,Medium
51049,Owner,2020 or later,101,80,48.15071172770772,Low
51049,Renter,1939 or earlier,30,34,68.89564336372848,Low
51049,Renter,1940 to 1949,139,96,41.98464936257681,Low
51049,Renter,1950 to 1959,62,55,53.92685557407588,Low
51049,Renter,1960 to 1969,81,73,54.78629592104769,Low
51049,Renter,1970 to 1979,85,54,38.619703200429115,Low
51049,Renter,1980 to 1989,199,97,29.63143987414275,Medium
51049,Renter,1990 to 1999,344,169,29.864989043613484,Medium
51049,Renter,2000 to 2009,61,70,69.75933031042902,Low
51049,Renter,2010 to 2019,24,37,93.71833839918948,Low
51049,Renter,2020 or later,0,19,Inf,Low
51051,Owner,1939 or earlier,307,112,22.17755908240349,Medium
51051,Owner,1940 to 1949,293,114,23.652188346110357,Medium
51051,Owner,1950 to 1959,254,95,22.73651963717301,Medium
51051,Owner,1960 to 1969,403,130,19.609765663300323,Medium
51051,Owner,1970 to 1979,704,196,16.924564796905223,Medium
51051,Owner,1980 to 1989,549,161,17.827384412665197,Medium
51051,Owner,1990 to 1999,764,183,14.561021021976797,High
51051,Owner,2000 to 2009,667,150,13.670976062120916,High
51051,Owner,2010 to 2019,302,108,21.739568026731618,Medium
51051,Owner,2020 or later,22,35,96.71179883945841,Low
51051,Renter,1939 or earlier,51,48,57.21437511174683,Low
51051,Renter,1940 to 1949,95,51,32.63477843545033,Low
51051,Renter,1950 to 1959,102,62,36.95095059300316,Low
51051,Renter,1960 to 1969,179,101,34.30065714625325,Low
51051,Renter,1970 to 1979,233,100,26.09024616147253,Medium
51051,Renter,1980 to 1989,305,122,24.3161094224924,Medium
51051,Renter,1990 to 1999,336,134,24.243740049211173,Medium
51051,Renter,2000 to 2009,104,62,36.240355389291565,Low
51051,Renter,2010 to 2019,41,30,44.48068796797391,Low
51051,Renter,2020 or later,6,12,121.580547112462,Low
51053,Owner,1939 or earlier,362,109,18.30425363985961,Medium
51053,Owner,1940 to 1949,31,25,49.024414158250806,Low
51053,Owner,1950 to 1959,442,163,22.418132555804643,Medium
51053,Owner,1960 to 1969,771,187,14.744203832704535,High
51053,Owner,1970 to 1979,1388,289,12.657340819705157,High
51053,Owner,1980 to 1989,987,225,13.857965096405241,High
51053,Owner,1990 to 1999,1703,305,10.887277413182886,High
51053,Owner,2000 to 2009,1761,302,10.425134931278684,High
51053,Owner,2010 to 2019,618,195,19.18139699589813,Medium
51053,Owner,2020 or later,96,51,32.29483282674772,Low
51053,Renter,1939 or earlier,188,106,34.27536700510897,Low
51053,Renter,1940 to 1949,189,113,36.34550747012753,Low
51053,Renter,1950 to 1959,54,34,38.275357424293595,Low
51053,Renter,1960 to 1969,317,146,27.99804397227043,Medium
51053,Renter,1970 to 1979,200,96,29.17933130699088,Medium
51053,Renter,1980 to 1989,521,200,23.33599752638426,Medium
51053,Renter,1990 to 1999,416,158,23.08861351414543,Medium
51053,Renter,2000 to 2009,257,144,34.06147623384149,Low
51053,Renter,2010 to 2019,126,91,43.90408645727795,Low
51053,Renter,2020 or later,0,25,Inf,Low
51057,Owner,1939 or earlier,112,51,27.681285280069474,Medium
51057,Owner,1940 to 1949,100,63,38.297872340425535,Low
51057,Owner,1950 to 1959,263,113,26.11901487396997,Medium
51057,Owner,1960 to 1969,150,51,20.66869300911854,Medium
51057,Owner,1970 to 1979,507,127,15.227543869115065,Medium
51057,Owner,1980 to 1989,467,200,26.034378396672803,Medium
51057,Owner,1990 to 1999,393,128,19.799376629001443,Medium
51057,Owner,2000 to 2009,848,176,12.61684922865172,High
51057,Owner,2010 to 2019,177,89,30.566860714715023,Low
51057,Owner,2020 or later,14,18,78.15892314372557,Low
51057,Renter,1939 or earlier,170,94,33.613445378151255,Low
51057,Renter,1940 to 1949,122,88,43.84872190941253,Low
51057,Renter,1950 to 1959,100,88,53.49544072948329,Low
51057,Renter,1960 to 1969,77,62,48.94801247384834,Low
51057,Renter,1970 to 1979,248,125,30.640258848906754,Low
51057,Renter,1980 to 1989,273,118,26.275649375953325,Medium
51057,Renter,1990 to 1999,200,132,40.12158054711246,Low
51057,Renter,2000 to 2009,160,72,27.35562310030395,Medium
51057,Renter,2010 to 2019,15,20,81.05369807497466,Low
51057,Renter,2020 or later,0,21,Inf,Low
51059,Owner,1939 or earlier,2628,334,7.726008891849754,High
51059,Owner,1940 to 1949,5857,548,5.687736026773876,High
51059,Owner,1950 to 1959,27174,1059,2.3690623278151404,High
51059,Owner,1960 to 1969,36988,1252,2.0576787739915976,High
51059,Owner,1970 to 1979,58670,1592,1.6495332452960587,High
51059,Owner,1980 to 1989,71106,1571,1.3430866559339423,High
51059,Owner,1990 to 1999,40585,1319,1.9756651674428651,High
51059,Owner,2000 to 2009,27124,1204,2.69840323557374,High
51059,Owner,2010 to 2019,10126,699,4.196365911100679,High
51059,Owner,2020 or later,1781,285,9.727809075533877,High
51059,Renter,1939 or earlier,1704,322,11.487363899710319,High
51059,Renter,1940 to 1949,1672,287,10.434694085309987,High
51059,Renter,1950 to 1959,6597,700,6.450385249259012,High
51059,Renter,1960 to 1969,17768,1107,3.7874174260889086,High
51059,Renter,1970 to 1979,21956,1388,3.842999621791247,High
51059,Renter,1980 to 1989,23220,1408,3.686163013228822,High
51059,Renter,1990 to 1999,20072,1005,3.0437537327626623,High
51059,Renter,2000 to 2009,19118,1104,3.510433204628048,High
51059,Renter,2010 to 2019,17509,926,3.2150204645079623,High
51059,Renter,2020 or later,1008,230,13.87079654556858,High
51061,Owner,1939 or earlier,1091,248,13.818503979784866,High
51061,Owner,1940 to 1949,427,158,22.493824875607725,Medium
51061,Owner,1950 to 1959,835,247,17.982272536992884,Medium
51061,Owner,1960 to 1969,853,228,16.248748383142637,Medium
51061,Owner,1970 to 1979,2819,372,8.021987145412535,High
51061,Owner,1980 to 1989,4680,379,4.922973008079391,High
51061,Owner,1990 to 1999,3048,310,6.182737796073363,High
51061,Owner,2000 to 2009,4548,504,6.736653006231405,High
51061,Owner,2010 to 2019,2082,294,8.58421730332945,High
51061,Owner,2020 or later,139,70,30.61380682687892,Low
51061,Renter,1939 or earlier,1167,298,15.523137549063273,Medium
51061,Renter,1940 to 1949,162,86,32.271379789110284,Low
51061,Renter,1950 to 1959,467,195,25.38351893675599,Medium
51061,Renter,1960 to 1969,397,172,26.337347737208393,Medium
51061,Renter,1970 to 1979,609,206,20.562883994390123,Medium
51061,Renter,1980 to 1989,1409,294,12.684414780363317,High
51061,Renter,1990 to 1999,668,212,19.292721547785888,Medium
51061,Renter,2000 to 2009,401,140,21.22353690242479,Medium
51061,Renter,2010 to 2019,424,143,20.502379996559043,Medium
51061,Renter,2020 or later,40,39,59.27051671732523,Low
51063,Owner,1939 or earlier,431,149,21.01566301595921,Medium
51063,Owner,1940 to 1949,252,118,28.465286823949437,Medium
51063,Owner,1950 to 1959,312,112,21.822149481723947,Medium
51063,Owner,1960 to 1969,351,133,23.034491119597504,Medium
51063,Owner,1970 to 1979,882,299,20.60804058198761,Medium
51063,Owner,1980 to 1989,741,191,15.66928778574915,Medium
51063,Owner,1990 to 1999,870,181,12.64717185480208,High
51063,Owner,2000 to 2009,1181,184,9.471134914772653,High
51063,Owner,2010 to 2019,483,124,15.60661267282121,Medium
51063,Owner,2020 or later,79,65,50.01731368550652,Low
51063,Renter,1939 or earlier,154,79,31.184620850274346,Low
51063,Renter,1940 to 1949,64,65,61.74012158054711,Low
51063,Renter,1950 to 1959,146,94,39.138943248532286,Low
51063,Renter,1960 to 1969,87,50,34.936938825420114,Low
51063,Renter,1970 to 1979,86,49,34.636318654131614,Low
51063,Renter,1980 to 1989,128,67,31.819908814589663,Low
51063,Renter,1990 to 1999,302,175,35.22615189516697,Low
51063,Renter,2000 to 2009,58,45,47.16486741431716,Low
51063,Renter,2010 to 2019,42,36,52.10594876248371,Low
51063,Renter,2020 or later,0,21,Inf,Low
51065,Owner,1939 or earlier,452,162,21.78766441617129,Medium
51065,Owner,1940 to 1949,82,53,39.29127437171028,Low
51065,Owner,1950 to 1959,267,132,30.053618387350156,Low
51065,Owner,1960 to 1969,316,124,23.854411142318497,Medium
51065,Owner,1970 to 1979,635,217,20.7739989948065,Medium
51065,Owner,1980 to 1989,1255,294,14.24090870560312,High
51065,Owner,1990 to 1999,2616,313,7.273453984365559,High
51065,Owner,2000 to 2009,2302,345,9.110618756255297,High
51065,Owner,2010 to 2019,974,248,15.47842694244896,Medium
51065,Owner,2020 or later,164,73,27.059085180517457,Medium
51065,Renter,1939 or earlier,137,104,46.147360947795796,Low
51065,Renter,1940 to 1949,46,44,58.14721818422096,Low
51065,Renter,1950 to 1959,103,67,39.5431876530823,Low
51065,Renter,1960 to 1969,16,20,75.98784194528875,Low
51065,Renter,1970 to 1979,23,29,76.64860578829126,Low
51065,Renter,1980 to 1989,190,142,45.43273076307791,Low
51065,Renter,1990 to 1999,485,210,26.32156174599693,Medium
51065,Renter,2000 to 2009,188,96,31.041841815947745,Low
51065,Renter,2010 to 2019,0,25,Inf,Low
51065,Renter,2020 or later,0,25,Inf,Low
51067,Owner,1939 or earlier,930,254,16.60293492826094,Medium
51067,Owner,1940 to 1949,367,146,24.18359656460416,Medium
51067,Owner,1950 to 1959,1044,249,14.498829612549349,High
51067,Owner,1960 to 1969,972,211,13.196242510663314,High
51067,Owner,1970 to 1979,2723,389,8.684324793747287,High
51067,Owner,1980 to 1989,3104,494,9.67474070128161,High
51067,Owner,1990 to 1999,3455,440,7.7417425078847,High
51067,Owner,2000 to 2009,3907,474,7.375118931572433,High
51067,Owner,2010 to 2019,1256,248,12.003175033395932,High
51067,Owner,2020 or later,164,81,30.024464378382387,Low
51067,Renter,1939 or earlier,251,125,30.274040615652886,Low
51067,Renter,1940 to 1949,241,119,30.016774079632736,Low
51067,Renter,1950 to 1959,285,145,30.92838479176665,Low
51067,Renter,1960 to 1969,765,360,28.607187555873416,Medium
51067,Renter,1970 to 1979,729,245,20.430201675276535,Medium
51067,Renter,1980 to 1989,731,212,17.630010935596406,Medium
51067,Renter,1990 to 1999,636,202,19.307602607482174,Medium
51067,Renter,2000 to 2009,623,220,21.46687027667868,Medium
51067,Renter,2010 to 2019,287,143,30.289230378191757,Low
51067,Renter,2020 or later,14,22,95.52757273122016,Low
51069,Owner,1939 or earlier,1013,241,14.462444153061869,High
51069,Owner,1940 to 1949,318,116,22.175068341266655,Medium
51069,Owner,1950 to 1959,856,218,15.481635087918644,Medium
51069,Owner,1960 to 1969,1201,231,11.692384006235939,High
51069,Owner,1970 to 1979,2968,459,9.401191227193406,High
51069,Owner,1980 to 1989,4405,446,6.154928945761414,High
51069,Owner,1990 to 1999,4274,489,6.95518104094454,High
51069,Owner,2000 to 2009,6942,468,4.098220689184113,High
51069,Owner,2010 to 2019,4243,439,6.289637070748388,High
51069,Owner,2020 or later,571,163,17.353440612374175,Medium
51069,Renter,1939 or earlier,242,97,24.366349317993414,Medium
51069,Renter,1940 to 1949,110,63,34.81624758220504,Low
51069,Renter,1950 to 1959,276,160,35.240738293467246,Low
51069,Renter,1960 to 1969,519,171,20.029165275752412,Medium
51069,Renter,1970 to 1979,851,246,17.57274652741813,Medium
51069,Renter,1980 to 1989,1564,290,11.271853792395776,High
51069,Renter,1990 to 1999,1672,525,19.087855034103633,Medium
51069,Renter,2000 to 2009,1137,262,14.007961012957363,High
51069,Renter,2010 to 2019,1083,312,17.512987395700897,Medium
51069,Renter,2020 or later,93,60,39.219531326600645,Low
51071,Owner,1939 or earlier,379,115,18.44559751706218,Medium
51071,Owner,1940 to 1949,727,181,15.134854901895201,Medium
51071,Owner,1950 to 1959,636,168,16.057808109193093,Medium
51071,Owner,1960 to 1969,588,174,17.988958501333663,Medium
51071,Owner,1970 to 1979,709,160,13.718538461208688,High
51071,Owner,1980 to 1989,475,161,20.604703247480405,Medium
51071,Owner,1990 to 1999,918,190,12.58186489725914,High
51071,Owner,2000 to 2009,502,142,17.195655069690844,Medium
51071,Owner,2010 to 2019,289,121,25.45198304603443,Medium
51071,Owner,2020 or later,116,83,43.49648883764804,Low
51071,Renter,1939 or earlier,198,81,24.86874827300359,Medium
51071,Renter,1940 to 1949,183,76,25.246233826631453,Medium
51071,Renter,1950 to 1959,291,149,31.12629127105986,Low
51071,Renter,1960 to 1969,126,92,44.386548945819456,Low
51071,Renter,1970 to 1979,145,88,36.89340739964365,Low
51071,Renter,1980 to 1989,209,106,30.83143060746644,Low
51071,Renter,1990 to 1999,159,100,38.23287645045975,Low
51071,Renter,2000 to 2009,81,54,40.52684903748734,Low
51071,Renter,2010 to 2019,38,33,52.79155335146376,Low
51071,Renter,2020 or later,0,21,Inf,Low
51073,Owner,1939 or earlier,631,204,19.653273859700672,Medium
51073,Owner,1940 to 1949,274,109,24.182992035142988,Medium
51073,Owner,1950 to 1959,464,158,20.70013625406142,Medium
51073,Owner,1960 to 1969,615,208,20.55996243853016,Medium
51073,Owner,1970 to 1979,1644,298,11.019161508367906,High
51073,Owner,1980 to 1989,2616,352,8.179730998391939,High
51073,Owner,1990 to 1999,1969,336,10.373556076634644,High
51073,Owner,2000 to 2009,2672,417,9.487104817720182,High
51073,Owner,2010 to 2019,1056,242,13.93110435663627,High
51073,Owner,2020 or later,123,89,43.98645810166308,Low
51073,Renter,1939 or earlier,151,115,46.29722820507659,Low
51073,Renter,1940 to 1949,73,57,47.466377982262564,Low
51073,Renter,1950 to 1959,391,200,31.094769082471103,Low
51073,Renter,1960 to 1969,208,135,39.45522562543839,Low
51073,Renter,1970 to 1979,532,186,21.253742258381518,Medium
51073,Renter,1980 to 1989,699,246,21.39400185240748,Medium
51073,Renter,1990 to 1999,317,136,26.080369727594377,Medium
51073,Renter,2000 to 2009,446,167,22.76227731814031,Medium
51073,Renter,2010 to 2019,205,119,35.288012454592625,Low
51073,Renter,2020 or later,25,45,109.4224924012158,Low
51075,Owner,1939 or earlier,120,68,34.44782168186424,Low
51075,Owner,1940 to 1949,83,59,43.21236313033288,Low
51075,Owner,1950 to 1959,204,106,31.587102926276895,Low
51075,Owner,1960 to 1969,368,121,19.988106250825954,Medium
51075,Owner,1970 to 1979,845,194,13.956583514684986,High
51075,Owner,1980 to 1989,1385,247,10.8412978833134,High
51075,Owner,1990 to 1999,1512,304,12.222383043051737,High
51075,Owner,2000 to 2009,2333,295,7.686725546115793,High
51075,Owner,2010 to 2019,1589,318,12.165706098729679,High
51075,Owner,2020 or later,207,119,34.94706547435502,Low
51075,Renter,1939 or earlier,33,28,51.57962604771116,Low
51075,Renter,1940 to 1949,0,25,Inf,Low
51075,Renter,1950 to 1959,50,42,51.06382978723404,Low
51075,Renter,1960 to 1969,152,86,34.39449688049912,Low
51075,Renter,1970 to 1979,81,53,39.77635183308942,Low
51075,Renter,1980 to 1989,147,99,40.94038831338007,Low
51075,Renter,1990 to 1999,94,54,34.92207204294122,Low
51075,Renter,2000 to 2009,164,119,44.11001556824078,Low
51075,Renter,2010 to 2019,615,156,15.41997182889762,Medium
51075,Renter,2020 or later,31,42,82.36101578586135,Low
51077,Owner,1939 or earlier,705,212,18.280195736058115,Medium
51077,Owner,1940 to 1949,220,65,17.960762641613705,Medium
51077,Owner,1950 to 1959,484,130,16.32796603783064,Medium
51077,Owner,1960 to 1969,558,148,16.123585100935824,Medium
51077,Owner,1970 to 1979,723,142,11.939445152122826,High
51077,Owner,1980 to 1989,730,141,11.741682974559687,High
51077,Owner,1990 to 1999,759,164,13.135184273019613,High
51077,Owner,2000 to 2009,643,166,15.693911991188719,Medium
51077,Owner,2010 to 2019,233,91,23.742124006940006,Medium
51077,Owner,2020 or later,25,27,65.65349544072949,Low
51077,Renter,1939 or earlier,115,53,28.016386943306458,Medium
51077,Renter,1940 to 1949,31,24,47.063437591920774,Low
51077,Renter,1950 to 1959,161,72,27.18571239781759,Medium
51077,Renter,1960 to 1969,141,95,40.957985729375494,Low
51077,Renter,1970 to 1979,142,66,28.254634188107364,Medium
51077,Renter,1980 to 1989,210,82,23.737154436242584,Medium
51077,Renter,1990 to 1999,220,109,30.118817352859907,Low
51077,Renter,2000 to 2009,54,48,54.035798716649786,Low
51077,Renter,2010 to 2019,48,45,56.99088145896657,Low
51077,Renter,2020 or later,0,21,Inf,Low
51079,Owner,1939 or earlier,336,143,25.872050948038787,Medium
51079,Owner,1940 to 1949,76,67,53.591425371940495,Low
51079,Owner,1950 to 1959,74,56,46.003450258769405,Low
51079,Owner,1960 to 1969,216,95,26.736462906675673,Medium
51079,Owner,1970 to 1979,660,159,14.644929538546558,High
51079,Owner,1980 to 1989,823,218,16.102405389135306,Medium
51079,Owner,1990 to 1999,1728,266,9.357762017336485,High
51079,Owner,2000 to 2009,1582,259,9.952389918497996,High
51079,Owner,2010 to 2019,726,231,19.342359767891683,Medium
51079,Owner,2020 or later,75,56,45.39007092198582,Low
51079,Renter,1939 or earlier,125,70,34.04255319148936,Low
51079,Renter,1940 to 1949,113,77,41.42346074185653,Low
51079,Renter,1950 to 1959,71,56,47.9472580161822,Low
51079,Renter,1960 to 1969,95,55,35.19436890097584,Low
51079,Renter,1970 to 1979,179,109,37.01754088060994,Low
51079,Renter,1980 to 1989,321,153,28.974803283811035,Medium
51079,Renter,1990 to 1999,161,78,29.451188430969054,Medium
51079,Renter,2000 to 2009,268,133,30.168307399174342,Low
51079,Renter,2010 to 2019,239,128,32.55713395480154,Low
51079,Renter,2020 or later,44,54,74.60624481901078,Low
51081,Owner,1939 or earlier,62,40,39.219531326600645,Low
51081,Owner,1940 to 1949,18,17,57.4130361364404,Low
51081,Owner,1950 to 1959,219,76,21.096167992116698,Medium
51081,Owner,1960 to 1969,251,96,23.250463192821417,Medium
51081,Owner,1970 to 1979,704,160,13.815971262779772,High
51081,Owner,1980 to 1989,297,103,21.08214874172321,Medium
51081,Owner,1990 to 1999,294,107,22.12435126026094,Medium
51081,Owner,2000 to 2009,239,109,27.724434383385688,Medium
51081,Owner,2010 to 2019,48,53,67.1225937183384,Low
51081,Owner,2020 or later,0,21,Inf,Low
51081,Renter,1939 or earlier,111,72,39.43152879323092,Low
51081,Renter,1940 to 1949,2,4,121.580547112462,Low
51081,Renter,1950 to 1959,72,71,59.94596420128335,Low
51081,Renter,1960 to 1969,90,60,40.52684903748734,Low
51081,Renter,1970 to 1979,89,57,38.93309654724907,Low
51081,Renter,1980 to 1989,189,118,37.95371576526592,Low
51081,Renter,1990 to 1999,134,65,29.48781926235086,Medium
51081,Renter,2000 to 2009,249,101,24.657902125218197,Medium
51081,Renter,2010 to 2019,24,26,65.85612968591693,Low
51081,Renter,2020 or later,0,21,Inf,Low
51083,Owner,1939 or earlier,932,178,11.610159541855277,High
51083,Owner,1940 to 1949,415,138,20.214596989782837,Medium
51083,Owner,1950 to 1959,1090,226,12.604221856613032,High
51083,Owner,1960 to 1969,1044,235,13.683634373289546,High
51083,Owner,1970 to 1979,1476,295,12.149817546807686,High
51083,Owner,1980 to 1989,991,222,13.61800275427173,High
51083,Owner,1990 to 1999,1766,270,9.294096183568726,High
51083,Owner,2000 to 2009,1377,246,10.860136016581574,High
51083,Owner,2010 to 2019,547,165,18.337102626651035,Medium
51083,Owner,2020 or later,10,15,91.1854103343465,Low
51083,Renter,1939 or earlier,462,146,19.210779089198542,Medium
51083,Renter,1940 to 1949,149,74,30.191142571550973,Low
51083,Renter,1950 to 1959,482,200,25.224179898851034,Medium
51083,Renter,1960 to 1969,449,151,20.443945004434035,Medium
51083,Renter,1970 to 1979,898,286,19.360822090291833,Medium
51083,Renter,1980 to 1989,616,193,19.046303240832117,Medium
51083,Renter,1990 to 1999,565,194,20.873120477714714,Medium
51083,Renter,2000 to 2009,279,132,28.76098963950714,Medium
51083,Renter,2010 to 2019,125,88,42.796352583586625,Low
51083,Renter,2020 or later,0,28,Inf,Low
51085,Owner,1939 or earlier,870,180,12.577297977151241,High
51085,Owner,1940 to 1949,910,217,14.496142155716624,High
51085,Owner,1950 to 1959,1334,315,14.354524865226962,High
51085,Owner,1960 to 1969,2803,391,8.479841940951239,High
51085,Owner,1970 to 1979,4270,439,6.249866531893539,High
51085,Owner,1980 to 1989,5938,646,6.61342484293116,High
51085,Owner,1990 to 1999,7448,468,3.8197969957459867,High
51085,Owner,2000 to 2009,6210,595,5.824510912392503,High
51085,Owner,2010 to 2019,4444,484,6.620722862559812,High
51085,Owner,2020 or later,563,144,15.548489151149669,Medium
51085,Renter,1939 or earlier,589,226,23.325300210030907,Medium
51085,Renter,1940 to 1949,193,98,30.867600044096573,Low
51085,Renter,1950 to 1959,412,217,32.018178062383804,Low
51085,Renter,1960 to 1969,556,188,20.55498458376156,Medium
51085,Renter,1970 to 1979,1193,258,13.146597298832857,High
51085,Renter,1980 to 1989,1265,251,12.061943606809471,High
51085,Renter,1990 to 1999,1525,305,12.158054711246201,High
51085,Renter,2000 to 2009,753,233,18.810270569192326,Medium
51085,Renter,2010 to 2019,678,179,16.04934950820848,Medium
51085,Renter,2020 or later,58,42,44.02054292002935,Low
51087,Owner,1939 or earlier,3008,437,8.831565672896593,High
51087,Owner,1940 to 1949,4307,507,7.1559481525444895,High
51087,Owner,1950 to 1959,11420,799,4.253189892419314,High
51087,Owner,1960 to 1969,7794,685,5.342742800361591,High
51087,Owner,1970 to 1979,9661,760,4.782176576206973,High
51087,Owner,1980 to 1989,14456,850,3.574414258632842,High
51087,Owner,1990 to 1999,14935,977,3.9767055416429655,High
51087,Owner,2000 to 2009,13149,788,3.6430706184736503,High
51087,Owner,2010 to 2019,7995,837,6.364159970802421,High
51087,Owner,2020 or later,897,238,16.1294148343177,Medium
51087,Renter,1939 or earlier,979,271,16.827542526801434,Medium
51087,Renter,1940 to 1949,2076,421,12.327892662414861,High
51087,Renter,1950 to 1959,3710,554,9.07757723723773,High
51087,Renter,1960 to 1969,5899,833,8.58421730332945,High
51087,Renter,1970 to 1979,8675,827,5.795222620288535,High
51087,Renter,1980 to 1989,8425,765,5.5198289935331415,High
51087,Renter,1990 to 1999,8224,701,5.181661206580488,High
51087,Renter,2000 to 2009,6363,730,6.974210230402111,High
51087,Renter,2010 to 2019,3238,439,8.241794345640955,High
51087,Renter,2020 or later,388,142,22.24798671387836,Medium
51089,Owner,1939 or earlier,751,193,15.6225336835587,Medium
51089,Owner,1940 to 1949,872,252,17.567831348819052,Medium
51089,Owner,1950 to 1959,1919,377,11.94264363246435,High
51089,Owner,1960 to 1969,3173,360,6.897100056805281,High
51089,Owner,1970 to 1979,3381,379,6.814408067971472,High
51089,Owner,1980 to 1989,1990,326,9.958607627804676,High
51089,Owner,1990 to 1999,2037,288,8.594795672162261,High
51089,Owner,2000 to 2009,942,223,14.390903400254263,High
51089,Owner,2010 to 2019,506,190,22.826387303723102,Medium
51089,Owner,2020 or later,30,29,58.76393110435664,Low
51089,Renter,1939 or earlier,235,121,31.300523831080646,Low
51089,Renter,1940 to 1949,366,175,29.066387629345424,Medium
51089,Renter,1950 to 1959,684,241,21.418795214987824,Medium
51089,Renter,1960 to 1969,635,162,15.50869971040854,Medium
51089,Renter,1970 to 1979,1045,239,13.90323002864996,High
51089,Renter,1980 to 1989,815,249,18.572733884050944,Medium
51089,Renter,1990 to 1999,701,239,20.725927788786315,Medium
51089,Renter,2000 to 2009,275,109,24.095053882287925,Medium
51089,Renter,2010 to 2019,137,92,40.822665453819354,Low
51089,Renter,2020 or later,9,18,121.580547112462,Low
51091,Owner,1939 or earlier,269,105,23.72854544016452,Medium
51091,Owner,1940 to 1949,22,15,41.44791378833933,Low
51091,Owner,1950 to 1959,36,31,52.34718000675448,Low
51091,Owner,1960 to 1969,34,31,55.426425889504735,Low
51091,Owner,1970 to 1979,90,36,24.3161094224924,Medium
51091,Owner,1980 to 1989,134,67,30.3951367781155,Low
51091,Owner,1990 to 1999,105,45,26.052974381241857,Medium
51091,Owner,2000 to 2009,151,61,24.55766017834497,Medium
51091,Owner,2010 to 2019,43,29,40.99809146815579,Low
51091,Owner,2020 or later,0,13,Inf,Low
51091,Renter,1939 or earlier,52,44,51.437923778349315,Low
51091,Renter,1940 to 1949,20,15,45.59270516717325,Low
51091,Renter,1950 to 1959,1,2,121.580547112462,Low
51091,Renter,1960 to 1969,28,26,56.44811115935736,Low
51091,Renter,1970 to 1979,6,8,81.05369807497466,Low
51091,Renter,1980 to 1989,0,13,Inf,Low
51091,Renter,1990 to 1999,0,13,Inf,Low
51091,Renter,2000 to 2009,6,8,81.05369807497466,Low
51091,Renter,2010 to 2019,6,9,91.1854103343465,Low
51091,Renter,2020 or later,0,13,Inf,Low
51093,Owner,1939 or earlier,421,142,20.504082767184805,Medium
51093,Owner,1940 to 1949,197,119,36.72102818878928,Low
51093,Owner,1950 to 1959,399,110,16.759223286178973,Medium
51093,Owner,1960 to 1969,866,204,14.320110629874277,High
51093,Owner,1970 to 1979,1429,217,9.231273171240117,High
51093,Owner,1980 to 1989,1934,241,7.575209889892282,High
51093,Owner,1990 to 1999,2815,314,6.780868879806939,High
51093,Owner,2000 to 2009,2735,380,8.44618060379078,High
51093,Owner,2010 to 2019,1506,287,11.584866208923172,High
51093,Owner,2020 or later,243,92,23.015247601536018,Medium
51093,Renter,1939 or earlier,208,114,33.31774608370353,Low
51093,Renter,1940 to 1949,167,80,29.121089128733413,Medium
51093,Renter,1950 to 1959,249,155,37.841334944641794,Low
51093,Renter,1960 to 1969,179,91,30.904552478307384,Low
51093,Renter,1970 to 1979,413,190,27.966469674779393,Medium
51093,Renter,1980 to 1989,237,86,22.05891783053108,Medium
51093,Renter,1990 to 1999,330,126,23.210831721470022,Medium
51093,Renter,2000 to 2009,412,138,20.36179065718417,Medium
51093,Renter,2010 to 2019,637,203,19.372724539897792,Medium
51093,Renter,2020 or later,49,58,71.95583400533465,Low
51095,Owner,1939 or earlier,170,98,35.04380475594493,Low
51095,Owner,1940 to 1949,57,60,63.9897616381379,Low
51095,Owner,1950 to 1959,380,125,19.996800511918092,Medium
51095,Owner,1960 to 1969,1057,262,15.068166198422443,Medium
51095,Owner,1970 to 1979,2191,335,9.294724619505882,High
51095,Owner,1980 to 1989,3905,414,6.444858707369945,High
51095,Owner,1990 to 1999,5478,481,5.337736688672346,High
51095,Owner,2000 to 2009,6928,556,4.878665141060109,High
51095,Owner,2010 to 2019,4106,421,6.233001745536593,High
51095,Owner,2020 or later,448,138,18.725575336517583,Medium
51095,Renter,1939 or earlier,150,88,35.66362715298886,Low
51095,Renter,1940 to 1949,24,32,81.05369807497466,Low
51095,Renter,1950 to 1959,237,102,26.162902543188025,Medium
51095,Renter,1960 to 1969,384,158,25.012664640324218,Medium
51095,Renter,1970 to 1979,850,257,18.380118004648665,Medium
51095,Renter,1980 to 1989,1640,401,14.863963229297946,High
51095,Renter,1990 to 1999,1120,201,10.909683022145028,High
51095,Renter,2000 to 2009,1291,276,12.996216500015304,High
51095,Renter,2010 to 2019,775,207,16.23688596921267,Medium
51095,Renter,2020 or later,160,128,48.6322188449848,Low
51097,Owner,1939 or earlier,174,75,26.202704119065086,Medium
51097,Owner,1940 to 1949,60,40,40.52684903748733,Low
51097,Owner,1950 to 1959,106,68,38.99753397946895,Low
51097,Owner,1960 to 1969,86,61,43.11868240616385,Low
51097,Owner,1970 to 1979,209,80,23.269004232050143,Medium
51097,Owner,1980 to 1989,338,142,25.539109008830778,Medium
51097,Owner,1990 to 1999,406,118,17.66810906314103,Medium
51097,Owner,2000 to 2009,531,160,18.317219903949077,Medium
51097,Owner,2010 to 2019,226,92,24.746483040589613,Medium
51097,Owner,2020 or later,42,40,57.8954986249819,Low
51097,Renter,1939 or earlier,82,70,51.89413596263622,Low
51097,Renter,1940 to 1949,23,30,79.29166116030132,Low
51097,Renter,1950 to 1959,164,90,33.36051597598043,Low
51097,Renter,1960 to 1969,68,74,66.15412122295727,Low
51097,Renter,1970 to 1979,34,29,51.85052744502055,Low
51097,Renter,1980 to 1989,84,66,47.763786365610066,Low
51097,Renter,1990 to 1999,94,51,32.981956929444486,Low
51097,Renter,2000 to 2009,74,65,53.3968619075002,Low
51097,Renter,2010 to 2019,13,20,93.52349777881692,Low
51097,Renter,2020 or later,0,19,Inf,Low
51099,Owner,1939 or earlier,202,98,29.492310933220985,Medium
51099,Owner,1940 to 1949,49,41,50.86533093480553,Low
51099,Owner,1950 to 1959,219,118,32.754576619339076,Low
51099,Owner,1960 to 1969,333,113,20.628531266829135,Medium
51099,Owner,1970 to 1979,690,196,17.26796176379895,Medium
51099,Owner,1980 to 1989,742,201,16.467446071162307,Medium
51099,Owner,1990 to 1999,1027,197,11.660841178751225,High
51099,Owner,2000 to 2009,2879,338,7.1368921368551845,High
51099,Owner,2010 to 2019,1206,211,10.635777545907747,High
51099,Owner,2020 or later,170,63,22.528160200250312,Medium
51099,Renter,1939 or earlier,115,75,39.64583058015065,Low
51099,Renter,1940 to 1949,116,88,46.116759249554555,Low
51099,Renter,1950 to 1959,80,47,35.71428571428571,Low
51099,Renter,1960 to 1969,281,118,25.527588183755366,Medium
51099,Renter,1970 to 1979,389,163,25.472531078832013,Medium
51099,Renter,1980 to 1989,477,159,20.263424518743665,Medium
51099,Renter,1990 to 1999,245,83,20.59425593945785,Medium
51099,Renter,2000 to 2009,321,149,28.217292086848662,Medium
51099,Renter,2010 to 2019,336,141,25.510204081632654,Medium
51099,Renter,2020 or later,0,25,Inf,Low
51101,Owner,1939 or earlier,392,157,24.34712486818436,Medium
51101,Owner,1940 to 1949,151,120,48.31015117051471,Low
51101,Owner,1950 to 1959,211,116,33.42024517783316,Low
51101,Owner,1960 to 1969,204,101,30.09714524107515,Low
51101,Owner,1970 to 1979,576,135,14.247720364741639,High
51101,Owner,1980 to 1989,852,210,14.98351813005694,High
51101,Owner,1990 to 1999,1323,235,10.797969981643451,High
51101,Owner,2000 to 2009,1476,277,11.408472747341456,High
51101,Owner,2010 to 2019,1117,227,12.35397681044265,High
51101,Owner,2020 or later,16,27,102.58358662613982,Low
51101,Renter,1939 or earlier,170,119,42.553191489361694,Low
51101,Renter,1940 to 1949,4,5,75.98784194528875,Low
51101,Renter,1950 to 1959,46,39,51.539579754195856,Low
51101,Renter,1960 to 1969,58,63,66.03081438004402,Low
51101,Renter,1970 to 1979,63,45,43.42162396873643,Low
51101,Renter,1980 to 1989,43,35,49.48045522018803,Low
51101,Renter,1990 to 1999,15,21,85.1063829787234,Low
51101,Renter,2000 to 2009,227,123,32.93922311637187,Low
51101,Renter,2010 to 2019,153,106,42.11613723503586,Low
51101,Renter,2020 or later,18,28,94.56264775413712,Low
51103,Owner,1939 or earlier,363,102,17.081564470345903,Medium
51103,Owner,1940 to 1949,72,43,36.305302262749066,Low
51103,Owner,1950 to 1959,332,114,20.873768630754018,Medium
51103,Owner,1960 to 1969,496,189,23.164035689773506,Medium
51103,Owner,1970 to 1979,797,163,12.432640639480116,High
51103,Owner,1980 to 1989,686,165,14.621567254778595,High
51103,Owner,1990 to 1999,640,146,13.867781155015196,High
51103,Owner,2000 to 2009,609,141,14.074595355383531,High
51103,Owner,2010 to 2019,361,120,20.207293148885654,Medium
51103,Owner,2020 or later,8,10,75.98784194528875,Low
51103,Renter,1939 or earlier,22,27,74.60624481901078,Low
51103,Renter,1940 to 1949,15,18,72.94832826747721,Low
51103,Renter,1950 to 1959,53,32,36.70356139244136,Low
51103,Renter,1960 to 1969,87,48,33.539461272403315,Low
51103,Renter,1970 to 1979,310,138,27.061476615354447,Medium
51103,Renter,1980 to 1989,281,101,21.849884801349933,Medium
51103,Renter,1990 to 1999,95,49,31.35498320268757,Low
51103,Renter,2000 to 2009,117,68,35.331099160886396,Low
51103,Renter,2010 to 2019,124,91,44.61221688400824,Low
51103,Renter,2020 or later,0,21,Inf,Low
51105,Owner,1939 or earlier,457,156,20.7511655903108,Medium
51105,Owner,1940 to 1949,629,257,24.83799730357928,Medium
51105,Owner,1950 to 1959,570,196,20.903322135125045,Medium
51105,Owner,1960 to 1969,315,103,19.877454527910455,Medium
51105,Owner,1970 to 1979,1216,259,12.947928331466965,High
51105,Owner,1980 to 1989,905,269,18.069153134393524,Medium
51105,Owner,1990 to 1999,944,181,11.655762196692597,High
51105,Owner,2000 to 2009,894,199,13.531615702114062,High
51105,Owner,2010 to 2019,289,125,26.293370915324825,Medium
51105,Owner,2020 or later,23,25,66.07638430025109,Low
51105,Renter,1939 or earlier,237,113,28.98439203313967,Medium
51105,Renter,1940 to 1949,162,83,31.145633982513417,Low
51105,Renter,1950 to 1959,206,86,25.378463717649836,Medium
51105,Renter,1960 to 1969,240,114,28.87537993920973,Medium
51105,Renter,1970 to 1979,188,102,32.981956929444486,Low
51105,Renter,1980 to 1989,511,241,28.670168154699944,Medium
51105,Renter,1990 to 1999,337,123,22.187547915182236,Medium
51105,Renter,2000 to 2009,167,98,35.67333418269843,Low
51105,Renter,2010 to 2019,156,86,33.512586704076064,Low
51105,Renter,2020 or later,0,25,Inf,Low
51107,Owner,1939 or earlier,2284,315,8.383947535119425,High
51107,Owner,1940 to 1949,551,163,17.983329563821513,Medium
51107,Owner,1950 to 1959,1145,256,13.5915371444499,High
51107,Owner,1960 to 1969,2902,447,9.363629317586236,High
51107,Owner,1970 to 1979,6872,532,4.706115473212296,High
51107,Owner,1980 to 1989,10977,744,4.120248112037521,High
51107,Owner,1990 to 1999,22779,966,2.577962344936966,High
51107,Owner,2000 to 2009,34434,1033,1.823672898402353,High
51107,Owner,2010 to 2019,26015,1193,2.787730015475056,High
51107,Owner,2020 or later,1764,296,10.200635472020622,High
51107,Renter,1939 or earlier,778,215,16.79936865628492,Medium
51107,Renter,1940 to 1949,109,72,40.155043083014974,Low
51107,Renter,1950 to 1959,534,227,25.8415582345776,Medium
51107,Renter,1960 to 1969,1241,339,16.605884557262137,Medium
51107,Renter,1970 to 1979,1936,362,11.366776357105177,High
51107,Renter,1980 to 1989,4044,540,8.117395578725208,High
51107,Renter,1990 to 1999,6329,708,6.800365567674444,High
51107,Renter,2000 to 2009,8850,689,4.732711692682843,High
51107,Renter,2010 to 2019,6932,639,5.603719677211715,High
51107,Renter,2020 or later,347,139,24.351147044138642,Medium
51109,Owner,1939 or earlier,839,195,14.128847846799816,High
51109,Owner,1940 to 1949,45,25,33.77237419790611,Low
51109,Owner,1950 to 1959,595,208,21.251053612934538,Medium
51109,Owner,1960 to 1969,498,173,21.11790627555816,Medium
51109,Owner,1970 to 1979,1320,267,12.296214423873998,High
51109,Owner,1980 to 1989,1499,357,14.477736931003646,High
51109,Owner,1990 to 1999,2763,393,8.646607856532313,High
51109,Owner,2000 to 2009,2984,346,7.048738153638046,High
51109,Owner,2010 to 2019,1663,263,9.613855649602376,High
51109,Owner,2020 or later,149,81,33.04706146345443,Low
51109,Renter,1939 or earlier,285,163,34.76777049005492,Low
51109,Renter,1940 to 1949,52,37,43.25461772270283,Low
51109,Renter,1950 to 1959,192,105,33.244680851063826,Low
51109,Renter,1960 to 1969,180,86,29.044241810199257,Medium
51109,Renter,1970 to 1979,254,105,25.129837493717545,Medium
51109,Renter,1980 to 1989,394,153,23.606375264221683,Medium
51109,Renter,1990 to 1999,670,239,21.68488862677494,Medium
51109,Renter,2000 to 2009,397,212,32.46231232725686,Low
51109,Renter,2010 to 2019,418,133,19.342359767891683,Medium
51109,Renter,2020 or later,14,22,95.52757273122016,Low
51111,Owner,1939 or earlier,398,107,16.343113745016876,Medium
51111,Owner,1940 to 1949,226,98,26.36038410845415,Medium
51111,Owner,1950 to 1959,228,114,30.395136778115507,Low
51111,Owner,1960 to 1969,376,122,19.724503653883463,Medium
51111,Owner,1970 to 1979,499,157,19.126398694044624,Medium
51111,Owner,1980 to 1989,382,113,17.98246312003692,Medium
51111,Owner,1990 to 1999,514,178,21.051884616749255,Medium
51111,Owner,2000 to 2009,572,147,15.622675197143282,Medium
51111,Owner,2010 to 2019,163,78,29.089824155742445,Medium
51111,Owner,2020 or later,0,21,Inf,Low
51111,Renter,1939 or earlier,200,87,26.443768996960486,Medium
51111,Renter,1940 to 1949,178,94,32.102728731942214,Low
51111,Renter,1950 to 1959,73,42,34.97522588166715,Low
51111,Renter,1960 to 1969,174,81,28.29892044859029,Medium
51111,Renter,1970 to 1979,324,158,29.64463957371759,Medium
51111,Renter,1980 to 1989,191,128,40.73903149318098,Low
51111,Renter,1990 to 1999,130,72,33.66845920037409,Low
51111,Renter,2000 to 2009,21,26,75.26414821247648,Low
51111,Renter,2010 to 2019,20,20,60.790273556231,Low
51111,Renter,2020 or later,0,21,Inf,Low
51113,Owner,1939 or earlier,520,147,17.18494271685761,Medium
51113,Owner,1940 to 1949,225,131,35.39344815940561,Low
51113,Owner,1950 to 1959,291,104,21.725733504632387,Medium
51113,Owner,1960 to 1969,343,165,29.24313450955719,Medium
51113,Owner,1970 to 1979,632,164,15.774691239275136,Medium
51113,Owner,1980 to 1989,503,154,18.611733852205916,Medium
51113,Owner,1990 to 1999,727,192,16.05465271361259,Medium
51113,Owner,2000 to 2009,696,140,12.227928588897042,High
51113,Owner,2010 to 2019,301,119,24.033363964091325,Medium
51113,Owner,2020 or later,52,47,54.94505494505494,Low
51113,Renter,1939 or earlier,223,99,26.98761023348372,Medium
51113,Renter,1940 to 1949,100,88,53.49544072948329,Low
51113,Renter,1950 to 1959,51,52,61.98223970439239,Low
51113,Renter,1960 to 1969,200,95,28.87537993920973,Medium
51113,Renter,1970 to 1979,101,60,36.113033795780794,Low
51113,Renter,1980 to 1989,165,98,36.10573823339781,Low
51113,Renter,1990 to 1999,135,81,36.474164133738604,Low
51113,Renter,2000 to 2009,58,51,53.453516402892774,Low
51113,Renter,2010 to 2019,69,65,57.26619972688428,Low
51113,Renter,2020 or later,0,21,Inf,Low
51115,Owner,1939 or earlier,552,195,21.474824897581605,Medium
51115,Owner,1940 to 1949,100,78,47.41641337386018,Low
51115,Owner,1950 to 1959,348,159,27.774866366208993,Medium
51115,Owner,1960 to 1969,339,140,25.10512772233729,Medium
51115,Owner,1970 to 1979,274,125,27.732789031127282,Medium
51115,Owner,1980 to 1989,439,158,21.878959503153755,Medium
51115,Owner,1990 to 1999,766,255,20.236970961930687,Medium
51115,Owner,2000 to 2009,309,138,27.149054209578892,Medium
51115,Owner,2010 to 2019,98,57,35.35760808882824,Low
51115,Owner,2020 or later,0,19,Inf,Low
51115,Renter,1939 or earlier,92,86,56.825690498215934,Low
51115,Renter,1940 to 1949,40,43,65.34954407294833,Low
51115,Renter,1950 to 1959,35,41,71.21146330872776,Low
51115,Renter,1960 to 1969,20,24,72.94832826747721,Low
51115,Renter,1970 to 1979,242,153,38.433520058278276,Low
51115,Renter,1980 to 1989,46,46,60.790273556231,Low
51115,Renter,1990 to 1999,62,52,50.98539072458084,Low
51115,Renter,2000 to 2009,0,19,Inf,Low
51115,Renter,2010 to 2019,5,9,109.4224924012158,Low
51115,Renter,2020 or later,0,19,Inf,Low
51117,Owner,1939 or earlier,615,146,14.431512096275977,High
51117,Owner,1940 to 1949,470,161,20.82390221819828,Medium
51117,Owner,1950 to 1959,753,146,11.786693146360859,High
51117,Owner,1960 to 1969,862,181,12.76454699962623,High
51117,Owner,1970 to 1979,1396,188,8.186655751125665,High
51117,Owner,1980 to 1989,1150,204,10.78366591780098,High
51117,Owner,1990 to 1999,1896,234,7.502597052825978,High
51117,Owner,2000 to 2009,1641,262,9.705698764005193,High
51117,Owner,2010 to 2019,719,182,15.38780220755778,Medium
51117,Owner,2020 or later,133,75,34.28022944900244,Low
51117,Renter,1939 or earlier,325,132,24.690203413607666,Medium
51117,Renter,1940 to 1949,280,134,29.092488059053405,Medium
51117,Renter,1950 to 1959,349,105,18.28933731634457,Medium
51117,Renter,1960 to 1969,464,156,20.438109212870767,Medium
51117,Renter,1970 to 1979,730,221,18.40363076154391,Medium
51117,Renter,1980 to 1989,461,123,16.219530688538857,Medium
51117,Renter,1990 to 1999,404,165,24.827710734599297,Medium
51117,Renter,2000 to 2009,482,196,24.719696300874016,Medium
51117,Renter,2010 to 2019,235,98,25.35083748302399,Medium
51117,Renter,2020 or later,30,46,93.21175278622087,Low
51119,Owner,1939 or earlier,324,117,21.952043228638974,Medium
51119,Owner,1940 to 1949,196,94,29.154518950437314,Medium
51119,Owner,1950 to 1959,324,107,20.075800217644186,Medium
51119,Owner,1960 to 1969,256,104,24.696048632218844,Medium
51119,Owner,1970 to 1979,469,142,18.40558389122559,Medium
51119,Owner,1980 to 1989,548,124,13.755463359439132,High
51119,Owner,1990 to 1999,891,199,13.577176697744072,High
51119,Owner,2000 to 2009,805,192,14.499046612169384,High
51119,Owner,2010 to 2019,231,93,24.47400623692417,Medium
51119,Owner,2020 or later,12,19,96.25126646403243,Low
51119,Renter,1939 or earlier,45,34,45.93042890915232,Low
51119,Renter,1940 to 1949,47,53,68.55073401021794,Low
51119,Renter,1950 to 1959,42,43,62.23766102185555,Low
51119,Renter,1960 to 1969,41,36,53.37682556156869,Low
51119,Renter,1970 to 1979,117,66,34.2919491855662,Low
51119,Renter,1980 to 1989,129,68,32.0444852854551,Low
51119,Renter,1990 to 1999,133,89,40.67920561281623,Low
51119,Renter,2000 to 2009,123,78,38.549929572244054,Low
51119,Renter,2010 to 2019,0,21,Inf,Low
51119,Renter,2020 or later,0,21,Inf,Low
51121,Owner,1939 or earlier,991,259,15.887669879983685,Medium
51121,Owner,1940 to 1949,777,206,16.116855022630098,Medium
51121,Owner,1950 to 1959,1318,278,12.822227654500926,High
51121,Owner,1960 to 1969,1565,308,11.963836584868465,High
51121,Owner,1970 to 1979,2835,394,8.448454243793655,High
51121,Owner,1980 to 1989,3097,387,7.596330599374039,High
51121,Owner,1990 to 1999,3810,570,9.094607854869205,High
51121,Owner,2000 to 2009,3614,398,6.69466764675704,High
51121,Owner,2010 to 2019,1905,281,8.966964235853496,High
51121,Owner,2020 or later,193,88,27.71784493755611,Medium
51121,Renter,1939 or earlier,613,217,21.519558501961058,Medium
51121,Renter,1940 to 1949,605,177,17.784923007360145,Medium
51121,Renter,1950 to 1959,726,255,21.351955587932377,Medium
51121,Renter,1960 to 1969,1220,286,14.250834620559072,High
51121,Renter,1970 to 1979,3318,551,10.095069538723111,High
51121,Renter,1980 to 1989,3364,434,7.842740405292585,High
51121,Renter,1990 to 1999,2232,452,12.310575110849646,High
51121,Renter,2000 to 2009,1912,388,12.336101537561522,High
51121,Renter,2010 to 2019,2368,414,10.628029245050522,High
51121,Renter,2020 or later,268,145,32.89025994646827,Low
51125,Owner,1939 or earlier,629,165,15.946574144321326,Medium
51125,Owner,1940 to 1949,84,66,47.763786365610066,Low
51125,Owner,1950 to 1959,292,121,25.190490069534082,Medium
51125,Owner,1960 to 1969,224,98,26.595744680851062,Medium
51125,Owner,1970 to 1979,583,156,16.26635107165015,Medium
51125,Owner,1980 to 1989,898,273,18.480784722551295,Medium
51125,Owner,1990 to 1999,855,191,13.580049414315932,High
51125,Owner,2000 to 2009,1275,252,12.015018773466835,High
51125,Owner,2010 to 2019,272,111,24.80779545860898,Medium
51125,Owner,2020 or later,12,19,96.25126646403243,Low
51125,Renter,1939 or earlier,76,58,46.39257718764998,Low
51125,Renter,1940 to 1949,91,60,40.0814990480644,Low
51125,Renter,1950 to 1959,134,114,51.71709839858458,Low
51125,Renter,1960 to 1969,140,85,36.90838037342597,Low
51125,Renter,1970 to 1979,125,87,42.31003039513678,Low
51125,Renter,1980 to 1989,375,194,31.44883485309017,Low
51125,Renter,1990 to 1999,173,95,33.38194212625402,Low
51125,Renter,2000 to 2009,167,99,36.0373477968076,Low
51125,Renter,2010 to 2019,49,50,62.03089138390918,Low
51125,Renter,2020 or later,16,25,94.98480243161094,Low
51127,Owner,1939 or earlier,202,161,48.451653676005904,Low
51127,Owner,1940 to 1949,339,200,35.86446817476755,Low
51127,Owner,1950 to 1959,171,87,30.92838479176665,Low
51127,Owner,1960 to 1969,340,152,27.17682817807974,Medium
51127,Owner,1970 to 1979,923,238,15.67506512067495,Medium
51127,Owner,1980 to 1989,1270,261,12.493119211162435,High
51127,Owner,1990 to 1999,1215,233,11.65772324164759,High
51127,Owner,2000 to 2009,1774,295,10.108867361380014,High
51127,Owner,2010 to 2019,1797,323,10.92668801261136,High
51127,Owner,2020 or later,290,119,24.94497432134996,Medium
51127,Renter,1939 or earlier,64,67,63.639817629179326,Low
51127,Renter,1940 to 1949,108,100,56.28729032984352,Low
51127,Renter,1950 to 1959,36,42,70.92198581560284,Low
51127,Renter,1960 to 1969,37,33,54.21835209069251,Low
51127,Renter,1970 to 1979,138,97,42.72939518082904,Low
51127,Renter,1980 to 1989,103,76,44.854959128869474,Low
51127,Renter,1990 to 1999,23,36,95.14999339236157,Low
51127,Renter,2000 to 2009,35,36,62.52713851498045,Low
51127,Renter,2010 to 2019,169,120,43.164691282530896,Low
51127,Renter,2020 or later,0,25,Inf,Low
51131,Owner,1939 or earlier,764,137,10.900873661261318,High
51131,Owner,1940 to 1949,133,59,26.967113833215254,Medium
51131,Owner,1950 to 1959,377,117,18.865946965726867,Medium
51131,Owner,1960 to 1969,201,90,27.219525472939253,Medium
51131,Owner,1970 to 1979,381,126,20.103869994974033,Medium
51131,Owner,1980 to 1989,270,99,22.289766970618036,Medium
51131,Owner,1990 to 1999,372,120,19.609765663300323,Medium
51131,Owner,2000 to 2009,736,167,13.793445222677416,High
51131,Owner,2010 to 2019,210,83,24.02663192936749,Medium
51131,Owner,2020 or later,37,34,55.86133245707714,Low
51131,Renter,1939 or earlier,139,72,31.488487021932603,Low
51131,Renter,1940 to 1949,33,23,42.3689785391913,Low
51131,Renter,1950 to 1959,138,57,25.109026034095415,Medium
51131,Renter,1960 to 1969,107,61,34.65613726102889,Low
51131,Renter,1970 to 1979,418,174,25.30504210235453,Medium
51131,Renter,1980 to 1989,201,96,29.034160504468538,Medium
51131,Renter,1990 to 1999,269,116,26.21439305770556,Medium
51131,Renter,2000 to 2009,351,106,18.358316230656655,Medium
51131,Renter,2010 to 2019,156,95,37.0197178707817,Low
51131,Renter,2020 or later,45,53,71.59743329956095,Low
51133,Owner,1939 or earlier,450,166,22.424856467409658,Medium
51133,Owner,1940 to 1949,68,66,59.00232433398891,Low
51133,Owner,1950 to 1959,305,108,21.52573621007524,Medium
51133,Owner,1960 to 1969,230,108,28.544998017708473,Medium
51133,Owner,1970 to 1979,568,188,20.120724346076457,Medium
51133,Owner,1980 to 1989,585,172,17.873379575507233,Medium
51133,Owner,1990 to 1999,984,269,16.61847925470136,Medium
51133,Owner,2000 to 2009,1097,211,11.692568569156556,High
51133,Owner,2010 to 2019,552,224,24.668516805427075,Medium
51133,Owner,2020 or later,15,24,97.26443768996961,Low
51133,Renter,1939 or earlier,31,30,58.82929698990097,Low
51133,Renter,1940 to 1949,44,42,58.027079303675045,Low
51133,Renter,1950 to 1959,30,33,66.8693009118541,Low
51133,Renter,1960 to 1969,119,107,54.66016193711527,Low
51133,Renter,1970 to 1979,46,50,66.07638430025109,Low
51133,Renter,1980 to 1989,127,92,44.03704856041931,Low
51133,Renter,1990 to 1999,62,53,51.965879007745855,Low
51133,Renter,2000 to 2009,123,76,37.561469839622404,Low
51133,Renter,2010 to 2019,0,21,Inf,Low
51133,Renter,2020 or later,0,21,Inf,Low
51135,Owner,1939 or earlier,640,162,15.387537993920972,Medium
51135,Owner,1940 to 1949,261,140,32.60780957039211,Low
51135,Owner,1950 to 1959,421,116,16.74981409150308,Medium
51135,Owner,1960 to 1969,444,158,21.632574824064186,Medium
51135,Owner,1970 to 1979,397,107,16.38428027837964,Medium
51135,Owner,1980 to 1989,319,112,21.343293536983925,Medium
51135,Owner,1990 to 1999,527,151,17.4180859715197,Medium
51135,Owner,2000 to 2009,563,182,19.651562677147503,Medium
51135,Owner,2010 to 2019,229,98,26.015051565548635,Medium
51135,Owner,2020 or later,2,4,121.580547112462,Low
51135,Renter,1939 or earlier,361,134,22.56481068292231,Medium
51135,Renter,1940 to 1949,87,73,51.007930685113365,Low
51135,Renter,1950 to 1959,238,118,30.139715460652344,Low
51135,Renter,1960 to 1969,166,84,30.761343245321708,Low
51135,Renter,1970 to 1979,161,84,31.716664464120527,Low
51135,Renter,1980 to 1989,200,111,33.73860182370821,Low
51135,Renter,1990 to 1999,195,108,33.668459200374095,Low
51135,Renter,2000 to 2009,193,110,34.64730617194513,Low
51135,Renter,2010 to 2019,74,79,64.89772447219255,Low
51135,Renter,2020 or later,14,22,95.52757273122016,Low
51137,Owner,1939 or earlier,535,145,16.475868533931767,Medium
51137,Owner,1940 to 1949,225,118,31.88112124282337,Low
51137,Owner,1950 to 1959,687,189,16.72396172070984,Medium
51137,Owner,1960 to 1969,837,231,16.777243956379166,Medium
51137,Owner,1970 to 1979,726,183,15.323168127810295,Medium
51137,Owner,1980 to 1989,1664,314,11.471241524433015,High
51137,Owner,1990 to 1999,1714,300,10.64007121754335,High
51137,Owner,2000 to 2009,3492,414,7.207094287594397,High
51137,Owner,2010 to 2019,1406,391,16.905403243589134,Medium
51137,Owner,2020 or later,125,79,38.419452887538,Low
51137,Renter,1939 or earlier,298,139,28.355194712470166,Medium
51137,Renter,1940 to 1949,246,145,35.831665307534536,Low
51137,Renter,1950 to 1959,229,113,29.996947213336693,Medium
51137,Renter,1960 to 1969,82,58,42.99799836904144,Low
51137,Renter,1970 to 1979,528,257,29.58920512112001,Medium
51137,Renter,1980 to 1989,464,165,21.617230898228694,Medium
51137,Renter,1990 to 1999,405,170,25.516904949529064,Medium
51137,Renter,2000 to 2009,585,216,22.445639466916063,Medium
51137,Renter,2010 to 2019,419,142,20.601954283973274,Medium
51137,Renter,2020 or later,0,28,Inf,Low
51139,Owner,1939 or earlier,1272,247,11.804400604079449,High
51139,Owner,1940 to 1949,357,166,28.266625799255873,Medium
51139,Owner,1950 to 1959,597,170,17.3104631567157,Medium
51139,Owner,1960 to 1969,670,172,15.605861271151838,Medium
51139,Owner,1970 to 1979,1058,208,11.951206899523676,High
51139,Owner,1980 to 1989,905,207,13.904515608994275,High
51139,Owner,1990 to 1999,748,179,14.547405035515174,High
51139,Owner,2000 to 2009,849,199,14.248839149222578,High
51139,Owner,2010 to 2019,382,123,19.573831537739302,Medium
51139,Owner,2020 or later,88,94,64.93506493506493,Low
51139,Renter,1939 or earlier,483,158,19.885845179885088,Medium
51139,Renter,1940 to 1949,82,51,37.80858477277782,Low
51139,Renter,1950 to 1959,291,129,26.948265597092096,Medium
51139,Renter,1960 to 1969,158,72,27.701896810434377,Medium
51139,Renter,1970 to 1979,430,169,23.89199123489079,Medium
51139,Renter,1980 to 1989,562,192,20.76820733593657,Medium
51139,Renter,1990 to 1999,272,115,25.701770069730017,Medium
51139,Renter,2000 to 2009,189,144,46.31639889998552,Low
51139,Renter,2010 to 2019,105,69,39.94789405123751,Low
51139,Renter,2020 or later,11,17,93.94860458690246,Low
51141,Owner,1939 or earlier,463,159,20.876141458835267,Medium
51141,Owner,1940 to 1949,405,181,27.167998799204472,Medium
51141,Owner,1950 to 1959,438,132,18.3203564142066,Medium
51141,Owner,1960 to 1969,647,158,14.84522909101159,High
51141,Owner,1970 to 1979,932,214,13.958281696387804,High
51141,Owner,1980 to 1989,807,240,18.07889176393487,Medium
51141,Owner,1990 to 1999,1057,245,14.090460758066786,High
51141,Owner,2000 to 2009,806,200,15.084435125615633,Medium
51141,Owner,2010 to 2019,403,170,25.643539713546577,Medium
51141,Owner,2020 or later,60,63,63.829787234042556,Low
51141,Renter,1939 or earlier,116,104,54.501624567655384,Low
51141,Renter,1940 to 1949,145,82,34.37794780421339,Low
51141,Renter,1950 to 1959,61,44,43.84872190941253,Low
51141,Renter,1960 to 1969,190,103,32.95472724364102,Low
51141,Renter,1970 to 1979,361,184,30.984516161624665,Low
51141,Renter,1980 to 1989,432,160,22.514916131937408,Medium
51141,Renter,1990 to 1999,320,153,29.065349544072948,Medium
51141,Renter,2000 to 2009,131,68,31.555256502471057,Low
51141,Renter,2010 to 2019,23,26,68.71943967226113,Low
51141,Renter,2020 or later,0,21,Inf,Low
51143,Owner,1939 or earlier,1197,218,11.07124447390005,High
51143,Owner,1940 to 1949,554,188,20.629190304280556,Medium
51143,Owner,1950 to 1959,1281,218,10.345261229709882,High
51143,Owner,1960 to 1969,1780,295,10.07479252757761,High
51143,Owner,1970 to 1979,3332,386,7.042330610055572,High
51143,Owner,1980 to 1989,3337,383,6.9771275912605555,High
51143,Owner,1990 to 1999,3900,410,6.390772348219157,High
51143,Owner,2000 to 2009,2989,346,7.036947022568059,High
51143,Owner,2010 to 2019,967,203,12.761556909943012,High
51143,Owner,2020 or later,60,41,41.54002026342452,Low
51143,Renter,1939 or earlier,338,130,23.380874444704233,Medium
51143,Renter,1940 to 1949,529,194,22.293597485649933,Medium
51143,Renter,1950 to 1959,621,186,18.20771478495808,Medium
51143,Renter,1960 to 1969,640,218,20.706686930091184,Medium
51143,Renter,1970 to 1979,818,210,15.606304947198668,Medium
51143,Renter,1980 to 1989,914,221,14.698742293136819,High
51143,Renter,1990 to 1999,819,225,16.700624603360165,Medium
51143,Renter,2000 to 2009,388,114,17.861059756212203,Medium
51143,Renter,2010 to 2019,169,92,33.092929983273685,Low
51143,Renter,2020 or later,0,31,Inf,Low
51145,Owner,1939 or earlier,319,140,26.679116921229905,Medium
51145,Owner,1940 to 1949,47,49,63.377093707559986,Low
51145,Owner,1950 to 1959,71,51,43.66625283616593,Low
51145,Owner,1960 to 1969,384,121,19.155268490374873,Medium
51145,Owner,1970 to 1979,1602,263,9.97992630792057,High
51145,Owner,1980 to 1989,1315,269,12.435424780704288,High
51145,Owner,1990 to 1999,2506,377,9.145224712968512,High
51145,Owner,2000 to 2009,2616,355,8.249444614855507,High
51145,Owner,2010 to 2019,1306,268,12.474573746607893,High
51145,Owner,2020 or later,221,117,32.18308600035759,Low
51145,Renter,1939 or earlier,16,21,79.7872340425532,Low
51145,Renter,1940 to 1949,39,60,93.52349777881693,Low
51145,Renter,1950 to 1959,113,122,65.63197675982462,Low
51145,Renter,1960 to 1969,60,55,55.72441742654508,Low
51145,Renter,1970 to 1979,13,14,65.46644844517185,Low
51145,Renter,1980 to 1989,128,111,52.71656534954408,Low
51145,Renter,1990 to 1999,191,107,34.05528413883098,Low
51145,Renter,2000 to 2009,102,66,39.33488288932594,Low
51145,Renter,2010 to 2019,102,90,53.638476667262644,Low
51145,Renter,2020 or later,0,28,Inf,Low
51147,Owner,1939 or earlier,395,144,22.161517448347503,Medium
51147,Owner,1940 to 1949,143,86,36.559185495355706,Low
51147,Owner,1950 to 1959,199,89,27.187609781429945,Medium
51147,Owner,1960 to 1969,436,159,22.168930035414515,Medium
51147,Owner,1970 to 1979,692,165,14.49479066008398,High
51147,Owner,1980 to 1989,659,215,19.832942055523013,Medium
51147,Owner,1990 to 1999,583,170,17.726151808849522,Medium
51147,Owner,2000 to 2009,1020,174,10.370105489004112,High
51147,Owner,2010 to 2019,374,133,21.617931505290706,Medium
51147,Owner,2020 or later,31,29,56.86832042357094,Low
51147,Renter,1939 or earlier,387,206,32.35864690590074,Low
51147,Renter,1940 to 1949,126,122,58.86042360206494,Low
51147,Renter,1950 to 1959,94,65,42.03582745909591,Low
51147,Renter,1960 to 1969,335,152,27.582452479245113,Medium
51147,Renter,1970 to 1979,439,157,21.740485075918606,Medium
51147,Renter,1980 to 1989,504,202,24.36435567134655,Medium
51147,Renter,1990 to 1999,657,243,22.48407378107174,Medium
51147,Renter,2000 to 2009,243,138,34.52287140230402,Low
51147,Renter,2010 to 2019,243,145,36.27403154589916,Low
51147,Renter,2020 or later,0,25,Inf,Low
51149,Owner,1939 or earlier,237,151,38.73135572569992,Low
51149,Owner,1940 to 1949,113,86,46.26516394545014,Low
51149,Owner,1950 to 1959,211,98,28.234345064031462,Medium
51149,Owner,1960 to 1969,741,219,17.96635615224641,Medium
51149,Owner,1970 to 1979,1544,275,10.827283178732854,High
51149,Owner,1980 to 1989,1789,316,10.737689459904415,High
51149,Owner,1990 to 1999,2092,375,10.89691806098787,High
51149,Owner,2000 to 2009,1704,317,11.308988683876308,High
51149,Owner,2010 to 2019,923,234,15.411618648058564,Medium
51149,Owner,2020 or later,48,40,50.65856129685916,Low
51149,Renter,1939 or earlier,31,32,62.75125012256103,Low
51149,Renter,1940 to 1949,38,36,57.5907854743241,Low
51149,Renter,1950 to 1959,132,106,48.8164317951552,Low
51149,Renter,1960 to 1969,295,103,21.225078563700993,Medium
51149,Renter,1970 to 1979,135,84,37.825059101654844,Low
51149,Renter,1980 to 1989,666,223,20.354701205765036,Medium
51149,Renter,1990 to 1999,436,193,26.909455954937116,Medium
51149,Renter,2000 to 2009,960,187,11.841438703140831,High
51149,Renter,2010 to 2019,604,225,22.645383361178766,Medium
51149,Renter,2020 or later,19,29,92.78515437529995,Low
51153,Owner,1939 or earlier,747,185,15.055154762922001,Medium
51153,Owner,1940 to 1949,564,220,23.71251805384897,Medium
51153,Owner,1950 to 1959,2969,541,11.07697473692185,High
51153,Owner,1960 to 1969,7374,550,4.5341267230712035,High
51153,Owner,1970 to 1979,16233,835,3.126956102966358,High
51153,Owner,1980 to 1989,20575,1024,3.0254794712797346,High
51153,Owner,1990 to 1999,18695,1061,3.4500390608805076,High
51153,Owner,2000 to 2009,33074,1260,2.3158899643481607,High
51153,Owner,2010 to 2019,13428,618,2.797765047494099,High
51153,Owner,2020 or later,1342,246,11.143373543094507,High
51153,Renter,1939 or earlier,1017,268,16.019462451396173,Medium
51153,Renter,1940 to 1949,332,183,33.5078917493683,Low
51153,Renter,1950 to 1959,1113,271,14.801585025820845,High
51153,Renter,1960 to 1969,2543,470,11.235323858210213,High
51153,Renter,1970 to 1979,4990,677,8.247498035584847,High
51153,Renter,1980 to 1989,6750,802,7.222785095125521,High
51153,Renter,1990 to 1999,7743,778,6.108076046331877,High
51153,Renter,2000 to 2009,8152,717,5.34674020360864,High
51153,Renter,2010 to 2019,6746,653,5.884383135520137,High
51153,Renter,2020 or later,222,108,29.573646594923193,Medium
51155,Owner,1939 or earlier,928,195,12.773818258044232,High
51155,Owner,1940 to 1949,862,221,15.585441364184515,Medium
51155,Owner,1950 to 1959,831,172,12.582343022468992,High
51155,Owner,1960 to 1969,1099,219,12.11380337471755,High
51155,Owner,1970 to 1979,2451,324,8.035923554556852,High
51155,Owner,1980 to 1989,927,167,10.951430079709361,High
51155,Owner,1990 to 1999,1398,199,8.65326497688839,High
51155,Owner,2000 to 2009,1335,235,10.700909577314071,High
51155,Owner,2010 to 2019,526,180,20.802755209356615,Medium
51155,Owner,2020 or later,23,24,63.43332892824105,Low
51155,Renter,1939 or earlier,303,153,30.696078726413674,Low
51155,Renter,1940 to 1949,435,160,22.35964084826887,Medium
51155,Renter,1950 to 1959,592,169,17.353980119937564,Medium
51155,Renter,1960 to 1969,454,152,20.352690706050907,Medium
51155,Renter,1970 to 1979,846,259,18.61073386650571,Medium
51155,Renter,1980 to 1989,733,205,17.001372549832684,Medium
51155,Renter,1990 to 1999,351,144,24.93959940768451,Medium
51155,Renter,2000 to 2009,175,95,33.00043421623969,Low
51155,Renter,2010 to 2019,98,62,38.4591526580237,Low
51155,Renter,2020 or later,19,20,63.989761638137885,Low
51157,Owner,1939 or earlier,378,144,23.15819944999276,Medium
51157,Owner,1940 to 1949,15,24,97.26443768996961,Low
51157,Owner,1950 to 1959,67,60,54.439050945878506,Low
51157,Owner,1960 to 1969,158,64,24.623908275941673,Medium
51157,Owner,1970 to 1979,202,93,27.987601191730114,Medium
51157,Owner,1980 to 1989,498,158,19.286873939527105,Medium
51157,Owner,1990 to 1999,442,149,20.492648778005474,Medium
51157,Owner,2000 to 2009,378,117,18.81603705311912,Medium
51157,Owner,2010 to 2019,90,59,39.851401553529215,Low
51157,Owner,2020 or later,0,19,Inf,Low
51157,Renter,1939 or earlier,174,83,28.997659225098694,Medium
51157,Renter,1940 to 1949,38,45,71.98848184290514,Low
51157,Renter,1950 to 1959,19,25,79.98720204767237,Low
51157,Renter,1960 to 1969,31,28,54.90734385724091,Low
51157,Renter,1970 to 1979,140,93,40.382110290924885,Low
51157,Renter,1980 to 1989,39,41,63.90772348219157,Low
51157,Renter,1990 to 1999,63,49,47.28132387706856,Low
51157,Renter,2000 to 2009,113,77,41.42346074185653,Low
51157,Renter,2010 to 2019,16,27,102.58358662613982,Low
51157,Renter,2020 or later,0,19,Inf,Low
51159,Owner,1939 or earlier,242,138,34.66552789570198,Low
51159,Owner,1940 to 1949,199,93,28.40952482778635,Medium
51159,Owner,1950 to 1959,84,56,40.52684903748733,Low
51159,Owner,1960 to 1969,191,75,23.870526265535734,Medium
51159,Owner,1970 to 1979,504,182,21.952043228638974,Medium
51159,Owner,1980 to 1989,220,85,23.487151146725616,Medium
51159,Owner,1990 to 1999,267,120,27.32147126122742,Medium
51159,Owner,2000 to 2009,148,75,30.805881869711655,Low
51159,Owner,2010 to 2019,160,73,27.735562310030392,Medium
51159,Owner,2020 or later,52,59,68.97357961187748,Low
51159,Renter,1939 or earlier,43,51,72.100091892274,Low
51159,Renter,1940 to 1949,195,120,37.409399111526774,Low
51159,Renter,1950 to 1959,73,59,49.131864929008614,Low
51159,Renter,1960 to 1969,125,106,51.55015197568389,Low
51159,Renter,1970 to 1979,74,58,47.646430625154025,Low
51159,Renter,1980 to 1989,61,52,51.821216802032986,Low
51159,Renter,1990 to 1999,96,58,36.72745694022289,Low
51159,Renter,2000 to 2009,150,98,39.71631205673759,Low
51159,Renter,2010 to 2019,47,43,55.61663325357304,Low
51159,Renter,2020 or later,0,19,Inf,Low
51161,Owner,1939 or earlier,1209,241,12.117829550911226,High
51161,Owner,1940 to 1949,676,223,20.053596158342476,Medium
51161,Owner,1950 to 1959,3006,390,7.886961639031967,High
51161,Owner,1960 to 1969,5417,528,5.925284186392831,High
51161,Owner,1970 to 1979,5968,515,5.245809464051435,High
51161,Owner,1980 to 1989,4071,438,6.540442107007904,High
51161,Owner,1990 to 1999,3843,413,6.533016648119543,High
51161,Owner,2000 to 2009,3616,396,6.6573419049412275,High
51161,Owner,2010 to 2019,1897,379,12.145236519668714,High
51161,Owner,2020 or later,216,132,37.14961161769672,Low
51161,Renter,1939 or earlier,172,93,32.8691595391249,Low
51161,Renter,1940 to 1949,592,303,31.113940688408775,Low
51161,Renter,1950 to 1959,517,187,21.98797128629632,Medium
51161,Renter,1960 to 1969,1234,328,16.15819264703709,Medium
51161,Renter,1970 to 1979,2327,411,10.736915527121162,High
51161,Renter,1980 to 1989,1441,278,11.727755758939777,High
51161,Renter,1990 to 1999,1429,314,13.357694819213812,High
51161,Renter,2000 to 2009,788,258,19.90341443846142,Medium
51161,Renter,2010 to 2019,774,285,22.384015456751726,Medium
51161,Renter,2020 or later,38,36,57.5907854743241,Low
51163,Owner,1939 or earlier,1034,201,11.817064782207382,High
51163,Owner,1940 to 1949,204,112,33.37505214851898,Low
51163,Owner,1950 to 1959,508,176,21.061197137591844,Medium
51163,Owner,1960 to 1969,810,216,16.210739614994935,Medium
51163,Owner,1970 to 1979,836,235,17.088174982911823,Medium
51163,Owner,1980 to 1989,884,201,13.822222833486913,High
51163,Owner,1990 to 1999,1350,243,10.94224924012158,High
51163,Owner,2000 to 2009,1320,268,12.342267661416598,High
51163,Owner,2010 to 2019,411,108,15.974086481929314,Medium
51163,Owner,2020 or later,135,80,36.02386581109985,Low
51163,Renter,1939 or earlier,184,103,34.02933791462931,Low
51163,Renter,1940 to 1949,90,74,49.983113812901045,Low
51163,Renter,1950 to 1959,219,124,34.42006356608513,Low
51163,Renter,1960 to 1969,207,115,33.77237419790611,Low
51163,Renter,1970 to 1979,404,160,24.07535586385386,Medium
51163,Renter,1980 to 1989,170,94,33.613445378151255,Low
51163,Renter,1990 to 1999,496,218,26.718305716246686,Medium
51163,Renter,2000 to 2009,252,100,24.123124427075794,Medium
51163,Renter,2010 to 2019,38,36,57.5907854743241,Low
51163,Renter,2020 or later,0,25,Inf,Low
51165,Owner,1939 or earlier,2431,338,8.452123596053509,High
51165,Owner,1940 to 1949,701,229,19.858734157456347,Medium
51165,Owner,1950 to 1959,1534,253,10.026035990695204,High
51165,Owner,1960 to 1969,1774,256,8.772440828858588,High
51165,Owner,1970 to 1979,3530,417,7.1811739583423035,High
51165,Owner,1980 to 1989,3301,443,8.158161522390285,High
51165,Owner,1990 to 1999,3916,407,6.31809022915884,High
51165,Owner,2000 to 2009,4029,414,6.246506143529321,High
51165,Owner,2010 to 2019,2532,342,8.211008513519353,High
51165,Owner,2020 or later,345,145,25.549535262763754,Medium
51165,Renter,1939 or earlier,1098,249,13.785772418489545,High
51165,Renter,1940 to 1949,262,99,22.97037054223996,Medium
51165,Renter,1950 to 1959,482,148,18.66589312514977,Medium
51165,Renter,1960 to 1969,461,136,17.93379002960394,Medium
51165,Renter,1970 to 1979,1111,264,14.445213518312316,High
51165,Renter,1980 to 1989,1113,211,11.524481330067154,High
51165,Renter,1990 to 1999,1259,274,13.229972163945428,High
51165,Renter,2000 to 2009,1118,278,15.116007199134366,Medium
51165,Renter,2010 to 2019,978,175,10.877605186442151,High
51165,Renter,2020 or later,73,53,44.13540408877045,Low
51167,Owner,1939 or earlier,636,221,21.123664238879016,Medium
51167,Owner,1940 to 1949,202,91,27.385717295133773,Medium
51167,Owner,1950 to 1959,624,173,16.8537136622243,Medium
51167,Owner,1960 to 1969,790,213,16.390288946173676,Medium
51167,Owner,1970 to 1979,1431,261,11.087534170633328,High
51167,Owner,1980 to 1989,1281,347,16.46699837940059,Medium
51167,Owner,1990 to 1999,1330,230,10.512603697694082,High
51167,Owner,2000 to 2009,1164,220,11.489570603411357,High
51167,Owner,2010 to 2019,468,127,16.496505858207986,Medium
51167,Owner,2020 or later,10,14,85.1063829787234,Low
51167,Renter,1939 or earlier,109,77,42.94358774155768,Low
51167,Renter,1940 to 1949,210,91,26.342451874366766,Medium
51167,Renter,1950 to 1959,253,195,46.85416341290532,Low
51167,Renter,1960 to 1969,238,115,29.373451508262878,Medium
51167,Renter,1970 to 1979,596,180,18.35947859080802,Medium
51167,Renter,1980 to 1989,310,126,24.70830473575841,Medium
51167,Renter,1990 to 1999,512,167,19.828077507598785,Medium
51167,Renter,2000 to 2009,165,98,36.10573823339781,Low
51167,Renter,2010 to 2019,136,92,41.12283211156803,Low
51167,Renter,2020 or later,5,9,109.4224924012158,Low
51169,Owner,1939 or earlier,525,131,15.168620639745258,Medium
51169,Owner,1940 to 1949,379,112,17.964408016617078,Medium
51169,Owner,1950 to 1959,1038,213,12.474304689284397,High
51169,Owner,1960 to 1969,830,166,12.1580547112462,High
51169,Owner,1970 to 1979,1069,202,11.487030176200806,High
51169,Owner,1980 to 1989,899,207,13.997315490700576,High
51169,Owner,1990 to 1999,1181,217,11.169762372313402,High
51169,Owner,2000 to 2009,827,153,11.246568142809362,High
51169,Owner,2010 to 2019,250,86,20.911854103343465,Medium
51169,Owner,2020 or later,13,18,84.17114800093522,Low
51169,Renter,1939 or earlier,288,104,21.952043228638974,Medium
51169,Renter,1940 to 1949,136,89,39.781870194886466,Low
51169,Renter,1950 to 1959,251,122,29.54746364087722,Medium
51169,Renter,1960 to 1969,285,112,23.889511011571482,Medium
51169,Renter,1970 to 1979,242,90,22.607952975457813,Medium
51169,Renter,1980 to 1989,256,91,21.60904255319149,Medium
51169,Renter,1990 to 1999,224,90,24.424663482414243,Medium
51169,Renter,2000 to 2009,169,73,26.25852053020629,Medium
51169,Renter,2010 to 2019,89,57,38.93309654724907,Low
51169,Renter,2020 or later,0,25,Inf,Low
51171,Owner,1939 or earlier,1693,250,8.976709030748818,High
51171,Owner,1940 to 1949,339,128,22.953259631851232,Medium
51171,Owner,1950 to 1959,648,206,19.325303013246277,Medium
51171,Owner,1960 to 1969,1017,202,12.074370952171742,High
51171,Owner,1970 to 1979,2186,330,9.176939740876593,High
51171,Owner,1980 to 1989,1653,318,11.694680575245892,High
51171,Owner,1990 to 1999,1705,284,10.125769906140532,High
51171,Owner,2000 to 2009,2812,345,7.458266136877559,High
51171,Owner,2010 to 2019,677,133,11.942550048713034,High
51171,Owner,2020 or later,147,66,27.293592208920042,Medium
51171,Renter,1939 or earlier,1242,255,12.48109481226965,High
51171,Renter,1940 to 1949,122,64,31.889979570481835,Low
51171,Renter,1950 to 1959,137,58,25.736028220886116,Medium
51171,Renter,1960 to 1969,437,137,19.057820313967156,Medium
51171,Renter,1970 to 1979,654,232,21.564745359396927,Medium
51171,Renter,1980 to 1989,754,204,16.447235816274702,Medium
51171,Renter,1990 to 1999,652,185,17.24877393850113,Medium
51171,Renter,2000 to 2009,690,258,22.730276199286376,Medium
51171,Renter,2010 to 2019,187,84,27.306860848788254,Medium
51171,Renter,2020 or later,30,36,72.94832826747721,Low
51173,Owner,1939 or earlier,796,161,12.295520153961297,High
51173,Owner,1940 to 1949,470,111,14.356851839875834,High
51173,Owner,1950 to 1959,1155,200,10.526454295451256,High
51173,Owner,1960 to 1969,1287,233,11.005542920436536,High
51173,Owner,1970 to 1979,1459,221,9.20812231386364,High
51173,Owner,1980 to 1989,1021,186,11.07442789565031,High
51173,Owner,1990 to 1999,1282,240,11.380394425503464,High
51173,Owner,2000 to 2009,881,219,15.111316582082393,Medium
51173,Owner,2010 to 2019,502,144,17.437847394616064,Medium
51173,Owner,2020 or later,27,28,63.04176516942475,Low
51173,Renter,1939 or earlier,314,98,18.972760536658086,Medium
51173,Renter,1940 to 1949,200,101,30.69908814589666,Low
51173,Renter,1950 to 1959,465,117,15.295617217374252,Medium
51173,Renter,1960 to 1969,502,142,17.195655069690844,Medium
51173,Renter,1970 to 1979,732,159,13.204444665902635,High
51173,Renter,1980 to 1989,804,225,17.01220342058703,Medium
51173,Renter,1990 to 1999,390,112,17.45771958537916,Medium
51173,Renter,2000 to 2009,155,76,29.80684380821649,Medium
51173,Renter,2010 to 2019,88,59,40.75711522520033,Low
51173,Renter,2020 or later,0,25,Inf,Low
51175,Owner,1939 or earlier,540,153,17.223910840932117,Medium
51175,Owner,1940 to 1949,123,50,24.71149331554106,Medium
51175,Owner,1950 to 1959,512,158,18.75949848024316,Medium
51175,Owner,1960 to 1969,369,111,18.286505053500385,Medium
51175,Owner,1970 to 1979,882,240,16.54157103570912,Medium
51175,Owner,1980 to 1989,643,159,15.032120521680762,Medium
51175,Owner,1990 to 1999,927,203,13.312217402281437,High
51175,Owner,2000 to 2009,777,172,13.456791572293092,High
51175,Owner,2010 to 2019,338,150,26.977932051581803,Medium
51175,Owner,2020 or later,41,47,69.68641114982577,Low
51175,Renter,1939 or earlier,238,116,29.62887282572603,Medium
51175,Renter,1940 to 1949,114,87,46.39257718764998,Low
51175,Renter,1950 to 1959,134,67,30.3951367781155,Low
51175,Renter,1960 to 1969,182,85,28.39106182571228,Medium
51175,Renter,1970 to 1979,226,113,30.3951367781155,Low
51175,Renter,1980 to 1989,205,105,31.136481577581737,Low
51175,Renter,1990 to 1999,233,123,32.09100277861122,Low
51175,Renter,2000 to 2009,338,124,22.30175716264096,Medium
51175,Renter,2010 to 2019,65,59,55.17886368950199,Low
51175,Renter,2020 or later,0,21,Inf,Low
51177,Owner,1939 or earlier,525,176,20.379215515993632,Medium
51177,Owner,1940 to 1949,424,243,34.839708665481446,Low
51177,Owner,1950 to 1959,874,182,12.658844150153367,High
51177,Owner,1960 to 1969,672,171,15.468953538862355,Medium
51177,Owner,1970 to 1979,4061,423,6.332008301966441,High
51177,Owner,1980 to 1989,7650,613,4.871168325486223,High
51177,Owner,1990 to 1999,9934,587,3.5920968972727603,High
51177,Owner,2000 to 2009,10860,718,4.019099117253579,High
51177,Owner,2010 to 2019,4868,467,5.831770285694305,High
51177,Owner,2020 or later,982,203,12.566624777917406,High
51177,Renter,1939 or earlier,221,121,33.28336244481426,Low
51177,Renter,1940 to 1949,290,248,51.98616497222513,Low
51177,Renter,1950 to 1959,312,139,27.082846231782405,Medium
51177,Renter,1960 to 1969,411,144,21.29878197590575,Medium
51177,Renter,1970 to 1979,804,219,16.558544662704712,Medium
51177,Renter,1980 to 1989,1829,355,11.79909628893494,High
51177,Renter,1990 to 1999,2299,434,11.475849814442912,High
51177,Renter,2000 to 2009,1819,352,11.76370329400402,High
51177,Renter,2010 to 2019,2238,315,8.556271747190692,High
51177,Renter,2020 or later,216,111,31.239446133063154,Low
51179,Owner,1939 or earlier,720,221,18.65923674434313,Medium
51179,Owner,1940 to 1949,323,102,19.19692849144137,Medium
51179,Owner,1950 to 1959,973,211,13.182680082594803,High
51179,Owner,1960 to 1969,1468,340,14.079491150625708,High
51179,Owner,1970 to 1979,4827,504,6.34727529984264,High
51179,Owner,1980 to 1989,6423,512,4.845807264641175,High
51179,Owner,1990 to 1999,8500,554,3.9620954764884684,High
51179,Owner,2000 to 2009,10268,640,3.7890314643540943,High
51179,Owner,2010 to 2019,7172,553,4.6872589621578005,High
51179,Owner,2020 or later,798,219,16.683044998514525,Medium
51179,Renter,1939 or earlier,203,88,26.352433856888318,Medium
51179,Renter,1940 to 1949,119,67,34.226456540062834,Low
51179,Renter,1950 to 1959,389,123,19.221603206725998,Medium
51179,Renter,1960 to 1969,235,106,27.420293604087178,Medium
51179,Renter,1970 to 1979,1065,305,17.40942106539949,Medium
51179,Renter,1980 to 1989,1390,313,13.688745052590146,High
51179,Renter,1990 to 1999,2448,474,11.770665713093747,High
51179,Renter,2000 to 2009,1991,407,12.426741003207443,High
51179,Renter,2010 to 2019,1959,392,12.164260966841528,High
51179,Renter,2020 or later,38,36,57.5907854743241,Low
51181,Owner,1939 or earlier,194,60,18.80111553285495,Medium
51181,Owner,1940 to 1949,85,43,30.75272662256392,Low
51181,Owner,1950 to 1959,105,46,26.631929367491676,Medium
51181,Owner,1960 to 1969,163,77,28.716877692207287,Medium
51181,Owner,1970 to 1979,199,79,24.132822165538943,Medium
51181,Owner,1980 to 1989,364,116,19.37272453989779,Medium
51181,Owner,1990 to 1999,438,127,17.62640351972908,Medium
51181,Owner,2000 to 2009,366,111,18.436394439184813,Medium
51181,Owner,2010 to 2019,273,93,20.708774508166606,Medium
51181,Owner,2020 or later,23,26,68.71943967226113,Low
51181,Renter,1939 or earlier,64,45,42.743161094224924,Low
51181,Renter,1940 to 1949,106,77,44.158972300281015,Low
51181,Renter,1950 to 1959,77,59,46.5795602573718,Low
51181,Renter,1960 to 1969,6,6,60.790273556231,Low
51181,Renter,1970 to 1979,136,80,35.758984444841765,Low
51181,Renter,1980 to 1989,89,61,41.66524367337181,Low
51181,Renter,1990 to 1999,57,45,47.99232122860342,Low
51181,Renter,2000 to 2009,10,13,79.0273556231003,Low
51181,Renter,2010 to 2019,0,19,Inf,Low
51181,Renter,2020 or later,0,19,Inf,Low
51183,Owner,1939 or earlier,192,63,19.9468085106383,Medium
51183,Owner,1940 to 1949,133,79,36.108508352949244,Low
51183,Owner,1950 to 1959,265,93,21.33394505935654,Medium
51183,Owner,1960 to 1969,207,87,25.549535262763754,Medium
51183,Owner,1970 to 1979,603,127,12.80325827801217,High
51183,Owner,1980 to 1989,246,92,22.734573850297775,Medium
51183,Owner,1990 to 1999,340,101,18.058287144645092,Medium
51183,Owner,2000 to 2009,344,84,14.844136566056406,High
51183,Owner,2010 to 2019,209,129,37.521269324180864,Low
51183,Owner,2020 or later,28,35,75.98784194528875,Low
51183,Renter,1939 or earlier,77,44,34.73729917498915,Low
51183,Renter,1940 to 1949,25,16,38.90577507598784,Low
51183,Renter,1950 to 1959,210,127,36.76364162686351,Low
51183,Renter,1960 to 1969,51,45,53.638476667262644,Low
51183,Renter,1970 to 1979,216,105,29.550827423167853,Medium
51183,Renter,1980 to 1989,147,82,33.91022062320369,Low
51183,Renter,1990 to 1999,126,70,33.77237419790611,Low
51183,Renter,2000 to 2009,111,67,36.693228182589884,Low
51183,Renter,2010 to 2019,175,99,34.389926183239254,Low
51183,Renter,2020 or later,0,21,Inf,Low
51185,Owner,1939 or earlier,1400,304,13.200173686495875,High
51185,Owner,1940 to 1949,916,174,11.547497378585366,High
51185,Owner,1950 to 1959,1374,215,9.512306269715914,High
51185,Owner,1960 to 1969,1122,269,14.574495175246113,High
51185,Owner,1970 to 1979,2335,313,8.148760438158588,High
51185,Owner,1980 to 1989,1547,257,10.098965936620147,High
51185,Owner,1990 to 1999,1657,257,9.428545747707522,High
51185,Owner,2000 to 2009,766,183,14.523002690326727,High
51185,Owner,2010 to 2019,495,125,15.351079180866414,Medium
51185,Owner,2020 or later,40,37,56.23100303951368,Low
51185,Renter,1939 or earlier,511,204,24.2685240811568,Medium
51185,Renter,1940 to 1949,432,166,23.35922548688506,Medium
51185,Renter,1950 to 1959,425,145,20.740210978008225,Medium
51185,Renter,1960 to 1969,345,133,23.43509096515572,Medium
51185,Renter,1970 to 1979,891,205,13.986538809233846,High
51185,Renter,1980 to 1989,629,170,16.42980366384622,Medium
51185,Renter,1990 to 1999,540,164,18.462231228188674,Medium
51185,Renter,2000 to 2009,325,152,28.431143324760345,Medium
51185,Renter,2010 to 2019,194,114,35.722119512424406,Low
51185,Renter,2020 or later,7,10,86.84324793747285,Low
51187,Owner,1939 or earlier,791,188,14.448257178977785,High
51187,Owner,1940 to 1949,529,153,17.582063996414636,Medium
51187,Owner,1950 to 1959,698,141,12.279983626688496,High
51187,Owner,1960 to 1969,685,184,16.329066181527743,Medium
51187,Owner,1970 to 1979,1748,359,12.4849589283106,High
51187,Owner,1980 to 1989,1697,331,11.857148230472871,High
51187,Owner,1990 to 1999,2410,372,9.383394922372586,High
51187,Owner,2000 to 2009,2120,362,10.380225956299821,High
51187,Owner,2010 to 2019,851,207,14.786823297461597,High
51187,Owner,2020 or later,170,107,38.26211335598069,Low
51187,Renter,1939 or earlier,481,184,23.25449133959772,Medium
51187,Renter,1940 to 1949,95,79,50.55191169412894,Low
51187,Renter,1950 to 1959,467,158,20.56715893337152,Medium
51187,Renter,1960 to 1969,240,114,28.87537993920973,Medium
51187,Renter,1970 to 1979,792,222,17.039697890761722,Medium
51187,Renter,1980 to 1989,547,173,19.226174269155326,Medium
51187,Renter,1990 to 1999,571,255,27.148020589910516,Medium
51187,Renter,2000 to 2009,398,183,27.9513066854027,Medium
51187,Renter,2010 to 2019,67,65,58.97563852470172,Low
51187,Renter,2020 or later,0,28,Inf,Low
51191,Owner,1939 or earlier,1166,199,10.375012382238396,High
51191,Owner,1940 to 1949,649,198,18.546185152748443,Medium
51191,Owner,1950 to 1959,1072,237,13.439640702263755,High
51191,Owner,1960 to 1969,1513,226,9.080371330937346,High
51191,Owner,1970 to 1979,3585,401,6.799693081185114,High
51191,Owner,1980 to 1989,2113,296,8.51581683513695,High
51191,Owner,1990 to 1999,3243,346,6.485795451882802,High
51191,Owner,2000 to 2009,2107,330,9.521020537995364,High
51191,Owner,2010 to 2019,1232,240,11.842261082382665,High
51191,Owner,2020 or later,90,62,41.87774400540358,Low
51191,Renter,1939 or earlier,536,215,24.384158236174752,Medium
51191,Renter,1940 to 1949,165,66,24.3161094224924,Medium
51191,Renter,1950 to 1959,294,128,26.466513657134584,Medium
51191,Renter,1960 to 1969,506,158,18.98194312625395,Medium
51191,Renter,1970 to 1979,885,258,17.721910257070732,Medium
51191,Renter,1980 to 1989,805,198,14.952141818799674,High
51191,Renter,1990 to 1999,1100,293,16.192318319977893,Medium
51191,Renter,2000 to 2009,848,200,14.337328668922405,High
51191,Renter,2010 to 2019,193,95,29.92267351213443,Medium
51191,Renter,2020 or later,16,19,72.18844984802432,Low
51193,Owner,1939 or earlier,431,201,28.349988363810745,Medium
51193,Owner,1940 to 1949,498,208,25.39031505963062,Medium
51193,Owner,1950 to 1959,439,135,18.694047676745296,Medium
51193,Owner,1960 to 1969,515,199,23.489833859592174,Medium
51193,Owner,1970 to 1979,751,229,18.536581417279493,Medium
51193,Owner,1980 to 1989,749,196,15.907735136209983,Medium
51193,Owner,1990 to 1999,847,170,12.201117478818501,High
51193,Owner,2000 to 2009,1515,293,11.756798780181969,High
51193,Owner,2010 to 2019,544,200,22.349365278026102,Medium
51193,Owner,2020 or later,59,44,45.33511926227397,Low
51193,Renter,1939 or earlier,111,88,48.19409074728224,Low
51193,Renter,1940 to 1949,101,62,37.31680158897348,Low
51193,Renter,1950 to 1959,146,82,34.14248240829413,Low
51193,Renter,1960 to 1969,83,47,34.42340791738382,Low
51193,Renter,1970 to 1979,219,117,32.47699546154807,Low
51193,Renter,1980 to 1989,299,163,33.13984812597208,Low
51193,Renter,1990 to 1999,210,108,31.263569257490232,Low
51193,Renter,2000 to 2009,279,140,30.504079920689392,Low
51193,Renter,2010 to 2019,233,191,49.83237016841254,Low
51193,Renter,2020 or later,0,21,Inf,Low
51195,Owner,1939 or earlier,924,184,12.105422439768944,High
51195,Owner,1940 to 1949,608,183,18.297072468405055,Medium
51195,Owner,1950 to 1959,808,234,17.605103975443136,Medium
51195,Owner,1960 to 1969,694,197,17.256028660774504,Medium
51195,Owner,1970 to 1979,1972,296,9.124706375580313,High
51195,Owner,1980 to 1989,1395,267,11.635127626891526,High
51195,Owner,1990 to 1999,1710,310,11.020458948790415,High
51195,Owner,2000 to 2009,1496,304,12.353103717308974,High
51195,Owner,2010 to 2019,781,281,21.872044646992205,Medium
51195,Owner,2020 or later,31,30,58.82929698990097,Low
51195,Renter,1939 or earlier,413,126,18.546185152748443,Medium
51195,Renter,1940 to 1949,402,160,24.19513375372378,Medium
51195,Renter,1950 to 1959,212,118,33.83609565865688,Low
51195,Renter,1960 to 1969,372,180,29.414648494950484,Medium
51195,Renter,1970 to 1979,729,179,14.926555509691838,High
51195,Renter,1980 to 1989,507,161,19.30420915690965,Medium
51195,Renter,1990 to 1999,615,179,17.6934292139274,Medium
51195,Renter,2000 to 2009,190,101,32.31482962725964,Low
51195,Renter,2010 to 2019,196,101,31.325600148874138,Low
51195,Renter,2020 or later,0,28,Inf,Low
51197,Owner,1939 or earlier,1174,251,12.996898349756373,High
51197,Owner,1940 to 1949,684,193,17.152811105778632,Medium
51197,Owner,1950 to 1959,420,113,16.355478361557388,Medium
51197,Owner,1960 to 1969,952,255,16.28310898827616,Medium
51197,Owner,1970 to 1979,1556,298,11.642353161797454,High
51197,Owner,1980 to 1989,1108,206,11.30216277308988,High
51197,Owner,1990 to 1999,1449,238,9.984875849815719,High
51197,Owner,2000 to 2009,1501,291,11.78545609917603,High
51197,Owner,2010 to 2019,613,189,18.742841275901565,Medium
51197,Owner,2020 or later,36,29,48.96994258696386,Low
51197,Renter,1939 or earlier,286,135,28.69470954577337,Medium
51197,Renter,1940 to 1949,169,84,30.215283897771624,Low
51197,Renter,1950 to 1959,199,108,32.99170625162286,Low
51197,Renter,1960 to 1969,246,117,28.912447179183037,Medium
51197,Renter,1970 to 1979,582,204,21.30793093723561,Medium
51197,Renter,1980 to 1989,390,175,27.277686852154936,Medium
51197,Renter,1990 to 1999,494,141,17.35106998264893,Medium
51197,Renter,2000 to 2009,337,149,26.877598694001243,Medium
51197,Renter,2010 to 2019,180,116,39.17595406957109,Low
51197,Renter,2020 or later,20,42,127.65957446808511,Low
51199,Owner,1939 or earlier,147,74,30.60190641606187,Low
51199,Owner,1940 to 1949,143,78,33.158331030671455,Low
51199,Owner,1950 to 1959,1259,219,10.574320817168061,High
51199,Owner,1960 to 1969,1677,263,9.53359686660033,High
51199,Owner,1970 to 1979,2123,296,8.475704650327073,High
51199,Owner,1980 to 1989,3728,392,6.3921103095607705,High
51199,Owner,1990 to 1999,4561,471,6.2776186899769355,High
51199,Owner,2000 to 2009,3564,443,7.556142307915358,High
51199,Owner,2010 to 2019,1306,356,16.570702439523917,Medium
51199,Owner,2020 or later,316,104,20.006925474202607,Medium
51199,Renter,1939 or earlier,94,72,46.56276272392162,Low
51199,Renter,1940 to 1949,86,67,47.35986428217996,Low
51199,Renter,1950 to 1959,344,169,29.864989043613484,Medium
51199,Renter,1960 to 1969,491,151,18.695175777985504,Medium
51199,Renter,1970 to 1979,772,221,17.40239696363608,Medium
51199,Renter,1980 to 1989,1044,247,14.382373149797948,High
51199,Renter,1990 to 1999,1323,269,12.360229468349312,High
51199,Renter,2000 to 2009,1540,274,10.815931788576165,High
51199,Renter,2010 to 2019,1872,333,10.813654430675708,High
51199,Renter,2020 or later,55,47,51.94805194805194,Low
51510,Owner,1939 or earlier,4481,352,4.775312718543476,High
51510,Owner,1940 to 1949,4153,513,7.509128421465569,High
51510,Owner,1950 to 1959,4390,415,5.7466887302587395,High
51510,Owner,1960 to 1969,3381,434,7.803306336410605,High
51510,Owner,1970 to 1979,4336,440,6.168754696665507,High
51510,Owner,1980 to 1989,2902,413,8.651406953385047,High
51510,Owner,1990 to 1999,3043,339,6.772232249609698,High
51510,Owner,2000 to 2009,3601,410,6.921414095544214,High
51510,Owner,2010 to 2019,1294,207,9.724564626074047,High
51510,Owner,2020 or later,93,53,34.643919338497234,Low
51510,Renter,1939 or earlier,2094,395,11.467124190406517,High
51510,Renter,1940 to 1949,3425,453,8.040290195904422,High
51510,Renter,1950 to 1959,3422,504,8.953330763395801,High
51510,Renter,1960 to 1969,7679,655,5.18526229708703,High
51510,Renter,1970 to 1979,8150,815,6.079027355623101,High
51510,Renter,1980 to 1989,4436,511,7.002666768988738,High
51510,Renter,1990 to 1999,3975,538,8.227715012138939,High
51510,Renter,2000 to 2009,4790,641,8.134982327670997,High
51510,Renter,2010 to 2019,5191,487,5.703113700998748,High
51510,Renter,2020 or later,513,152,18.011932905549926,Medium
51520,Owner,1939 or earlier,710,193,16.524679994862794,Medium
51520,Owner,1940 to 1949,351,135,23.38087444470423,Medium
51520,Owner,1950 to 1959,649,182,17.047503524243517,Medium
51520,Owner,1960 to 1969,886,215,14.751590084186983,High
51520,Owner,1970 to 1979,722,234,19.70211082016351,Medium
51520,Owner,1980 to 1989,579,210,22.048285745783268,Medium
51520,Owner,1990 to 1999,224,126,34.194528875379945,Low
51520,Owner,2000 to 2009,388,171,26.791589634318303,Medium
51520,Owner,2010 to 2019,118,83,42.759260213281124,Low
51520,Owner,2020 or later,0,21,Inf,Low
51520,Renter,1939 or earlier,466,166,21.654904314022204,Medium
51520,Renter,1940 to 1949,115,85,44.931941324170744,Low
51520,Renter,1950 to 1959,421,157,22.670007003155032,Medium
51520,Renter,1960 to 1969,383,165,26.189021244851475,Medium
51520,Renter,1970 to 1979,460,194,25.637637108497422,Medium
51520,Renter,1980 to 1989,396,175,26.864388566516222,Medium
51520,Renter,1990 to 1999,224,148,40.1650021710812,Low
51520,Renter,2000 to 2009,198,98,30.088115194498172,Low
51520,Renter,2010 to 2019,37,48,78.86305758646184,Low
51520,Renter,2020 or later,0,21,Inf,Low
51530,Owner,1939 or earlier,154,95,37.5004934275451,Low
51530,Owner,1940 to 1949,76,71,56.790913453847395,Low
51530,Owner,1950 to 1959,361,144,24.24875177866278,Medium
51530,Owner,1960 to 1969,64,55,52.241641337386014,Low
51530,Owner,1970 to 1979,178,81,27.66298965199276,Medium
51530,Owner,1980 to 1989,237,102,26.162902543188025,Medium
51530,Owner,1990 to 1999,242,113,28.385540958074806,Medium
51530,Owner,2000 to 2009,159,93,35.55657509892757,Low
51530,Owner,2010 to 2019,22,33,91.1854103343465,Low
51530,Owner,2020 or later,0,19,Inf,Low
51530,Renter,1939 or earlier,84,77,55.724417426545095,Low
51530,Renter,1940 to 1949,15,19,77.00101317122594,Low
51530,Renter,1950 to 1959,218,136,37.92420735618081,Low
51530,Renter,1960 to 1969,204,109,32.48107753739794,Low
51530,Renter,1970 to 1979,178,180,61.47331033776169,Low
51530,Renter,1980 to 1989,206,104,30.69023519343701,Low
51530,Renter,1990 to 1999,44,56,77.36943907156673,Low
51530,Renter,2000 to 2009,67,61,55.346368461643145,Low
51530,Renter,2010 to 2019,102,62,36.95095059300316,Low
51530,Renter,2020 or later,0,19,Inf,Low
51540,Owner,1939 or earlier,1801,314,10.598637366272369,High
51540,Owner,1940 to 1949,508,125,14.958236603403297,High
51540,Owner,1950 to 1959,1956,292,9.075030612688883,High
51540,Owner,1960 to 1969,1350,238,10.717100078802206,High
51540,Owner,1970 to 1979,612,166,16.488865049565923,Medium
51540,Owner,1980 to 1989,339,133,23.849871336220424,Medium
51540,Owner,1990 to 1999,443,170,23.328095947086393,Medium
51540,Owner,2000 to 2009,952,241,15.389134377155116,Medium
51540,Owner,2010 to 2019,599,169,17.151179016699565,Medium
51540,Owner,2020 or later,54,51,57.4130361364404,Low
51540,Renter,1939 or earlier,1427,259,11.033413350430155,High
51540,Renter,1940 to 1949,887,217,14.872028592674328,High
51540,Renter,1950 to 1959,1096,248,13.755463359439132,High
51540,Renter,1960 to 1969,1581,313,12.035013044339218,High
51540,Renter,1970 to 1979,1396,275,11.975161338082755,High
51540,Renter,1980 to 1989,1261,272,13.112572884452684,High
51540,Renter,1990 to 1999,861,210,14.826895989324635,High
51540,Renter,2000 to 2009,1014,195,11.690437222352116,High
51540,Renter,2010 to 2019,1522,283,11.303316305133624,High
51540,Renter,2020 or later,40,44,66.8693009118541,Low
51550,Owner,1939 or earlier,1352,291,13.084297045017177,High
51550,Owner,1940 to 1949,1082,246,13.821078830714258,High
51550,Owner,1950 to 1959,4185,537,7.800329008290574,High
51550,Owner,1960 to 1969,6401,594,5.641215824465117,High
51550,Owner,1970 to 1979,7549,724,5.830197119447774,High
51550,Owner,1980 to 1989,13934,895,3.904642947669495,High
51550,Owner,1990 to 1999,14514,882,3.6941588312385107,High
51550,Owner,2000 to 2009,9169,726,4.813364445612794,High
51550,Owner,2010 to 2019,8945,811,5.511560855685114,High
51550,Owner,2020 or later,1009,276,16.628459367214823,Medium
51550,Renter,1939 or earlier,652,204,19.020269640293137,Medium
51550,Renter,1940 to 1949,546,241,26.832336862732,Medium
51550,Renter,1950 to 1959,790,208,16.00554037936209,Medium
51550,Renter,1960 to 1969,2013,430,12.985503044798477,High
51550,Renter,1970 to 1979,4054,561,8.412270218314157,High
51550,Renter,1980 to 1989,5370,700,7.924244225207021,High
51550,Renter,1990 to 1999,3881,604,9.460789803649453,High
51550,Renter,2000 to 2009,3173,518,9.924160637292045,High
51550,Renter,2010 to 2019,3448,513,9.044492556364995,High
51550,Renter,2020 or later,294,204,42.18100614105825,Low
51570,Owner,1939 or earlier,251,98,23.734847842671865,Medium
51570,Owner,1940 to 1949,307,105,20.791461639753276,Medium
51570,Owner,1950 to 1959,831,183,13.387027750650148,High
51570,Owner,1960 to 1969,1266,242,11.620257662407505,High
51570,Owner,1970 to 1979,1161,200,10.472054014854608,High
51570,Owner,1980 to 1989,441,96,13.233256828567294,High
51570,Owner,1990 to 1999,411,150,22.186231224901825,Medium
51570,Owner,2000 to 2009,367,131,21.698980479199623,Medium
51570,Owner,2010 to 2019,69,68,59.90925509889432,Low
51570,Owner,2020 or later,32,38,72.18844984802432,Low
51570,Renter,1939 or earlier,86,65,45.946136990174594,Low
51570,Renter,1940 to 1949,117,73,37.92897409918686,Low
51570,Renter,1950 to 1959,455,165,22.04482447643542,Medium
51570,Renter,1960 to 1969,339,143,25.6430947449588,Medium
51570,Renter,1970 to 1979,724,230,19.31182723471427,Medium
51570,Renter,1980 to 1989,309,133,26.16539282517386,Medium
51570,Renter,1990 to 1999,243,139,34.77303713710333,Low
51570,Renter,2000 to 2009,120,111,56.23100303951368,Low
51570,Renter,2010 to 2019,16,18,68.38905775075987,Low
51570,Renter,2020 or later,0,21,Inf,Low
51580,Owner,1939 or earlier,717,132,11.191514796963029,High
51580,Owner,1940 to 1949,180,77,26.00472813238771,Medium
51580,Owner,1950 to 1959,265,91,20.875150541951022,Medium
51580,Owner,1960 to 1969,138,69,30.3951367781155,Low
51580,Owner,1970 to 1979,147,85,35.15083845088187,Low
51580,Owner,1980 to 1989,141,87,37.508892194270196,Low
51580,Owner,1990 to 1999,115,83,43.87471917536672,Low
51580,Owner,2000 to 2009,67,68,61.69759107199565,Low
51580,Owner,2010 to 2019,11,15,82.89582757667866,Low
51580,Owner,2020 or later,0,19,Inf,Low
51580,Renter,1939 or earlier,112,56,30.3951367781155,Low
51580,Renter,1940 to 1949,140,70,30.3951367781155,Low
51580,Renter,1950 to 1959,175,77,26.747720364741646,Medium
51580,Renter,1960 to 1969,158,105,40.39859951521681,Low
51580,Renter,1970 to 1979,61,45,44.845283770990086,Low
51580,Renter,1980 to 1989,31,38,74.51710952054123,Low
51580,Renter,1990 to 1999,15,17,68.89564336372848,Low
51580,Renter,2000 to 2009,20,25,75.98784194528875,Low
51580,Renter,2010 to 2019,0,19,Inf,Low
51580,Renter,2020 or later,0,19,Inf,Low
51590,Owner,1939 or earlier,1267,244,11.707045578311257,High
51590,Owner,1940 to 1949,970,195,12.220725096355716,High
51590,Owner,1950 to 1959,2012,330,9.970571706538882,High
51590,Owner,1960 to 1969,1739,316,11.04642118675618,High
51590,Owner,1970 to 1979,1786,278,9.46231581670337,High
51590,Owner,1980 to 1989,410,121,17.940544147082807,Medium
51590,Owner,1990 to 1999,521,154,17.968718095315882,Medium
51590,Owner,2000 to 2009,337,115,20.74445536785331,Medium
51590,Owner,2010 to 2019,78,43,33.512586704076064,Low
51590,Owner,2020 or later,17,20,71.51796888968353,Low
51590,Renter,1939 or earlier,1546,209,8.218090021508589,High
51590,Renter,1940 to 1949,1107,234,12.849976524081352,High
51590,Renter,1950 to 1959,1574,311,12.01129293264793,High
51590,Renter,1960 to 1969,1380,287,12.642614862781375,High
51590,Renter,1970 to 1979,1849,327,10.750902895017598,High
51590,Renter,1980 to 1989,716,172,14.603250072167222,High
51590,Renter,1990 to 1999,737,200,16.49668210481167,Medium
51590,Renter,2000 to 2009,285,117,24.956007038873782,Medium
51590,Renter,2010 to 2019,290,145,30.3951367781155,Low
51590,Renter,2020 or later,11,19,105.00138159712628,Low
51595,Owner,1939 or earlier,60,36,36.474164133738604,Low
51595,Owner,1940 to 1949,96,64,40.52684903748733,Low
51595,Owner,1950 to 1959,178,106,36.200949421126325,Low
51595,Owner,1960 to 1969,240,121,30.648429584599796,Low
51595,Owner,1970 to 1979,75,47,38.095238095238095,Low
51595,Owner,1980 to 1989,27,36,81.05369807497466,Low
51595,Owner,1990 to 1999,82,80,59.30758395729854,Low
51595,Owner,2000 to 2009,74,58,47.646430625154025,Low
51595,Owner,2010 to 2019,20,33,100.30395136778114,Low
51595,Owner,2020 or later,0,19,Inf,Low
51595,Renter,1939 or earlier,366,132,21.924360954706263,Medium
51595,Renter,1940 to 1949,68,60,53.63847666726266,Low
51595,Renter,1950 to 1959,231,133,35.00046053237543,Low
51595,Renter,1960 to 1969,70,48,41.684759009986976,Low
51595,Renter,1970 to 1979,240,103,26.089159067882473,Medium
51595,Renter,1980 to 1989,139,90,39.360608777415756,Low
51595,Renter,1990 to 1999,159,92,35.17424633442297,Low
51595,Renter,2000 to 2009,94,69,44.622647610424885,Low
51595,Renter,2010 to 2019,0,19,Inf,Low
51595,Renter,2020 or later,0,19,Inf,Low
51600,Owner,1939 or earlier,14,15,65.13243595310465,Low
51600,Owner,1940 to 1949,224,110,29.852366478506294,Medium
51600,Owner,1950 to 1959,2104,265,7.656569625665978,High
51600,Owner,1960 to 1969,1646,257,9.491555470201316,High
51600,Owner,1970 to 1979,526,142,16.41106244293689,Medium
51600,Owner,1980 to 1989,362,112,18.80804043728694,Medium
51600,Owner,1990 to 1999,487,140,17.475643322119797,Medium
51600,Owner,2000 to 2009,513,139,16.47143864389105,Medium
51600,Owner,2010 to 2019,467,145,18.874924337587785,Medium
51600,Owner,2020 or later,7,20,173.6864958749457,Low
51600,Renter,1939 or earlier,48,52,65.85612968591693,Low
51600,Renter,1940 to 1949,67,68,61.69759107199565,Low
51600,Renter,1950 to 1959,407,201,30.021732149391724,Low
51600,Renter,1960 to 1969,891,199,13.577176697744072,High
51600,Renter,1970 to 1979,305,124,24.714734167123424,Medium
51600,Renter,1980 to 1989,417,135,19.680304388707878,Medium
51600,Renter,1990 to 1999,198,136,41.75493537195665,Low
51600,Renter,2000 to 2009,101,73,43.9375244515333,Low
51600,Renter,2010 to 2019,260,142,33.20084171148001,Low
51600,Renter,2020 or later,114,86,45.85932917399882,Low
51610,Owner,1939 or earlier,244,94,23.419203747072597,Medium
51610,Owner,1940 to 1949,609,183,18.267028014433947,Medium
51610,Owner,1950 to 1959,501,145,17.593991348609773,Medium
51610,Owner,1960 to 1969,373,121,19.72016916971569,Medium
51610,Owner,1970 to 1979,297,110,22.514916131937408,Medium
51610,Owner,1980 to 1989,81,49,36.77436301549777,Low
51610,Owner,1990 to 1999,200,93,28.267477203647417,Medium
51610,Owner,2000 to 2009,545,130,14.500432224422074,High
51610,Owner,2010 to 2019,170,73,26.10405864473449,Medium
51610,Owner,2020 or later,19,24,76.78771396576548,Low
51610,Renter,1939 or earlier,98,68,42.18100614105825,Low
51610,Renter,1940 to 1949,276,134,29.51411832077882,Medium
51610,Renter,1950 to 1959,308,129,25.460861327122725,Medium
51610,Renter,1960 to 1969,510,175,20.859407592824365,Medium
51610,Renter,1970 to 1979,522,145,16.886187098953055,Medium
51610,Renter,1980 to 1989,166,94,34.42340791738382,Low
51610,Renter,1990 to 1999,86,61,43.11868240616385,Low
51610,Renter,2000 to 2009,366,136,22.588735529091302,Medium
51610,Renter,2010 to 2019,596,191,19.481446726912953,Medium
51610,Renter,2020 or later,86,49,34.636318654131614,Low
51620,Owner,1939 or earlier,143,91,38.684719535783366,Low
51620,Owner,1940 to 1949,98,74,45.9028596240928,Low
51620,Owner,1950 to 1959,352,126,21.760154738878146,Medium
51620,Owner,1960 to 1969,288,119,25.11820330969267,Medium
51620,Owner,1970 to 1979,208,94,27.47252747252747,Medium
51620,Owner,1980 to 1989,206,90,26.558857378935873,Medium
51620,Owner,1990 to 1999,201,96,29.034160504468538,Medium
51620,Owner,2000 to 2009,222,123,33.68109751088475,Low
51620,Owner,2010 to 2019,81,73,54.78629592104769,Low
51620,Owner,2020 or later,10,20,121.580547112462,Low
51620,Renter,1939 or earlier,187,92,29.907514262958568,Medium
51620,Renter,1940 to 1949,34,31,55.426425889504735,Low
51620,Renter,1950 to 1959,524,158,18.329891644817746,Medium
51620,Renter,1960 to 1969,126,85,41.00931152602885,Low
51620,Renter,1970 to 1979,155,82,32.16001568781253,Low
51620,Renter,1980 to 1989,60,62,62.81661600810538,Low
51620,Renter,1990 to 1999,292,125,26.023233542907104,Medium
51620,Renter,2000 to 2009,143,124,52.7132442026059,Low
51620,Renter,2010 to 2019,58,48,50.309191908604966,Low
51620,Renter,2020 or later,0,19,Inf,Low
51630,Owner,1939 or earlier,968,152,9.545580145193298,High
51630,Owner,1940 to 1949,190,79,25.27595584706447,Medium
51630,Owner,1950 to 1959,279,91,19.827651948448104,Medium
51630,Owner,1960 to 1969,429,182,25.78981302385558,Medium
51630,Owner,1970 to 1979,541,218,24.495895813786245,Medium
51630,Owner,1980 to 1989,217,92,25.772834871766136,Medium
51630,Owner,1990 to 1999,167,95,34.58129334037093,Low
51630,Owner,2000 to 2009,879,240,16.598026909551127,Medium
51630,Owner,2010 to 2019,950,284,18.173092305231165,Medium
51630,Owner,2020 or later,136,85,37.99392097264438,Low
51630,Renter,1939 or earlier,593,168,17.22220228911772,Medium
51630,Renter,1940 to 1949,236,120,30.91030858791407,Low
51630,Renter,1950 to 1959,250,106,25.775075987841944,Medium
51630,Renter,1960 to 1969,504,205,24.72620253775269,Medium
51630,Renter,1970 to 1979,1092,313,17.42431833617244,Medium
51630,Renter,1980 to 1989,670,189,17.14830104795173,Medium
51630,Renter,1990 to 1999,950,293,18.7490001599744,Medium
51630,Renter,2000 to 2009,946,262,16.836206841154887,Medium
51630,Renter,2010 to 2019,1382,295,12.976216135374925,High
51630,Renter,2020 or later,64,54,51.29179331306991,Low
51640,Owner,1939 or earlier,146,82,34.14248240829413,Low
51640,Owner,1940 to 1949,145,72,30.185515145162977,Low
51640,Owner,1950 to 1959,217,96,26.893392909669018,Medium
51640,Owner,1960 to 1969,347,175,30.65791894046232,Low
51640,Owner,1970 to 1979,294,124,25.63943510534913,Medium
51640,Owner,1980 to 1989,179,77,26.150005943183167,Medium
51640,Owner,1990 to 1999,152,69,27.595584706446967,Medium
51640,Owner,2000 to 2009,172,107,37.817205061143696,Low
51640,Owner,2010 to 2019,30,28,56.73758865248227,Low
51640,Owner,2020 or later,0,19,Inf,Low
51640,Renter,1939 or earlier,77,58,45.79007618521296,Low
51640,Renter,1940 to 1949,145,91,38.15113719735877,Low
51640,Renter,1950 to 1959,105,84,48.632218844984806,Low
51640,Renter,1960 to 1969,121,101,50.74229445602752,Low
51640,Renter,1970 to 1979,364,158,26.38698687330906,Medium
51640,Renter,1980 to 1989,85,62,44.341140711603785,Low
51640,Renter,1990 to 1999,60,56,56.73758865248227,Low
51640,Renter,2000 to 2009,59,42,43.2744320230797,Low
51640,Renter,2010 to 2019,26,33,77.15688566752395,Low
51640,Renter,2020 or later,5,19,231.00303951367783,Low
51650,Owner,1939 or earlier,2459,291,7.19396893243726,High
51650,Owner,1940 to 1949,2269,473,12.672454557997915,High
51650,Owner,1950 to 1959,4731,439,5.640864529948301,High
51650,Owner,1960 to 1969,7404,671,5.509221171830227,High
51650,Owner,1970 to 1979,3259,374,6.976238818665356,High
51650,Owner,1980 to 1989,4470,565,7.68378178059743,High
51650,Owner,1990 to 1999,3869,520,8.170313323659892,High
51650,Owner,2000 to 2009,2031,458,13.708491033359824,High
51650,Owner,2010 to 2019,1402,292,12.661027017417585,High
51650,Owner,2020 or later,224,128,34.73729917498915,Low
51650,Renter,1939 or earlier,1082,217,12.191764659613796,High
51650,Renter,1940 to 1949,1050,264,15.284411636995221,Medium
51650,Renter,1950 to 1959,2524,431,10.380589501876212,High
51650,Renter,1960 to 1969,4262,570,8.13009289700884,High
51650,Renter,1970 to 1979,4144,556,8.156223961695087,High
51650,Renter,1980 to 1989,4417,647,8.904529542875586,High
51650,Renter,1990 to 1999,2957,480,9.867883431515349,High
51650,Renter,2000 to 2009,2297,352,9.315705830123342,High
51650,Renter,2010 to 2019,2777,478,10.463720115188483,High
51650,Renter,2020 or later,112,89,48.306556665219276,Low
51660,Owner,1939 or earlier,536,163,18.486594383704578,Medium
51660,Owner,1940 to 1949,317,113,21.66971896483944,Medium
51660,Owner,1950 to 1959,899,256,17.310689688982354,Medium
51660,Owner,1960 to 1969,730,219,18.237082066869302,Medium
51660,Owner,1970 to 1979,1074,239,13.527816927317698,High
51660,Owner,1980 to 1989,918,205,13.575170020726969,High
51660,Owner,1990 to 1999,996,222,13.549639286629803,High
51660,Owner,2000 to 2009,1032,190,11.192007728375861,High
51660,Owner,2010 to 2019,350,108,18.75814155449414,Medium
51660,Owner,2020 or later,70,40,34.73729917498914,Low
51660,Renter,1939 or earlier,581,196,20.507562163547806,Medium
51660,Renter,1940 to 1949,204,107,31.885094463317238,Low
51660,Renter,1950 to 1959,348,188,32.84072249589491,Low
51660,Renter,1960 to 1969,633,193,18.534791147476433,Medium
51660,Renter,1970 to 1979,1409,324,13.978742819175901,High
51660,Renter,1980 to 1989,2005,379,11.491029265741421,High
51660,Renter,1990 to 1999,1736,369,12.921434874567533,High
51660,Renter,2000 to 2009,2155,402,11.339995345524299,High
51660,Renter,2010 to 2019,1276,252,12.00560261455346,High
51660,Renter,2020 or later,62,52,50.98539072458084,Low
51670,Owner,1939 or earlier,503,177,21.39140838857433,Medium
51670,Owner,1940 to 1949,404,179,26.93430437268651,Medium
51670,Owner,1950 to 1959,789,215,16.56515692596916,Medium
51670,Owner,1960 to 1969,911,251,16.749021583549926,Medium
51670,Owner,1970 to 1979,1148,289,15.303474788981497,Medium
51670,Owner,1980 to 1989,592,218,22.38560749199047,Medium
51670,Owner,1990 to 1999,334,203,36.94738183208052,Low
51670,Owner,2000 to 2009,396,168,25.78981302385558,Medium
51670,Owner,2010 to 2019,153,106,42.11613723503586,Low
51670,Owner,2020 or later,0,25,Inf,Low
51670,Renter,1939 or earlier,691,281,24.72079141722274,Medium
51670,Renter,1940 to 1949,200,106,32.21884498480243,Low
51670,Renter,1950 to 1959,397,147,22.5092448684281,Medium
51670,Renter,1960 to 1969,639,283,26.922765909880088,Medium
51670,Renter,1970 to 1979,1211,268,13.453173668926432,High
51670,Renter,1980 to 1989,392,154,23.88189318280504,Medium
51670,Renter,1990 to 1999,135,126,56.73758865248227,Low
51670,Renter,2000 to 2009,312,163,31.759021120723247,Low
51670,Renter,2010 to 2019,150,81,32.82674772036474,Low
51670,Renter,2020 or later,61,61,60.790273556231,Low
51678,Owner,1939 or earlier,474,174,22.315416875072142,Medium
51678,Owner,1940 to 1949,24,30,75.98784194528876,Low
51678,Owner,1950 to 1959,107,66,37.49680424963781,Low
51678,Owner,1960 to 1969,244,122,30.3951367781155,Low
51678,Owner,1970 to 1979,58,46,48.21297557907976,Low
51678,Owner,1980 to 1989,13,23,107.55202244563947,Low
51678,Owner,1990 to 1999,103,70,41.31377814501136,Low
51678,Owner,2000 to 2009,29,44,92.23351849910911,Low
51678,Owner,2010 to 2019,0,19,Inf,Low
51678,Owner,2020 or later,13,20,93.52349777881692,Low
51678,Renter,1939 or earlier,181,97,32.57821290030059,Low
51678,Renter,1940 to 1949,37,44,72.29113612092335,Low
51678,Renter,1950 to 1959,194,121,37.91558299125748,Low
51678,Renter,1960 to 1969,181,117,39.29537019933165,Low
51678,Renter,1970 to 1979,129,87,40.99809146815579,Low
51678,Renter,1980 to 1989,153,119,47.28132387706855,Low
51678,Renter,1990 to 1999,110,98,54.15860735009671,Low
51678,Renter,2000 to 2009,11,16,88.42221608179055,Low
51678,Renter,2010 to 2019,0,19,Inf,Low
51678,Renter,2020 or later,0,19,Inf,Low
51680,Owner,1939 or earlier,2670,402,9.152692872511185,High
51680,Owner,1940 to 1949,885,183,12.570192159085055,High
51680,Owner,1950 to 1959,2556,358,8.514443635810133,High
51680,Owner,1960 to 1969,2075,333,9.755740286373458,High
51680,Owner,1970 to 1979,2169,308,8.632274898717911,High
51680,Owner,1980 to 1989,711,178,15.218943309436172,Medium
51680,Owner,1990 to 1999,939,182,11.782566333582581,High
51680,Owner,2000 to 2009,1461,247,10.277342620389499,High
51680,Owner,2010 to 2019,546,157,17.479987084850308,Medium
51680,Owner,2020 or later,64,78,74.08814589665653,Low
51680,Renter,1939 or earlier,1880,327,10.573627368557203,High
51680,Renter,1940 to 1949,799,209,15.901335636110487,Medium
51680,Renter,1950 to 1959,1259,274,13.229972163945428,High
51680,Renter,1960 to 1969,1769,415,14.26114388119608,High
51680,Renter,1970 to 1979,2561,458,10.871513193578211,High
51680,Renter,1980 to 1989,1916,360,11.421972066932756,High
51680,Renter,1990 to 1999,902,227,15.298660861712237,Medium
51680,Renter,2000 to 2009,1853,394,12.925724652539133,High
51680,Renter,2010 to 2019,1527,288,11.465356112766553,High
51680,Renter,2020 or later,145,96,40.24735352688398,Low
51683,Owner,1939 or earlier,204,71,21.15739912986471,Medium
51683,Owner,1940 to 1949,89,46,31.419691950411526,Low
51683,Owner,1950 to 1959,322,161,30.3951367781155,Low
51683,Owner,1960 to 1969,1160,239,12.52489256891311,High
51683,Owner,1970 to 1979,1746,268,9.330924005194678,High
51683,Owner,1980 to 1989,3498,394,6.847160600673245,High
51683,Owner,1990 to 1999,1604,263,9.967482509531642,High
51683,Owner,2000 to 2009,662,179,16.437249194207475,Medium
51683,Owner,2010 to 2019,742,184,15.074677000466988,Medium
51683,Owner,2020 or later,107,75,42.61000482913388,Low
51683,Renter,1939 or earlier,128,72,34.19452887537994,Low
51683,Renter,1940 to 1949,25,29,70.51671732522796,Low
51683,Renter,1950 to 1959,247,123,30.272079544196007,Low
51683,Renter,1960 to 1969,716,241,20.461530624373843,Medium
51683,Renter,1970 to 1979,246,144,35.58455037437912,Low
51683,Renter,1980 to 1989,1118,304,16.529734491139735,Medium
51683,Renter,1990 to 1999,692,223,19.589929195143807,Medium
51683,Renter,2000 to 2009,316,140,26.9323996768112,Medium
51683,Renter,2010 to 2019,359,156,26.415829177637985,Medium
51683,Renter,2020 or later,60,51,51.671732522796354,Low
51685,Owner,1939 or earlier,47,46,59.49686348056651,Low
51685,Owner,1940 to 1949,37,41,67.3621950217695,Low
51685,Owner,1950 to 1959,831,173,12.65549617957637,High
51685,Owner,1960 to 1969,263,108,24.96330625122794,Medium
51685,Owner,1970 to 1979,142,90,38.52904662014641,Low
51685,Owner,1980 to 1989,301,94,18.984337921214998,Medium
51685,Owner,1990 to 1999,962,225,14.218099324482303,High
51685,Owner,2000 to 2009,802,221,16.75143448369957,Medium
51685,Owner,2010 to 2019,105,73,42.26371399623679,Low
51685,Owner,2020 or later,0,21,Inf,Low
51685,Renter,1939 or earlier,0,21,Inf,Low
51685,Renter,1940 to 1949,0,21,Inf,Low
51685,Renter,1950 to 1959,102,76,45.294713630132904,Low
51685,Renter,1960 to 1969,40,47,71.42857142857142,Low
51685,Renter,1970 to 1979,39,34,52.9966487413296,Low
51685,Renter,1980 to 1989,34,36,64.36617200071517,Low
51685,Renter,1990 to 1999,179,113,38.375982747788285,Low
51685,Renter,2000 to 2009,980,307,19.04348365486012,Medium
51685,Renter,2010 to 2019,301,151,30.49611729897303,Low
51685,Renter,2020 or later,0,21,Inf,Low
51690,Owner,1939 or earlier,346,99,17.39374879210078,Medium
51690,Owner,1940 to 1949,466,148,19.30678215948968,Medium
51690,Owner,1950 to 1959,859,223,15.781409782351005,Medium
51690,Owner,1960 to 1969,675,118,10.627040414274456,High
51690,Owner,1970 to 1979,468,150,19.484062037253523,Medium
51690,Owner,1980 to 1989,85,65,46.486679778294295,Low
51690,Owner,1990 to 1999,170,90,32.18308600035759,Low
51690,Owner,2000 to 2009,90,79,53.36035123269166,Low
51690,Owner,2010 to 2019,25,28,68.08510638297872,Low
51690,Owner,2020 or later,0,21,Inf,Low
51690,Renter,1939 or earlier,561,195,21.130308990133774,Medium
51690,Renter,1940 to 1949,156,74,28.83641181513522,Medium
51690,Renter,1950 to 1959,614,184,18.21728067483144,Medium
51690,Renter,1960 to 1969,321,116,21.96782471190902,Medium
51690,Renter,1970 to 1979,292,117,24.357746596161054,Medium
51690,Renter,1980 to 1989,234,129,33.51258670407607,Low
51690,Renter,1990 to 1999,145,71,29.76627187925794,Medium
51690,Renter,2000 to 2009,112,68,36.90838037342597,Low
51690,Renter,2010 to 2019,0,21,Inf,Low
51690,Renter,2020 or later,0,21,Inf,Low
51700,Owner,1939 or earlier,1523,268,10.69717223445168,High
51700,Owner,1940 to 1949,1669,310,11.291183224944044,High
51700,Owner,1950 to 1959,5277,450,5.183934640952047,High
51700,Owner,1960 to 1969,6348,544,5.209500443382115,High
51700,Owner,1970 to 1979,5254,510,5.900844977860261,High
51700,Owner,1980 to 1989,5467,507,5.637583444852591,High
51700,Owner,1990 to 1999,6007,504,5.100432474170206,High
51700,Owner,2000 to 2009,3308,465,8.54518657909535,High
51700,Owner,2010 to 2019,1472,383,15.817034491872606,Medium
51700,Owner,2020 or later,127,79,37.81442213340354,Low
51700,Renter,1939 or earlier,1801,330,11.138695321241661,High
51700,Renter,1940 to 1949,1652,352,12.952891217792564,High
51700,Renter,1950 to 1959,2379,427,10.911074740861975,High
51700,Renter,1960 to 1969,4564,539,7.179219423051821,High
51700,Renter,1970 to 1979,7011,624,5.410516431192147,High
51700,Renter,1980 to 1989,7549,709,5.709405742663636,High
51700,Renter,1990 to 1999,4939,591,7.274155025659551,High
51700,Renter,2000 to 2009,4693,553,7.1632263534190805,High
51700,Renter,2010 to 2019,4601,479,6.328741802528722,High
51700,Renter,2020 or later,157,87,33.686329932433736,Low
51710,Owner,1939 or earlier,8206,559,4.141087365090559,High
51710,Owner,1940 to 1949,5612,400,4.332877659032858,High
51710,Owner,1950 to 1959,11589,683,3.582686758038293,High
51710,Owner,1960 to 1969,4054,389,5.833107156727642,High
51710,Owner,1970 to 1979,2504,400,9.710906318886742,High
51710,Owner,1980 to 1989,3278,353,6.546359537934578,High
51710,Owner,1990 to 1999,1646,249,9.196098490584156,High
51710,Owner,2000 to 2009,2946,407,8.398384703797019,High
51710,Owner,2010 to 2019,3037,438,8.767250516176878,High
51710,Owner,2020 or later,287,113,23.93484638276691,Medium
51710,Renter,1939 or earlier,6164,637,6.282187581979097,High
51710,Renter,1940 to 1949,3774,525,8.456516591685553,High
51710,Renter,1950 to 1959,7134,701,5.973364418687684,High
51710,Renter,1960 to 1969,7766,683,5.346350352679085,High
51710,Renter,1970 to 1979,7281,655,5.4687033620836845,High
51710,Renter,1980 to 1989,6753,611,5.500200968881556,High
51710,Renter,1990 to 1999,4155,573,8.383351804505503,High
51710,Renter,2000 to 2009,3647,462,7.700879183706806,High
51710,Renter,2010 to 2019,4357,496,6.920352463596643,High
51710,Renter,2020 or later,267,114,25.95539769816605,Medium
51720,Owner,1939 or earlier,200,116,35.25835866261398,Low
51720,Owner,1940 to 1949,100,53,32.21884498480243,Low
51720,Owner,1950 to 1959,133,74,33.82315972301575,Low
51720,Owner,1960 to 1969,58,40,41.92432659050414,Low
51720,Owner,1970 to 1979,143,72,30.607690182158265,Low
51720,Owner,1980 to 1989,81,62,46.53082667267064,Low
51720,Owner,1990 to 1999,20,16,48.6322188449848,Low
51720,Owner,2000 to 2009,77,58,45.79007618521296,Low
51720,Owner,2010 to 2019,0,13,Inf,Low
51720,Owner,2020 or later,0,13,Inf,Low
51720,Renter,1939 or earlier,40,35,53.191489361702125,Low
51720,Renter,1940 to 1949,13,11,51.437923778349315,Low
51720,Renter,1950 to 1959,52,53,61.95931727846621,Low
51720,Renter,1960 to 1969,23,22,58.14721818422096,Low
51720,Renter,1970 to 1979,229,101,26.811430695106246,Medium
51720,Renter,1980 to 1989,170,92,32.89826568925442,Low
51720,Renter,1990 to 1999,146,122,50.79735187575467,Low
51720,Renter,2000 to 2009,54,78,87.8081729145559,Low
51720,Renter,2010 to 2019,14,24,104.21189752496744,Low
51720,Renter,2020 or later,0,13,Inf,Low
51730,Owner,1939 or earlier,817,217,16.146253808692933,Medium
51730,Owner,1940 to 1949,522,154,17.93429526371566,Medium
51730,Owner,1950 to 1959,1401,227,9.849673160074545,High
51730,Owner,1960 to 1969,951,211,13.487642187554933,High
51730,Owner,1970 to 1979,913,307,20.440979169510314,Medium
51730,Owner,1980 to 1989,555,219,23.987513349215476,Medium
51730,Owner,1990 to 1999,198,101,31.00917994535016,Low
51730,Owner,2000 to 2009,133,88,40.222135886829534,Low
51730,Owner,2010 to 2019,192,85,26.912360688956433,Medium
51730,Owner,2020 or later,0,28,Inf,Low
51730,Renter,1939 or earlier,1229,301,14.888423385211984,High
51730,Renter,1940 to 1949,613,172,17.056977245794016,Medium
51730,Renter,1950 to 1959,797,277,21.127861700220816,Medium
51730,Renter,1960 to 1969,925,258,16.9555573810893,Medium
51730,Renter,1970 to 1979,1982,353,10.826925613193513,High
51730,Renter,1980 to 1989,903,283,19.05165826845335,Medium
51730,Renter,1990 to 1999,788,320,24.686405505068425,Medium
51730,Renter,2000 to 2009,1006,251,15.16735453540157,Medium
51730,Renter,2010 to 2019,837,266,19.319250616436616,Medium
51730,Renter,2020 or later,92,93,61.45103739923351,Low
51735,Owner,1939 or earlier,282,96,20.694561210631832,Medium
51735,Owner,1940 to 1949,348,128,22.359640848268874,Medium
51735,Owner,1950 to 1959,193,93,29.29272249082634,Medium
51735,Owner,1960 to 1969,463,153,20.08836253586035,Medium
51735,Owner,1970 to 1979,961,158,9.994654757424035,High
51735,Owner,1980 to 1989,714,174,14.814436412863015,High
51735,Owner,1990 to 1999,407,126,18.819593287678398,Medium
51735,Owner,2000 to 2009,395,121,18.62183063368089,Medium
51735,Owner,2010 to 2019,184,90,29.73437293511299,Medium
51735,Owner,2020 or later,20,35,106.38297872340425,Low
51735,Renter,1939 or earlier,92,76,50.21805206819083,Low
51735,Renter,1940 to 1949,7,14,121.580547112462,Low
51735,Renter,1950 to 1959,58,67,70.22324703909443,Low
51735,Renter,1960 to 1969,39,48,74.81879822305353,Low
51735,Renter,1970 to 1979,86,90,63.617728140241745,Low
51735,Renter,1980 to 1989,228,125,33.32800085319682,Low
51735,Renter,1990 to 1999,61,56,55.80746424834322,Low
51735,Renter,2000 to 2009,57,65,69.3222417746494,Low
51735,Renter,2010 to 2019,62,72,70.59515638788116,Low
51735,Renter,2020 or later,0,21,Inf,Low
51740,Owner,1939 or earlier,2581,331,7.796040506436444,High
51740,Owner,1940 to 1949,3004,346,7.001809137968018,High
51740,Owner,1950 to 1959,4685,465,6.033613063745447,High
51740,Owner,1960 to 1969,3726,436,7.1134082851628335,High
51740,Owner,1970 to 1979,2545,389,9.291715683054562,High
51740,Owner,1980 to 1989,1896,311,9.971400356533671,High
51740,Owner,1990 to 1999,1843,341,11.247684906497435,High
51740,Owner,2000 to 2009,1270,256,12.253787425507982,High
51740,Owner,2010 to 2019,953,225,14.352373085154223,High
51740,Owner,2020 or later,54,36,40.52684903748733,Low
51740,Renter,1939 or earlier,1932,378,11.893749174045197,High
51740,Renter,1940 to 1949,2005,410,12.43092875713452,High
51740,Renter,1950 to 1959,1872,406,13.184215311874887,High
51740,Renter,1960 to 1969,2188,391,10.863344131849324,High
51740,Renter,1970 to 1979,3244,496,9.29469040810437,High
51740,Renter,1980 to 1989,1988,380,11.619871202901297,High
51740,Renter,1990 to 1999,1264,325,15.630410526720787,Medium
51740,Renter,2000 to 2009,1314,302,13.97158494214746,High
51740,Renter,2010 to 2019,1253,259,12.565587271399705,High
51740,Renter,2020 or later,61,55,54.81090238676566,Low
51750,Owner,1939 or earlier,348,120,20.962163295252072,Medium
51750,Owner,1940 to 1949,427,122,17.368649587494573,Medium
51750,Owner,1950 to 1959,313,116,22.529302659817237,Medium
51750,Owner,1960 to 1969,243,92,23.015247601536018,Medium
51750,Owner,1970 to 1979,285,103,21.969818162427345,Medium
51750,Owner,1980 to 1989,317,104,19.94381214463099,Medium
51750,Owner,1990 to 1999,177,82,28.162725602321707,Medium
51750,Owner,2000 to 2009,184,87,28.743227170609227,Medium
51750,Owner,2010 to 2019,38,40,63.989761638137885,Low
51750,Owner,2020 or later,15,24,97.26443768996961,Low
51750,Renter,1939 or earlier,151,72,28.98609070230882,Medium
51750,Renter,1940 to 1949,241,131,33.04367566749486,Low
51750,Renter,1950 to 1959,273,117,26.05297438124186,Medium
51750,Renter,1960 to 1969,226,110,29.58818624418323,Medium
51750,Renter,1970 to 1979,587,170,17.605360314411023,Medium
51750,Renter,1980 to 1989,605,162,16.277726142329623,Medium
51750,Renter,1990 to 1999,437,142,19.753361201338222,Medium
51750,Renter,2000 to 2009,454,141,18.879798615481434,Medium
51750,Renter,2010 to 2019,161,89,33.60456115841341,Low
51750,Renter,2020 or later,18,29,97.93988517392772,Low
51760,Owner,1939 or earlier,15618,767,2.98541041219293,High
51760,Owner,1940 to 1949,5400,578,6.506810762129911,High
51760,Owner,1950 to 1959,7884,664,5.119830243700835,High
51760,Owner,1960 to 1969,4715,538,6.93640873239709,High
51760,Owner,1970 to 1979,2014,391,11.801885283260338,High
51760,Owner,1980 to 1989,2593,526,12.331540258610685,High
51760,Owner,1990 to 1999,1520,283,11.31818908974564,High
51760,Owner,2000 to 2009,2520,440,10.61417474791335,High
51760,Owner,2010 to 2019,1944,485,15.16629767220784,Medium
51760,Owner,2020 or later,178,89,30.3951367781155,Low
51760,Renter,1939 or earlier,13445,935,4.227512515810783,High
51760,Renter,1940 to 1949,4144,593,8.698994261304291,High
51760,Renter,1950 to 1959,6817,622,5.546655442566478,High
51760,Renter,1960 to 1969,6632,663,6.0771941145629,High
51760,Renter,1970 to 1979,6379,672,6.403991821568777,High
51760,Renter,1980 to 1989,5076,666,7.976028799931019,High
51760,Renter,1990 to 1999,4451,744,10.161303870104666,High
51760,Renter,2000 to 2009,3302,421,7.750667827732663,High
51760,Renter,2010 to 2019,6635,763,6.9906524074460075,High
51760,Renter,2020 or later,878,251,17.378540618011368,Medium
51770,Owner,1939 or earlier,5421,570,6.391893733084611,High
51770,Owner,1940 to 1949,2183,368,10.247741946263403,High
51770,Owner,1950 to 1959,5652,579,6.227453713562943,High
51770,Owner,1960 to 1969,2437,365,9.104821439484741,High
51770,Owner,1970 to 1979,2167,363,10.183142270840726,High
51770,Owner,1980 to 1989,1119,266,14.450592284144278,High
51770,Owner,1990 to 1999,1292,285,13.409619166815661,High
51770,Owner,2000 to 2009,1501,278,11.258958060381225,High
51770,Owner,2010 to 2019,551,289,31.884553643830778,Low
51770,Owner,2020 or later,129,89,41.94057632949271,Low
51770,Renter,1939 or earlier,4763,495,6.317695866121005,High
51770,Renter,1940 to 1949,2326,379,9.905207944029042,High
51770,Renter,1950 to 1959,2006,378,11.454996711991685,High
51770,Renter,1960 to 1969,2899,488,10.233064330955752,High
51770,Renter,1970 to 1979,3398,460,8.229407250107787,High
51770,Renter,1980 to 1989,2289,453,12.030578383998535,High
51770,Renter,1990 to 1999,1601,354,13.441447119866194,High
51770,Renter,2000 to 2009,840,270,19.539730785931393,Medium
51770,Renter,2010 to 2019,827,201,14.77490324643583,High
51770,Renter,2020 or later,28,46,99.86973512809378,Low
51775,Owner,1939 or earlier,900,205,13.846673421141507,High
51775,Owner,1940 to 1949,305,98,19.532612486920126,Medium
51775,Owner,1950 to 1959,879,209,14.454115100400772,High
51775,Owner,1960 to 1969,1123,231,12.50449972527993,High
51775,Owner,1970 to 1979,1115,237,12.921340657243718,High
51775,Owner,1980 to 1989,664,157,14.373603837843776,High
51775,Owner,1990 to 1999,708,170,14.596534610959422,High
51775,Owner,2000 to 2009,415,112,16.406049730838244,Medium
51775,Owner,2010 to 2019,311,99,19.351244636870963,Medium
51775,Owner,2020 or later,21,35,101.31712259371835,Low
51775,Renter,1939 or earlier,442,138,18.979768666877554,Medium
51775,Renter,1940 to 1949,141,110,47.42503610769794,Low
51775,Renter,1950 to 1959,538,180,20.33875323442673,Medium
51775,Renter,1960 to 1969,405,149,22.364816691057825,Medium
51775,Renter,1970 to 1979,1034,211,12.404978452963967,High
51775,Renter,1980 to 1989,699,209,18.176204825825863,Medium
51775,Renter,1990 to 1999,209,107,31.122293160367065,Low
51775,Renter,2000 to 2009,113,88,47.34109799069317,Low
51775,Renter,2010 to 2019,84,52,37.63207410623824,Low
51775,Renter,2020 or later,34,24,42.91078133381012,Low
51790,Owner,1939 or earlier,1110,209,11.44609655247953,High
51790,Owner,1940 to 1949,490,168,20.842379504993485,Medium
51790,Owner,1950 to 1959,1384,263,11.551908920006325,High
51790,Owner,1960 to 1969,1503,281,11.365313951630679,High
51790,Owner,1970 to 1979,831,174,12.728649336683748,High
51790,Owner,1980 to 1989,345,119,20.96823928461301,Medium
51790,Owner,1990 to 1999,326,132,24.61446659332053,Medium
51790,Owner,2000 to 2009,454,139,18.61200005355971,Medium
51790,Owner,2010 to 2019,289,116,24.400248209421438,Medium
51790,Owner,2020 or later,24,28,70.92198581560284,Low
51790,Renter,1939 or earlier,865,205,14.40694344396226,High
51790,Renter,1940 to 1949,189,100,32.16416590276773,Low
51790,Renter,1950 to 1959,815,275,20.512055494433774,Medium
51790,Renter,1960 to 1969,838,231,16.757223378865586,Medium
51790,Renter,1970 to 1979,527,160,18.45625003604736,Medium
51790,Renter,1980 to 1989,431,123,17.348500342033443,Medium
51790,Renter,1990 to 1999,284,143,30.609187037116314,Low
51790,Renter,2000 to 2009,410,151,22.3886129438802,Medium
51790,Renter,2010 to 2019,236,102,26.27376229972696,Medium
51790,Renter,2020 or later,5,9,109.4224924012158,Low
51800,Owner,1939 or earlier,1076,212,11.977265793606852,High
51800,Owner,1940 to 1949,670,162,14.698543755387197,High
51800,Owner,1950 to 1959,1414,261,11.220835500831889,High
51800,Owner,1960 to 1969,1755,286,9.906563098052459,High
51800,Owner,1970 to 1979,2723,339,7.568087673728355,High
51800,Owner,1980 to 1989,2381,249,6.357319662117396,High
51800,Owner,1990 to 1999,4629,333,4.37311754033807,High
51800,Owner,2000 to 2009,6921,495,4.347808901941098,High
51800,Owner,2010 to 2019,3801,464,7.420859492262874,High
51800,Owner,2020 or later,757,187,15.016883956426943,Medium
51800,Renter,1939 or earlier,849,216,15.4660766644828,Medium
51800,Renter,1940 to 1949,603,182,18.347976429907202,Medium
51800,Renter,1950 to 1959,742,211,17.286721995100727,Medium
51800,Renter,1960 to 1969,754,216,17.41472027605557,Medium
51800,Renter,1970 to 1979,1341,339,15.367563561194864,Medium
51800,Renter,1980 to 1989,1343,314,14.213064703392805,High
51800,Renter,1990 to 1999,1027,243,14.383677190033236,High
51800,Renter,2000 to 2009,1733,311,10.909275866121087,High
51800,Renter,2010 to 2019,2257,392,10.558168911848716,High
51800,Renter,2020 or later,357,146,24.86100823308047,Medium
51810,Owner,1939 or earlier,1148,249,13.18534679050655,High
51810,Owner,1940 to 1949,1167,232,12.085127219404963,High
51810,Owner,1950 to 1959,7556,700,5.6317087730759265,High
51810,Owner,1960 to 1969,16445,915,3.3823715599848807,High
51810,Owner,1970 to 1979,22042,937,2.584179580899576,High
51810,Owner,1980 to 1989,32884,1161,2.1462567692125103,High
51810,Owner,1990 to 1999,16242,970,3.6304990364206424,High
51810,Owner,2000 to 2009,12229,889,4.419212788575465,High
51810,Owner,2010 to 2019,6607,675,6.210600068178588,High
51810,Owner,2020 or later,409,151,22.443352828828562,Medium
51810,Renter,1939 or earlier,888,237,16.224431118048138,Medium
51810,Renter,1940 to 1949,1139,360,19.21378268678065,Medium
51810,Renter,1950 to 1959,2625,488,11.301201331596468,High
51810,Renter,1960 to 1969,5774,751,7.906736307712069,High
51810,Renter,1970 to 1979,12862,757,3.5778445873166587,High
51810,Renter,1980 to 1989,16615,1014,3.7099811848340796,High
51810,Renter,1990 to 1999,7634,781,6.219177842208071,High
51810,Renter,2000 to 2009,7233,611,5.135193853567972,High
51810,Renter,2010 to 2019,8070,814,6.131757456601243,High
51810,Renter,2020 or later,231,112,29.474072027263514,Medium
51820,Owner,1939 or earlier,835,245,17.836667091349216,Medium
51820,Owner,1940 to 1949,376,128,20.69456121063183,Medium
51820,Owner,1950 to 1959,1211,257,12.900991167589899,High
51820,Owner,1960 to 1969,915,265,17.605926221203518,Medium
51820,Owner,1970 to 1979,390,131,20.419297015041696,Medium
51820,Owner,1980 to 1989,428,186,26.418202994063005,Medium
51820,Owner,1990 to 1999,440,162,22.38187344570323,Medium
51820,Owner,2000 to 2009,703,222,19.19692849144137,Medium
51820,Owner,2010 to 2019,342,137,24.351659290069144,Medium
51820,Owner,2020 or later,91,55,36.74137412739236,Low
51820,Renter,1939 or earlier,339,173,31.022764971173935,Low
51820,Renter,1940 to 1949,86,48,33.92945500812893,Low
51820,Renter,1950 to 1959,464,166,21.74824441882402,Medium
51820,Renter,1960 to 1969,659,209,19.27946460281074,Medium
51820,Renter,1970 to 1979,612,208,20.660746568130797,Medium
51820,Renter,1980 to 1989,618,227,22.329113425994237,Medium
51820,Renter,1990 to 1999,644,210,19.822915290075326,Medium
51820,Renter,2000 to 2009,215,93,26.295327631299926,Medium
51820,Renter,2010 to 2019,238,137,34.9927204924523,Low
51820,Renter,2020 or later,14,25,108.55405992184106,Low
51830,Owner,1939 or earlier,163,73,27.225091838066646,Medium
51830,Owner,1940 to 1949,49,40,49.62471310712734,Low
51830,Owner,1950 to 1959,181,84,28.21206065593041,Medium
51830,Owner,1960 to 1969,303,104,20.865308415340014,Medium
51830,Owner,1970 to 1979,147,66,27.293592208920042,Medium
51830,Owner,1980 to 1989,329,137,25.313882909433577,Medium
51830,Owner,1990 to 1999,413,129,18.987760989718645,Medium
51830,Owner,2000 to 2009,678,171,15.332060144713127,Medium
51830,Owner,2010 to 2019,245,103,25.556727250170585,Medium
51830,Owner,2020 or later,107,97,55.10893957901315,Low
51830,Renter,1939 or earlier,65,61,57.04933364507833,Low
51830,Renter,1940 to 1949,78,68,52.9966487413296,Low
51830,Renter,1950 to 1959,163,109,40.65116452533239,Low
51830,Renter,1960 to 1969,354,120,20.606872391942716,Medium
51830,Renter,1970 to 1979,417,144,20.9923246812884,Medium
51830,Renter,1980 to 1989,497,198,24.218257875520603,Medium
51830,Renter,1990 to 1999,111,91,49.83707111366686,Low
51830,Renter,2000 to 2009,186,94,30.72196620583717,Low
51830,Renter,2010 to 2019,455,179,23.91529443201176,Medium
51830,Renter,2020 or later,32,55,104.48328267477203,Low
51840,Owner,1939 or earlier,837,193,14.017351011173934,High
51840,Owner,1940 to 1949,291,135,28.20167329928242,Medium
51840,Owner,1950 to 1959,559,198,21.532154139774132,Medium
51840,Owner,1960 to 1969,723,189,15.891233336276153,Medium
51840,Owner,1970 to 1979,519,145,16.98379511686608,Medium
51840,Owner,1980 to 1989,390,125,19.484062037253523,Medium
51840,Owner,1990 to 1999,393,138,21.346202928142183,Medium
51840,Owner,2000 to 2009,842,217,15.666851973517968,Medium
51840,Owner,2010 to 2019,144,81,34.19452887537994,Low
51840,Owner,2020 or later,13,25,116.90437222352115,Low
51840,Renter,1939 or earlier,1264,284,13.658574121811398,High
51840,Renter,1940 to 1949,1028,317,18.745638830082907,Medium
51840,Renter,1950 to 1959,653,202,18.80495445384175,Medium
51840,Renter,1960 to 1969,413,149,21.931599902853314,Medium
51840,Renter,1970 to 1979,973,272,16.99378664675728,Medium
51840,Renter,1980 to 1989,743,204,16.69073459686558,Medium
51840,Renter,1990 to 1999,785,234,18.1209223084816,Medium
51840,Renter,2000 to 2009,311,159,31.079271689520027,Low
51840,Renter,2010 to 2019,357,165,28.096344920947104,Medium
51840,Renter,2020 or later,17,22,78.6697657786519,Low
51001,All,1939 or earlier,2376,331.3864813175094,8.478566856956325,High
51001,All,1940 to 1949,508,168.6001186239203,20.1756837259077,Medium
51001,All,1950 to 1959,764,191.81762171396036,15.262625257718963,Medium
51001,All,1960 to 1969,1689,361.08863177895813,12.996256189394927,High
51001,All,1970 to 1979,1607,316.6607016982057,11.97877453686496,High
51001,All,1980 to 1989,2116,380.8674310045426,10.941888147176314,High
51001,All,1990 to 1999,1886,303.2441260766645,9.77428068850511,High
51001,All,2000 to 2009,2305,398.1369111248039,10.500152598746054,High
51001,All,2010 to 2019,970,276.55198426335687,17.33161935658552,Medium
51001,All,2020 or later,81,80.05623023850174,60.08197698863128,Low
51003,All,1939 or earlier,2370,328.3443314570849,8.422000729921509,High
51003,All,1940 to 1949,493,138.7984149765407,17.11479435212004,Medium
51003,All,1950 to 1959,1424,281.81021982887705,12.030421597148196,High
51003,All,1960 to 1969,2896,417.31043600657773,8.759812003698167,High
51003,All,1970 to 1979,6307,583.0617463013673,5.619864128402391,High
51003,All,1980 to 1989,8097,697.0258244857216,5.233097510960167,High
51003,All,1990 to 1999,8615,628.4998011137315,4.434901316278643,High
51003,All,2000 to 2009,7384,589.8788011108722,4.856296544495057,High
51003,All,2010 to 2019,6740,604.9239621638409,5.456007884370774,High
51003,All,2020 or later,738,158.52129194527782,13.057659487588886,High
51005,All,1939 or earlier,1180,238.2120903732638,12.27201537134943,High
51005,All,1940 to 1949,434,119.81652640600127,16.78267146723086,Medium
51005,All,1950 to 1959,627,139.20488497175666,13.496496073041078,High
51005,All,1960 to 1969,939,190.3943276465977,12.326009862823588,High
51005,All,1970 to 1979,836,150.08331019803634,10.913403687994382,High
51005,All,1980 to 1989,1114,238.47222060441337,13.013277851080929,High
51005,All,1990 to 1999,565,142.57980221616245,15.340646336838631,Medium
51005,All,2000 to 2009,539,188.79883474216678,21.293381838727214,Medium
51005,All,2010 to 2019,49,39.11521443121589,48.5270323568214,Low
51005,All,2020 or later,9,26.40075756488817,178.32325271792078,Low
51007,All,1939 or earlier,534,232.01939574095957,26.41296355326657,Medium
51007,All,1940 to 1949,28,29.546573405388315,64.14800999867198,Low
51007,All,1950 to 1959,198,97.74456506629922,30.00969115664217,Low
51007,All,1960 to 1969,395,189.16923639957952,29.113037035832328,Medium
51007,All,1970 to 1979,563,176.36609651517495,19.043238460394537,Medium
51007,All,1980 to 1989,644,242.90944814889355,22.929397208640296,Medium
51007,All,1990 to 1999,986,221.23742902140225,13.640044453436392,High
51007,All,2000 to 2009,1226,265.5729654915952,13.168232643860986,High
51007,All,2010 to 2019,664,237.8949347926517,21.779665909167218,Medium
51007,All,2020 or later,47,45.70557952810576,59.116057075736606,Low
51009,All,1939 or earlier,1045,217.20497231877542,12.635358550269801,High
51009,All,1940 to 1949,565,152.3975065412817,16.396966569791182,Medium
51009,All,1950 to 1959,1126,244.69572942738498,13.21058643866094,High
51009,All,1960 to 1969,1689,276.4416755845616,9.949653689241186,High
51009,All,1970 to 1979,2344,291.15631540462937,7.550969309330928,High
51009,All,1980 to 1989,1814,281.8865019826242,9.446503620359856,High
51009,All,1990 to 1999,1856,269.08177195789386,8.813337568058047,High
51009,All,2000 to 2009,1646,303.0412513173743,11.191956601704577,High
51009,All,2010 to 2019,568,132.03408650799233,14.13096520698578,High
51009,All,2020 or later,49,45.60701700396552,56.58087836234168,Low
51011,All,1939 or earlier,548,162.00308639035245,17.97118966902053,Medium
51011,All,1940 to 1949,254,102.2154587134451,24.463408255377807,Medium
51011,All,1950 to 1959,599,181.1573901335521,18.38498715016944,Medium
51011,All,1960 to 1969,544,187.97074240423694,21.00513391787021,Medium
51011,All,1970 to 1979,1084,214.76731594914529,12.044062626832135,High
51011,All,1980 to 1989,615,161.07451691686057,15.92156739238002,Medium
51011,All,1990 to 1999,834,177.55280904564702,12.941827137364662,High
51011,All,2000 to 2009,1203,196.5400722499104,9.931608276669541,High
51011,All,2010 to 2019,848,219.79080963497995,15.756065380726328,Medium
51011,All,2020 or later,34,21.213203435596427,37.92813058393782,Low
51013,All,1939 or earlier,9022,704.8921903383524,4.74956651278201,High
51013,All,1940 to 1949,14458,805.2484088776581,3.3857567475717656,High
51013,All,1950 to 1959,14385,868.5217326008601,3.670328377778102,High
51013,All,1960 to 1969,12546,831.625516684042,4.02955066599433,High
51013,All,1970 to 1979,9394,743.7371847635427,4.81285787904161,High
51013,All,1980 to 1989,12424,790.4486068050219,3.8676422279313396,High
51013,All,1990 to 1999,10288,802.7614838792405,4.7433991257217105,High
51013,All,2000 to 2009,15427,981.9882891358735,3.869536314616258,High
51013,All,2010 to 2019,12345,782.8013796615332,3.85473552124906,High
51013,All,2020 or later,1241,252.98221281347034,12.392310976463747,High
51015,All,1939 or earlier,2666,434.66998976234834,9.911368186173025,High
51015,All,1940 to 1949,860,220.7306050369998,15.602644026083254,Medium
51015,All,1950 to 1959,1853,320.97507691408066,10.530039250048166,High
51015,All,1960 to 1969,2213,348.90973044614276,9.58441841855031,High
51015,All,1970 to 1979,3968,441.0759571774458,6.757340749973125,High
51015,All,1980 to 1989,4454,620.8035115880064,8.473016455793383,High
51015,All,1990 to 1999,6528,668.6179776224985,6.226328088891792,High
51015,All,2000 to 2009,5088,559.0169943749474,6.679008649888975,High
51015,All,2010 to 2019,2899,449.61539119563065,9.428162340763782,High
51015,All,2020 or later,115,79.75587752636166,42.15984010908505,Low
51017,All,1939 or earlier,341,125.70600622086441,22.40968476782294,Medium
51017,All,1940 to 1949,38,34.539832078341085,55.25489054285888,Low
51017,All,1950 to 1959,176,137.11673858431726,47.36002299817535,Low
51017,All,1960 to 1969,180,99.6393496566492,33.650574014403645,Low
51017,All,1970 to 1979,291,119.5198728245642,24.96785486051958,Medium
51017,All,1980 to 1989,192,95.88534820294495,30.358836183809828,Low
51017,All,1990 to 1999,193,77.52418977325722,24.41822126187291,Medium
51017,All,2000 to 2009,263,110.72488428533127,25.593140704134264,Medium
51017,All,2010 to 2019,107,73.59347797189639,41.81091269033684,Low
51017,All,2020 or later,0,13,Inf,Low
51019,All,1939 or earlier,1597,292.4055403031892,11.13050268277295,High
51019,All,1940 to 1949,699,250.06399181009647,21.747437008152897,Medium
51019,All,1950 to 1959,1443,260.72207424765554,10.983621771076196,High
51019,All,1960 to 1969,2126,324.00771595750615,9.26458969303217,High
51019,All,1970 to 1979,4632,528.8336222291468,6.94040167552728,High
51019,All,1980 to 1989,5961,533.2954153187518,5.4385462478629,High
51019,All,1990 to 1999,7406,570.8108268069203,4.6853559695451095,High
51019,All,2000 to 2009,5032,424.53032871633565,5.128639669233449,High
51019,All,2010 to 2019,3463,437.67567901358194,7.6830563835243435,High
51019,All,2020 or later,339,149.6262009141447,26.831320603983595,Medium
51021,All,1939 or earlier,242,99.15644204992432,24.908046434204405,Medium
51021,All,1940 to 1949,69,45.254833995939045,39.870344034129815,Low
51021,All,1950 to 1959,149,71.06335201775947,28.993024221357977,Medium
51021,All,1960 to 1969,157,73.24616030891995,28.3608542810369,Medium
51021,All,1970 to 1979,308,95.70788891204319,18.889963469001536,Medium
51021,All,1980 to 1989,472,177.12425017484196,22.812355130446907,Medium
51021,All,1990 to 1999,450,135.5949851580065,18.317458312462882,Medium
51021,All,2000 to 2009,329,129.6919426949878,23.9635522020284,Medium
51021,All,2010 to 2019,163,76.05918747922567,28.3660049897349,Medium
51021,All,2020 or later,6,21.470910553583888,217.53708767562196,Low
51023,All,1939 or earlier,922,163.8566446623389,10.80356860415371,High
51023,All,1940 to 1949,528,262.73180241455356,30.249125266481713,Low
51023,All,1950 to 1959,822,189.63649437806004,14.024397043171449,High
51023,All,1960 to 1969,1071,213.32135383031863,12.108182497414207,High
51023,All,1970 to 1979,2321,330.55256768024054,8.657639385608094,High
51023,All,1980 to 1989,1953,242.5633937757303,7.550176683233192,High
51023,All,1990 to 1999,2294,263.8787600395303,6.992703578239793,High
51023,All,2000 to 2009,2094,297.80026863654774,8.645348517447381,High
51023,All,2010 to 2019,984,224.07588000496617,13.843124027291754,High
51023,All,2020 or later,116,60.4648658313239,31.68685977954297,Low
51025,All,1939 or earlier,637,161.02794788483146,15.3672417615658,Medium
51025,All,1940 to 1949,288,114.58621208504974,24.18655270285582,Medium
51025,All,1950 to 1959,516,138.6001443000692,16.328567222740887,Medium
51025,All,1960 to 1969,541,151.00331122197287,16.967712748762324,Medium
51025,All,1970 to 1979,1166,233.80547470065795,12.189621583188202,High
51025,All,1980 to 1989,490,140.089257261219,17.379723002446372,Medium
51025,All,1990 to 1999,1290,253.33771926027913,11.938348260421721,High
51025,All,2000 to 2009,1067,223.6604569431083,12.742624518540936,High
51025,All,2010 to 2019,382,150.88074761214565,24.010685658929273,Medium
51025,All,2020 or later,13,29,135.60907177928453,Low
51027,All,1939 or earlier,240,95.88013350011565,24.285748100333247,Medium
51027,All,1940 to 1949,553,192.62658175859323,21.175086074695443,Medium
51027,All,1950 to 1959,521,149.30505684671232,17.420912186257702,Medium
51027,All,1960 to 1969,718,179.6941846582688,15.214009250473604,Medium
51027,All,1970 to 1979,1568,244.62420158275427,9.483910798909585,High
51027,All,1980 to 1989,1098,215.1278689523977,11.910457197800794,High
51027,All,1990 to 1999,1323,247.67922803497268,11.380565401694714,High
51027,All,2000 to 2009,971,268.7042984397533,16.822459122438456,Medium
51027,All,2010 to 2019,352,117.17508267545622,20.23609468697434,Medium
51027,All,2020 or later,7,16.278820596099706,141.37056531567268,Low
51029,All,1939 or earlier,398,110.78808600206071,16.921703655368134,Medium
51029,All,1940 to 1949,100,67.00746227100382,40.734019617631496,Low
51029,All,1950 to 1959,323,123.00406497347964,23.150002347573498,Medium
51029,All,1960 to 1969,277,103.3537614216338,22.681961840745682,Medium
51029,All,1970 to 1979,1074,225.24875138388668,12.749472267063258,High
51029,All,1980 to 1989,812,177.6091213873882,13.29668359017385,High
51029,All,1990 to 1999,1176,201.67548190099856,10.425091593831988,High
51029,All,2000 to 2009,1278,218.68927728629038,10.402332543073591,High
51029,All,2010 to 2019,557,156.24659996300718,17.05255575221221,Medium
51029,All,2020 or later,67,47.853944456021594,43.418722003376665,Low
51031,All,1939 or earlier,1316,296.52150006365474,13.69728199405284,High
51031,All,1940 to 1949,874,219.14607000811125,15.242505199732303,Medium
51031,All,1950 to 1959,1480,309.87094087700444,12.727796799351207,High
51031,All,1960 to 1969,2912,446.8702272472401,9.328764889593009,High
51031,All,1970 to 1979,4281,460.8047308784926,6.543435096031061,High
51031,All,1980 to 1989,3034,441.4306287515627,8.84465678243459,High
51031,All,1990 to 1999,2900,361.178626167164,7.571085340470894,High
51031,All,2000 to 2009,3294,428.78549415762654,7.913171671762541,High
51031,All,2010 to 2019,1875,332.5687898766209,10.782372113527728,High
51031,All,2020 or later,114,61.40032573203501,32.741601734141206,Low
51033,All,1939 or earlier,490,136.0036764208968,16.87285855975396,Medium
51033,All,1940 to 1949,395,161.01242188104618,24.779719423038156,Medium
51033,All,1950 to 1959,574,167.57386431063765,17.74714469045017,Medium
51033,All,1960 to 1969,809,219.58369702689677,16.50006552627145,Medium
51033,All,1970 to 1979,1801,300.8005984036601,10.15310975171376,High
51033,All,1980 to 1989,1290,260.049995193232,12.254659183017932,High
51033,All,1990 to 1999,1610,290.90376415577714,10.983925094140993,High
51033,All,2000 to 2009,3389,489.6907187194791,8.783839701653733,High
51033,All,2010 to 2019,1186,273.3093485411723,14.008895500247172,High
51033,All,2020 or later,136,80.36168241145776,35.9206518914079,Low
51035,All,1939 or earlier,705,202.51419703319567,17.462260193855926,Medium
51035,All,1940 to 1949,557,190.06577808748213,20.743537959813168,Medium
51035,All,1950 to 1959,1219,297.9815430525857,14.860032417452432,High
51035,All,1960 to 1969,998,226.61200321253946,13.80341249139857,High
51035,All,1970 to 1979,2350,366.37958458407587,9.477580924376275,High
51035,All,1980 to 1989,1809,367.6424893833682,12.3543877835869,High
51035,All,1990 to 1999,2094,375.54227458436685,10.90225291495362,High
51035,All,2000 to 2009,1965,333.29416436535456,10.310963575809325,High
51035,All,2010 to 2019,752,206.0218435020908,16.654420512036054,Medium
51035,All,2020 or later,44,36.76955262170047,50.800708236668235,Low
51036,All,1939 or earlier,107,42.485291572496,24.137313054282874,Medium
51036,All,1940 to 1949,84,32.01562118716424,23.169504405242613,Medium
51036,All,1950 to 1959,187,54.70831746635972,17.784671575300205,Medium
51036,All,1960 to 1969,242,56.859475903318,14.283070638126555,High
51036,All,1970 to 1979,349,71.69379331573968,12.487923518474789,High
51036,All,1980 to 1989,459,77.83315488916018,10.308276203609031,High
51036,All,1990 to 1999,669,94.57801012920498,8.594055468099189,High
51036,All,2000 to 2009,500,79.62411694957753,9.680743702076294,High
51036,All,2010 to 2019,315,78.64477096412705,15.177260764052114,Medium
51036,All,2020 or later,35,28.635642126552707,49.73624338089919,Low
51037,All,1939 or earlier,576,153.32318807016765,16.181525252255113,Medium
51037,All,1940 to 1949,127,49.09175083453431,23.498432776265137,Medium
51037,All,1950 to 1959,374,93.34880824091971,15.17299355377984,Medium
51037,All,1960 to 1969,329,97.62171889492625,18.037844974626296,Medium
51037,All,1970 to 1979,638,158.826949854236,15.13343844786958,Medium
51037,All,1980 to 1989,867,211.19185590358356,14.807855470850019,High
51037,All,1990 to 1999,816,222.14634815814551,16.54943293388652,Medium
51037,All,2000 to 2009,607,179.64409258308496,17.991126080538095,Medium
51037,All,2010 to 2019,283,104.6900186264192,22.48810908447683,Medium
51037,All,2020 or later,4,22.135943621178654,336.41251703918925,Low
51041,All,1939 or earlier,2013,425.0294107470682,12.835396993918502,High
51041,All,1940 to 1949,1259,289.8620361482338,13.995863757757945,High
51041,All,1950 to 1959,4539,561.7276920359187,7.523150487546548,High
51041,All,1960 to 1969,9860,795.5859475883168,4.905059573162986,High
51041,All,1970 to 1979,21900,1258.3417659761596,3.4929196429644547,High
51041,All,1980 to 1989,29553,1358.312556078313,2.794037554862925,High
51041,All,1990 to 1999,22397,1159.531802064954,3.1472186205598094,High
51041,All,2000 to 2009,25155,1327.2622197591552,3.207498843967777,High
51041,All,2010 to 2019,17494,948.2826582828561,3.2952076257942573,High
51041,All,2020 or later,2826,439.2083787907512,9.447840585590408,High
51043,All,1939 or earlier,998,255.56603843233944,15.567063515014187,Medium
51043,All,1940 to 1949,197,96.25487000666512,29.70233441027729,Medium
51043,All,1950 to 1959,251,111.13955191559843,26.917146469586324,Medium
51043,All,1960 to 1969,452,165.8553586713435,22.306178372561465,Medium
51043,All,1970 to 1979,676,183.17477992343814,16.472255887793217,Medium
51043,All,1980 to 1989,696,196.65451939886864,17.176267284951667,Medium
51043,All,1990 to 1999,875,218.27734651126764,15.164730977769352,Medium
51043,All,2000 to 2009,1108,235.5949914577982,12.925888067867742,High
51043,All,2010 to 2019,309,98.2344135219425,19.32587984024208,Medium
51043,All,2020 or later,89,46.75467891024384,31.935165404353565,Low
51045,All,1939 or earlier,243,153.21879780235844,38.33009313729306,Low
51045,All,1940 to 1949,54,53.75872022286245,60.51865385890177,Low
51045,All,1950 to 1959,64,58.309518948453004,55.38518137201083,Low
51045,All,1960 to 1969,190,107.54068997360952,34.40751558906079,Low
51045,All,1970 to 1979,305,108.37435120913067,21.600349037646254,Medium
51045,All,1980 to 1989,208,99.62429422585637,29.11628893671276,Medium
51045,All,1990 to 1999,215,118.59595271340417,33.53246701446361,Low
51045,All,2000 to 2009,332,160.1998751560063,29.33311516387855,Medium
51045,All,2010 to 2019,141,107.78682665335315,46.47085587244957,Low
51045,All,2020 or later,0,13,Inf,Low
51047,All,1939 or earlier,1002,226.22555116520326,13.72486341391401,High
51047,All,1940 to 1949,271,126.21014222319853,28.311251185679186,Medium
51047,All,1950 to 1959,916,263.04752422328556,17.4571298644354,Medium
51047,All,1960 to 1969,1109,258.5207922005501,14.170919457028846,High
51047,All,1970 to 1979,2353,370.5347487078641,9.572846891644867,High
51047,All,1980 to 1989,2706,398.26875348186684,8.947105126778201,High
51047,All,1990 to 1999,3040,462.6726704701716,9.25197309370844,High
51047,All,2000 to 2009,4618,434.6078692338647,5.721076496409117,High
51047,All,2010 to 2019,2297,378.00132274900835,10.003832744679748,High
51047,All,2020 or later,272,139.60659010233005,31.201186774166377,Low
51049,All,1939 or earlier,328,121.8400590938793,22.581373543976444,Medium
51049,All,1940 to 1949,246,115.37764081484765,28.511537997590047,Medium
51049,All,1950 to 1959,233,132.00378782444085,34.44011318586453,Low
51049,All,1960 to 1969,436,160.55528642807124,22.38577931848962,Medium
51049,All,1970 to 1979,546,164.13713778423212,18.274618144029763,Medium
51049,All,1980 to 1989,818,217.79348015953096,16.185483175625254,Medium
51049,All,1990 to 1999,770,237.59208741033444,18.757516868143085,Medium
51049,All,2000 to 2009,433,137.20058308913997,19.26203459137002,Medium
51049,All,2010 to 2019,264,120.8056290079233,27.81745164592505,Medium
51049,All,2020 or later,101,82.22530024268686,49.490084108872885,Low
51051,All,1939 or earlier,358,121.85236969382254,20.691170075872805,Medium
51051,All,1940 to 1949,388,124.88794977899188,19.56693977046844,Medium
51051,All,1950 to 1959,356,113.44161493913951,19.371198889918293,Medium
51051,All,1960 to 1969,582,164.62381358722072,17.195062992847294,Medium
51051,All,1970 to 1979,937,220.03636063160107,14.275422150600347,High
51051,All,1980 to 1989,854,202.00247523235947,14.379140197202469,High
51051,All,1990 to 1999,1100,226.81490250863146,12.534672700117794,High
51051,All,2000 to 2009,771,162.30834852218786,12.797365638292971,High
51051,All,2010 to 2019,343,112.08925015361643,19.86570314737945,Medium
51051,All,2020 or later,28,37,80.3300043421624,Low
51053,All,1939 or earlier,550,152.04275714416653,16.80494690734087,Medium
51053,All,1940 to 1949,220,115.73245007343446,31.979124087713306,Low
51053,All,1950 to 1959,496,166.50825805346713,20.40742450895518,Medium
51053,All,1960 to 1969,1088,237.24459951703852,13.255665537113273,High
51053,All,1970 to 1979,1588,304.5275028630419,11.657626073325087,High
51053,All,1980 to 1989,1508,301.0398644698074,12.135474610378182,High
51053,All,1990 to 1999,2119,343.49526925417763,9.854257377646382,High
51053,All,2000 to 2009,2018,334.5743564590687,10.078724803789264,High
51053,All,2010 to 2019,744,215.18828964420902,17.58246638920556,Medium
51053,All,2020 or later,96,56.79788728465171,35.96624068177033,Low
51057,All,1939 or earlier,282,106.94391053257777,23.053721902299632,Medium
51057,All,1940 to 1949,222,108.2266141020775,29.63570034833306,Medium
51057,All,1950 to 1959,363,143.22360140703069,23.985129226561945,Medium
51057,All,1960 to 1969,227,80.2807573457052,21.499071367166607,Medium
51057,All,1970 to 1979,755,178.19652072922187,14.347834757480776,High
51057,All,1980 to 1989,740,232.2154172315008,19.07626856415845,Medium
51057,All,1990 to 1999,593,183.86951895297926,18.849036013160557,Medium
51057,All,2000 to 2009,1008,190.1578291840754,11.46800243547519,High
51057,All,2010 to 2019,192,91.21951545584969,28.88155884493721,Medium
51057,All,2020 or later,14,27.65863337187866,120.09827777628598,Low
51059,All,1939 or earlier,4332,463.93965124787513,6.510392038998323,High
51059,All,1940 to 1949,7529,618.6056902421768,4.994714986487319,High
51059,All,1950 to 1959,33771,1269.4412156535645,2.285087168373297,High
51059,All,1960 to 1969,54756,1671.2130325006444,1.8553856639720312,High
51059,All,1970 to 1979,80626,2112.1098456283,1.5924854922302132,High
51059,All,1980 to 1989,94326,2109.622004056651,1.35958801101338,High
51059,All,1990 to 1999,60657,1658.2478704946375,1.6618913179254913,High
51059,All,2000 to 2009,46242,1633.533593165442,2.147462350067475,High
51059,All,2010 to 2019,27635,1160.2055852304798,2.552169889908737,High
51059,All,2020 or later,2789,366.23080154459973,7.982528006674064,High
51061,All,1939 or earlier,2258,387.6957570054127,10.43761343000403,High
51061,All,1940 to 1949,589,179.88885457415086,18.566201492834782,Medium
51061,All,1950 to 1959,1302,314.6966793596653,14.693162231575707,High
51061,All,1960 to 1969,1250,285.60112044598145,13.889416191901832,High
51061,All,1970 to 1979,3428,425.22934988074377,7.5407842775346205,High
51061,All,1980 to 1989,6089,479.66342366288467,4.788778245916421,High
51061,All,1990 to 1999,3716,375.5582511408849,6.143780630558153,High
51061,All,2000 to 2009,4949,523.0831673835434,6.425210918954409,High
51061,All,2010 to 2019,2506,326.93271479006194,7.93069799144817,High
51061,All,2020 or later,179,80.1311425102625,27.213374712693795,Medium
51063,All,1939 or earlier,585,168.6475615003075,17.525010937085444,Medium
51063,All,1940 to 1949,316,134.71822445385777,25.916321891011844,Medium
51063,All,1950 to 1959,458,146.21901381147393,19.407628490658993,Medium
51063,All,1960 to 1969,438,142.08800090085018,19.720475899133973,Medium
51063,All,1970 to 1979,968,302.98844862469593,19.027634996150113,Medium
51063,All,1980 to 1989,869,202.41047403728888,14.159479962454757,High
51063,All,1990 to 1999,1172,251.76576415390556,13.05879665103196,High
51063,All,2000 to 2009,1239,189.42280749687984,9.29383719574222,High
51063,All,2010 to 2019,525,129.1200991325518,14.95094504357236,High
51063,All,2020 or later,79,68.30812543175226,52.56290672290582,Low
51065,All,1939 or earlier,589,192.50974001333023,19.86879415560145,Medium
51065,All,1940 to 1949,128,68.8839603971781,32.71464684516437,Low
51065,All,1950 to 1959,370,148.03040228277433,24.32110445786155,Medium
51065,All,1960 to 1969,332,125.60254774486066,22.998232640872427,Medium
51065,All,1970 to 1979,658,218.92921230388603,20.226089217938306,Medium
51065,All,1980 to 1989,1445,326.49655434629017,13.735512009604028,High
51065,All,1990 to 1999,3101,376.9204160031664,7.388937503308893,High
51065,All,2000 to 2009,2490,358.10752575169374,8.742752792365662,High
51065,All,2010 to 2019,974,249.25689559167665,15.556873581924984,Medium
51065,All,2020 or later,164,77.1621668954417,28.601885571740564,Medium
51067,All,1939 or earlier,1181,283.09185788362055,14.571745539616396,High
51067,All,1940 to 1949,608,188.35339126227592,18.832325954074943,Medium
51067,All,1950 to 1959,1329,288.1423259432741,13.180023188277135,High
51067,All,1960 to 1969,1737,417.2780847348684,14.60359753601197,High
51067,All,1970 to 1979,3452,459.72383014153183,8.095810369241597,High
51067,All,1980 to 1989,3835,537.5686002734907,8.521236575193141,High
51067,All,1990 to 1999,4091,484.1528684207086,7.194276537357318,High
51067,All,2000 to 2009,4530,522.56674214879,7.0125773083031735,High
51067,All,2010 to 2019,1543,286.2743439430086,11.278480674287787,High
51067,All,2020 or later,178,83.93449827097318,28.665174779199198,Medium
51069,All,1939 or earlier,1255,259.7883754135277,12.58375012598979,High
51069,All,1940 to 1949,428,132.00378782444085,18.748940122211298,Medium
51069,All,1950 to 1959,1132,270.4144966528237,14.521706029236453,High
51069,All,1960 to 1969,1720,287.4056366879397,10.157829811548021,High
51069,All,1970 to 1979,3819,520.7657822860484,8.289472208403646,High
51069,All,1980 to 1989,5969,531.992481149875,5.417987679503931,High
51069,All,1990 to 1999,5946,717.4580127087578,7.335093988845484,High
51069,All,2000 to 2009,8079,536.3469026665484,4.035731518026573,High
51069,All,2010 to 2019,5326,538.5768283170006,6.147246099218499,High
51069,All,2020 or later,664,173.69225659193907,15.901806916902176,Medium
51071,All,1939 or earlier,577,140.6627171641441,14.819627479325945,High
51071,All,1940 to 1949,910,196.30843079195554,13.113893636524637,High
51071,All,1950 to 1959,927,224.5551157288562,14.72574640087193,High
51071,All,1960 to 1969,714,196.82479518597245,16.75774949860561,Medium
51071,All,1970 to 1979,854,182.60339536821323,12.998255687037808,High
51071,All,1980 to 1989,684,192.7615106809448,17.13161544650143,Medium
51071,All,1990 to 1999,1077,214.7091055358389,12.11905780922685,High
51071,All,2000 to 2009,583,151.92103211866353,15.84103104877961,Medium
51071,All,2010 to 2019,327,125.41929676090518,23.315820670720314,Medium
51071,All,2020 or later,116,85.61541917201598,44.867109931881345,Low
51073,All,1939 or earlier,782,234.1815535006974,18.20455332369634,Medium
51073,All,1940 to 1949,347,123.00406497347964,21.54884944745314,Medium
51073,All,1950 to 1959,855,254.8803640926464,18.12192638281138,Medium
51073,All,1960 to 1969,823,247.9697562203907,18.31609880232013,Medium
51073,All,1970 to 1979,2176,351.2833614050059,9.813700200166666,High
51073,All,1980 to 1989,3315,429.4414977619187,7.8750727376605125,High
51073,All,1990 to 1999,2286,362.48034429469413,9.639229784965552,High
51073,All,2000 to 2009,3118,449.1970614329528,8.757797384594069,High
51073,All,2010 to 2019,1261,269.675731203236,13.000524560920965,High
51073,All,2020 or later,148,99.72963451251589,40.96345786269444,Low
51075,All,1939 or earlier,153,73.53910524340094,29.218708005403954,Medium
51075,All,1940 to 1949,83,64.07807737440318,46.93161268129284,Low
51075,All,1950 to 1959,254,114.0175425099138,27.288022044830146,Medium
51075,All,1960 to 1969,520,148.44864431849825,17.35429557148682,Medium
51075,All,1970 to 1979,926,201.10942295178512,13.202480384422008,High
51075,All,1980 to 1989,1532,266.101484400219,10.558996103399771,High
51075,All,1990 to 1999,1606,308.7588055424493,11.6871309164512,High
51075,All,2000 to 2009,2497,318.09746933919484,7.744185894543235,High
51075,All,2010 to 2019,2204,354.2033314354906,9.76956325430664,High
51075,All,2020 or later,238,126.19429464123962,32.232712993599044,Low
51077,All,1939 or earlier,820,218.52459815773602,16.20020743996857,Medium
51077,All,1940 to 1949,251,69.28924880528002,16.781324260473006,Medium
51077,All,1950 to 1959,645,148.60686390607938,14.0059719522235,High
51077,All,1960 to 1969,699,175.86642658563346,15.294661203859047,Medium
51077,All,1970 to 1979,865,156.58863304850706,11.004700391693662,High
51077,All,1980 to 1989,940,163.11039206623224,10.548431227202498,High
51077,All,1990 to 1999,979,196.91876497682998,12.227523586615582,High
51077,All,2000 to 2009,697,172.80046296234278,15.071144066175297,Medium
51077,All,2010 to 2019,281,101.51847122568385,21.96204852960743,Medium
51077,All,2020 or later,25,34.20526275297414,83.17389119264229,Low
51079,All,1939 or earlier,461,159.21369287847074,20.994889249414282,Medium
51079,All,1940 to 1949,189,102.06860437960343,32.82951524729529,Low
51079,All,1950 to 1959,145,79.19595949289332,33.20237270428396,Low
51079,All,1960 to 1969,311,109.77249200050075,21.45691259697627,Medium
51079,All,1970 to 1979,839,192.77447963877376,13.967596366985866,High
51079,All,1980 to 1989,1144,266.33249895572266,14.152469815063801,High
51079,All,1990 to 1999,1889,277.2002886001384,8.920635984049017,High
51079,All,2000 to 2009,1850,291.1528808031959,9.56716933551946,High
51079,All,2010 to 2019,965,264.09278672466615,16.636552071730392,Medium
51079,All,2020 or later,119,77.79460135510689,39.74079913928477,Low
51081,All,1939 or earlier,173,82.365041127896,28.942158275346912,Medium
51081,All,1940 to 1949,20,17.46424919657298,53.082824305692945,Low
51081,All,1950 to 1959,291,104.00480758118829,21.726737814514106,Medium
51081,All,1960 to 1969,341,113.20777358467925,20.18161737508655,Medium
51081,All,1970 to 1979,793,169.84993376507393,13.020458937057455,High
51081,All,1980 to 1989,486,156.6301375853319,19.591746730375363,Medium
51081,All,1990 to 1999,428,125.19584657647394,17.781985424036865,Medium
51081,All,2000 to 2009,488,148.60013458944107,18.511153344641123,Medium
51081,All,2010 to 2019,72,59.033888572581766,49.84286438076813,Low
51081,All,2020 or later,0,21,Inf,Low
51083,All,1939 or earlier,1394,230.21728866442677,10.039434688152298,High
51083,All,1940 to 1949,564,156.58863304850706,16.877776309955706,Medium
51083,All,1950 to 1959,1572,301.7880050631569,11.670340574922733,High
51083,All,1960 to 1969,1493,279.3313444638822,11.373495541051033,High
51083,All,1970 to 1979,2374,410.8783274888078,10.52123248794073,High
51083,All,1980 to 1989,1607,294.16491973041246,11.127794611735228,High
51083,All,1990 to 1999,2331,332.46954747766,8.670491094072624,High
51083,All,2000 to 2009,1656,279.1773629791642,10.24835040230108,High
51083,All,2010 to 2019,672,187,16.916341004486902,Medium
51083,All,2020 or later,10,31.76476034853718,193.09884710356945,Low
51085,All,1939 or earlier,1459,288.9221348391293,12.03814641077514,High
51085,All,1940 to 1949,1103,238.10291892372928,13.122703151324203,High
51085,All,1950 to 1959,1746,382.510130584799,13.317809551133777,High
51085,All,1960 to 1969,3359,433.84905209070126,7.8516828099747675,High
51085,All,1970 to 1979,5463,509.2003534955568,5.666196006575952,High
51085,All,1980 to 1989,7203,693.0490603124716,5.8490409501990825,High
51085,All,1990 to 1999,8973,558.6134620647805,3.7844940567381338,High
51085,All,2000 to 2009,6963,638.9945226682307,5.578723514854947,High
51085,All,2010 to 2019,5122,516.0397271528617,6.124599019817507,High
51085,All,2020 or later,621,150,14.683640955611352,High
51087,All,1939 or earlier,3987,514.2081290683764,7.840193837698606,High
51087,All,1940 to 1949,6383,659.0068284926948,6.276234588672273,High
51087,All,1950 to 1959,15130,972.2741382963964,3.906464695220536,High
51087,All,1960 to 1969,13693,1078.4776307369568,4.787917198333125,High
51087,All,1970 to 1979,18336,1123.178080270444,3.7237294258291165,High
51087,All,1980 to 1989,22881,1143.5580440012654,3.0382066484098322,High
51087,All,1990 to 1999,23159,1202.4682948003244,3.1563701620798112,High
51087,All,2000 to 2009,19512,1074.1713084978578,3.346615810262371,High
51087,All,2010 to 2019,11233,945.1402012400065,5.114869703763128,High
51087,All,2020 or later,1285,277.1425625918906,13.110951123763352,High
51089,All,1939 or earlier,986,227.79376637651873,14.044265083603195,High
51089,All,1940 to 1949,1238,306.80449801135575,15.065209501124755,Medium
51089,All,1950 to 1959,2603,447.4483210383072,10.449675696578934,High
51089,All,1960 to 1969,3808,394.7708195903036,6.302055177235314,High
51089,All,1970 to 1979,4426,448.06472746691406,6.154084354634387,High
51089,All,1980 to 1989,2805,410.2157968679412,8.890242605593382,High
51089,All,1990 to 1999,2738,374.25258850140233,8.30931966184361,High
51089,All,2000 to 2009,1217,248.21361767638777,12.398499358199956,High
51089,All,2010 to 2019,643,211.10187114282053,19.957916788498114,Medium
51089,All,2020 or later,39,34.132096331752024,53.2025505911496,Low
51091,All,1939 or earlier,321,113.84638773364749,21.55997836048963,Medium
51091,All,1940 to 1949,42,21.213203435596427,30.70372475842586,Low
51091,All,1950 to 1959,37,31.064449134018133,51.03828001974555,Low
51091,All,1960 to 1969,62,40.45985664828782,39.67041538218239,Low
51091,All,1970 to 1979,96,36.87817782917155,23.352442900944496,Medium
51091,All,1980 to 1989,134,68.24954212300622,30.962002505560143,Low
51091,All,1990 to 1999,105,46.84015371452148,27.118340549730195,Medium
51091,All,2000 to 2009,157,61.5223536610881,23.82140578904927,Medium
51091,All,2010 to 2019,49,30.364452901377952,37.67068159714403,Low
51091,All,2020 or later,0,13,Inf,Low
51093,All,1939 or earlier,629,182.0988742414406,17.599110301142893,Medium
51093,All,1940 to 1949,364,143.39107364128355,23.947204923558495,Medium
51093,All,1950 to 1959,648,190.06577808748213,17.830479388296197,Medium
51093,All,1960 to 1969,1045,223.37636401374252,12.99436389893937,High
51093,All,1970 to 1979,1842,288.4250335875858,9.518695272668,High
51093,All,1980 to 1989,2171,255.88473967784793,7.165040683501305,High
51093,All,1990 to 1999,3145,338.3371099953418,6.539779164019538,High
51093,All,2000 to 2009,3147,404.2820797413608,7.809475125948307,High
51093,All,2010 to 2019,2143,351.5366268257121,9.97200546419493,High
51093,All,2020 or later,292,108.75660899458019,22.641589081604735,Medium
51095,All,1939 or earlier,320,131.71180660821565,25.021239857183826,Medium
51095,All,1940 to 1949,81,68,51.03380989905813,Low
51095,All,1950 to 1959,617,161.33505508723144,15.895627444023333,Medium
51095,All,1960 to 1969,1441,305.9542449452205,12.907038338591297,High
51095,All,1970 to 1979,3041,422.225058470006,8.440373826598913,High
51095,All,1980 to 1989,5545,576.3653355294713,6.3187387583706816,High
51095,All,1990 to 1999,6598,521.3079703975377,4.803039425206106,High
51095,All,2000 to 2009,8219,620.7350481485639,4.591148969812803,High
51095,All,2010 to 2019,4881,469.13750649463105,5.842859527821496,High
51095,All,2020 or later,608,188.22327167489146,18.819316076916838,Medium
51097,All,1939 or earlier,256,102.59142264341595,24.361565027406904,Medium
51097,All,1940 to 1949,83,50,36.62064672062109,Low
51097,All,1950 to 1959,270,112.8007092176286,25.396985076579664,Medium
51097,All,1960 to 1969,154,95.90099061010788,37.856152295467524,Low
51097,All,1970 to 1979,243,85.09406559801923,21.287619447388703,Medium
51097,All,1980 to 1989,422,156.58863304850706,22.557028054064023,Medium
51097,All,1990 to 1999,500,128.5496013218244,15.62913085979628,Medium
51097,All,2000 to 2009,605,172.69916039170545,17.352775542385434,Medium
51097,All,2010 to 2019,239,94.14881836751856,23.946997588106107,Medium
51097,All,2020 or later,42,44.28317965096906,64.09491916481265,Low
51099,All,1939 or earlier,317,123.40583454602137,23.665219055166,Medium
51099,All,1940 to 1949,165,97.082439194738,35.76768506760173,Low
51099,All,1950 to 1959,299,127.01574705523721,25.823819429554888,Medium
51099,All,1960 to 1969,614,163.3799253274404,16.17574976262491,Medium
51099,All,1970 to 1979,1079,254.9215565620138,14.362141945120513,High
51099,All,1980 to 1989,1219,256.28499761008254,12.780668673564335,High
51099,All,1990 to 1999,1272,213.77090541044166,10.216345769075417,High
51099,All,2000 to 2009,3200,369.3846233940985,7.017185094872692,High
51099,All,2010 to 2019,1542,253.77549133042774,10.004592438290294,High
51099,All,2020 or later,170,67.77905281132217,24.237100951661784,Medium
51101,All,1939 or earlier,562,197.00253805471644,21.309320604302528,Medium
51101,All,1940 to 1949,155,120.10412149464314,47.10427355413007,Low
51101,All,1950 to 1959,257,122.38055401083949,28.947655082809476,Medium
51101,All,1960 to 1969,262,119.03780911962384,27.619622060749403,Medium
51101,All,1970 to 1979,639,142.30249470757707,13.537727043830555,High
51101,All,1980 to 1989,895,212.8966885604377,14.460388756206397,High
51101,All,1990 to 1999,1338,235.9364321167886,10.719462070448959,High
51101,All,2000 to 2009,1703,303.08084729985825,10.818771354675667,High
51101,All,2010 to 2019,1270,250.52943938786913,11.991931617541542,High
51101,All,2020 or later,34,38.897300677553446,69.54639849374834,Low
51103,All,1939 or earlier,385,105.51303237041384,16.66017169232445,Medium
51103,All,1940 to 1949,87,46.61544808322666,32.57202116006474,Low
51103,All,1950 to 1959,385,118.40608092492548,18.69594298739596,Medium
51103,All,1960 to 1969,583,195,20.332938839562686,Medium
51103,All,1970 to 1979,1107,213.5720019103628,11.728184661321448,High
51103,All,1980 to 1989,967,193.45800577903205,12.161701233661093,High
51103,All,1990 to 1999,735,154.00324671902212,12.737278226662704,High
51103,All,2000 to 2009,726,156.54072952429985,13.107649821589746,High
51103,All,2010 to 2019,485,150.60212481900777,18.87658632143738,Medium
51103,All,2020 or later,8,23.259406699226016,176.7432120001977,Low
51105,All,1939 or earlier,694,192.62658175859323,16.872943226666543,Medium
51105,All,1940 to 1949,791,270.07036120240963,20.755564016339566,Medium
51105,All,1950 to 1959,776,214.03737991294884,16.767256283720492,Medium
51105,All,1960 to 1969,555,153.63918770938616,16.828411260920195,Medium
51105,All,1970 to 1979,1404,278.36127604248406,12.052463047068475,High
51105,All,1980 to 1989,1416,361.1675511448945,15.505278413652675,Medium
51105,All,1990 to 1999,1281,218.83783950679097,10.385021177261827,High
51105,All,2000 to 2009,1061,221.82200071228283,12.70934976822822,High
51105,All,2010 to 2019,445,151.72672803431834,20.726987197748485,Medium
51105,All,2020 or later,23,35.35533905932738,93.44611882999175,Low
51107,All,1939 or earlier,3062,381.3790765104976,7.571567076974494,High
51107,All,1940 to 1949,660,178.1937148162078,16.412794954058008,Medium
51107,All,1950 to 1959,1679,342.14762895568924,12.387878475778543,High
51107,All,1960 to 1969,4143,561.0080213330288,8.231675376315398,High
51107,All,1970 to 1979,8808,643.4811574552903,4.441121206855955,High
51107,All,1980 to 1989,15021,919.3127868141506,3.7204763860044796,High
51107,All,1990 to 1999,29108,1197.6727432817363,2.501266101928624,High
51107,All,2000 to 2009,43284,1241.6964202251693,1.7439022516237135,High
51107,All,2010 to 2019,32947,1353.3550901371007,2.497065776797645,High
51107,All,2020 or later,2111,327.0122321871156,9.416941284172662,High
51109,All,1939 or earlier,1124,254.15349692656207,13.745605519073331,High
51109,All,1940 to 1949,97,44.654227123532216,27.984976105995806,Medium
51109,All,1950 to 1959,787,233,17.997628638630015,Medium
51109,All,1960 to 1969,678,193.19679086361657,17.3222503934885,Medium
51109,All,1970 to 1979,1574,286.90416518412553,11.08067514991428,High
51109,All,1980 to 1989,1893,388.4044283990593,12.47290620857388,High
51109,All,1990 to 1999,3433,459.96739014847566,8.144929645811672,High
51109,All,2000 to 2009,3381,405.7831933434405,7.295969041073268,High
51109,All,2010 to 2019,2081,294.7168132292421,8.609281930719014,High
51109,All,2020 or later,163,83.93449827097318,31.303074298757412,Low
51111,All,1939 or earlier,598,137.90576492663388,14.018945108480535,High
51111,All,1940 to 1949,404,135.79396157414365,20.433049681625032,Medium
51111,All,1950 to 1959,301,121.49074038789952,24.536396487473272,Medium
51111,All,1960 to 1969,550,146.44111444536333,16.18580983093267,Medium
51111,All,1970 to 1979,823,222.73975846265077,16.452504069007727,Medium
51111,All,1980 to 1989,573,170.74249617479535,18.114281064815945,Medium
51111,All,1990 to 1999,644,192.01041638411183,18.12479151806829,Medium
51111,All,2000 to 2009,593,149.2816130673835,15.303322251739749,Medium
51111,All,2010 to 2019,183,80.52328855678958,26.748812781500348,Medium
51111,All,2020 or later,0,21,Inf,Low
51113,All,1939 or earlier,743,177.22866585290316,14.500375611310687,High
51113,All,1940 to 1949,325,157.8131806916013,29.518481307758016,Medium
51113,All,1950 to 1959,342,116.27553482998907,20.66789932810556,Medium
51113,All,1960 to 1969,543,190.3943276465977,21.315144127424215,Medium
51113,All,1970 to 1979,733,174.63103962354458,14.482767626363287,High
51113,All,1980 to 1989,668,182.53766734567415,16.611549000388962,Medium
51113,All,1990 to 1999,862,208.38665984174708,14.695918859917706,High
51113,All,2000 to 2009,754,149,12.01293204227907,High
51113,All,2010 to 2019,370,135.5949851580065,22.277989839481886,Medium
51113,All,2020 or later,52,51.478150704935004,60.1802089138824,Low
51115,All,1939 or earlier,644,213.12203077110541,20.117618868687856,Medium
51115,All,1940 to 1949,140,89.06739021662193,38.674507258628715,Low
51115,All,1950 to 1959,383,164.20109622045769,26.062218165730112,Medium
51115,All,1960 to 1969,359,142.04224723651762,24.052331660305583,Medium
51115,All,1970 to 1979,516,197.57024067404484,23.275870110747256,Medium
51115,All,1980 to 1989,485,164.5600194457937,20.62607958459483,Medium
51115,All,1990 to 1999,828,260.24795868555816,19.106937923847568,Medium
51115,All,2000 to 2009,309,139.30183056945089,27.405166301620266,Medium
51115,All,2010 to 2019,103,57.706152185014034,34.057988128199035,Low
51115,All,2020 or later,0,19,Inf,Low
51117,All,1939 or earlier,940,196.82479518597245,12.728758661706813,High
51117,All,1940 to 1949,750,209.46837470128995,16.978186399294017,Medium
51117,All,1950 to 1959,1102,179.836036433191,9.920400952851184,High
51117,All,1960 to 1969,1326,238.949785519887,10.954617517312712,High
51117,All,1970 to 1979,2126,290.1465147128257,8.29637159020681,High
51117,All,1980 to 1989,1611,238.2120903732638,8.988813245308707,High
51117,All,1990 to 1999,2300,286.32324390450736,7.567681879331502,High
51117,All,2000 to 2009,2123,327.2002444986862,9.369096736100236,High
51117,All,2010 to 2019,954,206.7075228432676,13.171705303745396,High
51117,All,2020 or later,163,87.98295289429652,32.81293113330842,Low
51119,All,1939 or earlier,369,121.8400590938793,20.07233203909017,Medium
51119,All,1940 to 1949,243,107.91200118615167,26.99588507039706,Medium
51119,All,1950 to 1959,366,115.31695452100702,19.153413144818213,Medium
51119,All,1960 to 1969,297,110.05453193758083,22.526077786493264,Medium
51119,All,1970 to 1979,586,156.58863304850706,16.244139656680918,Medium
51119,All,1980 to 1989,677,141.4213562373095,12.698734021210106,High
51119,All,1990 to 1999,1024,217.9954127957742,12.941407009627554,High
51119,All,2000 to 2009,928,207.23899247004653,13.57555500406447,High
51119,All,2010 to 2019,231,95.34149149242423,25.09019631637896,Medium
51119,All,2020 or later,12,28.319604517012593,143.4630421327892,Low
51121,All,1939 or earlier,1604,337.8905148121208,12.805771089454204,High
51121,All,1940 to 1949,1382,271.59712811441875,11.946789953084105,High
51121,All,1950 to 1959,2044,377.23865125408344,11.2193937405672,High
51121,All,1960 to 1969,2785,420.3094098399416,9.174407182200381,High
51121,All,1970 to 1979,6153,677.375080734448,6.69231536779151,High
51121,All,1980 to 1989,6461,581.4851674806504,5.4710791518402,High
51121,All,1990 to 1999,6042,727.4640884607295,7.319222267438261,High
51121,All,2000 to 2009,5526,555.8309095399427,6.114569859200471,High
51121,All,2010 to 2019,4273,500.35687264191745,7.118378460950714,High
51121,All,2020 or later,461,169.61426826773743,22.366372596606745,Medium
51125,All,1939 or earlier,705,174.89711261195822,15.080912510462241,Medium
51125,All,1940 to 1949,175,89.19641248391103,30.984424657893545,Low
51125,All,1950 to 1959,426,166.24379687675568,23.723018519165443,Medium
51125,All,1960 to 1969,364,129.72663566130126,21.665158432362684,Medium
51125,All,1970 to 1979,708,178.61970775925036,15.336639685337383,Medium
51125,All,1980 to 1989,1273,334.91043578843585,15.993163400169328,Medium
51125,All,1990 to 1999,1028,213.32135383031863,12.614653166080366,High
51125,All,2000 to 2009,1442,270.74896121684384,11.413941343576502,High
51125,All,2010 to 2019,321,121.74152947946727,23.055142929005534,Medium
51125,All,2020 or later,28,31.400636936215164,68.17333247115755,Low
51127,All,1939 or earlier,266,174.38463235044537,39.85296806235468,Low
51127,All,1940 to 1949,447,223.60679774997897,30.409660859628723,Low
51127,All,1950 to 1959,207,96.60745312862771,28.37098310753644,Medium
51127,All,1960 to 1969,377,155.54099138169335,25.08058200344962,Medium
51127,All,1970 to 1979,1061,257.00778198334774,14.725328343871713,High
51127,All,1980 to 1989,1373,271.84002648616706,12.035855479699329,High
51127,All,1990 to 1999,1238,235.76471322061747,11.576899363156452,High
51127,All,2000 to 2009,1809,297.18849237478895,9.986826837604914,High
51127,All,2010 to 2019,1966,344.570747452537,10.654399795073607,High
51127,All,2020 or later,290,121.59769734661919,25.489507881064704,Medium
51131,All,1939 or earlier,903,154.76756766196203,10.419006396238276,High
51131,All,1940 to 1949,166,63.324560795950255,23.189863696469864,Medium
51131,All,1950 to 1959,515,130.14607178090316,15.36235981714559,Medium
51131,All,1960 to 1969,308,108.72442227944924,21.45904991107434,Medium
51131,All,1970 to 1979,799,214.83016547961788,16.34491179929455,Medium
51131,All,1980 to 1989,471,137.90213921473443,17.79853241370097,Medium
51131,All,1990 to 1999,641,166.90116836020053,15.828342716803679,Medium
51131,All,2000 to 2009,1087,197.80040444852483,11.061950962243749,High
51131,All,2010 to 2019,366,126.15070352558483,20.952829990795895,Medium
51131,All,2020 or later,82,62.96824596572466,46.6811816782005,Low
51133,All,1939 or earlier,481,168.68906307167634,21.319447588506257,Medium
51133,All,1940 to 1949,112,78.23042886243178,42.46115331221873,Low
51133,All,1950 to 1959,335,112.92918134831227,20.49252485565708,Medium
51133,All,1960 to 1969,349,152.029602380589,26.481149333412702,Medium
51133,All,1970 to 1979,614,194.53534383242547,19.260353042228992,Medium
51133,All,1980 to 1989,712,195.05896544378575,16.654055995678576,Medium
51133,All,1990 to 1999,1046,274.17147918775214,15.93399543130014,Medium
51133,All,2000 to 2009,1220,224.26992665089986,11.17494277995415,High
51133,All,2010 to 2019,552,224.98222151983475,24.776686216448034,Medium
51133,All,2020 or later,15,31.89043743820395,129.24189437975258,Low
51135,All,1939 or earlier,1001,210.23796041628637,12.767655470139974,High
51135,All,1940 to 1949,348,157.88920165736477,27.580826897488862,Medium
51135,All,1950 to 1959,659,165.46903033498444,15.263896235429424,Medium
51135,All,1960 to 1969,610,178.94133116750865,17.83261061014586,Medium
51135,All,1970 to 1979,558,136.03308421115798,14.81987168798226,High
51135,All,1980 to 1989,519,157.68639763784319,18.469748070329683,Medium
51135,All,1990 to 1999,722,185.64751546950473,15.630974031060694,Medium
51135,All,2000 to 2009,756,212.6593520163174,17.10002669756979,Medium
51135,All,2010 to 2019,303,125.87692401707312,25.25443117298607,Medium
51135,All,2020 or later,16,22.360679774997898,84.95699002658775,Low
51137,All,1939 or earlier,833,200.86313748420838,14.658493487428409,High
51137,All,1940 to 1949,471,186.94651641579205,24.128513531423415,Medium
51137,All,1950 to 1959,916,220.20445045457188,14.61385238147701,High
51137,All,1960 to 1969,919,238.17010727629108,15.754544041613293,Medium
51137,All,1970 to 1979,1254,315.49643421122846,15.294349714287092,Medium
51137,All,1980 to 1989,2128,354.71255968741787,10.13302327877305,High
51137,All,1990 to 1999,2119,344.81879299133334,9.892226877429232,High
51137,All,2000 to 2009,4077,466.9603837586225,6.962631706796486,High
51137,All,2010 to 2019,1825,415.98677863605235,13.856410996745716,High
51137,All,2020 or later,125,83.81527307120105,40.761227025508106,Low
51139,All,1939 or earlier,1755,293.21152774063984,10.156358393842686,High
51139,All,1940 to 1949,439,173.65770930194836,24.04715183055554,Medium
51139,All,1950 to 1959,888,213.40337391897066,14.609064727879367,High
51139,All,1960 to 1969,828,186.46179233290664,13.689690052780835,High
51139,All,1970 to 1979,1488,268.00186566514793,10.948862047960093,High
51139,All,1980 to 1989,1467,282.3349075123372,11.699533921028058,High
51139,All,1990 to 1999,1020,212.7580785775243,12.68002137061352,High
51139,All,2000 to 2009,1038,245.63590942694026,14.385620548455954,High
51139,All,2010 to 2019,487,141.0319112825179,17.60445270435804,Medium
51139,All,2020 or later,99,95.524865872714,58.65639119014706,Low
51141,All,1939 or earlier,579,189.992105099133,19.947620107945575,Medium
51141,All,1940 to 1949,550,198.70832896484234,21.96278850122601,Medium
51141,All,1950 to 1959,499,139.1402170474087,16.950645003978618,Medium
51141,All,1960 to 1969,837,188.60805921274945,13.698369790266254,High
51141,All,1970 to 1979,1293,282.2268591045154,13.268869272915202,High
51141,All,1980 to 1989,1239,288.44410203711914,14.152216197350992,High
51141,All,1990 to 1999,1377,288.84944175123485,12.751805795658807,High
51141,All,2000 to 2009,937,211.2439348241743,13.704991019270214,High
51141,All,2010 to 2019,426,171.97674261364529,24.541110865711328,Medium
51141,All,2020 or later,60,66.40783086353596,67.28250340783785,Low
51143,All,1939 or earlier,1535,253.81883302859936,10.051932438782982,High
51143,All,1940 to 1949,1083,270.1481075262235,15.163783339997448,Medium
51143,All,1950 to 1959,1902,286.5658737533135,9.158999924996996,High
51143,All,1960 to 1969,2420,366.8092147152249,9.21422830805157,High
51143,All,1970 to 1979,4150,439.42689949524026,6.436838898381225,High
51143,All,1980 to 1989,4251,442.18774293279546,6.323385992965652,High
51143,All,1990 to 1999,4719,467.68044645890427,6.024670963580639,High
51143,All,2000 to 2009,3377,364.29658247093124,6.557799497781456,High
51143,All,2010 to 2019,1136,222.87440409342656,11.926580980212474,High
51143,All,2020 or later,60,51.40038910358559,52.077395241728055,Low
51145,All,1939 or earlier,335,141.56623891309678,25.68910564135495,Medium
51145,All,1940 to 1949,86,77.46612162745726,54.75798517527196,Low
51145,All,1950 to 1959,184,132.23085872821065,43.68668518838729,Low
51145,All,1960 to 1969,444,132.9135057095403,18.19785669234375,Medium
51145,All,1970 to 1979,1615,263.3723599772763,9.913608551188094,High
51145,All,1980 to 1989,1443,291.00171820798585,12.2592335794849,High
51145,All,1990 to 1999,2697,391.89029077026134,8.833191687043048,High
51145,All,2000 to 2009,2718,361.08309293014537,8.075916113227933,High
51145,All,2010 to 2019,1408,282.7083302628347,12.205906770811804,High
51145,All,2020 or later,221,120.30378215168466,33.09185442013634,Low
51147,All,1939 or earlier,782,251.34040662018512,19.53842976237262,Medium
51147,All,1940 to 1949,269,149.26486525636233,33.73179178910121,Low
51147,All,1950 to 1959,293,110.20889256316842,22.865627055441234,Medium
51147,All,1960 to 1969,771,219.9659064491586,17.343434015679208,Medium
51147,All,1970 to 1979,1131,227.75864418282788,12.241830490424746,High
51147,All,1980 to 1989,1163,295.006779583114,15.420071222528154,Medium
51147,All,1990 to 1999,1240,296.56196654325043,14.53877667140163,High
51147,All,2000 to 2009,1263,222.08106627986098,10.689128084570244,High
51147,All,2010 to 2019,617,196.7587355112855,19.385765569382734,Medium
51147,All,2020 or later,31,38.28837943815329,75.08261484097125,Low
51149,All,1939 or earlier,268,154.35349040433132,35.011906365814845,Low
51149,All,1940 to 1949,151,93.23089616645332,37.533322396365996,Low
51149,All,1950 to 1959,343,144.3606594609487,25.58520110609032,Medium
51149,All,1960 to 1969,1036,242.01239637671455,14.200771988165528,High
51149,All,1970 to 1979,1679,287.5430402565849,10.410851742935163,High
51149,All,1980 to 1989,2455,386.76220084180926,9.576936859626697,High
51149,All,1990 to 1999,2528,421.7511114389623,10.141758479833458,High
51149,All,2000 to 2009,2664,368.0461927530293,8.398509286331073,High
51149,All,2010 to 2019,1527,324.6243983436858,12.923383089940774,High
51149,All,2020 or later,67,49.4064773081425,44.827362253906,Low
51153,All,1939 or earlier,1764,325.6516543793383,11.222479112108372,High
51153,All,1940 to 1949,896,286.16254122438875,19.41506602966163,Medium
51153,All,1950 to 1959,4082,605.0801599788247,9.01102117799137,High
51153,All,1960 to 1969,9917,723.463889907437,4.434765329790066,High
51153,All,1970 to 1979,21223,1074.9669762369447,3.079090446654966,High
51153,All,1980 to 1989,27325,1300.6844352109392,2.8936491354731864,High
51153,All,1990 to 1999,26438,1315.6766320034722,3.025203962895519,High
51153,All,2000 to 2009,41226,1449.7203178544473,2.137701807170184,High
51153,All,2010 to 2019,20174,899.0734119080599,2.709176100774507,High
51153,All,2020 or later,1564,268.66335812685736,10.442531352344831,High
51155,All,1939 or earlier,1231,247.85883078881818,12.239972483330487,High
51155,All,1940 to 1949,1297,272.8387802347753,12.787929134325662,High
51155,All,1950 to 1959,1423,241.13274352522097,10.30114226441509,High
51155,All,1960 to 1969,1553,266.58019431308094,10.434953597530848,High
51155,All,1970 to 1979,3297,414.79754097631775,7.648060657082892,High
51155,All,1980 to 1989,1660,264.41255643406953,9.682958817668347,High
51155,All,1990 to 1999,1749,245.63590942694026,8.537606706287754,High
51155,All,2000 to 2009,1510,253.4758371127315,10.204546674157351,High
51155,All,2010 to 2019,624,190.3785702225962,18.54673936390346,Medium
51155,All,2020 or later,42,31.240998703626616,45.21782993722191,Low
51157,All,1939 or earlier,552,166.20770138594662,18.30400658406531,Medium
51157,All,1940 to 1949,53,51,58.49630096920342,Low
51157,All,1950 to 1959,86,65,45.946136990174594,Low
51157,All,1960 to 1969,189,69.85699678629192,22.46892034103405,Medium
51157,All,1970 to 1979,342,131.52186130069785,23.377923763433024,Medium
51157,All,1980 to 1989,537,163.23296235748464,18.47854084749618,Medium
51157,All,1990 to 1999,505,156.85024705112835,18.88112757544655,Medium
51157,All,2000 to 2009,491,140.06427096158393,17.3412328863722,Medium
51157,All,2010 to 2019,106,64.88451279003334,37.2108234157443,Low
51157,All,2020 or later,0,19,Inf,Low
51159,All,1939 or earlier,285,147.12239802287073,31.381090603715823,Low
51159,All,1940 to 1949,394,151.81897114655993,23.424154281789136,Medium
51159,All,1950 to 1959,157,81.34494452638098,31.49669700748494,Low
51159,All,1960 to 1969,316,129.84991336154215,24.979784033231144,Medium
51159,All,1970 to 1979,578,191.01832372837953,20.090062549655507,Medium
51159,All,1980 to 1989,281,99.64436762808022,21.556613403731834,Medium
51159,All,1990 to 1999,363,133.2816566523691,22.32018834139166,Medium
51159,All,2000 to 2009,298,123.40583454602137,25.174075303649733,Medium
51159,All,2010 to 2019,207,84.72307831990054,24.880865254071196,Medium
51159,All,2020 or later,52,61.98386886924694,72.4618527814437,Low
51161,All,1939 or earlier,1381,258.3215051055564,11.371060797120998,High
51161,All,1940 to 1949,1268,376.21536385426896,18.036462842869078,Medium
51161,All,1950 to 1959,3523,432.51473963322917,7.463153374795921,High
51161,All,1960 to 1969,6651,621.585070605786,5.681300027153044,High
51161,All,1970 to 1979,8295,658.897564117519,4.828759875616424,High
51161,All,1980 to 1989,5512,518.7754813018827,5.721426600618078,High
51161,All,1990 to 1999,5272,518.8111409752107,5.982297265535544,High
51161,All,2000 to 2009,4404,472.6309342393915,6.5239245648386985,High
51161,All,2010 to 2019,2671,474.20037958652034,10.792501233819973,High
51161,All,2020 or later,254,136.82105101189657,32.74562645379618,Low
51163,All,1939 or earlier,1218,225.85393509965684,11.272350162938736,High
51163,All,1940 to 1949,294,134.23859355639868,27.756465388085662,Medium
51163,All,1950 to 1959,727,215.29514625276622,18.00254585424267,Medium
51163,All,1960 to 1969,1017,244.70594598415462,14.62708101987517,High
51163,All,1970 to 1979,1240,284.29737951659,13.937512477526717,High
51163,All,1980 to 1989,1054,221.89411889457548,12.79791668702096,High
51163,All,1990 to 1999,1846,326.45520366506645,10.750433984103193,High
51163,All,2000 to 2009,1572,286.048946860498,11.061700846133244,High
51163,All,2010 to 2019,449,113.84199576606166,15.413109275737593,Medium
51163,All,2020 or later,135,83.81527307120105,37.74187687547047,Low
51165,All,1939 or earlier,3529,419.81543563809083,7.231707332266317,High
51165,All,1940 to 1949,963,249.48346638605133,15.748876603701788,Medium
51165,All,1950 to 1959,2016,293.1091946698363,8.838386967175554,High
51165,All,1960 to 1969,2235,289.882734911895,7.884586467347872,High
51165,All,1970 to 1979,4641,493.54331116934407,6.464691423794973,High
51165,All,1980 to 1989,4414,490.6831971853122,6.757762978328312,High
51165,All,1990 to 1999,5175,490.63734060913055,5.763474039136374,High
51165,All,2000 to 2009,5147,498.6782529848279,5.889797438408988,High
51165,All,2010 to 2019,3510,384.1731380510615,6.653558448740664,High
51165,All,2020 or later,418,154.38264151127873,22.45206461675641,Medium
51167,All,1939 or earlier,745,234.0299126180241,19.096298534752375,Medium
51167,All,1940 to 1949,412,128.69343417595164,18.988614243803173,Medium
51167,All,1950 to 1959,877,260.679880313,18.069328660014627,Medium
51167,All,1960 to 1969,1028,242.06197553519223,14.314215671542833,High
51167,All,1970 to 1979,2027,317.05046916855366,9.508428589979161,High
51167,All,1980 to 1989,1591,369.16798344385177,14.105482527815152,High
51167,All,1990 to 1999,1842,284.2340584799788,9.380383370790266,High
51167,All,2000 to 2009,1329,240.84019598065436,11.016359215199596,High
51167,All,2010 to 2019,604,156.82155464093577,15.783485440622371,Medium
51167,All,2020 or later,15,16.64331697709324,67.45011946137078,Low
51169,All,1939 or earlier,813,167.26326554267678,12.506740059345422,High
51169,All,1940 to 1949,515,143.05593311708537,16.88623166607671,Medium
51169,All,1950 to 1959,1289,245.46486510293076,11.576319858844455,High
51169,All,1960 to 1969,1115,200.24984394500785,10.91770654081578,High
51169,All,1970 to 1979,1311,221.14248800264502,10.254242822720308,High
51169,All,1980 to 1989,1155,226.11943746613204,11.901179619001937,High
51169,All,1990 to 1999,1405,234.92339176846565,10.164453558976977,High
51169,All,2000 to 2009,996,169.5228598154243,10.346727933950044,High
51169,All,2010 to 2019,339,103.1746092796091,18.501512454763088,Medium
51169,All,2020 or later,13,30.805843601498726,144.0535122819674,Low
51171,All,1939 or earlier,2935,357.1064267133819,7.396455662212826,High
51171,All,1940 to 1949,461,143.10835055998655,18.871140517836412,Medium
51171,All,1950 to 1959,785,214.00934559032697,16.57284925098848,Medium
51171,All,1960 to 1969,1454,244.07580789582568,10.204563363442453,High
51171,All,1970 to 1979,2840,403.3906295391602,8.6345868731358415,High
51171,All,1980 to 1989,2407,377.809475794348,9.541811959150248,High
51171,All,1990 to 1999,2357,338.940997815254,8.741754763093418,High
51171,All,2000 to 2009,3502,430.80041782709543,7.478148271801184,High
51171,All,2010 to 2019,864,157.30543537970962,11.067870889600192,High
51171,All,2020 or later,177,75.17978451685,25.820337099874646,Medium
51173,All,1939 or earlier,1110,188.48076824970764,10.32234005584532,High
51173,All,1940 to 1949,670,150.07331541616585,13.616414772595913,High
51173,All,1950 to 1959,1620,231.70886905770354,8.694842923100438,High
51173,All,1960 to 1969,1789,272.8607703573381,9.271817145213253,High
51173,All,1970 to 1979,2191,272.2535582871232,7.553796570028071,High
51173,All,1980 to 1989,1825,291.92636057745796,9.723990859056766,High
51173,All,1990 to 1999,1672,264.8471257159496,9.629263889266792,High
51173,All,2000 to 2009,1036,231.81242417092315,13.602259342744667,High
51173,All,2010 to 2019,590,155.6181223379848,16.034013944462913,Medium
51173,All,2020 or later,27,37.53664875824692,84.51344986659218,Low
51175,All,1939 or earlier,778,192.00260414900626,15.002430372399516,Medium
51175,All,1940 to 1949,237,100.34440691936945,25.738244499857505,Medium
51175,All,1950 to 1959,646,171.618763542918,16.149770252563638,Medium
51175,All,1960 to 1969,551,139.8070098385628,15.424512473983507,Medium
51175,All,1970 to 1979,1108,265.27155897306443,14.554089022256726,High
51175,All,1980 to 1989,848,190.541334098405,13.659268659918922,High
51175,All,1990 to 1999,1160,237.35627229968034,12.438752347745536,High
51175,All,2000 to 2009,1115,212.03773249117714,11.560387230835506,High
51175,All,2010 to 2019,403,161.1862276995153,24.31403194876048,Medium
51175,All,2020 or later,41,51.478150704935004,76.326118622485,Low
51177,All,1939 or earlier,746,213.58136622842358,17.404382948444272,Medium
51177,All,1940 to 1949,714,347.2074307960589,29.561393135642245,Medium
51177,All,1950 to 1959,1186,229.0087334579186,11.73819861186582,High
51177,All,1960 to 1969,1083,223.55536227073597,12.548468723361369,High
51177,All,1970 to 1979,4865,476.3297177376192,5.9519452917229545,High
51177,All,1980 to 1989,9479,708.3741948998425,4.542911814340787,High
51177,All,1990 to 1999,12233,730.0171230868492,3.627723421334286,High
51177,All,2000 to 2009,12679,799.6424200853779,3.8339365457967283,High
51177,All,2010 to 2019,7106,563.3063109889681,4.818962108214285,High
51177,All,2020 or later,1198,231.36551169091732,11.740210974263961,High
51179,All,1939 or earlier,923,237.87601812709073,15.66689947390337,Medium
51179,All,1940 to 1949,442,122.03687967167957,16.784288007217754,Medium
51179,All,1950 to 1959,1362,244.23349483639626,10.900896448383891,High
51179,All,1960 to 1969,1703,356.14042174400817,12.71278547401629,High
51179,All,1970 to 1979,5892,589.1018587646792,6.078014790697387,High
51179,All,1980 to 1989,7813,600.0941592783586,4.66912685294098,High
51179,All,1990 to 1999,10948,729.1035591738666,4.048447644592712,High
51179,All,2000 to 2009,12259,758.4517123719875,3.7610316562757937,High
51179,All,2010 to 2019,9131,677.8443774200683,4.512796531805831,High
51179,All,2020 or later,836,221.93918085818015,16.13844918327105,Medium
51181,All,1939 or earlier,258,75,17.67159115006715,Medium
51181,All,1940 to 1949,191,88.19297024139736,28.069501501105158,Medium
51181,All,1950 to 1959,182,74.81310045707235,24.988510122940763,Medium
51181,All,1960 to 1969,169,77.23341245859851,27.781303378931497,Medium
51181,All,1970 to 1979,335,112.43220179290273,20.402341204537084,Medium
51181,All,1980 to 1989,453,131.06105447462264,17.587720428433563,Medium
51181,All,1990 to 1999,495,134.73678042761748,16.546839879354945,Medium
51181,All,2000 to 2009,376,111.75866856758807,18.068723496020837,Medium
51181,All,2010 to 2019,273,94.92101980067429,21.13653758212238,Medium
51181,All,2020 or later,23,32.202484376209235,85.11294932260931,Low
51183,All,1939 or earlier,269,76.84399781375251,17.365678989785994,Medium
51183,All,1940 to 1949,158,80.60397012554654,31.012261985128138,Low
51183,All,1950 to 1959,475,157.4102919125684,20.145294117749916,Medium
51183,All,1960 to 1969,258,97.94896630388705,23.07885448125328,Medium
51183,All,1970 to 1979,819,164.78470802838473,12.231144662917172,High
51183,All,1980 to 1989,393,123.23960402403117,19.063026060006212,Medium
51183,All,1990 to 1999,466,122.88612614937456,16.030646405334746,Medium
51183,All,2000 to 2009,455,107.44766167767449,14.35554449750152,High
51183,All,2010 to 2019,384,162.60996279441184,25.74245864906469,Medium
51183,All,2020 or later,28,40.8166632639171,88.61629019521732,Low
51185,All,1939 or earlier,1911,366.10381041447795,11.64602343541321,High
51185,All,1940 to 1949,1348,240.4828476211973,10.84496891133086,High
51185,All,1950 to 1959,1799,259.3260495977988,8.76292467776927,High
51185,All,1960 to 1969,1467,300.0833217624732,12.435001513021973,High
51185,All,1970 to 1979,3226,374.1577207542295,7.05057352691429,High
51185,All,1980 to 1989,2176,308.1379561170613,8.608359671605728,High
51185,All,1990 to 1999,2197,304.8688242506931,8.435620949005983,High
51185,All,2000 to 2009,1091,237.89283301520456,13.255334918479436,High
51185,All,2010 to 2019,689,169.17742166140255,14.926475678279393,High
51185,All,2020 or later,47,38.3275357934736,49.57322097067012,Low
51187,All,1939 or earlier,1272,263.0589287593181,12.571874403056626,High
51187,All,1940 to 1949,624,172.19175357722565,16.774974045010683,Medium
51187,All,1950 to 1959,1165,211.7663807123312,11.05007400301766,High
51187,All,1960 to 1969,925,216.453228204155,14.22513616719987,High
51187,All,1970 to 1979,2540,422.09596065349876,10.102097998073349,High
51187,All,1980 to 1989,2244,373.48360071092816,10.117722930473919,High
51187,All,1990 to 1999,2981,451.0088690923938,9.197233320500837,High
51187,All,2000 to 2009,2518,405.62667565139253,9.792754795294972,High
51187,All,2010 to 2019,918,216.96543503516867,14.367525215723933,High
51187,All,2020 or later,170,110.60289327137876,39.55047140045727,Low
51191,All,1939 or earlier,1702,292.9607482240582,10.463668640292957,High
51191,All,1940 to 1949,814,208.71032557111303,15.586680326140046,Medium
51191,All,1950 to 1959,1366,269.3566409056959,11.987016021116204,High
51191,All,1960 to 1969,2019,275.7535131235865,8.30269019161692,High
51191,All,1970 to 1979,4470,476.82806125478817,6.484677468225021,High
51191,All,1980 to 1989,2918,356.1179579858337,7.418954107006584,High
51191,All,1990 to 1999,4343,453.3927657120259,6.346274523612758,High
51191,All,2000 to 2009,2955,385.87562763149475,7.938235181861556,High
51191,All,2010 to 2019,1425,258.11818998280614,11.011280967644906,High
51191,All,2020 or later,106,64.8459713474939,37.18872016258181,Low
51193,All,1939 or earlier,542,219.4196891803468,24.609931603130004,Medium
51193,All,1940 to 1949,599,217.04377438664304,22.02696230157081,Medium
51193,All,1950 to 1959,585,157.95252451290546,16.41363619493471,Medium
51193,All,1960 to 1969,598,204.47493733951845,20.786099291408895,Medium
51193,All,1970 to 1979,970,257.1575392633862,16.11616201945202,Medium
51193,All,1980 to 1989,1048,254.9215565620138,14.786976296550606,High
51193,All,1990 to 1999,1057,201.40506448448608,11.583225133039027,High
51193,All,2000 to 2009,1794,324.7291178813505,11.003551788004948,High
51193,All,2010 to 2019,777,276.55198426335687,21.636641925209723,Medium
51193,All,2020 or later,59,48.75448697299562,50.2338745793577,Low
51195,All,1939 or earlier,1337,223.00672635595546,10.139596035944713,High
51195,All,1940 to 1949,1010,243.08229059312404,14.630731625575494,High
51195,All,1950 to 1959,1020,262.0686932847951,15.618850544418326,Medium
51195,All,1960 to 1969,1066,266.8501452126268,15.21753595309151,Medium
51195,All,1970 to 1979,2701,345.9147293770533,7.785357654928059,High
51195,All,1980 to 1989,1902,311.7851824574093,9.965040237836648,High
51195,All,1990 to 1999,2325,357.9678756536681,9.359554875410481,High
51195,All,2000 to 2009,1686,320.3388830597997,11.550111703382393,High
51195,All,2010 to 2019,977,298.6000669792289,18.579303741633804,Medium
51195,All,2020 or later,31,41.036569057366385,80.47175028407958,Low
51197,All,1939 or earlier,1460,285.00175438056516,11.866667543013913,High
51197,All,1940 to 1949,853,210.48752932181043,15.000696937453753,Medium
51197,All,1950 to 1959,619,156.31058825300352,15.350829433982993,Medium
51197,All,1960 to 1969,1198,280.56015397771654,14.236501259836126,High
51197,All,1970 to 1979,2138,361.13709308239163,10.268298727680376,High
51197,All,1980 to 1989,1498,270.2979837142704,10.968950848924012,High
51197,All,1990 to 1999,1943,276.63152387246106,8.654918173177537,High
51197,All,2000 to 2009,1838,326.9281266578329,10.812867384524374,High
51197,All,2010 to 2019,793,221.75887806353998,16.999726180334765,Medium
51197,All,2020 or later,56,51.03920062069938,55.40512442542269,Low
51199,All,1939 or earlier,241,103.24727599312246,26.04327863716845,Medium
51199,All,1940 to 1949,229,102.82509421342633,27.29591967545595,Medium
51199,All,1950 to 1959,1603,276.62610144380807,10.490440660987398,High
51199,All,1960 to 1969,2168,303.2655601943617,8.503503858117568,High
51199,All,1970 to 1979,2895,369.4008662686107,7.756815099266856,High
51199,All,1980 to 1989,4772,463.3281774293465,5.902314889404843,High
51199,All,1990 to 1999,5884,542.4039085404897,5.603820866442093,High
51199,All,2000 to 2009,5104,520.8886637276722,6.203950697559721,High
51199,All,2010 to 2019,3178,487.46794766425415,9.324515383387196,High
51199,All,2020 or later,371,114.12712210513327,18.70032068182326,Medium
51510,All,1939 or earlier,6575,529.0831692654757,4.891727846942348,High
51510,All,1940 to 1949,7578,684.3814725721321,5.49006821515916,High
51510,All,1950 to 1959,7812,652.8713502674168,5.0804183281851225,High
51510,All,1960 to 1969,11060,785.7359607399931,4.3187254969577,High
51510,All,1970 to 1979,12486,926.1884257536368,4.509310248772907,High
51510,All,1980 to 1989,7338,657.0312016944097,5.44305076124044,High
51510,All,1990 to 1999,7018,635.897004238894,5.508172248684833,High
51510,All,2000 to 2009,8391,760.9080102088557,5.512549885797133,High
51510,All,2010 to 2019,6485,529.1672703408631,4.960404490520448,High
51510,All,2020 or later,606,160.9751533622503,16.14805876014428,Medium
51520,All,1939 or earlier,1176,254.568261965234,13.159246839796642,High
51520,All,1940 to 1949,466,159.53056133543816,20.81095807759737,Medium
51520,All,1950 to 1959,1070,240.36014644695155,13.655662667781243,High
51520,All,1960 to 1969,1269,271.01660465735307,12.982800264303703,High
51520,All,1970 to 1979,1182,303.9605237526742,15.632693222690625,Medium
51520,All,1980 to 1989,975,273.3587386567329,17.043643591722105,Medium
51520,All,1990 to 1999,448,194.3707796969493,26.374671582847007,Medium
51520,All,2000 to 2009,586,197.0913493789111,20.445797003943184,Medium
51520,All,2010 to 2019,155,95.88013350011565,37.60373899406438,Low
51520,All,2020 or later,0,21,Inf,Low
51530,All,1939 or earlier,238,122.28654872879518,31.234591384331228,Low
51530,All,1940 to 1949,91,73.49829930005184,49.098700223823,Low
51530,All,1950 to 1959,579,198.07069445023916,20.795806043355242,Medium
51530,All,1960 to 1969,268,122.09013064126027,27.693628508202213,Medium
51530,All,1970 to 1979,356,197.3854097951518,33.70537375689898,Low
51530,All,1980 to 1989,443,145.67086187704115,19.989552015072853,Medium
51530,All,1990 to 1999,286,126.11502686040232,26.806178260123353,Medium
51530,All,2000 to 2009,226,111.22050170719426,29.91648107894511,Medium
51530,All,2010 to 2019,124,70.2353187506115,34.432453549667365,Low
51530,All,2020 or later,0,19,Inf,Low
51540,All,1939 or earlier,3228,407.03439658092776,7.665344583317848,High
51540,All,1940 to 1949,1395,250.42763425788297,10.912949385359479,High
51540,All,1950 to 1959,3052,383.10311927730373,7.630715406655534,High
51540,All,1960 to 1969,2931,393.2085960403206,8.155325185244838,High
51540,All,1970 to 1979,2008,321.21799451462863,9.724566612414435,High
51540,All,1980 to 1989,1600,302.77549438486597,11.503628206111928,High
51540,All,1990 to 1999,1304,270.1851217221259,12.595573205760434,High
51540,All,2000 to 2009,1966,310.0096772683072,9.58574419441469,High
51540,All,2010 to 2019,2121,329.6209944769902,9.447312788370175,High
51540,All,2020 or later,94,67.35725647619564,43.56027709771431,Low
51550,All,1939 or earlier,2004,355.38289210371397,10.780350912270109,High
51550,All,1940 to 1949,1628,344.379151517626,12.85927692126487,High
51550,All,1950 to 1959,4975,575.8758546770302,7.0367137166321605,High
51550,All,1960 to 1969,8414,733.3048479316088,5.298051141653539,High
51550,All,1970 to 1979,11603,915.9132054949312,4.798639517004333,High
51550,All,1980 to 1989,19304,1136.2328106510568,3.5781135196354628,High
51550,All,1990 to 1999,18395,1068.9901776910767,3.532710265331043,High
51550,All,2000 to 2009,12342,891.8520056601319,4.3927991732095855,High
51550,All,2010 to 2019,12393,959.6301370840747,4.7071878113567625,High
51550,All,2020 or later,1303,343.2083915058022,16.012073681068106,Medium
51570,All,1939 or earlier,337,117.5967686630887,21.212877555958386,Medium
51570,All,1940 to 1949,424,127.88275880665071,18.334971440994824,Medium
51570,All,1950 to 1959,1286,246.40211038057285,11.647629622758672,High
51570,All,1960 to 1969,1605,281.092511461974,10.646536240736076,High
51570,All,1970 to 1979,1885,304.7950130825634,9.829481285869516,High
51570,All,1980 to 1989,750,164.02743672934722,13.29503033267252,High
51570,All,1990 to 1999,654,204.50183373260984,19.00874987057526,Medium
51570,All,2000 to 2009,487,171.7032323516363,21.43303175594469,Medium
51570,All,2010 to 2019,85,70.3420215802759,50.3071851101562,Low
51570,All,2020 or later,32,43.41658669218482,82.47831818424169,Low
51580,All,1939 or earlier,829,143.38758663147937,10.514560453432331,High
51580,All,1940 to 1949,320,104.06248123122954,19.76870844058312,Medium
51580,All,1950 to 1959,440,119.20570456148481,16.469425885808896,Medium
51580,All,1960 to 1969,296,125.64234954823155,25.80348918677227,Medium
51580,All,1970 to 1979,208,96.17692030835673,28.108756227600168,Medium
51580,All,1980 to 1989,172,94.93682109698007,33.55369375025803,Low
51580,All,1990 to 1999,130,84.72307831990054,39.61799313532875,Low
51580,All,2000 to 2009,87,72.44998274671983,50.62361230249787,Low
51580,All,2010 to 2019,11,24.20743687382041,133.77970087770328,Low
51580,All,2020 or later,0,19,Inf,Low
51590,All,1939 or earlier,2813,321.2740263388872,6.942885157359659,High
51590,All,1940 to 1949,2077,304.59973736035954,8.915118613043994,High
51590,All,1950 to 1959,3586,453.45451811620535,7.68701176843085,High
51590,All,1960 to 1969,3119,426.8782027698299,8.319988047954539,High
51590,All,1970 to 1979,3635,429.2004193846972,7.177774664331449,High
51590,All,1980 to 1989,1126,210.2974084481309,11.353496436703661,High
51590,All,1990 to 1999,1258,252.42028444639706,12.19769327713682,High
51590,All,2000 to 2009,622,164.05486887014357,16.033666168565325,Medium
51590,All,2010 to 2019,368,151.24152868838638,24.983733429428174,Medium
51590,All,2020 or later,28,27.586228448267445,59.891941919816425,Low
51595,All,1939 or earlier,426,136.82105101189657,19.52438760390664,Medium
51595,All,1940 to 1949,164,87.72684879784524,32.5179215649215,Low
51595,All,1950 to 1959,409,170.07351351694948,25.278277289400265,Medium
51595,All,1960 to 1969,310,130.17296186228538,25.526612778171458,Medium
51595,All,1970 to 1979,315,113.21660655575224,21.84910629724557,Medium
51595,All,1980 to 1989,166,96.93296652842108,35.49747922819097,Low
51595,All,1990 to 1999,241,121.91800523302537,30.752816969068945,Low
51595,All,2000 to 2009,168,90.13878188659973,32.61643576733237,Low
51595,All,2010 to 2019,20,38.07886552931954,115.74123261191349,Low
51595,All,2020 or later,0,19,Inf,Low
51600,All,1939 or earlier,62,54.120236510939236,53.064257781095435,Low
51600,All,1940 to 1949,291,129.3213052826177,27.015386683090004,Medium
51600,All,1950 to 1959,2511,332.6048706799105,8.05222663272266,High
51600,All,1960 to 1969,2537,325.0384592629002,7.788402386632853,High
51600,All,1970 to 1979,831,188.52055590836773,13.790873844335035,High
51600,All,1980 to 1989,779,175.410946066658,13.688420277470376,High
51600,All,1990 to 1999,685,195.18196638009363,17.321408948159085,Medium
51600,All,2000 to 2009,614,157.00318468107582,15.544408055312795,Medium
51600,All,2010 to 2019,727,202.9507329378241,16.97033091296824,Medium
51600,All,2020 or later,121,88.29496021857646,44.35929574647767,Low
51610,All,1939 or earlier,342,116.01724009818541,20.621987610548604,Medium
51610,All,1940 to 1949,885,226.81490250863146,15.579819175287652,Medium
51610,All,1950 to 1959,809,194.07730418572905,14.583451684185816,High
51610,All,1960 to 1969,883,212.7580785775243,14.64736330467247,High
51610,All,1970 to 1979,819,182.00274723201295,13.509153592453762,High
51610,All,1980 to 1989,247,106.00471687618433,26.089294482405112,Medium
51610,All,1990 to 1999,286,111.22050170719426,23.64029623720838,Medium
51610,All,2000 to 2009,911,188.13824704190267,12.554309005562054,High
51610,All,2010 to 2019,766,204.47493733951845,16.227268115225222,Medium
51610,All,2020 or later,105,54.56189146281496,31.588879121618156,Low
51620,All,1939 or earlier,330,129.40247292845683,23.837611297495965,Medium
51620,All,1940 to 1949,132,80.23091673413684,36.948934666177045,Low
51620,All,1950 to 1959,876,202.08908926510605,14.024030843784685,High
51620,All,1960 to 1969,414,146.23952953972466,21.473287452788373,Medium
51620,All,1970 to 1979,363,124.73972903610141,20.88970317199652,Medium
51620,All,1980 to 1989,266,109.288608738514,24.976257224790093,Medium
51620,All,1990 to 1999,493,157.610278852618,19.4344258959929,Medium
51620,All,2000 to 2009,365,174.6568063374571,29.088863111538842,Medium
51620,All,2010 to 2019,139,87.36704184073076,38.20911059925685,Low
51620,All,2020 or later,10,27.586228448267445,167.697437375486,Low
51630,All,1939 or earlier,1561,226.55683613610074,8.822839234303501,High
51630,All,1940 to 1949,426,143.6697602141801,20.501699589620003,Medium
51630,All,1950 to 1959,529,139.70325694127536,16.05406277156249,Medium
51630,All,1960 to 1969,933,274.1331793125378,17.86134079447856,Medium
51630,All,1970 to 1979,1633,381.43544670101124,14.199366288424766,High
51630,All,1980 to 1989,887,210.20228352708256,14.406149174471002,High
51630,All,1990 to 1999,1117,308.01623333843946,16.763107506180496,Medium
51630,All,2000 to 2009,1825,355.30831681794336,11.83522727461193,High
51630,All,2010 to 2019,2332,409.4887055829501,10.674498469371558,High
51630,All,2020 or later,200,100.70253224224304,30.608672414055633,Low
51640,All,1939 or earlier,223,100.43903623591775,27.37989456728986,Medium
51640,All,1940 to 1949,290,116.03878661895772,24.324239936895022,Medium
51640,All,1950 to 1959,322,127.5617497528158,24.08234056765576,Medium
51640,All,1960 to 1969,468,202.05444810743464,26.245609345521864,Medium
51640,All,1970 to 1979,658,200.84820138602188,18.555649096555083,Medium
51640,All,1980 to 1989,264,98.85848471426213,22.76376639823665,Medium
51640,All,1990 to 1999,212,88.86506625215557,25.48175324085438,Medium
51640,All,2000 to 2009,231,114.94781424629178,30.249822825640276,Low
51640,All,2010 to 2019,56,43.278170016764804,46.98021061307512,Low
51640,All,2020 or later,5,26.870057685088806,326.68763142965116,Low
51650,All,1939 or earlier,3541,363.00137740785505,6.231842144567117,High
51650,All,1940 to 1949,3319,541.6871790987858,9.921455799734344,High
51650,All,1950 to 1959,7255,615.2089076078141,5.154888737106694,High
51650,All,1960 to 1969,11666,880.4209220594431,4.587778904219328,High
51650,All,1970 to 1979,7403,670.0835768767953,5.502440084273691,High
51650,All,1980 to 1989,8887,858.972642172031,5.875681545511003,High
51650,All,1990 to 1999,6826,707.6722405181653,6.302313080757423,High
51650,All,2000 to 2009,4328,577.6400263139666,8.113423109208528,High
51650,All,2010 to 2019,4179,560.1321272699862,8.148022312604944,High
51650,All,2020 or later,336,155.90060936378666,28.206073484546724,Medium
51660,All,1939 or earlier,1117,254.9215565620138,13.873546247793225,High
51660,All,1940 to 1949,521,155.62133529821674,18.157895477859007,Medium
51660,All,1950 to 1959,1247,317.6161204976851,15.483537169946354,Medium
51660,All,1960 to 1969,1363,291.9075196016711,13.019176793621753,High
51660,All,1970 to 1979,2483,402.61271713645607,9.857002501789214,High
51660,All,1980 to 1989,2923,430.88977708922266,8.961309415613151,High
51660,All,1990 to 1999,2732,430.6332546378647,9.582105912095857,High
51660,All,2000 to 2009,3187,444.63917956023624,8.481247994755217,High
51660,All,2010 to 2019,1626,274.1678318111007,10.250146061571677,High
51660,All,2020 or later,132,65.60487786742691,30.213170243818233,Low
51670,All,1939 or earlier,1194,332.0993827154757,16.908218026071374,Medium
51670,All,1940 to 1949,604,208.03124765284662,20.93754379645792,Medium
51670,All,1950 to 1959,1186,260.4496112494699,13.349749675775122,High
51670,All,1960 to 1969,1550,378.27238863020386,14.835665795870334,High
51670,All,1970 to 1979,2359,394.13830060018273,10.156750789518064,High
51670,All,1980 to 1989,984,266.9082239272518,16.489251978603047,Medium
51670,All,1990 to 1999,469,238.92467432226417,30.96864885156469,Low
51670,All,2000 to 2009,708,234.07904647789388,20.09848766832328,Medium
51670,All,2010 to 2019,303,133.4053971921676,26.764853429668385,Medium
51670,All,2020 or later,61,65.92419889539804,65.69754237420702,Low
51678,All,1939 or earlier,655,199.21094347449892,18.488683586579633,Medium
51678,All,1940 to 1949,61,53.25410782277739,53.071012828519,Low
51678,All,1950 to 1959,301,137.82960494755835,27.836210594383132,Medium
51678,All,1960 to 1969,425,169.03549923019128,24.178151150393887,Medium
51678,All,1970 to 1979,187,98.41239759298622,31.992067224610704,Low
51678,All,1980 to 1989,166,121.2023102090055,44.385069838871175,Low
51678,All,1990 to 1999,213,120.43255373859678,34.37149242650136,Low
51678,All,2000 to 2009,40,46.8187996428785,71.15319094662387,Low
51678,All,2010 to 2019,0,19,Inf,Low
51678,All,2020 or later,13,27.586228448267445,128.99802875037383,Low
51680,All,1939 or earlier,4550,518.201698183246,6.9234336241457095,High
51680,All,1940 to 1949,1684,277.79488836189915,10.028044688861343,High
51680,All,1950 to 1959,3815,450.8214724256155,7.183633193650333,High
51680,All,1960 to 1969,3844,532.0845797427322,8.414559614363398,High
51680,All,1970 to 1979,4730,551.931155127159,7.093455793739231,High
51680,All,1980 to 1989,2627,401.6017928246835,9.293293812898867,High
51680,All,1990 to 1999,1841,290.9518860567843,9.607302957682386,High
51680,All,2000 to 2009,3314,465.02150487907545,8.530109985253231,High
51680,All,2010 to 2019,2073,328.01371922527875,9.618930883695825,High
51680,All,2020 or later,209,123.69316876852982,35.97771084438266,Low
51683,All,1939 or earlier,332,101.11874208078342,18.515168652869853,Medium
51683,All,1940 to 1949,114,54.378304497290095,28.99712285889729,Medium
51683,All,1950 to 1959,569,202.6079958935481,21.64603777688667,Medium
51683,All,1960 to 1969,1876,339.4142012350102,10.998444638563917,High
51683,All,1970 to 1979,1992,304.2367499169027,9.284455448447366,High
51683,All,1980 to 1989,4616,497.64646085348585,6.553740140722186,High
51683,All,1990 to 1999,2296,344.81589290518497,9.129552463520142,High
51683,All,2000 to 2009,978,227.24656213021134,14.125133616164206,High
51683,All,2010 to 2019,1101,241.23018053303363,13.319208596387016,High
51683,All,2020 or later,167,90.69729874698585,33.01505150682921,Low
51685,All,1939 or earlier,47,50.566787519082126,65.40359247116618,Low
51685,All,1940 to 1949,37,46.06517122512408,75.68417189702468,Low
51685,All,1950 to 1959,933,188.95766721676048,12.311670182909038,High
51685,All,1960 to 1969,303,117.78370006074695,23.630704116032568,Medium
51685,All,1970 to 1979,181,96.20810776644555,32.31224966546728,Low
51685,All,1980 to 1989,335,100.65783625729296,18.265723587042228,Medium
51685,All,1990 to 1999,1141,251.78165143631892,13.41443949803105,High
51685,All,2000 to 2009,1782,378.27238863020386,12.90419864399496,High
51685,All,2010 to 2019,406,167.72000476985446,25.11267234190104,Medium
51685,All,2020 or later,0,21,Inf,Low
51690,All,1939 or earlier,907,218.69156362329116,14.657464142337117,High
51690,All,1940 to 1949,622,165.46903033498444,16.171877201202555,Medium
51690,All,1950 to 1959,1473,289.110705439975,11.9315131512091,High
51690,All,1960 to 1969,996,165.46903033498444,10.099304838501999,High
51690,All,1970 to 1979,760,190.23406634985227,15.216290701475947,Medium
51690,All,1980 to 1989,319,144.4506836259351,27.52726198434224,Medium
51690,All,1990 to 1999,315,114.63420083029322,22.12268072182047,Medium
51690,All,2000 to 2009,202,104.23531071570709,31.36877748825035,Low
51690,All,2010 to 2019,25,35,85.1063829787234,Low
51690,All,2020 or later,0,21,Inf,Low
51700,All,1939 or earlier,3324,425.11645463331575,7.774652698680605,High
51700,All,1940 to 1949,3321,469.0458399772884,8.585794917986004,High
51700,All,1950 to 1959,7656,620.3458712686013,4.9256785807075145,High
51700,All,1960 to 1969,10912,765.8048054171506,4.2662649937669395,High
51700,All,1970 to 1979,12265,805.9007383046625,3.9943682299803482,High
51700,All,1980 to 1989,13016,871.6249193317043,4.070860270789957,High
51700,All,1990 to 1999,10946,776.7219579746668,4.313643367660457,High
51700,All,2000 to 2009,8001,722.5192038970314,5.489581309152705,High
51700,All,2010 to 2019,6073,613.2943828211702,6.139030677128074,High
51700,All,2020 or later,284,117.51595636338071,25.15432089630993,Medium
51710,All,1939 or earlier,14370,847.4963126763444,3.5852145223028575,High
51710,All,1940 to 1949,9386,660.0189391222043,4.2747423675188765,High
51710,All,1950 to 1959,18723,978.7185499417083,3.177726239679228,High
51710,All,1960 to 1969,11820,786.0089058019636,4.042444704004668,High
51710,All,1970 to 1979,9785,767.479641423797,4.768042652119642,High
51710,All,1980 to 1989,10031,705.6415520645025,4.276357589736271,High
51710,All,1990 to 1999,5801,624.7639554263674,6.547073221589689,High
51710,All,2000 to 2009,6593,615.7052866428872,5.6770654944697005,High
51710,All,2010 to 2019,7394,661.7099062277971,5.440292969225824,High
51710,All,2020 or later,554,160.51479682571323,17.613246225375356,Medium
51720,All,1939 or earlier,240,121.16517651536682,30.690267607742356,Low
51720,All,1940 to 1949,113,54.12947441089743,29.119872184897883,Medium
51720,All,1950 to 1959,185,91.02197536858887,29.909463688027227,Medium
51720,All,1960 to 1969,81,45.65084884205331,34.26083443435274,Low
51720,All,1970 to 1979,372,124.03628501370073,20.26935402387501,Medium
51720,All,1980 to 1989,251,110.9414259868693,26.869161890279447,Medium
51720,All,1990 to 1999,166,123.0447073221762,45.059767576876325,Low
51720,All,2000 to 2009,131,97.20082304178294,45.105836813746464,Low
51720,All,2010 to 2019,14,27.294688127912362,118.51796842341452,Low
51720,All,2020 or later,0,13,Inf,Low
51730,All,1939 or earlier,2046,371.06603185956,11.025027167237429,High
51730,All,1940 to 1949,1135,230.8679276123039,12.365219801684663,High
51730,All,1950 to 1959,2198,358.1312608527773,9.904866840890927,High
51730,All,1960 to 1969,1876,333.29416436535456,10.800129758243775,High
51730,All,1970 to 1979,2895,467.8226159560908,9.823511157085441,High
51730,All,1980 to 1989,1458,357.8407467016578,14.919915556625337,High
51730,All,1990 to 1999,986,335.5607247578298,20.688466787784595,Medium
51730,All,2000 to 2009,1139,265.9793225045887,14.19574694938976,High
51730,All,2010 to 2019,1029,279.25078334715556,16.497309533979966,Medium
51730,All,2020 or later,92,97.12363255150623,64.17578469109702,Low
51735,All,1939 or earlier,374,122.44182292011173,19.90179655090157,Medium
51735,All,1940 to 1949,355,128.76334882255898,22.049462532224666,Medium
51735,All,1950 to 1959,251,114.62111498323509,27.76035432331103,Medium
51735,All,1960 to 1969,502,160.3527361787132,19.418100991621742,Medium
51735,All,1970 to 1979,1047,181.8350901228913,10.557597775255473,High
51735,All,1980 to 1989,942,214.24518664371436,13.825927286812279,High
51735,All,1990 to 1999,468,137.88400922514546,17.910270597919812,Medium
51735,All,2000 to 2009,452,137.35355838128112,18.472921212212,Medium
51735,All,2010 to 2019,246,115.25623627379127,28.48153712254214,Medium
51735,All,2020 or later,20,40.8166632639171,124.06280627330423,Low
51740,All,1939 or earlier,4513,502.4390510300727,6.767872226335303,High
51740,All,1940 to 1949,5009,536.4848553314437,6.510892616165598,High
51740,All,1950 to 1959,6557,617.3013850624345,5.723031884182657,High
51740,All,1960 to 1969,5914,585.6423823460867,6.019844543277214,High
51740,All,1970 to 1979,5789,630.3467299827929,6.619269329923935,High
51740,All,1980 to 1989,3884,491.0407315080899,7.6855047362586415,High
51740,All,1990 to 1999,3107,471.0689970694314,9.216740648764118,High
51740,All,2000 to 2009,2584,395.9040287746514,9.31389868855457,High
51740,All,2010 to 2019,2206,343.0830803172899,9.45426759066293,High
51740,All,2020 or later,115,65.73431371817918,34.74788619964539,Low
51750,All,1939 or earlier,499,139.9428454762872,17.048424566614955,Medium
51750,All,1940 to 1949,668,179.0111728356641,16.290625997457738,Medium
51750,All,1950 to 1959,586,164.7573974060042,17.09154822307792,Medium
51750,All,1960 to 1969,469,143.4015341619468,18.587246247522287,Medium
51750,All,1970 to 1979,872,198.76870981117727,13.856885600734593,High
51750,All,1980 to 1989,922,192.50974001333023,12.69275461784084,High
51750,All,1990 to 1999,614,163.97560794215707,16.234726487545622,Medium
51750,All,2000 to 2009,638,165.6804152578089,15.78645417936074,Medium
51750,All,2010 to 2019,199,97.57561170702442,29.807277025560758,Medium
51750,All,2020 or later,33,37.64306044943742,69.34339218833456,Low
51760,All,1939 or earlier,29063,1209.3444505185444,2.5295523507804485,High
51760,All,1940 to 1949,9544,828.0899709572626,5.274498728380488,High
51760,All,1950 to 1959,14701,909.8241588351015,3.7622243047176096,High
51760,All,1960 to 1969,11347,853.8225811021866,4.5742582421511555,High
51760,All,1970 to 1979,8393,777.4734722162551,5.631219475603349,High
51760,All,1980 to 1989,7669,848.6648337241269,6.727157047808446,High
51760,All,1990 to 1999,5971,796.0056532462568,8.104069906740294,High
51760,All,2000 to 2009,5822,608.9671583919777,6.358515998867912,High
51760,All,2010 to 2019,8579,904.0984459670308,6.4063867411235735,High
51760,All,2020 or later,1056,266.31184727683444,15.330653453810585,Medium
51770,All,1939 or earlier,10184,754.9337719296972,4.506346279697918,High
51770,All,1940 to 1949,4509,528.2660314652079,7.122075086102134,High
51770,All,1950 to 1959,7658,691.4658342969666,5.488952366375045,High
51770,All,1960 to 1969,5336,609.400525106436,6.942583325811668,High
51770,All,1970 to 1979,5565,585.9769620044801,6.40102422603801,High
51770,All,1980 to 1989,3408,525.3237097257271,9.370473010505,High
51770,All,1990 to 1999,2893,454.4678206430022,9.54967961956178,High
51770,All,2000 to 2009,2341,387.5358047974406,10.063394953639706,High
51770,All,2010 to 2019,1378,352.0255672532891,15.529557715613091,Medium
51770,All,2020 or later,157,100.18482919085105,38.79148517640836,Low
51775,All,1939 or earlier,1342,247.1214276423637,11.194172271226256,High
51775,All,1940 to 1949,446,147.32277488562318,20.08025064206294,Medium
51775,All,1950 to 1959,1417,275.8278448597966,11.833204053248185,High
51775,All,1960 to 1969,1528,274.8854306797652,10.936099821757397,High
51775,All,1970 to 1979,2149,317.3168763239674,8.976165526171567,High
51775,All,1980 to 1989,1363,261.4000765110829,11.658534232375969,High
51775,All,1990 to 1999,917,200.8706051168264,13.316225773672336,High
51775,All,2000 to 2009,528,142.43595051811886,16.3990916595421,Medium
51775,All,2010 to 2019,395,111.8257573191436,17.209919944464406,Medium
51775,All,2020 or later,55,42.43819034784589,46.905985463217334,Low
51790,All,1939 or earlier,1975,292.75587099151403,9.010992143173068,High
51790,All,1940 to 1949,679,195.50959055759898,17.503801904069455,Medium
51790,All,1950 to 1959,2199,380.5180679021694,10.519234852597254,High
51790,All,1960 to 1969,2341,363.7609104892938,9.446016769631708,High
51790,All,1970 to 1979,1358,236.3810483097154,10.58149380725792,High
51790,All,1980 to 1989,776,171.14321488157222,13.407013981886081,High
51790,All,1990 to 1999,610,194.60986614249546,19.394077048432454,Medium
51790,All,2000 to 2009,864,205.2364490045567,14.44025448923201,High
51790,All,2010 to 2019,525,154.46682491719702,17.885867699197803,Medium
51790,All,2020 or later,29,29.410882339705484,61.65157182623516,Low
51800,All,1939 or earlier,1925,302.65491900843114,9.557649516707254,High
51800,All,1940 to 1949,1273,243.6554944999189,11.635415682740618,High
51800,All,1950 to 1959,2156,335.62181097181394,9.463145501119769,High
51800,All,1960 to 1969,2509,358.40200892294115,8.683681213841506,High
51800,All,1970 to 1979,4064,479.4183976444792,7.171253823990606,High
51800,All,1980 to 1989,3724,400.7455551843339,6.541737896374684,High
51800,All,1990 to 1999,5656,412.2353696615563,4.430675546548802,High
51800,All,2000 to 2009,8654,584.5904549340504,4.106472576126931,High
51800,All,2010 to 2019,6058,607.420776727303,6.095291380156993,High
51800,All,2020 or later,1114,237.24459951703852,12.946287346839533,High
51810,All,1939 or earlier,2036,343.7586362551492,10.263841618500702,High
51810,All,1940 to 1949,2306,428.28028205837353,11.29023222249276,High
51810,All,1950 to 1959,10181,853.3135414371437,5.095095139298715,High
51810,All,1960 to 1969,22219,1183.73392280529,3.2386475082192723,High
51810,All,1970 to 1979,34904,1204.5820852063175,2.0979507930502868,High
51810,All,1980 to 1989,49499,1541.4658607961449,1.893091402965489,High
51810,All,1990 to 1999,23876,1245.3356977136727,3.1707278326919908,High
51810,All,2000 to 2009,19462,1078.7223924624907,3.3694291094968034,High
51810,All,2010 to 2019,14677,1057.4596919031949,4.379864001191182,High
51810,All,2020 or later,640,188.0026595556563,17.857395474511424,Medium
51820,All,1939 or earlier,1174,299.92332353453276,15.530171110356235,Medium
51820,All,1940 to 1949,462,136.7040599250805,17.987612985049868,Medium
51820,All,1950 to 1959,1675,305.94934221207274,11.103727885027364,High
51820,All,1960 to 1969,1574,337.4996296294264,13.034748926492679,High
51820,All,1970 to 1979,1002,245.81497106563708,14.913332669957175,High
51820,All,1980 to 1989,1046,293.47061181658376,17.055601121457556,Medium
51820,All,1990 to 1999,1084,265.2244332636041,14.873676985139141,High
51820,All,2000 to 2009,918,240.69275020241054,15.938756130507748,Medium
51820,All,2010 to 2019,580,193.74725804511402,20.306808305745104,Medium
51820,All,2020 or later,105,60.41522986797286,34.97769857749189,Low
51830,All,1939 or earlier,228,95.13148795220224,25.364338493095033,Medium
51830,All,1940 to 1949,127,78.89233169326408,37.76288523718454,Low
51830,All,1950 to 1959,344,137.6117727521886,24.31818985512628,Medium
51830,All,1960 to 1969,657,158.79546593023366,14.692876428292333,High
51830,All,1970 to 1979,564,158.40454538932903,17.073502919800926,Medium
51830,All,1980 to 1989,826,240.77582935170216,17.72013139469536,Medium
51830,All,1990 to 1999,524,157.8670326572334,18.31446584111388,Medium
51830,All,2000 to 2009,864,195.13328778042973,13.729405027892444,High
51830,All,2010 to 2019,700,206.51876428063383,17.9347602501636,Medium
51830,All,2020 or later,139,111.50784725749125,48.766852794599394,Low
51840,All,1939 or earlier,2101,343.3729750577351,9.935143781807044,High
51840,All,1940 to 1949,1319,344.5489805528381,15.879626066207386,Medium
51840,All,1950 to 1959,1212,282.85685425670704,14.187248801584312,High
51840,All,1960 to 1969,1136,240.66989840858787,12.87886352201442,High
51840,All,1970 to 1979,1492,308.2352997305792,12.558785650340996,High
51840,All,1980 to 1989,1133,239.25091431382242,12.836830123314783,High
51840,All,1990 to 1999,1178,271.6615541441225,14.018998464458459,High
51840,All,2000 to 2009,1153,269.0167281044062,14.183521676209079,High
51840,All,2010 to 2019,501,183.8096841844847,22.30307581608633,Medium
51840,All,2020 or later,30,33.301651610693426,67.48055037627849,Low
