GEOID,type,subtype,estimate,moe,cv,reliability
51001,Householder with no partner,Living alone,4890,426.1079675387448,5.297181985924314,High reliability
51001,Householder with no partner,With children of the householder under 18 years,784,219.40145851839728,17.01208505353245,Medium reliability
51001,Householder with no partner,With only nonrelatives present,80,48.41487374764082,36.7894177413684,Low reliability
51001,Householder with no partner,"With relatives, no children of the householder under 18 years",1190,266.0620228442985,13.591582480360579,High reliability
51001,Married or cohabitating couple,With children of the householder under 18 years,2132,311.51564968713853,8.88232718645787,High reliability
51001,Married or cohabitating couple,With no children of the householder under 18 years,5226,404.594859087458,4.706359005620228,High reliability
51003,Householder with no partner,Living alone,13476,815.6206225936173,3.6792669015709,High reliability
51003,Householder with no partner,With children of the householder under 18 years,2493,412.671782413094,10.062747910882239,High reliability
51003,Householder with no partner,With only nonrelatives present,1597,267.3798795721174,10.177893564571768,High reliability
51003,Householder with no partner,"With relatives, no children of the householder under 18 years",2030,369.13141291415445,11.053989935590891,High reliability
51003,Married or cohabitating couple,With children of the householder under 18 years,9680,508.67376578707103,3.194464604656429,High reliability
51003,Married or cohabitating couple,With no children of the householder under 18 years,15788,818.1466861144155,3.150200206360475,High reliability
51005,Householder with no partner,Living alone,2337,325.41972896553153,8.464849954817804,High reliability
51005,Householder with no partner,With children of the householder under 18 years,258,139.26952286842948,32.81485423727751,Low reliability
51005,Householder with no partner,With only nonrelatives present,34,37.8549864614954,67.68279360181549,Low reliability
51005,Householder with no partner,"With relatives, no children of the householder under 18 years",451,147.41099009232656,19.869521979839,Medium reliability
51005,Married or cohabitating couple,With children of the householder under 18 years,902,159.17600321656528,10.727663834947348,High reliability
51005,Married or cohabitating couple,With no children of the householder under 18 years,2310,229.92390045404153,6.050708573903381,High reliability
51007,Householder with no partner,Living alone,1478,277.91545476997135,11.430687767909948,High reliability
51007,Householder with no partner,With children of the householder under 18 years,94,60.74537019394976,39.28433692941199,Low reliability
51007,Householder with no partner,With only nonrelatives present,55,65.92419889539804,72.86454699684778,Low reliability
51007,Householder with no partner,"With relatives, no children of the householder under 18 years",426,186.81541692269406,26.65859225176506,Medium reliability
51007,Married or cohabitating couple,With children of the householder under 18 years,1129,217.0829334609241,11.688689910964275,High reliability
51007,Married or cohabitating couple,With no children of the householder under 18 years,2103,299.90165054564136,8.669093379284229,High reliability
51009,Householder with no partner,Living alone,3841,447.0011185668331,7.07454316001537,High reliability
51009,Householder with no partner,With children of the householder under 18 years,542,161.54875425084526,18.119175209552065,Medium reliability
51009,Householder with no partner,With only nonrelatives present,252,103.73041983911952,25.02301824651892,Medium reliability
51009,Householder with no partner,"With relatives, no children of the householder under 18 years",1211,202.85216291674092,10.18285588371744,High reliability
51009,Married or cohabitating couple,With children of the householder under 18 years,2063,245.5402207378661,7.23531613558518,High reliability
51009,Married or cohabitating couple,With no children of the householder under 18 years,4793,405.85958162891757,5.147572500029077,High reliability
51011,Householder with no partner,Living alone,1819,264.4617174564213,8.838207888579726,High reliability
51011,Householder with no partner,With children of the householder under 18 years,479,166.41213898030395,21.119497811461816,Medium reliability
51011,Householder with no partner,With only nonrelatives present,109,96.04165762834376,53.563290275421075,Low reliability
51011,Householder with no partner,"With relatives, no children of the householder under 18 years",450,127.06297651164952,17.16487355780473,Medium reliability
51011,Married or cohabitating couple,With children of the householder under 18 years,1427,214.24518664371436,9.126855994517985,High reliability
51011,Married or cohabitating couple,With no children of the householder under 18 years,2279,199.32385707686876,5.316784465987689,High reliability
51013,Householder with no partner,Living alone,45580,1445.6292747450848,1.9280429809708104,High reliability
51013,Householder with no partner,With children of the householder under 18 years,3513,490.1683384307885,8.482057324739781,High reliability
51013,Householder with no partner,With only nonrelatives present,7808,624.4525602477742,4.861762546151513,High reliability
51013,Householder with no partner,"With relatives, no children of the householder under 18 years",4357,591.2165423937324,8.248844467083781,High reliability
51013,Married or cohabitating couple,With children of the householder under 18 years,18358,774.4682046410943,2.5645568155972986,High reliability
51013,Married or cohabitating couple,With no children of the householder under 18 years,31914,1398.3833523036521,2.6636619202550094,High reliability
51015,Householder with no partner,Living alone,7881,606.601186942459,4.679032114422853,High reliability
51015,Householder with no partner,With children of the householder under 18 years,1248,284.541736833105,13.860072131610213,High reliability
51015,Householder with no partner,With only nonrelatives present,496,207.5475849052453,25.43724689984867,Medium reliability
51015,Householder with no partner,"With relatives, no children of the householder under 18 years",1970,387.6867292028449,11.963239757543853,High reliability
51015,Married or cohabitating couple,With children of the householder under 18 years,5739,494.01619406655084,5.232859309725341,High reliability
51015,Married or cohabitating couple,With no children of the householder under 18 years,13310,562.8818703777907,2.5708296679270366,High reliability
51017,Householder with no partner,Living alone,506,142.63590010933433,17.136117364793822,Medium reliability
51017,Householder with no partner,With children of the householder under 18 years,77,56.36488268416781,44.49917710825233,Low reliability
51017,Householder with no partner,With only nonrelatives present,18,33.61547262794322,113.52743204303688,Low reliability
51017,Householder with no partner,"With relatives, no children of the householder under 18 years",69,41.10960958218893,36.21832481581333,Low reliability
51017,Married or cohabitating couple,With children of the householder under 18 years,232,85.15867542417507,22.31387575311159,Medium reliability
51017,Married or cohabitating couple,With no children of the householder under 18 years,879,180.8535318980528,12.507549121380181,High reliability
51019,Householder with no partner,Living alone,8520,621.034620613054,4.43108737968987,High reliability
51019,Householder with no partner,With children of the householder under 18 years,1389,317.00157728314224,13.873731174081296,High reliability
51019,Householder with no partner,With only nonrelatives present,337,130.29965464267354,23.504307566796882,Medium reliability
51019,Householder with no partner,"With relatives, no children of the householder under 18 years",1542,228.10962276940444,8.992766776239142,High reliability
51019,Married or cohabitating couple,With children of the householder under 18 years,6108,435.54678279147004,4.334808132355892,High reliability
51019,Married or cohabitating couple,With no children of the householder under 18 years,14802,576.6185914449862,2.368112546382199,High reliability
51021,Householder with no partner,Living alone,844,190.057885919001,13.689183503003571,High reliability
51021,Householder with no partner,With children of the householder under 18 years,18,33.83784863137726,114.27844860309781,Low reliability
51021,Householder with no partner,With only nonrelatives present,0,19,Inf,Low reliability
51021,Householder with no partner,"With relatives, no children of the householder under 18 years",175,97.40636529508737,33.8363405280373,Low reliability
51021,Married or cohabitating couple,With children of the householder under 18 years,314,118.51160280748886,22.943798580428794,Medium reliability
51021,Married or cohabitating couple,With no children of the householder under 18 years,994,138.6001443000692,8.476399081422835,High reliability
51023,Householder with no partner,Living alone,3672,410.90266487332497,6.8025287044209515,High reliability
51023,Householder with no partner,With children of the householder under 18 years,432,143.0873858870865,20.13500307991198,Medium reliability
51023,Householder with no partner,With only nonrelatives present,78,45.221676218380054,35.24407779470038,Low reliability
51023,Householder with no partner,"With relatives, no children of the householder under 18 years",791,190.26297590440447,14.622172380343029,High reliability
51023,Married or cohabitating couple,With children of the householder under 18 years,2404,282.0638225650358,7.132586079053549,High reliability
51023,Married or cohabitating couple,With no children of the householder under 18 years,5728,413.0399496416781,4.383521565706964,High reliability
51025,Householder with no partner,Living alone,2331,316.07752213657966,8.243002589300016,High reliability
51025,Householder with no partner,With children of the householder under 18 years,479,119.03780911962384,15.107183674146855,Medium reliability
51025,Householder with no partner,With only nonrelatives present,88,68.8839603971781,47.584940865693625,Low reliability
51025,Householder with no partner,"With relatives, no children of the householder under 18 years",660,148.2194319244275,13.651969413689555,High reliability
51025,Married or cohabitating couple,With children of the householder under 18 years,931,246.80559150878247,16.1153377261292,Medium reliability
51025,Married or cohabitating couple,With no children of the householder under 18 years,1901,271.6928412748485,8.688207335280214,High reliability
51027,Householder with no partner,Living alone,2087,310.1032086257735,9.03270670006025,High reliability
51027,Householder with no partner,With children of the householder under 18 years,399,127.41271522104849,19.412164944435325,Medium reliability
51027,Householder with no partner,With only nonrelatives present,41,33.1058907144937,49.08575982577462,Low reliability
51027,Householder with no partner,"With relatives, no children of the householder under 18 years",677,180.6792738528689,16.223844141000114,Medium reliability
51027,Married or cohabitating couple,With children of the householder under 18 years,1259,225.523834660552,10.889321368121658,High reliability
51027,Married or cohabitating couple,With no children of the householder under 18 years,2888,301.51782700198675,6.346728249837643,High reliability
51029,Householder with no partner,Living alone,1741,272.9468812791236,9.53045122302012,High reliability
51029,Householder with no partner,With children of the householder under 18 years,398,141.2267680009707,21.57088909608387,Medium reliability
51029,Householder with no partner,With only nonrelatives present,99,64.89992295835181,39.85135424663155,Low reliability
51029,Householder with no partner,"With relatives, no children of the householder under 18 years",600,142.0211251891774,14.389171751689705,High reliability
51029,Married or cohabitating couple,With children of the householder under 18 years,1031,145.09651959988565,8.55524453786041,High reliability
51029,Married or cohabitating couple,With no children of the householder under 18 years,2193,242.92385638302386,6.73388403231126,High reliability
51031,Householder with no partner,Living alone,6376,619.1163057132319,5.902799496146567,High reliability
51031,Householder with no partner,With children of the householder under 18 years,1163,250.353749722268,13.086047232540723,High reliability
51031,Householder with no partner,With only nonrelatives present,544,170.29386365926402,19.029798817636333,Medium reliability
51031,Householder with no partner,"With relatives, no children of the householder under 18 years",1742,310.8311438707518,10.847020818426635,High reliability
51031,Married or cohabitating couple,With children of the householder under 18 years,4051,451.7012286899384,6.778336523758828,High reliability
51031,Married or cohabitating couple,With no children of the householder under 18 years,8204,569.2187628671423,4.217816224772424,High reliability
51033,Householder with no partner,Living alone,2690,432.8001848428441,9.780684621480978,High reliability
51033,Householder with no partner,With children of the householder under 18 years,744,214.44346574330496,17.521608796884085,Medium reliability
51033,Householder with no partner,With only nonrelatives present,368,169.03549923019128,27.923136518797286,Medium reliability
51033,Householder with no partner,"With relatives, no children of the householder under 18 years",1184,241.5367466867102,12.40125414270877,High reliability
51033,Married or cohabitating couple,With children of the householder under 18 years,2413,340.71835876571134,8.583656127226543,High reliability
51033,Married or cohabitating couple,With no children of the householder under 18 years,4281,387.00129198750744,5.49542499568685,High reliability
51035,Householder with no partner,Living alone,3962,444.8752634166121,6.825867986243356,High reliability
51035,Householder with no partner,With children of the householder under 18 years,537,165.8493292117879,18.77472270372812,Medium reliability
51035,Householder with no partner,With only nonrelatives present,198,119.6202324023825,36.72599318485232,Low reliability
51035,Householder with no partner,"With relatives, no children of the householder under 18 years",973,247.4772716836841,15.4616763048313,Medium reliability
51035,Married or cohabitating couple,With children of the householder under 18 years,1824,266.30809225406574,8.87551632585672,High reliability
51035,Married or cohabitating couple,With no children of the householder under 18 years,4999,447.7287125034534,5.444599102233254,High reliability
51036,Householder with no partner,Living alone,1017,112.43220179290273,6.72053520503434,High reliability
51036,Householder with no partner,With children of the householder under 18 years,110,32.64965543462902,18.04346804897984,Medium reliability
51036,Householder with no partner,With only nonrelatives present,43,23.769728648009426,33.603914113252884,Low reliability
51036,Householder with no partner,"With relatives, no children of the householder under 18 years",347,58.82176467941097,10.304873677007608,High reliability
51036,Married or cohabitating couple,With children of the householder under 18 years,301,59.80802621722272,12.078891277751511,High reliability
51036,Married or cohabitating couple,With no children of the householder under 18 years,1129,96.79876032264049,5.212066536684991,High reliability
51037,Householder with no partner,Living alone,1669,215.41819793137256,7.846214009130289,High reliability
51037,Householder with no partner,With children of the householder under 18 years,401,86.68333173107735,13.14090635585464,High reliability
51037,Householder with no partner,With only nonrelatives present,123,74.2024258363566,36.67305500104114,Low reliability
51037,Householder with no partner,"With relatives, no children of the householder under 18 years",508,131.51805959639154,15.73822602450656,Medium reliability
51037,Married or cohabitating couple,With children of the householder under 18 years,615,102.48902380255166,10.130627306452334,High reliability
51037,Married or cohabitating couple,With no children of the householder under 18 years,1305,196.7587355112855,9.165530541233064,High reliability
51041,Householder with no partner,Living alone,31328,1190.060922810257,2.309248245857259,High reliability
51041,Householder with no partner,With children of the householder under 18 years,8852,854.9415184677839,5.871230092887042,High reliability
51041,Householder with no partner,With only nonrelatives present,2136,375.9414848084739,10.699244242810295,High reliability
51041,Householder with no partner,"With relatives, no children of the householder under 18 years",10822,803.2116782019544,4.51187004633674,High reliability
51041,Married or cohabitating couple,With children of the householder under 18 years,35052,1145.7835746771725,1.9871190500074618,High reliability
51041,Married or cohabitating couple,With no children of the householder under 18 years,48806,1099.4434955922018,1.3694109506345287,High reliability
51043,Householder with no partner,Living alone,1323,239.7185850116757,11.014783340417523,High reliability
51043,Householder with no partner,With children of the householder under 18 years,173,105.08092119885512,36.92426557930148,Low reliability
51043,Householder with no partner,With only nonrelatives present,147,96.93296652842108,40.08558878829728,Low reliability
51043,Householder with no partner,"With relatives, no children of the householder under 18 years",357,117.79643458101778,20.058480342097308,Medium reliability
51043,Married or cohabitating couple,With children of the householder under 18 years,1129,150.7647173578752,8.117828530392456,High reliability
51043,Married or cohabitating couple,With no children of the householder under 18 years,2522,266.9082239272518,6.433554300929975,High reliability
51045,Householder with no partner,Living alone,437,181.3201588351389,25.223116834890963,Medium reliability
51045,Householder with no partner,With children of the householder under 18 years,65,57.14017850864661,53.439493578346145,Low reliability
51045,Householder with no partner,With only nonrelatives present,11,23.021728866442675,127.22701777531182,Low reliability
51045,Householder with no partner,"With relatives, no children of the householder under 18 years",61,46.61544808322666,46.45517772009234,Low reliability
51045,Married or cohabitating couple,With children of the householder under 18 years,286,93.43446901438462,19.859814443935768,Medium reliability
51045,Married or cohabitating couple,With no children of the householder under 18 years,892,178.90779748239035,12.192661379257046,High reliability
51047,Householder with no partner,Living alone,3672,472.3409785313995,7.8196452333174324,High reliability
51047,Householder with no partner,With children of the householder under 18 years,1049,287.4456470360962,16.65767351370077,Medium reliability
51047,Householder with no partner,With only nonrelatives present,191,88.60022573334675,28.19912020666998,Medium reliability
51047,Householder with no partner,"With relatives, no children of the householder under 18 years",2190,488.7739763939975,13.567444626556119,High reliability
51047,Married or cohabitating couple,With children of the householder under 18 years,4071,424.1238026803023,6.33323556537571,High reliability
51047,Married or cohabitating couple,With no children of the householder under 18 years,7411,579.8706752371601,4.756510184172629,High reliability
51049,Householder with no partner,Living alone,1110,205.7619984350852,11.268764119230273,High reliability
51049,Householder with no partner,With children of the householder under 18 years,449,179.0111728356641,24.236387898222205,Medium reliability
51049,Householder with no partner,With only nonrelatives present,38,47.01063709417264,75.20498655282776,Low reliability
51049,Householder with no partner,"With relatives, no children of the householder under 18 years",404,147.10540438746634,22.135093500777383,Medium reliability
51049,Married or cohabitating couple,With children of the householder under 18 years,538,177.61193653580833,20.068918603835925,Medium reliability
51049,Married or cohabitating couple,With no children of the householder under 18 years,1636,239.25927359247748,8.89036472649867,High reliability
51051,Householder with no partner,Living alone,1627,239.00627606822377,8.930090291237486,High reliability
51051,Householder with no partner,With children of the householder under 18 years,258,100,23.562121533422868,Medium reliability
51051,Householder with no partner,With only nonrelatives present,44,29.546573405388315,40.82146090824581,Low reliability
51051,Householder with no partner,"With relatives, no children of the householder under 18 years",589,165.1575005865613,17.045788863362382,Medium reliability
51051,Married or cohabitating couple,With children of the householder under 18 years,1139,205.73040611440985,10.980164764292777,High reliability
51051,Married or cohabitating couple,With no children of the householder under 18 years,2060,210.02142747824567,6.197699043239167,High reliability
51053,Householder with no partner,Living alone,2371,340.82400150224163,8.73841597884882,High reliability
51053,Householder with no partner,With children of the householder under 18 years,482,173.216627377397,21.84623685219854,Medium reliability
51053,Householder with no partner,With only nonrelatives present,139,76.36753236814714,33.39858405376972,Low reliability
51053,Householder with no partner,"With relatives, no children of the householder under 18 years",959,211.15160430363773,13.38473804739852,High reliability
51053,Married or cohabitating couple,With children of the householder under 18 years,2165,329.40097146183405,9.249134025336321,High reliability
51053,Married or cohabitating couple,With no children of the householder under 18 years,4311,449.91110233022704,6.344286473356517,High reliability
51057,Householder with no partner,Living alone,1572,247.67922803497268,9.577918591884291,High reliability
51057,Householder with no partner,With children of the householder under 18 years,251,112.64102272262978,27.280791175148593,Medium reliability
51057,Householder with no partner,With only nonrelatives present,13,18.439088914585774,86.22440455733353,Low reliability
51057,Householder with no partner,"With relatives, no children of the householder under 18 years",253,90.21086409075129,21.675664449884373,Medium reliability
51057,Married or cohabitating couple,With children of the householder under 18 years,667,168.1903683330291,15.328843329067604,Medium reliability
51057,Married or cohabitating couple,With no children of the householder under 18 years,1640,210.09045670853305,7.787473374917823,High reliability
51059,Householder with no partner,Living alone,98858,2227.4391125236175,1.3697083997264674,High reliability
51059,Householder with no partner,With children of the householder under 18 years,19021,952.7738451489944,3.045023010558301,High reliability
51059,Householder with no partner,With only nonrelatives present,12111,886.9949267047698,4.452205782955332,High reliability
51059,Householder with no partner,"With relatives, no children of the householder under 18 years",26507,1192.7334153112338,2.735375206414441,High reliability
51059,Married or cohabitating couple,With children of the householder under 18 years,113355,2121.734432015468,1.1378484983979067,High reliability
51059,Married or cohabitating couple,With no children of the householder under 18 years,142811,2028.1185862764535,0.8633080341445833,High reliability
51061,Householder with no partner,Living alone,5693,509.132595695856,5.436555378314605,High reliability
51061,Householder with no partner,With children of the householder under 18 years,1230,314.33898899118446,15.535571650539179,Medium reliability
51061,Householder with no partner,With only nonrelatives present,322,128.3160161476345,24.224738270995207,Medium reliability
51061,Householder with no partner,"With relatives, no children of the householder under 18 years",2015,332.63343187358663,10.03517484741601,High reliability
51061,Married or cohabitating couple,With children of the householder under 18 years,6881,413.5371809160574,3.6533989759569425,High reliability
51061,Married or cohabitating couple,With no children of the householder under 18 years,10125,536.4121549704108,3.22060658168283,High reliability
51063,Householder with no partner,Living alone,1962,281.2205540141047,8.71328970853836,High reliability
51063,Householder with no partner,With children of the householder under 18 years,277,111.01801655587259,24.363955220583673,Medium reliability
51063,Householder with no partner,With only nonrelatives present,105,64.41273166075166,37.29207217296376,Low reliability
51063,Householder with no partner,"With relatives, no children of the householder under 18 years",393,130.23056476879765,20.144406253632745,Medium reliability
51063,Married or cohabitating couple,With children of the householder under 18 years,1279,188.85973631242842,8.976415194832038,High reliability
51063,Married or cohabitating couple,With no children of the householder under 18 years,2633,315.92562415859845,7.294039162941217,High reliability
51065,Householder with no partner,Living alone,2142,324.56278283253613,9.211139287843821,High reliability
51065,Householder with no partner,With children of the householder under 18 years,360,161.55494421403512,27.280470147591206,Medium reliability
51065,Householder with no partner,With only nonrelatives present,159,104.4030650891055,39.916294886010775,Low reliability
51065,Householder with no partner,"With relatives, no children of the householder under 18 years",992,262.20793275566626,16.068237863740702,Medium reliability
51065,Married or cohabitating couple,With children of the householder under 18 years,2445,262.94486114012574,6.537623737796899,High reliability
51065,Married or cohabitating couple,With no children of the householder under 18 years,4153,409.69500851242987,5.9969832993241035,High reliability
51067,Householder with no partner,Living alone,5838,556.59410704749655,5.795736215690894,High reliability
51067,Householder with no partner,With children of the householder under 18 years,927,249.59366979152335,16.36771031772416,Medium reliability
51067,Householder with no partner,With only nonrelatives present,493,222.87440409342656,27.48193913493179,Medium reliability
51067,Householder with no partner,"With relatives, no children of the householder under 18 years",1730,336.6570955735227,11.829755453503267,High reliability
51067,Married or cohabitating couple,With children of the householder under 18 years,3956,435.09194430602827,6.685884306490365,High reliability
51067,Married or cohabitating couple,With no children of the householder under 18 years,9540,551.4145446032413,3.513694026133708,High reliability
51069,Householder with no partner,Living alone,8030,625.1607793200083,4.732714170795749,High reliability
51069,Householder with no partner,With children of the householder under 18 years,2118,442.7471061452576,12.707609867233169,High reliability
51069,Householder with no partner,With only nonrelatives present,608,186.65744024817226,18.66275798353986,Medium reliability
51069,Householder with no partner,"With relatives, no children of the householder under 18 years",2331,384.4008324652797,10.024809850196172,High reliability
51069,Married or cohabitating couple,With children of the householder under 18 years,7348,526.2033827333306,4.3532998887552115,High reliability
51069,Married or cohabitating couple,With no children of the householder under 18 years,13903,665.2976777353127,2.90898567401675,High reliability
51071,Householder with no partner,Living alone,2347,307.6166445431716,7.967660831797732,High reliability
51071,Householder with no partner,With children of the householder under 18 years,153,62.625873247404705,24.882640303317523,Medium reliability
51071,Householder with no partner,With only nonrelatives present,102,75,44.698730556052205,Low reliability
51071,Householder with no partner,"With relatives, no children of the householder under 18 years",555,138.68309197591464,15.190239817729362,Medium reliability
51071,Married or cohabitating couple,With children of the householder under 18 years,998,159.3988707613702,9.709319597332671,High reliability
51071,Married or cohabitating couple,With no children of the householder under 18 years,2614,294.24479604574145,6.8428544927765955,High reliability
51073,Householder with no partner,Living alone,3747,490.02550954006466,7.950035968634111,High reliability
51073,Householder with no partner,With children of the householder under 18 years,478,163.52675622050356,20.796728544785587,Medium reliability
51073,Householder with no partner,With only nonrelatives present,237,115.62439189029277,29.657546045501075,Medium reliability
51073,Householder with no partner,"With relatives, no children of the householder under 18 years",1414,324.27457501321317,13.941117484005499,High reliability
51073,Married or cohabitating couple,With children of the householder under 18 years,2692,341.35318952662504,7.708378072294021,High reliability
51073,Married or cohabitating couple,With no children of the householder under 18 years,6543,464.7676839023987,4.318104026367525,High reliability
51075,Householder with no partner,Living alone,2232,325.7115288103877,8.871009380287491,High reliability
51075,Householder with no partner,With children of the householder under 18 years,177,81.70679286326198,28.06202423480225,Medium reliability
51075,Householder with no partner,With only nonrelatives present,55,40.311288741492746,44.55516854544653,Low reliability
51075,Householder with no partner,"With relatives, no children of the householder under 18 years",591,152.3056138164316,15.666158930711592,Medium reliability
51075,Married or cohabitating couple,With children of the householder under 18 years,1894,257.25668115716644,8.256971500376054,High reliability
51075,Married or cohabitating couple,With no children of the householder under 18 years,5064,362.27061708065696,4.348840820244421,High reliability
51077,Householder with no partner,Living alone,1834,244.00819658363937,8.087963478888783,High reliability
51077,Householder with no partner,With children of the householder under 18 years,325,121.82364302548172,22.78674641580205,Medium reliability
51077,Householder with no partner,With only nonrelatives present,130,73.38937252763509,34.31815409288524,Low reliability
51077,Householder with no partner,"With relatives, no children of the householder under 18 years",618,136.24243098242192,13.401641827487623,High reliability
51077,Married or cohabitating couple,With children of the householder under 18 years,930,152.7776161615307,9.98644417175087,High reliability
51077,Married or cohabitating couple,With no children of the householder under 18 years,2365,217.33154395991392,5.586318820178101,High reliability
51079,Householder with no partner,Living alone,1386,236.61994844053194,10.378204469380385,High reliability
51079,Householder with no partner,With children of the householder under 18 years,535,215.23010941780427,24.45588267111374,Medium reliability
51079,Householder with no partner,With only nonrelatives present,85,70.57619995437555,50.47466472689115,Low reliability
51079,Householder with no partner,"With relatives, no children of the householder under 18 years",462,161.05899540230592,21.192251924670842,Medium reliability
51079,Married or cohabitating couple,With children of the householder under 18 years,2075,274.8854306797652,8.053185796455567,High reliability
51079,Married or cohabitating couple,With no children of the householder under 18 years,3369,291.8938163099726,5.266935275409758,High reliability
51081,Householder with no partner,Living alone,864,149.26486525636233,10.5021435084123,High reliability
51081,Householder with no partner,With children of the householder under 18 years,286,117.61377470347595,24.999208175542748,Medium reliability
51081,Householder with no partner,With only nonrelatives present,107,70.9365914038728,40.301446697084216,Low reliability
51081,Householder with no partner,"With relatives, no children of the householder under 18 years",487,151.48927354766738,18.9098036546148,Medium reliability
51081,Married or cohabitating couple,With children of the householder under 18 years,433,151.61134522191932,21.285208199234763,Medium reliability
51081,Married or cohabitating couple,With no children of the householder under 18 years,915,156.37135287513502,10.388915101243047,High reliability
51083,Householder with no partner,Living alone,4996,420.2118513321584,5.113049118104921,High reliability
51083,Householder with no partner,With children of the householder under 18 years,1348,282.6888749137468,12.748319018775845,High reliability
51083,Householder with no partner,With only nonrelatives present,176,93.38094023943002,32.253709670983014,Low reliability
51083,Householder with no partner,"With relatives, no children of the householder under 18 years",1256,257.381040482783,12.457216448356485,High reliability
51083,Married or cohabitating couple,With children of the householder under 18 years,1754,239.38462774372127,8.296611747832008,High reliability
51083,Married or cohabitating couple,With no children of the householder under 18 years,4143,356.79966367697153,5.2353244411523825,High reliability
51085,Householder with no partner,Living alone,9506,723.7990052493855,4.628649224577953,High reliability
51085,Householder with no partner,With children of the householder under 18 years,1959,329.8514817307935,10.235713020593709,High reliability
51085,Householder with no partner,With only nonrelatives present,721,185.34832073693033,15.627427351991729,Medium reliability
51085,Householder with no partner,"With relatives, no children of the householder under 18 years",2946,386.86560974064366,7.982914543663215,High reliability
51085,Married or cohabitating couple,With children of the householder under 18 years,9937,597.3809504830231,3.654518606938136,High reliability
51085,Married or cohabitating couple,With no children of the householder under 18 years,16943,679.8235065073875,2.439158173318791,High reliability
51087,Householder with no partner,Living alone,41113,1511.6881292118424,2.2352038261984037,High reliability
51087,Householder with no partner,With children of the householder under 18 years,9846,815.4569271273622,5.034719649948799,High reliability
51087,Householder with no partner,With only nonrelatives present,3343,529.648940336899,9.63132036250313,High reliability
51087,Householder with no partner,"With relatives, no children of the householder under 18 years",12009,930.1037576528761,4.708240641468625,High reliability
51087,Married or cohabitating couple,With children of the householder under 18 years,28106,1169.46355223239,2.5294246514711674,High reliability
51087,Married or cohabitating couple,With no children of the householder under 18 years,41182,1343.8995498176193,1.9837798374413282,High reliability
51089,Householder with no partner,Living alone,7414,523.9780529755039,4.296300131891312,High reliability
51089,Householder with no partner,With children of the householder under 18 years,993,242.5077318355025,14.846033592931832,High reliability
51089,Householder with no partner,With only nonrelatives present,224,116.49892703368559,31.616078765112242,Low reliability
51089,Householder with no partner,"With relatives, no children of the householder under 18 years",1908,304.55377193526925,9.703305612435537,High reliability
51089,Married or cohabitating couple,With children of the householder under 18 years,2788,288.4805019407724,6.290103525329406,High reliability
51089,Married or cohabitating couple,With no children of the householder under 18 years,7176,458.6556442474027,3.8854239244577733,High reliability
51091,Householder with no partner,Living alone,320,103.85566907973777,19.729420417883315,Medium reliability
51091,Householder with no partner,With children of the householder under 18 years,19,15.620499351813308,49.97760150956106,Low reliability
51091,Householder with no partner,With only nonrelatives present,4,15.264337522473747,231.9808134114551,Low reliability
51091,Householder with no partner,"With relatives, no children of the householder under 18 years",72,43.965895873961216,37.12081718503987,Low reliability
51091,Married or cohabitating couple,With children of the householder under 18 years,116,46.57252408878007,24.40652137552671,Medium reliability
51091,Married or cohabitating couple,With no children of the householder under 18 years,472,84.69356528095862,10.907934326021152,High reliability
51093,Householder with no partner,Living alone,3900,402.67232335982567,6.2765540232222845,High reliability
51093,Householder with no partner,With children of the householder under 18 years,640,196.98730923589977,18.710800649306588,Medium reliability
51093,Householder with no partner,With only nonrelatives present,158,80.8084154033477,31.09092201275353,Low reliability
51093,Householder with no partner,"With relatives, no children of the householder under 18 years",1262,223.33159203301264,10.757835636636623,High reliability
51093,Married or cohabitating couple,With children of the householder under 18 years,3117,300.0166662037294,5.851169461005183,High reliability
51093,Married or cohabitating couple,With no children of the householder under 18 years,6349,428.47753733422246,4.102577840171297,High reliability
51095,Householder with no partner,Living alone,7781,599.2937510103038,4.682075705494944,High reliability
51095,Householder with no partner,With children of the householder under 18 years,1772,308.70860046328477,10.59056448720333,High reliability
51095,Householder with no partner,With only nonrelatives present,402,153.47312468311839,23.20814237068735,Medium reliability
51095,Householder with no partner,"With relatives, no children of the householder under 18 years",1602,309.8983704377937,11.759554752524151,High reliability
51095,Married or cohabitating couple,With children of the householder under 18 years,6101,499.98499977499324,4.98184312577183,High reliability
51095,Married or cohabitating couple,With no children of the householder under 18 years,13693,626.5732199831078,2.781680964418435,High reliability
51097,Householder with no partner,Living alone,719,159.86244086714052,13.516107804840438,High reliability
51097,Householder with no partner,With children of the householder under 18 years,68,48.093658625644196,42.994509767248516,Low reliability
51097,Householder with no partner,With only nonrelatives present,9,23.600847442411894,159.41133024256598,Low reliability
51097,Householder with no partner,"With relatives, no children of the householder under 18 years",331,126.90547663517127,23.307004955999826,Medium reliability
51097,Married or cohabitating couple,With children of the householder under 18 years,440,114.12712210513327,15.767770393082795,Medium reliability
51097,Married or cohabitating couple,With no children of the householder under 18 years,1247,187.62729012593024,9.14668347503578,High reliability
51099,Householder with no partner,Living alone,2262,318.2011942152323,8.551519735748613,High reliability
51099,Householder with no partner,With children of the householder under 18 years,532,147.14618581533128,16.81401670765035,Medium reliability
51099,Householder with no partner,With only nonrelatives present,90,59.033888572581766,39.874291504614504,Low reliability
51099,Householder with no partner,"With relatives, no children of the householder under 18 years",701,171.95929750961417,14.912200764831324,High reliability
51099,Married or cohabitating couple,With children of the householder under 18 years,2442,265.13581425375185,6.6001960188532465,High reliability
51099,Married or cohabitating couple,With no children of the householder under 18 years,3850,357.8337602854152,5.650081084520826,High reliability
51101,Householder with no partner,Living alone,1689,226.77080940897133,8.161906180307454,High reliability
51101,Householder with no partner,With children of the householder under 18 years,365,135.35139452550905,22.542598080611075,Medium reliability
51101,Householder with no partner,With only nonrelatives present,1,21.37755832643195,1299.547618628082,Low reliability
51101,Householder with no partner,"With relatives, no children of the householder under 18 years",496,192.35384061671346,23.575085868309817,Medium reliability
51101,Married or cohabitating couple,With children of the householder under 18 years,1789,274.83267636873165,9.338822570512187,High reliability
51101,Married or cohabitating couple,With no children of the householder under 18 years,2775,220.53117693423758,4.831045251715273,High reliability
51103,Householder with no partner,Living alone,2119,326.0567435278712,9.353977646962313,High reliability
51103,Householder with no partner,With children of the householder under 18 years,232,99.68951800465283,26.121349440481296,Medium reliability
51103,Householder with no partner,With only nonrelatives present,7,23.259406699226016,201.99224228594025,Low reliability
51103,Householder with no partner,"With relatives, no children of the householder under 18 years",279,95.2102935611481,20.74501717186829,Medium reliability
51103,Married or cohabitating couple,With children of the householder under 18 years,404,130,19.561226639381264,Medium reliability
51103,Married or cohabitating couple,With no children of the householder under 18 years,2427,223.61797781037194,5.6010704751477975,High reliability
51105,Householder with no partner,Living alone,2717,322.53061870154283,7.216313780319185,High reliability
51105,Householder with no partner,With children of the householder under 18 years,673,198.58751219550538,17.937873983976424,Medium reliability
51105,Householder with no partner,With only nonrelatives present,198,164.46884203398528,50.49548433698238,Low reliability
51105,Householder with no partner,"With relatives, no children of the householder under 18 years",962,244.72433471152803,15.464510657983812,Medium reliability
51105,Married or cohabitating couple,With children of the householder under 18 years,1011,173.3032025093593,10.420523332062166,High reliability
51105,Married or cohabitating couple,With no children of the householder under 18 years,2885,296.9393877544709,6.25685497789048,High reliability
51107,Householder with no partner,Living alone,23795,1133.9929453043349,2.897068348639908,High reliability
51107,Householder with no partner,With children of the householder under 18 years,6778,694.2333901506034,6.2264145321812965,High reliability
51107,Householder with no partner,With only nonrelatives present,2255,418.6669320593639,11.286420101479694,High reliability
51107,Householder with no partner,"With relatives, no children of the householder under 18 years",7050,694.8791261795104,5.991757754463432,High reliability
51107,Married or cohabitating couple,With children of the householder under 18 years,54184,1231.4040766539633,1.3815405041719415,High reliability
51107,Married or cohabitating couple,With no children of the householder under 18 years,46761,1314.9908744930515,1.7095155147319352,High reliability
51109,Householder with no partner,Living alone,3270,420.75764996016414,7.822009982249317,High reliability
51109,Householder with no partner,With children of the householder under 18 years,581,224.39696967650877,23.478749004861,Medium reliability
51109,Householder with no partner,With only nonrelatives present,148,74.65252842335616,30.66315962513602,Low reliability
51109,Householder with no partner,"With relatives, no children of the householder under 18 years",1060,225.59476944291063,12.937705421971133,High reliability
51109,Married or cohabitating couple,With children of the householder under 18 years,3380,352.264105466339,6.335571400988094,High reliability
51109,Married or cohabitating couple,With no children of the householder under 18 years,6772,472.2255816873965,4.239031643683866,High reliability
51111,Householder with no partner,Living alone,1515,206.11889772653063,8.270643021719208,High reliability
51111,Householder with no partner,With children of the householder under 18 years,300,130.51053597315428,26.445903945927917,Medium reliability
51111,Householder with no partner,With only nonrelatives present,109,79.12016177940993,44.12602090260167,Low reliability
51111,Householder with no partner,"With relatives, no children of the householder under 18 years",530,166.73931749890306,19.124771176108627,Medium reliability
51111,Married or cohabitating couple,With children of the householder under 18 years,537,110.45361017187261,12.503734036538985,High reliability
51111,Married or cohabitating couple,With no children of the householder under 18 years,1678,235.34230388946224,8.525937445050094,High reliability
51113,Householder with no partner,Living alone,1304,222.6791413671249,10.380924784489386,High reliability
51113,Householder with no partner,With children of the householder under 18 years,202,91.28526715741155,27.471566149270682,Medium reliability
51113,Householder with no partner,With only nonrelatives present,71,53.46026561849464,45.772734807564234,Low reliability
51113,Householder with no partner,"With relatives, no children of the householder under 18 years",536,166.88319268278636,18.92700547597722,Medium reliability
51113,Married or cohabitating couple,With children of the householder under 18 years,1122,210.38060747131613,11.398480106156295,High reliability
51113,Married or cohabitating couple,With no children of the householder under 18 years,2157,232.16588896735024,6.543082012401843,High reliability
51115,Householder with no partner,Living alone,1215,300.29319006597535,15.024613309616388,Medium reliability
51115,Householder with no partner,With children of the householder under 18 years,119,93.60555539069249,47.817708559522096,Low reliability
51115,Householder with no partner,With only nonrelatives present,8,25.495097567963924,193.73174443741584,Low reliability
51115,Householder with no partner,"With relatives, no children of the householder under 18 years",120,79.92496481075234,40.4888372901481,Low reliability
51115,Married or cohabitating couple,With children of the householder under 18 years,558,166.41213898030395,18.129461382957366,Medium reliability
51115,Married or cohabitating couple,With no children of the householder under 18 years,1747,223.57325421436258,7.7796675921853895,High reliability
51117,Householder with no partner,Living alone,4861,414.9819273173231,5.189645110576433,High reliability
51117,Householder with no partner,With children of the householder under 18 years,909,225.86943130932968,15.105241493162241,Medium reliability
51117,Householder with no partner,With only nonrelatives present,348,126.65701717630967,22.12504230449458,Medium reliability
51117,Householder with no partner,"With relatives, no children of the householder under 18 years",1162,218.24756585125985,11.417667152392106,High reliability
51117,Married or cohabitating couple,With children of the householder under 18 years,1462,247.7579463912308,10.301828547779026,High reliability
51117,Married or cohabitating couple,With no children of the householder under 18 years,4653,370.62379848034584,4.842106618540652,High reliability
51119,Householder with no partner,Living alone,1440,224.7420743875076,9.487591792785699,High reliability
51119,Householder with no partner,With children of the householder under 18 years,153,64.40496875241847,25.58951417542502,Medium reliability
51119,Householder with no partner,With only nonrelatives present,119,66.48308055437865,33.96239204841697,Low reliability
51119,Householder with no partner,"With relatives, no children of the householder under 18 years",244,80.1311425102625,19.963910137590936,Medium reliability
51119,Married or cohabitating couple,With children of the householder under 18 years,451,130.51053597315428,17.591510385317907,Medium reliability
51119,Married or cohabitating couple,With no children of the householder under 18 years,2326,246.73264883269908,6.448385734218941,High reliability
51121,Householder with no partner,Living alone,11028,908.2433594582457,5.006561686352647,High reliability
51121,Householder with no partner,With children of the householder under 18 years,1543,314.8841056642904,12.405632483370942,High reliability
51121,Householder with no partner,With only nonrelatives present,4514,419.86902719776793,5.654398099499536,High reliability
51121,Householder with no partner,"With relatives, no children of the householder under 18 years",1195,231.00865784641059,11.75153096597579,High reliability
51121,Married or cohabitating couple,With children of the householder under 18 years,6880,543.1178509310847,4.798878303978623,High reliability
51121,Married or cohabitating couple,With no children of the householder under 18 years,11571,737.3092973779728,3.8735834312643194,High reliability
51125,Householder with no partner,Living alone,2072,333.01651610693426,9.770349957955379,High reliability
51125,Householder with no partner,With children of the householder under 18 years,115,66.24198064671678,35.01624456017802,Low reliability
51125,Householder with no partner,With only nonrelatives present,175,108.37435120913067,37.646322608469184,Low reliability
51125,Householder with no partner,"With relatives, no children of the householder under 18 years",368,128.41339493993607,21.212732083377837,Medium reliability
51125,Married or cohabitating couple,With children of the householder under 18 years,950,188.2817038376273,12.048101349392244,High reliability
51125,Married or cohabitating couple,With no children of the householder under 18 years,2790,303.9819073563425,6.6233488546010495,High reliability
51127,Householder with no partner,Living alone,1446,297.2490538252393,12.496439347418487,High reliability
51127,Householder with no partner,With children of the householder under 18 years,320,123.32072007574396,23.427188464237076,Medium reliability
51127,Householder with no partner,With only nonrelatives present,129,85.0411665018772,40.0750060092256,Low reliability
51127,Householder with no partner,"With relatives, no children of the householder under 18 years",537,175.6843760839307,19.888084323459804,Medium reliability
51127,Married or cohabitating couple,With children of the householder under 18 years,2588,351.5252480263687,8.257077275674227,High reliability
51127,Married or cohabitating couple,With no children of the householder under 18 years,4014,345.469246098694,5.231980561934354,High reliability
51131,Householder with no partner,Living alone,1729,194.48650338776724,6.837991754735233,High reliability
51131,Householder with no partner,With children of the householder under 18 years,220,88.05679985100527,24.331804324676778,Medium reliability
51131,Householder with no partner,With only nonrelatives present,67,61.814237842102365,56.08514071778104,Low reliability
51131,Householder with no partner,"With relatives, no children of the householder under 18 years",652,155.60205654167942,14.507809176504319,High reliability
51131,Married or cohabitating couple,With children of the householder under 18 years,694,155.03870484495155,13.58046870220225,High reliability
51131,Married or cohabitating couple,With no children of the householder under 18 years,1976,178.48809484108457,5.491062809676131,High reliability
51133,Householder with no partner,Living alone,1753,311.15590947304855,10.790218400173686,High reliability
51133,Householder with no partner,With children of the householder under 18 years,311,171.41761869772895,33.506507823127464,Low reliability
51133,Householder with no partner,With only nonrelatives present,103,72.91776189653656,43.03583196891821,Low reliability
51133,Householder with no partner,"With relatives, no children of the householder under 18 years",453,148.52945835759317,19.931890518138875,Medium reliability
51133,Married or cohabitating couple,With children of the householder under 18 years,288,121.27654348636426,25.598730050313296,Medium reliability
51133,Married or cohabitating couple,With no children of the householder under 18 years,2528,310.0483833210552,7.455666945314128,High reliability
51135,Householder with no partner,Living alone,1854,284.6278271708513,9.332580083835863,High reliability
51135,Householder with no partner,With children of the householder under 18 years,367,143.5687988387449,23.78088979713025,Medium reliability
51135,Householder with no partner,With only nonrelatives present,156,96.76776322722355,37.70858203850969,Low reliability
51135,Householder with no partner,"With relatives, no children of the householder under 18 years",495,143.22360140703069,17.589094766145426,Medium reliability
51135,Married or cohabitating couple,With children of the householder under 18 years,896,175.28548142958104,11.892469159084689,High reliability
51135,Married or cohabitating couple,With no children of the householder under 18 years,1724,226.645097012929,7.991773461481709,High reliability
51137,Householder with no partner,Living alone,3520,466.82759130111407,8.062095732611118,High reliability
51137,Householder with no partner,With children of the householder under 18 years,655,187.88294228055935,17.43733657677063,Medium reliability
51137,Householder with no partner,With only nonrelatives present,138,110.13627921806692,48.516047406751646,Low reliability
51137,Householder with no partner,"With relatives, no children of the householder under 18 years",1240,272.5013761433142,13.359220322743123,High reliability
51137,Married or cohabitating couple,With children of the householder under 18 years,2746,477.41072463864907,10.568801365426784,High reliability
51137,Married or cohabitating couple,With no children of the householder under 18 years,6368,466.7815334822062,4.4559951494001755,High reliability
51139,Householder with no partner,Living alone,2948,343.582595601116,7.084966070472093,High reliability
51139,Householder with no partner,With children of the householder under 18 years,305,114.63420083029322,22.84801451597852,Medium reliability
51139,Householder with no partner,With only nonrelatives present,126,72.20110802473879,34.834326253070294,Low reliability
51139,Householder with no partner,"With relatives, no children of the householder under 18 years",737,200.47194317410106,16.535609587385075,Medium reliability
51139,Married or cohabitating couple,With children of the householder under 18 years,1639,238.32121181296472,8.839299365687978,High reliability
51139,Married or cohabitating couple,With no children of the householder under 18 years,3754,275.2035610234722,4.456499669223706,High reliability
51141,Householder with no partner,Living alone,2409,340.13673721019904,8.583231756551205,High reliability
51141,Householder with no partner,With children of the householder under 18 years,167,96.38464608017192,35.085323364276405,Low reliability
51141,Householder with no partner,With only nonrelatives present,217,113.46365056704283,31.785651413175753,Low reliability
51141,Householder with no partner,"With relatives, no children of the householder under 18 years",631,184.44782460088814,17.769625537780833,Medium reliability
51141,Married or cohabitating couple,With children of the householder under 18 years,1293,235.34230388946224,11.064596313065783,High reliability
51141,Married or cohabitating couple,With no children of the householder under 18 years,3080,266.92320993124594,5.268290568255752,High reliability
51143,Householder with no partner,Living alone,7344,507.89959637707926,4.204160594071618,High reliability
51143,Householder with no partner,With children of the householder under 18 years,1689,260.6338427756457,9.380700177823092,High reliability
51143,Householder with no partner,With only nonrelatives present,360,138.95682782792647,23.46450993379373,Medium reliability
51143,Householder with no partner,"With relatives, no children of the householder under 18 years",2249,302.00165562460086,8.1630783725452,High reliability
51143,Married or cohabitating couple,With children of the householder under 18 years,3639,354.3162429243119,5.9189286432494965,High reliability
51143,Married or cohabitating couple,With no children of the householder under 18 years,9352,548.7777327844125,3.5671886759551623,High reliability
51145,Householder with no partner,Living alone,1838,336.50111441123045,11.129485743762396,High reliability
51145,Householder with no partner,With children of the householder under 18 years,331,165.05150711217394,30.31276818192526,Low reliability
51145,Householder with no partner,With only nonrelatives present,212,136.40014662748717,39.112274653749836,Low reliability
51145,Householder with no partner,"With relatives, no children of the householder under 18 years",886,215.87264764207623,14.811464225135076,High reliability
51145,Married or cohabitating couple,With children of the householder under 18 years,2699,259.3935234349539,5.84238727244367,High reliability
51145,Married or cohabitating couple,With no children of the householder under 18 years,5185,416.80331092734855,4.886709217052329,High reliability
51147,Householder with no partner,Living alone,2298,362.2002208723788,9.581484120521843,High reliability
51147,Householder with no partner,With children of the householder under 18 years,481,179.53551180755298,22.690255459124923,Medium reliability
51147,Householder with no partner,With only nonrelatives present,479,155.21919984331836,19.698992942911506,Medium reliability
51147,Householder with no partner,"With relatives, no children of the householder under 18 years",691,240.4100663449848,21.149918522117613,Medium reliability
51147,Married or cohabitating couple,With children of the householder under 18 years,1172,281.60255680657446,14.606396298981009,High reliability
51147,Married or cohabitating couple,With no children of the householder under 18 years,2439,282.64642223102703,7.0447533116499,High reliability
51149,Householder with no partner,Living alone,2195,342.7331323347657,9.491954838913133,High reliability
51149,Householder with no partner,With children of the householder under 18 years,1164,243.80525014855607,12.732807432110011,High reliability
51149,Householder with no partner,With only nonrelatives present,345,229.83689869122406,40.498109984797864,Low reliability
51149,Householder with no partner,"With relatives, no children of the householder under 18 years",1278,315.4203544478384,15.003513014152928,Medium reliability
51149,Married or cohabitating couple,With children of the householder under 18 years,3109,406.51937223212377,7.9486728349624,High reliability
51149,Married or cohabitating couple,With no children of the householder under 18 years,4627,370.3147310059377,4.865254765453436,High reliability
51153,Householder with no partner,Living alone,29689,1307.3331633520202,2.6768547485365666,High reliability
51153,Householder with no partner,With children of the householder under 18 years,9279,810.38571063414,5.309146355804508,High reliability
51153,Householder with no partner,With only nonrelatives present,3447,491.6014646031885,8.669738182150171,High reliability
51153,Householder with no partner,"With relatives, no children of the householder under 18 years",12938,980.4024683771456,4.606502878949668,High reliability
51153,Married or cohabitating couple,With children of the householder under 18 years,48941,1358.9720379757634,1.6879974243234792,High reliability
51153,Married or cohabitating couple,With no children of the householder under 18 years,50315,1350.1766551085084,1.6312751309407367,High reliability
51155,Householder with no partner,Living alone,4782,411.6916321714591,5.233552266941495,High reliability
51155,Householder with no partner,With children of the householder under 18 years,498,146.4923206178399,17.88214506876624,Medium reliability
51155,Householder with no partner,With only nonrelatives present,238,106.85036265731624,27.291860401347662,Medium reliability
51155,Householder with no partner,"With relatives, no children of the householder under 18 years",1319,255.86129054626454,11.792174256829204,High reliability
51155,Married or cohabitating couple,With children of the householder under 18 years,2437,300.32315928013276,7.491475998322038,High reliability
51155,Married or cohabitating couple,With no children of the householder under 18 years,5112,444.1272340219636,5.2814194150953435,High reliability
51157,Householder with no partner,Living alone,713,172.53985046939155,14.710721892546289,High reliability
51157,Householder with no partner,With children of the householder under 18 years,43,59.135437767890075,83.60138229715145,Low reliability
51157,Householder with no partner,With only nonrelatives present,71,71.8679344353238,61.53339991893814,Low reliability
51157,Householder with no partner,"With relatives, no children of the householder under 18 years",191,88.23264701911646,28.082129575300836,Medium reliability
51157,Married or cohabitating couple,With children of the householder under 18 years,406,137.7679207943562,20.62795466099034,Medium reliability
51157,Married or cohabitating couple,With no children of the householder under 18 years,1437,178.60011198204776,7.555427741518563,High reliability
51159,Householder with no partner,Living alone,793,153.11760186209813,11.737781719383369,High reliability
51159,Householder with no partner,With children of the householder under 18 years,103,55.362442142665635,32.6747378892588,Low reliability
51159,Householder with no partner,With only nonrelatives present,0,19,Inf,Low reliability
51159,Householder with no partner,"With relatives, no children of the householder under 18 years",176,101.53324578678651,35.06951015017495,Low reliability
51159,Married or cohabitating couple,With children of the householder under 18 years,525,176.92088627406318,20.48584585602121,Medium reliability
51159,Married or cohabitating couple,With no children of the householder under 18 years,1334,245.41597340026587,11.18358632539046,High reliability
51161,Householder with no partner,Living alone,12120,770.6756775713114,3.865477331905421,High reliability
51161,Householder with no partner,With children of the householder under 18 years,2186,447.14650842872516,12.434656252102357,High reliability
51161,Householder with no partner,With only nonrelatives present,450,148.51935900750448,20.0634054721384,Medium reliability
51161,Householder with no partner,"With relatives, no children of the householder under 18 years",2360,428.3386510694546,11.03339990390641,High reliability
51161,Married or cohabitating couple,With children of the householder under 18 years,7990,608.276253029822,4.627944908565966,High reliability
51161,Married or cohabitating couple,With no children of the householder under 18 years,14125,695.4667497443713,2.9931054135379243,High reliability
51163,Householder with no partner,Living alone,2739,365.6733515037704,8.115875527615195,High reliability
51163,Householder with no partner,With children of the householder under 18 years,391,158.7765725792064,24.685604300283178,Medium reliability
51163,Householder with no partner,With only nonrelatives present,104,75.23961722390672,43.979201089494225,Low reliability
51163,Householder with no partner,"With relatives, no children of the householder under 18 years",963,266.8520189168521,16.84528268846103,Medium reliability
51163,Married or cohabitating couple,With children of the householder under 18 years,1401,217.1174797200815,9.420864372607559,High reliability
51163,Married or cohabitating couple,With no children of the householder under 18 years,3954,393.19333666785354,6.0451012889544895,High reliability
51165,Householder with no partner,Living alone,8041,614.6641359311603,4.646884836271557,High reliability
51165,Householder with no partner,With children of the householder under 18 years,1440,304.33205549202336,12.847520073118176,High reliability
51165,Householder with no partner,With only nonrelatives present,658,193.72403051764127,17.897472354989446,Medium reliability
51165,Householder with no partner,"With relatives, no children of the householder under 18 years",1840,291.49614062625255,9.630505505030149,High reliability
51165,Married or cohabitating couple,With children of the householder under 18 years,7535,480.2103705669006,3.874203024724745,High reliability
51165,Married or cohabitating couple,With no children of the householder under 18 years,12534,595.3427584173675,2.8874301215823293,High reliability
51167,Householder with no partner,Living alone,3142,398.73048541590094,7.714492451827305,High reliability
51167,Householder with no partner,With children of the householder under 18 years,424,151.99013125857877,21.79132466286901,Medium reliability
51167,Householder with no partner,With only nonrelatives present,222,122.31925441237777,33.49468890505703,Low reliability
51167,Householder with no partner,"With relatives, no children of the householder under 18 years",912,219.14607000811125,14.607400816410124,High reliability
51167,Married or cohabitating couple,With children of the householder under 18 years,1786,224.51057881534223,7.641690650869213,High reliability
51167,Married or cohabitating couple,With no children of the householder under 18 years,3984,367.4615626157381,5.60695002831597,High reliability
51169,Householder with no partner,Living alone,3125,325.37977810552394,6.329576230624174,High reliability
51169,Householder with no partner,With children of the householder under 18 years,317,110.98198051936178,21.282728566512,Medium reliability
51169,Householder with no partner,With only nonrelatives present,138,81.02468759581859,35.69212263592731,Low reliability
51169,Householder with no partner,"With relatives, no children of the householder under 18 years",821,185.27007313648906,13.7181710447626,High reliability
51169,Married or cohabitating couple,With children of the householder under 18 years,1323,203.73021376320204,9.361160564122804,High reliability
51169,Married or cohabitating couple,With no children of the householder under 18 years,3227,303.08084729985825,5.70944146793079,High reliability
51171,Householder with no partner,Living alone,5265,454.6966021425715,5.249977365495851,High reliability
51171,Householder with no partner,With children of the householder under 18 years,1038,220.56518310921152,12.917358206347929,High reliability
51171,Householder with no partner,With only nonrelatives present,260,111.28791488746656,26.020087651967867,Medium reliability
51171,Householder with no partner,"With relatives, no children of the householder under 18 years",1497,280.04463929880893,11.372070962545514,High reliability
51171,Married or cohabitating couple,With children of the householder under 18 years,2855,322.6716597409819,6.870507343081394,High reliability
51171,Married or cohabitating couple,With no children of the householder under 18 years,6867,445.1123453691214,3.9403671527951745,High reliability
51173,Householder with no partner,Living alone,3930,318.06445887587,4.919904698111634,High reliability
51173,Householder with no partner,With children of the householder under 18 years,872,199.28873525616044,13.893138455157445,High reliability
51173,Householder with no partner,With only nonrelatives present,226,103.83159442096611,27.928986852345837,Medium reliability
51173,Householder with no partner,"With relatives, no children of the householder under 18 years",967,176.0454486773231,11.067064098680348,High reliability
51173,Married or cohabitating couple,With children of the householder under 18 years,1848,230.0195643852931,7.566532598629361,High reliability
51173,Married or cohabitating couple,With no children of the householder under 18 years,4687,326.49655434629017,4.234652198395097,High reliability
51175,Householder with no partner,Living alone,1823,236.17366491630688,7.87551382174434,High reliability
51175,Householder with no partner,With children of the householder under 18 years,357,104.39348638684312,17.776214551666307,Medium reliability
51175,Householder with no partner,With only nonrelatives present,54,39.395431207184416,44.34924148056334,Low reliability
51175,Householder with no partner,"With relatives, no children of the householder under 18 years",889,218.76242821837573,14.959086451316544,High reliability
51175,Married or cohabitating couple,With children of the householder under 18 years,1010,192.42141252989492,11.581534956206623,High reliability
51175,Married or cohabitating couple,With no children of the householder under 18 years,2754,265.2772134956186,5.8555825623214774,High reliability
51177,Householder with no partner,Living alone,10253,692.9704178390301,4.108637595514517,High reliability
51177,Householder with no partner,With children of the householder under 18 years,2554,367.29960522712247,8.742460250137992,High reliability
51177,Householder with no partner,With only nonrelatives present,744,217.11057090800531,17.73953091054722,Medium reliability
51177,Householder with no partner,"With relatives, no children of the householder under 18 years",3671,453.54161881794266,7.510465561721216,High reliability
51177,Married or cohabitating couple,With children of the householder under 18 years,13944,669.622281588658,2.9192858345612493,High reliability
51177,Married or cohabitating couple,With no children of the householder under 18 years,20123,810.7804881717369,2.449315095662396,High reliability
51179,Householder with no partner,Living alone,9081,776.4238533172457,5.197557365789929,High reliability
51179,Householder with no partner,With children of the householder under 18 years,3101,468.6331187613611,9.186822149955768,High reliability
51179,Householder with no partner,With only nonrelatives present,606,201.1889659002203,20.18206645803568,Medium reliability
51179,Householder with no partner,"With relatives, no children of the householder under 18 years",3396,459.66183222016593,8.228200389876985,High reliability
51179,Married or cohabitating couple,With children of the householder under 18 years,16983,754.1418964624628,2.6994342687492168,High reliability
51179,Married or cohabitating couple,With no children of the householder under 18 years,18142,823.3790135775869,2.758981119823677,High reliability
51181,Householder with no partner,Living alone,772,145.69145479402695,11.472310092919898,High reliability
51181,Householder with no partner,With children of the householder under 18 years,184,81.27115109311545,26.85051906076234,Medium reliability
51181,Householder with no partner,With only nonrelatives present,7,21.02379604162864,182.57747322300165,Low reliability
51181,Householder with no partner,"With relatives, no children of the householder under 18 years",262,97.65244492586962,22.657705498009147,Medium reliability
51181,Married or cohabitating couple,With children of the householder under 18 years,419,107.22872749408155,15.557192547617579,Medium reliability
51181,Married or cohabitating couple,With no children of the householder under 18 years,1111,155.2063143045411,8.492380111815862,High reliability
51183,Householder with no partner,Living alone,1201,190.2761151589973,9.631088336163495,High reliability
51183,Householder with no partner,With children of the householder under 18 years,258,112.44554237496477,26.49455535330571,Medium reliability
51183,Householder with no partner,With only nonrelatives present,35,26.92582403567252,46.76652025301349,Low reliability
51183,Householder with no partner,"With relatives, no children of the householder under 18 years",407,113.00442469213318,16.878550098524038,Medium reliability
51183,Married or cohabitating couple,With children of the householder under 18 years,541,174.25555945220228,19.580486373000834,Medium reliability
51183,Married or cohabitating couple,With no children of the householder under 18 years,1263,165.74679484080528,7.977666666224109,High reliability
51185,Householder with no partner,Living alone,5063,520.9856044076458,6.255354021489066,High reliability
51185,Householder with no partner,With children of the householder under 18 years,1025,244.00819658363937,14.471536605153199,High reliability
51185,Householder with no partner,With only nonrelatives present,218,113.29607230614837,31.593115726317826,Low reliability
51185,Householder with no partner,"With relatives, no children of the householder under 18 years",1131,212.49235280357738,11.42128050887411,High reliability
51185,Married or cohabitating couple,With children of the householder under 18 years,2418,310.82149217838844,7.814277724019912,High reliability
51185,Married or cohabitating couple,With no children of the householder under 18 years,6096,479.05949526128796,4.777256851483537,High reliability
51187,Householder with no partner,Living alone,3561,423.0011820314454,7.221105748469708,High reliability
51187,Householder with no partner,With children of the householder under 18 years,789,235.28068344001383,18.127727641084196,Medium reliability
51187,Householder with no partner,With only nonrelatives present,259,115.6027681329474,27.13329690602091,Medium reliability
51187,Householder with no partner,"With relatives, no children of the householder under 18 years",1004,224.86440358580546,13.615108174342478,High reliability
51187,Married or cohabitating couple,With children of the householder under 18 years,3583,430.9350299059012,7.311375482261324,High reliability
51187,Married or cohabitating couple,With no children of the householder under 18 years,6161,492.85494823527944,4.862974700010502,High reliability
51191,Householder with no partner,Living alone,6616,476.629835406891,4.379452551306871,High reliability
51191,Householder with no partner,With children of the householder under 18 years,851,188.30294740125552,13.451219370113868,High reliability
51191,Householder with no partner,With only nonrelatives present,291,110.75197515168747,23.13622978131952,Medium reliability
51191,Householder with no partner,"With relatives, no children of the householder under 18 years",1629,285.3944638566067,10.650219477763661,High reliability
51191,Married or cohabitating couple,With children of the householder under 18 years,3462,322.45309736456244,5.662048526240826,High reliability
51191,Married or cohabitating couple,With no children of the householder under 18 years,9269,515.8682002217233,3.383295825918557,High reliability
51193,Householder with no partner,Living alone,2903,419.3149174546501,8.78066432596507,High reliability
51193,Householder with no partner,With children of the householder under 18 years,659,220.592384274707,20.348818489348513,Medium reliability
51193,Householder with no partner,With only nonrelatives present,343,204.88289338058462,36.311624302034545,Low reliability
51193,Householder with no partner,"With relatives, no children of the householder under 18 years",712,203.02709178826356,17.334371417323823,Medium reliability
51193,Married or cohabitating couple,With children of the householder under 18 years,722,163.17475294910057,13.738833613914453,High reliability
51193,Married or cohabitating couple,With no children of the householder under 18 years,2690,310.85848870506976,7.024971213999158,High reliability
51195,Householder with no partner,Living alone,4102,415.7884077268148,6.161845696543828,High reliability
51195,Householder with no partner,With children of the householder under 18 years,741,225.84950741588966,18.52827710978671,Medium reliability
51195,Householder with no partner,With only nonrelatives present,238,133.46160496562297,34.08893897106663,Low reliability
51195,Householder with no partner,"With relatives, no children of the householder under 18 years",1067,229.61707253599414,13.081991239591398,High reliability
51195,Married or cohabitating couple,With children of the householder under 18 years,2770,337.3262515725688,7.402944083319299,High reliability
51195,Married or cohabitating couple,With no children of the householder under 18 years,5137,415.69700504093123,4.919278694363276,High reliability
51197,Householder with no partner,Living alone,4072,451.2704289004543,6.736948138677875,High reliability
51197,Householder with no partner,With children of the householder under 18 years,609,195.27416623813812,19.492233142990713,Medium reliability
51197,Householder with no partner,With only nonrelatives present,213,87.36704184073076,24.93458391219109,Medium reliability
51197,Householder with no partner,"With relatives, no children of the householder under 18 years",785,210.35446275275456,16.28981571275663,Medium reliability
51197,Married or cohabitating couple,With children of the householder under 18 years,1990,277.3319310861986,8.471901485732571,High reliability
51197,Married or cohabitating couple,With no children of the householder under 18 years,4727,371.51715976519847,4.777793478519228,High reliability
51199,Householder with no partner,Living alone,5844,570.6881810586233,5.936394702577275,High reliability
51199,Householder with no partner,With children of the householder under 18 years,1778,308.4623153644542,10.546405249040252,High reliability
51199,Householder with no partner,With only nonrelatives present,461,173.89939620366712,22.93143571905493,Medium reliability
51199,Householder with no partner,"With relatives, no children of the householder under 18 years",1343,238.6734170367534,10.803441781284173,High reliability
51199,Married or cohabitating couple,With children of the householder under 18 years,7080,382.97388944939837,3.288289195554053,High reliability
51199,Married or cohabitating couple,With no children of the householder under 18 years,9939,540.3267529930384,3.3048205175769056,High reliability
51510,Householder with no partner,Living alone,33259,1153.9467058751025,2.1091655166859833,High reliability
51510,Householder with no partner,With children of the householder under 18 years,3297,477.1928331398115,8.79850860347044,High reliability
51510,Householder with no partner,With only nonrelatives present,2944,456.12827143249956,9.418533422932214,High reliability
51510,Householder with no partner,"With relatives, no children of the householder under 18 years",4178,456.2543150480881,6.638541077784605,High reliability
51510,Married or cohabitating couple,With children of the householder under 18 years,11577,646.9435833208333,3.3970698285844154,High reliability
51510,Married or cohabitating couple,With no children of the householder under 18 years,20094,944.4876918202799,2.8573536954438152,High reliability
51520,Householder with no partner,Living alone,3021,335.1492204973779,6.744062494602179,High reliability
51520,Householder with no partner,With children of the householder under 18 years,578,208.6336502101231,21.942727801571618,Medium reliability
51520,Householder with no partner,With only nonrelatives present,75,65.60487786742691,53.17517962912008,Low reliability
51520,Householder with no partner,"With relatives, no children of the householder under 18 years",615,150.30635382444748,14.857177831264732,High reliability
51520,Married or cohabitating couple,With children of the householder under 18 years,995,282.9911659398576,17.289558182392668,Medium reliability
51520,Married or cohabitating couple,With no children of the householder under 18 years,2043,269.09106265351886,8.006911067177832,High reliability
51530,Householder with no partner,Living alone,783,178.5077029150283,13.858917103574692,High reliability
51530,Householder with no partner,With children of the householder under 18 years,369,133.41664064126334,21.979496155923485,Medium reliability
51530,Householder with no partner,With only nonrelatives present,6,23.600847442411894,239.11699536384896,Low reliability
51530,Householder with no partner,"With relatives, no children of the householder under 18 years",242,113.87712676389407,28.605874742870725,Medium reliability
51530,Married or cohabitating couple,With children of the householder under 18 years,318,129.07749610214788,24.675019805040602,Medium reliability
51530,Married or cohabitating couple,With no children of the householder under 18 years,893,214.5809870421888,14.607432141389385,High reliability
51540,Householder with no partner,Living alone,7456,618.1367162691438,5.039793465283208,High reliability
51540,Householder with no partner,With children of the householder under 18 years,1209,259.0829982843336,13.027068932566724,High reliability
51540,Householder with no partner,With only nonrelatives present,2370,306.11109094575454,7.8517202351007285,High reliability
51540,Householder with no partner,"With relatives, no children of the householder under 18 years",961,216.0925727552893,13.669434559067414,High reliability
51540,Married or cohabitating couple,With children of the householder under 18 years,3138,398.1519810323691,7.713119134452841,High reliability
51540,Married or cohabitating couple,With no children of the householder under 18 years,4565,436.2717043311427,5.809655257641467,High reliability
51550,Householder with no partner,Living alone,20947,1165.2055612637625,3.381542216950676,High reliability
51550,Householder with no partner,With children of the householder under 18 years,8099,794.6603047843777,5.964639747144119,High reliability
51550,Householder with no partner,With only nonrelatives present,1931,419.068013572976,13.192780519817472,High reliability
51550,Householder with no partner,"With relatives, no children of the householder under 18 years",6534,633.3695603674051,5.89267046784884,High reliability
51550,Married or cohabitating couple,With children of the householder under 18 years,23105,977.030705761083,2.5706108580849896,High reliability
51550,Married or cohabitating couple,With no children of the householder under 18 years,31745,1207.4767078498865,2.3122645891627602,High reliability
51570,Householder with no partner,Living alone,2257,303.63794229311986,8.178216027492176,High reliability
51570,Householder with no partner,With children of the householder under 18 years,860,240.7072911234722,17.014723342296755,Medium reliability
51570,Householder with no partner,With only nonrelatives present,27,35.805027579936315,80.61471930639719,Low reliability
51570,Householder with no partner,"With relatives, no children of the householder under 18 years",822,238.07771840304585,17.606824366623464,Medium reliability
51570,Married or cohabitating couple,With children of the householder under 18 years,1363,285.0771825313278,12.714541387174627,High reliability
51570,Married or cohabitating couple,With no children of the householder under 18 years,2216,284.29737951659,7.7989690758723516,High reliability
51580,Householder with no partner,Living alone,874,170.83617883809038,11.882354742412717,High reliability
51580,Householder with no partner,With children of the householder under 18 years,323,124.53513560437472,23.438157773226816,Medium reliability
51580,Householder with no partner,With only nonrelatives present,14,28.319604517012593,122.96832182810505,Low reliability
51580,Householder with no partner,"With relatives, no children of the householder under 18 years",116,67.94115100585212,35.60483754630129,Low reliability
51580,Married or cohabitating couple,With children of the householder under 18 years,334,97.3498844375277,17.71834163360714,Medium reliability
51580,Married or cohabitating couple,With no children of the householder under 18 years,832,146.63219291819925,10.713715288037704,High reliability
51590,Householder with no partner,Living alone,7656,561.2209903415944,4.456214410705904,High reliability
51590,Householder with no partner,With children of the householder under 18 years,2044,288.1058833137567,8.568510498925068,High reliability
51590,Householder with no partner,With only nonrelatives present,447,184.4911922016875,25.090089580885405,Medium reliability
51590,Householder with no partner,"With relatives, no children of the householder under 18 years",2414,285.0438562747845,7.178083677906853,High reliability
51590,Married or cohabitating couple,With children of the householder under 18 years,1336,260.725909721301,11.863472586193918,High reliability
51590,Married or cohabitating couple,With no children of the householder under 18 years,4735,412.53484701295235,5.296326547285171,High reliability
51595,Householder with no partner,Living alone,693,181.10770276274835,15.88684963071868,Medium reliability
51595,Householder with no partner,With children of the householder under 18 years,222,102.47438704378767,28.060567661706965,Medium reliability
51595,Householder with no partner,With only nonrelatives present,30,33.83784863137726,68.56706916185868,Low reliability
51595,Householder with no partner,"With relatives, no children of the householder under 18 years",373,139.6030085635693,22.75202434276739,Medium reliability
51595,Married or cohabitating couple,With children of the householder under 18 years,304,137.27709204379295,27.451026244559458,Medium reliability
51595,Married or cohabitating couple,With no children of the householder under 18 years,597,162.28986413205232,16.525368904507573,Medium reliability
51600,Householder with no partner,Living alone,2133,296.66479400158016,8.454915134486159,High reliability
51600,Householder with no partner,With children of the householder under 18 years,389,175.36248173426378,27.404455619859785,Medium reliability
51600,Householder with no partner,With only nonrelatives present,658,166.20770138594662,15.355336830401292,Medium reliability
51600,Householder with no partner,"With relatives, no children of the householder under 18 years",738,196.65706191235543,16.198965569670385,Medium reliability
51600,Married or cohabitating couple,With children of the householder under 18 years,2221,243.51591323771842,6.665195398926753,High reliability
51600,Married or cohabitating couple,With no children of the householder under 18 years,3019,275.42694131112154,5.54596856808846,High reliability
51610,Householder with no partner,Living alone,2046,280.3711825420009,8.330323012713691,High reliability
51610,Householder with no partner,With children of the householder under 18 years,424,140.1606221447379,20.095289061297517,Medium reliability
51610,Householder with no partner,With only nonrelatives present,147,65.43699259593154,27.060766534719328,Medium reliability
51610,Householder with no partner,"With relatives, no children of the householder under 18 years",180,76.48529270389177,25.83089925832211,Medium reliability
51610,Married or cohabitating couple,With children of the householder under 18 years,1502,169.33103672983285,6.853315608766137,High reliability
51610,Married or cohabitating couple,With no children of the householder under 18 years,1754,250.49151682242655,8.681555205901113,High reliability
51620,Householder with no partner,Living alone,909,193.238194982255,12.922995307462692,High reliability
51620,Householder with no partner,With children of the householder under 18 years,177,121.49485585818027,41.72714984911657,Low reliability
51620,Householder with no partner,With only nonrelatives present,68,86.12200647918046,76.99088725118939,Low reliability
51620,Householder with no partner,"With relatives, no children of the householder under 18 years",611,198.53966858036205,19.753323673917595,Medium reliability
51620,Married or cohabitating couple,With children of the householder under 18 years,702,242.94237999986746,21.037797348424167,Medium reliability
51620,Married or cohabitating couple,With no children of the householder under 18 years,921,184.58873205046942,12.183712830342955,High reliability
51630,Householder with no partner,Living alone,4212,480.33529955646605,6.932505759437735,High reliability
51630,Householder with no partner,With children of the householder under 18 years,702,250.06599129029922,21.65467238981107,Medium reliability
51630,Householder with no partner,With only nonrelatives present,515,172.35138525698017,20.344248267120744,Medium reliability
51630,Householder with no partner,"With relatives, no children of the householder under 18 years",729,202.97044119772713,16.925416521589483,Medium reliability
51630,Married or cohabitating couple,With children of the householder under 18 years,1847,342.35799976048463,11.268021905578737,High reliability
51630,Married or cohabitating couple,With no children of the householder under 18 years,3438,393.58099547615353,6.959248511206832,High reliability
51640,Householder with no partner,Living alone,973,201.65812654093563,12.599026389784711,High reliability
51640,Householder with no partner,With children of the householder under 18 years,252,116.81181447096864,28.178659350356693,Medium reliability
51640,Householder with no partner,With only nonrelatives present,24,36.359317925395686,92.09553679178238,Low reliability
51640,Householder with no partner,"With relatives, no children of the householder under 18 years",213,111.51681487560519,31.82693747609207,Low reliability
51640,Married or cohabitating couple,With children of the householder under 18 years,380,102.88342918079665,16.45871527448355,Medium reliability
51640,Married or cohabitating couple,With no children of the householder under 18 years,887,214.76731594914529,14.719012274505111,High reliability
51650,Householder with no partner,Living alone,19970,1146.2203104115717,3.4891860904169985,High reliability
51650,Householder with no partner,With children of the householder under 18 years,5317,660.4922406811453,7.551533570204022,High reliability
51650,Householder with no partner,With only nonrelatives present,1706,351.8778197045105,12.538539811375923,High reliability
51650,Householder with no partner,"With relatives, no children of the householder under 18 years",5435,646.4000309405933,7.229960387789301,High reliability
51650,Married or cohabitating couple,With children of the householder under 18 years,9294,707.611475316787,4.628351103511479,High reliability
51650,Married or cohabitating couple,With no children of the householder under 18 years,16018,843.991706120386,3.2030519849075034,High reliability
51660,Householder with no partner,Living alone,4776,484.9515439711477,6.172599878459518,High reliability
51660,Householder with no partner,With children of the householder under 18 years,1180,252.98221281347034,13.032930442196195,High reliability
51660,Householder with no partner,With only nonrelatives present,2799,324.05246488801777,7.037955693859786,High reliability
51660,Householder with no partner,"With relatives, no children of the householder under 18 years",1291,275.40878707840824,12.96837761912178,High reliability
51660,Married or cohabitating couple,With children of the householder under 18 years,3486,411.92839183528,7.183373386473031,High reliability
51660,Married or cohabitating couple,With no children of the householder under 18 years,3799,489.2003679475313,7.8280137381782815,High reliability
51670,Householder with no partner,Living alone,2874,420.8004277564366,8.900686539976618,High reliability
51670,Householder with no partner,With children of the householder under 18 years,1119,285.4400112107621,15.50668129168532,Medium reliability
51670,Householder with no partner,With only nonrelatives present,202,139.5313584826006,41.990838870444676,Low reliability
51670,Householder with no partner,"With relatives, no children of the householder under 18 years",1256,293.393933134276,14.200236827206355,High reliability
51670,Married or cohabitating couple,With children of the householder under 18 years,1172,323.066556610244,16.757085625602663,Medium reliability
51670,Married or cohabitating couple,With no children of the householder under 18 years,2795,401.85196279227006,8.7401398022363,High reliability
51678,Householder with no partner,Living alone,774,231.69160537231383,18.197152546854365,Medium reliability
51678,Householder with no partner,With children of the householder under 18 years,123,117.71151175649729,58.176544718658306,Low reliability
51678,Householder with no partner,With only nonrelatives present,46,43.08131845707603,56.93315509062512,Low reliability
51678,Householder with no partner,"With relatives, no children of the householder under 18 years",70,63.60031446463138,55.23257877953225,Low reliability
51678,Married or cohabitating couple,With children of the householder under 18 years,195,89.05054744357274,27.76106225347135,Medium reliability
51678,Married or cohabitating couple,With no children of the householder under 18 years,853,217.4971264177989,15.500245970260437,Medium reliability
51680,Householder with no partner,Living alone,8666,551.7109750584992,3.870143214606636,High reliability
51680,Householder with no partner,With children of the householder under 18 years,2878,432.67770915544054,9.139192599458855,High reliability
51680,Householder with no partner,With only nonrelatives present,1917,345.0275351330673,10.941219741873377,High reliability
51680,Householder with no partner,"With relatives, no children of the householder under 18 years",2759,412.9128237291741,9.097891812023299,High reliability
51680,Married or cohabitating couple,With children of the householder under 18 years,3812,391.348949148966,6.240873471854455,High reliability
51680,Married or cohabitating couple,With no children of the householder under 18 years,8655,596.9288064752781,4.192659207305214,High reliability
51683,Householder with no partner,Living alone,3147,355.9845502265513,6.876516742950082,High reliability
51683,Householder with no partner,With children of the householder under 18 years,667,199.25109786397664,18.15971326166491,Medium reliability
51683,Householder with no partner,With only nonrelatives present,258,116.66190466471906,27.48801976030703,Medium reliability
51683,Householder with no partner,"With relatives, no children of the householder under 18 years",900,251.4358765172544,16.98317301703846,Medium reliability
51683,Married or cohabitating couple,With children of the householder under 18 years,4023,405.2024185515185,6.122884879292374,High reliability
51683,Married or cohabitating couple,With no children of the householder under 18 years,5046,446.8568003286959,5.383382309243663,High reliability
51685,Householder with no partner,Living alone,1387,311.8990221209422,13.670098685402325,High reliability
51685,Householder with no partner,With children of the householder under 18 years,202,94.36630754670864,28.398780446811113,Medium reliability
51685,Householder with no partner,With only nonrelatives present,20,39.96248240537617,121.46651187044428,Low reliability
51685,Householder with no partner,"With relatives, no children of the householder under 18 years",606,185.31055015837603,18.589239334956016,Medium reliability
51685,Married or cohabitating couple,With children of the householder under 18 years,1515,262.39283526803854,10.52866814200602,High reliability
51685,Married or cohabitating couple,With no children of the householder under 18 years,1435,256.40007800310826,10.861763680590883,High reliability
51690,Householder with no partner,Living alone,2279,296.5754541427864,7.910883276614053,High reliability
51690,Householder with no partner,With children of the householder under 18 years,535,163.52675622050356,18.581002325995346,Medium reliability
51690,Householder with no partner,With only nonrelatives present,69,48.75448697299562,42.953602901189925,Low reliability
51690,Householder with no partner,"With relatives, no children of the householder under 18 years",835,203.66639388961548,14.827468022468047,High reliability
51690,Married or cohabitating couple,With children of the householder under 18 years,695,168.6801707374047,14.754120464228176,High reliability
51690,Married or cohabitating couple,With no children of the householder under 18 years,1206,235.28068344001383,11.859682511455581,High reliability
51700,Householder with no partner,Living alone,26807,1105.352884829094,2.5066103721016795,High reliability
51700,Householder with no partner,With children of the householder under 18 years,7162,729.2256166646918,6.189587366832988,High reliability
51700,Householder with no partner,With only nonrelatives present,2612,476.47245460781886,11.089161890359176,High reliability
51700,Householder with no partner,"With relatives, no children of the householder under 18 years",7111,660.6133513637157,5.647428820742346,High reliability
51700,Married or cohabitating couple,With children of the householder under 18 years,12064,850.8190171828554,4.287261339637714,High reliability
51700,Married or cohabitating couple,With no children of the householder under 18 years,20042,1027.5884390163214,3.1168237856013663,High reliability
51710,Householder with no partner,Living alone,32618,1142.0144482448547,2.128376071922648,High reliability
51710,Householder with no partner,With children of the householder under 18 years,9007,612.2434156444641,4.132168837573911,High reliability
51710,Householder with no partner,With only nonrelatives present,4250,428.04906260848185,6.12263990857832,High reliability
51710,Householder with no partner,"With relatives, no children of the householder under 18 years",9371,727.8598766246151,4.7216733550970975,High reliability
51710,Married or cohabitating couple,With children of the householder under 18 years,13469,888.0461699709086,4.008060702583321,High reliability
51710,Married or cohabitating couple,With no children of the householder under 18 years,25742,1000.2399712069099,2.362087696043224,High reliability
51720,Householder with no partner,Living alone,559,189.69449122207,20.62894456797799,Medium reliability
51720,Householder with no partner,With children of the householder under 18 years,149,83.43260753446461,34.03953715120646,Low reliability
51720,Householder with no partner,With only nonrelatives present,31,43.965895873961216,86.2160915265442,Low reliability
51720,Householder with no partner,"With relatives, no children of the householder under 18 years",88,51.66236541235796,35.68828779521826,Low reliability
51720,Married or cohabitating couple,With children of the householder under 18 years,271,112.4144118874444,25.216615683765948,Medium reliability
51720,Married or cohabitating couple,With no children of the householder under 18 years,455,133.80956617521784,17.877626664246346,Medium reliability
51730,Householder with no partner,Living alone,7196,543.051562929341,4.587583805671684,High reliability
51730,Householder with no partner,With children of the householder under 18 years,1552,345.878591416121,13.54771532824088,High reliability
51730,Householder with no partner,With only nonrelatives present,482,197.28405916343064,24.88164299756973,Medium reliability
51730,Householder with no partner,"With relatives, no children of the householder under 18 years",2076,334.2469147202409,9.787553651815829,High reliability
51730,Married or cohabitating couple,With children of the householder under 18 years,972,271.4479692316743,16.9767451706552,Medium reliability
51730,Married or cohabitating couple,With no children of the householder under 18 years,2576,368.9173349139343,8.705972713141987,High reliability
51735,Householder with no partner,Living alone,784,203,15.740338688666956,Medium reliability
51735,Householder with no partner,With children of the householder under 18 years,267,131.65485179058157,29.975035413312746,Medium reliability
51735,Householder with no partner,With only nonrelatives present,40,42.485291572496,64.56731242020669,Low reliability
51735,Householder with no partner,"With relatives, no children of the householder under 18 years",170,75.59100475585703,27.030575632346515,Medium reliability
51735,Married or cohabitating couple,With children of the householder under 18 years,1378,178.84350701101786,7.889655816368283,High reliability
51735,Married or cohabitating couple,With no children of the householder under 18 years,2018,229.88910370002316,6.925184093915345,High reliability
51740,Householder with no partner,Living alone,13008,806.8116260937246,3.7704719755984843,High reliability
51740,Householder with no partner,With children of the householder under 18 years,4678,485.8240422210494,6.313248487988781,High reliability
51740,Householder with no partner,With only nonrelatives present,1236,327.04892600343453,16.08526996603587,Medium reliability
51740,Householder with no partner,"With relatives, no children of the householder under 18 years",4612,499.67289300101123,6.5861344002959274,High reliability
51740,Married or cohabitating couple,With children of the householder under 18 years,5936,583.702835353744,5.97767099674895,High reliability
51740,Married or cohabitating couple,With no children of the householder under 18 years,10208,624.3156253050215,3.7178994560855867,High reliability
51750,Householder with no partner,Living alone,1744,276.4796556710819,9.637198337716526,High reliability
51750,Householder with no partner,With children of the householder under 18 years,311,140.42791745233566,27.449040247136047,Medium reliability
51750,Householder with no partner,With only nonrelatives present,778,168.40427548016706,13.15853724225995,High reliability
51750,Householder with no partner,"With relatives, no children of the householder under 18 years",445,151.00993344810135,20.629067784310827,Medium reliability
51750,Married or cohabitating couple,With children of the householder under 18 years,789,143.13629868066312,11.028256974174774,High reliability
51750,Married or cohabitating couple,With no children of the householder under 18 years,1433,245.57687187518292,10.417784522244144,High reliability
51760,Householder with no partner,Living alone,43862,1474.0345993225533,2.0429293357386205,High reliability
51760,Householder with no partner,With children of the householder under 18 years,7454,790.0588585668792,6.443237743198847,High reliability
51760,Householder with no partner,With only nonrelatives present,6360,572.0603115057013,5.467877803002249,High reliability
51760,Householder with no partner,"With relatives, no children of the householder under 18 years",9306,707.2340489540927,4.619917397829375,High reliability
51760,Married or cohabitating couple,With children of the householder under 18 years,10757,767.8704317786953,4.339411880967566,High reliability
51760,Married or cohabitating couple,With no children of the householder under 18 years,24406,1118.8503027661923,2.7868235668945633,High reliability
51770,Householder with no partner,Living alone,17074,981.6934348359472,3.4952215328589236,High reliability
51770,Householder with no partner,With children of the householder under 18 years,3759,491.1720676097125,7.94319881701889,High reliability
51770,Householder with no partner,With only nonrelatives present,1009,304.09537977417546,18.321150964973324,Medium reliability
51770,Householder with no partner,"With relatives, no children of the householder under 18 years",4214,544.764169159463,7.858652792320042,High reliability
51770,Married or cohabitating couple,With children of the householder under 18 years,5241,557.8826041381825,6.470871230265721,High reliability
51770,Married or cohabitating couple,With no children of the householder under 18 years,12132,905.1463969988502,4.5354514574676035,High reliability
51775,Householder with no partner,Living alone,3131,301.5592810709032,5.854957262766068,High reliability
51775,Householder with no partner,With children of the householder under 18 years,632,210.6608648990125,20.262866463296188,Medium reliability
51775,Householder with no partner,With only nonrelatives present,302,141.65097952361643,28.513250975989134,Medium reliability
51775,Householder with no partner,"With relatives, no children of the householder under 18 years",889,190.14205216100936,13.00201053477042,High reliability
51775,Married or cohabitating couple,With children of the householder under 18 years,1899,249.5375723212839,7.98812916480707,High reliability
51775,Married or cohabitating couple,With no children of the householder under 18 years,3287,343.0058308542291,6.343601548223574,High reliability
51790,Householder with no partner,Living alone,4260,361.41527361194903,5.157402194899168,High reliability
51790,Householder with no partner,With children of the householder under 18 years,724,188.16216410320115,15.798935675091197,Medium reliability
51790,Householder with no partner,With only nonrelatives present,148,103.87011119662864,42.66413833756208,Low reliability
51790,Householder with no partner,"With relatives, no children of the householder under 18 years",1033,231.8469322635087,13.643793257959008,High reliability
51790,Married or cohabitating couple,With children of the householder under 18 years,1730,284.9438541186667,10.012609734127473,High reliability
51790,Married or cohabitating couple,With no children of the householder under 18 years,3461,363.3414372184929,6.381862283393907,High reliability
51800,Householder with no partner,Living alone,9677,606.1567454050148,3.8078365579338143,High reliability
51800,Householder with no partner,With children of the householder under 18 years,3039,433.5539182154856,8.672544024249811,High reliability
51800,Householder with no partner,With only nonrelatives present,496,167.72596698186004,20.55666817602952,Medium reliability
51800,Householder with no partner,"With relatives, no children of the householder under 18 years",3015,367.2220036980355,7.404154580653683,High reliability
51800,Married or cohabitating couple,With children of the householder under 18 years,7936,485.22365976938926,3.7168446337369874,High reliability
51800,Married or cohabitating couple,With no children of the householder under 18 years,12970,638.1614215854794,2.991056853601739,High reliability
51810,Householder with no partner,Living alone,46841,1708.8782870643538,2.217783107639579,High reliability
51810,Householder with no partner,With children of the householder under 18 years,13136,971.5930217946195,4.496300668408955,High reliability
51810,Householder with no partner,With only nonrelatives present,5095,612.7878915252813,7.311392258639423,High reliability
51810,Householder with no partner,"With relatives, no children of the householder under 18 years",14669,954.3233204737271,3.954841891927778,High reliability
51810,Married or cohabitating couple,With children of the householder under 18 years,38902,1513.6029862549822,2.3652341676512396,High reliability
51810,Married or cohabitating couple,With no children of the householder under 18 years,61157,1568.059310102778,1.5586564810821777,High reliability
51820,Householder with no partner,Living alone,3732,393.2759845197772,6.406043591118254,High reliability
51820,Householder with no partner,With children of the householder under 18 years,913,265.9793225045887,17.709699644419427,Medium reliability
51820,Householder with no partner,With only nonrelatives present,146,76.15773105863909,31.709926742989996,Low reliability
51820,Householder with no partner,"With relatives, no children of the householder under 18 years",754,229.8107917396396,18.528197474836507,Medium reliability
51820,Married or cohabitating couple,With children of the householder under 18 years,1474,266.00751869073173,10.970603683326875,High reliability
51820,Married or cohabitating couple,With no children of the householder under 18 years,2601,370.74249823833253,8.664951129115234,High reliability
51830,Householder with no partner,Living alone,1903,290.58905691715233,9.282705340221161,High reliability
51830,Householder with no partner,With children of the householder under 18 years,207,129.0348790056394,37.89403668139125,Low reliability
51830,Householder with no partner,With only nonrelatives present,440,155.56991997169632,21.493495436819053,Medium reliability
51830,Householder with no partner,"With relatives, no children of the householder under 18 years",287,119.87076374162301,25.39016208797073,Medium reliability
51830,Married or cohabitating couple,With children of the householder under 18 years,549,151.46286673637206,16.77134627051916,Medium reliability
51830,Married or cohabitating couple,With no children of the householder under 18 years,1587,212.61467494037188,8.144237083613321,High reliability
51840,Householder with no partner,Living alone,3957,427.36986323324203,6.565562521010314,High reliability
51840,Householder with no partner,With children of the householder under 18 years,907,262.8859068113009,17.61952170797887,Medium reliability
51840,Householder with no partner,With only nonrelatives present,663,232.01939574095957,21.273789649237333,Medium reliability
51840,Householder with no partner,"With relatives, no children of the householder under 18 years",693,194.98717906570164,17.10436357195065,Medium reliability
51840,Married or cohabitating couple,With children of the householder under 18 years,1687,332.29504961705345,11.974100158625983,High reliability
51840,Married or cohabitating couple,With no children of the householder under 18 years,3348,373.0643376148409,6.773800220334617,High reliability
