GEOID,age,type,estimate,moe,cv,reliability
51001,18 to 34,Lives alone,450,174,23.505572441742654,Medium reliability
51001,18 to 34,Lives with married or unmarried partner,1936,500.6395909234506,15.720050457291396,Medium reliability
51001,18 to 34,Lives with other nonrelative(s),147,95,39.28623120980915,Low reliability
51001,18 to 34,Lives with other relative(s),826,256,18.84056904406191,Medium reliability
51001,18 to 34,Lives with parent(s),1788,378,12.851635013565616,High reliability
51001,35 to 64,Lives alone,1556,290,11.329806768192153,High reliability
51001,35 to 64,Lives with married or unmarried partner,8063,593.9326561151526,4.477902596951383,High reliability
51001,35 to 64,Lives with other nonrelative(s),149,82,33.4550498765835,Low reliability
51001,35 to 64,Lives with other relative(s),1601,342,12.985804844616492,High reliability
51001,35 to 64,Lives with parent(s),453,235,31.5357931251971,Low reliability
51001,65 and over,Lives alone,2799,373,8.101026093774264,High reliability
51001,65 and over,Lives with married or unmarried partner,4712,424.1238026803023,5.471689725518785,High reliability
51001,65 and over,Lives with other nonrelative(s),30,30,60.790273556231014,Low reliability
51001,65 and over,Lives with other relative(s),639,187,17.78995485917871,Medium reliability
51001,65 and over,Lives with parent(s),12,11,55.724417426545095,Low reliability
51001,All ages,Lives alone,4805,480,6.072701624763972,High reliability
51001,All ages,Lives with married or unmarried partner,14711,965.1678610480147,3.9883636938883265,High reliability
51001,All ages,Lives with other nonrelative(s),326,145,27.03861860629907,Medium reliability
51001,All ages,Lives with other relative(s),3066,536,10.62739289828435,High reliability
51001,All ages,Lives with parent(s),2253,511,13.787762888253017,High reliability
51003,18 to 34,Lives alone,2393,413,10.491593388517927,High reliability
51003,18 to 34,Lives with married or unmarried partner,8258,721.0943072858084,5.308248994883168,High reliability
51003,18 to 34,Lives with other nonrelative(s),3414,533,9.49069004261017,High reliability
51003,18 to 34,Lives with other relative(s),1567,368,14.276209743901092,High reliability
51003,18 to 34,Lives with parent(s),4897,533,6.6165439668105215,High reliability
51003,35 to 64,Lives alone,4617,506,6.662308516234111,High reliability
51003,35 to 64,Lives with married or unmarried partner,29725,1270.5628673938177,2.5984142734822346,High reliability
51003,35 to 64,Lives with other nonrelative(s),1480,464,19.058572250061612,Medium reliability
51003,35 to 64,Lives with other relative(s),3621,483,8.108727458619047,High reliability
51003,35 to 64,Lives with parent(s),1152,289,15.250337723741977,Medium reliability
51003,65 and over,Lives alone,6466,601,5.65031772460483,High reliability
51003,65 and over,Lives with married or unmarried partner,12978,758.9314857086903,3.5549123614322777,High reliability
51003,65 and over,Lives with other nonrelative(s),604,278,27.979629219589768,Medium reliability
51003,65 and over,Lives with other relative(s),1982,289,8.863970261226417,High reliability
51003,65 and over,Lives with parent(s),45,49,66.19385342789597,Low reliability
51003,All ages,Lives alone,13476,868,3.9155504190270487,High reliability
51003,All ages,Lives with married or unmarried partner,50961,1924.4201724155773,2.295599158538337,High reliability
51003,All ages,Lives with other nonrelative(s),5498,851,9.40933481199574,High reliability
51003,All ages,Lives with other relative(s),7170,630,5.341404789459628,High reliability
51003,All ages,Lives with parent(s),6094,631,6.294496654739376,High reliability
51005,18 to 34,Lives alone,165,105,38.684719535783366,Low reliability
51005,18 to 34,Lives with married or unmarried partner,810,210.535032714273,15.800595347988516,Medium reliability
51005,18 to 34,Lives with other nonrelative(s),66,74,68.15879156304689,Low reliability
51005,18 to 34,Lives with other relative(s),669,225,20.445159267790693,Medium reliability
51005,18 to 34,Lives with parent(s),959,203,12.868014110443058,High reliability
51005,35 to 64,Lives alone,857,232,16.45664348313371,Medium reliability
51005,35 to 64,Lives with married or unmarried partner,3790,362.9063240011119,5.820890425148758,High reliability
51005,35 to 64,Lives with other nonrelative(s),132,138,63.553467808786955,Low reliability
51005,35 to 64,Lives with other relative(s),443,157,21.544182727603314,Medium reliability
51005,35 to 64,Lives with parent(s),374,144,23.40588072753279,Medium reliability
51005,65 and over,Lives alone,1315,198,9.153212292116912,High reliability
51005,65 and over,Lives with married or unmarried partner,1830,189.44656238633627,6.293173962706537,High reliability
51005,65 and over,Lives with other nonrelative(s),16,26,98.78419452887537,Low reliability
51005,65 and over,Lives with other relative(s),455,131,17.502254584321452,Medium reliability
51005,65 and over,Lives with parent(s),0,21,Inf,Low reliability
51005,All ages,Lives alone,2337,343,8.922149691821666,High reliability
51005,All ages,Lives with married or unmarried partner,6430,516.0939836890176,4.879237083853873,High reliability
51005,All ages,Lives with other nonrelative(s),214,147,41.7578047325512,Low reliability
51005,All ages,Lives with other relative(s),1567,347,13.461534731341517,High reliability
51005,All ages,Lives with parent(s),1333,257,11.720255291786472,High reliability
51007,18 to 34,Lives alone,331,184,33.79278046630364,Low reliability
51007,18 to 34,Lives with married or unmarried partner,924,239.73318502034715,15.772127595122775,Medium reliability
51007,18 to 34,Lives with other nonrelative(s),109,127,70.82903432698475,Low reliability
51007,18 to 34,Lives with other relative(s),339,231,41.42346074185652,Low reliability
51007,18 to 34,Lives with parent(s),760,230,18.397056470964646,Medium reliability
51007,35 to 64,Lives alone,524,171,19.838047286479966,Medium reliability
51007,35 to 64,Lives with married or unmarried partner,3841,488.7862518524841,7.735863046247678,High reliability
51007,35 to 64,Lives with other nonrelative(s),15,23,93.21175278622087,Low reliability
51007,35 to 64,Lives with other relative(s),519,237,27.759720294463868,Medium reliability
51007,35 to 64,Lives with parent(s),392,246,38.14899820110415,Low reliability
51007,65 and over,Lives alone,623,175,17.075919538267133,Medium reliability
51007,65 and over,Lives with married or unmarried partner,1703,293.4024539774676,10.473291508725621,High reliability
51007,65 and over,Lives with other nonrelative(s),14,25,108.55405992184106,Low reliability
51007,65 and over,Lives with other relative(s),347,170,29.781978399306258,Medium reliability
51007,65 and over,Lives with parent(s),0,21,Inf,Low reliability
51007,All ages,Lives alone,1478,243,9.994611958162473,High reliability
51007,All ages,Lives with married or unmarried partner,6468,650.0038461424671,6.109139087755545,High reliability
51007,All ages,Lives with other nonrelative(s),138,136,59.90925509889432,Low reliability
51007,All ages,Lives with other relative(s),1205,390,19.67486032110381,Medium reliability
51007,All ages,Lives with parent(s),1152,312,16.46403242147923,Medium reliability
51009,18 to 34,Lives alone,302,130,26.167998550695465,Medium reliability
51009,18 to 34,Lives with married or unmarried partner,2260,380.741382042982,10.241315384323157,High reliability
51009,18 to 34,Lives with other nonrelative(s),301,117,23.629441880661222,Medium reliability
51009,18 to 34,Lives with other relative(s),610,184,18.336738253027058,Medium reliability
51009,18 to 34,Lives with parent(s),2156,277,7.810253142428566,High reliability
51009,35 to 64,Lives alone,1687,299,10.774328271080657,High reliability
51009,35 to 64,Lives with married or unmarried partner,7831,555.6977595779922,4.313755436001894,High reliability
51009,35 to 64,Lives with other nonrelative(s),475,175,22.39641657334826,Medium reliability
51009,35 to 64,Lives with other relative(s),1316,258,11.91784998290851,High reliability
51009,35 to 64,Lives with parent(s),627,180,17.45175317403761,Medium reliability
51009,65 and over,Lives alone,1852,270,8.862512883467803,High reliability
51009,65 and over,Lives with married or unmarried partner,3615,326.21618598714565,5.4856905075045415,High reliability
51009,65 and over,Lives with other nonrelative(s),223,123,33.53006119917674,Low reliability
51009,65 and over,Lives with other relative(s),856,185,13.138084822316282,High reliability
51009,65 and over,Lives with parent(s),21,37,107.10667245621654,Low reliability
51009,All ages,Lives alone,3841,408,6.457284980719148,High reliability
51009,All ages,Lives with married or unmarried partner,13706,837.7523500414666,3.715686161636958,High reliability
51009,All ages,Lives with other nonrelative(s),999,292,17.768528406826277,Medium reliability
51009,All ages,Lives with other relative(s),2782,433,9.461606200520496,High reliability
51009,All ages,Lives with parent(s),2804,342,7.414505547871256,High reliability
51011,18 to 34,Lives alone,84,59,42.69793023592416,Low reliability
51011,18 to 34,Lives with married or unmarried partner,1105,269.937029693964,14.850267762943462,High reliability
51011,18 to 34,Lives with other nonrelative(s),169,161,57.91262747072895,Low reliability
51011,18 to 34,Lives with other relative(s),385,151,23.842418979197095,Medium reliability
51011,18 to 34,Lives with parent(s),1324,210,9.641961817831202,High reliability
51011,35 to 64,Lives alone,839,199,14.41867036673417,High reliability
51011,35 to 64,Lives with married or unmarried partner,4459,410.00731700787975,5.589696559983255,High reliability
51011,35 to 64,Lives with other nonrelative(s),38,34,54.391297392417215,Low reliability
51011,35 to 64,Lives with other relative(s),739,247,20.31826463922741,Medium reliability
51011,35 to 64,Lives with parent(s),283,165,35.44309235610641,Low reliability
51011,65 and over,Lives alone,896,154,10.448328267477205,High reliability
51011,65 and over,Lives with married or unmarried partner,1859,208.61447696648477,6.82180264797346,High reliability
51011,65 and over,Lives with other nonrelative(s),99,72,44.21110804089527,Low reliability
51011,65 and over,Lives with other relative(s),450,130,17.56163458291118,Medium reliability
51011,65 and over,Lives with parent(s),27,36,81.05369807497466,Low reliability
51011,All ages,Lives alone,1819,272,9.090134363548561,High reliability
51011,All ages,Lives with married or unmarried partner,7423,608.3420090705556,4.9819853357330235,High reliability
51011,All ages,Lives with other nonrelative(s),306,159,31.587102926276895,Low reliability
51011,All ages,Lives with other relative(s),1574,365,14.096855049570722,High reliability
51011,All ages,Lives with parent(s),1634,262,9.747277644879144,High reliability
51013,18 to 34,Lives alone,15883,909,3.4790882492359114,High reliability
51013,18 to 34,Lives with married or unmarried partner,26950,1817.0151347746116,4.098584307931747,High reliability
51013,18 to 34,Lives with other nonrelative(s),17422,1068,3.7265533324563602,High reliability
51013,18 to 34,Lives with other relative(s),3120,563,10.969526926973735,High reliability
51013,18 to 34,Lives with parent(s),7774,812,6.349588645183892,High reliability
51013,35 to 64,Lives alone,20467,986,2.9285781856864106,High reliability
51013,35 to 64,Lives with married or unmarried partner,59422,1641.230331184505,1.6790219245648021,High reliability
51013,35 to 64,Lives with other nonrelative(s),3009,612,12.364123435165627,High reliability
51013,35 to 64,Lives with other relative(s),7582,813,6.518397837142681,High reliability
51013,35 to 64,Lives with parent(s),1344,335,15.152337530756984,Medium reliability
51013,65 and over,Lives alone,9230,488,3.2140469659199056,High reliability
51013,65 and over,Lives with married or unmarried partner,14179,639.3598360860651,2.7411565933097477,High reliability
51013,65 and over,Lives with other nonrelative(s),627,230,22.299462389048056,Medium reliability
51013,65 and over,Lives with other relative(s),2529,395,9.49472441862841,High reliability
51013,65 and over,Lives with parent(s),44,37,51.11909367228517,Low reliability
51013,All ages,Lives alone,45580,1405,1.8738555144033469,High reliability
51013,All ages,Lives with married or unmarried partner,100551,2842.5696121643177,1.7185367060108636,High reliability
51013,All ages,Lives with other nonrelative(s),21058,1396,4.029975395787752,High reliability
51013,All ages,Lives with other relative(s),13231,1145,5.260740928265777,High reliability
51013,All ages,Lives with parent(s),9162,987,6.548788474132286,High reliability
51015,18 to 34,Lives alone,850,210,15.018773466833544,Medium reliability
51015,18 to 34,Lives with married or unmarried partner,5736,708.5266402895519,7.508983313298316,High reliability
51015,18 to 34,Lives with other nonrelative(s),848,314,22.50960601020818,Medium reliability
51015,18 to 34,Lives with other relative(s),1410,345,14.874215870141628,High reliability
51015,18 to 34,Lives with parent(s),4735,409,5.250944431784262,High reliability
51015,35 to 64,Lives alone,2734,467,10.383708028807563,High reliability
51015,35 to 64,Lives with married or unmarried partner,22250,1102.597387988925,3.012458284864383,High reliability
51015,35 to 64,Lives with other nonrelative(s),693,261,22.89503809260648,Medium reliability
51015,35 to 64,Lives with other relative(s),2379,481,12.290929626123209,High reliability
51015,35 to 64,Lives with parent(s),1503,475,19.211829633539406,Medium reliability
51015,65 and over,Lives alone,4297,441,6.238890071747235,High reliability
51015,65 and over,Lives with married or unmarried partner,10124,629.9031671614297,3.7822980882733717,High reliability
51015,65 and over,Lives with other nonrelative(s),369,213,35.0903205080683,Low reliability
51015,65 and over,Lives with other relative(s),2040,418,12.456046248286547,High reliability
51015,65 and over,Lives with parent(s),4,6,91.1854103343465,Low reliability
51015,All ages,Lives alone,7881,601,4.635827230972571,High reliability
51015,All ages,Lives with married or unmarried partner,38110,1512.243366657629,2.4122195734115195,High reliability
51015,All ages,Lives with other nonrelative(s),1910,511,16.263785228918348,Medium reliability
51015,All ages,Lives with other relative(s),5829,798,8.322291696323957,High reliability
51015,All ages,Lives with parent(s),6242,702,6.836714520422007,High reliability
51017,18 to 34,Lives alone,11,21,116.05415860735009,Low reliability
51017,18 to 34,Lives with married or unmarried partner,293,147.6651617681029,30.63687910787741,Low reliability
51017,18 to 34,Lives with other nonrelative(s),26,31,72.48071077858313,Low reliability
51017,18 to 34,Lives with other relative(s),33,40,73.68518006815879,Low reliability
51017,18 to 34,Lives with parent(s),206,94,27.739251040221912,Medium reliability
51017,35 to 64,Lives alone,251,97,23.49265551774664,Medium reliability
51017,35 to 64,Lives with married or unmarried partner,1218,262.9752840097335,13.1250734429222,High reliability
51017,35 to 64,Lives with other nonrelative(s),0,13,Inf,Low reliability
51017,35 to 64,Lives with other relative(s),90,58,39.17595406957109,Low reliability
51017,35 to 64,Lives with parent(s),70,79,68.60616587060356,Low reliability
51017,65 and over,Lives alone,244,109,27.15631072798844,Medium reliability
51017,65 and over,Lives with married or unmarried partner,677,242.10121850168372,21.7391422466975,Medium reliability
51017,65 and over,Lives with other nonrelative(s),17,24,85.82156266762024,Low reliability
51017,65 and over,Lives with other relative(s),94,74,47.85617279958611,Low reliability
51017,65 and over,Lives with parent(s),0,13,Inf,Low reliability
51017,All ages,Lives alone,506,152,18.26110984297848,Medium reliability
51017,All ages,Lives with married or unmarried partner,2188,299.61308382645774,8.324296767292658,High reliability
51017,All ages,Lives with other nonrelative(s),43,42,59.376546264225624,Low reliability
51017,All ages,Lives with other relative(s),217,115,32.216043589707674,Low reliability
51017,All ages,Lives with parent(s),276,128,28.192590634773794,Medium reliability
51019,18 to 34,Lives alone,854,223,15.873806795128237,Medium reliability
51019,18 to 34,Lives with married or unmarried partner,5673,610.1843983583979,6.538564515415343,High reliability
51019,18 to 34,Lives with other nonrelative(s),1134,364,19.512927314345756,Medium reliability
51019,18 to 34,Lives with other relative(s),1236,309,15.19756838905775,Medium reliability
51019,18 to 34,Lives with parent(s),5165,485,5.708283189694489,High reliability
51019,35 to 64,Lives alone,3336,428,7.799231739228676,High reliability
51019,35 to 64,Lives with married or unmarried partner,24273,902.9307836152226,2.2613360251436334,High reliability
51019,35 to 64,Lives with other nonrelative(s),351,183,31.694074247265736,Low reliability
51019,35 to 64,Lives with other relative(s),2781,531,11.607204335979382,High reliability
51019,35 to 64,Lives with parent(s),1289,281,13.252185313654701,High reliability
51019,65 and over,Lives alone,4330,374,5.250707230953902,High reliability
51019,65 and over,Lives with married or unmarried partner,11889,575.1182487106456,2.9406674797123933,High reliability
51019,65 and over,Lives with other nonrelative(s),89,67,45.76346436255592,Low reliability
51019,65 and over,Lives with other relative(s),1534,333,13.196324050994084,High reliability
51019,65 and over,Lives with parent(s),58,58,60.790273556231,Low reliability
51019,All ages,Lives alone,8520,556,3.9670648001484086,High reliability
51019,All ages,Lives with married or unmarried partner,41835,1389.2476381120825,2.0187102655236355,High reliability
51019,All ages,Lives with other nonrelative(s),1574,409,15.796201959655958,Medium reliability
51019,All ages,Lives with other relative(s),5551,842,9.220935026904433,High reliability
51019,All ages,Lives with parent(s),6512,593,5.535723620830003,High reliability
51021,18 to 34,Lives alone,9,17,114.8260722728808,Low reliability
51021,18 to 34,Lives with married or unmarried partner,414,170,24.962189624539302,Medium reliability
51021,18 to 34,Lives with other nonrelative(s),45,62,83.75548801080716,Low reliability
51021,18 to 34,Lives with other relative(s),88,76,52.50069079856314,Low reliability
51021,18 to 34,Lives with parent(s),251,92,22.281693893120526,Medium reliability
51021,35 to 64,Lives alone,401,168,25.468244282909748,Medium reliability
51021,35 to 64,Lives with married or unmarried partner,1375,242.33241632105268,10.713784639781274,High reliability
51021,35 to 64,Lives with other nonrelative(s),26,30,70.1426233341127,Low reliability
51021,35 to 64,Lives with other relative(s),97,60,37.6022310657099,Low reliability
51021,35 to 64,Lives with parent(s),269,141,31.864046733935208,Low reliability
51021,65 and over,Lives alone,434,104,14.567254492737383,High reliability
51021,65 and over,Lives with married or unmarried partner,831,148.22280526288793,10.842966160292315,High reliability
51021,65 and over,Lives with other nonrelative(s),0,19,Inf,Low reliability
51021,65 and over,Lives with other relative(s),161,107,40.400989257867806,Low reliability
51021,65 and over,Lives with parent(s),0,19,Inf,Low reliability
51021,All ages,Lives alone,844,193,13.901093360607325,High reliability
51021,All ages,Lives with married or unmarried partner,2620,336.6674917481639,7.81149195452711,High reliability
51021,All ages,Lives with other nonrelative(s),71,70,59.934072520227744,Low reliability
51021,All ages,Lives with other relative(s),346,137,24.07013721735158,Medium reliability
51021,All ages,Lives with parent(s),520,179,20.92588262801029,Medium reliability
51023,18 to 34,Lives alone,393,174,26.91477760504884,Medium reliability
51023,18 to 34,Lives with married or unmarried partner,1586,303.621474866321,11.637599315680939,High reliability
51023,18 to 34,Lives with other nonrelative(s),378,202,32.485807561795404,Low reliability
51023,18 to 34,Lives with other relative(s),483,178,22.403040772275606,Medium reliability
51023,18 to 34,Lives with parent(s),2771,364,7.985441925105769,High reliability
51023,35 to 64,Lives alone,1476,343,14.126737012050972,High reliability
51023,35 to 64,Lives with married or unmarried partner,9477,685.5960910040255,4.397760253373152,High reliability
51023,35 to 64,Lives with other nonrelative(s),141,94,40.52684903748733,Low reliability
51023,35 to 64,Lives with other relative(s),1593,457,17.439519783551518,Medium reliability
51023,35 to 64,Lives with parent(s),974,299,18.661490547549352,Medium reliability
51023,65 and over,Lives alone,1803,278,9.373098196690083,High reliability
51023,65 and over,Lives with married or unmarried partner,5189,335.4101966249685,3.929404048252276,High reliability
51023,65 and over,Lives with other nonrelative(s),52,50,58.452186111760575,Low reliability
51023,65 and over,Lives with other relative(s),770,202,15.947578257608653,Medium reliability
51023,65 and over,Lives with parent(s),21,36,104.21189752496743,Low reliability
51023,All ages,Lives alone,3672,389,6.4399282171497445,High reliability
51023,All ages,Lives with married or unmarried partner,16252,978.2811456835913,3.6592406141403266,High reliability
51023,All ages,Lives with other nonrelative(s),571,228,24.273524292155287,Medium reliability
51023,All ages,Lives with other relative(s),2846,570,12.175142630727924,High reliability
51023,All ages,Lives with parent(s),3766,485,7.828805808489654,High reliability
51025,18 to 34,Lives alone,174,82,28.648289836844498,Medium reliability
51025,18 to 34,Lives with married or unmarried partner,930,334.41441356496586,21.85929428146327,Medium reliability
51025,18 to 34,Lives with other nonrelative(s),53,58,66.52520502379996,Low reliability
51025,18 to 34,Lives with other relative(s),444,121,16.566718694378267,Medium reliability
51025,18 to 34,Lives with parent(s),1184,270,13.862646841370244,High reliability
51025,35 to 64,Lives alone,899,199,13.456356437919878,High reliability
51025,35 to 64,Lives with married or unmarried partner,3134,426.7692584992504,8.278053595902774,High reliability
51025,35 to 64,Lives with other nonrelative(s),107,127,72.15294151066671,Low reliability
51025,35 to 64,Lives with other relative(s),672,151,13.659719206831669,High reliability
51025,35 to 64,Lives with parent(s),262,125,29.002993108888838,Medium reliability
51025,65 and over,Lives alone,1258,207,10.002851054165198,High reliability
51025,65 and over,Lives with married or unmarried partner,1602,268.16412884649577,10.17588686051614,High reliability
51025,65 and over,Lives with other nonrelative(s),36,36,60.790273556231,Low reliability
51025,65 and over,Lives with other relative(s),409,113,16.795356752699515,Medium reliability
51025,65 and over,Lives with parent(s),35,36,62.52713851498045,Low reliability
51025,All ages,Lives alone,2331,330,8.606087633443256,High reliability
51025,All ages,Lives with married or unmarried partner,5666,669.0201790678664,7.177889110514339,High reliability
51025,All ages,Lives with other nonrelative(s),196,125,38.76930711494324,Low reliability
51025,All ages,Lives with other relative(s),1525,228,9.088644177587323,High reliability
51025,All ages,Lives with parent(s),1481,322,13.2170615024351,High reliability
51027,18 to 34,Lives alone,113,66,35.505823493019875,Low reliability
51027,18 to 34,Lives with married or unmarried partner,1139,310.60103026229643,16.577279715972065,Medium reliability
51027,18 to 34,Lives with other nonrelative(s),97,88,55.149938896374515,Low reliability
51027,18 to 34,Lives with other relative(s),427,162,23.063288796509184,Medium reliability
51027,18 to 34,Lives with parent(s),1559,290,11.308004702570232,High reliability
51027,35 to 64,Lives alone,911,226,15.08079234216049,Medium reliability
51027,35 to 64,Lives with married or unmarried partner,4556,466.75261113356396,6.227835582505369,High reliability
51027,35 to 64,Lives with other nonrelative(s),189,159,51.141023785400684,Low reliability
51027,35 to 64,Lives with other relative(s),771,214,16.873046097319627,Medium reliability
51027,35 to 64,Lives with parent(s),1202,304,15.374578337016825,Medium reliability
51027,65 and over,Lives alone,1063,221,12.638429403506166,High reliability
51027,65 and over,Lives with married or unmarried partner,2609,315.2792413083995,7.3460756327093035,High reliability
51027,65 and over,Lives with other nonrelative(s),7,12,104.21189752496744,Low reliability
51027,65 and over,Lives with other relative(s),730,223,18.570179456218515,Medium reliability
51027,65 and over,Lives with parent(s),49,54,66.99336269462192,Low reliability
51027,All ages,Lives alone,2087,336,9.787030146091814,High reliability
51027,All ages,Lives with married or unmarried partner,8304,680,4.978008913564196,High reliability
51027,All ages,Lives with other nonrelative(s),293,178,36.93060987375126,Low reliability
51027,All ages,Lives with other relative(s),1928,380,11.981485451954244,High reliability
51027,All ages,Lives with parent(s),2810,457,9.886532033878137,High reliability
51029,18 to 34,Lives alone,100,60,36.474164133738604,Low reliability
51029,18 to 34,Lives with married or unmarried partner,893,209.0287061625747,14.229464981778214,High reliability
51029,18 to 34,Lives with other nonrelative(s),61,51,50.824654940455424,Low reliability
51029,18 to 34,Lives with other relative(s),422,213,30.68324233999337,Low reliability
51029,18 to 34,Lives with parent(s),1359,239,10.690857527549086,High reliability
51029,35 to 64,Lives alone,627,189,18.324340832739487,Medium reliability
51029,35 to 64,Lives with married or unmarried partner,3958,390.713449986048,6.000903867294249,High reliability
51029,35 to 64,Lives with other nonrelative(s),145,74,31.024001676973068,Low reliability
51029,35 to 64,Lives with other relative(s),654,171,15.894704553693428,Medium reliability
51029,35 to 64,Lives with parent(s),341,127,22.64036581126492,Medium reliability
51029,65 and over,Lives alone,1014,190,11.390682421778985,High reliability
51029,65 and over,Lives with married or unmarried partner,1587,249.06424873915566,9.540443487038711,High reliability
51029,65 and over,Lives with other nonrelative(s),88,93,64.24426637192595,Low reliability
51029,65 and over,Lives with other relative(s),519,121,14.172684200971005,High reliability
51029,65 and over,Lives with parent(s),23,21,55.50416281221091,Low reliability
51029,All ages,Lives alone,1741,270,9.427555347606186,High reliability
51029,All ages,Lives with married or unmarried partner,6438,561.7303623625841,5.304091704389911,High reliability
51029,All ages,Lives with other nonrelative(s),294,148,30.60190641606187,Low reliability
51029,All ages,Lives with other relative(s),1595,311,11.853150517860715,High reliability
51029,All ages,Lives with parent(s),1723,278,9.808297184348357,High reliability
51031,18 to 34,Lives alone,671,197,17.847516975525345,Medium reliability
51031,18 to 34,Lives with married or unmarried partner,4527,573.1352370950507,7.696277412795107,High reliability
51031,18 to 34,Lives with other nonrelative(s),1307,360,16.744069227423992,Medium reliability
51031,18 to 34,Lives with other relative(s),1383,339,14.900869656950332,High reliability
51031,18 to 34,Lives with parent(s),3661,427,7.090261351682775,High reliability
51031,35 to 64,Lives alone,2600,461,10.778583119008651,High reliability
51031,35 to 64,Lives with married or unmarried partner,13723,900.8584794516839,3.990631305204268,High reliability
51031,35 to 64,Lives with other nonrelative(s),855,343,24.387209157645888,Medium reliability
51031,35 to 64,Lives with other relative(s),2486,368,8.998721105668949,High reliability
51031,35 to 64,Lives with parent(s),1428,393,16.73009629383668,Medium reliability
51031,65 and over,Lives alone,3105,355,6.950256718989374,High reliability
51031,65 and over,Lives with married or unmarried partner,6244,535.2803004034429,5.211376664123446,High reliability
51031,65 and over,Lives with other nonrelative(s),172,103,36.403477769138334,Low reliability
51031,65 and over,Lives with other relative(s),1617,358,13.458823706326964,High reliability
51031,65 and over,Lives with parent(s),10,17,103.34346504559271,Low reliability
51031,All ages,Lives alone,6376,580,5.529855499155268,High reliability
51031,All ages,Lives with married or unmarried partner,24494,1391.4165443892064,3.4532780421362577,High reliability
51031,All ages,Lives with other nonrelative(s),2334,558,14.533407302646486,High reliability
51031,All ages,Lives with other relative(s),5486,718,7.956145901088929,High reliability
51031,All ages,Lives with parent(s),5099,655,7.80890942916872,High reliability
51033,18 to 34,Lives alone,113,76,40.88549371923501,Low reliability
51033,18 to 34,Lives with married or unmarried partner,2757,491.4682085343873,10.836592978235831,High reliability
51033,18 to 34,Lives with other nonrelative(s),515,239,28.21140850473633,Medium reliability
51033,18 to 34,Lives with other relative(s),570,190,20.263424518743665,Medium reliability
51033,18 to 34,Lives with parent(s),1798,358,12.103958805968132,High reliability
51033,35 to 64,Lives alone,1614,364,13.709826254317278,High reliability
51033,35 to 64,Lives with married or unmarried partner,7609,706.847225360615,5.647185726394355,High reliability
51033,35 to 64,Lives with other nonrelative(s),498,231,28.197897974878234,Medium reliability
51033,35 to 64,Lives with other relative(s),1800,391,13.204998311381292,High reliability
51033,35 to 64,Lives with parent(s),840,241,17.4410189607758,Medium reliability
51033,65 and over,Lives alone,963,191,12.057053218317883,High reliability
51033,65 and over,Lives with married or unmarried partner,3036,301.7979456523851,6.042944556955543,High reliability
51033,65 and over,Lives with other nonrelative(s),280,236,51.23751628310899,Low reliability
51033,65 and over,Lives with other relative(s),761,175,13.979366455112254,High reliability
51033,65 and over,Lives with parent(s),0,28,Inf,Low reliability
51033,All ages,Lives alone,2690,392,8.858656964328086,High reliability
51033,All ages,Lives with married or unmarried partner,13402,1013.8426899672355,4.598699781084416,High reliability
51033,All ages,Lives with other nonrelative(s),1293,398,18.711932618236613,Medium reliability
51033,All ages,Lives with other relative(s),3131,486,9.435986249865303,High reliability
51033,All ages,Lives with parent(s),2638,415,9.563291708049986,High reliability
51035,18 to 34,Lives alone,222,110,30.121306717051393,Low reliability
51035,18 to 34,Lives with married or unmarried partner,2122,411.82520563948003,11.7978166391023,High reliability
51035,18 to 34,Lives with other nonrelative(s),421,217,31.333703947035936,Low reliability
51035,18 to 34,Lives with other relative(s),899,233,15.755432412237843,Medium reliability
51035,18 to 34,Lives with parent(s),1378,296,13.057997803080102,High reliability
51035,35 to 64,Lives alone,1538,333,13.162003312239873,High reliability
51035,35 to 64,Lives with married or unmarried partner,7285,665.3495322009327,5.552063153466716,High reliability
51035,35 to 64,Lives with other nonrelative(s),462,263,34.605718496296,Low reliability
51035,35 to 64,Lives with other relative(s),1176,318,16.438186216735932,Medium reliability
51035,35 to 64,Lives with parent(s),934,360,23.430940557005524,Medium reliability
51035,65 and over,Lives alone,2202,313,8.64094260812911,High reliability
51035,65 and over,Lives with married or unmarried partner,4235,347.1397413146469,4.982932665113731,High reliability
51035,65 and over,Lives with other nonrelative(s),43,60,84.82363752032234,Low reliability
51035,65 and over,Lives with other relative(s),825,254,18.716035737312335,Medium reliability
51035,65 and over,Lives with parent(s),39,64,99.75839763073805,Low reliability
51035,All ages,Lives alone,3962,477,7.31876842158561,High reliability
51035,All ages,Lives with married or unmarried partner,13642,956.0094141795885,4.260084577797195,High reliability
51035,All ages,Lives with other nonrelative(s),926,379,24.88068431729109,Medium reliability
51035,All ages,Lives with other relative(s),2900,524,10.984173566712084,High reliability
51035,All ages,Lives with parent(s),2351,524,13.549171987862628,High reliability
51036,18 to 34,Lives alone,72,30,25.329280648429588,Medium reliability
51036,18 to 34,Lives with married or unmarried partner,317,65.19202405202648,12.501706548287322,High reliability
51036,18 to 34,Lives with other nonrelative(s),28,20,43.42162396873643,Low reliability
51036,18 to 34,Lives with other relative(s),154,36,14.210713298859195,High reliability
51036,18 to 34,Lives with parent(s),572,84,8.927242969796161,High reliability
51036,35 to 64,Lives alone,480,103,13.044579533941237,High reliability
51036,35 to 64,Lives with married or unmarried partner,1623,173.92527130926086,6.514457684061408,High reliability
51036,35 to 64,Lives with other nonrelative(s),114,51,27.195648696208607,Medium reliability
51036,35 to 64,Lives with other relative(s),361,70,11.787587670183298,High reliability
51036,35 to 64,Lives with parent(s),243,62,15.510275557556882,Medium reliability
51036,65 and over,Lives alone,465,70,9.151223976206818,High reliability
51036,65 and over,Lives with married or unmarried partner,909,96.33794683301072,6.442695425549351,High reliability
51036,65 and over,Lives with other nonrelative(s),63,36,34.73729917498915,Low reliability
51036,65 and over,Lives with other relative(s),299,64,13.011964908357138,High reliability
51036,65 and over,Lives with parent(s),13,11,51.437923778349315,Low reliability
51036,All ages,Lives alone,1017,119,7.113119521328898,High reliability
51036,All ages,Lives with married or unmarried partner,2849,254.31083343027288,5.4263338478551715,High reliability
51036,All ages,Lives with other nonrelative(s),205,81,24.019571502705908,Medium reliability
51036,All ages,Lives with other relative(s),814,112,8.364263683412618,High reliability
51036,All ages,Lives with parent(s),828,96,7.04814765869345,High reliability
51037,18 to 34,Lives alone,86,56,39.58436417615042,Low reliability
51037,18 to 34,Lives with married or unmarried partner,642,177.2794404323299,16.786395139839396,Medium reliability
51037,18 to 34,Lives with other nonrelative(s),84,59,42.69793023592416,Low reliability
51037,18 to 34,Lives with other relative(s),395,99,15.236043245738909,Medium reliability
51037,18 to 34,Lives with parent(s),803,156,11.809816531472025,High reliability
51037,35 to 64,Lives alone,697,144,12.559253073310279,High reliability
51037,35 to 64,Lives with married or unmarried partner,2023,319.4698733840172,9.59993128818037,High reliability
51037,35 to 64,Lives with other nonrelative(s),489,179,22.25247232426452,Medium reliability
51037,35 to 64,Lives with other relative(s),658,169,15.613307341949906,Medium reliability
51037,35 to 64,Lives with parent(s),371,144,23.595146609426585,Medium reliability
51037,65 and over,Lives alone,886,182,12.48739253638154,High reliability
51037,65 and over,Lives with married or unmarried partner,1178,195.4328529188478,10.08524328591801,High reliability
51037,65 and over,Lives with other nonrelative(s),144,121,51.08071597433299,Low reliability
51037,65 and over,Lives with other relative(s),282,83,17.89217271335877,Medium reliability
51037,65 and over,Lives with parent(s),0,21,Inf,Low reliability
51037,All ages,Lives alone,1669,229,8.340906317781247,High reliability
51037,All ages,Lives with married or unmarried partner,3843,413.76563414570813,6.54512778763596,High reliability
51037,All ages,Lives with other nonrelative(s),717,253,21.450403360845808,Medium reliability
51037,All ages,Lives with other relative(s),1335,180,8.196441378368226,High reliability
51037,All ages,Lives with parent(s),1174,197,10.200752888055797,High reliability
51041,18 to 34,Lives alone,4309,543,7.660505579260486,High reliability
51041,18 to 34,Lives with married or unmarried partner,26509,1657.603088800211,3.8012050705729488,High reliability
51041,18 to 34,Lives with other nonrelative(s),5029,680,8.219802350017316,High reliability
51041,18 to 34,Lives with other relative(s),9125,1144,7.621268268309947,High reliability
51041,18 to 34,Lives with parent(s),29302,1375,2.8525911589590347,High reliability
51041,35 to 64,Lives alone,13307,937,4.280490442788641,High reliability
51041,35 to 64,Lives with married or unmarried partner,106523,2067.0491043997963,1.179618303189226,High reliability
51041,35 to 64,Lives with other nonrelative(s),3516,633,10.944323993485273,High reliability
51041,35 to 64,Lives with other relative(s),17915,1143,3.8784974978940574,High reliability
51041,35 to 64,Lives with parent(s),6155,655,6.469151775683396,High reliability
51041,65 and over,Lives alone,13712,837,3.7107248371182435,High reliability
51041,65 and over,Lives with married or unmarried partner,34642,1049.7337757736482,1.8420877371541866,High reliability
51041,65 and over,Lives with other nonrelative(s),912,272,18.13043246413907,Medium reliability
51041,65 and over,Lives with other relative(s),8280,702,5.153957975419584,High reliability
51041,65 and over,Lives with parent(s),35,34,59.05340859748155,Low reliability
51041,All ages,Lives alone,31328,1229,2.3848073991511716,High reliability
51041,All ages,Lives with married or unmarried partner,167674,3103.469026750549,1.1251638960688948,High reliability
51041,All ages,Lives with other nonrelative(s),9457,993,6.383075144478946,High reliability
51041,All ages,Lives with other relative(s),35320,1963,3.3785760756195207,High reliability
51041,All ages,Lives with parent(s),35492,1513,2.591448323300392,High reliability
51043,18 to 34,Lives alone,155,101,39.61172663986665,Low reliability
51043,18 to 34,Lives with married or unmarried partner,476,169.95587662684687,21.70517695931737,Medium reliability
51043,18 to 34,Lives with other nonrelative(s),321,168,31.815470272419965,Low reliability
51043,18 to 34,Lives with other relative(s),343,129,22.86281425292653,Medium reliability
51043,18 to 34,Lives with parent(s),1152,184,9.709557581898007,High reliability
51043,35 to 64,Lives alone,628,147,14.229570402493563,High reliability
51043,35 to 64,Lives with married or unmarried partner,4760,473.2546883021868,6.043966799087977,High reliability
51043,35 to 64,Lives with other nonrelative(s),351,183,31.694074247265736,Low reliability
51043,35 to 64,Lives with other relative(s),301,130,26.25493542295691,Medium reliability
51043,35 to 64,Lives with parent(s),308,131,25.855603363202146,Medium reliability
51043,65 and over,Lives alone,540,140,15.760441292356187,Medium reliability
51043,65 and over,Lives with married or unmarried partner,2073,207.17142660125697,6.075256968704797,High reliability
51043,65 and over,Lives with other nonrelative(s),13,26,121.580547112462,Low reliability
51043,65 and over,Lives with other relative(s),501,187,22.690181946138118,Medium reliability
51043,65 and over,Lives with parent(s),28,50,108.55405992184106,Low reliability
51043,All ages,Lives alone,1323,218,10.01684023829052,High reliability
51043,All ages,Lives with married or unmarried partner,7309,608.0402947173814,5.057180989065664,High reliability
51043,All ages,Lives with other nonrelative(s),685,297,26.35724269518337,Medium reliability
51043,All ages,Lives with other relative(s),1145,285,15.131203461594616,Medium reliability
51043,All ages,Lives with parent(s),1488,273,11.15305422100206,High reliability
51045,18 to 34,Lives alone,50,46,55.92705167173252,Low reliability
51045,18 to 34,Lives with married or unmarried partner,267,165.43578814754684,37.66624276209757,Low reliability
51045,18 to 34,Lives with other nonrelative(s),25,30,72.94832826747721,Low reliability
51045,18 to 34,Lives with other relative(s),60,60,60.790273556231014,Low reliability
51045,18 to 34,Lives with parent(s),278,171,37.392578338544965,Low reliability
51045,35 to 64,Lives alone,154,111,43.816366004815855,Low reliability
51045,35 to 64,Lives with married or unmarried partner,1631,296.0152023123137,11.033013565523369,High reliability
51045,35 to 64,Lives with other nonrelative(s),0,13,Inf,Low reliability
51045,35 to 64,Lives with other relative(s),126,118,56.930573647898875,Low reliability
51045,35 to 64,Lives with parent(s),122,98,48.83153121730031,Low reliability
51045,65 and over,Lives alone,233,142,37.048149549291,Low reliability
51045,65 and over,Lives with married or unmarried partner,595,161.533278305122,16.503617103534722,Medium reliability
51045,65 and over,Lives with other nonrelative(s),46,70,92.50693802035153,Low reliability
51045,65 and over,Lives with other relative(s),64,52,49.39209726443769,Low reliability
51045,65 and over,Lives with parent(s),0,13,Inf,Low reliability
51045,All ages,Lives alone,437,190,26.430553720100434,Medium reliability
51045,All ages,Lives with married or unmarried partner,2493,372.1558813185679,9.074792551510622,High reliability
51045,All ages,Lives with other nonrelative(s),71,74,63.35887666424077,Low reliability
51045,All ages,Lives with other relative(s),250,157,38.17629179331307,Low reliability
51045,All ages,Lives with parent(s),400,196,29.78723404255319,Medium reliability
51047,18 to 34,Lives alone,475,200,25.595904655255158,Medium reliability
51047,18 to 34,Lives with married or unmarried partner,3603,528.6634089853392,8.919676173019262,High reliability
51047,18 to 34,Lives with other nonrelative(s),461,181,23.8677646717523,Medium reliability
51047,18 to 34,Lives with other relative(s),1266,384,18.438755960183812,Medium reliability
51047,18 to 34,Lives with parent(s),4139,440,6.462362977709987,High reliability
51047,35 to 64,Lives alone,1583,369,14.17031645119977,High reliability
51047,35 to 64,Lives with married or unmarried partner,14227,1037.327335029787,4.432375937570594,High reliability
51047,35 to 64,Lives with other nonrelative(s),696,257,22.44698319533242,Medium reliability
51047,35 to 64,Lives with other relative(s),2731,510,11.352266390947568,High reliability
51047,35 to 64,Lives with parent(s),950,274,17.533194688849786,Medium reliability
51047,65 and over,Lives alone,1614,282,10.621348911311737,High reliability
51047,65 and over,Lives with married or unmarried partner,5141,383.31710110559897,4.532571763273841,High reliability
51047,65 and over,Lives with other nonrelative(s),65,58,54.24362871171381,Low reliability
51047,65 and over,Lives with other relative(s),1671,373,13.569582307884001,High reliability
51047,65 and over,Lives with parent(s),29,43,90.1373021695839,Low reliability
51047,All ages,Lives alone,3672,483,7.996106243916006,High reliability
51047,All ages,Lives with married or unmarried partner,22971,1423.1942945360622,3.766330176679919,High reliability
51047,All ages,Lives with other nonrelative(s),1222,370,18.40622030753312,Medium reliability
51047,All ages,Lives with other relative(s),5668,849,9.1056708273183,High reliability
51047,All ages,Lives with parent(s),5118,580,6.889089226771001,High reliability
51049,18 to 34,Lives alone,163,75,27.970984765136965,Medium reliability
51049,18 to 34,Lives with married or unmarried partner,535,230.38446128157167,26.17782135404047,Medium reliability
51049,18 to 34,Lives with other nonrelative(s),101,83,49.95636341749676,Low reliability
51049,18 to 34,Lives with other relative(s),404,160,24.07535586385386,Medium reliability
51049,18 to 34,Lives with parent(s),425,184,26.318612551403543,Medium reliability
51049,35 to 64,Lives alone,492,170,21.004769318209902,Medium reliability
51049,35 to 64,Lives with married or unmarried partner,2410,353.0042492662093,8.904242688549719,High reliability
51049,35 to 64,Lives with other nonrelative(s),69,69,60.790273556231,Low reliability
51049,35 to 64,Lives with other relative(s),593,204,20.912674208214376,Medium reliability
51049,35 to 64,Lives with parent(s),373,181,29.498765452219335,Medium reliability
51049,65 and over,Lives alone,455,155,20.708774508166606,Medium reliability
51049,65 and over,Lives with married or unmarried partner,1401,213.84573879317773,9.278901470429403,High reliability
51049,65 and over,Lives with other nonrelative(s),49,73,90.5651014205074,Low reliability
51049,65 and over,Lives with other relative(s),344,153,27.037534459602742,Medium reliability
51049,65 and over,Lives with parent(s),0,19,Inf,Low reliability
51049,All ages,Lives alone,1110,230,12.596182808948766,High reliability
51049,All ages,Lives with married or unmarried partner,4346,530.5883526803052,7.421677658809417,High reliability
51049,All ages,Lives with other nonrelative(s),219,154,42.74749829981541,Low reliability
51049,All ages,Lives with other relative(s),1341,335,15.186235377581944,Medium reliability
51049,All ages,Lives with parent(s),798,260,19.80635479275697,Medium reliability
51051,18 to 34,Lives alone,98,60,37.21853483034551,Low reliability
51051,18 to 34,Lives with married or unmarried partner,916,221.81974664127628,14.721051395739124,High reliability
51051,18 to 34,Lives with other nonrelative(s),72,51,43.059777102330294,Low reliability
51051,18 to 34,Lives with other relative(s),351,143,24.76640774513115,Medium reliability
51051,18 to 34,Lives with parent(s),814,178,13.293204782566484,High reliability
51051,35 to 64,Lives alone,583,161,16.78770847779278,Medium reliability
51051,35 to 64,Lives with married or unmarried partner,3572,426.25461874330466,7.254237087909418,High reliability
51051,35 to 64,Lives with other nonrelative(s),118,73,37.60754211529545,Low reliability
51051,35 to 64,Lives with other relative(s),609,186,18.566487490080405,Medium reliability
51051,35 to 64,Lives with parent(s),409,203,30.17218956458409,Low reliability
51051,65 and over,Lives alone,946,181,11.631119993316926,High reliability
51051,65 and over,Lives with married or unmarried partner,1912,222.46123257772354,7.072949364046099,High reliability
51051,65 and over,Lives with other nonrelative(s),4,7,106.38297872340425,Low reliability
51051,65 and over,Lives with other relative(s),356,131,22.369454595129948,Medium reliability
51051,65 and over,Lives with parent(s),10,18,109.4224924012158,Low reliability
51051,All ages,Lives alone,1627,247,9.228763102882027,High reliability
51051,All ages,Lives with married or unmarried partner,6400,626.860431037085,5.9542214194252,High reliability
51051,All ages,Lives with other nonrelative(s),194,107,33.528656033591325,Low reliability
51051,All ages,Lives with other relative(s),1316,314,14.504670134237491,High reliability
51051,All ages,Lives with parent(s),1233,324,15.974086481929314,Medium reliability
51053,18 to 34,Lives alone,199,114,34.82457882115746,Low reliability
51053,18 to 34,Lives with married or unmarried partner,2152,432.1863024206112,12.20851466143352,High reliability
51053,18 to 34,Lives with other nonrelative(s),279,143,31.15773877613274,Low reliability
51053,18 to 34,Lives with other relative(s),648,201,18.85624226049758,Medium reliability
51053,18 to 34,Lives with parent(s),1929,324,10.21049695812278,High reliability
51053,35 to 64,Lives alone,1035,214,12.569196658003317,High reliability
51053,35 to 64,Lives with married or unmarried partner,7752,719.5248432125189,5.64242931493721,High reliability
51053,35 to 64,Lives with other nonrelative(s),266,161,36.79411294192929,Low reliability
51053,35 to 64,Lives with other relative(s),1539,409,16.15543982098667,Medium reliability
51053,35 to 64,Lives with parent(s),799,236,17.955575168048206,Medium reliability
51053,65 and over,Lives alone,1137,224,11.976272011078052,High reliability
51053,65 and over,Lives with married or unmarried partner,3067,343.14137028344453,6.801323041405462,High reliability
51053,65 and over,Lives with other nonrelative(s),49,49,60.790273556231,Low reliability
51053,65 and over,Lives with other relative(s),838,178,12.912492473757897,High reliability
51053,65 and over,Lives with parent(s),0,25,Inf,Low reliability
51053,All ages,Lives alone,2371,366,9.383905576373069,High reliability
51053,All ages,Lives with married or unmarried partner,12971,1035.5834104503606,4.853395945692088,High reliability
51053,All ages,Lives with other nonrelative(s),594,237,24.254705105768934,Medium reliability
51053,All ages,Lives with other relative(s),3025,529,10.630761888015272,High reliability
51053,All ages,Lives with parent(s),2728,470,10.473397570171764,High reliability
51057,18 to 34,Lives alone,66,41,37.76365478493138,Low reliability
51057,18 to 34,Lives with married or unmarried partner,589,208.4034548657963,21.509173228107635,Medium reliability
51057,18 to 34,Lives with other nonrelative(s),46,47,62.11180124223602,Low reliability
51057,18 to 34,Lives with other relative(s),344,178,31.455432247119532,Low reliability
51057,18 to 34,Lives with parent(s),824,203,14.976244577566616,High reliability
51057,35 to 64,Lives alone,751,178,14.408347127841703,High reliability
51057,35 to 64,Lives with married or unmarried partner,2698,368.11003789627904,8.294110416052396,High reliability
51057,35 to 64,Lives with other nonrelative(s),50,44,53.49544072948329,Low reliability
51057,35 to 64,Lives with other relative(s),332,142,26.000659171640972,Medium reliability
51057,35 to 64,Lives with parent(s),437,145,20.17068573376086,Medium reliability
51057,65 and over,Lives alone,755,191,15.37873145594718,Medium reliability
51057,65 and over,Lives with married or unmarried partner,1331,212.19095173922943,9.691319310582095,High reliability
51057,65 and over,Lives with other nonrelative(s),23,35,92.50693802035153,Low reliability
51057,65 and over,Lives with other relative(s),333,136,24.827258869812063,Medium reliability
51057,65 and over,Lives with parent(s),0,21,Inf,Low reliability
51057,All ages,Lives alone,1572,253,9.783676342065169,High reliability
51057,All ages,Lives with married or unmarried partner,4618,504.52551967170103,6.641456118870141,High reliability
51057,All ages,Lives with other nonrelative(s),119,92,46.99752241322061,Low reliability
51057,All ages,Lives with other relative(s),1009,298,17.953916273297168,Medium reliability
51057,All ages,Lives with parent(s),1261,264,12.726908976086426,High reliability
51059,18 to 34,Lives alone,18604,1180,3.8557580518357657,High reliability
51059,18 to 34,Lives with married or unmarried partner,74347,2478.565109090338,2.0266137303257854,High reliability
51059,18 to 34,Lives with other nonrelative(s),27457,1798,3.9808031414248948,High reliability
51059,18 to 34,Lives with other relative(s),25488,1549,3.6944496915647296,High reliability
51059,18 to 34,Lives with parent(s),91772,2039,1.3506447258548906,High reliability
51059,35 to 64,Lives alone,44090,1658,2.2860121015248582,High reliability
51059,35 to 64,Lives with married or unmarried partner,340145,3770.5109733297422,0.6738608343955838,High reliability
51059,35 to 64,Lives with other nonrelative(s),17571,1278,4.42148822519283,High reliability
51059,35 to 64,Lives with other relative(s),52553,1979,2.2891928408993047,High reliability
51059,35 to 64,Lives with parent(s),13691,1068,4.7420942340263466,High reliability
51059,65 and over,Lives alone,36162,1300,2.1853701571566924,High reliability
51059,65 and over,Lives with married or unmarried partner,97827,1766.9867005724745,1.0980159352532814,High reliability
51059,65 and over,Lives with other nonrelative(s),3535,478,8.220014359230102,High reliability
51059,65 and over,Lives with other relative(s),26297,1212,2.801757293613415,High reliability
51059,65 and over,Lives with parent(s),243,107,26.76773362352558,Medium reliability
51059,All ages,Lives alone,98856,2215,1.362086832635871,High reliability
51059,All ages,Lives with married or unmarried partner,512319,5119.629869433922,0.6074803008858529,High reliability
51059,All ages,Lives with other nonrelative(s),48563,2539,3.1782736766524002,High reliability
51059,All ages,Lives with other relative(s),104338,3110,1.811974072340647,High reliability
51059,All ages,Lives with parent(s),105706,2197,1.26346878136567,High reliability
51061,18 to 34,Lives alone,384,137,21.688196555217832,Medium reliability
51061,18 to 34,Lives with married or unmarried partner,4640,518.293353227687,6.790343690751585,High reliability
51061,18 to 34,Lives with other nonrelative(s),766,248,19.68144626885808,Medium reliability
51061,18 to 34,Lives with other relative(s),1401,316,13.711439288914345,High reliability
51061,18 to 34,Lives with parent(s),6311,441,4.247902176881299,High reliability
51061,35 to 64,Lives alone,2453,311,7.70720549367625,High reliability
51061,35 to 64,Lives with married or unmarried partner,22167,896.5009760173159,2.458543762147369,High reliability
51061,35 to 64,Lives with other nonrelative(s),841,306,22.118696442576322,Medium reliability
51061,35 to 64,Lives with other relative(s),3137,502,9.727994046932725,High reliability
51061,35 to 64,Lives with parent(s),1997,452,13.759240684735307,High reliability
51061,65 and over,Lives alone,2856,342,7.279507547699931,High reliability
51061,65 and over,Lives with married or unmarried partner,7186,480.21349418774145,4.062386540087163,High reliability
51061,65 and over,Lives with other nonrelative(s),110,61,33.71096988118264,Low reliability
51061,65 and over,Lives with other relative(s),1975,325,10.003462737101303,High reliability
51061,65 and over,Lives with parent(s),23,24,63.43332892824105,Low reliability
51061,All ages,Lives alone,5693,464,4.954626195343613,High reliability
51061,All ages,Lives with married or unmarried partner,33993,1273.7550784982175,2.2778783768877453,High reliability
51061,All ages,Lives with other nonrelative(s),1717,434,15.365741830753791,Medium reliability
51061,All ages,Lives with other relative(s),6513,719,6.710917654986963,High reliability
51061,All ages,Lives with parent(s),8331,566,4.130031788840085,High reliability
51063,18 to 34,Lives alone,90,55,37.14961161769672,Low reliability
51063,18 to 34,Lives with married or unmarried partner,1603,318.29074758779905,12.07048135762918,High reliability
51063,18 to 34,Lives with other nonrelative(s),47,51,65.96391385888897,Low reliability
51063,18 to 34,Lives with other relative(s),160,103,39.13373860182371,Low reliability
51063,18 to 34,Lives with parent(s),849,188,13.461214874642435,High reliability
51063,35 to 64,Lives alone,858,266,18.84640182512523,Medium reliability
51063,35 to 64,Lives with married or unmarried partner,4084,478.08890386621607,7.116345555882933,High reliability
51063,35 to 64,Lives with other nonrelative(s),261,159,37.03315515494533,Low reliability
51063,35 to 64,Lives with other relative(s),539,156,17.59421646525424,Medium reliability
51063,35 to 64,Lives with parent(s),450,217,29.314420803782504,Medium reliability
51063,65 and over,Lives alone,1014,198,11.870290102695995,High reliability
51063,65 and over,Lives with married or unmarried partner,2145,281.6842203603177,7.983058653695742,High reliability
51063,65 and over,Lives with other nonrelative(s),56,50,54.27702996092053,Low reliability
51063,65 and over,Lives with other relative(s),347,147,25.75265190998835,Medium reliability
51063,65 and over,Lives with parent(s),53,87,99.78780753569994,Low reliability
51063,All ages,Lives alone,1962,278,8.613504611943029,High reliability
51063,All ages,Lives with married or unmarried partner,7832,717.2461223317977,5.567107760941766,High reliability
51063,All ages,Lives with other nonrelative(s),364,194,32.399211730518715,Low reliability
51063,All ages,Lives with other relative(s),1046,249,14.471107184991894,High reliability
51063,All ages,Lives with parent(s),1352,315,14.163414327080448,High reliability
51065,18 to 34,Lives alone,161,99,37.380354546999186,Low reliability
51065,18 to 34,Lives with married or unmarried partner,2219,421.0997506529777,11.536173518096069,High reliability
51065,18 to 34,Lives with other nonrelative(s),217,162,45.382600535066466,Low reliability
51065,18 to 34,Lives with other relative(s),466,204,26.61205108470199,Medium reliability
51065,18 to 34,Lives with parent(s),2020,335,10.081555267988804,High reliability
51065,35 to 64,Lives alone,839,225,16.30251674630748,Medium reliability
51065,35 to 64,Lives with married or unmarried partner,7346,626.8811689626672,5.187622889802669,High reliability
51065,35 to 64,Lives with other nonrelative(s),279,170,37.040668475122835,Low reliability
51065,35 to 64,Lives with other relative(s),1280,327,15.530015197568389,Medium reliability
51065,35 to 64,Lives with parent(s),464,225,29.47804213394822,Medium reliability
51065,65 and over,Lives alone,1142,210,11.178596713492567,High reliability
51065,65 and over,Lives with married or unmarried partner,3653,367.27101709772853,6.111827429139368,High reliability
51065,65 and over,Lives with other nonrelative(s),74,63,51.75388154111559,Low reliability
51065,65 and over,Lives with other relative(s),744,223,18.220740595483218,Medium reliability
51065,65 and over,Lives with parent(s),57,68,72.52172985655628,Low reliability
51065,All ages,Lives alone,2142,321,9.110026989519213,High reliability
51065,All ages,Lives with married or unmarried partner,13218,964.6662635336637,4.436550616634789,High reliability
51065,All ages,Lives with other nonrelative(s),570,227,24.209459819762174,Medium reliability
51065,All ages,Lives with other relative(s),2490,472,11.523296834755435,High reliability
51065,All ages,Lives with parent(s),2541,399,9.545580145193297,High reliability
51067,18 to 34,Lives alone,387,169,26.546656927656432,Medium reliability
51067,18 to 34,Lives with married or unmarried partner,3583,531.1609925436919,9.011839809972148,High reliability
51067,18 to 34,Lives with other nonrelative(s),603,268,27.017899358324886,Medium reliability
51067,18 to 34,Lives with other relative(s),991,266,16.317066363226484,Medium reliability
51067,18 to 34,Lives with parent(s),3269,420,7.810313519001842,High reliability
51067,35 to 64,Lives alone,2213,395,10.850500702535584,High reliability
51067,35 to 64,Lives with married or unmarried partner,14954,1002.1561754537064,4.073916547538922,High reliability
51067,35 to 64,Lives with other nonrelative(s),749,327,26.53994586500339,Medium reliability
51067,35 to 64,Lives with other relative(s),2327,492,12.852949974072047,High reliability
51067,35 to 64,Lives with parent(s),1090,349,19.464041716628092,Medium reliability
51067,65 and over,Lives alone,3238,496,9.311913429243539,High reliability
51067,65 and over,Lives with married or unmarried partner,8454,549.9318139551484,3.9544009235400766,High reliability
51067,65 and over,Lives with other nonrelative(s),137,89,39.49149158032525,Low reliability
51067,65 and over,Lives with other relative(s),1267,310,14.87370544785447,High reliability
51067,65 and over,Lives with parent(s),1,2,121.580547112462,Low reliability
51067,All ages,Lives alone,5838,631,6.570514322367551,High reliability
51067,All ages,Lives with married or unmarried partner,26991,1426.9758232009399,3.2138953966326946,High reliability
51067,All ages,Lives with other nonrelative(s),1489,464,18.943376044386287,Medium reliability
51067,All ages,Lives with other relative(s),4585,668,8.856685438508682,High reliability
51067,All ages,Lives with parent(s),4360,657,9.16036920331279,High reliability
51069,18 to 34,Lives alone,824,231,17.041933484817186,Medium reliability
51069,18 to 34,Lives with married or unmarried partner,5959,690.2897942168927,7.041937476677179,High reliability
51069,18 to 34,Lives with other nonrelative(s),1541,400,15.779435056776379,Medium reliability
51069,18 to 34,Lives with other relative(s),1909,415,13.215276860050217,High reliability
51069,18 to 34,Lives with parent(s),7304,586,4.877204313246353,High reliability
51069,35 to 64,Lives alone,3136,494,9.57601885739098,High reliability
51069,35 to 64,Lives with married or unmarried partner,26051,1142.3296371888457,2.6656378310276017,High reliability
51069,35 to 64,Lives with other nonrelative(s),1183,332,17.06033036404792,Medium reliability
51069,35 to 64,Lives with other relative(s),4465,720,9.802686889246656,High reliability
51069,35 to 64,Lives with parent(s),1373,326,14.43381586258653,High reliability
51069,65 and over,Lives alone,3984,396,6.0424067089024796,High reliability
51069,65 and over,Lives with married or unmarried partner,10502,598.3619306072204,3.463586502308841,High reliability
51069,65 and over,Lives with other nonrelative(s),319,204,38.87528465664929,Low reliability
51069,65 and over,Lives with other relative(s),2020,316,9.509765566222276,High reliability
51069,65 and over,Lives with parent(s),39,45,70.1426233341127,Low reliability
51069,All ages,Lives alone,7944,615,4.706195649179515,High reliability
51069,All ages,Lives with married or unmarried partner,42512,1646.6016518879119,2.3545672952674073,High reliability
51069,All ages,Lives with other nonrelative(s),3043,583,11.646641302426117,High reliability
51069,All ages,Lives with other relative(s),8394,893,6.467204465774874,High reliability
51069,All ages,Lives with parent(s),8716,750,5.23092073969404,High reliability
51071,18 to 34,Lives alone,262,123,28.538945219146616,Medium reliability
51071,18 to 34,Lives with married or unmarried partner,1130,223.0156945149825,11.997508917609407,High reliability
51071,18 to 34,Lives with other nonrelative(s),137,81,35.94169458434096,Low reliability
51071,18 to 34,Lives with other relative(s),484,208,26.124745660529026,Medium reliability
51071,18 to 34,Lives with parent(s),1036,195,11.44218469446433,High reliability
51071,35 to 64,Lives alone,774,194,15.236838591613456,Medium reliability
51071,35 to 64,Lives with married or unmarried partner,4451,398.4080822473359,5.441324715081763,High reliability
51071,35 to 64,Lives with other nonrelative(s),302,166,33.41452122627267,Low reliability
51071,35 to 64,Lives with other relative(s),587,165,17.087555599281288,Medium reliability
51071,35 to 64,Lives with parent(s),443,200,27.444818761278107,Medium reliability
51071,65 and over,Lives alone,1311,235,10.896807235480004,High reliability
51071,65 and over,Lives with married or unmarried partner,1643,269.7035409482048,9.978911767087961,High reliability
51071,65 and over,Lives with other nonrelative(s),127,82,39.25041284733026,Low reliability
51071,65 and over,Lives with other relative(s),454,147,19.6831943012466,Medium reliability
51071,65 and over,Lives with parent(s),9,14,94.56264775413712,Low reliability
51071,All ages,Lives alone,2347,318,8.236602893430533,High reliability
51071,All ages,Lives with married or unmarried partner,7224,643.2075870199294,5.412619763065444,High reliability
51071,All ages,Lives with other nonrelative(s),566,239,25.669391130634644,Medium reliability
51071,All ages,Lives with other relative(s),1525,351,13.991728536548905,High reliability
51071,All ages,Lives with parent(s),1488,302,12.33781089649312,High reliability
51073,18 to 34,Lives alone,194,81,25.38150596935418,Medium reliability
51073,18 to 34,Lives with married or unmarried partner,2575,504.43334544813746,11.908598470165844,High reliability
51073,18 to 34,Lives with other nonrelative(s),376,187,30.23346051865744,Low reliability
51073,18 to 34,Lives with other relative(s),840,242,17.51338833405703,Medium reliability
51073,18 to 34,Lives with parent(s),2992,355,7.212749703362969,High reliability
51073,35 to 64,Lives alone,1913,403,12.806314816080027,High reliability
51073,35 to 64,Lives with married or unmarried partner,11201,765.5716818169283,4.1549247356981445,High reliability
51073,35 to 64,Lives with other nonrelative(s),418,229,33.30376230712177,Low reliability
51073,35 to 64,Lives with other relative(s),1670,369,13.432102360628287,High reliability
51073,35 to 64,Lives with parent(s),1114,367,20.026957266729603,Medium reliability
51073,65 and over,Lives alone,1640,303,11.231373711913411,High reliability
51073,65 and over,Lives with married or unmarried partner,4698,377.7115301390732,4.887438748935047,High reliability
51073,65 and over,Lives with other nonrelative(s),242,130,32.65593207566128,Low reliability
51073,65 and over,Lives with other relative(s),1169,258,13.416501777166467,High reliability
51073,65 and over,Lives with parent(s),45,42,56.73758865248227,Low reliability
51073,All ages,Lives alone,3747,460,7.46291055133874,High reliability
51073,All ages,Lives with married or unmarried partner,18474,1052.7074617385401,3.4640237400547496,High reliability
51073,All ages,Lives with other nonrelative(s),1036,329,19.305019305019304,Medium reliability
51073,All ages,Lives with other relative(s),3679,589,9.732392260021761,High reliability
51073,All ages,Lives with parent(s),4151,537,7.864219922836919,High reliability
51075,18 to 34,Lives alone,387,141,22.148394241417495,Medium reliability
51075,18 to 34,Lives with married or unmarried partner,1654,366.9795634636894,13.487779959192208,High reliability
51075,18 to 34,Lives with other nonrelative(s),92,86,56.825690498215934,Low reliability
51075,18 to 34,Lives with other relative(s),374,178,28.932269232644703,Medium reliability
51075,18 to 34,Lives with parent(s),1802,331,11.166248916266627,High reliability
51075,35 to 64,Lives alone,802,214,16.220846061138943,Medium reliability
51075,35 to 64,Lives with married or unmarried partner,8191,511.2885682273759,3.794575989343897,High reliability
51075,35 to 64,Lives with other nonrelative(s),126,92,44.386548945819456,Low reliability
51075,35 to 64,Lives with other relative(s),575,206,21.778776265362758,Medium reliability
51075,35 to 64,Lives with parent(s),440,241,33.29649074329926,Low reliability
51075,65 and over,Lives alone,1043,212,12.35622051190889,High reliability
51075,65 and over,Lives with married or unmarried partner,4062,348.36762191684807,5.213531027685586,High reliability
51075,65 and over,Lives with other nonrelative(s),44,40,55.26388505111909,Low reliability
51075,65 and over,Lives with other relative(s),832,187,13.663198503624036,High reliability
51075,65 and over,Lives with parent(s),20,33,100.30395136778114,Low reliability
51075,All ages,Lives alone,2232,347,9.450817618285017,High reliability
51075,All ages,Lives with married or unmarried partner,13907,811.7696717665671,3.5484073064889237,High reliability
51075,All ages,Lives with other nonrelative(s),262,135,31.32323255759994,Low reliability
51075,All ages,Lives with other relative(s),1781,366,12.492554812790875,High reliability
51075,All ages,Lives with parent(s),2262,404,10.857325604207482,High reliability
51077,18 to 34,Lives alone,146,87,36.22434109172669,Low reliability
51077,18 to 34,Lives with married or unmarried partner,813,241.306858584666,18.043185663415244,Medium reliability
51077,18 to 34,Lives with other nonrelative(s),209,115,33.44919358357208,Low reliability
51077,18 to 34,Lives with other relative(s),321,120,22.725335908871404,Medium reliability
51077,18 to 34,Lives with parent(s),912,160,10.664960273022981,High reliability
51077,35 to 64,Lives alone,624,147,14.320785597381342,High reliability
51077,35 to 64,Lives with married or unmarried partner,3664,279.42798714516766,4.636054524514668,High reliability
51077,35 to 64,Lives with other nonrelative(s),383,162,25.71285722221781,Medium reliability
51077,35 to 64,Lives with other relative(s),619,141,13.847219016847449,High reliability
51077,35 to 64,Lives with parent(s),338,133,23.92043308573587,Medium reliability
51077,65 and over,Lives alone,1064,191,10.912539707932446,High reliability
51077,65 and over,Lives with married or unmarried partner,2106,212.27576404290716,6.127398749062806,High reliability
51077,65 and over,Lives with other nonrelative(s),77,62,48.94801247384834,Low reliability
51077,65 and over,Lives with other relative(s),500,143,17.386018237082066,Medium reliability
51077,65 and over,Lives with parent(s),26,30,70.1426233341127,Low reliability
51077,All ages,Lives alone,1834,271,8.982641294295858,High reliability
51077,All ages,Lives with married or unmarried partner,6583,494.3622153846307,4.565154839601412,High reliability
51077,All ages,Lives with other nonrelative(s),669,225,20.445159267790693,Medium reliability
51077,All ages,Lives with other relative(s),1440,250,10.55386693684566,High reliability
51077,All ages,Lives with parent(s),1276,251,11.957961334336975,High reliability
51079,18 to 34,Lives alone,23,21,55.50416281221091,Low reliability
51079,18 to 34,Lives with married or unmarried partner,2213,343.2273299141547,9.428325023703668,High reliability
51079,18 to 34,Lives with other nonrelative(s),104,103,60.2057516951134,Low reliability
51079,18 to 34,Lives with other relative(s),387,182,28.58870746055308,Medium reliability
51079,18 to 34,Lives with parent(s),1122,277,15.007937410941166,Medium reliability
51079,35 to 64,Lives alone,654,168,15.615850087839156,Medium reliability
51079,35 to 64,Lives with married or unmarried partner,6058,576.0425331518499,5.780419803619218,High reliability
51079,35 to 64,Lives with other nonrelative(s),279,169,36.82278218997505,Low reliability
51079,35 to 64,Lives with other relative(s),899,194,13.11825702993194,High reliability
51079,35 to 64,Lives with parent(s),335,155,28.1268429887039,Medium reliability
51079,65 and over,Lives alone,709,176,15.090392307329559,Medium reliability
51079,65 and over,Lives with married or unmarried partner,2613,289.0069203323685,6.723616435762931,High reliability
51079,65 and over,Lives with other nonrelative(s),107,72,40.90560463596852,Low reliability
51079,65 and over,Lives with other relative(s),339,139,24.92580538146345,Medium reliability
51079,65 and over,Lives with parent(s),0,25,Inf,Low reliability
51079,All ages,Lives alone,1386,245,10.74575542660649,High reliability
51079,All ages,Lives with married or unmarried partner,10884,790.4859265034388,4.415091484242444,High reliability
51079,All ages,Lives with other nonrelative(s),490,238,29.526704298740768,Medium reliability
51079,All ages,Lives with other relative(s),1625,338,12.644376899696047,High reliability
51079,All ages,Lives with parent(s),1457,335,13.977173398309805,High reliability
51081,18 to 34,Lives alone,54,46,51.78430710345604,Low reliability
51081,18 to 34,Lives with married or unmarried partner,418,179.0474797365213,26.039103523293917,Medium reliability
51081,18 to 34,Lives with other nonrelative(s),112,128,69.4745983499783,Low reliability
51081,18 to 34,Lives with other relative(s),540,252,28.368794326241137,Medium reliability
51081,18 to 34,Lives with parent(s),748,257,20.886497732555302,Medium reliability
51081,35 to 64,Lives alone,342,120,21.329920546045965,Medium reliability
51081,35 to 64,Lives with married or unmarried partner,1445,324.6798423062325,13.659084035979113,High reliability
51081,35 to 64,Lives with other nonrelative(s),146,93,38.72257151184578,Low reliability
51081,35 to 64,Lives with other relative(s),618,211,20.75525521094618,Medium reliability
51081,35 to 64,Lives with parent(s),214,144,40.90560463596852,Low reliability
51081,65 and over,Lives alone,468,106,13.768737172992493,High reliability
51081,65 and over,Lives with married or unmarried partner,830,155.46703830716015,11.386606973095555,High reliability
51081,65 and over,Lives with other nonrelative(s),147,111,45.9028596240928,Low reliability
51081,65 and over,Lives with other relative(s),284,96,20.548824864078085,Medium reliability
51081,65 and over,Lives with parent(s),45,50,67.54474839581222,Low reliability
51081,All ages,Lives alone,864,156,10.976021614319487,High reliability
51081,All ages,Lives with married or unmarried partner,2693,430.82362980690834,9.725171299833033,High reliability
51081,All ages,Lives with other nonrelative(s),405,243,36.474164133738604,Low reliability
51081,All ages,Lives with other relative(s),1442,347,14.62845001665198,High reliability
51081,All ages,Lives with parent(s),1007,286,17.265162102365508,Medium reliability
51083,18 to 34,Lives alone,186,90,29.414648494950484,Medium reliability
51083,18 to 34,Lives with married or unmarried partner,1259,259.04825805243314,12.50803373413227,High reliability
51083,18 to 34,Lives with other nonrelative(s),328,156,28.912447179183037,Medium reliability
51083,18 to 34,Lives with other relative(s),1225,236,11.711432293282055,High reliability
51083,18 to 34,Lives with parent(s),3050,388,7.733320045841845,High reliability
51083,35 to 64,Lives alone,1847,323,10.630892451901794,High reliability
51083,35 to 64,Lives with married or unmarried partner,6560,628.6763873408958,5.825824628779892,High reliability
51083,35 to 64,Lives with other nonrelative(s),411,193,28.54628417604035,Medium reliability
51083,35 to 64,Lives with other relative(s),2043,384,11.426071975326826,High reliability
51083,35 to 64,Lives with parent(s),1014,301,18.045238994502498,Medium reliability
51083,65 and over,Lives alone,2963,303,6.21648764344853,High reliability
51083,65 and over,Lives with married or unmarried partner,3983,357.6548615634911,5.458683623690825,High reliability
51083,65 and over,Lives with other nonrelative(s),137,143,63.452621303219225,Low reliability
51083,65 and over,Lives with other relative(s),935,261,16.969263527461276,Medium reliability
51083,65 and over,Lives with parent(s),102,72,42.910781333810114,Low reliability
51083,All ages,Lives alone,4996,429,5.219981456289652,High reliability
51083,All ages,Lives with married or unmarried partner,11802,871.0051664599929,4.48641267056376,High reliability
51083,All ages,Lives with other nonrelative(s),876,315,21.85951617604197,Medium reliability
51083,All ages,Lives with other relative(s),4203,544,7.868167693216671,High reliability
51083,All ages,Lives with parent(s),4166,451,6.5809921684734,High reliability
51085,18 to 34,Lives alone,911,267,17.816688298039164,Medium reliability
51085,18 to 34,Lives with married or unmarried partner,7121,594.7116948572644,5.076911475560017,High reliability
51085,18 to 34,Lives with other nonrelative(s),1467,444,18.39869220106787,Medium reliability
51085,18 to 34,Lives with other relative(s),1715,392,13.894919669995659,High reliability
51085,18 to 34,Lives with parent(s),8402,491,3.5524903970613453,High reliability
51085,35 to 64,Lives alone,3807,593,9.469039195914101,High reliability
51085,35 to 64,Lives with married or unmarried partner,33831,1169.0273735032897,2.1006028148735543,High reliability
51085,35 to 64,Lives with other nonrelative(s),1075,316,17.869512970947905,Medium reliability
51085,35 to 64,Lives with other relative(s),3982,524,7.999523692482432,High reliability
51085,35 to 64,Lives with parent(s),2268,441,11.82033096926714,High reliability
51085,65 and over,Lives alone,4788,448,5.687978812278924,High reliability
51085,65 and over,Lives with married or unmarried partner,12818,635.3432143337961,3.0131602279175045,High reliability
51085,65 and over,Lives with other nonrelative(s),301,150,30.294156257257974,Low reliability
51085,65 and over,Lives with other relative(s),2685,401,9.078919812308616,High reliability
51085,65 and over,Lives with parent(s),54,54,60.790273556231,Low reliability
51085,All ages,Lives alone,9506,788,5.039210557785612,High reliability
51085,All ages,Lives with married or unmarried partner,53770,1678.8484148367893,1.8980408108122226,High reliability
51085,All ages,Lives with other nonrelative(s),2843,562,12.016930615055161,High reliability
51085,All ages,Lives with other relative(s),8382,861,6.244383862075267,High reliability
51085,All ages,Lives with parent(s),10724,661,3.746957368581564,High reliability
51087,18 to 34,Lives alone,7839,720,5.583492404705488,High reliability
51087,18 to 34,Lives with married or unmarried partner,24673,1430.5862434680407,3.524732666728938,High reliability
51087,18 to 34,Lives with other nonrelative(s),6086,868,8.670055446402976,High reliability
51087,18 to 34,Lives with other relative(s),8630,1079,7.600545210564688,High reliability
51087,18 to 34,Lives with parent(s),24745,1307,3.2108663381690814,High reliability
51087,35 to 64,Lives alone,15966,921,3.5066918417442534,High reliability
51087,35 to 64,Lives with married or unmarried partner,87288,2395.857257851561,1.6685548770332448,High reliability
51087,35 to 64,Lives with other nonrelative(s),3878,730,11.443243861796965,High reliability
51087,35 to 64,Lives with other relative(s),18165,1324,4.430846253148904,High reliability
51087,35 to 64,Lives with parent(s),5852,908,9.432257072634613,High reliability
51087,65 and over,Lives alone,17308,1056,3.7089512869990715,High reliability
51087,65 and over,Lives with married or unmarried partner,26674,1141.2738496960314,2.6009728396788865,High reliability
51087,65 and over,Lives with other nonrelative(s),1171,294,15.262459799771062,Medium reliability
51087,65 and over,Lives with other relative(s),8170,692,5.148943610882724,High reliability
51087,65 and over,Lives with parent(s),253,128,30.755553419753234,Low reliability
51087,All ages,Lives alone,41113,1504,2.223836047687384,High reliability
51087,All ages,Lives with married or unmarried partner,138635,3492.0091637909545,1.5312164484272917,High reliability
51087,All ages,Lives with other nonrelative(s),11135,1387,7.572169683205425,High reliability
51087,All ages,Lives with other relative(s),34965,1949,3.3885383429456377,High reliability
51087,All ages,Lives with parent(s),30850,1507,2.96956052671767,High reliability
51089,18 to 34,Lives alone,566,184,19.762209071283575,Medium reliability
51089,18 to 34,Lives with married or unmarried partner,2732,436.6337137693332,9.71562331768332,High reliability
51089,18 to 34,Lives with other nonrelative(s),231,120,31.579362886353767,Low reliability
51089,18 to 34,Lives with other relative(s),1357,271,12.140135691774946,High reliability
51089,18 to 34,Lives with parent(s),3592,412,6.972603759790415,High reliability
51089,35 to 64,Lives alone,3083,410,8.084337385032342,High reliability
51089,35 to 64,Lives with married or unmarried partner,10913,644.6433122277776,3.5909505449025416,High reliability
51089,35 to 64,Lives with other nonrelative(s),583,256,26.693499194502806,Medium reliability
51089,35 to 64,Lives with other relative(s),2626,446,10.324623764691177,High reliability
51089,35 to 64,Lives with parent(s),2024,377,11.32308949145212,High reliability
51089,65 and over,Lives alone,3765,328,5.295938838364879,High reliability
51089,65 and over,Lives with married or unmarried partner,6276,448.64685444121864,4.345660454369699,High reliability
51089,65 and over,Lives with other nonrelative(s),207,144,42.28888595216069,Low reliability
51089,65 and over,Lives with other relative(s),1761,334,11.52978499022212,High reliability
51089,65 and over,Lives with parent(s),17,27,96.54925800107277,Low reliability
51089,All ages,Lives alone,7414,510,4.1816886314645005,High reliability
51089,All ages,Lives with married or unmarried partner,19921,931.5476369998477,2.8426803716621314,High reliability
51089,All ages,Lives with other nonrelative(s),1021,341,20.303117808692235,Medium reliability
51089,All ages,Lives with other relative(s),5744,642,6.794456062517462,High reliability
51089,All ages,Lives with parent(s),5633,506,5.460656563013117,High reliability
51091,18 to 34,Lives alone,3,5,101.31712259371832,Low reliability
51091,18 to 34,Lives with married or unmarried partner,134,55.65968020030299,25.250501383796664,Medium reliability
51091,18 to 34,Lives with other nonrelative(s),118,75,38.637885734892585,Low reliability
51091,18 to 34,Lives with other relative(s),27,27,60.790273556231,Low reliability
51091,18 to 34,Lives with parent(s),127,60,28.719814278534333,Medium reliability
51091,35 to 64,Lives alone,135,65,29.269390971518632,Medium reliability
51091,35 to 64,Lives with married or unmarried partner,494,120.93386622447825,14.88178706477465,High reliability
51091,35 to 64,Lives with other nonrelative(s),7,10,86.84324793747285,Low reliability
51091,35 to 64,Lives with other relative(s),98,51,31.635754605793686,Low reliability
51091,35 to 64,Lives with parent(s),32,25,47.49240121580547,Low reliability
51091,65 and over,Lives alone,182,88,29.393099301913892,Medium reliability
51091,65 and over,Lives with married or unmarried partner,546,120.66896867049125,13.43498098027002,High reliability
51091,65 and over,Lives with other nonrelative(s),10,16,97.2644376899696,Low reliability
51091,65 and over,Lives with other relative(s),38,37,59.190529515277554,Low reliability
51091,65 and over,Lives with parent(s),0,13,Inf,Low reliability
51091,All ages,Lives alone,320,111,21.08662613981763,Medium reliability
51091,All ages,Lives with married or unmarried partner,1174,158.7765725792064,8.221525793365181,High reliability
51091,All ages,Lives with other nonrelative(s),135,79,35.57356748846111,Low reliability
51091,All ages,Lives with other relative(s),163,71,26.479198910996327,Medium reliability
51091,All ages,Lives with parent(s),159,65,24.851369692798837,Medium reliability
51093,18 to 34,Lives alone,443,148,20.3091658833458,Medium reliability
51093,18 to 34,Lives with married or unmarried partner,2330,336.41194984720744,8.777070583174593,High reliability
51093,18 to 34,Lives with other nonrelative(s),217,117,32.776322608659115,Low reliability
51093,18 to 34,Lives with other relative(s),761,248,19.810759319244795,Medium reliability
51093,18 to 34,Lives with parent(s),3034,283,5.670285898620097,High reliability
51093,35 to 64,Lives alone,1595,319,12.1580547112462,High reliability
51093,35 to 64,Lives with married or unmarried partner,12159,699.8892769574342,3.499174323983481,High reliability
51093,35 to 64,Lives with other nonrelative(s),334,163,29.667109549897162,Medium reliability
51093,35 to 64,Lives with other relative(s),1650,303,11.163304780326056,High reliability
51093,35 to 64,Lives with parent(s),717,194,16.44813538341536,Medium reliability
51093,65 and over,Lives alone,1862,248,8.096663717478673,High reliability
51093,65 and over,Lives with married or unmarried partner,4437,330.5056731736991,4.528179013774047,High reliability
51093,65 and over,Lives with other nonrelative(s),147,80,33.08314207141823,Low reliability
51093,65 and over,Lives with other relative(s),1064,201,11.48387686541582,High reliability
51093,65 and over,Lives with parent(s),19,23,73.58822588385858,Low reliability
51093,All ages,Lives alone,3900,370,5.767282363027045,High reliability
51093,All ages,Lives with married or unmarried partner,18926,995.3180396235165,3.196959521513534,High reliability
51093,All ages,Lives with other nonrelative(s),698,243,21.163376037484433,Medium reliability
51093,All ages,Lives with other relative(s),3475,502,8.78178915833898,High reliability
51093,All ages,Lives with parent(s),3770,365,5.885530463666928,High reliability
51095,18 to 34,Lives alone,722,179,15.071272806877218,Medium reliability
51095,18 to 34,Lives with married or unmarried partner,4284,567.459249638245,8.052288286069675,High reliability
51095,18 to 34,Lives with other nonrelative(s),907,338,22.653927742013316,Medium reliability
51095,18 to 34,Lives with other relative(s),999,273,16.612357037888952,Medium reliability
51095,18 to 34,Lives with parent(s),5981,533,5.417357599978452,High reliability
51095,35 to 64,Lives alone,2864,421,8.93600040753256,High reliability
51095,35 to 64,Lives with married or unmarried partner,20766,1058.5546750168364,3.0988071014398875,High reliability
51095,35 to 64,Lives with other nonrelative(s),614,290,28.712018454897382,Medium reliability
51095,35 to 64,Lives with other relative(s),3607,486,8.190760451435617,High reliability
51095,35 to 64,Lives with parent(s),1766,370,12.736354029334922,High reliability
51095,65 and over,Lives alone,4195,408,5.912379406660846,High reliability
51095,65 and over,Lives with married or unmarried partner,14548,568.792580823625,2.376756707796453,High reliability
51095,65 and over,Lives with other nonrelative(s),248,123,30.150014707324253,Low reliability
51095,65 and over,Lives with other relative(s),1533,295,11.698063078335384,High reliability
51095,65 and over,Lives with parent(s),43,50,70.6863646002686,Low reliability
51095,All ages,Lives alone,7781,601,4.695406041292229,High reliability
51095,All ages,Lives with married or unmarried partner,39598,1376.6771589592092,2.113454747506067,High reliability
51095,All ages,Lives with other nonrelative(s),1769,487,16.73536643407829,Medium reliability
51095,All ages,Lives with other relative(s),6139,715,7.080150772553375,High reliability
51095,All ages,Lives with parent(s),7790,626,4.885072047009063,High reliability
51097,18 to 34,Lives alone,26,31,72.48071077858313,Low reliability
51097,18 to 34,Lives with married or unmarried partner,415,182.70467974302136,26.763054124293607,Medium reliability
51097,18 to 34,Lives with other nonrelative(s),0,19,Inf,Low reliability
51097,18 to 34,Lives with other relative(s),132,82,37.76365478493138,Low reliability
51097,18 to 34,Lives with parent(s),420,157,22.723983210305402,Medium reliability
51097,35 to 64,Lives alone,257,110,26.019183234184474,Medium reliability
51097,35 to 64,Lives with married or unmarried partner,2062,306.4979608415038,9.03593350338603,High reliability
51097,35 to 64,Lives with other nonrelative(s),0,19,Inf,Low reliability
51097,35 to 64,Lives with other relative(s),419,148,21.472459394563696,Medium reliability
51097,35 to 64,Lives with parent(s),179,108,36.67793041381536,Low reliability
51097,65 and over,Lives alone,436,124,17.288976882964782,Medium reliability
51097,65 and over,Lives with married or unmarried partner,892,150.08331019803634,10.228257268120295,High reliability
51097,65 and over,Lives with other nonrelative(s),9,14,94.56264775413712,Low reliability
51097,65 and over,Lives with other relative(s),239,120,30.522313082626447,Low reliability
51097,65 and over,Lives with parent(s),0,19,Inf,Low reliability
51097,All ages,Lives alone,719,173,14.62686693355767,High reliability
51097,All ages,Lives with married or unmarried partner,3369,432.90645640831,7.811368925295269,High reliability
51097,All ages,Lives with other nonrelative(s),9,14,94.56264775413712,Low reliability
51097,All ages,Lives with other relative(s),790,235,18.083182640144667,Medium reliability
51097,All ages,Lives with parent(s),599,231,23.443327531701772,Medium reliability
51099,18 to 34,Lives alone,342,115,20.441173856627383,Medium reliability
51099,18 to 34,Lives with married or unmarried partner,2205,361.3488619049464,9.962129779788857,High reliability
51099,18 to 34,Lives with other nonrelative(s),128,87,41.31838905775076,Low reliability
51099,18 to 34,Lives with other relative(s),508,149,17.83021803125673,Medium reliability
51099,18 to 34,Lives with parent(s),2307,263,6.930143886124298,High reliability
51099,35 to 64,Lives alone,1197,253,12.848737852737212,High reliability
51099,35 to 64,Lives with married or unmarried partner,7950,487.01642682767897,3.724007775249404,High reliability
51099,35 to 64,Lives with other nonrelative(s),352,228,39.375518098922356,Low reliability
51099,35 to 64,Lives with other relative(s),1306,265,12.33493299571303,High reliability
51099,35 to 64,Lives with parent(s),414,175,25.696371672319867,Medium reliability
51099,65 and over,Lives alone,723,164,13.789218344705233,High reliability
51099,65 and over,Lives with married or unmarried partner,2426,269.4921149124775,6.752885155307811,High reliability
51099,65 and over,Lives with other nonrelative(s),141,107,46.13162603203345,Low reliability
51099,65 and over,Lives with other relative(s),462,154,20.26342451874367,Medium reliability
51099,65 and over,Lives with parent(s),0,25,Inf,Low reliability
51099,All ages,Lives alone,2262,311,8.357990749773583,High reliability
51099,All ages,Lives with married or unmarried partner,12581,732.101085916419,3.5374473637765593,High reliability
51099,All ages,Lives with other nonrelative(s),621,275,26.92000841862081,Medium reliability
51099,All ages,Lives with other relative(s),2276,368,9.829007323678827,High reliability
51099,All ages,Lives with parent(s),2721,308,6.881074698757497,High reliability
51101,18 to 34,Lives alone,177,100,34.34478731990452,Low reliability
51101,18 to 34,Lives with married or unmarried partner,1932,330.0802932621092,10.385958241679385,High reliability
51101,18 to 34,Lives with other nonrelative(s),59,51,52.54752459945392,Low reliability
51101,18 to 34,Lives with other relative(s),184,129,42.61926787366196,Low reliability
51101,18 to 34,Lives with parent(s),1417,272,11.668986878824866,High reliability
51101,35 to 64,Lives alone,620,173,16.96244729875478,Medium reliability
51101,35 to 64,Lives with married or unmarried partner,5543,464.2854725274096,5.0918349058497565,High reliability
51101,35 to 64,Lives with other nonrelative(s),89,113,77.18315631296745,Low reliability
51101,35 to 64,Lives with other relative(s),735,215,17.7821888633873,Medium reliability
51101,35 to 64,Lives with parent(s),275,149,32.93727549046698,Low reliability
51101,65 and over,Lives alone,892,158,10.767783881036433,High reliability
51101,65 and over,Lives with married or unmarried partner,1642,252.77064703006954,9.35809791713973,High reliability
51101,65 and over,Lives with other nonrelative(s),2,3,91.1854103343465,Low reliability
51101,65 and over,Lives with other relative(s),348,148,25.85333473081089,Medium reliability
51101,65 and over,Lives with parent(s),53,68,77.9950679589379,Low reliability
51101,All ages,Lives alone,1689,220,7.9182120677151095,High reliability
51101,All ages,Lives with married or unmarried partner,9117,689.1480247377917,4.59509673626704,High reliability
51101,All ages,Lives with other nonrelative(s),150,127,51.469098277608914,Low reliability
51101,All ages,Lives with other relative(s),1267,314,15.065624227826785,Medium reliability
51101,All ages,Lives with parent(s),1745,313,10.903928723839714,High reliability
51103,18 to 34,Lives alone,105,65,37.63207410623824,Low reliability
51103,18 to 34,Lives with married or unmarried partner,484,177.78920102188434,22.33027720137209,Medium reliability
51103,18 to 34,Lives with other nonrelative(s),20,20,60.790273556231,Low reliability
51103,18 to 34,Lives with other relative(s),239,95,24.163497857079268,Medium reliability
51103,18 to 34,Lives with parent(s),464,216,28.298920448590298,Medium reliability
51103,35 to 64,Lives alone,579,205,21.523326561359855,Medium reliability
51103,35 to 64,Lives with married or unmarried partner,2590,301.4796842243271,7.076074314920072,High reliability
51103,35 to 64,Lives with other nonrelative(s),8,15,113.98176291793314,Low reliability
51103,35 to 64,Lives with other relative(s),281,120,25.960259169920715,Medium reliability
51103,35 to 64,Lives with parent(s),83,95,69.57922876918006,Low reliability
51103,65 and over,Lives alone,1435,224,9.489213433167766,High reliability
51103,65 and over,Lives with married or unmarried partner,2583,288.80443209895515,6.7969417079161545,High reliability
51103,65 and over,Lives with other nonrelative(s),10,13,79.0273556231003,Low reliability
51103,65 and over,Lives with other relative(s),124,57,27.943916070202963,Medium reliability
51103,65 and over,Lives with parent(s),5,9,109.4224924012158,Low reliability
51103,All ages,Lives alone,2119,364,10.442500978984468,High reliability
51103,All ages,Lives with married or unmarried partner,5657,556.893167492653,5.98438889755601,High reliability
51103,All ages,Lives with other nonrelative(s),38,33,52.79155335146376,Low reliability
51103,All ages,Lives with other relative(s),644,139,13.120882025335574,High reliability
51103,All ages,Lives with parent(s),552,289,31.826791771287606,Low reliability
51105,18 to 34,Lives alone,108,76,42.77834065068107,Low reliability
51105,18 to 34,Lives with married or unmarried partner,877,268.79360111431225,18.631740640710927,Medium reliability
51105,18 to 34,Lives with other nonrelative(s),301,242,48.874572095042865,Low reliability
51105,18 to 34,Lives with other relative(s),937,295,19.138880148439856,Medium reliability
51105,18 to 34,Lives with parent(s),1353,280,12.580396597002721,High reliability
51105,35 to 64,Lives alone,1515,249,9.991272683499353,High reliability
51105,35 to 64,Lives with married or unmarried partner,4228,421.34309060431974,6.058079881472191,High reliability
51105,35 to 64,Lives with other nonrelative(s),318,181,34.60075318766607,Low reliability
51105,35 to 64,Lives with other relative(s),1103,283,15.597141809984926,Medium reliability
51105,35 to 64,Lives with parent(s),843,280,20.19131268771611,Medium reliability
51105,65 and over,Lives alone,1094,222,12.33586903974706,High reliability
51105,65 and over,Lives with married or unmarried partner,2698,374.03876804416944,8.427694229073646,High reliability
51105,65 and over,Lives with other nonrelative(s),87,100,69.87387765084023,Low reliability
51105,65 and over,Lives with other relative(s),977,302,18.790852214925042,Medium reliability
51105,65 and over,Lives with parent(s),14,22,95.52757273122016,Low reliability
51105,All ages,Lives alone,2717,343,7.6742965880703835,High reliability
51105,All ages,Lives with married or unmarried partner,7803,665.9864863493854,5.188453247460238,High reliability
51105,All ages,Lives with other nonrelative(s),706,437,37.627973858460265,Low reliability
51105,All ages,Lives with other relative(s),3017,503,10.135070466948688,High reliability
51105,All ages,Lives with parent(s),2210,371,10.205064022335613,High reliability
51107,18 to 34,Lives alone,3359,420,7.601046410722543,High reliability
51107,18 to 34,Lives with married or unmarried partner,28159,1314.179972454306,2.837080863227295,High reliability
51107,18 to 34,Lives with other nonrelative(s),5179,781,9.167253069591892,High reliability
51107,18 to 34,Lives with other relative(s),7398,766,6.294315969731406,High reliability
51107,18 to 34,Lives with parent(s),35354,923,1.5870742346665503,High reliability
51107,35 to 64,Lives alone,12340,853,4.202115343878853,High reliability
51107,35 to 64,Lives with married or unmarried partner,148938,2173.9374416022188,0.8873105034922708,High reliability
51107,35 to 64,Lives with other nonrelative(s),3702,681,11.182651618528718,High reliability
51107,35 to 64,Lives with other relative(s),17950,1163,3.9386678632811507,High reliability
51107,35 to 64,Lives with parent(s),3699,576,9.466125322624778,High reliability
51107,65 and over,Lives alone,8091,677,5.086517760174068,High reliability
51107,65 and over,Lives with married or unmarried partner,24583,1020.7982170830825,2.52428925933342,High reliability
51107,65 and over,Lives with other nonrelative(s),1014,392,23.500776364933486,Medium reliability
51107,65 and over,Lives with other relative(s),9917,688,4.217375033446297,High reliability
51107,65 and over,Lives with parent(s),78,62,48.320473852388744,Low reliability
51107,All ages,Lives alone,23790,1101,2.8133707938381813,High reliability
51107,All ages,Lives with married or unmarried partner,201680,2960.6384446602056,0.8923939952002586,High reliability
51107,All ages,Lives with other nonrelative(s),9895,1140,7.003629292986695,High reliability
51107,All ages,Lives with other relative(s),35265,1797,3.097692374324319,High reliability
51107,All ages,Lives with parent(s),39131,1040,1.6156470445038522,High reliability
51109,18 to 34,Lives alone,272,131,29.277668514214195,Medium reliability
51109,18 to 34,Lives with married or unmarried partner,2812,492.44289008980525,10.645710526095398,High reliability
51109,18 to 34,Lives with other nonrelative(s),344,153,27.037534459602742,Medium reliability
51109,18 to 34,Lives with other relative(s),771,232,18.292274273729692,Medium reliability
51109,18 to 34,Lives with parent(s),2815,299,6.456942022491321,High reliability
51109,35 to 64,Lives alone,1130,324,17.43013153293703,Medium reliability
51109,35 to 64,Lives with married or unmarried partner,12654,785.3082197455977,3.7726490836329742,High reliability
51109,35 to 64,Lives with other nonrelative(s),338,187,33.63248862430532,Low reliability
51109,35 to 64,Lives with other relative(s),1391,354,15.470709445654762,Medium reliability
51109,35 to 64,Lives with parent(s),605,246,24.718028586500544,Medium reliability
51109,65 and over,Lives alone,1868,276,8.981860546852118,High reliability
51109,65 and over,Lives with married or unmarried partner,4825,388.9730067755345,4.900678857590557,High reliability
51109,65 and over,Lives with other nonrelative(s),120,76,38.50050658561297,Low reliability
51109,65 and over,Lives with other relative(s),1071,228,12.941346751466545,High reliability
51109,65 and over,Lives with parent(s),0,28,Inf,Low reliability
51109,All ages,Lives alone,3270,440,8.179730998391939,High reliability
51109,All ages,Lives with married or unmarried partner,20291,1077.9021291378917,3.2293117784799303,High reliability
51109,All ages,Lives with other nonrelative(s),802,265,20.086561711223464,Medium reliability
51109,All ages,Lives with other relative(s),3233,556,10.454498019568339,High reliability
51109,All ages,Lives with parent(s),3420,405,7.1988481842905125,High reliability
51111,18 to 34,Lives alone,56,55,59.70473295701259,Low reliability
51111,18 to 34,Lives with married or unmarried partner,612,230.82894099310857,22.92835697331074,Medium reliability
51111,18 to 34,Lives with other nonrelative(s),167,105,38.22142948146261,Low reliability
51111,18 to 34,Lives with other relative(s),330,146,26.895090724877956,Medium reliability
51111,18 to 34,Lives with parent(s),707,159,13.671362794117014,High reliability
51111,35 to 64,Lives alone,641,170,16.12222543612991,Medium reliability
51111,35 to 64,Lives with married or unmarried partner,2327,324.98153793715727,8.489779369112355,High reliability
51111,35 to 64,Lives with other nonrelative(s),91,74,49.43384882594609,Low reliability
51111,35 to 64,Lives with other relative(s),673,204,18.426769398916974,Medium reliability
51111,35 to 64,Lives with parent(s),397,173,26.490471851959608,Medium reliability
51111,65 and over,Lives alone,818,153,11.370307890101888,High reliability
51111,65 and over,Lives with married or unmarried partner,1485,189.76301009416983,7.768178649480411,High reliability
51111,65 and over,Lives with other nonrelative(s),97,125,78.33798138689562,Low reliability
51111,65 and over,Lives with other relative(s),288,116,24.48497129348193,Medium reliability
51111,65 and over,Lives with parent(s),0,21,Inf,Low reliability
51111,All ages,Lives alone,1515,205,8.225746586816737,High reliability
51111,All ages,Lives with married or unmarried partner,4424,499.6098477812462,6.865149032099657,High reliability
51111,All ages,Lives with other nonrelative(s),355,159,27.22719294490346,Medium reliability
51111,All ages,Lives with other relative(s),1291,273,12.854953277189049,High reliability
51111,All ages,Lives with parent(s),1104,241,13.27034051363376,High reliability
51113,18 to 34,Lives alone,103,78,46.035352790155514,Low reliability
51113,18 to 34,Lives with married or unmarried partner,845,327.39273052406037,23.55301023535982,Medium reliability
51113,18 to 34,Lives with other nonrelative(s),86,68,48.06672792818266,Low reliability
51113,18 to 34,Lives with other relative(s),414,173,25.402698853207646,Medium reliability
51113,18 to 34,Lives with parent(s),934,202,13.147361090319768,High reliability
51113,35 to 64,Lives alone,711,157,13.42344999764876,High reliability
51113,35 to 64,Lives with married or unmarried partner,3760,377.4493343483334,6.102459651237364,High reliability
51113,35 to 64,Lives with other nonrelative(s),133,106,48.44939095459012,Low reliability
51113,35 to 64,Lives with other relative(s),494,186,22.888645509026247,Medium reliability
51113,35 to 64,Lives with parent(s),341,153,27.27540133168136,Medium reliability
51113,65 and over,Lives alone,490,115,14.267105018299112,High reliability
51113,65 and over,Lives with married or unmarried partner,1955,290.3962809679215,9.029805299105915,High reliability
51113,65 and over,Lives with other nonrelative(s),9,15,101.31712259371835,Low reliability
51113,65 and over,Lives with other relative(s),587,156,16.15550711204776,Medium reliability
51113,65 and over,Lives with parent(s),0,21,Inf,Low reliability
51113,All ages,Lives alone,1304,219,10.20940943927499,High reliability
51113,All ages,Lives with married or unmarried partner,6560,624.8487817064222,5.790354934635835,High reliability
51113,All ages,Lives with other nonrelative(s),228,127,33.86124886684797,Low reliability
51113,All ages,Lives with other relative(s),1495,317,12.88997773734129,High reliability
51113,All ages,Lives with parent(s),1275,253,12.06269741939329,High reliability
51115,18 to 34,Lives alone,36,43,72.61060452549813,Low reliability
51115,18 to 34,Lives with married or unmarried partner,450,221.44976857066254,29.9155378008325,Medium reliability
51115,18 to 34,Lives with other nonrelative(s),21,41,118.68577218121293,Low reliability
51115,18 to 34,Lives with other relative(s),97,89,55.77664274746969,Low reliability
51115,18 to 34,Lives with parent(s),589,241,24.87343960450199,Medium reliability
51115,35 to 64,Lives alone,294,137,28.32744039865186,Medium reliability
51115,35 to 64,Lives with married or unmarried partner,2540,421.7167295709289,10.093021792856637,High reliability
51115,35 to 64,Lives with other nonrelative(s),22,43,118.81735285990604,Low reliability
51115,35 to 64,Lives with other relative(s),117,108,56.11409866729016,Low reliability
51115,35 to 64,Lives with parent(s),211,153,44.080150967314424,Low reliability
51115,65 and over,Lives alone,885,246,16.897635361393025,Medium reliability
51115,65 and over,Lives with married or unmarried partner,1618,235.46761985462035,8.846811510875762,High reliability
51115,65 and over,Lives with other nonrelative(s),0,19,Inf,Low reliability
51115,65 and over,Lives with other relative(s),170,117,41.83801180046487,Low reliability
51115,65 and over,Lives with parent(s),0,19,Inf,Low reliability
51115,All ages,Lives alone,1215,301,15.059977234918131,Medium reliability
51115,All ages,Lives with married or unmarried partner,4608,532.3532661682466,7.022981918168569,High reliability
51115,All ages,Lives with other nonrelative(s),43,68,96.13345585636532,Low reliability
51115,All ages,Lives with other relative(s),384,191,30.23682877406281,Low reliability
51115,All ages,Lives with parent(s),800,344,26.13981762917933,Medium reliability
51117,18 to 34,Lives alone,259,93,21.82816772482426,Medium reliability
51117,18 to 34,Lives with married or unmarried partner,1716,391.3681131620204,13.8644374477303,High reliability
51117,18 to 34,Lives with other nonrelative(s),427,141,20.07360321177651,Medium reliability
51117,18 to 34,Lives with other relative(s),856,173,12.285884725733602,High reliability
51117,18 to 34,Lives with parent(s),1781,349,11.912299534601134,High reliability
51117,35 to 64,Lives alone,1851,290,9.52413794235926,High reliability
51117,35 to 64,Lives with married or unmarried partner,6461,509.3721625687843,4.792582124204515,High reliability
51117,35 to 64,Lives with other nonrelative(s),535,211,23.975229383859332,Medium reliability
51117,35 to 64,Lives with other relative(s),1432,274,11.631658487714592,High reliability
51117,35 to 64,Lives with parent(s),806,249,18.780121731391464,Medium reliability
51117,65 and over,Lives alone,2751,300,6.6292555677460205,High reliability
51117,65 and over,Lives with married or unmarried partner,4062,381.3895646186455,5.70772426505645,High reliability
51117,65 and over,Lives with other nonrelative(s),113,75,40.34752669661349,Low reliability
51117,65 and over,Lives with other relative(s),681,168,14.99671946761646,High reliability
51117,65 and over,Lives with parent(s),52,48,56.11409866729016,Low reliability
51117,All ages,Lives alone,4861,455,5.69009966428412,High reliability
51117,All ages,Lives with married or unmarried partner,12239,855.8656436614335,4.251025950286646,High reliability
51117,All ages,Lives with other nonrelative(s),1075,274,15.49445112037888,Medium reliability
51117,All ages,Lives with other relative(s),2969,369,7.555274820562223,High reliability
51117,All ages,Lives with parent(s),2639,509,11.724990238772861,High reliability
51119,18 to 34,Lives alone,163,84,31.3275029369534,Low reliability
51119,18 to 34,Lives with married or unmarried partner,611,218.1857007230309,21.70796797546808,Medium reliability
51119,18 to 34,Lives with other nonrelative(s),100,70,42.5531914893617,Low reliability
51119,18 to 34,Lives with other relative(s),87,65,45.41802047304615,Low reliability
51119,18 to 34,Lives with parent(s),571,173,18.41806887080204,Medium reliability
51119,35 to 64,Lives alone,325,99,18.517652560205754,Medium reliability
51119,35 to 64,Lives with married or unmarried partner,2717,325.1491965236882,7.27490195188212,High reliability
51119,35 to 64,Lives with other nonrelative(s),188,123,39.77235982668305,Low reliability
51119,35 to 64,Lives with other relative(s),337,117,21.10522850468554,Medium reliability
51119,35 to 64,Lives with parent(s),114,77,41.06009705113849,Low reliability
51119,65 and over,Lives alone,952,225,14.367449107302493,High reliability
51119,65 and over,Lives with married or unmarried partner,2235,227.2003521124032,6.179674074713646,High reliability
51119,65 and over,Lives with other nonrelative(s),37,36,59.14729318984637,Low reliability
51119,65 and over,Lives with other relative(s),185,94,30.888030888030887,Low reliability
51119,65 and over,Lives with parent(s),18,24,81.05369807497466,Low reliability
51119,All ages,Lives alone,1440,258,10.891590678824722,High reliability
51119,All ages,Lives with married or unmarried partner,5563,535.2102390649865,5.848566752266101,High reliability
51119,All ages,Lives with other nonrelative(s),325,160,29.927519289221415,Medium reliability
51119,All ages,Lives with other relative(s),609,193,19.265226266588805,Medium reliability
51119,All ages,Lives with parent(s),703,236,20.407545603514247,Medium reliability
51121,18 to 34,Lives alone,3052,577,11.492787628422441,High reliability
51121,18 to 34,Lives with married or unmarried partner,7606,891.0050504907366,7.121278038300721,High reliability
51121,18 to 34,Lives with other nonrelative(s),15409,765,3.018012802291954,High reliability
51121,18 to 34,Lives with other relative(s),1253,309,14.991376319932467,High reliability
51121,18 to 34,Lives with parent(s),2989,562,11.429954412379331,High reliability
51121,35 to 64,Lives alone,4149,553,8.102439449649493,High reliability
51121,35 to 64,Lives with married or unmarried partner,21568,1116.4967532420326,3.14689090570414,High reliability
51121,35 to 64,Lives with other nonrelative(s),824,340,25.083365302328325,Medium reliability
51121,35 to 64,Lives with other relative(s),2272,394,10.54197525579006,High reliability
51121,35 to 64,Lives with parent(s),1245,370,18.066185715506403,Medium reliability
51121,65 and over,Lives alone,3827,415,6.592099170586847,High reliability
51121,65 and over,Lives with married or unmarried partner,7753,553.9187666075234,4.343205642977095,High reliability
51121,65 and over,Lives with other nonrelative(s),328,241,44.66602416784046,Low reliability
51121,65 and over,Lives with other relative(s),1275,308,14.685022945348353,High reliability
51121,65 and over,Lives with parent(s),29,36,75.46378786290745,Low reliability
51121,All ages,Lives alone,11028,958,5.280838054667147,High reliability
51121,All ages,Lives with married or unmarried partner,36927,1734.8743470349661,2.8559992997520305,High reliability
51121,All ages,Lives with other nonrelative(s),16561,953,3.4981662157531637,High reliability
51121,All ages,Lives with other relative(s),4800,685,8.675278622087133,High reliability
51121,All ages,Lives with parent(s),4263,674,9.611223170748227,High reliability
51125,18 to 34,Lives alone,237,174,44.630833750144284,Low reliability
51125,18 to 34,Lives with married or unmarried partner,763,224.24317157942625,17.86605995207099,Medium reliability
51125,18 to 34,Lives with other nonrelative(s),305,183,36.474164133738604,Low reliability
51125,18 to 34,Lives with other relative(s),133,73,33.36608999702905,Low reliability
51125,18 to 34,Lives with parent(s),944,242,15.583947246406677,Medium reliability
51125,35 to 64,Lives alone,997,266,16.218869374079688,Medium reliability
51125,35 to 64,Lives with married or unmarried partner,3898,509.2278468426486,7.941534148798129,High reliability
51125,35 to 64,Lives with other nonrelative(s),100,84,51.06382978723404,Low reliability
51125,35 to 64,Lives with other relative(s),254,116,27.76248713591652,Medium reliability
51125,35 to 64,Lives with parent(s),169,104,37.40939911152677,Low reliability
51125,65 and over,Lives alone,838,188,13.637913399249912,High reliability
51125,65 and over,Lives with married or unmarried partner,2826,328.1539272963223,7.058940909021576,High reliability
51125,65 and over,Lives with other nonrelative(s),154,127,50.13223858208661,Low reliability
51125,65 and over,Lives with other relative(s),439,190,26.310141174678563,Medium reliability
51125,65 and over,Lives with parent(s),0,21,Inf,Low reliability
51125,All ages,Lives alone,2072,354,10.38598303035993,High reliability
51125,All ages,Lives with married or unmarried partner,7487,732.0136610747097,5.943543569337488,High reliability
51125,All ages,Lives with other nonrelative(s),559,269,29.253280119188084,Medium reliability
51125,All ages,Lives with other relative(s),826,269,19.797316690830677,Medium reliability
51125,All ages,Lives with parent(s),1113,308,16.822465638202292,Medium reliability
51127,18 to 34,Lives alone,65,57,53.308393733925655,Low reliability
51127,18 to 34,Lives with married or unmarried partner,2069,369.08671067921154,10.844312280405392,High reliability
51127,18 to 34,Lives with other nonrelative(s),349,271,47.203908692660754,Low reliability
51127,18 to 34,Lives with other relative(s),239,154,39.170301789370605,Low reliability
51127,18 to 34,Lives with parent(s),1629,292,10.89672184065037,High reliability
51127,35 to 64,Lives alone,621,201,19.676078880519213,Medium reliability
51127,35 to 64,Lives with married or unmarried partner,7890,607.2997612382208,4.6790771376812685,High reliability
51127,35 to 64,Lives with other nonrelative(s),212,137,39.28428055284739,Low reliability
51127,35 to 64,Lives with other relative(s),860,240,16.964727504064467,Medium reliability
51127,35 to 64,Lives with parent(s),379,179,28.710973526557655,Medium reliability
51127,65 and over,Lives alone,760,222,17.75715885458327,Medium reliability
51127,65 and over,Lives with married or unmarried partner,3242,312.0833222073874,5.851829281099464,High reliability
51127,65 and over,Lives with other nonrelative(s),22,31,85.65902182923459,Low reliability
51127,65 and over,Lives with other relative(s),459,163,21.5878313500341,Medium reliability
51127,65 and over,Lives with parent(s),0,25,Inf,Low reliability
51127,All ages,Lives alone,1446,330,13.87329894436807,High reliability
51127,All ages,Lives with married or unmarried partner,13201,865.9341776370766,3.987605146598577,High reliability
51127,All ages,Lives with other nonrelative(s),583,304,31.698530293472082,Low reliability
51127,All ages,Lives with other relative(s),1558,407,15.880385967513488,Medium reliability
51127,All ages,Lives with parent(s),2008,355,10.747284418556776,High reliability
51131,18 to 34,Lives alone,104,55,32.14870236146832,Low reliability
51131,18 to 34,Lives with married or unmarried partner,526,173.83325343558406,20.090058991480582,Medium reliability
51131,18 to 34,Lives with other nonrelative(s),49,64,79.39954097140375,Low reliability
51131,18 to 34,Lives with other relative(s),448,141,19.132653061224488,Medium reliability
51131,18 to 34,Lives with parent(s),657,166,15.359490731102504,Medium reliability
51131,35 to 64,Lives alone,677,163,14.636358330377625,High reliability
51131,35 to 64,Lives with married or unmarried partner,2896,274.76535443901946,5.767631581534103,High reliability
51131,35 to 64,Lives with other nonrelative(s),107,90,51.132005794960655,Low reliability
51131,35 to 64,Lives with other relative(s),479,136,17.259868901142834,Medium reliability
51131,35 to 64,Lives with parent(s),258,136,32.0444852854551,Low reliability
51131,65 and over,Lives alone,948,127,8.143844664178626,High reliability
51131,65 and over,Lives with married or unmarried partner,1939,174.04022523543227,5.456396545564717,High reliability
51131,65 and over,Lives with other nonrelative(s),23,23,60.790273556231,Low reliability
51131,65 and over,Lives with other relative(s),405,106,15.910540733235766,Medium reliability
51131,65 and over,Lives with parent(s),24,28,70.92198581560284,Low reliability
51131,All ages,Lives alone,1729,207,7.277956406095903,High reliability
51131,All ages,Lives with married or unmarried partner,5361,394.1091219446716,4.4689426103381065,High reliability
51131,All ages,Lives with other nonrelative(s),179,121,41.09286648214498,Low reliability
51131,All ages,Lives with other relative(s),1332,209,9.538413793732941,High reliability
51131,All ages,Lives with parent(s),939,232,15.019535106544826,Medium reliability
51133,18 to 34,Lives alone,47,59,76.31119446420487,Low reliability
51133,18 to 34,Lives with married or unmarried partner,249,199.7223072167954,48.75973369875744,Low reliability
51133,18 to 34,Lives with other nonrelative(s),95,84,53.75139977603583,Low reliability
51133,18 to 34,Lives with other relative(s),234,139,36.110461642376535,Low reliability
51133,18 to 34,Lives with parent(s),885,294,20.194734944103857,Medium reliability
51133,35 to 64,Lives alone,657,206,19.06057283498263,Medium reliability
51133,35 to 64,Lives with married or unmarried partner,2463,364.7739025752802,9.003128430257913,High reliability
51133,35 to 64,Lives with other nonrelative(s),203,190,56.89730037282704,Low reliability
51133,35 to 64,Lives with other relative(s),665,210,19.19692849144137,Medium reliability
51133,35 to 64,Lives with parent(s),218,142,39.597334151306434,Low reliability
51133,65 and over,Lives alone,1049,230,13.328658644359514,High reliability
51133,65 and over,Lives with married or unmarried partner,2913,391.44859177163994,8.168989693442976,High reliability
51133,65 and over,Lives with other nonrelative(s),117,116,60.2706985685709,Low reliability
51133,65 and over,Lives with other relative(s),473,231,29.688273132112812,Medium reliability
51133,65 and over,Lives with parent(s),30,81,164.1337386018237,Low reliability
51133,All ages,Lives alone,1753,369,12.796127177552332,High reliability
51133,All ages,Lives with married or unmarried partner,5625,681.4014969164656,7.364014826520399,High reliability
51133,All ages,Lives with other nonrelative(s),415,239,35.00933826491375,Low reliability
51133,All ages,Lives with other relative(s),1372,344,15.241876168617685,Medium reliability
51133,All ages,Lives with parent(s),1133,345,18.510718779258337,Medium reliability
51135,18 to 34,Lives alone,160,92,34.954407294832826,Low reliability
51135,18 to 34,Lives with married or unmarried partner,1105,357.7988261579403,19.68388101379143,Medium reliability
51135,18 to 34,Lives with other nonrelative(s),150,122,49.442755825734544,Low reliability
51135,18 to 34,Lives with other relative(s),425,188,26.89075630252101,Medium reliability
51135,18 to 34,Lives with parent(s),1043,275,16.028116230070495,Medium reliability
51135,35 to 64,Lives alone,898,214,14.48676897665193,High reliability
51135,35 to 64,Lives with married or unmarried partner,2598,398.8984833262719,9.333775181897504,High reliability
51135,35 to 64,Lives with other nonrelative(s),301,169,34.131416049843985,Low reliability
51135,35 to 64,Lives with other relative(s),634,198,18.984975022292964,Medium reliability
51135,35 to 64,Lives with parent(s),213,119,33.96264109479572,Low reliability
51135,65 and over,Lives alone,796,161,12.295520153961297,High reliability
51135,65 and over,Lives with married or unmarried partner,1543,201.80436070610565,7.9505782839692,High reliability
51135,65 and over,Lives with other nonrelative(s),35,33,57.316543638732085,Low reliability
51135,65 and over,Lives with other relative(s),154,78,30.78987881419492,Low reliability
51135,65 and over,Lives with parent(s),10,13,79.0273556231003,Low reliability
51135,All ages,Lives alone,1854,299,9.803825131236822,High reliability
51135,All ages,Lives with married or unmarried partner,5246,586.5705413673619,6.797137565716439,High reliability
51135,All ages,Lives with other nonrelative(s),486,213,26.64265075612593,Medium reliability
51135,All ages,Lives with other relative(s),1213,241,12.077869684296514,High reliability
51135,All ages,Lives with parent(s),1266,318,15.269594779527218,Medium reliability
51137,18 to 34,Lives alone,414,170,24.962189624539302,Medium reliability
51137,18 to 34,Lives with married or unmarried partner,3190,708.3565486391723,13.498805130759543,High reliability
51137,18 to 34,Lives with other nonrelative(s),287,129,27.32385118032683,Medium reliability
51137,18 to 34,Lives with other relative(s),995,235,14.357501794687725,High reliability
51137,18 to 34,Lives with parent(s),2384,405,10.32720670732951,High reliability
51137,35 to 64,Lives alone,1683,349,12.605945021464422,High reliability
51137,35 to 64,Lives with married or unmarried partner,10103,769.6655117646886,4.6311171936030835,High reliability
51137,35 to 64,Lives with other nonrelative(s),221,165,45.38640333383763,Low reliability
51137,35 to 64,Lives with other relative(s),1546,263,10.341424285439038,High reliability
51137,35 to 64,Lives with parent(s),547,217,24.116068302928937,Medium reliability
51137,65 and over,Lives alone,1423,255,10.893548669598669,High reliability
51137,65 and over,Lives with married or unmarried partner,4926,396.23225512317896,4.889782212898977,High reliability
51137,65 and over,Lives with other nonrelative(s),49,40,49.62471310712734,Low reliability
51137,65 and over,Lives with other relative(s),872,237,16.522127101865536,Medium reliability
51137,65 and over,Lives with parent(s),52,54,63.128361000701425,Low reliability
51137,All ages,Lives alone,3520,484,8.358662613981762,High reliability
51137,All ages,Lives with married or unmarried partner,18219,1251.6457166466876,4.176293183513746,High reliability
51137,All ages,Lives with other nonrelative(s),557,216,23.57396604694057,Medium reliability
51137,All ages,Lives with other relative(s),3413,452,8.050748211959101,High reliability
51137,All ages,Lives with parent(s),2983,526,10.719304019637113,High reliability
51139,18 to 34,Lives alone,136,73,32.63007330591811,Low reliability
51139,18 to 34,Lives with married or unmarried partner,1792,370.1742832774854,12.557475415133975,High reliability
51139,18 to 34,Lives with other nonrelative(s),195,120,37.409399111526774,Low reliability
51139,18 to 34,Lives with other relative(s),419,125,18.135523137300417,Medium reliability
51139,18 to 34,Lives with parent(s),1701,283,10.113843278314741,High reliability
51139,35 to 64,Lives alone,1409,302,13.029568924046675,High reliability
51139,35 to 64,Lives with married or unmarried partner,6064,517.3480453234554,5.1863009892800545,High reliability
51139,35 to 64,Lives with other nonrelative(s),316,202,38.85960524797045,Low reliability
51139,35 to 64,Lives with other relative(s),1102,242,13.349588203818424,High reliability
51139,35 to 64,Lives with parent(s),591,186,19.13196426642803,Medium reliability
51139,65 and over,Lives alone,1403,250,10.832194147582145,High reliability
51139,65 and over,Lives with married or unmarried partner,2915,300.8853602287755,6.274752438206645,High reliability
51139,65 and over,Lives with other nonrelative(s),116,68,35.63567760192852,Low reliability
51139,65 and over,Lives with other relative(s),595,200,20.43370539705244,Medium reliability
51139,65 and over,Lives with parent(s),17,23,82.24566422313606,Low reliability
51139,All ages,Lives alone,2948,365,7.526611210320325,High reliability
51139,All ages,Lives with married or unmarried partner,10771,820.1957083525858,4.629089358499708,High reliability
51139,All ages,Lives with other nonrelative(s),627,259,25.111133733754116,Medium reliability
51139,All ages,Lives with other relative(s),2116,400,11.491545095695841,High reliability
51139,All ages,Lives with parent(s),2309,339,8.925033666332746,High reliability
51141,18 to 34,Lives alone,173,125,43.923608060860545,Low reliability
51141,18 to 34,Lives with married or unmarried partner,1124,267.16474318292825,14.449304112696094,High reliability
51141,18 to 34,Lives with other nonrelative(s),30,27,54.71124620060791,Low reliability
51141,18 to 34,Lives with other relative(s),131,86,39.908118517831035,Low reliability
51141,18 to 34,Lives with parent(s),953,225,14.352373085154223,High reliability
51141,35 to 64,Lives alone,882,203,13.99141216770396,High reliability
51141,35 to 64,Lives with married or unmarried partner,5055,443.92792207744714,5.338575632509834,High reliability
51141,35 to 64,Lives with other nonrelative(s),360,198,33.43465045592705,Low reliability
51141,35 to 64,Lives with other relative(s),523,177,20.573381299145098,Medium reliability
51141,35 to 64,Lives with parent(s),380,179,28.63541833306671,Medium reliability
51141,65 and over,Lives alone,1354,241,10.820129931352787,High reliability
51141,65 and over,Lives with married or unmarried partner,2566,314.0971187387748,7.441172942850387,High reliability
51141,65 and over,Lives with other nonrelative(s),40,36,54.7112462006079,Low reliability
51141,65 and over,Lives with other relative(s),526,172,19.87818831116299,Medium reliability
51141,65 and over,Lives with parent(s),35,43,74.68519322622666,Low reliability
51141,All ages,Lives alone,2409,318,8.024618925230993,High reliability
51141,All ages,Lives with married or unmarried partner,8745,678.9712806886606,4.71982274326909,High reliability
51141,All ages,Lives with other nonrelative(s),430,209,29.54690040291228,Medium reliability
51141,All ages,Lives with other relative(s),1180,281,14.476327855339754,High reliability
51141,All ages,Lives with parent(s),1368,348,15.464192395883325,Medium reliability
51143,18 to 34,Lives alone,516,167,19.674371480408094,Medium reliability
51143,18 to 34,Lives with married or unmarried partner,3457,443.52790216625607,7.799300694969038,High reliability
51143,18 to 34,Lives with other nonrelative(s),769,325,25.691598056924676,Medium reliability
51143,18 to 34,Lives with other relative(s),1286,252,11.912246451143247,High reliability
51143,18 to 34,Lives with parent(s),4253,453,6.474957423224229,High reliability
51143,35 to 64,Lives alone,2845,318,6.794835497673624,High reliability
51143,35 to 64,Lives with married or unmarried partner,14507,772.7386362800814,3.2380914790745874,High reliability
51143,35 to 64,Lives with other nonrelative(s),634,224,21.477951540371837,Medium reliability
51143,35 to 64,Lives with other relative(s),3430,508,9.00334080657882,High reliability
51143,35 to 64,Lives with parent(s),1950,395,12.31392720754423,High reliability
51143,65 and over,Lives alone,3983,357,5.448688842474132,High reliability
51143,65 and over,Lives with married or unmarried partner,8011,669.3549133307382,5.079299499136546,High reliability
51143,65 and over,Lives with other nonrelative(s),251,110,26.64115574177454,Medium reliability
51143,65 and over,Lives with other relative(s),1928,357,11.256290279862275,High reliability
51143,65 and over,Lives with parent(s),90,79,53.36035123269166,Low reliability
51143,All ages,Lives alone,7344,547,4.527815854474177,High reliability
51143,All ages,Lives with married or unmarried partner,25975,1177.4625259429704,2.7556600213391302,High reliability
51143,All ages,Lives with other nonrelative(s),1654,447,16.428810326260734,Medium reliability
51143,All ages,Lives with other relative(s),6644,714,6.532849987830966,High reliability
51143,All ages,Lives with parent(s),6293,566,5.467550426319204,High reliability
51145,18 to 34,Lives alone,123,87,42.99799836904144,Low reliability
51145,18 to 34,Lives with married or unmarried partner,1886,430.82246923761994,13.886434654891747,High reliability
51145,18 to 34,Lives with other nonrelative(s),106,103,59.06979411596032,Low reliability
51145,18 to 34,Lives with other relative(s),573,221,23.446161354148433,Medium reliability
51145,18 to 34,Lives with parent(s),2396,377,9.565080605467067,High reliability
51145,35 to 64,Lives alone,821,291,21.546857009577618,Medium reliability
51145,35 to 64,Lives with married or unmarried partner,10027,731.1313151548086,4.432599247410766,High reliability
51145,35 to 64,Lives with other nonrelative(s),386,199,31.340063310077642,Low reliability
51145,35 to 64,Lives with other relative(s),1075,254,14.36346928677458,High reliability
51145,35 to 64,Lives with parent(s),814,332,24.794067347258835,Medium reliability
51145,65 and over,Lives alone,894,203,13.803607977533439,High reliability
51145,65 and over,Lives with married or unmarried partner,3852,369.68770604389863,5.834220348074795,High reliability
51145,65 and over,Lives with other nonrelative(s),224,142,38.536691272253584,Low reliability
51145,65 and over,Lives with other relative(s),961,316,19.98930951484807,Medium reliability
51145,65 and over,Lives with parent(s),0,28,Inf,Low reliability
51145,All ages,Lives alone,1838,363,12.005913656644099,High reliability
51145,All ages,Lives with married or unmarried partner,15765,960.0020833310728,3.7017944345225233,High reliability
51145,All ages,Lives with other nonrelative(s),716,334,28.35747397734798,Medium reliability
51145,All ages,Lives with other relative(s),2609,435,10.135595629344762,High reliability
51145,All ages,Lives with parent(s),3210,436,8.256872046889944,High reliability
51147,18 to 34,Lives alone,416,179,26.157353285012864,Medium reliability
51147,18 to 34,Lives with married or unmarried partner,1466,379.40084343606827,15.732524597505702,Medium reliability
51147,18 to 34,Lives with other nonrelative(s),771,202,15.926893979712922,Medium reliability
51147,18 to 34,Lives with other relative(s),603,306,30.84879553599782,Low reliability
51147,18 to 34,Lives with parent(s),951,265,16.939455827971837,Medium reliability
51147,35 to 64,Lives alone,894,220,14.959575148065793,High reliability
51147,35 to 64,Lives with married or unmarried partner,3676,446.7986123523662,7.388740443265711,High reliability
51147,35 to 64,Lives with other nonrelative(s),308,160,31.579362886353767,Low reliability
51147,35 to 64,Lives with other relative(s),893,301,20.490338567105855,Medium reliability
51147,35 to 64,Lives with parent(s),292,148,30.811508514802018,Low reliability
51147,65 and over,Lives alone,988,203,12.490309242828838,High reliability
51147,65 and over,Lives with married or unmarried partner,2090,263.60955976595386,7.667414952253569,High reliability
51147,65 and over,Lives with other nonrelative(s),65,54,50.502688800561145,Low reliability
51147,65 and over,Lives with other relative(s),322,141,26.61934338952972,Medium reliability
51147,65 and over,Lives with parent(s),18,29,97.93988517392772,Low reliability
51147,All ages,Lives alone,2298,359,9.496826895860282,High reliability
51147,All ages,Lives with married or unmarried partner,7232,738.7157775491194,6.209448865806811,High reliability
51147,All ages,Lives with other nonrelative(s),1144,270,14.347354772886685,High reliability
51147,All ages,Lives with other relative(s),1818,495,16.55180715639953,Medium reliability
51147,All ages,Lives with parent(s),1261,306,14.751644495009266,High reliability
51149,18 to 34,Lives alone,238,121,30.905979413041813,Low reliability
51149,18 to 34,Lives with married or unmarried partner,3094,549.0255003185189,10.78713973940186,High reliability
51149,18 to 34,Lives with other nonrelative(s),603,311,31.352860822533735,Low reliability
51149,18 to 34,Lives with other relative(s),1415,416,17.871910812291233,Medium reliability
51149,18 to 34,Lives with parent(s),4083,415,6.178781172137121,High reliability
51149,35 to 64,Lives alone,914,248,16.494516238452174,Medium reliability
51149,35 to 64,Lives with married or unmarried partner,8689,706.5783749875169,4.943387352331491,High reliability
51149,35 to 64,Lives with other nonrelative(s),439,189,26.171666747443417,Medium reliability
51149,35 to 64,Lives with other relative(s),1733,330,11.575758957620446,High reliability
51149,35 to 64,Lives with parent(s),696,258,22.534325542395976,Medium reliability
51149,65 and over,Lives alone,1043,224,13.05562922013015,High reliability
51149,65 and over,Lives with married or unmarried partner,3690,295.9189078109069,4.8750654082076235,High reliability
51149,65 and over,Lives with other nonrelative(s),0,28,Inf,Low reliability
51149,65 and over,Lives with other relative(s),678,184,16.497655360393075,Medium reliability
51149,65 and over,Lives with parent(s),15,23,93.21175278622087,Low reliability
51149,All ages,Lives alone,2195,364,10.080938302718947,High reliability
51149,All ages,Lives with married or unmarried partner,15473,975.6228779605366,3.8330240831731657,High reliability
51149,All ages,Lives with other nonrelative(s),1042,385,22.460897619144852,Medium reliability
51149,All ages,Lives with other relative(s),3826,638,10.137008502058384,High reliability
51149,All ages,Lives with parent(s),4794,440,5.579416012670347,High reliability
51153,18 to 34,Lives alone,4476,576,7.822877026002917,High reliability
51153,18 to 34,Lives with married or unmarried partner,31434,1883.454273402994,3.642415871693717,High reliability
51153,18 to 34,Lives with other nonrelative(s),7179,855,7.239961539292033,High reliability
51153,18 to 34,Lives with other relative(s),14723,1035,4.273445162718134,High reliability
51153,18 to 34,Lives with parent(s),45088,1205,1.6246513403845446,High reliability
51153,35 to 64,Lives alone,15258,918,3.6574564900131112,High reliability
51153,35 to 64,Lives with married or unmarried partner,138466,2540.8378539371615,1.1154957043813425,High reliability
51153,35 to 64,Lives with other nonrelative(s),8267,1166,8.574024309491394,High reliability
51153,35 to 64,Lives with other relative(s),27893,1573,3.42821139009613,High reliability
51153,35 to 64,Lives with parent(s),6841,699,6.211431255051232,High reliability
51153,65 and over,Lives alone,9893,669,4.110855454272571,High reliability
51153,65 and over,Lives with married or unmarried partner,28731,996.9618849284059,2.109414420310239,High reliability
51153,65 and over,Lives with other nonrelative(s),1424,337,14.38646221099006,High reliability
51153,65 and over,Lives with other relative(s),11919,706,3.6007998263863654,High reliability
51153,65 and over,Lives with parent(s),90,59,39.851401553529215,Low reliability
51153,All ages,Lives alone,29627,1293,2.6530470080739423,High reliability
51153,All ages,Lives with married or unmarried partner,198631,3443.806759967812,1.0539641597396219,High reliability
51153,All ages,Lives with other nonrelative(s),16870,1676,6.039389358639191,High reliability
51153,All ages,Lives with other relative(s),54535,2321,2.587223341413994,High reliability
51153,All ages,Lives with parent(s),52019,1333,1.55776609797297,High reliability
51155,18 to 34,Lives alone,277,110,24.140541845434694,Medium reliability
51155,18 to 34,Lives with married or unmarried partner,2948,415.80043290020757,8.57415945074725,High reliability
51155,18 to 34,Lives with other nonrelative(s),604,203,20.431168099196842,Medium reliability
51155,18 to 34,Lives with other relative(s),655,222,20.60372630455463,Medium reliability
51155,18 to 34,Lives with parent(s),1757,283,9.791489707691165,High reliability
51155,35 to 64,Lives alone,1952,276,8.59534605610643,High reliability
51155,35 to 64,Lives with married or unmarried partner,8542,555.3017197884408,3.951878184521757,High reliability
51155,35 to 64,Lives with other nonrelative(s),387,180,28.274545840107447,Medium reliability
51155,35 to 64,Lives with other relative(s),1201,230,11.641767625256563,High reliability
51155,35 to 64,Lives with parent(s),886,319,21.887242962119288,Medium reliability
51155,65 and over,Lives alone,2553,367,8.738750644393567,High reliability
51155,65 and over,Lives with married or unmarried partner,3580,416.18505499356894,7.067040039964832,High reliability
51155,65 and over,Lives with other nonrelative(s),89,61,41.66524367337181,Low reliability
51155,65 and over,Lives with other relative(s),1183,256,13.154953533723699,High reliability
51155,65 and over,Lives with parent(s),44,47,64.93506493506493,Low reliability
51155,All ages,Lives alone,4782,437,5.555280122139889,High reliability
51155,All ages,Lives with married or unmarried partner,15070,940.8443016780194,3.7952344043017865,High reliability
51155,All ages,Lives with other nonrelative(s),1080,320,18.011932905549926,Medium reliability
51155,All ages,Lives with other relative(s),3039,470,9.40158886851878,High reliability
51155,All ages,Lives with parent(s),2687,419,9.479391373301373,High reliability
51157,18 to 34,Lives alone,16,27,102.58358662613982,Low reliability
51157,18 to 34,Lives with married or unmarried partner,245,149.56269588369955,37.11002937378563,Low reliability
51157,18 to 34,Lives with other nonrelative(s),285,160,34.127872873673546,Low reliability
51157,18 to 34,Lives with other relative(s),193,142,44.72652251287463,Low reliability
51157,18 to 34,Lives with parent(s),463,145,19.03799063856047,Medium reliability
51157,35 to 64,Lives alone,352,137,23.65985078751036,Medium reliability
51157,35 to 64,Lives with married or unmarried partner,2054,355.0352095215346,10.507637540850965,High reliability
51157,35 to 64,Lives with other nonrelative(s),153,109,43.30810338319725,Low reliability
51157,35 to 64,Lives with other relative(s),159,107,40.90917780199193,Low reliability
51157,35 to 64,Lives with parent(s),205,167,49.521832604344276,Low reliability
51157,65 and over,Lives alone,345,101,17.796572838200962,Medium reliability
51157,65 and over,Lives with married or unmarried partner,1395,138.31124321616085,6.027224595708113,High reliability
51157,65 and over,Lives with other nonrelative(s),71,74,63.35887666424077,Low reliability
51157,65 and over,Lives with other relative(s),155,85,33.33660162761055,Low reliability
51157,65 and over,Lives with parent(s),0,19,Inf,Low reliability
51157,All ages,Lives alone,713,156,13.30053671076022,High reliability
51157,All ages,Lives with married or unmarried partner,3694,444.46147189604636,7.314275707029165,High reliability
51157,All ages,Lives with other nonrelative(s),509,256,30.574282967377474,Low reliability
51157,All ages,Lives with other relative(s),507,219,26.25852053020629,Medium reliability
51157,All ages,Lives with parent(s),668,209,19.019711337204008,Medium reliability
51159,18 to 34,Lives alone,15,18,72.94832826747721,Low reliability
51159,18 to 34,Lives with married or unmarried partner,566,255.266527378738,27.416470016082357,Medium reliability
51159,18 to 34,Lives with other nonrelative(s),60,83,84.09321175278622,Low reliability
51159,18 to 34,Lives with other relative(s),37,40,65.71921465538486,Low reliability
51159,18 to 34,Lives with parent(s),521,209,24.386117415071553,Medium reliability
51159,35 to 64,Lives alone,180,83,28.031070584262075,Medium reliability
51159,35 to 64,Lives with married or unmarried partner,2253,461.45855718579975,12.451039470123584,High reliability
51159,35 to 64,Lives with other nonrelative(s),11,17,93.94860458690246,Low reliability
51159,35 to 64,Lives with other relative(s),195,93,28.99228431143325,Medium reliability
51159,35 to 64,Lives with parent(s),328,193,35.76988657424568,Low reliability
51159,65 and over,Lives alone,598,127,12.910308932510597,High reliability
51159,65 and over,Lives with married or unmarried partner,891,151.25144627407698,10.319435235439636,High reliability
51159,65 and over,Lives with other nonrelative(s),0,19,Inf,Low reliability
51159,65 and over,Lives with other relative(s),176,119,41.10251450676982,Low reliability
51159,65 and over,Lives with parent(s),0,19,Inf,Low reliability
51159,All ages,Lives alone,793,164,12.57201117682457,High reliability
51159,All ages,Lives with married or unmarried partner,3710,539.9675916200897,8.847648950427082,High reliability
51159,All ages,Lives with other nonrelative(s),71,86,73.6332890962798,Low reliability
51159,All ages,Lives with other relative(s),408,158,23.541331426187497,Medium reliability
51159,All ages,Lives with parent(s),849,296,21.194253206883836,Medium reliability
51161,18 to 34,Lives alone,1222,249,12.386888801556072,High reliability
51161,18 to 34,Lives with married or unmarried partner,7278,792.085853932514,6.6159818275045845,High reliability
51161,18 to 34,Lives with other nonrelative(s),1144,382,20.298850086084126,Medium reliability
51161,18 to 34,Lives with other relative(s),1928,451,14.220131417977274,High reliability
51161,18 to 34,Lives with parent(s),5925,594,6.094417298295564,High reliability
51161,35 to 64,Lives alone,4524,537,7.2158215958656164,High reliability
51161,35 to 64,Lives with married or unmarried partner,25387,1139.396770225368,2.7283350278129044,High reliability
51161,35 to 64,Lives with other nonrelative(s),797,285,21.73805265185174,Medium reliability
51161,35 to 64,Lives with other relative(s),4218,636,9.16610099140894,High reliability
51161,35 to 64,Lives with parent(s),2543,555,13.267244130439721,High reliability
51161,65 and over,Lives alone,6346,535,5.124928514431703,High reliability
51161,65 and over,Lives with married or unmarried partner,11550,593.1820968303073,3.1220521155820857,High reliability
51161,65 and over,Lives with other nonrelative(s),201,106,32.05855222368401,Low reliability
51161,65 and over,Lives with other relative(s),2214,348,9.555110748675876,High reliability
51161,65 and over,Lives with parent(s),93,78,50.98539072458084,Low reliability
51161,All ages,Lives alone,12092,688,3.4587916148434443,High reliability
51161,All ages,Lives with married or unmarried partner,44215,1644.756820931289,2.261341560056314,High reliability
51161,All ages,Lives with other nonrelative(s),2142,546,15.495559926098098,Medium reliability
51161,All ages,Lives with other relative(s),8360,897,6.522592748796556,High reliability
51161,All ages,Lives with parent(s),8561,688,4.885376498853747,High reliability
51163,18 to 34,Lives alone,198,110,33.77237419790611,Low reliability
51163,18 to 34,Lives with married or unmarried partner,1353,292.2071183253413,13.128862275000339,High reliability
51163,18 to 34,Lives with other nonrelative(s),437,261,36.307234320769545,Low reliability
51163,18 to 34,Lives with other relative(s),408,158,23.541331426187497,Medium reliability
51163,18 to 34,Lives with parent(s),1241,262,12.834046471984307,High reliability
51163,35 to 64,Lives alone,802,188,14.250089063056642,High reliability
51163,35 to 64,Lives with married or unmarried partner,6153,603.0132668523969,5.957637160733582,High reliability
51163,35 to 64,Lives with other nonrelative(s),102,82,48.87061207461708,Low reliability
51163,35 to 64,Lives with other relative(s),774,221,17.357429529621516,Medium reliability
51163,35 to 64,Lives with parent(s),780,330,25.71896188917465,Medium reliability
51163,65 and over,Lives alone,1739,311,10.871636041396114,High reliability
51163,65 and over,Lives with married or unmarried partner,3215,363.1886562105155,6.8672901286336465,High reliability
51163,65 and over,Lives with other nonrelative(s),0,25,Inf,Low reliability
51163,65 and over,Lives with other relative(s),932,239,15.588922081479836,Medium reliability
51163,65 and over,Lives with parent(s),55,84,92.84332688588007,Low reliability
51163,All ages,Lives alone,2739,362,8.034347947190808,High reliability
51163,All ages,Lives with married or unmarried partner,10721,880.2391720435986,4.991137026717716,High reliability
51163,All ages,Lives with other nonrelative(s),539,290,32.70719727515212,Low reliability
51163,All ages,Lives with other relative(s),2114,389,11.186100479363228,High reliability
51163,All ages,Lives with parent(s),2076,491,14.377661038588355,High reliability
51165,18 to 34,Lives alone,818,198,14.71451609307303,High reliability
51165,18 to 34,Lives with married or unmarried partner,6544,643.8400422465195,5.980930974116939,High reliability
51165,18 to 34,Lives with other nonrelative(s),2454,531,13.153885598353163,High reliability
51165,18 to 34,Lives with other relative(s),1489,273,11.145563922666932,High reliability
51165,18 to 34,Lives with parent(s),5012,565,6.8528540621050515,High reliability
51165,35 to 64,Lives alone,2721,367,8.199202644298706,High reliability
51165,35 to 64,Lives with married or unmarried partner,23556,913.302250079348,2.3569321456038748,High reliability
51165,35 to 64,Lives with other nonrelative(s),557,222,24.228798437133364,Medium reliability
51165,35 to 64,Lives with other relative(s),2697,397,8.948364331414057,High reliability
51165,35 to 64,Lives with parent(s),1714,386,13.690224966572442,High reliability
51165,65 and over,Lives alone,4502,454,6.130338559424451,High reliability
51165,65 and over,Lives with married or unmarried partner,10050,571.4157855712423,3.456370340221339,High reliability
51165,65 and over,Lives with other nonrelative(s),299,126,25.617305913328114,Medium reliability
51165,65 and over,Lives with other relative(s),1510,276,11.11133476921838,High reliability
51165,65 and over,Lives with parent(s),75,69,55.92705167173252,Low reliability
51165,All ages,Lives alone,8041,606,4.5813836307767675,High reliability
51165,All ages,Lives with married or unmarried partner,40150,1418.5640627056644,2.1478181177812146,High reliability
51165,All ages,Lives with other nonrelative(s),3310,655,12.029495220341783,High reliability
51165,All ages,Lives with other relative(s),5696,672,7.171886206072196,High reliability
51165,All ages,Lives with parent(s),6801,714,6.382040188082478,High reliability
51167,18 to 34,Lives alone,156,102,39.7474865559972,Low reliability
51167,18 to 34,Lives with married or unmarried partner,1831,325.65626049563366,10.811978788000433,High reliability
51167,18 to 34,Lives with other nonrelative(s),112,139,75.44507164567955,Low reliability
51167,18 to 34,Lives with other relative(s),549,192,21.259986380321223,Medium reliability
51167,18 to 34,Lives with parent(s),1857,268,8.773178951572378,High reliability
51167,35 to 64,Lives alone,1286,294,13.897620859667118,High reliability
51167,35 to 64,Lives with married or unmarried partner,6675,646.6660652918166,5.889289439493794,High reliability
51167,35 to 64,Lives with other nonrelative(s),287,184,38.97355517193904,Low reliability
51167,35 to 64,Lives with other relative(s),1130,321,17.268741426150577,Medium reliability
51167,35 to 64,Lives with parent(s),810,234,17.56163458291118,Medium reliability
51167,65 and over,Lives alone,1700,298,10.656177364562847,High reliability
51167,65 and over,Lives with married or unmarried partner,3044,327.67361810191557,6.543813693027404,High reliability
51167,65 and over,Lives with other nonrelative(s),308,167,32.960960012631745,Low reliability
51167,65 and over,Lives with other relative(s),638,173,16.483882954902764,Medium reliability
51167,65 and over,Lives with parent(s),36,45,75.98784194528876,Low reliability
51167,All ages,Lives alone,3142,454,8.783826923783856,High reliability
51167,All ages,Lives with married or unmarried partner,11550,927.5478424318608,4.881894985101702,High reliability
51167,All ages,Lives with other nonrelative(s),707,277,23.81740562245543,Medium reliability
51167,All ages,Lives with other relative(s),2317,422,11.07185819625787,High reliability
51167,All ages,Lives with parent(s),2703,407,9.15340042078654,High reliability
51169,18 to 34,Lives alone,201,98,29.639038848311632,Medium reliability
51169,18 to 34,Lives with married or unmarried partner,1253,229.83907413666634,11.150822179312692,High reliability
51169,18 to 34,Lives with other nonrelative(s),109,77,42.94358774155768,Low reliability
51169,18 to 34,Lives with other relative(s),448,148,20.0825010855406,Medium reliability
51169,18 to 34,Lives with parent(s),1587,231,8.848489723685798,High reliability
51169,35 to 64,Lives alone,1308,229,10.64294544677133,High reliability
51169,35 to 64,Lives with married or unmarried partner,5070,442.8837319206927,5.310260989558854,High reliability
51169,35 to 64,Lives with other nonrelative(s),192,105,33.244680851063826,Low reliability
51169,35 to 64,Lives with other relative(s),891,197,13.440722660580818,High reliability
51169,35 to 64,Lives with parent(s),615,182,17.98996713371389,Medium reliability
51169,65 and over,Lives alone,1616,226,8.501610039423396,High reliability
51169,65 and over,Lives with married or unmarried partner,2768,381.53374686913344,8.379169379735698,High reliability
51169,65 and over,Lives with other nonrelative(s),168,137,49.57302069764076,Low reliability
51169,65 and over,Lives with other relative(s),644,139,13.120882025335574,High reliability
51169,65 and over,Lives with parent(s),17,20,71.51796888968353,Low reliability
51169,All ages,Lives alone,3125,349,6.789057750759878,High reliability
51169,All ages,Lives with married or unmarried partner,9091,706.1961483893834,4.72223705257368,High reliability
51169,All ages,Lives with other nonrelative(s),469,216,27.99722620073752,Medium reliability
51169,All ages,Lives with other relative(s),1983,305,9.349991646318939,High reliability
51169,All ages,Lives with parent(s),2219,313,8.574743408337225,High reliability
51171,18 to 34,Lives alone,453,165,22.14215261981924,Medium reliability
51171,18 to 34,Lives with married or unmarried partner,3095,462.8001728608147,9.090064332820653,High reliability
51171,18 to 34,Lives with other nonrelative(s),482,203,25.602542597333805,Medium reliability
51171,18 to 34,Lives with other relative(s),1132,258,13.855027011932508,High reliability
51171,18 to 34,Lives with parent(s),3083,385,7.59138998350598,High reliability
51171,35 to 64,Lives alone,2092,335,9.7345801344825,High reliability
51171,35 to 64,Lives with married or unmarried partner,11208,676.8042553057716,3.6708704339810008,High reliability
51171,35 to 64,Lives with other nonrelative(s),458,232,30.793326342894307,Low reliability
51171,35 to 64,Lives with other relative(s),2103,277,8.007087862613405,High reliability
51171,35 to 64,Lives with parent(s),1111,309,16.9074658225701,Medium reliability
51171,65 and over,Lives alone,2720,317,7.084748793134275,High reliability
51171,65 and over,Lives with married or unmarried partner,5115,452.0398212547209,5.372360585021359,High reliability
51171,65 and over,Lives with other nonrelative(s),90,59,39.851401553529215,Low reliability
51171,65 and over,Lives with other relative(s),1488,244,9.968297545510998,High reliability
51171,65 and over,Lives with parent(s),26,27,63.128361000701425,Low reliability
51171,All ages,Lives alone,5265,453,5.230388209111613,High reliability
51171,All ages,Lives with married or unmarried partner,19418,948.6142524756837,2.969745592096838,High reliability
51171,All ages,Lives with other nonrelative(s),1030,365,21.542184318470213,Medium reliability
51171,All ages,Lives with other relative(s),4723,473,6.088037135739417,High reliability
51171,All ages,Lives with parent(s),4220,402,5.790921793745228,High reliability
51173,18 to 34,Lives alone,330,129,23.763470571981212,Medium reliability
51173,18 to 34,Lives with married or unmarried partner,2230,335.04178843839765,9.133310301317968,High reliability
51173,18 to 34,Lives with other nonrelative(s),386,176,27.71784493755611,Medium reliability
51173,18 to 34,Lives with other relative(s),629,147,14.206947874031728,High reliability
51173,18 to 34,Lives with parent(s),1815,256,8.574275498840295,High reliability
51173,35 to 64,Lives alone,1596,274,10.436425410029633,High reliability
51173,35 to 64,Lives with married or unmarried partner,7454,502.5693981929262,4.098649208094764,High reliability
51173,35 to 64,Lives with other nonrelative(s),342,171,30.3951367781155,Low reliability
51173,35 to 64,Lives with other relative(s),1220,260,12.955304200508246,High reliability
51173,35 to 64,Lives with parent(s),696,208,18.16720818921846,Medium reliability
51173,65 and over,Lives alone,2004,279,8.463316528038149,High reliability
51173,65 and over,Lives with married or unmarried partner,3394,313.90444405901616,5.622373902434945,High reliability
51173,65 and over,Lives with other nonrelative(s),181,133,44.66909603855648,Low reliability
51173,65 and over,Lives with other relative(s),817,170,12.64913892846912,High reliability
51173,65 and over,Lives with parent(s),9,13,87.8081729145559,Low reliability
51173,All ages,Lives alone,3930,328,5.073590261181621,High reliability
51173,All ages,Lives with married or unmarried partner,13078,751.4179928641581,3.4928051186180005,High reliability
51173,All ages,Lives with other nonrelative(s),909,323,21.60094428895777,Medium reliability
51173,All ages,Lives with other relative(s),2666,396,9.029613026356893,High reliability
51173,All ages,Lives with parent(s),2520,383,9.23915665557003,High reliability
51175,18 to 34,Lives alone,58,46,48.21297557907976,Low reliability
51175,18 to 34,Lives with married or unmarried partner,849,206.20620747203515,14.764819506734913,High reliability
51175,18 to 34,Lives with other nonrelative(s),39,47,73.26007326007326,Low reliability
51175,18 to 34,Lives with other relative(s),509,154,18.392342097563017,Medium reliability
51175,18 to 34,Lives with parent(s),1277,164,7.807051576524576,High reliability
51175,35 to 64,Lives alone,781,165,12.843015540048802,High reliability
51175,35 to 64,Lives with married or unmarried partner,4634,478.5310857196218,6.277521710413474,High reliability
51175,35 to 64,Lives with other nonrelative(s),73,62,51.6300953491277,Low reliability
51175,35 to 64,Lives with other relative(s),848,214,15.340941675746972,Medium reliability
51175,35 to 64,Lives with parent(s),463,162,21.27003092032273,Medium reliability
51175,65 and over,Lives alone,984,197,12.17041045790397,High reliability
51175,65 and over,Lives with married or unmarried partner,2028,240.41630560342617,7.206594174068397,High reliability
51175,65 and over,Lives with other nonrelative(s),50,43,52.27963525835866,Low reliability
51175,65 and over,Lives with other relative(s),564,183,19.724503653883463,Medium reliability
51175,65 and over,Lives with parent(s),10,13,79.0273556231003,Low reliability
51175,All ages,Lives alone,1823,255,8.503302115654913,High reliability
51175,All ages,Lives with married or unmarried partner,7511,600.663799475214,4.8614720656934285,High reliability
51175,All ages,Lives with other nonrelative(s),162,86,32.271379789110284,Low reliability
51175,All ages,Lives with other relative(s),1921,349,11.044146523229891,High reliability
51175,All ages,Lives with parent(s),1750,236,8.19800260529744,High reliability
51177,18 to 34,Lives alone,1675,341,12.375810915029714,High reliability
51177,18 to 34,Lives with married or unmarried partner,12083,932.0536465247052,4.689215934893608,High reliability
51177,18 to 34,Lives with other nonrelative(s),1783,458,15.615224502946607,Medium reliability
51177,18 to 34,Lives with other relative(s),3151,460,8.874492489960732,High reliability
51177,18 to 34,Lives with parent(s),11482,695,3.6796063509476173,High reliability
51177,35 to 64,Lives alone,4625,530,6.966236753470796,High reliability
51177,35 to 64,Lives with married or unmarried partner,42508,1584.6744145091761,2.2662273255757275,High reliability
51177,35 to 64,Lives with other nonrelative(s),1237,360,17.691591334068846,Medium reliability
51177,35 to 64,Lives with other relative(s),6156,662,6.537225648834458,High reliability
51177,35 to 64,Lives with parent(s),2345,483,12.520981717552058,High reliability
51177,65 and over,Lives alone,3953,403,6.197439980561876,High reliability
51177,65 and over,Lives with married or unmarried partner,13519,681.5342984766064,3.064624339251934,High reliability
51177,65 and over,Lives with other nonrelative(s),424,179,25.663818317371106,Medium reliability
51177,65 and over,Lives with other relative(s),3169,398,7.63475193290626,High reliability
51177,65 and over,Lives with parent(s),9,16,108.07159743329954,Low reliability
51177,All ages,Lives alone,10253,718,4.257038565627023,High reliability
51177,All ages,Lives with married or unmarried partner,68110,2206.4353604853236,1.9693115423292318,High reliability
51177,All ages,Lives with other nonrelative(s),3444,705,12.444001991040318,High reliability
51177,All ages,Lives with other relative(s),12476,987,4.809233728759218,High reliability
51177,All ages,Lives with parent(s),13836,869,3.8180650274909476,High reliability
51179,18 to 34,Lives alone,979,254,15.77194022807219,Medium reliability
51179,18 to 34,Lives with married or unmarried partner,11265,965.9259806009982,5.212508175393285,High reliability
51179,18 to 34,Lives with other nonrelative(s),2301,456,12.04709462913574,High reliability
51179,18 to 34,Lives with other relative(s),3528,577,9.942173424587667,High reliability
51179,18 to 34,Lives with parent(s),14526,836,3.498600350613322,High reliability
51179,35 to 64,Lives alone,4242,520,7.451895862621434,High reliability
51179,35 to 64,Lives with married or unmarried partner,49085,1275.6978482383672,1.5799128281451686,High reliability
51179,35 to 64,Lives with other nonrelative(s),1331,482,22.014208755900334,Medium reliability
51179,35 to 64,Lives with other relative(s),7723,892,7.0212254321064425,High reliability
51179,35 to 64,Lives with parent(s),2358,446,11.498075490279486,High reliability
51179,65 and over,Lives alone,3860,460,7.244436745043073,High reliability
51179,65 and over,Lives with married or unmarried partner,9884,615.8002923026263,3.787400670283657,High reliability
51179,65 and over,Lives with other nonrelative(s),363,164,27.46447620722282,Medium reliability
51179,65 and over,Lives with other relative(s),3478,388,6.781663639970565,High reliability
51179,65 and over,Lives with parent(s),0,31,Inf,Low reliability
51179,All ages,Lives alone,9081,712,4.766289480457711,High reliability
51179,All ages,Lives with married or unmarried partner,70234,1949.187010012123,1.6870975816682652,High reliability
51179,All ages,Lives with other nonrelative(s),3995,731,11.123326650714608,High reliability
51179,All ages,Lives with other relative(s),14729,1200,4.952700676724638,High reliability
51179,All ages,Lives with parent(s),16884,939,3.3808378861230106,High reliability
51181,18 to 34,Lives alone,38,43,68.78899376099824,Low reliability
51181,18 to 34,Lives with married or unmarried partner,257,121.19818480488888,28.667979800808695,Medium reliability
51181,18 to 34,Lives with other nonrelative(s),21,34,98.42234766246925,Low reliability
51181,18 to 34,Lives with other relative(s),143,99,42.085574000467616,Low reliability
51181,18 to 34,Lives with parent(s),602,156,15.752961253774147,Medium reliability
51181,35 to 64,Lives alone,333,106,19.350657648529985,Medium reliability
51181,35 to 64,Lives with married or unmarried partner,1819,267.15164233071823,8.928104133194472,High reliability
51181,35 to 64,Lives with other nonrelative(s),10,16,97.2644376899696,Low reliability
51181,35 to 64,Lives with other relative(s),372,106,17.321959669248617,Medium reliability
51181,35 to 64,Lives with parent(s),226,98,26.36038410845415,Medium reliability
51181,65 and over,Lives alone,401,104,15.766055984658415,Medium reliability
51181,65 and over,Lives with married or unmarried partner,981,142.772546380598,8.847280479914607,High reliability
51181,65 and over,Lives with other nonrelative(s),7,9,78.15892314372557,Low reliability
51181,65 and over,Lives with other relative(s),222,86,23.54938525151291,Medium reliability
51181,65 and over,Lives with parent(s),9,15,101.31712259371835,Low reliability
51181,All ages,Lives alone,772,151,11.890325527190262,High reliability
51181,All ages,Lives with married or unmarried partner,3057,346.5905365124674,6.892160133004175,High reliability
51181,All ages,Lives with other nonrelative(s),38,43,68.78899376099824,Low reliability
51181,All ages,Lives with other relative(s),737,186,15.341914357474854,Medium reliability
51181,All ages,Lives with parent(s),837,194,14.08997977288986,High reliability
51183,18 to 34,Lives alone,55,46,50.84277424702957,Low reliability
51183,18 to 34,Lives with married or unmarried partner,660,285.4277491765648,26.28974386815555,Medium reliability
51183,18 to 34,Lives with other nonrelative(s),76,58,46.39257718764998,Low reliability
51183,18 to 34,Lives with other relative(s),442,227,31.220344111458008,Low reliability
51183,18 to 34,Lives with parent(s),953,222,14.161008110685502,High reliability
51183,35 to 64,Lives alone,551,119,13.128933853342083,High reliability
51183,35 to 64,Lives with married or unmarried partner,2018,295.3726459914662,8.897811670390984,High reliability
51183,35 to 64,Lives with other nonrelative(s),53,43,49.320410621093075,Low reliability
51183,35 to 64,Lives with other relative(s),512,138,16.384878419452885,Medium reliability
51183,35 to 64,Lives with parent(s),258,131,30.866379208783957,Low reliability
51183,65 and over,Lives alone,595,131,13.384077035069348,High reliability
51183,65 and over,Lives with married or unmarried partner,942,129.24395537122808,8.340525904996037,High reliability
51183,65 and over,Lives with other nonrelative(s),37,35,57.50431282346176,Low reliability
51183,65 and over,Lives with other relative(s),251,109,26.39896341684932,Medium reliability
51183,65 and over,Lives with parent(s),4,8,121.580547112462,Low reliability
51183,All ages,Lives alone,1201,196,9.920810671957765,High reliability
51183,All ages,Lives with married or unmarried partner,3620,438.6308242702512,7.36588060706731,High reliability
51183,All ages,Lives with other nonrelative(s),166,93,34.05720145017761,Low reliability
51183,All ages,Lives with other relative(s),1205,262,13.217470266997944,High reliability
51183,All ages,Lives with parent(s),1215,254,12.708419327804672,High reliability
51185,18 to 34,Lives alone,363,141,23.612750885478157,Medium reliability
51185,18 to 34,Lives with married or unmarried partner,2642,398.05652864888424,9.158957330586441,High reliability
51185,18 to 34,Lives with other nonrelative(s),419,211,30.61276305576311,Low reliability
51185,18 to 34,Lives with other relative(s),1337,288,13.094688694236744,High reliability
51185,18 to 34,Lives with parent(s),1950,341,10.630504247525524,High reliability
51185,35 to 64,Lives alone,2012,327,9.879930145570347,High reliability
51185,35 to 64,Lives with married or unmarried partner,9289,785.5303940650546,5.1407694630152445,High reliability
51185,35 to 64,Lives with other nonrelative(s),392,199,30.86036846349482,Low reliability
51185,35 to 64,Lives with other relative(s),1594,360,13.729296411695834,High reliability
51185,35 to 64,Lives with parent(s),1389,394,17.243605314006487,Medium reliability
51185,65 and over,Lives alone,2688,418,9.453249384860326,High reliability
51185,65 and over,Lives with married or unmarried partner,5101,525.1637839760087,6.258547361248182,High reliability
51185,65 and over,Lives with other nonrelative(s),83,73,53.466144212106784,Low reliability
51185,65 and over,Lives with other relative(s),1154,273,14.381061248571111,High reliability
51185,65 and over,Lives with parent(s),0,28,Inf,Low reliability
51185,All ages,Lives alone,5063,545,6.543689332045406,High reliability
51185,All ages,Lives with married or unmarried partner,17032,1162.7850188233422,4.150189019572463,High reliability
51185,All ages,Lives with other nonrelative(s),894,325,22.09937237782447,Medium reliability
51185,All ages,Lives with other relative(s),4085,533,7.931754175145929,High reliability
51185,All ages,Lives with parent(s),3339,530,9.64924977083032,High reliability
51187,18 to 34,Lives alone,208,112,32.733224222585925,Low reliability
51187,18 to 34,Lives with married or unmarried partner,3734,489.77647963127015,7.973659929885568,High reliability
51187,18 to 34,Lives with other nonrelative(s),678,259,23.22224314316199,Medium reliability
51187,18 to 34,Lives with other relative(s),1076,247,13.954644580287228,High reliability
51187,18 to 34,Lives with parent(s),2480,373,9.143053240513774,High reliability
51187,35 to 64,Lives alone,1828,324,10.774643671892147,High reliability
51187,35 to 64,Lives with married or unmarried partner,11866,850.2811299799614,4.3560443697272095,High reliability
51187,35 to 64,Lives with other nonrelative(s),330,147,27.079303675048354,Medium reliability
51187,35 to 64,Lives with other relative(s),1722,352,12.426350924386362,High reliability
51187,35 to 64,Lives with parent(s),824,283,20.878212883996813,Medium reliability
51187,65 and over,Lives alone,1525,281,11.201355324131745,High reliability
51187,65 and over,Lives with married or unmarried partner,3870,369.88241374793694,5.810142923869795,High reliability
51187,65 and over,Lives with other nonrelative(s),251,137,33.180348514755565,Low reliability
51187,65 and over,Lives with other relative(s),966,225,14.159225207196661,High reliability
51187,65 and over,Lives with parent(s),5,8,97.2644376899696,Low reliability
51187,All ages,Lives alone,3561,423,7.2210855698640035,High reliability
51187,All ages,Lives with married or unmarried partner,19470,1180.9902624492718,3.6873508536998596,High reliability
51187,All ages,Lives with other nonrelative(s),1259,344,16.609892059843894,Medium reliability
51187,All ages,Lives with other relative(s),3764,577,9.318806546744232,High reliability
51187,All ages,Lives with parent(s),3309,506,9.295823033983948,High reliability
51191,18 to 34,Lives alone,564,191,20.58677703765979,Medium reliability
51191,18 to 34,Lives with married or unmarried partner,3889,497.31780583445834,7.773742725909308,High reliability
51191,18 to 34,Lives with other nonrelative(s),471,191,24.651682057834652,Medium reliability
51191,18 to 34,Lives with other relative(s),1149,223,11.798286338589655,High reliability
51191,18 to 34,Lives with parent(s),3225,355,6.691642515492095,High reliability
51191,35 to 64,Lives alone,2402,292,7.389991622988948,High reliability
51191,35 to 64,Lives with married or unmarried partner,13970,806.0434231479096,3.5074874868548522,High reliability
51191,35 to 64,Lives with other nonrelative(s),586,235,24.37835202340322,Medium reliability
51191,35 to 64,Lives with other relative(s),2279,357,9.522653646149394,High reliability
51191,35 to 64,Lives with parent(s),1591,382,14.59577906881222,High reliability
51191,65 and over,Lives alone,3650,359,5.979098138818338,High reliability
51191,65 and over,Lives with married or unmarried partner,7614,566.9162195598217,4.526266360717872,High reliability
51191,65 and over,Lives with other nonrelative(s),252,107,25.8117431369711,Medium reliability
51191,65 and over,Lives with other relative(s),1334,246,11.210200370939152,High reliability
51191,65 and over,Lives with parent(s),87,75,52.40540823813017,Low reliability
51191,All ages,Lives alone,6616,438,4.024507227573938,High reliability
51191,All ages,Lives with married or unmarried partner,25473,1205.0863039633302,2.875889219047548,High reliability
51191,All ages,Lives with other nonrelative(s),1309,369,17.136448389800794,Medium reliability
51191,All ages,Lives with other relative(s),4762,531,6.778587832498668,High reliability
51191,All ages,Lives with parent(s),4903,538,6.670439970069809,High reliability
51193,18 to 34,Lives alone,193,108,34.017355150637044,Low reliability
51193,18 to 34,Lives with married or unmarried partner,837,303.41555662160766,22.03669616277614,Medium reliability
51193,18 to 34,Lives with other nonrelative(s),300,203,41.13475177304964,Low reliability
51193,18 to 34,Lives with other relative(s),615,194,19.176118812859862,Medium reliability
51193,18 to 34,Lives with parent(s),1450,259,10.858400586940572,High reliability
51193,35 to 64,Lives alone,1284,283,13.398479296272098,High reliability
51193,35 to 64,Lives with married or unmarried partner,3386,507.6731231806545,9.114467819048478,High reliability
51193,35 to 64,Lives with other nonrelative(s),529,252,28.95869364115352,Medium reliability
51193,35 to 64,Lives with other relative(s),1298,322,15.080483886830804,Medium reliability
51193,35 to 64,Lives with parent(s),396,189,29.013539651837522,Medium reliability
51193,65 and over,Lives alone,1426,273,11.637969621915193,High reliability
51193,65 and over,Lives with married or unmarried partner,2598,333.76788341600513,7.809792508523159,High reliability
51193,65 and over,Lives with other nonrelative(s),161,128,48.33015537389794,Low reliability
51193,65 and over,Lives with other relative(s),658,201,18.569673229183028,Medium reliability
51193,65 and over,Lives with parent(s),26,31,72.48071077858313,Low reliability
51193,All ages,Lives alone,2903,440,9.213820311657472,High reliability
51193,All ages,Lives with married or unmarried partner,6821,710.6820667499638,6.3337571102826455,High reliability
51193,All ages,Lives with other nonrelative(s),990,404,24.807343956280125,Medium reliability
51193,All ages,Lives with other relative(s),2571,488,11.538566120358121,High reliability
51193,All ages,Lives with parent(s),1872,334,10.846127867404464,High reliability
51195,18 to 34,Lives alone,283,144,30.932153328965594,Low reliability
51195,18 to 34,Lives with married or unmarried partner,3052,473.2060861823313,9.425402171525997,High reliability
51195,18 to 34,Lives with other nonrelative(s),418,214,31.122293160367065,Low reliability
51195,18 to 34,Lives with other relative(s),697,222,19.362181821353346,Medium reliability
51195,18 to 34,Lives with parent(s),1725,315,11.100832562442184,High reliability
51195,35 to 64,Lives alone,1816,362,12.117884926957942,High reliability
51195,35 to 64,Lives with married or unmarried partner,8509,623.2575711533716,4.452696938113241,High reliability
51195,35 to 64,Lives with other nonrelative(s),288,189,39.8936170212766,Low reliability
51195,35 to 64,Lives with other relative(s),1531,340,13.500126067353719,High reliability
51195,35 to 64,Lives with parent(s),710,226,19.35014341367353,Medium reliability
51195,65 and over,Lives alone,2003,343,10.409917039334616,High reliability
51195,65 and over,Lives with married or unmarried partner,4239,425.6994244769424,6.10483238185502,High reliability
51195,65 and over,Lives with other nonrelative(s),41,33,48.92875676477129,Low reliability
51195,65 and over,Lives with other relative(s),575,155,16.38694330646227,Medium reliability
51195,65 and over,Lives with parent(s),19,33,105.58310670292752,Low reliability
51195,All ages,Lives alone,4102,492,7.2912761066956735,High reliability
51195,All ages,Lives with married or unmarried partner,15800,1093.9328132933942,4.208890821028026,High reliability
51195,All ages,Lives with other nonrelative(s),747,321,26.122727994043043,Medium reliability
51195,All ages,Lives with other relative(s),2803,465,10.084722512895974,High reliability
51195,All ages,Lives with parent(s),2454,433,10.726238162122259,High reliability
51197,18 to 34,Lives alone,459,181,23.971763646356887,Medium reliability
51197,18 to 34,Lives with married or unmarried partner,2165,345.8005205317077,9.709611195847383,High reliability
51197,18 to 34,Lives with other nonrelative(s),219,96,26.64779114793688,Medium reliability
51197,18 to 34,Lives with other relative(s),489,171,21.257948421504093,Medium reliability
51197,18 to 34,Lives with parent(s),1678,251,9.093181562940392,High reliability
51197,35 to 64,Lives alone,1642,322,11.92111332832301,High reliability
51197,35 to 64,Lives with married or unmarried partner,7759,703.0476513011049,5.508243207328248,High reliability
51197,35 to 64,Lives with other nonrelative(s),322,164,30.96150578640337,Low reliability
51197,35 to 64,Lives with other relative(s),1301,378,17.66235465353983,Medium reliability
51197,35 to 64,Lives with parent(s),423,175,25.14964036014285,Medium reliability
51197,65 and over,Lives alone,1971,289,8.91343940017796,High reliability
51197,65 and over,Lives with married or unmarried partner,3508,344.05232160239814,5.962096564386017,High reliability
51197,65 and over,Lives with other nonrelative(s),117,66,34.2919491855662,Low reliability
51197,65 and over,Lives with other relative(s),421,131,18.915738327473306,Medium reliability
51197,65 and over,Lives with parent(s),46,42,55.50416281221091,Low reliability
51197,All ages,Lives alone,4072,457,6.8224840410603065,High reliability
51197,All ages,Lives with married or unmarried partner,13432,920.813227533141,4.167397855563998,High reliability
51197,All ages,Lives with other nonrelative(s),658,207,19.123991833039238,Medium reliability
51197,All ages,Lives with other relative(s),2211,464,12.757434161054357,High reliability
51197,All ages,Lives with parent(s),2147,324,9.17375343838791,High reliability
51199,18 to 34,Lives alone,744,180,14.707324247475242,High reliability
51199,18 to 34,Lives with married or unmarried partner,5327,612.3218108151955,6.9876497810967635,High reliability
51199,18 to 34,Lives with other nonrelative(s),1046,325,18.88799130571231,Medium reliability
51199,18 to 34,Lives with other relative(s),1153,315,16.607923824989392,Medium reliability
51199,18 to 34,Lives with parent(s),4583,448,5.9424050956123695,High reliability
51199,35 to 64,Lives alone,2296,394,10.431780392489118,High reliability
51199,35 to 64,Lives with married or unmarried partner,21129,756.1216833288145,2.1754386848102847,High reliability
51199,35 to 64,Lives with other nonrelative(s),454,196,26.2442590683288,Medium reliability
51199,35 to 64,Lives with other relative(s),2802,526,11.411735863874913,High reliability
51199,35 to 64,Lives with parent(s),1142,323,17.193746373609994,Medium reliability
51199,65 and over,Lives alone,2804,342,7.414505547871256,High reliability
51199,65 and over,Lives with married or unmarried partner,7608,422.6014671058301,3.37671645512986,High reliability
51199,65 and over,Lives with other nonrelative(s),113,72,38.73362562874896,Low reliability
51199,65 and over,Lives with other relative(s),1488,281,11.47988364872373,High reliability
51199,65 and over,Lives with parent(s),47,46,59.49686348056651,Low reliability
51199,All ages,Lives alone,5844,507,5.2738995025682955,High reliability
51199,All ages,Lives with married or unmarried partner,34064,1210.339621759116,2.159959978354915,High reliability
51199,All ages,Lives with other nonrelative(s),1613,404,15.225834170314522,Medium reliability
51199,All ages,Lives with other relative(s),5443,748,8.354055598026969,High reliability
51199,All ages,Lives with parent(s),5772,517,5.445005445005445,High reliability
51510,18 to 34,Lives alone,8440,642,4.624094268139847,High reliability
51510,18 to 34,Lives with married or unmarried partner,17104,1395.9899713106824,4.961565261794402,High reliability
51510,18 to 34,Lives with other nonrelative(s),5492,748,8.279520142035832,High reliability
51510,18 to 34,Lives with other relative(s),3588,619,10.487508174834725,High reliability
51510,18 to 34,Lives with parent(s),5400,509,5.730046155578069,High reliability
51510,35 to 64,Lives alone,16960,872,3.1255376498250844,High reliability
51510,35 to 64,Lives with married or unmarried partner,37663,1406.2321998873444,2.2697405972634197,High reliability
51510,35 to 64,Lives with other nonrelative(s),3858,719,11.329239680386234,High reliability
51510,35 to 64,Lives with other relative(s),7256,630,5.278097070069672,High reliability
51510,35 to 64,Lives with parent(s),1507,401,16.175779493064788,Medium reliability
51510,65 and over,Lives alone,7859,543,4.200167774657518,High reliability
51510,65 and over,Lives with married or unmarried partner,8596,544.2352432542384,3.8487912187490787,High reliability
51510,65 and over,Lives with other nonrelative(s),300,121,24.51874366767984,Medium reliability
51510,65 and over,Lives with other relative(s),2417,381,9.582579323510142,High reliability
51510,65 and over,Lives with parent(s),70,90,78.15892314372557,Low reliability
51510,All ages,Lives alone,33259,1081,1.975834682771151,High reliability
51510,All ages,Lives with married or unmarried partner,63363,2226.15048907301,2.1357621515408947,High reliability
51510,All ages,Lives with other nonrelative(s),9650,1157,7.288533316534639,High reliability
51510,All ages,Lives with other relative(s),13261,1150,5.2717603943643505,High reliability
51510,All ages,Lives with parent(s),6977,710,6.1861966783609015,High reliability
51520,18 to 34,Lives alone,316,179,34.434996729637184,Low reliability
51520,18 to 34,Lives with married or unmarried partner,1059,320.3201523476161,18.387487900647002,Medium reliability
51520,18 to 34,Lives with other nonrelative(s),0,21,Inf,Low reliability
51520,18 to 34,Lives with other relative(s),726,246,20.59835715541712,Medium reliability
51520,18 to 34,Lives with parent(s),973,273,17.056263803546827,Medium reliability
51520,35 to 64,Lives alone,1196,269,13.672728751359648,High reliability
51520,35 to 64,Lives with married or unmarried partner,3466,491.86380228677126,8.626813356439914,High reliability
51520,35 to 64,Lives with other nonrelative(s),177,127,43.617879896278744,Low reliability
51520,35 to 64,Lives with other relative(s),694,242,21.197761095976805,Medium reliability
51520,35 to 64,Lives with parent(s),856,278,19.742635570832032,Medium reliability
51520,65 and over,Lives alone,1509,236,9.507292617144145,High reliability
51520,65 and over,Lives with married or unmarried partner,1543,241.03319273494262,9.496094441016794,High reliability
51520,65 and over,Lives with other nonrelative(s),112,114,61.87581415544942,Low reliability
51520,65 and over,Lives with other relative(s),633,164,15.749770715990339,Medium reliability
51520,65 and over,Lives with parent(s),31,46,90.20492205118148,Low reliability
51520,All ages,Lives alone,3021,346,6.9624080272942495,High reliability
51520,All ages,Lives with married or unmarried partner,6068,716.68751907648,7.179899528509516,High reliability
51520,All ages,Lives with other nonrelative(s),289,195,41.017658627906734,Low reliability
51520,All ages,Lives with other relative(s),2053,407,12.051457056690705,High reliability
51520,All ages,Lives with parent(s),1860,393,12.844396509461712,High reliability
51530,18 to 34,Lives alone,78,68,52.9966487413296,Low reliability
51530,18 to 34,Lives with married or unmarried partner,650,228.0350850198276,21.326638767344175,Medium reliability
51530,18 to 34,Lives with other nonrelative(s),145,120,50.309191908604966,Low reliability
51530,18 to 34,Lives with other relative(s),261,172,40.061023186481734,Low reliability
51530,18 to 34,Lives with parent(s),244,147,36.623648412975236,Low reliability
51530,35 to 64,Lives alone,343,146,25.875743263002114,Medium reliability
51530,35 to 64,Lives with married or unmarried partner,1284,247.7357463104588,11.728912607375262,High reliability
51530,35 to 64,Lives with other nonrelative(s),6,14,141.84397163120568,Low reliability
51530,35 to 64,Lives with other relative(s),481,192,24.2655561804498,Medium reliability
51530,35 to 64,Lives with parent(s),32,61,115.88145896656535,Low reliability
51530,65 and over,Lives alone,362,102,17.128751112529176,Medium reliability
51530,65 and over,Lives with married or unmarried partner,487,124.77980605851253,15.575767032013196,Medium reliability
51530,65 and over,Lives with other nonrelative(s),0,19,Inf,Low reliability
51530,65 and over,Lives with other relative(s),263,138,31.89755798768014,Low reliability
51530,65 and over,Lives with parent(s),8,15,113.98176291793314,Low reliability
51530,All ages,Lives alone,783,168,13.043123828156844,High reliability
51530,All ages,Lives with married or unmarried partner,2421,438.8826722485179,11.020156012010359,High reliability
51530,All ages,Lives with other nonrelative(s),151,126,50.72565872904045,Low reliability
51530,All ages,Lives with other relative(s),1005,298,18.025374646524217,Medium reliability
51530,All ages,Lives with parent(s),284,164,35.10424247613339,Low reliability
51540,18 to 34,Lives alone,2358,308,7.940375002255788,High reliability
51540,18 to 34,Lives with married or unmarried partner,3633,525.3046734991037,8.789819653833506,High reliability
51540,18 to 34,Lives with other nonrelative(s),6424,459,4.343514253161586,High reliability
51540,18 to 34,Lives with other relative(s),923,278,18.309529846838807,Medium reliability
51540,18 to 34,Lives with parent(s),1277,274,13.043488609559354,High reliability
51540,35 to 64,Lives alone,2821,429,9.244603812698724,High reliability
51540,35 to 64,Lives with married or unmarried partner,9060,663.4606243026032,4.451650424408725,High reliability
51540,35 to 64,Lives with other nonrelative(s),886,364,24.97478507276308,Medium reliability
51540,35 to 64,Lives with other relative(s),1917,318,10.08414553514943,High reliability
51540,35 to 64,Lives with parent(s),378,152,24.444766086103474,Medium reliability
51540,65 and over,Lives alone,2277,282,7.528703180877093,High reliability
51540,65 and over,Lives with married or unmarried partner,2699,356.9719876965138,8.040172205995777,High reliability
51540,65 and over,Lives with other nonrelative(s),100,71,43.161094224924014,Low reliability
51540,65 and over,Lives with other relative(s),719,215,18.17789821222485,Medium reliability
51540,65 and over,Lives with parent(s),0,28,Inf,Low reliability
51540,All ages,Lives alone,7456,699,5.699088145896656,High reliability
51540,All ages,Lives with married or unmarried partner,15392,1112.0692424485087,4.392086373565191,High reliability
51540,All ages,Lives with other nonrelative(s),7410,570,4.676174888940846,High reliability
51540,All ages,Lives with other relative(s),3559,488,8.335390136398068,High reliability
51540,All ages,Lives with parent(s),1655,334,12.268248560592843,High reliability
51550,18 to 34,Lives alone,2804,477,10.34128405360991,High reliability
51550,18 to 34,Lives with married or unmarried partner,20014,1348.685656481895,4.09648096327068,High reliability
51550,18 to 34,Lives with other nonrelative(s),3569,702,11.957066975756279,High reliability
51550,18 to 34,Lives with other relative(s),6690,894,8.123543282402169,High reliability
51550,18 to 34,Lives with parent(s),20184,1141,3.436469586190031,High reliability
51550,35 to 64,Lives alone,9441,894,5.7564351826364275,High reliability
51550,35 to 64,Lives with married or unmarried partner,69885,2001.5046839815288,1.7410319419519897,High reliability
51550,35 to 64,Lives with other nonrelative(s),2272,584,15.625668907059378,Medium reliability
51550,35 to 64,Lives with other relative(s),12053,1009,5.088972539470428,High reliability
51550,35 to 64,Lives with parent(s),4448,635,8.678467560298268,High reliability
51550,65 and over,Lives alone,8702,684,4.778274777345668,High reliability
51550,65 and over,Lives with married or unmarried partner,19886,915.5615763016707,2.79881518057692,High reliability
51550,65 and over,Lives with other nonrelative(s),744,249,20.345131875674085,Medium reliability
51550,65 and over,Lives with other relative(s),4974,495,6.0496954986599,High reliability
51550,65 and over,Lives with parent(s),124,62,30.3951367781155,Low reliability
51550,All ages,Lives alone,20947,1220,3.540561117993117,High reliability
51550,All ages,Lives with married or unmarried partner,109785,2953.1762561689407,1.635236074803261,High reliability
51550,All ages,Lives with other nonrelative(s),6585,1039,9.591661993154748,High reliability
51550,All ages,Lives with other relative(s),23717,1565,4.011332719800207,High reliability
51550,All ages,Lives with parent(s),24756,1298,3.187339435934232,High reliability
51570,18 to 34,Lives alone,253,109,26.190275959008613,Medium reliability
51570,18 to 34,Lives with married or unmarried partner,1423,346.10114128676315,14.785371087101959,High reliability
51570,18 to 34,Lives with other nonrelative(s),228,139,37.060736948754865,Low reliability
51570,18 to 34,Lives with other relative(s),647,234,21.985972198080457,Medium reliability
51570,18 to 34,Lives with parent(s),1164,261,13.630808761319837,High reliability
51570,35 to 64,Lives alone,1041,239,13.956652622419988,High reliability
51570,35 to 64,Lives with married or unmarried partner,3981,542.4619802345599,8.283449427860754,High reliability
51570,35 to 64,Lives with other nonrelative(s),64,58,55.09118541033434,Low reliability
51570,35 to 64,Lives with other relative(s),1274,289,13.789944315345965,High reliability
51570,35 to 64,Lives with parent(s),371,154,25.23369845730344,Medium reliability
51570,65 and over,Lives alone,963,179,11.299542021355503,High reliability
51570,65 and over,Lives with married or unmarried partner,1747,204.0245083317198,7.09943083781384,High reliability
51570,65 and over,Lives with other nonrelative(s),25,20,48.6322188449848,Low reliability
51570,65 and over,Lives with other relative(s),447,146,19.8554361056146,Medium reliability
51570,65 and over,Lives with parent(s),12,14,70.92198581560284,Low reliability
51570,All ages,Lives alone,2257,290,7.810890266418694,High reliability
51570,All ages,Lives with married or unmarried partner,7151,689.6085846333411,5.862326179077904,High reliability
51570,All ages,Lives with other nonrelative(s),317,156,29.915718216946484,Medium reliability
51570,All ages,Lives with other relative(s),2368,427,10.961759631972399,High reliability
51570,All ages,Lives with parent(s),1547,303,11.906562952513248,High reliability
51580,18 to 34,Lives alone,83,79,57.860621818581315,Low reliability
51580,18 to 34,Lives with married or unmarried partner,415,132.43866504914644,19.399958259661833,Medium reliability
51580,18 to 34,Lives with other nonrelative(s),75,65,52.68490374873353,Low reliability
51580,18 to 34,Lives with other relative(s),280,113,24.53321754233608,Medium reliability
51580,18 to 34,Lives with parent(s),318,116,22.175068341266655,Medium reliability
51580,35 to 64,Lives alone,307,125,24.751740047325328,Medium reliability
51580,35 to 64,Lives with married or unmarried partner,1412,236.799493242701,10.194834257932484,High reliability
51580,35 to 64,Lives with other nonrelative(s),13,20,93.52349777881692,Low reliability
51580,35 to 64,Lives with other relative(s),230,101,26.694859257301438,Medium reliability
51580,35 to 64,Lives with parent(s),58,50,52.40540823813017,Low reliability
51580,65 and over,Lives alone,484,104,13.062372830264513,High reliability
51580,65 and over,Lives with married or unmarried partner,506,146.4137971640651,17.58998968776687,Medium reliability
51580,65 and over,Lives with other nonrelative(s),0,19,Inf,Low reliability
51580,65 and over,Lives with other relative(s),104,64,37.40939911152677,Low reliability
51580,65 and over,Lives with parent(s),9,17,114.8260722728808,Low reliability
51580,All ages,Lives alone,874,194,13.493493214998642,High reliability
51580,All ages,Lives with married or unmarried partner,2333,333.1606219228197,8.681065299979537,High reliability
51580,All ages,Lives with other nonrelative(s),88,73,50.42829510914617,Low reliability
51580,All ages,Lives with other relative(s),614,181,17.920259794263536,Medium reliability
51580,All ages,Lives with parent(s),385,126,19.894998618402877,Medium reliability
51590,18 to 34,Lives alone,990,268,16.456356881888794,Medium reliability
51590,18 to 34,Lives with married or unmarried partner,2385,454.82853912216194,11.592935561600477,High reliability
51590,18 to 34,Lives with other nonrelative(s),608,325,32.4948008318669,Low reliability
51590,18 to 34,Lives with other relative(s),1732,258,9.05536407477344,High reliability
51590,18 to 34,Lives with parent(s),2797,350,7.606934481473311,High reliability
51590,35 to 64,Lives alone,3091,408,8.024080107066403,High reliability
51590,35 to 64,Lives with married or unmarried partner,6592,703.9893465103005,6.492066892450465,High reliability
51590,35 to 64,Lives with other nonrelative(s),573,257,27.26544555663415,Medium reliability
51590,35 to 64,Lives with other relative(s),3154,411,7.921624106408035,High reliability
51590,35 to 64,Lives with parent(s),1141,311,16.569478594204945,Medium reliability
51590,65 and over,Lives alone,3575,384,6.529640572193764,High reliability
51590,65 and over,Lives with married or unmarried partner,3172,378.5828839237189,7.255408914700416,High reliability
51590,65 and over,Lives with other nonrelative(s),94,59,38.15559723210244,Low reliability
51590,65 and over,Lives with other relative(s),1306,257,11.96255765999339,High reliability
51590,65 and over,Lives with parent(s),49,35,43.42162396873643,Low reliability
51590,All ages,Lives alone,7656,598,4.74824759490937,High reliability
51590,All ages,Lives with married or unmarried partner,12149,898.8242319830947,4.497470651182941,High reliability
51590,All ages,Lives with other nonrelative(s),1275,399,19.02377972465582,Medium reliability
51590,All ages,Lives with other relative(s),6192,511,5.016768376491286,High reliability
51590,All ages,Lives with parent(s),3987,482,7.3491125794089145,High reliability
51595,18 to 34,Lives alone,0,19,Inf,Low reliability
51595,18 to 34,Lives with married or unmarried partner,367,211.36697944570244,35.01105313694416,Low reliability
51595,18 to 34,Lives with other nonrelative(s),0,19,Inf,Low reliability
51595,18 to 34,Lives with other relative(s),270,124,27.91849600360239,Medium reliability
51595,18 to 34,Lives with parent(s),387,172,27.017899358324886,Medium reliability
51595,35 to 64,Lives alone,296,118,24.233960404173168,Medium reliability
51595,35 to 64,Lives with married or unmarried partner,1082,281.41250860613854,15.81066855851421,Medium reliability
51595,35 to 64,Lives with other nonrelative(s),99,90,55.26388505111909,Low reliability
51595,35 to 64,Lives with other relative(s),391,122,18.96780914030737,Medium reliability
51595,35 to 64,Lives with parent(s),104,76,44.42366144493804,Low reliability
51595,65 and over,Lives alone,397,130,19.906134917657507,Medium reliability
51595,65 and over,Lives with married or unmarried partner,308,128.82546332150332,25.426412845202567,Medium reliability
51595,65 and over,Lives with other nonrelative(s),0,19,Inf,Low reliability
51595,65 and over,Lives with other relative(s),180,88,29.71968929415738,Medium reliability
51595,65 and over,Lives with parent(s),12,20,101.31712259371832,Low reliability
51595,All ages,Lives alone,693,191,16.754606420259915,Medium reliability
51595,All ages,Lives with married or unmarried partner,1757,351.2064919673325,12.151359545485708,High reliability
51595,All ages,Lives with other nonrelative(s),99,90,55.26388505111909,Low reliability
51595,All ages,Lives with other relative(s),841,207,14.962647593507514,High reliability
51595,All ages,Lives with parent(s),503,193,23.325095022569748,Medium reliability
51600,18 to 34,Lives alone,275,121,26.74772036474164,Medium reliability
51600,18 to 34,Lives with married or unmarried partner,1834,414.3150974801667,13.733003333858148,High reliability
51600,18 to 34,Lives with other nonrelative(s),1533,315,12.491152100595412,High reliability
51600,18 to 34,Lives with other relative(s),581,215,22.495540128381524,Medium reliability
51600,18 to 34,Lives with parent(s),1192,235,11.984659635666347,High reliability
51600,35 to 64,Lives alone,1035,179,10.51348692421773,High reliability
51600,35 to 64,Lives with married or unmarried partner,6861,472.1493407810711,4.183367961736693,High reliability
51600,35 to 64,Lives with other nonrelative(s),447,163,22.167370446679314,Medium reliability
51600,35 to 64,Lives with other relative(s),913,258,17.178412461673165,Medium reliability
51600,35 to 64,Lives with parent(s),189,72,23.15819944999276,Medium reliability
51600,65 and over,Lives alone,823,164,12.113736164303626,High reliability
51600,65 and over,Lives with married or unmarried partner,1791,224.51057881534223,7.620357064462543,High reliability
51600,65 and over,Lives with other nonrelative(s),107,67,38.0649376473596,Low reliability
51600,65 and over,Lives with other relative(s),400,120,18.237082066869302,Medium reliability
51600,65 and over,Lives with parent(s),11,17,93.94860458690246,Low reliability
51600,All ages,Lives alone,2133,270,7.694971336231772,High reliability
51600,All ages,Lives with married or unmarried partner,10486,758.9216033293558,4.399680705142568,High reliability
51600,All ages,Lives with other nonrelative(s),2087,415,12.088147353059831,High reliability
51600,All ages,Lives with other relative(s),1894,403,12.934783655312089,High reliability
51600,All ages,Lives with parent(s),1392,243,10.61209516822136,High reliability
51610,18 to 34,Lives alone,543,132,14.77774605786831,High reliability
51610,18 to 34,Lives with married or unmarried partner,808,222.40728405337808,16.732920344682213,Medium reliability
51610,18 to 34,Lives with other nonrelative(s),347,133,23.300018394751365,Medium reliability
51610,18 to 34,Lives with other relative(s),143,87,36.984292303441244,Low reliability
51610,18 to 34,Lives with parent(s),1020,240,14.303593777936708,High reliability
51610,35 to 64,Lives alone,800,178,13.5258358662614,High reliability
51610,35 to 64,Lives with married or unmarried partner,4481,381.81147180251145,5.179741981205501,High reliability
51610,35 to 64,Lives with other nonrelative(s),58,50,52.40540823813017,Low reliability
51610,35 to 64,Lives with other relative(s),583,167,17.41333736516394,Medium reliability
51610,35 to 64,Lives with parent(s),83,54,39.550298458270774,Low reliability
51610,65 and over,Lives alone,703,189,16.34333101298387,Medium reliability
51610,65 and over,Lives with married or unmarried partner,1224,207.40781084616847,10.300962058037252,High reliability
51610,65 and over,Lives with other nonrelative(s),6,10,101.31712259371832,Low reliability
51610,65 and over,Lives with other relative(s),165,96,35.36888643271622,Low reliability
51610,65 and over,Lives with parent(s),0,21,Inf,Low reliability
51610,All ages,Lives alone,2046,237,7.041688579094208,High reliability
51610,All ages,Lives with married or unmarried partner,6513,541.8422279593941,5.05738327375545,High reliability
51610,All ages,Lives with other nonrelative(s),411,139,20.559240935075692,Medium reliability
51610,All ages,Lives with other relative(s),891,242,16.5109384967541,Medium reliability
51610,All ages,Lives with parent(s),1103,264,14.549983879279225,High reliability
51620,18 to 34,Lives alone,14,26,112.89622231871472,Low reliability
51620,18 to 34,Lives with married or unmarried partner,609,332.3627536292236,33.17639197540675,Low reliability
51620,18 to 34,Lives with other nonrelative(s),96,127,80.42046605876394,Low reliability
51620,18 to 34,Lives with other relative(s),297,186,38.07067636854871,Low reliability
51620,18 to 34,Lives with parent(s),477,188,23.95926924228811,Medium reliability
51620,35 to 64,Lives alone,578,168,17.669145255098286,Medium reliability
51620,35 to 64,Lives with married or unmarried partner,1776,331.94276615103394,11.361988490615635,High reliability
51620,35 to 64,Lives with other nonrelative(s),25,36,87.53799392097264,Low reliability
51620,35 to 64,Lives with other relative(s),495,164,20.140615885296736,Medium reliability
51620,35 to 64,Lives with parent(s),87,71,49.610453132096566,Low reliability
51620,65 and over,Lives alone,317,109,20.90264926696902,Medium reliability
51620,65 and over,Lives with married or unmarried partner,863,139.6710420953463,9.838517794739232,High reliability
51620,65 and over,Lives with other nonrelative(s),0,19,Inf,Low reliability
51620,65 and over,Lives with other relative(s),255,88,20.9786042076405,Medium reliability
51620,65 and over,Lives with parent(s),0,19,Inf,Low reliability
51620,All ages,Lives alone,909,199,13.308321713630331,High reliability
51620,All ages,Lives with married or unmarried partner,3248,577.5300857964024,10.809178541415292,High reliability
51620,All ages,Lives with other nonrelative(s),121,138,69.33105579140395,Low reliability
51620,All ages,Lives with other relative(s),1047,288,16.721679832086465,Medium reliability
51620,All ages,Lives with parent(s),564,229,24.68257561059734,Medium reliability
51630,18 to 34,Lives alone,1422,366,15.646441717004606,Medium reliability
51630,18 to 34,Lives with married or unmarried partner,2775,572.4770737767583,12.540914565607125,High reliability
51630,18 to 34,Lives with other nonrelative(s),969,264,16.562055953400396,Medium reliability
51630,18 to 34,Lives with other relative(s),870,332,23.198127380078954,Medium reliability
51630,18 to 34,Lives with parent(s),1483,354,14.510962130078067,High reliability
51630,35 to 64,Lives alone,1409,312,13.461011603650869,High reliability
51630,35 to 64,Lives with married or unmarried partner,6337,633.5834593800568,6.077909391891562,High reliability
51630,35 to 64,Lives with other nonrelative(s),333,209,38.153655174931764,Low reliability
51630,35 to 64,Lives with other relative(s),1150,288,15.22399894277785,Medium reliability
51630,35 to 64,Lives with parent(s),225,122,32.961837217156365,Low reliability
51630,65 and over,Lives alone,1381,222,9.77222355502048,High reliability
51630,65 and over,Lives with married or unmarried partner,1467,268.4660127464927,11.124827781465502,High reliability
51630,65 and over,Lives with other nonrelative(s),0,25,Inf,Low reliability
51630,65 and over,Lives with other relative(s),304,108,21.596544552871542,Medium reliability
51630,65 and over,Lives with parent(s),10,18,109.4224924012158,Low reliability
51630,All ages,Lives alone,4212,502,7.245184550149089,High reliability
51630,All ages,Lives with married or unmarried partner,10579,983.9197121716792,5.653913267821576,High reliability
51630,All ages,Lives with other nonrelative(s),1302,361,16.855060486789085,Medium reliability
51630,All ages,Lives with other relative(s),2324,508,13.288063238625366,High reliability
51630,All ages,Lives with parent(s),1718,376,13.304506901712953,High reliability
51640,18 to 34,Lives alone,97,70,43.869269576661544,Low reliability
51640,18 to 34,Lives with married or unmarried partner,342,145.24806367039804,25.81774714630513,Medium reliability
51640,18 to 34,Lives with other nonrelative(s),0,19,Inf,Low reliability
51640,18 to 34,Lives with other relative(s),188,109,35.245424561857334,Low reliability
51640,18 to 34,Lives with parent(s),482,182,22.954003707954445,Medium reliability
51640,35 to 64,Lives alone,374,138,22.430635697218925,Medium reliability
51640,35 to 64,Lives with married or unmarried partner,1503,356.4168907333097,14.415622280598264,High reliability
51640,35 to 64,Lives with other nonrelative(s),90,89,60.114826072272876,Low reliability
51640,35 to 64,Lives with other relative(s),452,200,26.898351131075664,Medium reliability
51640,35 to 64,Lives with parent(s),103,85,50.16673060465665,Low reliability
51640,65 and over,Lives alone,502,142,17.195655069690844,Medium reliability
51640,65 and over,Lives with married or unmarried partner,576,208.75344308537763,22.031560609314592,Medium reliability
51640,65 and over,Lives with other nonrelative(s),0,19,Inf,Low reliability
51640,65 and over,Lives with other relative(s),51,34,40.52684903748734,Low reliability
51640,65 and over,Lives with parent(s),0,19,Inf,Low reliability
51640,All ages,Lives alone,973,206,12.870294298647057,High reliability
51640,All ages,Lives with married or unmarried partner,2421,383.6925852814985,9.634356555456334,High reliability
51640,All ages,Lives with other nonrelative(s),90,89,60.114826072272876,Low reliability
51640,All ages,Lives with other relative(s),691,216,19.00245888298972,Medium reliability
51640,All ages,Lives with parent(s),585,189,19.639934533551557,Medium reliability
51650,18 to 34,Lives alone,5099,712,8.488463379493325,High reliability
51650,18 to 34,Lives with married or unmarried partner,11684,926.521451451611,4.82056594397977,High reliability
51650,18 to 34,Lives with other nonrelative(s),2681,484,10.974446997842524,High reliability
51650,18 to 34,Lives with other relative(s),5094,840,10.024308949201814,High reliability
51650,18 to 34,Lives with parent(s),8646,876,6.15918108203312,High reliability
51650,35 to 64,Lives alone,8253,877,6.459841258792511,High reliability
51650,35 to 64,Lives with married or unmarried partner,27900,1493.976238097514,3.255169326181247,High reliability
51650,35 to 64,Lives with other nonrelative(s),1580,480,18.467931206956255,Medium reliability
51650,35 to 64,Lives with other relative(s),8482,880,6.306937129153887,High reliability
51650,35 to 64,Lives with parent(s),2787,401,8.746645029080959,High reliability
51650,65 and over,Lives alone,6618,600,5.511357530030009,High reliability
51650,65 and over,Lives with married or unmarried partner,11020,756.5447772604077,4.173372410816519,High reliability
51650,65 and over,Lives with other nonrelative(s),565,202,21.733867713909138,Medium reliability
51650,65 and over,Lives with other relative(s),3243,437,8.1915971458751,High reliability
51650,65 and over,Lives with parent(s),193,116,36.53715923586941,Low reliability
51650,All ages,Lives alone,19970,1216,3.7016010337694993,High reliability
51650,All ages,Lives with married or unmarried partner,50604,2219.0853971850656,2.6657736214433183,High reliability
51650,All ages,Lives with other nonrelative(s),4826,822,10.354248831997904,High reliability
51650,All ages,Lives with other relative(s),16819,1410,5.09627716952766,High reliability
51650,All ages,Lives with parent(s),11626,965,5.0458123156513786,High reliability
51660,18 to 34,Lives alone,1073,238,13.48376990343241,High reliability
51660,18 to 34,Lives with married or unmarried partner,3821,581.1239110551209,9.24540212591145,High reliability
51660,18 to 34,Lives with other nonrelative(s),8614,663,4.678889176663705,High reliability
51660,18 to 34,Lives with other relative(s),1032,273,16.08114794656111,Medium reliability
51660,18 to 34,Lives with parent(s),1830,351,11.65977378045742,High reliability
51660,35 to 64,Lives alone,2074,343,10.053550544738298,High reliability
51660,35 to 64,Lives with married or unmarried partner,8285,958.018788959799,7.029357182000642,High reliability
51660,35 to 64,Lives with other nonrelative(s),832,353,25.792027121814353,Medium reliability
51660,35 to 64,Lives with other relative(s),2614,514,11.953404976244352,High reliability
51660,35 to 64,Lives with parent(s),411,215,31.80026475569262,Low reliability
51660,65 and over,Lives alone,1629,287,10.710134137899507,High reliability
51660,65 and over,Lives with married or unmarried partner,2450,346.67708317683764,8.601875396733147,High reliability
51660,65 and over,Lives with other nonrelative(s),225,127,34.31273218507261,Low reliability
51660,65 and over,Lives with other relative(s),521,145,16.91859820662859,Medium reliability
51660,65 and over,Lives with parent(s),0,31,Inf,Low reliability
51660,All ages,Lives alone,4776,511,6.504151965501266,High reliability
51660,All ages,Lives with married or unmarried partner,14556,1380.578501933157,5.765714811649368,High reliability
51660,All ages,Lives with other nonrelative(s),9671,860,5.405814833870196,High reliability
51660,All ages,Lives with other relative(s),4167,607,8.855218634180998,High reliability
51660,All ages,Lives with parent(s),2241,384,10.416539511643332,High reliability
51670,18 to 34,Lives alone,214,100,28.406669886089254,Medium reliability
51670,18 to 34,Lives with married or unmarried partner,1760,428.68753189240294,14.806836553343567,High reliability
51670,18 to 34,Lives with other nonrelative(s),502,199,24.0981363300597,Medium reliability
51670,18 to 34,Lives with other relative(s),1192,289,14.73858142428755,High reliability
51670,18 to 34,Lives with parent(s),1558,337,13.14911565369053,High reliability
51670,35 to 64,Lives alone,1448,366,15.365497321533528,Medium reliability
51670,35 to 64,Lives with married or unmarried partner,4801,668.1953307229855,8.460690885991779,High reliability
51670,35 to 64,Lives with other nonrelative(s),179,105,35.65909901343159,Low reliability
51670,35 to 64,Lives with other relative(s),1492,359,14.62715027257837,High reliability
51670,35 to 64,Lives with parent(s),470,188,24.3161094224924,Medium reliability
51670,65 and over,Lives alone,1212,218,10.934224121500295,High reliability
51670,65 and over,Lives with married or unmarried partner,1378,320.7553584899245,14.150076913809473,High reliability
51670,65 and over,Lives with other nonrelative(s),72,81,68.38905775075987,Low reliability
51670,65 and over,Lives with other relative(s),572,192,20.405126788105513,Medium reliability
51670,65 and over,Lives with parent(s),11,16,88.42221608179055,Low reliability
51670,All ages,Lives alone,2874,420,8.88375605205881,High reliability
51670,All ages,Lives with married or unmarried partner,7939,963.9429443696343,7.381075107800584,High reliability
51670,All ages,Lives with other nonrelative(s),753,230,18.568078244267106,Medium reliability
51670,All ages,Lives with other relative(s),3256,546,10.19394636415913,High reliability
51670,All ages,Lives with parent(s),2039,441,13.147871818684587,High reliability
51678,18 to 34,Lives alone,210,128,37.05311911998842,Low reliability
51678,18 to 34,Lives with married or unmarried partner,443,222.50393254951697,30.532900512465705,Low reliability
51678,18 to 34,Lives with other nonrelative(s),198,199,61.09729513984833,Low reliability
51678,18 to 34,Lives with other relative(s),99,117,71.84305056645482,Low reliability
51678,18 to 34,Lives with parent(s),209,122,35.48523145387647,Low reliability
51678,35 to 64,Lives alone,290,132,27.67005554973273,Medium reliability
51678,35 to 64,Lives with married or unmarried partner,854,262.9752840097335,18.71936704154478,Medium reliability
51678,35 to 64,Lives with other nonrelative(s),37,35,57.50431282346176,Low reliability
51678,35 to 64,Lives with other relative(s),133,91,41.59334506478963,Low reliability
51678,35 to 64,Lives with parent(s),9,18,121.580547112462,Low reliability
51678,65 and over,Lives alone,274,133,29.50768752911943,Medium reliability
51678,65 and over,Lives with married or unmarried partner,853,223.16361710637332,15.90407659049757,Medium reliability
51678,65 and over,Lives with other nonrelative(s),0,19,Inf,Low reliability
51678,65 and over,Lives with other relative(s),39,58,90.40604785285635,Low reliability
51678,65 and over,Lives with parent(s),0,19,Inf,Low reliability
51678,All ages,Lives alone,774,229,17.985752770512793,Medium reliability
51678,All ages,Lives with married or unmarried partner,2150,377.72476752259706,10.679996254261598,High reliability
51678,All ages,Lives with other nonrelative(s),235,202,52.25376705684537,Low reliability
51678,All ages,Lives with other relative(s),271,152,34.096389596114804,Low reliability
51678,All ages,Lives with parent(s),218,123,34.29909930007529,Low reliability
51680,18 to 34,Lives alone,2094,287,8.331809221890305,High reliability
51680,18 to 34,Lives with married or unmarried partner,7368,886.0073363127418,7.310074422812043,High reliability
51680,18 to 34,Lives with other nonrelative(s),5086,907,10.840892275953898,High reliability
51680,18 to 34,Lives with other relative(s),3016,438,8.82829569550039,High reliability
51680,18 to 34,Lives with parent(s),4281,662,9.400411374497763,High reliability
51680,35 to 64,Lives alone,3311,436,8.005001289796652,High reliability
51680,35 to 64,Lives with married or unmarried partner,12106,914.3680878070932,4.591498941754588,High reliability
51680,35 to 64,Lives with other nonrelative(s),1004,482,29.184175153489388,Medium reliability
51680,35 to 64,Lives with other relative(s),3940,464,7.159057596469844,High reliability
51680,35 to 64,Lives with parent(s),1033,308,18.125270334287656,Medium reliability
51680,65 and over,Lives alone,3261,308,5.741614307058924,High reliability
51680,65 and over,Lives with married or unmarried partner,5483,400.13247806195386,4.436287215049932,High reliability
51680,65 and over,Lives with other nonrelative(s),223,122,33.2574590756062,Low reliability
51680,65 and over,Lives with other relative(s),1201,247,12.502246101905962,High reliability
51680,65 and over,Lives with parent(s),15,19,77.00101317122594,Low reliability
51680,All ages,Lives alone,8666,584,4.096644329199043,High reliability
51680,All ages,Lives with married or unmarried partner,24957,1471.169602731106,3.5834756820786,High reliability
51680,All ages,Lives with other nonrelative(s),6313,1014,9.76419093711678,High reliability
51680,All ages,Lives with other relative(s),8157,810,6.036547944164168,High reliability
51680,All ages,Lives with parent(s),5329,748,8.532768740863348,High reliability
51683,18 to 34,Lives alone,748,248,20.155063959819906,Medium reliability
51683,18 to 34,Lives with married or unmarried partner,3619,594.1153086733248,9.979671770709045,High reliability
51683,18 to 34,Lives with other nonrelative(s),871,261,18.216143970351656,Medium reliability
51683,18 to 34,Lives with other relative(s),1233,298,14.692215344490542,High reliability
51683,18 to 34,Lives with parent(s),3489,477,8.310966032193233,High reliability
51683,35 to 64,Lives alone,1355,242,10.857008266131293,High reliability
51683,35 to 64,Lives with married or unmarried partner,12049,845.3786134034856,4.265150399816179,High reliability
51683,35 to 64,Lives with other nonrelative(s),596,219,22.337365618816424,Medium reliability
51683,35 to 64,Lives with other relative(s),2268,426,11.418278895482542,High reliability
51683,35 to 64,Lives with parent(s),460,177,23.391040042288886,Medium reliability
51683,65 and over,Lives alone,1044,163,9.49120171423913,High reliability
51683,65 and over,Lives with married or unmarried partner,2478,281.2205540141047,6.898900084000107,High reliability
51683,65 and over,Lives with other nonrelative(s),0,28,Inf,Low reliability
51683,65 and over,Lives with other relative(s),823,251,18.53992547097689,Medium reliability
51683,65 and over,Lives with parent(s),55,86,95.05388228792484,Low reliability
51683,All ages,Lives alone,3147,346,6.683646218765786,High reliability
51683,All ages,Lives with married or unmarried partner,18146,1073.1248762376167,3.59503773759954,High reliability
51683,All ages,Lives with other nonrelative(s),1467,415,17.19697581856569,Medium reliability
51683,All ages,Lives with other relative(s),4324,525,7.380872714389749,High reliability
51683,All ages,Lives with parent(s),4004,526,7.98593503760677,High reliability
51685,18 to 34,Lives alone,417,190,27.698206176699973,Medium reliability
51685,18 to 34,Lives with married or unmarried partner,934,327.7392256047481,21.331217537066323,Medium reliability
51685,18 to 34,Lives with other nonrelative(s),261,169,39.36228440997333,Low reliability
51685,18 to 34,Lives with other relative(s),614,237,23.46464956486441,Medium reliability
51685,18 to 34,Lives with parent(s),2043,397,11.81289212032487,High reliability
51685,35 to 64,Lives alone,611,232,23.08239519647396,Medium reliability
51685,35 to 64,Lives with married or unmarried partner,4286,544.1360124086624,7.717726795641459,High reliability
51685,35 to 64,Lives with other nonrelative(s),548,283,31.393517183236085,Low reliability
51685,35 to 64,Lives with other relative(s),1267,373,17.896426232418442,Medium reliability
51685,35 to 64,Lives with parent(s),213,138,39.385247656149666,Low reliability
51685,65 and over,Lives alone,359,148,25.061171271092448,Medium reliability
51685,65 and over,Lives with married or unmarried partner,677,219.8635940759634,19.74234568527909,Medium reliability
51685,65 and over,Lives with other nonrelative(s),18,33,111.44883485309016,Low reliability
51685,65 and over,Lives with other relative(s),573,196,20.793880657977795,Medium reliability
51685,65 and over,Lives with parent(s),0,21,Inf,Low reliability
51685,All ages,Lives alone,1387,305,13.367724177830176,High reliability
51685,All ages,Lives with married or unmarried partner,5897,683.2173885374991,7.043067991787068,High reliability
51685,All ages,Lives with other nonrelative(s),827,356,26.168485351896297,Medium reliability
51685,All ages,Lives with other relative(s),2454,499,12.36118439468593,High reliability
51685,All ages,Lives with parent(s),2256,416,11.20955398909224,High reliability
51690,18 to 34,Lives alone,447,172,23.391335686066515,Medium reliability
51690,18 to 34,Lives with married or unmarried partner,673,240.08540147205952,21.686266318490404,Medium reliability
51690,18 to 34,Lives with other nonrelative(s),116,88,46.116759249554555,Low reliability
51690,18 to 34,Lives with other relative(s),212,90,25.807191604060332,Medium reliability
51690,18 to 34,Lives with parent(s),963,212,13.382697813002048,High reliability
51690,35 to 64,Lives alone,1076,243,13.728658433238042,High reliability
51690,35 to 64,Lives with married or unmarried partner,2343,389.0115679513914,10.09309416658277,High reliability
51690,35 to 64,Lives with other nonrelative(s),149,109,44.47073703106832,Low reliability
51690,35 to 64,Lives with other relative(s),1110,229,12.541416796735946,High reliability
51690,35 to 64,Lives with parent(s),394,150,23.14350516100165,Medium reliability
51690,65 and over,Lives alone,756,130,10.453353918399513,High reliability
51690,65 and over,Lives with married or unmarried partner,803,171.6566340110396,12.995085603079609,High reliability
51690,65 and over,Lives with other nonrelative(s),48,40,50.65856129685916,Low reliability
51690,65 and over,Lives with other relative(s),465,121,15.81854430172893,Medium reliability
51690,65 and over,Lives with parent(s),7,11,95.52757273122016,Low reliability
51690,All ages,Lives alone,2279,303,8.082252254294865,High reliability
51690,All ages,Lives with married or unmarried partner,3819,590.4726920019249,9.399056421649947,High reliability
51690,All ages,Lives with other nonrelative(s),313,159,30.880682094059836,Low reliability
51690,All ages,Lives with other relative(s),1787,311,10.57961671851586,High reliability
51690,All ages,Lives with parent(s),1364,242,10.785371114815177,High reliability
51700,18 to 34,Lives alone,7433,716,5.855756204259572,High reliability
51700,18 to 34,Lives with married or unmarried partner,16484,1374.9836362662647,5.070712896382399,High reliability
51700,18 to 34,Lives with other nonrelative(s),5204,852,9.952596669851808,High reliability
51700,18 to 34,Lives with other relative(s),7045,674,5.815847321064541,High reliability
51700,18 to 34,Lives with parent(s),10274,950,5.6210589720089015,High reliability
51700,35 to 64,Lives alone,11097,825,4.519417471739261,High reliability
51700,35 to 64,Lives with married or unmarried partner,36493,1786.6686878098021,2.9762441642591773,High reliability
51700,35 to 64,Lives with other nonrelative(s),2588,512,12.026514706642299,High reliability
51700,35 to 64,Lives with other relative(s),10635,973,5.56172413448169,High reliability
51700,35 to 64,Lives with parent(s),3131,552,10.717416481328494,High reliability
51700,65 and over,Lives alone,8277,530,3.8925752065727237,High reliability
51700,65 and over,Lives with married or unmarried partner,11237,748.3167778421115,4.048267476349497,High reliability
51700,65 and over,Lives with other nonrelative(s),752,238,19.23947487550928,Medium reliability
51700,65 and over,Lives with other relative(s),4074,466,6.953428443103496,High reliability
51700,65 and over,Lives with parent(s),84,59,42.69793023592416,Low reliability
51700,All ages,Lives alone,26807,1161,2.63280141749484,High reliability
51700,All ages,Lives with married or unmarried partner,64214,2629.2959133577947,2.489108571858171,High reliability
51700,All ages,Lives with other nonrelative(s),8544,1203,8.559304668556402,High reliability
51700,All ages,Lives with other relative(s),21754,1383,3.8647121599828758,High reliability
51700,All ages,Lives with parent(s),13489,1138,5.128573749498916,High reliability
51710,18 to 34,Lives alone,9468,649,4.166971645331001,High reliability
51710,18 to 34,Lives with married or unmarried partner,24236,1485.0309761079059,3.724848955152514,High reliability
51710,18 to 34,Lives with other nonrelative(s),8040,788,5.958051686854481,High reliability
51710,18 to 34,Lives with other relative(s),9357,744,4.833596614923144,High reliability
51710,18 to 34,Lives with parent(s),10330,751,4.419505850990269,High reliability
51710,35 to 64,Lives alone,13329,689,3.142358652580326,High reliability
51710,35 to 64,Lives with married or unmarried partner,41265,1842.2431978433249,2.713933550321132,High reliability
51710,35 to 64,Lives with other nonrelative(s),4005,631,9.577693536574722,High reliability
51710,35 to 64,Lives with other relative(s),14176,1091,4.6784839482116265,High reliability
51710,35 to 64,Lives with parent(s),3930,476,7.362893183909912,High reliability
51710,65 and over,Lives alone,9821,624,3.8624509417664337,High reliability
51710,65 and over,Lives with married or unmarried partner,12941,717.1534006054771,3.3688240015909336,High reliability
51710,65 and over,Lives with other nonrelative(s),854,209,14.87724493355068,High reliability
51710,65 and over,Lives with other relative(s),4901,484,6.003365109409469,High reliability
51710,65 and over,Lives with parent(s),136,70,31.289111389236545,Low reliability
51710,All ages,Lives alone,32618,1055,1.9662069594035108,High reliability
51710,All ages,Lives with married or unmarried partner,78442,2571.326894815204,1.992703721709164,High reliability
51710,All ages,Lives with other nonrelative(s),12899,1014,4.778768694163752,High reliability
51710,All ages,Lives with other relative(s),28434,1478,3.1598798732541824,High reliability
51710,All ages,Lives with parent(s),14396,904,3.8173386562123386,High reliability
51720,18 to 34,Lives alone,19,18,57.5907854743241,Low reliability
51720,18 to 34,Lives with married or unmarried partner,263,179.20379460268134,41.421474130082245,Low reliability
51720,18 to 34,Lives with other nonrelative(s),49,57,70.71521617765649,Low reliability
51720,18 to 34,Lives with other relative(s),118,84,43.2744320230797,Low reliability
51720,18 to 34,Lives with parent(s),201,91,27.5219646448608,Medium reliability
51720,35 to 64,Lives alone,150,68,27.558257345491388,Medium reliability
51720,35 to 64,Lives with married or unmarried partner,949,248.94376875109768,15.946638358796985,Medium reliability
51720,35 to 64,Lives with other nonrelative(s),162,188,70.54673721340387,Low reliability
51720,35 to 64,Lives with other relative(s),247,138,33.96379656178088,Low reliability
51720,35 to 64,Lives with parent(s),23,24,63.43332892824105,Low reliability
51720,65 and over,Lives alone,390,172,26.81006936326085,Medium reliability
51720,65 and over,Lives with married or unmarried partner,243,100.84145972763385,25.227077870998,Medium reliability
51720,65 and over,Lives with other nonrelative(s),0,13,Inf,Low reliability
51720,65 and over,Lives with other relative(s),67,58,52.62441591434922,Low reliability
51720,65 and over,Lives with parent(s),0,13,Inf,Low reliability
51720,All ages,Lives alone,559,192,20.879664620387036,Medium reliability
51720,All ages,Lives with married or unmarried partner,1455,343.9026024908797,14.368339025512267,High reliability
51720,All ages,Lives with other nonrelative(s),211,232,66.84049035566632,Low reliability
51720,All ages,Lives with other relative(s),432,201,28.28436339074637,Medium reliability
51720,All ages,Lives with parent(s),224,96,26.05297438124186,Medium reliability
51730,18 to 34,Lives alone,1851,366,12.02011892035686,High reliability
51730,18 to 34,Lives with married or unmarried partner,1750,413.359407779719,14.358989414840433,High reliability
51730,18 to 34,Lives with other nonrelative(s),797,349,26.619580264899145,Medium reliability
51730,18 to 34,Lives with other relative(s),1674,377,13.690521583452265,High reliability
51730,18 to 34,Lives with parent(s),2211,339,9.320625389218593,High reliability
51730,35 to 64,Lives alone,2879,406,8.572716590423685,High reliability
51730,35 to 64,Lives with married or unmarried partner,3625,553.5675207235338,9.283178211483639,High reliability
51730,35 to 64,Lives with other nonrelative(s),600,199,20.16210739614995,Medium reliability
51730,35 to 64,Lives with other relative(s),3052,476,9.481051839045202,High reliability
51730,35 to 64,Lives with parent(s),1270,279,13.354713639518465,High reliability
51730,65 and over,Lives alone,2466,297,7.321456304217603,High reliability
51730,65 and over,Lives with married or unmarried partner,1726,323.34810962799827,11.388424124088171,High reliability
51730,65 and over,Lives with other nonrelative(s),135,96,43.228638973319825,Low reliability
51730,65 and over,Lives with other relative(s),1067,210,11.964346248180423,High reliability
51730,65 and over,Lives with parent(s),43,40,56.54909168021488,Low reliability
51730,All ages,Lives alone,7196,510,4.30837124981626,High reliability
51730,All ages,Lives with married or unmarried partner,7101,865.1993989826854,7.406803005892703,High reliability
51730,All ages,Lives with other nonrelative(s),1532,441,17.499027831787124,Medium reliability
51730,All ages,Lives with other relative(s),5793,709,7.440066278502984,High reliability
51730,All ages,Lives with parent(s),3524,497,8.573429613350399,High reliability
51735,18 to 34,Lives alone,0,21,Inf,Low reliability
51735,18 to 34,Lives with married or unmarried partner,1119,233.1222855069845,12.664492857929735,High reliability
51735,18 to 34,Lives with other nonrelative(s),84,66,47.763786365610066,Low reliability
51735,18 to 34,Lives with other relative(s),144,117,49.392097264437695,Low reliability
51735,18 to 34,Lives with parent(s),800,188,14.285714285714285,High reliability
51735,35 to 64,Lives alone,327,141,26.212319790301443,Medium reliability
51735,35 to 64,Lives with married or unmarried partner,3915,363.90245945857527,5.6505057620107415,High reliability
51735,35 to 64,Lives with other nonrelative(s),64,57,54.14133738601824,Low reliability
51735,35 to 64,Lives with other relative(s),414,149,21.878625023860916,Medium reliability
51735,35 to 64,Lives with parent(s),312,129,25.134440028057053,Medium reliability
51735,65 and over,Lives alone,457,157,20.884185882556388,Medium reliability
51735,65 and over,Lives with married or unmarried partner,1759,174.54512310574592,6.032203400514105,High reliability
51735,65 and over,Lives with other nonrelative(s),11,18,99.47499309201436,Low reliability
51735,65 and over,Lives with other relative(s),209,105,30.540568054565814,Low reliability
51735,65 and over,Lives with parent(s),0,21,Inf,Low reliability
51735,All ages,Lives alone,784,214,16.593263445195706,Medium reliability
51735,All ages,Lives with married or unmarried partner,6793,548.9162048983433,4.9122282136343935,High reliability
51735,All ages,Lives with other nonrelative(s),159,106,40.52684903748733,Low reliability
51735,All ages,Lives with other relative(s),767,237,18.783956757270857,Medium reliability
51735,All ages,Lives with parent(s),1112,227,12.409525267324135,High reliability
51740,18 to 34,Lives alone,2473,355,8.72646466334897,High reliability
51740,18 to 34,Lives with married or unmarried partner,8643,855.2923476800199,6.015672311236775,High reliability
51740,18 to 34,Lives with other nonrelative(s),1971,480,14.804328415520487,High reliability
51740,18 to 34,Lives with other relative(s),4225,629,9.050196938903976,High reliability
51740,18 to 34,Lives with parent(s),6021,606,6.118403217916623,High reliability
51740,35 to 64,Lives alone,5545,571,6.25991816061459,High reliability
51740,35 to 64,Lives with married or unmarried partner,17515,1049.080549814932,3.6411015475747046,High reliability
51740,35 to 64,Lives with other nonrelative(s),1590,467,17.854753302364703,Medium reliability
51740,35 to 64,Lives with other relative(s),6605,729,6.709479095002633,High reliability
51740,35 to 64,Lives with parent(s),2834,507,10.875324168316554,High reliability
51740,65 and over,Lives alone,4990,431,5.250622826199511,High reliability
51740,65 and over,Lives with married or unmarried partner,6073,530.902062531311,5.314289743593884,High reliability
51740,65 and over,Lives with other nonrelative(s),638,241,22.963097064344314,Medium reliability
51740,65 and over,Lives with other relative(s),2557,353,8.392243474911828,High reliability
51740,65 and over,Lives with parent(s),99,71,43.59706487366062,Low reliability
51740,All ages,Lives alone,13008,751,3.509647558481664,High reliability
51740,All ages,Lives with married or unmarried partner,32231,1682.969102509015,3.1742158831003566,High reliability
51740,All ages,Lives with other nonrelative(s),4199,787,11.393652128781568,High reliability
51740,All ages,Lives with other relative(s),13387,1053,4.781665649862646,High reliability
51740,All ages,Lives with parent(s),8954,697,4.732055022190419,High reliability
51750,18 to 34,Lives alone,561,130,14.086872660089181,High reliability
51750,18 to 34,Lives with married or unmarried partner,1272,378.85749299703707,18.106014652608298,Medium reliability
51750,18 to 34,Lives with other nonrelative(s),2878,518,10.941404344033238,High reliability
51750,18 to 34,Lives with other relative(s),526,232,26.812440047615194,Medium reliability
51750,18 to 34,Lives with parent(s),675,222,19.993245525160418,Medium reliability
51750,35 to 64,Lives alone,852,203,14.484067525721706,High reliability
51750,35 to 64,Lives with married or unmarried partner,2358,282.8002828852899,7.290715249523447,High reliability
51750,35 to 64,Lives with other nonrelative(s),94,97,62.73038866972773,Low reliability
51750,35 to 64,Lives with other relative(s),434,145,20.310114436989622,Medium reliability
51750,35 to 64,Lives with parent(s),266,162,37.02264780492264,Low reliability
51750,65 and over,Lives alone,331,98,17.998328726618244,Medium reliability
51750,65 and over,Lives with married or unmarried partner,806,154.983870128475,11.689220672349098,High reliability
51750,65 and over,Lives with other nonrelative(s),18,29,97.93988517392772,Low reliability
51750,65 and over,Lives with other relative(s),277,137,30.065947571132302,Low reliability
51750,65 and over,Lives with parent(s),24,34,86.11955420466059,Low reliability
51750,All ages,Lives alone,1744,266,9.2719109896545,High reliability
51750,All ages,Lives with married or unmarried partner,4436,517.5683529737884,7.092678485420316,High reliability
51750,All ages,Lives with other nonrelative(s),2990,531,10.795864634902562,High reliability
51750,All ages,Lives with other relative(s),1237,367,18.03559449889796,Medium reliability
51750,All ages,Lives with parent(s),965,266,16.75669716679528,Medium reliability
51760,18 to 34,Lives alone,12599,910,4.390757118514978,High reliability
51760,18 to 34,Lives with married or unmarried partner,22208,1288.4506199307757,3.5268941664844773,High reliability
51760,18 to 34,Lives with other nonrelative(s),14872,1282,5.240258922746648,High reliability
51760,18 to 34,Lives with other relative(s),8417,949,6.853982369592875,High reliability
51760,18 to 34,Lives with parent(s),9554,1027,6.534604452820729,High reliability
51760,35 to 64,Lives alone,18437,1006,3.316972131993729,High reliability
51760,35 to 64,Lives with married or unmarried partner,37700,1841.9003773277207,2.970016652548468,High reliability
51760,35 to 64,Lives with other nonrelative(s),5462,933,10.383984845837336,High reliability
51760,35 to 64,Lives with other relative(s),13008,856,4.000343954807329,High reliability
51760,35 to 64,Lives with parent(s),4808,800,10.114854169090016,High reliability
51760,65 and over,Lives alone,12757,660,3.145063929380925,High reliability
51760,65 and over,Lives with married or unmarried partner,10420,816.3259153058906,4.762444885075408,High reliability
51760,65 and over,Lives with other nonrelative(s),1308,466,21.657696848015018,Medium reliability
51760,65 and over,Lives with other relative(s),5350,622,7.067579467659006,High reliability
51760,65 and over,Lives with parent(s),274,148,32.8356222128547,Low reliability
51760,All ages,Lives alone,43793,1533,2.1279996657388653,High reliability
51760,All ages,Lives with married or unmarried partner,70328,2581.427899438603,2.231340407413256,High reliability
51760,All ages,Lives with other nonrelative(s),21642,1837,5.159954372183549,High reliability
51760,All ages,Lives with other relative(s),26775,1393,3.1626835131215607,High reliability
51760,All ages,Lives with parent(s),14636,1201,4.9883245791905875,High reliability
51770,18 to 34,Lives alone,3122,405,7.885990003290696,High reliability
51770,18 to 34,Lives with married or unmarried partner,8748,926.7513150786461,6.440039547579758,High reliability
51770,18 to 34,Lives with other nonrelative(s),1182,371,19.08053425495914,Medium reliability
51770,18 to 34,Lives with other relative(s),4026,486,7.33831916252565,High reliability
51770,18 to 34,Lives with parent(s),4943,624,7.674111005277797,High reliability
51770,35 to 64,Lives alone,7889,755,5.817804098739308,High reliability
51770,35 to 64,Lives with married or unmarried partner,19262,1497.4224520822438,4.725818735921598,High reliability
51770,35 to 64,Lives with other nonrelative(s),1643,575,21.274745766788087,Medium reliability
51770,35 to 64,Lives with other relative(s),5638,733,7.90338249675724,High reliability
51770,35 to 64,Lives with parent(s),2118,566,16.24518169632991,Medium reliability
51770,65 and over,Lives alone,6049,470,4.723330892945706,High reliability
51770,65 and over,Lives with married or unmarried partner,6732,607.4619329637043,5.4854095484047,High reliability
51770,65 and over,Lives with other nonrelative(s),513,228,27.017899358324893,Medium reliability
51770,65 and over,Lives with other relative(s),2678,444,10.07874587713464,High reliability
51770,65 and over,Lives with parent(s),67,54,48.99514585129066,Low reliability
51770,All ages,Lives alone,17060,1017,3.62389848808247,High reliability
51770,All ages,Lives with married or unmarried partner,34742,2077.384172463052,3.6349304048533044,High reliability
51770,All ages,Lives with other nonrelative(s),3338,808,14.714961364120626,High reliability
51770,All ages,Lives with other relative(s),12342,1005,4.950107350835534,High reliability
51770,All ages,Lives with parent(s),7128,959,8.178713852472717,High reliability
51775,18 to 34,Lives alone,503,160,19.336866339954195,Medium reliability
51775,18 to 34,Lives with married or unmarried partner,1629,353,13.173091814210894,High reliability
51775,18 to 34,Lives with other nonrelative(s),551,237,26.147540531446,Medium reliability
51775,18 to 34,Lives with other relative(s),589,235,24.25418384671356,Medium reliability
51775,18 to 34,Lives with parent(s),1335,266,12.112518925810821,High reliability
51775,35 to 64,Lives alone,1201,252,12.755328006802843,High reliability
51775,35 to 64,Lives with married or unmarried partner,6274,549.301374474887,5.3223112558403045,High reliability
51775,35 to 64,Lives with other nonrelative(s),286,192,40.810253576211025,Low reliability
51775,35 to 64,Lives with other relative(s),1119,231,12.549198562546346,High reliability
51775,35 to 64,Lives with parent(s),328,145,26.873748980650902,Medium reliability
51775,65 and over,Lives alone,1427,184,7.838409484475475,High reliability
51775,65 and over,Lives with married or unmarried partner,2493,287.5586896617802,7.011942000806641,High reliability
51775,65 and over,Lives with other nonrelative(s),37,29,47.646430625154025,Low reliability
51775,65 and over,Lives with other relative(s),436,132,18.40439474638186,Medium reliability
51775,65 and over,Lives with parent(s),0,25,Inf,Low reliability
51775,All ages,Lives alone,3131,326,6.32948871904545,High reliability
51775,All ages,Lives with married or unmarried partner,10396,764.0373027542569,4.467683401461732,High reliability
51775,All ages,Lives with other nonrelative(s),874,321,22.32686248461116,Medium reliability
51775,All ages,Lives with other relative(s),2144,369,10.462505103661025,High reliability
51775,All ages,Lives with parent(s),1663,331,12.099567376495768,High reliability
51790,18 to 34,Lives alone,398,128,19.550640741702434,Medium reliability
51790,18 to 34,Lives with married or unmarried partner,2533,471.2387929701883,11.309409844044948,High reliability
51790,18 to 34,Lives with other nonrelative(s),301,126,25.447091256096698,Medium reliability
51790,18 to 34,Lives with other relative(s),350,130,22.579244463742945,Medium reliability
51790,18 to 34,Lives with parent(s),1232,261,12.878458927091147,High reliability
51790,35 to 64,Lives alone,1737,299,10.464186409506661,High reliability
51790,35 to 64,Lives with married or unmarried partner,5633,590.8925452229026,6.376800899420886,High reliability
51790,35 to 64,Lives with other nonrelative(s),264,142,32.697798655245464,Low reliability
51790,35 to 64,Lives with other relative(s),1382,345,15.175574802387622,Medium reliability
51790,35 to 64,Lives with parent(s),357,139,23.669042084919077,Medium reliability
51790,65 and over,Lives alone,2125,287,8.210262828535669,High reliability
51790,65 and over,Lives with married or unmarried partner,2206,303.2639114698615,8.356979210328877,High reliability
51790,65 and over,Lives with other nonrelative(s),57,49,52.258305337812615,Low reliability
51790,65 and over,Lives with other relative(s),742,174,14.255401076528566,High reliability
51790,65 and over,Lives with parent(s),5,8,97.2644376899696,Low reliability
51790,All ages,Lives alone,4260,392,5.59384676855459,High reliability
51790,All ages,Lives with married or unmarried partner,10372,906.2207236650462,5.311358049934803,High reliability
51790,All ages,Lives with other nonrelative(s),622,196,19.15577751932681,Medium reliability
51790,All ages,Lives with other relative(s),2474,420,10.320094944873494,High reliability
51790,All ages,Lives with parent(s),1594,293,11.174121801741332,High reliability
51800,18 to 34,Lives alone,1302,317,14.800704083967148,High reliability
51800,18 to 34,Lives with married or unmarried partner,7607,774.1537315029877,6.186540963933696,High reliability
51800,18 to 34,Lives with other nonrelative(s),901,260,17.542143312563883,Medium reliability
51800,18 to 34,Lives with other relative(s),2437,482,12.023353243374373,High reliability
51800,18 to 34,Lives with parent(s),8176,541,4.02244838477507,High reliability
51800,35 to 64,Lives alone,4519,463,6.2283462395518825,High reliability
51800,35 to 64,Lives with married or unmarried partner,26226,1078.6829932839398,2.5003215984970946,High reliability
51800,35 to 64,Lives with other nonrelative(s),674,248,22.36793448359835,Medium reliability
51800,35 to 64,Lives with other relative(s),4893,583,7.243149291494517,High reliability
51800,35 to 64,Lives with parent(s),2047,400,11.878900548359745,High reliability
51800,65 and over,Lives alone,3856,366,5.770031151862176,High reliability
51800,65 and over,Lives with married or unmarried partner,7961,451.3501966322824,3.4465144985473053,High reliability
51800,65 and over,Lives with other nonrelative(s),186,84,27.453671928620455,Medium reliability
51800,65 and over,Lives with other relative(s),2185,267,7.428376677122965,High reliability
51800,65 and over,Lives with parent(s),48,39,49.39209726443769,Low reliability
51800,All ages,Lives alone,9677,542,3.4048081293249153,High reliability
51800,All ages,Lives with married or unmarried partner,41794,1476.603196529115,2.14775116645954,High reliability
51800,All ages,Lives with other nonrelative(s),1761,419,14.464011709290626,High reliability
51800,All ages,Lives with other relative(s),9515,883,5.641388497125799,High reliability
51800,All ages,Lives with parent(s),10271,629,3.722819790367958,High reliability
51810,18 to 34,Lives alone,9834,747,4.617687039506261,High reliability
51810,18 to 34,Lives with married or unmarried partner,43281,2034.163464424627,2.8570817093057843,High reliability
51810,18 to 34,Lives with other nonrelative(s),10490,1265,7.330762254397734,High reliability
51810,18 to 34,Lives with other relative(s),12347,1000,4.923485345122783,High reliability
51810,18 to 34,Lives with parent(s),29079,1178,2.4626342807263017,High reliability
51810,35 to 64,Lives alone,19654,1268,3.9219531326600645,High reliability
51810,35 to 64,Lives with married or unmarried partner,116636,2945.0719855378748,1.534961175311566,High reliability
51810,35 to 64,Lives with other nonrelative(s),5366,827,9.368907236489571,High reliability
51810,35 to 64,Lives with other relative(s),23205,1550,4.060544021209139,High reliability
51810,35 to 64,Lives with parent(s),9421,861,5.555718663827077,High reliability
51810,65 and over,Lives alone,17353,846,2.963670341069062,High reliability
51810,65 and over,Lives with married or unmarried partner,40168,1161.6647537047854,1.75806408480247,High reliability
51810,65 and over,Lives with other nonrelative(s),1180,282,14.527845036319611,High reliability
51810,65 and over,Lives with other relative(s),10115,605,3.6359975780049187,High reliability
51810,65 and over,Lives with parent(s),146,62,25.81504767456385,Medium reliability
51810,All ages,Lives alone,46841,1697,2.20236746066318,High reliability
51810,All ages,Lives with married or unmarried partner,200085,3927.760685174187,1.1933410626241254,High reliability
51810,All ages,Lives with other nonrelative(s),17036,1568,5.59516018643873,High reliability
51810,All ages,Lives with other relative(s),45667,2023,2.6929450895450833,High reliability
51810,All ages,Lives with parent(s),38646,1433,2.2541132848439434,High reliability
51820,18 to 34,Lives alone,499,193,23.512069732169504,Medium reliability
51820,18 to 34,Lives with married or unmarried partner,1892,430.6332546378647,13.836317839242007,High reliability
51820,18 to 34,Lives with other nonrelative(s),342,154,27.37339803409232,Medium reliability
51820,18 to 34,Lives with other relative(s),780,254,19.795807029849584,Medium reliability
51820,18 to 34,Lives with parent(s),1257,324,15.669091990627562,Medium reliability
51820,35 to 64,Lives alone,1846,290,9.549934632343984,High reliability
51820,35 to 64,Lives with married or unmarried partner,4439,559.0885439713463,7.656486940791401,High reliability
51820,35 to 64,Lives with other nonrelative(s),352,167,28.840840011052777,Medium reliability
51820,35 to 64,Lives with other relative(s),1415,359,15.423115340414792,Medium reliability
51820,35 to 64,Lives with parent(s),611,273,27.161611588954276,Medium reliability
51820,65 and over,Lives alone,1387,250,10.957150965434572,High reliability
51820,65 and over,Lives with married or unmarried partner,1808,280.0803456153252,9.417124351592557,High reliability
51820,65 and over,Lives with other nonrelative(s),23,38,100.43610413638166,Low reliability
51820,65 and over,Lives with other relative(s),531,180,20.606872391942712,Medium reliability
51820,65 and over,Lives with parent(s),69,98,86.33980881899475,Low reliability
51820,All ages,Lives alone,3732,365,5.945458158634597,High reliability
51820,All ages,Lives with married or unmarried partner,8139,886.6769422963473,6.622599075832094,High reliability
51820,All ages,Lives with other nonrelative(s),717,280,23.73957684204279,Medium reliability
51820,All ages,Lives with other relative(s),2726,528,11.774491723290522,High reliability
51820,All ages,Lives with parent(s),1937,428,13.43223390917236,High reliability
51830,18 to 34,Lives alone,363,151,25.287414068845404,Medium reliability
51830,18 to 34,Lives with married or unmarried partner,706,214.55302374937528,18.474131736602057,Medium reliability
51830,18 to 34,Lives with other nonrelative(s),1387,269,11.789894438807599,High reliability
51830,18 to 34,Lives with other relative(s),161,129,48.707734712756526,Low reliability
51830,18 to 34,Lives with parent(s),531,200,22.896524879936347,Medium reliability
51830,35 to 64,Lives alone,723,206,17.32060353054438,Medium reliability
51830,35 to 64,Lives with married or unmarried partner,2041,394.1294203684876,11.738968780381736,High reliability
51830,35 to 64,Lives with other nonrelative(s),113,89,47.87906501331468,Low reliability
51830,35 to 64,Lives with other relative(s),337,149,26.877598694001243,Medium reliability
51830,35 to 64,Lives with parent(s),188,155,50.11964043199897,Low reliability
51830,65 and over,Lives alone,817,199,14.806933216266794,High reliability
51830,65 and over,Lives with married or unmarried partner,1528,228.7116088002531,9.099110775165625,High reliability
51830,65 and over,Lives with other nonrelative(s),0,21,Inf,Low reliability
51830,65 and over,Lives with other relative(s),173,91,31.976386668306482,Low reliability
51830,65 and over,Lives with parent(s),55,63,69.63249516441007,Low reliability
51830,All ages,Lives alone,1903,286,9.136110476658994,High reliability
51830,All ages,Lives with married or unmarried partner,4275,557.2970482606202,7.924734506629981,High reliability
51830,All ages,Lives with other nonrelative(s),1500,300,12.1580547112462,High reliability
51830,All ages,Lives with other relative(s),671,236,21.380781757482143,Medium reliability
51830,All ages,Lives with parent(s),774,285,22.384015456751726,Medium reliability
51840,18 to 34,Lives alone,710,207,17.72336144526735,Medium reliability
51840,18 to 34,Lives with married or unmarried partner,1853,431.9085551363853,14.169368169464297,High reliability
51840,18 to 34,Lives with other nonrelative(s),1083,315,17.681381505274945,Medium reliability
51840,18 to 34,Lives with other relative(s),852,249,17.76617149706751,Medium reliability
51840,18 to 34,Lives with parent(s),1529,317,12.603346446909894,High reliability
51840,35 to 64,Lives alone,1725,290,10.219814105105502,High reliability
51840,35 to 64,Lives with married or unmarried partner,5901,778.8324595187337,8.023290674227423,High reliability
51840,35 to 64,Lives with other nonrelative(s),832,484,35.36357259761515,Low reliability
51840,35 to 64,Lives with other relative(s),1231,334,16.493867886093547,Medium reliability
51840,35 to 64,Lives with parent(s),285,134,28.58209353170159,Medium reliability
51840,65 and over,Lives alone,1522,234,9.346205001417909,High reliability
51840,65 and over,Lives with married or unmarried partner,2323,279.95713957675736,7.32616061080113,High reliability
51840,65 and over,Lives with other nonrelative(s),120,96,48.632218844984806,Low reliability
51840,65 and over,Lives with other relative(s),635,214,20.486800852021155,Medium reliability
51840,65 and over,Lives with parent(s),11,17,93.94860458690246,Low reliability
51840,All ages,Lives alone,3957,417,6.4062532405732435,High reliability
51840,All ages,Lives with married or unmarried partner,10077,1005.2885158003149,6.064479892670299,High reliability
51840,All ages,Lives with other nonrelative(s),2035,546,16.310314182654608,Medium reliability
51840,All ages,Lives with other relative(s),2718,549,12.278830089172487,High reliability
51840,All ages,Lives with parent(s),1825,356,11.85826706083191,High reliability
