GEOID,tenure,type,estimate,moe,cv,reliability
51001,Owner,Large-scale multifamily,5,8,97.2644376899696,Low
51001,Owner,Medium-scale multifamily,0,28,Inf,Low
51001,Owner,Mobile (manufactured) home,1048,257,14.907538457968862,High
51001,Owner,Other,4,6,91.1854103343465,Low
51001,Owner,Single-family (attached),137,70,31.060723714862554,Low
51001,Owner,Single-family (detached),8870,480,3.289665310821971,High
51001,Owner,Small-scale multifamily,17,33.51119216023208,119.83261991858423,Low
51001,Renter,Large-scale multifamily,149,99,40.39085289977765,Low
51001,Renter,Medium-scale multifamily,70,59,51.23751628310899,Low
51001,Renter,Mobile (manufactured) home,1142,304,16.182349528103522,Medium
51001,Renter,Other,12,17,86.11955420466059,Low
51001,Renter,Single-family (attached),168,113,40.88869590389347,Low
51001,Renter,Single-family (detached),2225,358,9.781086711519416,High
51001,Renter,Small-scale multifamily,455,162,21.644009485954776,Medium
51003,Owner,Large-scale multifamily,93,47,30.72196620583717,Low
51003,Owner,Medium-scale multifamily,140,76,33.00043421623969,Low
51003,Owner,Mobile (manufactured) home,675,203,18.282111899133174,Medium
51003,Owner,Other,19,33,105.58310670292752,Low
51003,Owner,Single-family (attached),4354,445,6.213061950510518,High
51003,Owner,Single-family (detached),23604,660,1.6997788742209992,High
51003,Owner,Small-scale multifamily,835,248.81519246219673,18.114423490686473,Medium
51003,Renter,Large-scale multifamily,1903,375,11.979165834780149,High
51003,Renter,Medium-scale multifamily,1073,288,16.31649467306107,Medium
51003,Renter,Mobile (manufactured) home,324,149,27.956020863822285,Medium
51003,Renter,Other,30,50,101.31712259371832,Low
51003,Renter,Single-family (attached),1509,315,12.68981853559494,High
51003,Renter,Single-family (detached),3827,415,6.592099170586847,High
51003,Renter,Small-scale multifamily,6678,657.6549247135613,5.98667606752619,High
51005,Owner,Large-scale multifamily,0,21,Inf,Low
51005,Owner,Medium-scale multifamily,0,21,Inf,Low
51005,Owner,Mobile (manufactured) home,584,189,19.67356455843777,Medium
51005,Owner,Other,0,21,Inf,Low
51005,Owner,Single-family (attached),16,17,64.58966565349544,Low
51005,Owner,Single-family (detached),4461,268,3.6520496106410913,High
51005,Owner,Small-scale multifamily,9,39.344631145812,265.7523211469909,Low
51005,Renter,Large-scale multifamily,144,60,25.329280648429588,Medium
51005,Renter,Medium-scale multifamily,57,57,60.790273556231014,Low
51005,Renter,Mobile (manufactured) home,112,65,35.28006947459835,Low
51005,Renter,Other,0,21,Inf,Low
51005,Renter,Single-family (attached),0,21,Inf,Low
51005,Renter,Single-family (detached),585,158,16.418569610058974,Medium
51005,Renter,Small-scale multifamily,324,144.63056385149025,27.136208460259343,Medium
51007,Owner,Large-scale multifamily,0,21,Inf,Low
51007,Owner,Medium-scale multifamily,0,21,Inf,Low
51007,Owner,Mobile (manufactured) home,649,228,21.356213206195175,Medium
51007,Owner,Other,0,21,Inf,Low
51007,Owner,Single-family (attached),0,21,Inf,Low
51007,Owner,Single-family (detached),3604,370,6.2409548323544595,High
51007,Owner,Small-scale multifamily,36,71.88184749990779,121.3810325901854,Low
51007,Renter,Large-scale multifamily,13,22,102.87584755669863,Low
51007,Renter,Medium-scale multifamily,0,21,Inf,Low
51007,Renter,Mobile (manufactured) home,234,171,44.42366144493804,Low
51007,Renter,Other,0,21,Inf,Low
51007,Renter,Single-family (attached),0,21,Inf,Low
51007,Renter,Single-family (detached),645,256,24.127612450225016,Medium
51007,Renter,Small-scale multifamily,104,83.35466393669883,48.722623297111774,Low
51009,Owner,Large-scale multifamily,0,28,Inf,Low
51009,Owner,Medium-scale multifamily,0,28,Inf,Low
51009,Owner,Mobile (manufactured) home,1016,179,10.710097408036761,High
51009,Owner,Other,22,34,93.94860458690246,Low
51009,Owner,Single-family (attached),151,106,42.67396686728799,Low
51009,Owner,Single-family (detached),8740,390,2.71260946074715,High
51009,Owner,Small-scale multifamily,30,56,113.47517730496455,Low
51009,Renter,Large-scale multifamily,46,55,72.68402273027618,Low
51009,Renter,Medium-scale multifamily,30,28,56.73758865248227,Low
51009,Renter,Mobile (manufactured) home,326,115,21.44442165327167,Medium
51009,Renter,Other,0,28,Inf,Low
51009,Renter,Single-family (attached),60,48,48.632218844984806,Low
51009,Renter,Single-family (detached),1426,282,12.021638950110198,High
51009,Renter,Small-scale multifamily,855,221.2803651479272,15.73297535668442,Medium
51011,Owner,Large-scale multifamily,0,21,Inf,Low
51011,Owner,Medium-scale multifamily,0,21,Inf,Low
51011,Owner,Mobile (manufactured) home,521,143,16.685238231364746,Medium
51011,Owner,Other,6,10,101.31712259371832,Low
51011,Owner,Single-family (attached),38,37,59.190529515277554,Low
51011,Owner,Single-family (detached),4527,284,3.8136597503798555,High
51011,Owner,Small-scale multifamily,0,21,Inf,Low
51011,Renter,Large-scale multifamily,0,21,Inf,Low
51011,Renter,Medium-scale multifamily,27,26,58.538781943037264,Low
51011,Renter,Mobile (manufactured) home,342,152,27.017899358324893,Medium
51011,Renter,Other,0,21,Inf,Low
51011,Renter,Single-family (attached),9,10,67.54474839581222,Low
51011,Renter,Single-family (detached),803,184,13.929527190967002,High
51011,Renter,Small-scale multifamily,290,120.06248373242992,25.16769389632741,Medium
51013,Owner,Large-scale multifamily,9390,686,4.441121156504203,High
51013,Owner,Medium-scale multifamily,734,174,14.410773295346313,High
51013,Owner,Mobile (manufactured) home,15,24,97.26443768996961,Low
51013,Owner,Other,0,31,Inf,Low
51013,Owner,Single-family (attached),7204,608,5.13055057220828,High
51013,Owner,Single-family (detached),25766,866,2.0431722774080585,High
51013,Owner,Small-scale multifamily,3561,427.03395649526516,7.289949742529295,High
51013,Renter,Large-scale multifamily,40371,1114,1.6774507627168347,High
51013,Renter,Medium-scale multifamily,3586,453,7.679306726428512,High
51013,Renter,Mobile (manufactured) home,144,97,40.94900371496116,Low
51013,Renter,Other,0,31,Inf,Low
51013,Renter,Single-family (attached),3070,438,8.673009712582793,High
51013,Renter,Single-family (detached),3426,394,6.991058897009636,High
51013,Renter,Small-scale multifamily,14263,830.694287930283,3.540498703279845,High
51015,Owner,Large-scale multifamily,7,12,104.21189752496744,Low
51015,Owner,Medium-scale multifamily,5,11,133.7386018237082,Low
51015,Owner,Mobile (manufactured) home,1551,224,8.779510816631685,High
51015,Owner,Other,0,31,Inf,Low
51015,Owner,Single-family (attached),487,149,18.59907753568464,Medium
51015,Owner,Single-family (detached),22100,661,1.818206824464647,High
51015,Owner,Small-scale multifamily,42,48.590122453025366,70.32873419167082,Low
51015,Renter,Large-scale multifamily,167,88,32.03319804160676,Low
51015,Renter,Medium-scale multifamily,464,168,22.010271460014675,Medium
51015,Renter,Mobile (manufactured) home,790,252,19.391327767304066,Medium
51015,Renter,Other,0,31,Inf,Low
51015,Renter,Single-family (attached),354,174,29.879964968316937,Medium
51015,Renter,Single-family (detached),2771,459,10.069554515449306,High
51015,Renter,Small-scale multifamily,1906,377.68373012349895,12.045906228722574,High
51017,Owner,Large-scale multifamily,4,9,136.77811550151975,Low
51017,Owner,Medium-scale multifamily,0,13,Inf,Low
51017,Owner,Mobile (manufactured) home,139,105,45.920710240318385,Low
51017,Owner,Other,0,13,Inf,Low
51017,Owner,Single-family (attached),20,32,97.2644376899696,Low
51017,Owner,Single-family (detached),1180,201,10.354953376951213,High
51017,Owner,Small-scale multifamily,0,13,Inf,Low
51017,Renter,Large-scale multifamily,0,13,Inf,Low
51017,Renter,Medium-scale multifamily,27,21,47.28132387706856,Low
51017,Renter,Mobile (manufactured) home,33,28,51.57962604771116,Low
51017,Renter,Other,0,13,Inf,Low
51017,Renter,Single-family (attached),9,15,101.31712259371835,Low
51017,Renter,Single-family (detached),321,114,21.589069113427833,Medium
51017,Renter,Small-scale multifamily,48,47.18050444834179,59.75241191532648,Low
51019,Owner,Large-scale multifamily,0,31,Inf,Low
51019,Owner,Medium-scale multifamily,18,27,91.1854103343465,Low
51019,Owner,Mobile (manufactured) home,2362,335,8.62182118600228,High
51019,Owner,Other,0,31,Inf,Low
51019,Owner,Single-family (attached),1195,203,10.326715926288614,High
51019,Owner,Single-family (detached),23653,565,1.4520992922365246,High
51019,Owner,Small-scale multifamily,308,151.94735930578062,29.990004994627682,Medium
51019,Renter,Large-scale multifamily,267,142,32.33040765911911,Low
51019,Renter,Medium-scale multifamily,325,152,28.431143324760345,Medium
51019,Renter,Mobile (manufactured) home,971,240,15.0254023207986,Medium
51019,Renter,Other,20,29,88.14589665653494,Low
51019,Renter,Single-family (attached),309,120,23.60787322572078,Medium
51019,Renter,Single-family (detached),1640,271,10.045222032767441,High
51019,Renter,Small-scale multifamily,1630,354.8985770611091,13.235816922860092,High
51021,Owner,Large-scale multifamily,0,19,Inf,Low
51021,Owner,Medium-scale multifamily,0,19,Inf,Low
51021,Owner,Mobile (manufactured) home,423,131,18.82630221244979,Medium
51021,Owner,Other,0,19,Inf,Low
51021,Owner,Single-family (attached),7,9,78.15892314372557,Low
51021,Owner,Single-family (detached),1461,192,7.988865518683336,High
51021,Owner,Small-scale multifamily,5,34.11744421846396,414.80175341597516,Low
51021,Renter,Large-scale multifamily,0,19,Inf,Low
51021,Renter,Medium-scale multifamily,0,19,Inf,Low
51021,Renter,Mobile (manufactured) home,139,68,29.73912663182524,Medium
51021,Renter,Other,0,19,Inf,Low
51021,Renter,Single-family (attached),0,19,Inf,Low
51021,Renter,Single-family (detached),248,110,26.96342778703794,Medium
51021,Renter,Small-scale multifamily,62,57.01754116059373,55.90503104284119,Low
51023,Owner,Large-scale multifamily,28,33,71.6456795484151,Low
51023,Owner,Medium-scale multifamily,0,28,Inf,Low
51023,Owner,Mobile (manufactured) home,664,188,17.21170395869191,Medium
51023,Owner,Other,0,28,Inf,Low
51023,Owner,Single-family (attached),252,83,20.022193274472908,Medium
51023,Owner,Single-family (detached),10283,410,2.4238074645584664,High
51023,Owner,Small-scale multifamily,18,46.475800154489,156.95981139645053,Low
51023,Renter,Large-scale multifamily,171,60,21.329920546045965,Medium
51023,Renter,Medium-scale multifamily,93,59,38.565872471157306,Low
51023,Renter,Mobile (manufactured) home,282,97,20.91012955657591,Medium
51023,Renter,Other,0,28,Inf,Low
51023,Renter,Single-family (attached),64,77,73.13829787234043,Low
51023,Renter,Single-family (detached),975,238,14.839061647572285,High
51023,Renter,Small-scale multifamily,275,112.68983982595769,24.91071341828299,Medium
51025,Owner,Large-scale multifamily,0,21,Inf,Low
51025,Owner,Medium-scale multifamily,0,21,Inf,Low
51025,Owner,Mobile (manufactured) home,1133,228,12.233170671509859,High
51025,Owner,Other,0,21,Inf,Low
51025,Owner,Single-family (attached),73,57,47.466377982262564,Low
51025,Owner,Single-family (detached),3421,292,5.188763483899285,High
51025,Owner,Small-scale multifamily,8,30.708305065568176,233.34578317301043,Low
51025,Renter,Large-scale multifamily,26,28,65.46644844517185,Low
51025,Renter,Medium-scale multifamily,3,5,101.31712259371832,Low
51025,Renter,Mobile (manufactured) home,450,171,23.10030395136778,Medium
51025,Renter,Other,0,21,Inf,Low
51025,Renter,Single-family (attached),2,5,151.9756838905775,Low
51025,Renter,Single-family (detached),911,211,14.07985479732683,High
51025,Renter,Small-scale multifamily,363,164.03353315709566,27.470091881583837,Medium
51027,Owner,Large-scale multifamily,0,21,Inf,Low
51027,Owner,Medium-scale multifamily,0,21,Inf,Low
51027,Owner,Mobile (manufactured) home,1805,269,9.059603095083734,High
51027,Owner,Other,0,21,Inf,Low
51027,Owner,Single-family (attached),50,43,52.27963525835866,Low
51027,Owner,Single-family (detached),4159,341,4.984247002326225,High
51027,Owner,Small-scale multifamily,24,42.790185790669334,108.38446248903072,Low
51027,Renter,Large-scale multifamily,0,21,Inf,Low
51027,Renter,Medium-scale multifamily,16,24,91.1854103343465,Low
51027,Renter,Mobile (manufactured) home,529,174,19.995288466510765,Medium
51027,Renter,Other,0,21,Inf,Low
51027,Renter,Single-family (attached),18,24,81.05369807497466,Low
51027,Renter,Single-family (detached),600,197,19.959473150962513,Medium
51027,Renter,Small-scale multifamily,150,90.515192095029,36.682955256344066,Low
51029,Owner,Large-scale multifamily,0,21,Inf,Low
51029,Owner,Medium-scale multifamily,0,21,Inf,Low
51029,Owner,Mobile (manufactured) home,1145,207,10.990031987895039,High
51029,Owner,Other,16,25,94.98480243161094,Low
51029,Owner,Single-family (attached),15,20,81.05369807497466,Low
51029,Owner,Single-family (detached),3450,267,4.704638562177878,High
51029,Owner,Small-scale multifamily,7,37.72267222772003,327.59593771359124,Low
51029,Renter,Large-scale multifamily,0,21,Inf,Low
51029,Renter,Medium-scale multifamily,4,7,106.38297872340425,Low
51029,Renter,Mobile (manufactured) home,509,147,17.556326547673788,Medium
51029,Renter,Other,0,21,Inf,Low
51029,Renter,Single-family (attached),29,37,77.56000419243266,Low
51029,Renter,Single-family (detached),839,175,12.67973524712804,High
51029,Renter,Small-scale multifamily,48,46.44351407893249,58.819040120228586,Low
51031,Owner,Large-scale multifamily,0,31,Inf,Low
51031,Owner,Medium-scale multifamily,0,31,Inf,Low
51031,Owner,Mobile (manufactured) home,2616,409,9.504289711199725,High
51031,Owner,Other,0,31,Inf,Low
51031,Owner,Single-family (attached),340,129,23.06454496692294,Medium
51031,Owner,Single-family (detached),13573,507,2.2707337134759533,High
51031,Owner,Small-scale multifamily,148,125.88486803424786,51.706591651297074,Low
51031,Renter,Large-scale multifamily,299,175,35.579591546289045,Low
51031,Renter,Medium-scale multifamily,41,35,51.89413596263622,Low
51031,Renter,Mobile (manufactured) home,1057,295,16.96606499440695,Medium
51031,Renter,Other,0,31,Inf,Low
51031,Renter,Single-family (attached),261,137,31.909070793883703,Low
51031,Renter,Single-family (detached),1754,370,12.823489860778489,High
51031,Renter,Small-scale multifamily,1991,383.00522189651673,11.694119644678155,High
51033,Owner,Large-scale multifamily,0,28,Inf,Low
51033,Owner,Medium-scale multifamily,0,28,Inf,Low
51033,Owner,Mobile (manufactured) home,453,114,15.298214537329658,Medium
51033,Owner,Other,0,28,Inf,Low
51033,Owner,Single-family (attached),502,279,33.785829327068626,Low
51033,Owner,Single-family (detached),8593,420,2.9712457690698266,High
51033,Owner,Small-scale multifamily,0,28,Inf,Low
51033,Renter,Large-scale multifamily,5,8,97.2644376899696,Low
51033,Renter,Medium-scale multifamily,17,23,82.24566422313606,Low
51033,Renter,Mobile (manufactured) home,240,146,36.98074974670719,Low
51033,Renter,Other,13,21,98.19967266775778,Low
51033,Renter,Single-family (attached),271,156,34.99366300653888,Low
51033,Renter,Single-family (detached),1347,302,13.62929666962269,High
51033,Renter,Small-scale multifamily,239,87.13782186857783,22.163732336757217,Medium
51035,Owner,Large-scale multifamily,0,25,Inf,Low
51035,Owner,Medium-scale multifamily,0,25,Inf,Low
51035,Owner,Mobile (manufactured) home,1816,374,12.519582769840525,High
51035,Owner,Other,0,25,Inf,Low
51035,Owner,Single-family (attached),64,66,62.689969604863215,Low
51035,Owner,Single-family (detached),7839,462,3.582740959686021,High
51035,Owner,Small-scale multifamily,5,44.44097208657794,540.3157700495799,Low
51035,Renter,Large-scale multifamily,0,25,Inf,Low
51035,Renter,Medium-scale multifamily,72,67,56.56872678149274,Low
51035,Renter,Mobile (manufactured) home,754,213,17.17284916111035,Medium
51035,Renter,Other,23,27,71.36249504427118,Low
51035,Renter,Single-family (attached),21,30,86.84324793747287,Low
51035,Renter,Single-family (detached),1559,301,11.73692901887462,High
51035,Renter,Small-scale multifamily,340,139.86064492915796,25.006373132336485,Medium
51036,Owner,Large-scale multifamily,5,9,109.4224924012158,Low
51036,Owner,Medium-scale multifamily,1,2,121.580547112462,Low
51036,Owner,Mobile (manufactured) home,253,54,12.974999098958396,High
51036,Owner,Other,0,19,Inf,Low
51036,Owner,Single-family (attached),19,14,44.79283314669652,Low
51036,Owner,Single-family (detached),2241,94,2.549882067954357,High
51036,Owner,Small-scale multifamily,8,35.02855977627399,266.1744663850607,Low
51036,Renter,Large-scale multifamily,6,7,70.92198581560284,Low
51036,Renter,Medium-scale multifamily,6,10,101.31712259371832,Low
51036,Renter,Mobile (manufactured) home,62,27,26.47318364545544,Medium
51036,Renter,Other,0,19,Inf,Low
51036,Renter,Single-family (attached),15,15,60.790273556231014,Low
51036,Renter,Single-family (detached),271,60,13.459101156361108,High
51036,Renter,Small-scale multifamily,60,39.88734135035826,40.41270653531738,Low
51037,Owner,Large-scale multifamily,8,14,106.38297872340425,Low
51037,Owner,Medium-scale multifamily,0,21,Inf,Low
51037,Owner,Mobile (manufactured) home,653,181,16.849983941313646,Medium
51037,Owner,Other,0,21,Inf,Low
51037,Owner,Single-family (attached),14,20,86.84324793747285,Low
51037,Owner,Single-family (detached),2612,263,6.1209195808915595,High
51037,Owner,Small-scale multifamily,0,21,Inf,Low
51037,Renter,Large-scale multifamily,2,3,91.1854103343465,Low
51037,Renter,Medium-scale multifamily,21,15,43.421623968736434,Low
51037,Renter,Mobile (manufactured) home,492,165,20.386981985321373,Medium
51037,Renter,Other,0,21,Inf,Low
51037,Renter,Single-family (attached),12,14,70.92198581560284,Low
51037,Renter,Single-family (detached),678,151,13.538836735974751,High
51037,Renter,Small-scale multifamily,129,55.154328932550705,25.99106002806282,Medium
51041,Owner,Large-scale multifamily,115,60,31.716664464120527,Low
51041,Owner,Medium-scale multifamily,238,166,42.3999386988838,Low
51041,Owner,Mobile (manufactured) home,1133,278,14.915883538069039,High
51041,Owner,Other,22,23,63.553467808786955,Low
51041,Owner,Single-family (attached),5398,520,5.856047100637296,High
51041,Owner,Single-family (detached),97928,1273,0.7902338272718943,High
51041,Owner,Small-scale multifamily,1069,285.0087717948344,16.207447337075205,Medium
51041,Renter,Large-scale multifamily,3216,414,7.8256135734700365,High
51041,Renter,Medium-scale multifamily,1563,367,14.273851820305039,High
51041,Renter,Mobile (manufactured) home,636,291,27.81441761770947,Medium
51041,Renter,Other,0,31,Inf,Low
51041,Renter,Single-family (attached),1954,430,13.377593464267825,High
51041,Renter,Single-family (detached),10906,867,4.832676249152052,High
51041,Renter,Small-scale multifamily,12818,961.2523081896865,4.558807206382393,High
51043,Owner,Large-scale multifamily,0,21,Inf,Low
51043,Owner,Medium-scale multifamily,0,21,Inf,Low
51043,Owner,Mobile (manufactured) home,48,50,63.323201621073956,Low
51043,Owner,Other,0,21,Inf,Low
51043,Owner,Single-family (attached),86,62,43.82554605216654,Low
51043,Owner,Single-family (detached),4489,239,3.236550541309692,High
51043,Owner,Small-scale multifamily,15,45.902069670114,186.02662480289362,Low
51043,Renter,Large-scale multifamily,119,77,39.33488288932595,Low
51043,Renter,Medium-scale multifamily,63,46,44.386548945819456,Low
51043,Renter,Mobile (manufactured) home,39,51,79.4949731119944,Low
51043,Renter,Other,0,21,Inf,Low
51043,Renter,Single-family (attached),192,97,30.71175278622087,Low
51043,Renter,Single-family (detached),484,151,18.965560551634052,Medium
51043,Renter,Small-scale multifamily,116,92.16832427683602,48.30118660351956,Low
51045,Owner,Large-scale multifamily,0,13,Inf,Low
51045,Owner,Medium-scale multifamily,0,13,Inf,Low
51045,Owner,Mobile (manufactured) home,180,108,36.474164133738604,Low
51045,Owner,Other,0,13,Inf,Low
51045,Owner,Single-family (attached),0,13,Inf,Low
51045,Owner,Single-family (detached),1275,238,11.347517730496454,High
51045,Owner,Small-scale multifamily,0,13,Inf,Low
51045,Renter,Large-scale multifamily,0,13,Inf,Low
51045,Renter,Medium-scale multifamily,3,8,162.10739614994932,Low
51045,Renter,Mobile (manufactured) home,46,55,72.68402273027618,Low
51045,Renter,Other,0,13,Inf,Low
51045,Renter,Single-family (attached),0,13,Inf,Low
51045,Renter,Single-family (detached),244,148,36.872788878369626,Low
51045,Renter,Small-scale multifamily,4,19.44222209522358,295.4744999274101,Low
51047,Owner,Large-scale multifamily,0,31,Inf,Low
51047,Owner,Medium-scale multifamily,0,31,Inf,Low
51047,Owner,Mobile (manufactured) home,118,83,42.759260213281124,Low
51047,Owner,Other,0,31,Inf,Low
51047,Owner,Single-family (attached),670,197,17.874155060563442,Medium
51047,Owner,Single-family (detached),13022,515,2.404161486826829,High
51047,Owner,Small-scale multifamily,38,64.89992295835181,103.82326501096114,Low
51047,Renter,Large-scale multifamily,160,91,34.57446808510639,Low
51047,Renter,Medium-scale multifamily,163,116,43.2617897700785,Low
51047,Renter,Mobile (manufactured) home,143,114,48.462176121750595,Low
51047,Renter,Other,0,31,Inf,Low
51047,Renter,Single-family (attached),503,201,24.29193833956746,Medium
51047,Renter,Single-family (detached),2284,402,10.699513997200027,High
51047,Renter,Small-scale multifamily,1483,309.2426231941516,12.676293768859704,High
51049,Owner,Large-scale multifamily,0,19,Inf,Low
51049,Owner,Medium-scale multifamily,0,19,Inf,Low
51049,Owner,Mobile (manufactured) home,457,141,18.75586120662707,Medium
51049,Owner,Other,0,19,Inf,Low
51049,Owner,Single-family (attached),43,45,63.617728140241745,Low
51049,Owner,Single-family (detached),2650,245,5.620232838217583,High
51049,Owner,Small-scale multifamily,0,19,Inf,Low
51049,Renter,Large-scale multifamily,0,19,Inf,Low
51049,Renter,Medium-scale multifamily,41,46,68.20372155089332,Low
51049,Renter,Mobile (manufactured) home,344,159,28.09782992860677,Medium
51049,Renter,Other,0,19,Inf,Low
51049,Renter,Single-family (attached),36,25,42.21546774738264,Low
51049,Renter,Single-family (detached),505,150,18.056516897890397,Medium
51049,Renter,Small-scale multifamily,99,94.15943925066674,57.81796030251864,Low
51051,Owner,Large-scale multifamily,0,21,Inf,Low
51051,Owner,Medium-scale multifamily,0,21,Inf,Low
51051,Owner,Mobile (manufactured) home,1074,228,12.90519773819429,High
51051,Owner,Other,9,14,94.56264775413712,Low
51051,Owner,Single-family (attached),31,29,56.86832042357094,Low
51051,Owner,Single-family (detached),3151,309,5.96134386825623,High
51051,Owner,Small-scale multifamily,0,21,Inf,Low
51051,Renter,Large-scale multifamily,9,11,74.29922323539346,Low
51051,Renter,Medium-scale multifamily,3,8,162.10739614994932,Low
51051,Renter,Mobile (manufactured) home,543,160,17.9124194640828,Medium
51051,Renter,Other,0,21,Inf,Low
51051,Renter,Single-family (attached),16,17,64.58966565349544,Low
51051,Renter,Single-family (detached),762,187,14.918347972460888,High
51051,Renter,Small-scale multifamily,119,52.49761899362675,26.81802201406184,Medium
51053,Owner,Large-scale multifamily,0,25,Inf,Low
51053,Owner,Medium-scale multifamily,0,25,Inf,Low
51053,Owner,Mobile (manufactured) home,555,175,19.168104274487252,Medium
51053,Owner,Other,0,25,Inf,Low
51053,Owner,Single-family (attached),16,19,72.18844984802432,Low
51053,Owner,Single-family (detached),7553,475,3.8230345477571466,High
51053,Owner,Small-scale multifamily,35,48.12483766206386,83.58634418074487,Low
51053,Renter,Large-scale multifamily,26,36,84.17114800093522,Low
51053,Renter,Medium-scale multifamily,0,25,Inf,Low
51053,Renter,Mobile (manufactured) home,523,218,25.33896679781713,Medium
51053,Renter,Other,0,25,Inf,Low
51053,Renter,Single-family (attached),0,25,Inf,Low
51053,Renter,Single-family (detached),1363,299,13.335503883575253,High
51053,Renter,Small-scale multifamily,356,133.56271934937533,22.80706248922088,Medium
51057,Owner,Large-scale multifamily,31,29,56.86832042357094,Low
51057,Owner,Medium-scale multifamily,0,21,Inf,Low
51057,Owner,Mobile (manufactured) home,413,125,18.398993207091706,Medium
51057,Owner,Other,0,21,Inf,Low
51057,Owner,Single-family (attached),38,34,54.391297392417215,Low
51057,Owner,Single-family (detached),2549,213,5.0797678569938025,High
51057,Owner,Small-scale multifamily,0,21,Inf,Low
51057,Renter,Large-scale multifamily,8,15,113.98176291793314,Low
51057,Renter,Medium-scale multifamily,54,57,64.16751097602162,Low
51057,Renter,Mobile (manufactured) home,185,91,29.902242668200117,Medium
51057,Renter,Other,0,21,Inf,Low
51057,Renter,Single-family (attached),75,59,47.82168186423505,Low
51057,Renter,Single-family (detached),601,163,16.487212295616725,Medium
51057,Renter,Small-scale multifamily,442,168.8579284487406,23.223800141487384,Medium
51059,Owner,Large-scale multifamily,10124,749,4.497423438721555,High
51059,Owner,Medium-scale multifamily,3521,393,6.785168278216071,High
51059,Owner,Mobile (manufactured) home,1093,233,12.958951270449976,High
51059,Owner,Other,46,39,51.539579754195856,Low
51059,Owner,Single-family (attached),74016,1868,1.5342119407025443,High
51059,Owner,Single-family (detached),176619,1830,0.6298654199599292,High
51059,Owner,Small-scale multifamily,16620,992.5658668320203,3.6304663397891743,High
51059,Renter,Large-scale multifamily,35358,1438,2.4723234734391135,High
51059,Renter,Medium-scale multifamily,8038,607,4.590656388234912,High
51059,Renter,Mobile (manufactured) home,833,290,21.163480589804312,Medium
51059,Renter,Other,137,117,51.91578106627027,Low
51059,Renter,Single-family (attached),21702,1164,3.260523381229974,High
51059,Renter,Single-family (detached),14531,969,4.053800500721757,High
51059,Renter,Small-scale multifamily,50025,1891.6466371920524,2.2987249684483624,High
51061,Owner,Large-scale multifamily,6,10,101.31712259371832,Low
51061,Owner,Medium-scale multifamily,3,5,101.31712259371832,Low
51061,Owner,Mobile (manufactured) home,416,213,31.125789104512506,Low
51061,Owner,Other,26,34,79.4949731119944,Low
51061,Owner,Single-family (attached),907,213,14.27599588475987,High
51061,Owner,Single-family (detached),18932,460,1.4770508047679198,High
51061,Owner,Small-scale multifamily,232,98.1172767661231,25.70937972071143,Medium
51061,Renter,Large-scale multifamily,390,146,22.75738445951212,Medium
51061,Renter,Medium-scale multifamily,137,92,40.822665453819354,Low
51061,Renter,Mobile (manufactured) home,126,76,36.667149129155206,Low
51061,Renter,Other,0,31,Inf,Low
51061,Renter,Single-family (attached),694,216,18.920315688971034,Medium
51061,Renter,Single-family (detached),3308,477,8.765707523072004,High
51061,Renter,Small-scale multifamily,1089,262.73941462978104,14.666667483331855,High
51063,Owner,Large-scale multifamily,19,43,137.57798752199648,Low
51063,Owner,Medium-scale multifamily,0,21,Inf,Low
51063,Owner,Mobile (manufactured) home,829,211,15.472554548087746,Medium
51063,Owner,Other,4,9,136.77811550151975,Low
51063,Owner,Single-family (attached),22,19,52.50069079856314,Low
51063,Owner,Single-family (detached),4708,336,4.338473218966358,High
51063,Owner,Small-scale multifamily,0,21,Inf,Low
51063,Renter,Large-scale multifamily,2,4,121.580547112462,Low
51063,Renter,Medium-scale multifamily,73,90,74.94691260357247,Low
51063,Renter,Mobile (manufactured) home,310,155,30.3951367781155,Low
51063,Renter,Other,0,21,Inf,Low
51063,Renter,Single-family (attached),5,6,72.94832826747721,Low
51063,Renter,Single-family (detached),548,183,20.30040157078517,Medium
51063,Renter,Small-scale multifamily,129,64.48255578061404,30.386916321770947,Low
51065,Owner,Large-scale multifamily,0,25,Inf,Low
51065,Owner,Medium-scale multifamily,0,25,Inf,Low
51065,Owner,Mobile (manufactured) home,371,160,26.216829566029542,Medium
51065,Owner,Other,0,25,Inf,Low
51065,Owner,Single-family (attached),127,68,32.54912284900558,Low
51065,Owner,Single-family (detached),8565,345,2.4486449943840856,High
51065,Owner,Small-scale multifamily,0,25,Inf,Low
51065,Renter,Large-scale multifamily,0,25,Inf,Low
51065,Renter,Medium-scale multifamily,0,25,Inf,Low
51065,Renter,Mobile (manufactured) home,130,119,55.646481178396066,Low
51065,Renter,Other,0,25,Inf,Low
51065,Renter,Single-family (attached),93,91,59.48295584534432,Low
51065,Renter,Single-family (detached),705,186,16.03828493823967,Medium
51065,Renter,Small-scale multifamily,260,159.92185591719476,37.39112834164011,Low
51067,Owner,Large-scale multifamily,54,65,73.17347742879657,Low
51067,Owner,Medium-scale multifamily,20,24,72.94832826747721,Low
51067,Owner,Mobile (manufactured) home,2452,422,10.462273833902726,High
51067,Owner,Other,9,15,101.31712259371835,Low
51067,Owner,Single-family (attached),192,98,31.028368794326237,Low
51067,Owner,Single-family (detached),14988,748,3.0338353763050967,High
51067,Owner,Small-scale multifamily,207,99.16652661054536,29.12251343128654,Medium
51067,Renter,Large-scale multifamily,75,56,45.39007092198582,Low
51067,Renter,Medium-scale multifamily,38,51,81.58694608862582,Low
51067,Renter,Mobile (manufactured) home,949,216,13.83635309604415,High
51067,Renter,Other,42,68,98.42234766246925,Low
51067,Renter,Single-family (attached),223,141,38.436899423446505,Low
51067,Renter,Single-family (detached),2300,479,12.660235231928107,High
51067,Renter,Small-scale multifamily,935,268.13988886400324,17.43347293623544,Medium
51069,Owner,Large-scale multifamily,116,83,43.49648883764804,Low
51069,Owner,Medium-scale multifamily,21,38,110.00144738746562,Low
51069,Owner,Mobile (manufactured) home,1539,328,12.95595173907977,High
51069,Owner,Other,7,12,104.21189752496744,Low
51069,Owner,Single-family (attached),1811,253,8.492511987700963,High
51069,Owner,Single-family (detached),23004,676,1.786394754130245,High
51069,Owner,Small-scale multifamily,293,212.93426215618754,44.17860766542269,Low
51069,Renter,Large-scale multifamily,795,289,22.098602588365736,Medium
51069,Renter,Medium-scale multifamily,174,94,32.84072249589491,Low
51069,Renter,Mobile (manufactured) home,569,224,23.931496092435403,Medium
51069,Renter,Other,12,16,81.05369807497466,Low
51069,Renter,Single-family (attached),1681,284,10.270337709678529,High
51069,Renter,Single-family (detached),2889,487,10.247443136685531,High
51069,Renter,Small-scale multifamily,1427,287.65083000054074,12.25394018529066,High
51071,Owner,Large-scale multifamily,0,21,Inf,Low
51071,Owner,Medium-scale multifamily,0,21,Inf,Low
51071,Owner,Mobile (manufactured) home,902,208,14.018156208088744,High
51071,Owner,Other,0,21,Inf,Low
51071,Owner,Single-family (attached),7,11,95.52757273122016,Low
51071,Owner,Single-family (detached),4416,342,4.70794238139289,High
51071,Owner,Small-scale multifamily,14,33.645207682521445,146.09295563404882,Low
51071,Renter,Large-scale multifamily,6,9,91.1854103343465,Low
51071,Renter,Medium-scale multifamily,32,19,36.09422492401216,Low
51071,Renter,Mobile (manufactured) home,252,109,26.294205625512618,Medium
51071,Renter,Other,0,21,Inf,Low
51071,Renter,Single-family (attached),49,41,50.86533093480553,Low
51071,Renter,Single-family (detached),741,228,18.704699555763387,Medium
51071,Renter,Small-scale multifamily,350,133.40164916521834,23.170064987445656,Medium
51073,Owner,Large-scale multifamily,0,28,Inf,Low
51073,Owner,Medium-scale multifamily,0,28,Inf,Low
51073,Owner,Mobile (manufactured) home,946,258,16.579165515335728,Medium
51073,Owner,Other,35,54,93.7907077724707,Low
51073,Owner,Single-family (attached),184,71,23.45711642658914,Medium
51073,Owner,Single-family (detached),10777,535,3.0177968221753355,High
51073,Owner,Small-scale multifamily,122,84.78207357690657,42.24529053610373,Low
51073,Renter,Large-scale multifamily,63,58,55.96564867081584,Low
51073,Renter,Medium-scale multifamily,22,25,69.07985631389887,Low
51073,Renter,Mobile (manufactured) home,330,169,31.13198857879709,Low
51073,Renter,Other,0,28,Inf,Low
51073,Renter,Single-family (attached),166,84,30.761343245321708,Low
51073,Renter,Single-family (detached),1599,329,12.507817385866165,High
51073,Renter,Small-scale multifamily,867,294.56068984166916,20.65331593354923,Medium
51075,Owner,Large-scale multifamily,29,53,111.09946546483597,Low
51075,Owner,Medium-scale multifamily,0,25,Inf,Low
51075,Owner,Mobile (manufactured) home,160,74,28.11550151975684,Medium
51075,Owner,Other,0,25,Inf,Low
51075,Owner,Single-family (attached),96,56,35.46099290780142,Low
51075,Owner,Single-family (detached),8322,246,1.7969727583312698,High
51075,Owner,Small-scale multifamily,39,60.95079983068311,95.0055332097001,Low
51075,Renter,Large-scale multifamily,279,112,24.403263936551514,Medium
51075,Renter,Medium-scale multifamily,189,111,35.702224152072176,Low
51075,Renter,Mobile (manufactured) home,137,90,39.935216204823284,Low
51075,Renter,Other,0,25,Inf,Low
51075,Renter,Single-family (attached),28,25,54.27702996092053,Low
51075,Renter,Single-family (detached),611,199,19.79912346594103,Medium
51075,Renter,Small-scale multifamily,123,78.21764506810467,38.65749626515663,Low
51077,Owner,Large-scale multifamily,0,21,Inf,Low
51077,Owner,Medium-scale multifamily,26,32,74.81879822305353,Low
51077,Owner,Mobile (manufactured) home,799,172,13.086266647899539,High
51077,Owner,Other,11,17,93.94860458690246,Low
51077,Owner,Single-family (attached),32,30,56.99088145896657,Low
51077,Owner,Single-family (detached),4212,291,4.199897816919094,High
51077,Owner,Small-scale multifamily,0,21,Inf,Low
51077,Renter,Large-scale multifamily,0,21,Inf,Low
51077,Renter,Medium-scale multifamily,22,13,35.92152528322741,Low
51077,Renter,Mobile (manufactured) home,225,96,25.937183383991897,Medium
51077,Renter,Other,0,21,Inf,Low
51077,Renter,Single-family (attached),13,16,74.81879822305353,Low
51077,Renter,Single-family (detached),645,162,15.26825475365802,Medium
51077,Renter,Small-scale multifamily,217,110.54410884348383,30.967772426844036,Low
51079,Owner,Large-scale multifamily,0,25,Inf,Low
51079,Owner,Medium-scale multifamily,0,25,Inf,Low
51079,Owner,Mobile (manufactured) home,300,135,27.35562310030395,Medium
51079,Owner,Other,0,25,Inf,Low
51079,Owner,Single-family (attached),60,52,52.68490374873353,Low
51079,Owner,Single-family (detached),5936,313,3.2054170524090804,High
51079,Owner,Small-scale multifamily,0,25,Inf,Low
51079,Renter,Large-scale multifamily,44,54,74.60624481901078,Low
51079,Renter,Medium-scale multifamily,21,23,66.57982341872919,Low
51079,Renter,Mobile (manufactured) home,106,90,51.614383208120664,Low
51079,Renter,Other,0,25,Inf,Low
51079,Renter,Single-family (attached),248,138,33.826845769193056,Low
51079,Renter,Single-family (detached),823,213,15.733084164613857,Medium
51079,Renter,Small-scale multifamily,374,161.8981161101018,26.315055525592346,Medium
51081,Owner,Large-scale multifamily,0,21,Inf,Low
51081,Owner,Medium-scale multifamily,0,21,Inf,Low
51081,Owner,Mobile (manufactured) home,353,135,23.24840490110817,Medium
51081,Owner,Other,0,21,Inf,Low
51081,Owner,Single-family (attached),4,7,106.38297872340425,Low
51081,Owner,Single-family (detached),1775,195,6.678368080825378,High
51081,Owner,Small-scale multifamily,0,21,Inf,Low
51081,Renter,Large-scale multifamily,0,21,Inf,Low
51081,Renter,Medium-scale multifamily,0,21,Inf,Low
51081,Renter,Mobile (manufactured) home,192,111,35.14437689969605,Low
51081,Renter,Other,0,21,Inf,Low
51081,Renter,Single-family (attached),3,7,141.84397163120568,Low
51081,Renter,Single-family (detached),615,159,15.716509748684112,Medium
51081,Renter,Small-scale multifamily,150,86.75252157718529,35.15806345579951,Low
51083,Owner,Large-scale multifamily,0,28,Inf,Low
51083,Owner,Medium-scale multifamily,0,28,Inf,Low
51083,Owner,Mobile (manufactured) home,1920,315,9.97340425531915,High
51083,Owner,Other,0,28,Inf,Low
51083,Owner,Single-family (attached),109,53,29.558573380552687,Medium
51083,Owner,Single-family (detached),7607,490,3.9157662735050858,High
51083,Owner,Small-scale multifamily,12,30.643106892089126,155.23357088191048,Low
51083,Renter,Large-scale multifamily,53,57,65.37821873028618,Low
51083,Renter,Medium-scale multifamily,134,91,41.28294696729121,Low
51083,Renter,Mobile (manufactured) home,829,259,18.99237738367169,Medium
51083,Renter,Other,0,28,Inf,Low
51083,Renter,Single-family (attached),169,140,50.358806496286036,Low
51083,Renter,Single-family (detached),2085,274,7.988745781490309,High
51083,Renter,Small-scale multifamily,755,253.21729798732156,20.38827657459462,Medium
51085,Owner,Large-scale multifamily,23,30,79.29166116030132,Low
51085,Owner,Medium-scale multifamily,14,24,104.21189752496744,Low
51085,Owner,Mobile (manufactured) home,640,239,22.701367781155014,Medium
51085,Owner,Other,3,7,141.84397163120568,Low
51085,Owner,Single-family (attached),1742,269,9.3872466054111,High
51085,Owner,Single-family (detached),32198,666,1.2574172988524086,High
51085,Owner,Small-scale multifamily,170,155.3512149936395,55.552016804448236,Low
51085,Renter,Large-scale multifamily,599,208,21.109143405168695,Medium
51085,Renter,Medium-scale multifamily,227,98,26.2442590683288,Medium
51085,Renter,Mobile (manufactured) home,302,129,25.966706254151656,Medium
51085,Renter,Other,8,14,106.38297872340425,Low
51085,Renter,Single-family (attached),350,137,23.795049934867563,Medium
51085,Renter,Single-family (detached),3582,488,8.281868647526725,High
51085,Renter,Small-scale multifamily,2154,329.81661571242887,9.308097628852769,High
51087,Owner,Large-scale multifamily,335,95,17.239032799528196,Medium
51087,Owner,Medium-scale multifamily,168,75,27.138514980460265,Medium
51087,Owner,Mobile (manufactured) home,158,67,25.778153976376437,Medium
51087,Owner,Other,0,31,Inf,Low
51087,Owner,Single-family (attached),8875,818,5.602979579605291,High
51087,Owner,Single-family (detached),75282,1478,1.1934861496255338,High
51087,Owner,Small-scale multifamily,2804,598.2557981332066,12.970090451183644,High
51087,Renter,Large-scale multifamily,5222,487,5.669257606641995,High
51087,Renter,Medium-scale multifamily,2428,546,13.670300396088193,High
51087,Renter,Mobile (manufactured) home,311,171,33.42487710004984,Low
51087,Renter,Other,0,31,Inf,Low
51087,Renter,Single-family (attached),5413,590,6.6259489004574705,High
51087,Renter,Single-family (detached),12685,979,4.691657691095795,High
51087,Renter,Small-scale multifamily,21918,1305.3631678578954,3.6204664688525297,High
51089,Owner,Large-scale multifamily,9,15,101.31712259371835,Low
51089,Owner,Medium-scale multifamily,0,31,Inf,Low
51089,Owner,Mobile (manufactured) home,1756,271,9.381642445181438,High
51089,Owner,Other,0,31,Inf,Low
51089,Owner,Single-family (attached),137,80,35.49796995984292,Low
51089,Owner,Single-family (detached),13654,636,2.8315961609611042,High
51089,Owner,Small-scale multifamily,45,89.01685233707154,120.25241788189334,Low
51089,Renter,Large-scale multifamily,171,98,34.83887022520841,Low
51089,Renter,Medium-scale multifamily,139,107,46.79539043537206,Low
51089,Renter,Mobile (manufactured) home,1187,275,14.083677529876601,High
51089,Renter,Other,0,31,Inf,Low
51089,Renter,Single-family (attached),77,57,45.000592113054125,Low
51089,Renter,Single-family (detached),2052,317,9.391090018189683,High
51089,Renter,Small-scale multifamily,1276,290.69915720552063,13.849280007123355,High
51091,Owner,Large-scale multifamily,0,13,Inf,Low
51091,Owner,Medium-scale multifamily,0,13,Inf,Low
51091,Owner,Mobile (manufactured) home,112,48,26.05297438124186,Medium
51091,Owner,Other,0,13,Inf,Low
51091,Owner,Single-family (attached),1,2,121.580547112462,Low
51091,Owner,Single-family (detached),766,105,8.332870396089106,High
51091,Owner,Small-scale multifamily,5,23.57965224510319,286.68270206812394,Low
51091,Renter,Large-scale multifamily,0,13,Inf,Low
51091,Renter,Medium-scale multifamily,0,13,Inf,Low
51091,Renter,Mobile (manufactured) home,7,8,69.4745983499783,Low
51091,Renter,Other,0,13,Inf,Low
51091,Renter,Single-family (attached),5,9,109.4224924012158,Low
51091,Renter,Single-family (detached),79,41,31.54938247855027,Low
51091,Renter,Small-scale multifamily,28,39.1279950930277,84.95005447900066,Low
51093,Owner,Large-scale multifamily,0,28,Inf,Low
51093,Owner,Medium-scale multifamily,0,28,Inf,Low
51093,Owner,Mobile (manufactured) home,1011,190,11.424482666353997,High
51093,Owner,Other,0,28,Inf,Low
51093,Owner,Single-family (attached),587,146,15.119897681788292,Medium
51093,Owner,Single-family (detached),10788,445,2.5075706092438628,High
51093,Owner,Small-scale multifamily,159,92.43376006633075,35.340085284674636,Low
51093,Renter,Large-scale multifamily,74,59,48.467920808346335,Low
51093,Renter,Medium-scale multifamily,230,100,26.430553720100434,Medium
51093,Renter,Mobile (manufactured) home,270,141,31.746031746031743,Low
51093,Renter,Other,0,28,Inf,Low
51093,Renter,Single-family (attached),64,49,46.54255319148936,Low
51093,Renter,Single-family (detached),1272,290,13.859417713291661,High
51093,Renter,Small-scale multifamily,971,248.25390228554315,15.54214483145212,Medium
51095,Owner,Large-scale multifamily,66,43,39.60578428663535,Low
51095,Owner,Medium-scale multifamily,30,31,62.81661600810538,Low
51095,Owner,Mobile (manufactured) home,499,161,19.613695476058503,Medium
51095,Owner,Other,0,31,Inf,Low
51095,Owner,Single-family (attached),3221,356,6.718825639869058,High
51095,Owner,Single-family (detached),20260,617,1.851312871875347,High
51095,Owner,Small-scale multifamily,644,190.3286631067428,17.966042695420224,Medium
51095,Renter,Large-scale multifamily,962,218,13.775758456609521,High
51095,Renter,Medium-scale multifamily,229,83,22.03315591776058,Medium
51095,Renter,Mobile (manufactured) home,184,85,28.082463327606717,Medium
51095,Renter,Other,0,31,Inf,Low
51095,Renter,Single-family (attached),1076,245,13.841651506762634,High
51095,Renter,Single-family (detached),1582,265,10.182947213907216,High
51095,Renter,Small-scale multifamily,2598,455.2285140454187,10.651834449352405,High
51097,Owner,Large-scale multifamily,0,19,Inf,Low
51097,Owner,Medium-scale multifamily,0,19,Inf,Low
51097,Owner,Mobile (manufactured) home,283,112,24.058341478084355,Medium
51097,Owner,Other,0,19,Inf,Low
51097,Owner,Single-family (attached),5,9,109.4224924012158,Low
51097,Owner,Single-family (detached),1890,192,6.175519853331403,High
51097,Owner,Small-scale multifamily,0,19,Inf,Low
51097,Renter,Large-scale multifamily,0,19,Inf,Low
51097,Renter,Medium-scale multifamily,0,19,Inf,Low
51097,Renter,Mobile (manufactured) home,144,79,33.35021952043229,Low
51097,Renter,Other,0,19,Inf,Low
51097,Renter,Single-family (attached),0,19,Inf,Low
51097,Renter,Single-family (detached),458,130,17.254881140414913,Medium
51097,Renter,Small-scale multifamily,34,48.394214530251446,86.52639823037984,Low
51099,Owner,Large-scale multifamily,0,25,Inf,Low
51099,Owner,Medium-scale multifamily,0,25,Inf,Low
51099,Owner,Mobile (manufactured) home,342,126,22.396416573348265,Medium
51099,Owner,Other,0,25,Inf,Low
51099,Owner,Single-family (attached),59,46,47.39580650146824,Low
51099,Owner,Single-family (detached),7081,313,2.6871000738737894,High
51099,Owner,Small-scale multifamily,35,61.02458520956943,105.99146367272154,Low
51099,Renter,Large-scale multifamily,6,11,111.44883485309019,Low
51099,Renter,Medium-scale multifamily,17,26,92.97335955658859,Low
51099,Renter,Mobile (manufactured) home,134,72,32.6634305675271,Low
51099,Renter,Other,0,25,Inf,Low
51099,Renter,Single-family (attached),300,132,26.74772036474164,Medium
51099,Renter,Single-family (detached),1286,260,12.290413005147792,High
51099,Renter,Small-scale multifamily,617,194.44022217637996,19.157332733284395,Medium
51101,Owner,Large-scale multifamily,0,21,Inf,Low
51101,Owner,Medium-scale multifamily,0,21,Inf,Low
51101,Owner,Mobile (manufactured) home,132,67,30.85566915354149,Low
51101,Owner,Other,0,21,Inf,Low
51101,Owner,Single-family (attached),145,122,51.14767844041504,Low
51101,Owner,Single-family (detached),6041,253,2.5459260403453805,High
51101,Owner,Small-scale multifamily,0,21,Inf,Low
51101,Renter,Large-scale multifamily,18,28,94.56264775413712,Low
51101,Renter,Medium-scale multifamily,108,91,51.22143420015761,Low
51101,Renter,Mobile (manufactured) home,24,36,91.1854103343465,Low
51101,Renter,Other,10,16,97.2644376899696,Low
51101,Renter,Single-family (attached),10,18,109.4224924012158,Low
51101,Renter,Single-family (detached),545,181,20.189063327849194,Medium
51101,Renter,Small-scale multifamily,82,75.0133321483588,55.610743678818885,Low
51103,Owner,Large-scale multifamily,0,21,Inf,Low
51103,Owner,Medium-scale multifamily,10,14,85.1063829787234,Low
51103,Owner,Mobile (manufactured) home,186,101,33.00977219988888,Low
51103,Owner,Other,0,21,Inf,Low
51103,Owner,Single-family (attached),110,67,37.02680298424979,Low
51103,Owner,Single-family (detached),4018,215,3.252839426229384,High
51103,Owner,Small-scale multifamily,40,40.08740450565489,60.92310715145119,Low
51103,Renter,Large-scale multifamily,16,17,64.58966565349544,Low
51103,Renter,Medium-scale multifamily,30,23,46.605876393110435,Low
51103,Renter,Mobile (manufactured) home,34,42,75.09386733416771,Low
51103,Renter,Other,0,21,Inf,Low
51103,Renter,Single-family (attached),33,16,29.474072027263514,Medium
51103,Renter,Single-family (detached),517,139,16.344000047033095,Medium
51103,Renter,Small-scale multifamily,474,148.53282465502363,19.049263803499112,Medium
51105,Owner,Large-scale multifamily,0,25,Inf,Low
51105,Owner,Medium-scale multifamily,0,25,Inf,Low
51105,Owner,Mobile (manufactured) home,1037,207,12.13460619685614,High
51105,Owner,Other,0,25,Inf,Low
51105,Owner,Single-family (attached),35,32,55.57967867998263,Low
51105,Owner,Single-family (detached),5156,422,4.975464592849008,High
51105,Owner,Small-scale multifamily,14,38.66522985836241,167.89070715745726,Low
51105,Renter,Large-scale multifamily,0,25,Inf,Low
51105,Renter,Medium-scale multifamily,42,27,39.07946157186279,Low
51105,Renter,Mobile (manufactured) home,434,146,20.45018419172748,Medium
51105,Renter,Other,0,25,Inf,Low
51105,Renter,Single-family (attached),0,25,Inf,Low
51105,Renter,Single-family (detached),1353,297,13.344206390392172,High
51105,Renter,Small-scale multifamily,375,133,21.56028368794326,Medium
51107,Owner,Large-scale multifamily,1184,190,9.75519592540869,High
51107,Owner,Medium-scale multifamily,871,168,11.725334049881525,High
51107,Owner,Mobile (manufactured) home,291,159,33.21530410804374,Low
51107,Owner,Other,27,39,87.8081729145559,Low
51107,Owner,Single-family (attached),34676,1118,1.9599586410158683,High
51107,Owner,Single-family (detached),68642,1189,1.0529943075428845,High
51107,Owner,Small-scale multifamily,4032,476.98532472184087,7.191485211346324,High
51107,Renter,Large-scale multifamily,5049,540,6.501633535425776,High
51107,Renter,Medium-scale multifamily,1928,428,13.494936245885306,High
51107,Renter,Mobile (manufactured) home,249,188,45.897877223178426,Low
51107,Renter,Other,93,117,76.47808608687127,Low
51107,Renter,Single-family (attached),8818,704,4.853294690812727,High
51107,Renter,Single-family (detached),4339,527,7.383377313697566,High
51107,Renter,Small-scale multifamily,10624,764.5122628185894,4.374520857853466,High
51109,Owner,Large-scale multifamily,0,28,Inf,Low
51109,Owner,Medium-scale multifamily,0,28,Inf,Low
51109,Owner,Mobile (manufactured) home,945,229,14.73118798346762,High
51109,Owner,Other,0,28,Inf,Low
51109,Owner,Single-family (attached),133,60,27.42418355920196,Medium
51109,Owner,Single-family (detached),11277,519,2.797743369307785,High
51109,Owner,Small-scale multifamily,0,28,Inf,Low
51109,Renter,Large-scale multifamily,97,56,35.09541566132924,Low
51109,Renter,Medium-scale multifamily,89,69,47.12953792561729,Low
51109,Renter,Mobile (manufactured) home,487,197,24.590726674697137,Medium
51109,Renter,Other,0,28,Inf,Low
51109,Renter,Single-family (attached),172,107,37.817205061143696,Low
51109,Renter,Single-family (detached),1496,292,11.865481202152042,High
51109,Renter,Small-scale multifamily,515,116.8289347721702,13.790413405986978,High
51111,Owner,Large-scale multifamily,0,21,Inf,Low
51111,Owner,Medium-scale multifamily,0,21,Inf,Low
51111,Owner,Mobile (manufactured) home,616,153,15.098882880037895,Medium
51111,Owner,Other,0,21,Inf,Low
51111,Owner,Single-family (attached),39,37,57.67282363027044,Low
51111,Owner,Single-family (detached),2703,256,5.757421394892762,High
51111,Owner,Small-scale multifamily,0,21,Inf,Low
51111,Renter,Large-scale multifamily,0,21,Inf,Low
51111,Renter,Medium-scale multifamily,28,26,56.44811115935736,Low
51111,Renter,Mobile (manufactured) home,275,135,29.842497927604306,Medium
51111,Renter,Other,0,21,Inf,Low
51111,Renter,Single-family (attached),27,35,78.80220646178093,Low
51111,Renter,Single-family (detached),913,223,14.848007670360913,High
51111,Renter,Small-scale multifamily,68,45.16635916254486,40.377578368089445,Low
51113,Owner,Large-scale multifamily,0,21,Inf,Low
51113,Owner,Medium-scale multifamily,14,22,95.52757273122016,Low
51113,Owner,Mobile (manufactured) home,68,48,42.91078133381012,Low
51113,Owner,Other,0,21,Inf,Low
51113,Owner,Single-family (attached),11,18,99.47499309201436,Low
51113,Owner,Single-family (detached),4179,255,3.7093849621533637,High
51113,Owner,Small-scale multifamily,18,44.710177812216315,150.99688555290888,Low
51113,Renter,Large-scale multifamily,21,33,95.52757273122013,Low
51113,Renter,Medium-scale multifamily,22,23,63.553467808786955,Low
51113,Renter,Mobile (manufactured) home,68,44,39.33488288932595,Low
51113,Renter,Other,0,21,Inf,Low
51113,Renter,Single-family (attached),20,26,79.0273556231003,Low
51113,Renter,Single-family (detached),920,228,15.065415620457248,Medium
51113,Renter,Small-scale multifamily,51,41,48.87061207461708,Low
51115,Owner,Large-scale multifamily,0,19,Inf,Low
51115,Owner,Medium-scale multifamily,0,19,Inf,Low
51115,Owner,Mobile (manufactured) home,111,85,46.55111038089761,Low
51115,Owner,Other,0,19,Inf,Low
51115,Owner,Single-family (attached),13,23,107.55202244563947,Low
51115,Owner,Single-family (detached),3101,287,5.626187846062011,High
51115,Owner,Small-scale multifamily,0,19,Inf,Low
51115,Renter,Large-scale multifamily,0,19,Inf,Low
51115,Renter,Medium-scale multifamily,11,18,99.47499309201436,Low
51115,Renter,Mobile (manufactured) home,16,29,110.18237082066868,Low
51115,Renter,Other,0,19,Inf,Low
51115,Renter,Single-family (attached),0,19,Inf,Low
51115,Renter,Single-family (detached),419,161,23.35855380084294,Medium
51115,Renter,Small-scale multifamily,96,85.15867542417507,53.92519973668634,Low
51117,Owner,Large-scale multifamily,12,14,70.92198581560284,Low
51117,Owner,Medium-scale multifamily,0,28,Inf,Low
51117,Owner,Mobile (manufactured) home,1727,274,9.644779938857727,High
51117,Owner,Other,53,55,63.08424614325858,Low
51117,Owner,Single-family (attached),121,56,28.13434148056972,Medium
51117,Owner,Single-family (detached),7661,438,3.4755436389021246,High
51117,Owner,Small-scale multifamily,61,43.68065933568311,43.53047918250347,Low
51117,Renter,Large-scale multifamily,11,14,77.36943907156673,Low
51117,Renter,Medium-scale multifamily,170,117,41.83801180046487,Low
51117,Renter,Mobile (manufactured) home,594,158,16.169803403845957,Medium
51117,Renter,Other,0,28,Inf,Low
51117,Renter,Single-family (attached),19,24,76.78771396576548,Low
51117,Renter,Single-family (detached),2149,341,9.64610669272907,High
51117,Renter,Small-scale multifamily,817,213.92989505910575,15.917817432679108,Medium
51119,Owner,Large-scale multifamily,0,21,Inf,Low
51119,Owner,Medium-scale multifamily,0,21,Inf,Low
51119,Owner,Mobile (manufactured) home,335,135,24.49757292564533,Medium
51119,Owner,Other,0,21,Inf,Low
51119,Owner,Single-family (attached),73,58,48.299121455635586,Low
51119,Owner,Single-family (detached),3619,266,4.468143897750054,High
51119,Owner,Small-scale multifamily,29,38.301436004411116,80.28809559671129,Low
51119,Renter,Large-scale multifamily,0,21,Inf,Low
51119,Renter,Medium-scale multifamily,0,21,Inf,Low
51119,Renter,Mobile (manufactured) home,73,54,44.968147562143486,Low
51119,Renter,Other,0,21,Inf,Low
51119,Renter,Single-family (attached),53,51,58.49630096920342,Low
51119,Renter,Single-family (detached),417,155,22.595905038886823,Medium
51119,Renter,Small-scale multifamily,134,71.37226352022192,32.378652415833564,Low
51121,Owner,Large-scale multifamily,14,16,69.4745983499783,Low
51121,Owner,Medium-scale multifamily,0,31,Inf,Low
51121,Owner,Mobile (manufactured) home,2027,426,12.775854235300644,High
51121,Owner,Other,7,11,95.52757273122016,Low
51121,Owner,Single-family (attached),1350,246,11.077338736913205,High
51121,Owner,Single-family (detached),16417,660,2.44390452257492,High
51121,Owner,Small-scale multifamily,290,160.53348560347152,33.65129139575968,Low
51121,Renter,Large-scale multifamily,635,177,16.944690424335256,Medium
51121,Renter,Medium-scale multifamily,994,291,17.7967501054962,Medium
51121,Renter,Mobile (manufactured) home,1402,326,14.135256190678536,High
51121,Renter,Other,0,31,Inf,Low
51121,Renter,Single-family (attached),1445,267,11.232528055026766,High
51121,Renter,Single-family (detached),3676,479,7.9212570820007215,High
51121,Renter,Small-scale multifamily,8474,735.5039088951194,5.276313880506433,High
51125,Owner,Large-scale multifamily,0,21,Inf,Low
51125,Owner,Medium-scale multifamily,0,21,Inf,Low
51125,Owner,Mobile (manufactured) home,621,246,24.081171167202623,Medium
51125,Owner,Other,8,14,106.38297872340425,Low
51125,Owner,Single-family (attached),11,13,71.84305056645482,Low
51125,Owner,Single-family (detached),4394,314,4.344138802152147,High
51125,Owner,Small-scale multifamily,90,104.7950380504726,70.78354478248741,Low
51125,Renter,Large-scale multifamily,9,15,101.31712259371835,Low
51125,Renter,Medium-scale multifamily,19,24,76.78771396576548,Low
51125,Renter,Mobile (manufactured) home,129,96,45.23927334417191,Low
51125,Renter,Other,0,21,Inf,Low
51125,Renter,Single-family (attached),28,38,82.50108554059922,Low
51125,Renter,Single-family (detached),925,244,16.035488375913907,Medium
51125,Renter,Small-scale multifamily,236,136.0624856453828,35.047778487811755,Low
51127,Owner,Large-scale multifamily,0,25,Inf,Low
51127,Owner,Medium-scale multifamily,0,25,Inf,Low
51127,Owner,Mobile (manufactured) home,73,76,63.288503976350086,Low
51127,Owner,Other,0,25,Inf,Low
51127,Owner,Single-family (attached),157,84,32.52473234855671,Low
51127,Owner,Single-family (detached),8091,313,2.3516692155605368,High
51127,Owner,Small-scale multifamily,0,25,Inf,Low
51127,Renter,Large-scale multifamily,86,94,66.44518272425248,Low
51127,Renter,Medium-scale multifamily,0,25,Inf,Low
51127,Renter,Mobile (manufactured) home,23,36,95.14999339236157,Low
51127,Renter,Other,0,25,Inf,Low
51127,Renter,Single-family (attached),21,34,98.42234766246925,Low
51127,Renter,Single-family (detached),560,190,20.625271385149805,Medium
51127,Renter,Small-scale multifamily,23,56.95612346359257,150.53818808931564,Low
51131,Owner,Large-scale multifamily,2,3,91.1854103343465,Low
51131,Owner,Medium-scale multifamily,4,5,75.98784194528875,Low
51131,Owner,Mobile (manufactured) home,248,84,20.59025394646534,Medium
51131,Owner,Other,0,21,Inf,Low
51131,Owner,Single-family (attached),46,19,25.109026034095415,Medium
51131,Owner,Single-family (detached),3116,268,5.22843174360395,High
51131,Owner,Small-scale multifamily,65,40.620192023179804,37.98942438454973,Low
51131,Renter,Large-scale multifamily,109,49,27.327737653718525,Medium
51131,Renter,Medium-scale multifamily,88,43,29.70433821497651,Medium
51131,Renter,Mobile (manufactured) home,452,183,24.611991284934234,Medium
51131,Renter,Other,0,21,Inf,Low
51131,Renter,Single-family (attached),21,23,66.57982341872919,Low
51131,Renter,Single-family (detached),839,156,11.303078277439853,High
51131,Renter,Small-scale multifamily,348,103.12128781197411,18.013710619427403,Medium
51133,Owner,Large-scale multifamily,0,21,Inf,Low
51133,Owner,Medium-scale multifamily,0,21,Inf,Low
51133,Owner,Mobile (manufactured) home,332,145,26.549968872450293,Medium
51133,Owner,Other,15,26,105.36980749746706,Low
51133,Owner,Single-family (attached),40,30,45.59270516717325,Low
51133,Owner,Single-family (detached),4453,339,4.627869466777972,High
51133,Owner,Small-scale multifamily,14,42,182.370820668693,Low
51133,Renter,Large-scale multifamily,0,21,Inf,Low
51133,Renter,Medium-scale multifamily,58,78,81.75243685148307,Low
51133,Renter,Mobile (manufactured) home,47,48,62.08368363189549,Low
51133,Renter,Other,0,21,Inf,Low
51133,Renter,Single-family (attached),20,27,82.06686930091186,Low
51133,Renter,Single-family (detached),321,113,21.399691314187237,Medium
51133,Renter,Small-scale multifamily,136,101.20276676059801,45.23635202958967,Low
51135,Owner,Large-scale multifamily,0,21,Inf,Low
51135,Owner,Medium-scale multifamily,0,21,Inf,Low
51135,Owner,Mobile (manufactured) home,373,132,21.51291182150802,Medium
51135,Owner,Other,0,21,Inf,Low
51135,Owner,Single-family (attached),13,20,93.52349777881692,Low
51135,Owner,Single-family (detached),3367,243,4.387299220125968,High
51135,Owner,Small-scale multifamily,50,54.101755978895916,65.77721091659078,Low
51135,Renter,Large-scale multifamily,2,3,91.1854103343465,Low
51135,Renter,Medium-scale multifamily,46,44,58.14721818422096,Low
51135,Renter,Mobile (manufactured) home,86,41,28.98140948611013,Medium
51135,Renter,Other,0,21,Inf,Low
51135,Renter,Single-family (attached),91,56,37.40939911152677,Low
51135,Renter,Single-family (detached),1156,221,11.621669944573574,High
51135,Renter,Small-scale multifamily,308,127.16131487209465,25.09795817157357,Medium
51137,Owner,Large-scale multifamily,0,28,Inf,Low
51137,Owner,Medium-scale multifamily,0,28,Inf,Low
51137,Owner,Mobile (manufactured) home,324,124,23.26541333633532,Medium
51137,Owner,Other,0,28,Inf,Low
51137,Owner,Single-family (attached),586,227,23.548450677925665,Medium
51137,Owner,Single-family (detached),10454,561,3.2622291433944515,High
51137,Owner,Small-scale multifamily,47,68.65857557508748,88.80369342958997,Low
51137,Renter,Large-scale multifamily,161,106,40.023409919009225,Low
51137,Renter,Medium-scale multifamily,97,97,60.790273556231,Low
51137,Renter,Mobile (manufactured) home,203,102,30.54486651593873,Low
51137,Renter,Other,0,28,Inf,Low
51137,Renter,Single-family (attached),113,79,42.499394787099554,Low
51137,Renter,Single-family (detached),1598,383,14.569884087632337,High
51137,Renter,Small-scale multifamily,1084,267.3929692419006,14.995287589693726,High
51139,Owner,Large-scale multifamily,0,25,Inf,Low
51139,Owner,Medium-scale multifamily,3,6,121.580547112462,Low
51139,Owner,Mobile (manufactured) home,537,155,17.546540784386973,Medium
51139,Owner,Other,0,25,Inf,Low
51139,Owner,Single-family (attached),126,72,34.73729917498915,Low
51139,Owner,Single-family (detached),6252,379,3.685142942708181,High
51139,Owner,Small-scale multifamily,8,44.67661580737735,339.4879620621379,Low
51139,Renter,Large-scale multifamily,93,115,75.17076837598458,Low
51139,Renter,Medium-scale multifamily,15,20,81.05369807497466,Low
51139,Renter,Mobile (manufactured) home,505,197,23.714225525896055,Medium
51139,Renter,Other,0,25,Inf,Low
51139,Renter,Single-family (attached),210,114,33.00043421623969,Low
51139,Renter,Single-family (detached),1372,287,12.716332733701382,High
51139,Renter,Small-scale multifamily,388,115.30394615970435,18.065356776189066,Medium
51141,Owner,Large-scale multifamily,0,21,Inf,Low
51141,Owner,Medium-scale multifamily,0,21,Inf,Low
51141,Owner,Mobile (manufactured) home,1116,217,11.82033096926714,High
51141,Owner,Other,0,21,Inf,Low
51141,Owner,Single-family (attached),41,27,40.03261917117651,Low
51141,Owner,Single-family (detached),4853,335,4.196320140395093,High
51141,Owner,Small-scale multifamily,8,38.301436004411116,291.0443465380784,Low
51141,Renter,Large-scale multifamily,5,6,72.94832826747721,Low
51141,Renter,Medium-scale multifamily,42,27,39.07946157186279,Low
51141,Renter,Mobile (manufactured) home,712,212,18.100474710563162,Medium
51141,Renter,Other,71,94,80.48289738430583,Low
51141,Renter,Single-family (attached),4,6,91.1854103343465,Low
51141,Renter,Single-family (detached),779,218,17.011912240383,Medium
51141,Renter,Small-scale multifamily,166,79.55501241279521,29.13356004423599,Medium
51143,Owner,Large-scale multifamily,0,31,Inf,Low
51143,Owner,Medium-scale multifamily,10,15,91.1854103343465,Low
51143,Owner,Mobile (manufactured) home,2505,292,7.086131687991798,High
51143,Owner,Other,34,46,82.24566422313606,Low
51143,Owner,Single-family (attached),84,40,28.94774931249095,Medium
51143,Owner,Single-family (detached),16737,596,2.164725042690666,High
51143,Owner,Small-scale multifamily,27,58.88972745734183,132.58972747347028,Low
51143,Renter,Large-scale multifamily,40,40,60.790273556231,Low
51143,Renter,Medium-scale multifamily,129,87,40.99809146815579,Low
51143,Renter,Mobile (manufactured) home,1253,261,12.662618833341016,High
51143,Renter,Other,0,31,Inf,Low
51143,Renter,Single-family (attached),30,29,58.76393110435664,Low
51143,Renter,Single-family (detached),3109,421,8.23181253366782,High
51143,Renter,Small-scale multifamily,675,216.9008990299487,19.534022202404476,Medium
51145,Owner,Large-scale multifamily,0,28,Inf,Low
51145,Owner,Medium-scale multifamily,0,28,Inf,Low
51145,Owner,Mobile (manufactured) home,96,71,44.959473150962516,Low
51145,Owner,Other,0,28,Inf,Low
51145,Owner,Single-family (attached),92,75,49.557288225188316,Low
51145,Owner,Single-family (detached),10194,309,1.8426716233937004,High
51145,Owner,Small-scale multifamily,5,49.51767361255979,602.0385849551342,Low
51145,Renter,Large-scale multifamily,0,28,Inf,Low
51145,Renter,Medium-scale multifamily,0,28,Inf,Low
51145,Renter,Mobile (manufactured) home,56,52,56.44811115935736,Low
51145,Renter,Other,0,28,Inf,Low
51145,Renter,Single-family (attached),6,9,91.1854103343465,Low
51145,Renter,Single-family (detached),574,198,20.969467184901987,Medium
51145,Renter,Small-scale multifamily,128,131.77632564311392,62.58374128187402,Low
51147,Owner,Large-scale multifamily,0,25,Inf,Low
51147,Owner,Medium-scale multifamily,0,25,Inf,Low
51147,Owner,Mobile (manufactured) home,594,173,17.7049113219326,Medium
51147,Owner,Other,0,25,Inf,Low
51147,Owner,Single-family (attached),63,51,49.211173831234625,Low
51147,Owner,Single-family (detached),3824,271,4.308097315308212,High
51147,Owner,Small-scale multifamily,51,57.5065213693195,68.54582677074855,Low
51147,Renter,Large-scale multifamily,12,21,106.38297872340425,Low
51147,Renter,Medium-scale multifamily,87,74,51.70666946162178,Low
51147,Renter,Mobile (manufactured) home,582,184,19.218918100251724,Medium
51147,Renter,Other,0,25,Inf,Low
51147,Renter,Single-family (attached),54,45,50.658561296859176,Low
51147,Renter,Single-family (detached),1128,273,14.712539610683567,High
51147,Renter,Small-scale multifamily,1165,328.81149614938954,17.1575457505193,Medium
51149,Owner,Large-scale multifamily,0,28,Inf,Low
51149,Owner,Medium-scale multifamily,0,28,Inf,Low
51149,Owner,Mobile (manufactured) home,347,144,25.22708758529471,Medium
51149,Owner,Other,0,28,Inf,Low
51149,Owner,Single-family (attached),217,104,29.134508985474767,Medium
51149,Owner,Single-family (detached),8796,444,3.068540411433216,High
51149,Owner,Small-scale multifamily,42,69.65629906907199,100.81965417436965,Low
51149,Renter,Large-scale multifamily,0,28,Inf,Low
51149,Renter,Medium-scale multifamily,159,139,53.14369826613905,Low
51149,Renter,Mobile (manufactured) home,500,197,23.951367781155014,Medium
51149,Renter,Other,0,28,Inf,Low
51149,Renter,Single-family (attached),1189,240,12.27053461185487,High
51149,Renter,Single-family (detached),886,224,15.36909850631574,Medium
51149,Renter,Small-scale multifamily,582,211.45921592590852,22.08705082838848,Medium
51153,Owner,Large-scale multifamily,378,105,16.886187098953055,Medium
51153,Owner,Medium-scale multifamily,520,145,16.95113397241057,Medium
51153,Owner,Mobile (manufactured) home,1072,342,19.393911899469217,Medium
51153,Owner,Other,0,31,Inf,Low
51153,Owner,Single-family (attached),31538,1265,2.4383187281575314,High
51153,Owner,Single-family (detached),78549,1294,1.0014464090155561,High
51153,Owner,Small-scale multifamily,2944,395.1936234303383,8.16030179212242,High
51153,Renter,Large-scale multifamily,4583,514,6.817848703448119,High
51153,Renter,Medium-scale multifamily,1700,462,16.520650813516895,Medium
51153,Renter,Mobile (manufactured) home,424,205,29.391523771290935,Medium
51153,Renter,Other,0,31,Inf,Low
51153,Renter,Single-family (attached),9968,922,5.622856362243678,High
51153,Renter,Single-family (detached),6897,649,5.720296873712327,High
51153,Renter,Small-scale multifamily,16036,1172.5024520230224,4.444795759779942,High
51155,Owner,Large-scale multifamily,0,28,Inf,Low
51155,Owner,Medium-scale multifamily,0,28,Inf,Low
51155,Owner,Mobile (manufactured) home,1014,207,12.40984874372763,High
51155,Owner,Other,0,28,Inf,Low
51155,Owner,Single-family (attached),355,123,21.06254548568004,Medium
51155,Owner,Single-family (detached),8981,441,2.98502512396146,High
51155,Owner,Small-scale multifamily,30,42.15447781671598,85.41940793660785,Low
51155,Renter,Large-scale multifamily,16,18,68.38905775075987,Low
51155,Renter,Medium-scale multifamily,92,69,45.59270516717325,Low
51155,Renter,Mobile (manufactured) home,588,183,18.9194218720923,Medium
51155,Renter,Other,0,28,Inf,Low
51155,Renter,Single-family (attached),77,57,45.000592113054125,Low
51155,Renter,Single-family (detached),1664,255,9.315817161561842,High
51155,Renter,Small-scale multifamily,1569,349.10600109422353,13.525971514748072,High
51157,Owner,Large-scale multifamily,0,19,Inf,Low
51157,Owner,Medium-scale multifamily,0,19,Inf,Low
51157,Owner,Mobile (manufactured) home,0,19,Inf,Low
51157,Owner,Other,0,19,Inf,Low
51157,Owner,Single-family (attached),6,11,111.44883485309019,Low
51157,Owner,Single-family (detached),2222,197,5.389596710430921,High
51157,Owner,Small-scale multifamily,0,19,Inf,Low
51157,Renter,Large-scale multifamily,0,19,Inf,Low
51157,Renter,Medium-scale multifamily,0,19,Inf,Low
51157,Renter,Mobile (manufactured) home,0,19,Inf,Low
51157,Renter,Other,0,19,Inf,Low
51157,Renter,Single-family (attached),0,19,Inf,Low
51157,Renter,Single-family (detached),574,151,15.991866388485857,Medium
51157,Renter,Small-scale multifamily,59,50.46781152378217,51.99918759855975,Low
51159,Owner,Large-scale multifamily,0,19,Inf,Low
51159,Owner,Medium-scale multifamily,0,19,Inf,Low
51159,Owner,Mobile (manufactured) home,152,77,30.795072788353867,Low
51159,Owner,Other,0,19,Inf,Low
51159,Owner,Single-family (attached),0,19,Inf,Low
51159,Owner,Single-family (detached),1911,256,8.143542663733719,High
51159,Owner,Small-scale multifamily,4,27.49545416973504,417.86404513275136,Low
51159,Renter,Large-scale multifamily,63,55,53.07087373956675,Low
51159,Renter,Medium-scale multifamily,14,15,65.13243595310465,Low
51159,Renter,Mobile (manufactured) home,60,58,58.76393110435664,Low
51159,Renter,Other,0,19,Inf,Low
51159,Renter,Single-family (attached),10,14,85.1063829787234,Low
51159,Renter,Single-family (detached),498,187,22.826869789187143,Medium
51159,Renter,Small-scale multifamily,219,99.6493853468249,27.660791757734078,Medium
51161,Owner,Large-scale multifamily,8,12,91.1854103343465,Low
51161,Owner,Medium-scale multifamily,142,72,30.823237296117128,Low
51161,Owner,Mobile (manufactured) home,584,217,22.588166715243368,Medium
51161,Owner,Other,20,35,106.38297872340425,Low
51161,Owner,Single-family (attached),1421,268,11.465019924750111,High
51161,Owner,Single-family (detached),27285,725,1.6152812288168399,High
51161,Owner,Small-scale multifamily,459,197.9065436007612,26.210877830192665,Medium
51161,Renter,Large-scale multifamily,755,221,17.794239014472918,Medium
51161,Renter,Medium-scale multifamily,846,357,25.652633167345705,Medium
51161,Renter,Mobile (manufactured) home,133,101,46.16404232465662,Low
51161,Renter,Other,0,31,Inf,Low
51161,Renter,Single-family (attached),635,242,23.16731685135103,Medium
51161,Renter,Single-family (detached),2407,377,9.521368147361482,High
51161,Renter,Small-scale multifamily,4536,562.6961880091245,7.541105643325191,High
51163,Owner,Large-scale multifamily,0,25,Inf,Low
51163,Owner,Medium-scale multifamily,11,19,105.00138159712628,Low
51163,Owner,Mobile (manufactured) home,714,227,19.32687968804543,Medium
51163,Owner,Other,0,25,Inf,Low
51163,Owner,Single-family (attached),34,30,53.63847666726266,Low
51163,Owner,Single-family (detached),6729,356,3.2161297943257896,High
51163,Owner,Small-scale multifamily,4,44.034077712607996,669.2109074864437,Low
51163,Renter,Large-scale multifamily,19,18,57.5907854743241,Low
51163,Renter,Medium-scale multifamily,92,58,38.32430289414563,Low
51163,Renter,Mobile (manufactured) home,296,188,38.61003861003861,Low
51163,Renter,Other,0,25,Inf,Low
51163,Renter,Single-family (attached),172,116,40.99809146815579,Low
51163,Renter,Single-family (detached),1038,248,14.524073065457891,High
51163,Renter,Small-scale multifamily,443,193.94071259021402,26.613338537357755,Medium
51165,Owner,Large-scale multifamily,0,31,Inf,Low
51165,Owner,Medium-scale multifamily,18,31,104.69436001350896,Low
51165,Owner,Mobile (manufactured) home,2063,303,8.928479344419776,High
51165,Owner,Other,0,31,Inf,Low
51165,Owner,Single-family (attached),1605,275,10.415778958232726,High
51165,Owner,Single-family (detached),20327,537,1.605961376479365,High
51165,Owner,Small-scale multifamily,80,60.41522986797286,45.9082293829581,Low
51165,Renter,Large-scale multifamily,420,198,28.658271819366043,Medium
51165,Renter,Medium-scale multifamily,166,99,36.25444025341488,Low
51165,Renter,Mobile (manufactured) home,768,194,15.355876393110435,Medium
51165,Renter,Other,0,31,Inf,Low
51165,Renter,Single-family (attached),1277,289,13.757548204973185,High
51165,Renter,Single-family (detached),3186,352,6.716313964781328,High
51165,Renter,Small-scale multifamily,2138,342.22361110829274,9.73052709853804,High
51167,Owner,Large-scale multifamily,0,25,Inf,Low
51167,Owner,Medium-scale multifamily,0,25,Inf,Low
51167,Owner,Mobile (manufactured) home,1513,243,9.763408112468031,High
51167,Owner,Other,0,25,Inf,Low
51167,Owner,Single-family (attached),136,96,42.91078133381012,Low
51167,Owner,Single-family (detached),6287,384,3.712973603561747,High
51167,Owner,Small-scale multifamily,0,25,Inf,Low
51167,Renter,Large-scale multifamily,0,25,Inf,Low
51167,Renter,Medium-scale multifamily,82,72,53.37682556156869,Low
51167,Renter,Mobile (manufactured) home,574,174,18.427713586732047,Medium
51167,Renter,Other,0,25,Inf,Low
51167,Renter,Single-family (attached),29,30,62.88648988575621,Low
51167,Renter,Single-family (detached),1443,290,12.217033493629238,High
51167,Renter,Small-scale multifamily,406,151.1853167473614,22.636937839304267,Medium
51169,Owner,Large-scale multifamily,0,25,Inf,Low
51169,Owner,Medium-scale multifamily,0,25,Inf,Low
51169,Owner,Mobile (manufactured) home,1369,181,8.0372823328545,High
51169,Owner,Other,0,25,Inf,Low
51169,Owner,Single-family (attached),117,94,48.84004884004884,Low
51169,Owner,Single-family (detached),5517,279,3.074222643137294,High
51169,Owner,Small-scale multifamily,8,36.359317925395686,276.28661037534715,Low
51169,Renter,Large-scale multifamily,9,13,87.8081729145559,Low
51169,Renter,Medium-scale multifamily,57,38,40.52684903748733,Low
51169,Renter,Mobile (manufactured) home,367,107,17.72359474255236,Medium
51169,Renter,Other,8,12,91.1854103343465,Low
51169,Renter,Single-family (attached),54,48,54.035798716649786,Low
51169,Renter,Single-family (detached),1168,207,10.773618686763543,High
51169,Renter,Small-scale multifamily,277,99.10095862301232,21.748643986922918,Medium
51171,Owner,Large-scale multifamily,26,33,77.15688566752395,Low
51171,Owner,Medium-scale multifamily,25,28,68.08510638297872,Low
51171,Owner,Mobile (manufactured) home,420,141,20.40816326530612,Medium
51171,Owner,Other,6,10,101.31712259371832,Low
51171,Owner,Single-family (attached),988,192,11.813494456271611,High
51171,Owner,Single-family (detached),11126,483,2.639016908831527,High
51171,Owner,Small-scale multifamily,286,206.31286920597077,43.852502647558985,Low
51171,Renter,Large-scale multifamily,139,72,31.488487021932603,Low
51171,Renter,Medium-scale multifamily,193,129,40.631840874372024,Low
51171,Renter,Mobile (manufactured) home,250,113,27.47720364741641,Medium
51171,Renter,Other,0,28,Inf,Low
51171,Renter,Single-family (attached),325,149,27.870002338087446,Medium
51171,Renter,Single-family (detached),2272,336,8.990110878034162,High
51171,Renter,Small-scale multifamily,1726,307.3288141388633,10.824219399312616,High
51173,Owner,Large-scale multifamily,0,25,Inf,Low
51173,Owner,Medium-scale multifamily,0,25,Inf,Low
51173,Owner,Mobile (manufactured) home,1328,252,11.535503716995644,High
51173,Owner,Other,0,25,Inf,Low
51173,Owner,Single-family (attached),85,55,39.33488288932594,Low
51173,Owner,Single-family (detached),7457,353,2.8776943228308363,High
51173,Owner,Small-scale multifamily,10,46.51881339845203,282.7891392003163,Low
51173,Renter,Large-scale multifamily,19,19,60.790273556231,Low
51173,Renter,Medium-scale multifamily,89,68,46.44650114408661,Low
51173,Renter,Mobile (manufactured) home,711,184,15.73194139851829,Medium
51173,Renter,Other,0,25,Inf,Low
51173,Renter,Single-family (attached),6,8,81.05369807497466,Low
51173,Renter,Single-family (detached),1622,276,10.344090938051636,High
51173,Renter,Small-scale multifamily,1203,228.41409763847764,11.54227388158164,High
51175,Owner,Large-scale multifamily,0,21,Inf,Low
51175,Owner,Medium-scale multifamily,0,21,Inf,Low
51175,Owner,Mobile (manufactured) home,661,155,14.254905296846907,High
51175,Owner,Other,0,21,Inf,Low
51175,Owner,Single-family (attached),4,7,106.38297872340425,Low
51175,Owner,Single-family (detached),4481,310,4.205531087353629,High
51175,Owner,Small-scale multifamily,6,37.72267222772003,382.1952606658565,Low
51175,Renter,Large-scale multifamily,0,21,Inf,Low
51175,Renter,Medium-scale multifamily,4,6,91.1854103343465,Low
51175,Renter,Mobile (manufactured) home,444,180,24.644705495769326,Medium
51175,Renter,Other,0,21,Inf,Low
51175,Renter,Single-family (attached),26,30,70.1426233341127,Low
51175,Renter,Single-family (detached),971,213,13.335044559708756,High
51175,Renter,Small-scale multifamily,290,98.11218069128827,20.566435529040618,Medium
51177,Owner,Large-scale multifamily,4,7,106.38297872340425,Low
51177,Owner,Medium-scale multifamily,14,15,65.13243595310465,Low
51177,Owner,Mobile (manufactured) home,1492,303,12.345477806660854,High
51177,Owner,Other,51,54,64.36617200071518,Low
51177,Owner,Single-family (attached),3343,362,6.58273378024398,High
51177,Owner,Single-family (detached),35798,861,1.4621047413798227,High
51177,Owner,Small-scale multifamily,148,78.70196947980399,32.32644766277992,Low
51177,Renter,Large-scale multifamily,1145,216,11.467859465629605,High
51177,Renter,Medium-scale multifamily,770,195,15.394939407097464,Medium
51177,Renter,Mobile (manufactured) home,419,172,24.954479836925376,Medium
51177,Renter,Other,0,31,Inf,Low
51177,Renter,Single-family (attached),1722,335,11.826214658151791,High
51177,Renter,Single-family (detached),3948,576,8.869097661699357,High
51177,Renter,Small-scale multifamily,2435,410.73957686105683,10.254197633574625,High
51179,Owner,Large-scale multifamily,99,91,55.87792821835376,Low
51179,Owner,Medium-scale multifamily,0,31,Inf,Low
51179,Owner,Mobile (manufactured) home,903,253,17.032047851302817,Medium
51179,Owner,Other,0,31,Inf,Low
51179,Owner,Single-family (attached),4682,451,5.855705547599356,High
51179,Owner,Single-family (detached),35559,720,1.230883797645781,High
51179,Owner,Small-scale multifamily,229,123.03251602726817,32.66017600702623,Low
51179,Renter,Large-scale multifamily,630,243,23.44767694311767,Medium
51179,Renter,Medium-scale multifamily,475,237,30.33114701647736,Low
51179,Renter,Mobile (manufactured) home,337,258,46.53973465135786,Low
51179,Renter,Other,43,43,60.790273556231,Low
51179,Renter,Single-family (attached),2374,398,10.191461194347069,High
51179,Renter,Single-family (detached),3287,437,8.081943883198342,High
51179,Renter,Small-scale multifamily,2691,396.513555884285,8.957327213288583,High
51181,Owner,Large-scale multifamily,0,19,Inf,Low
51181,Owner,Medium-scale multifamily,0,19,Inf,Low
51181,Owner,Mobile (manufactured) home,304,103,20.596704527275637,Medium
51181,Owner,Other,0,19,Inf,Low
51181,Owner,Single-family (attached),9,12,81.05369807497466,Low
51181,Owner,Single-family (detached),1897,154,4.935003757332406,High
51181,Owner,Small-scale multifamily,0,19,Inf,Low
51181,Renter,Large-scale multifamily,7,12,104.21189752496744,Low
51181,Renter,Medium-scale multifamily,0,19,Inf,Low
51181,Renter,Mobile (manufactured) home,51,35,41.71881518564873,Low
51181,Renter,Other,0,19,Inf,Low
51181,Renter,Single-family (attached),0,19,Inf,Low
51181,Renter,Single-family (detached),328,112,20.75765438505449,Medium
51181,Renter,Small-scale multifamily,159,86.64871608973787,33.128296568499124,Low
51183,Owner,Large-scale multifamily,3,5,101.31712259371832,Low
51183,Owner,Medium-scale multifamily,0,21,Inf,Low
51183,Owner,Mobile (manufactured) home,401,109,16.524039445459298,Medium
51183,Owner,Other,0,21,Inf,Low
51183,Owner,Single-family (attached),2,3,91.1854103343465,Low
51183,Owner,Single-family (detached),2160,219,6.163458291117865,High
51183,Owner,Small-scale multifamily,1,36.42801120017397,2214.468765968022,Low
51183,Renter,Large-scale multifamily,6,9,91.1854103343465,Low
51183,Renter,Medium-scale multifamily,5,8,97.2644376899696,Low
51183,Renter,Mobile (manufactured) home,192,102,32.29483282674772,Low
51183,Renter,Other,0,21,Inf,Low
51183,Renter,Single-family (attached),9,13,87.8081729145559,Low
51183,Renter,Single-family (detached),657,168,15.544544836296511,Medium
51183,Renter,Small-scale multifamily,269,105.81115253129039,23.911854675380027,Medium
51185,Owner,Large-scale multifamily,4,6,91.1854103343465,Low
51185,Owner,Medium-scale multifamily,0,28,Inf,Low
51185,Owner,Mobile (manufactured) home,2076,325,9.516781746519785,High
51185,Owner,Other,0,28,Inf,Low
51185,Owner,Single-family (attached),134,61,27.673184230821573,Medium
51185,Owner,Single-family (detached),9398,468,3.027223667196862,High
51185,Owner,Small-scale multifamily,40,66.15889962809237,100.54544016427411,Low
51185,Renter,Large-scale multifamily,56,46,49.93486756404689,Low
51185,Renter,Medium-scale multifamily,66,49,45.13217279174726,Low
51185,Renter,Mobile (manufactured) home,1007,222,13.401629324213788,High
51185,Renter,Other,0,28,Inf,Low
51185,Renter,Single-family (attached),54,45,50.658561296859176,Low
51185,Renter,Single-family (detached),1962,320,9.91482545259629,High
51185,Renter,Small-scale multifamily,1154,292.9436805940691,15.431652062289968,Medium
51187,Owner,Large-scale multifamily,5,10,121.580547112462,Low
51187,Owner,Medium-scale multifamily,0,28,Inf,Low
51187,Owner,Mobile (manufactured) home,126,77,37.14961161769673,Low
51187,Owner,Other,0,28,Inf,Low
51187,Owner,Single-family (attached),392,146,22.64127535512685,Medium
51187,Owner,Single-family (detached),11144,438,2.3892803138576073,High
51187,Owner,Small-scale multifamily,32,74.08103670980854,140.73145271620163,Low
51187,Renter,Large-scale multifamily,59,58,59.75992993663386,Low
51187,Renter,Medium-scale multifamily,59,66,68.00267889341094,Low
51187,Renter,Mobile (manufactured) home,76,75,59.99040153575428,Low
51187,Renter,Other,0,28,Inf,Low
51187,Renter,Single-family (attached),451,182,24.531773364155306,Medium
51187,Renter,Single-family (detached),1849,366,12.033120671487586,High
51187,Renter,Small-scale multifamily,1164,239.10457962991842,12.487313405713367,High
51191,Owner,Large-scale multifamily,7,11,95.52757273122016,Low
51191,Owner,Medium-scale multifamily,0,31,Inf,Low
51191,Owner,Mobile (manufactured) home,1737,257,8.994300693121108,High
51191,Owner,Other,0,31,Inf,Low
51191,Owner,Single-family (attached),631,215,20.71300921488061,Medium
51191,Owner,Single-family (detached),14257,452,1.9272780842685286,High
51191,Owner,Small-scale multifamily,138,81.77407902263406,36.02223647532446,Low
51191,Renter,Large-scale multifamily,50,56,68.08510638297872,Low
51191,Renter,Medium-scale multifamily,149,64,26.111258440260293,Medium
51191,Renter,Mobile (manufactured) home,733,231,19.157644190299266,Medium
51191,Renter,Other,10,14,85.1063829787234,Low
51191,Renter,Single-family (attached),344,155,27.390966282604083,Medium
51191,Renter,Single-family (detached),1987,337,10.310177246326042,High
51191,Renter,Small-scale multifamily,2075,339.6454033252916,9.950427460366692,High
51193,Owner,Large-scale multifamily,0,21,Inf,Low
51193,Owner,Medium-scale multifamily,0,21,Inf,Low
51193,Owner,Mobile (manufactured) home,394,181,27.92649622760866,Medium
51193,Owner,Other,29,36,75.46378786290745,Low
51193,Owner,Single-family (attached),88,63,43.52030947775629,Low
51193,Owner,Single-family (detached),5828,442,4.610381076158906,High
51193,Owner,Small-scale multifamily,9,39.344631145812,265.7523211469909,Low
51193,Renter,Large-scale multifamily,3,5,101.31712259371832,Low
51193,Renter,Medium-scale multifamily,2,3,91.1854103343465,Low
51193,Renter,Mobile (manufactured) home,323,196,36.88821553257361,Low
51193,Renter,Other,0,21,Inf,Low
51193,Renter,Single-family (attached),51,66,78.66976577865188,Low
51193,Renter,Single-family (detached),1050,235,13.60544217687075,High
51193,Renter,Small-scale multifamily,252,149.05368160498418,35.95640507670772,Low
51195,Owner,Large-scale multifamily,0,28,Inf,Low
51195,Owner,Medium-scale multifamily,0,28,Inf,Low
51195,Owner,Mobile (manufactured) home,2638,363,8.364999734993122,High
51195,Owner,Other,3,4,81.05369807497466,Low
51195,Owner,Single-family (attached),56,40,43.42162396873643,Low
51195,Owner,Single-family (detached),7707,451,3.5573392206903054,High
51195,Owner,Small-scale multifamily,15,42.532340636273474,172.37017481772432,Low
51195,Renter,Large-scale multifamily,81,70,52.53480430785395,Low
51195,Renter,Medium-scale multifamily,107,75,42.61000482913388,Low
51195,Renter,Mobile (manufactured) home,944,246,15.841533151305962,Medium
51195,Renter,Other,0,28,Inf,Low
51195,Renter,Single-family (attached),34,35,62.57822277847309,Low
51195,Renter,Single-family (detached),1680,330,11.940946591402518,High
51195,Renter,Small-scale multifamily,790,218.80356487041064,16.83687159943139,Medium
51197,Owner,Large-scale multifamily,0,25,Inf,Low
51197,Owner,Medium-scale multifamily,0,25,Inf,Low
51197,Owner,Mobile (manufactured) home,1813,343,11.500862564692351,High
51197,Owner,Other,0,25,Inf,Low
51197,Owner,Single-family (attached),71,50,42.810051800162675,Low
51197,Owner,Single-family (detached),7595,433,3.465725931513894,High
51197,Owner,Small-scale multifamily,14,48.12483766206386,208.96586045186217,Low
51197,Renter,Large-scale multifamily,61,63,62.78339727938612,Low
51197,Renter,Medium-scale multifamily,96,98,62.056737588652474,Low
51197,Renter,Mobile (manufactured) home,356,127,21.686417813599263,Medium
51197,Renter,Other,0,25,Inf,Low
51197,Renter,Single-family (attached),128,91,43.21808510638298,Low
51197,Renter,Single-family (detached),1166,273,14.233057187693879,High
51197,Renter,Small-scale multifamily,1096,282.5632672517785,15.672534957279218,Medium
51199,Owner,Large-scale multifamily,0,31,Inf,Low
51199,Owner,Medium-scale multifamily,0,31,Inf,Low
51199,Owner,Mobile (manufactured) home,160,156,59.27051671732523,Low
51199,Owner,Other,33,41,75.52730956986277,Low
51199,Owner,Single-family (attached),2109,291,8.387847133647806,High
51199,Owner,Single-family (detached),16065,438,1.657400548872031,High
51199,Owner,Small-scale multifamily,457,163.56344334844508,21.75725703490387,Medium
51199,Renter,Large-scale multifamily,754,224,18.059709915909476,Medium
51199,Renter,Medium-scale multifamily,212,129,36.99030796581981,Low
51199,Renter,Mobile (manufactured) home,25,29,70.51671732522796,Low
51199,Renter,Other,0,31,Inf,Low
51199,Renter,Single-family (attached),1368,260,11.553706962441565,High
51199,Renter,Single-family (detached),2446,299,7.431026898329137,High
51199,Renter,Small-scale multifamily,2816,378.97229450185404,8.1810473909802,High
51510,Owner,Large-scale multifamily,5883,627,6.478922576875207,High
51510,Owner,Medium-scale multifamily,1312,221,10.239825042627327,High
51510,Owner,Mobile (manufactured) home,27,23,51.78430710345604,Low
51510,Owner,Other,9,11,74.29922323539346,Low
51510,Owner,Single-family (attached),11384,576,3.075825506710212,High
51510,Owner,Single-family (detached),9227,482,3.175562138734512,High
51510,Owner,Small-scale multifamily,3832,498.7945468827822,7.912801918935443,High
51510,Renter,Large-scale multifamily,21138,748,2.151155483965408,High
51510,Renter,Medium-scale multifamily,2829,389,8.358931217169975,High
51510,Renter,Mobile (manufactured) home,26,29,67.80453588964227,Low
51510,Renter,Other,0,31,Inf,Low
51510,Renter,Single-family (attached),4449,463,6.3263422469172745,High
51510,Renter,Single-family (detached),1702,341,12.179484889938175,High
51510,Renter,Small-scale multifamily,13531,973.5245246012039,4.373721244860463,High
51520,Owner,Large-scale multifamily,0,21,Inf,Low
51520,Owner,Medium-scale multifamily,46,70,92.50693802035153,Low
51520,Owner,Mobile (manufactured) home,48,39,49.39209726443769,Low
51520,Owner,Other,0,21,Inf,Low
51520,Owner,Single-family (attached),326,145,27.03861860629907,Medium
51520,Owner,Single-family (detached),4126,335,4.935710528680898,High
51520,Owner,Small-scale multifamily,81,62.12889826803627,46.62756446248359,Low
51520,Renter,Large-scale multifamily,214,117,33.23580376672443,Low
51520,Renter,Medium-scale multifamily,181,86,28.883776385833514,Medium
51520,Renter,Mobile (manufactured) home,32,32,60.790273556231,Low
51520,Renter,Other,0,21,Inf,Low
51520,Renter,Single-family (attached),108,70,39.40110323089046,Low
51520,Renter,Single-family (detached),644,188,17.74622892635315,Medium
51520,Renter,Small-scale multifamily,1521,316.4964454776704,12.649510519501863,High
51530,Owner,Large-scale multifamily,0,19,Inf,Low
51530,Owner,Medium-scale multifamily,0,19,Inf,Low
51530,Owner,Mobile (manufactured) home,110,91,50.29013539651837,Low
51530,Owner,Other,0,19,Inf,Low
51530,Owner,Single-family (attached),22,33,91.1854103343465,Low
51530,Owner,Single-family (detached),1361,244,10.898476669890055,High
51530,Owner,Small-scale multifamily,0,19,Inf,Low
51530,Renter,Large-scale multifamily,23,31,81.93471653231136,Low
51530,Renter,Medium-scale multifamily,37,50,82.14901831923108,Low
51530,Renter,Mobile (manufactured) home,23,30,79.29166116030132,Low
51530,Renter,Other,0,19,Inf,Low
51530,Renter,Single-family (attached),44,54,74.60624481901078,Low
51530,Renter,Single-family (detached),826,248,18.251801261434974,Medium
51530,Renter,Small-scale multifamily,165,97.90301323248433,36.0700057962547,Low
51540,Owner,Large-scale multifamily,33,25,46.05323754259924,Low
51540,Owner,Medium-scale multifamily,172,95,33.57602318512759,Low
51540,Owner,Mobile (manufactured) home,40,54,82.06686930091186,Low
51540,Owner,Other,0,28,Inf,Low
51540,Owner,Single-family (attached),939,240,15.537450110218787,Medium
51540,Owner,Single-family (detached),7144,382,3.250543742788388,High
51540,Owner,Small-scale multifamily,286,106.76609948855489,22.693497882660928,Medium
51540,Renter,Large-scale multifamily,1481,262,10.754255011298126,High
51540,Renter,Medium-scale multifamily,1017,215,12.851434429291707,High
51540,Renter,Mobile (manufactured) home,107,78,44.31440502229923,Low
51540,Renter,Other,0,28,Inf,Low
51540,Renter,Single-family (attached),764,175,13.924473654895845,High
51540,Renter,Single-family (detached),2320,364,9.537784299339693,High
51540,Renter,Small-scale multifamily,5396,594.2751887804168,6.6949872671687105,High
51550,Owner,Large-scale multifamily,44,54,74.60624481901078,Low
51550,Owner,Medium-scale multifamily,182,136,45.42569892113965,Low
51550,Owner,Mobile (manufactured) home,931,255,16.650397160944046,Medium
51550,Owner,Other,5,11,133.7386018237082,Low
51550,Owner,Single-family (attached),8915,810,5.523289016326092,High
51550,Owner,Single-family (detached),57097,1096,1.1668938791465255,High
51550,Owner,Small-scale multifamily,966,236.4698712309879,14.8810229398949,High
51550,Renter,Large-scale multifamily,2145,390,11.052777010223819,High
51550,Renter,Medium-scale multifamily,1640,391,14.493290829564831,High
51550,Renter,Mobile (manufactured) home,424,211,30.251763491426274,Low
51550,Renter,Other,0,31,Inf,Low
51550,Renter,Single-family (attached),3543,597,10.243238304563903,High
51550,Renter,Single-family (detached),5780,672,7.067658102039314,High
51550,Renter,Small-scale multifamily,10689,1007.0243293982525,5.727129241453817,High
51570,Owner,Large-scale multifamily,0,21,Inf,Low
51570,Owner,Medium-scale multifamily,0,21,Inf,Low
51570,Owner,Mobile (manufactured) home,0,21,Inf,Low
51570,Owner,Other,0,21,Inf,Low
51570,Owner,Single-family (attached),155,111,43.53367977252672,Low
51570,Owner,Single-family (detached),4963,295,3.613365041121931,High
51570,Owner,Small-scale multifamily,18,36.9729630946723,124.8664744838646,Low
51570,Renter,Large-scale multifamily,104,67,39.16296469487959,Low
51570,Renter,Medium-scale multifamily,78,65,50.658561296859176,Low
51570,Renter,Mobile (manufactured) home,11,18,99.47499309201436,Low
51570,Renter,Other,8,12,91.1854103343465,Low
51570,Renter,Single-family (attached),133,93,42.507484516763036,Low
51570,Renter,Single-family (detached),1071,242,13.735990850240807,High
51570,Renter,Small-scale multifamily,1004,272.4499954120022,16.496324453674795,Medium
51580,Owner,Large-scale multifamily,0,19,Inf,Low
51580,Owner,Medium-scale multifamily,0,19,Inf,Low
51580,Owner,Mobile (manufactured) home,143,84,35.708971879184645,Low
51580,Owner,Other,38,57,91.1854103343465,Low
51580,Owner,Single-family (attached),12,21,106.38297872340425,Low
51580,Owner,Single-family (detached),1576,159,6.133028867665438,High
51580,Owner,Small-scale multifamily,12,39.03844259188627,197.76313369749883,Low
51580,Renter,Large-scale multifamily,11,18,99.47499309201436,Low
51580,Renter,Medium-scale multifamily,16,22,83.58662613981764,Low
51580,Renter,Mobile (manufactured) home,8,13,98.78419452887537,Low
51580,Renter,Other,0,19,Inf,Low
51580,Renter,Single-family (attached),0,19,Inf,Low
51580,Renter,Single-family (detached),532,146,16.683044998514525,Medium
51580,Renter,Small-scale multifamily,145,77.9615289742319,32.68484602210749,Low
51590,Owner,Large-scale multifamily,0,28,Inf,Low
51590,Owner,Medium-scale multifamily,0,28,Inf,Low
51590,Owner,Mobile (manufactured) home,278,100,21.867004876342087,Medium
51590,Owner,Other,0,28,Inf,Low
51590,Owner,Single-family (attached),144,87,36.72745694022289,Low
51590,Owner,Single-family (detached),8621,513,3.6173773731987593,High
51590,Owner,Small-scale multifamily,94,55.58776843874919,35.94888989119136,Low
51590,Renter,Large-scale multifamily,591,154,15.840443532418908,Medium
51590,Renter,Medium-scale multifamily,606,193,19.360598673849147,Medium
51590,Renter,Mobile (manufactured) home,332,120,21.972388032372653,Medium
51590,Renter,Other,0,28,Inf,Low
51590,Renter,Single-family (attached),220,102,28.18458137607074,Medium
51590,Renter,Single-family (detached),4112,449,6.637848450084563,High
51590,Renter,Small-scale multifamily,3634,467.14986888577846,7.814575762609774,High
51595,Owner,Large-scale multifamily,0,19,Inf,Low
51595,Owner,Medium-scale multifamily,0,19,Inf,Low
51595,Owner,Mobile (manufactured) home,29,45,94.32973482863432,Low
51595,Owner,Other,0,19,Inf,Low
51595,Owner,Single-family (attached),0,19,Inf,Low
51595,Owner,Single-family (detached),821,183,13.550085335919942,High
51595,Owner,Small-scale multifamily,2,33.8673884437522,1029.4039040654163,Low
51595,Renter,Large-scale multifamily,8,13,98.78419452887537,Low
51595,Renter,Medium-scale multifamily,9,13,87.8081729145559,Low
51595,Renter,Mobile (manufactured) home,67,64,58.068321008937076,Low
51595,Renter,Other,0,19,Inf,Low
51595,Renter,Single-family (attached),11,20,110.52777010223818,Low
51595,Renter,Single-family (detached),854,171,12.172291309268738,High
51595,Renter,Small-scale multifamily,418,156.377747777617,22.742215467724,Medium
51600,Owner,Large-scale multifamily,203,93,27.849731235120608,Medium
51600,Owner,Medium-scale multifamily,67,54,48.99514585129066,Low
51600,Owner,Mobile (manufactured) home,0,25,Inf,Low
51600,Owner,Other,0,25,Inf,Low
51600,Owner,Single-family (attached),1135,165,8.837352543416841,High
51600,Owner,Single-family (detached),4517,277,3.727895898843478,High
51600,Owner,Small-scale multifamily,428,137.85862323409444,19.580522005808373,Medium
51600,Renter,Large-scale multifamily,291,113,23.60584505791788,Medium
51600,Renter,Medium-scale multifamily,48,53,67.1225937183384,Low
51600,Renter,Mobile (manufactured) home,0,25,Inf,Low
51600,Renter,Other,0,25,Inf,Low
51600,Renter,Single-family (attached),443,143,19.623045414313843,Medium
51600,Renter,Single-family (detached),411,178,26.327661053550166,Medium
51600,Renter,Small-scale multifamily,1615,312.96006134968724,11.78014101648441,High
51610,Owner,Large-scale multifamily,525,135,15.631784628745113,Medium
51610,Owner,Medium-scale multifamily,0,21,Inf,Low
51610,Owner,Mobile (manufactured) home,6,9,91.1854103343465,Low
51610,Owner,Other,0,21,Inf,Low
51610,Owner,Single-family (attached),531,111,12.707571308364674,High
51610,Owner,Single-family (detached),1864,240,7.827073848441761,High
51610,Owner,Small-scale multifamily,113,81.65169930871004,43.925921569093816,Low
51610,Renter,Large-scale multifamily,1936,235,7.378984651711924,High
51610,Renter,Medium-scale multifamily,105,84,48.632218844984806,Low
51610,Renter,Mobile (manufactured) home,0,21,Inf,Low
51610,Renter,Other,0,21,Inf,Low
51610,Renter,Single-family (attached),102,63,37.54693366708386,Low
51610,Renter,Single-family (detached),306,126,25.03128911138924,Medium
51610,Renter,Small-scale multifamily,565,183.04644219432402,19.694589901748287,Medium
51620,Owner,Large-scale multifamily,0,19,Inf,Low
51620,Owner,Medium-scale multifamily,0,19,Inf,Low
51620,Owner,Mobile (manufactured) home,6,10,101.31712259371832,Low
51620,Owner,Other,0,19,Inf,Low
51620,Owner,Single-family (attached),20,32,97.2644376899696,Low
51620,Owner,Single-family (detached),1783,216,7.364385355101456,High
51620,Owner,Small-scale multifamily,0,19,Inf,Low
51620,Renter,Large-scale multifamily,91,57,38.07742409566118,Low
51620,Renter,Medium-scale multifamily,4,10,151.9756838905775,Low
51620,Renter,Mobile (manufactured) home,0,19,Inf,Low
51620,Renter,Other,0,19,Inf,Low
51620,Renter,Single-family (attached),60,55,55.72441742654508,Low
51620,Renter,Single-family (detached),677,197,17.6893410495975,Medium
51620,Renter,Small-scale multifamily,747,247.24684022247888,20.12075375239388,Medium
51630,Owner,Large-scale multifamily,33,49,90.26434558349452,Low
51630,Owner,Medium-scale multifamily,61,44,43.84872190941253,Low
51630,Owner,Mobile (manufactured) home,18,33,111.44883485309016,Low
51630,Owner,Other,5,8,97.2644376899696,Low
51630,Owner,Single-family (attached),708,217,18.632047121048203,Medium
51630,Owner,Single-family (detached),3894,276,4.308709681951658,High
51630,Owner,Small-scale multifamily,37,42,69.0051753881541,Low
51630,Renter,Large-scale multifamily,529,142,16.317994035888095,Medium
51630,Renter,Medium-scale multifamily,846,231,16.598762637694282,Medium
51630,Renter,Mobile (manufactured) home,0,25,Inf,Low
51630,Renter,Other,0,25,Inf,Low
51630,Renter,Single-family (attached),768,279,22.083966565349545,Medium
51630,Renter,Single-family (detached),866,201,14.109520767670244,High
51630,Renter,Small-scale multifamily,3678,538.02416302616,8.892505723279633,High
51640,Owner,Large-scale multifamily,4,9,136.77811550151975,Low
51640,Owner,Medium-scale multifamily,0,19,Inf,Low
51640,Owner,Mobile (manufactured) home,173,102,35.84166417766221,Low
51640,Owner,Other,0,19,Inf,Low
51640,Owner,Single-family (attached),18,32,108.07159743329954,Low
51640,Owner,Single-family (detached),1487,233,9.525308499395981,High
51640,Owner,Small-scale multifamily,0,19,Inf,Low
51640,Renter,Large-scale multifamily,11,22,121.580547112462,Low
51640,Renter,Medium-scale multifamily,63,73,70.43952332706131,Low
51640,Renter,Mobile (manufactured) home,82,50,37.06723997331159,Low
51640,Renter,Other,0,19,Inf,Low
51640,Renter,Single-family (attached),7,16,138.9491966999566,Low
51640,Renter,Single-family (detached),435,152,21.241658805855433,Medium
51640,Renter,Small-scale multifamily,449,150.2897202073382,20.347779964573512,Medium
51650,Owner,Large-scale multifamily,49,48,59.54965572855282,Low
51650,Owner,Medium-scale multifamily,9,16,108.07159743329954,Low
51650,Owner,Mobile (manufactured) home,309,111,21.83728273379172,Medium
51650,Owner,Other,0,31,Inf,Low
51650,Owner,Single-family (attached),2141,395,11.215393766796472,High
51650,Owner,Single-family (detached),29206,1077,2.241701178527042,High
51650,Owner,Small-scale multifamily,404,146.6287829861518,22.06337581422128,Medium
51650,Renter,Large-scale multifamily,2315,406,10.66127475759386,High
51650,Renter,Medium-scale multifamily,1266,285,13.685014189198922,High
51650,Renter,Mobile (manufactured) home,420,163,23.592415689680127,Medium
51650,Renter,Other,6,10,101.31712259371832,Low
51650,Renter,Single-family (attached),2027,369,11.066408950295628,High
51650,Renter,Single-family (detached),7923,774,5.938618166417114,High
51650,Renter,Small-scale multifamily,11665,1038.9927814956175,5.414543970001538,High
51660,Owner,Large-scale multifamily,23,27,71.36249504427118,Low
51660,Owner,Medium-scale multifamily,30,33,66.8693009118541,Low
51660,Owner,Mobile (manufactured) home,218,108,30.116282312261234,Low
51660,Owner,Other,0,31,Inf,Low
51660,Owner,Single-family (attached),1340,276,12.520981717552058,High
51660,Owner,Single-family (detached),5200,408,4.769698386719663,High
51660,Owner,Small-scale multifamily,111,55.51576352712804,30.40376983330761,Low
51660,Renter,Large-scale multifamily,662,164,15.059826077374447,Medium
51660,Renter,Medium-scale multifamily,150,91,36.87943262411348,Low
51660,Renter,Mobile (manufactured) home,0,31,Inf,Low
51660,Renter,Other,0,31,Inf,Low
51660,Renter,Single-family (attached),2596,347,8.125664454550138,High
51660,Renter,Single-family (detached),1381,303,13.337764581852277,High
51660,Renter,Small-scale multifamily,5620,598.2499477643103,6.471134871813759,High
51670,Owner,Large-scale multifamily,56,50,54.27702996092053,Low
51670,Owner,Medium-scale multifamily,0,25,Inf,Low
51670,Owner,Mobile (manufactured) home,143,99,42.085574000467616,Low
51670,Owner,Other,0,25,Inf,Low
51670,Owner,Single-family (attached),128,90,42.743161094224924,Low
51670,Owner,Single-family (detached),4903,362,4.4882886043964145,High
51670,Owner,Small-scale multifamily,0,25,Inf,Low
51670,Renter,Large-scale multifamily,317,120,23.012090936112685,Medium
51670,Renter,Medium-scale multifamily,229,123,32.65154431186207,Low
51670,Renter,Mobile (manufactured) home,45,66,89.15906788247213,Low
51670,Renter,Other,0,25,Inf,Low
51670,Renter,Single-family (attached),395,250,38.47485668115886,Low
51670,Renter,Single-family (detached),1953,353,10.987694093880975,High
51670,Renter,Small-scale multifamily,1249,308.7102201094094,15.025283210612717,Medium
51678,Owner,Large-scale multifamily,0,19,Inf,Low
51678,Owner,Medium-scale multifamily,0,19,Inf,Low
51678,Owner,Mobile (manufactured) home,0,19,Inf,Low
51678,Owner,Other,0,19,Inf,Low
51678,Owner,Single-family (attached),13,22,102.87584755669863,Low
51678,Owner,Single-family (detached),1052,190,10.979231916049326,High
51678,Owner,Small-scale multifamily,0,19,Inf,Low
51678,Renter,Large-scale multifamily,0,19,Inf,Low
51678,Renter,Medium-scale multifamily,85,69,49.34739853388163,Low
51678,Renter,Mobile (manufactured) home,0,19,Inf,Low
51678,Renter,Other,0,19,Inf,Low
51678,Renter,Single-family (attached),59,74,76.24542785018804,Low
51678,Renter,Single-family (detached),238,105,26.819238333631322,Medium
51678,Renter,Small-scale multifamily,614,227.56537522215456,22.53055604508327,Medium
51680,Owner,Large-scale multifamily,26,32,74.81879822305353,Low
51680,Owner,Medium-scale multifamily,83,59,43.21236313033288,Low
51680,Owner,Mobile (manufactured) home,22,27,74.60624481901078,Low
51680,Owner,Other,0,31,Inf,Low
51680,Owner,Single-family (attached),819,174,12.915149693265196,High
51680,Owner,Single-family (detached),12739,614,2.929996700174726,High
51680,Owner,Small-scale multifamily,387,129.22074136917803,20.298098751863847,Medium
51680,Renter,Large-scale multifamily,1109,203,11.127525276749227,High
51680,Renter,Medium-scale multifamily,1345,238,10.756940599541247,High
51680,Renter,Mobile (manufactured) home,221,125,34.38363888927093,Low
51680,Renter,Other,0,31,Inf,Low
51680,Renter,Single-family (attached),1002,283,17.169308798815745,Medium
51680,Renter,Single-family (detached),3849,427,6.7439456504314474,High
51680,Renter,Small-scale multifamily,7085,762.043961986446,6.538441906990847,High
51683,Owner,Large-scale multifamily,81,64,48.03182108146647,Low
51683,Owner,Medium-scale multifamily,206,99,29.21474311682946,Medium
51683,Owner,Mobile (manufactured) home,66,50,46.05323754259924,Low
51683,Owner,Other,0,28,Inf,Low
51683,Owner,Single-family (attached),3562,474,8.089441231233435,High
51683,Owner,Single-family (detached),5599,403,4.375509955913751,High
51683,Owner,Small-scale multifamily,620,187.83503400590635,18.417005001069352,Medium
51683,Renter,Large-scale multifamily,405,143,21.46422004578033,Medium
51683,Renter,Medium-scale multifamily,289,149,31.341698131067197,Low
51683,Renter,Mobile (manufactured) home,125,88,42.796352583586625,Low
51683,Renter,Other,0,28,Inf,Low
51683,Renter,Single-family (attached),937,259,16.803287994731946,Medium
51683,Renter,Single-family (detached),590,246,25.34645304208954,Medium
51683,Renter,Small-scale multifamily,1561,309.3121400785944,12.045592318796281,High
51685,Owner,Large-scale multifamily,24,36,91.1854103343465,Low
51685,Owner,Medium-scale multifamily,65,56,52.373158756137485,Low
51685,Owner,Mobile (manufactured) home,0,21,Inf,Low
51685,Owner,Other,0,21,Inf,Low
51685,Owner,Single-family (attached),1105,239,13.148303511257204,High
51685,Owner,Single-family (detached),2217,192,5.2646515664394915,High
51685,Owner,Small-scale multifamily,79,65.4446330878247,50.359457572101654,Low
51685,Renter,Large-scale multifamily,366,168,27.90373212417161,Medium
51685,Renter,Medium-scale multifamily,179,116,39.39481414817204,Low
51685,Renter,Mobile (manufactured) home,0,21,Inf,Low
51685,Renter,Other,0,21,Inf,Low
51685,Renter,Single-family (attached),441,219,30.188367140169138,Low
51685,Renter,Single-family (detached),120,83,42.04660587639311,Low
51685,Renter,Small-scale multifamily,569,240.37470748812154,25.68092130791198,Medium
51690,Owner,Large-scale multifamily,9,14,94.56264775413712,Low
51690,Owner,Medium-scale multifamily,0,21,Inf,Low
51690,Owner,Mobile (manufactured) home,5,8,97.2644376899696,Low
51690,Owner,Other,0,21,Inf,Low
51690,Owner,Single-family (attached),48,51,64.58966565349544,Low
51690,Owner,Single-family (detached),3107,279,5.458798301315883,High
51690,Owner,Small-scale multifamily,15,35.6931365951495,144.6530358466038,Low
51690,Renter,Large-scale multifamily,188,107,34.59871952402509,Low
51690,Renter,Medium-scale multifamily,163,102,38.04053928058627,Low
51690,Renter,Mobile (manufactured) home,27,47,105.82010582010581,Low
51690,Renter,Other,0,21,Inf,Low
51690,Renter,Single-family (attached),75,53,42.958459979736574,Low
51690,Renter,Single-family (detached),1122,229,12.407283996770856,High
51690,Renter,Small-scale multifamily,860,243.53644491122884,17.21470593844835,Medium
51700,Owner,Large-scale multifamily,283,108,23.199114996724198,Medium
51700,Owner,Medium-scale multifamily,126,66,31.842524243740044,Low
51700,Owner,Mobile (manufactured) home,1250,264,12.838905775075988,High
51700,Owner,Other,30,39,79.0273556231003,Low
51700,Owner,Single-family (attached),3419,430,7.645457042754996,High
51700,Owner,Single-family (detached),30157,999,2.013777341336166,High
51700,Owner,Small-scale multifamily,1187,266.32686683847726,13.639497127619999,High
51700,Renter,Large-scale multifamily,4329,509,7.147666722134807,High
51700,Renter,Medium-scale multifamily,2415,381,9.590515207007872,High
51700,Renter,Mobile (manufactured) home,587,263,27.236528015824113,Medium
51700,Renter,Other,95,92,58.87058070708686,Low
51700,Renter,Single-family (attached),3686,681,11.231192699889666,High
51700,Renter,Single-family (detached),8450,773,5.56105106023273,High
51700,Renter,Small-scale multifamily,19784,1157.7292429579552,3.557353284647307,High
51710,Owner,Large-scale multifamily,507,166,19.90371875805591,Medium
51710,Owner,Medium-scale multifamily,408,130,19.369449907622624,Medium
51710,Owner,Mobile (manufactured) home,336,140,25.329280648429588,Medium
51710,Owner,Other,0,31,Inf,Low
51710,Owner,Single-family (attached),2317,444,11.649064073787901,High
51710,Owner,Single-family (detached),37625,955,1.5429823587030063,High
51710,Owner,Small-scale multifamily,1966,267.1815861918632,8.261465775071757,High
51710,Renter,Large-scale multifamily,6777,558,5.005308048454611,High
51710,Renter,Medium-scale multifamily,3853,583,9.198216839678865,High
51710,Renter,Mobile (manufactured) home,336,165,29.852366478506298,Medium
51710,Renter,Other,35,50,86.84324793747285,Low
51710,Renter,Single-family (attached),5196,491,5.744423463454469,High
51710,Renter,Single-family (detached),9393,840,5.436370678934743,High
51710,Renter,Small-scale multifamily,25708,1251.9281129521776,2.9603645736385147,High
51720,Owner,Large-scale multifamily,0,13,Inf,Low
51720,Owner,Medium-scale multifamily,0,13,Inf,Low
51720,Owner,Mobile (manufactured) home,124,72,35.29757819394058,Low
51720,Owner,Other,0,13,Inf,Low
51720,Owner,Single-family (attached),0,13,Inf,Low
51720,Owner,Single-family (detached),688,141,12.458471760797343,High
51720,Owner,Small-scale multifamily,0,13,Inf,Low
51720,Renter,Large-scale multifamily,82,80,59.30758395729854,Low
51720,Renter,Medium-scale multifamily,48,49,62.056737588652474,Low
51720,Renter,Mobile (manufactured) home,83,51,37.35305965503351,Low
51720,Renter,Other,0,13,Inf,Low
51720,Renter,Single-family (attached),8,17,129.1793313069909,Low
51720,Renter,Single-family (detached),222,131,35.871737999397574,Low
51720,Renter,Small-scale multifamily,298,143.65583872575453,29.304958839222888,Medium
51730,Owner,Large-scale multifamily,1,2,121.580547112462,Low
51730,Owner,Medium-scale multifamily,0,28,Inf,Low
51730,Owner,Mobile (manufactured) home,21,24,69.4745983499783,Low
51730,Owner,Other,0,28,Inf,Low
51730,Owner,Single-family (attached),119,78,39.84572552425225,Low
51730,Owner,Single-family (detached),5530,435,4.781875044658316,High
51730,Owner,Small-scale multifamily,11,43.508619835614184,240.44553653282225,Low
51730,Renter,Large-scale multifamily,1398,328,14.262667901604987,High
51730,Renter,Medium-scale multifamily,988,260,15.997440409534475,Medium
51730,Renter,Mobile (manufactured) home,295,183,37.71057647725517,Low
51730,Renter,Other,0,28,Inf,Low
51730,Renter,Single-family (attached),252,105,25.329280648429588,Medium
51730,Renter,Single-family (detached),2536,342,8.198057395990144,High
51730,Renter,Small-scale multifamily,3703,570.5725194924831,9.366799768732378,High
51735,Owner,Large-scale multifamily,0,21,Inf,Low
51735,Owner,Medium-scale multifamily,0,21,Inf,Low
51735,Owner,Mobile (manufactured) home,61,68,67.7662065872739,Low
51735,Owner,Other,0,21,Inf,Low
51735,Owner,Single-family (attached),109,53,29.558573380552687,Medium
51735,Owner,Single-family (detached),3797,211,3.378126868676519,High
51735,Owner,Small-scale multifamily,0,21,Inf,Low
51735,Renter,Large-scale multifamily,0,21,Inf,Low
51735,Renter,Medium-scale multifamily,0,21,Inf,Low
51735,Renter,Mobile (manufactured) home,0,21,Inf,Low
51735,Renter,Other,0,21,Inf,Low
51735,Renter,Single-family (attached),75,71,57.54812563323202,Low
51735,Renter,Single-family (detached),357,129,21.966233301831373,Medium
51735,Renter,Small-scale multifamily,258,147.87156589419075,34.841678069364704,Low
51740,Owner,Large-scale multifamily,104,72,42.08557400046761,Low
51740,Owner,Medium-scale multifamily,29,48,100.61838381720993,Low
51740,Owner,Mobile (manufactured) home,152,100,39.993601023836185,Low
51740,Owner,Other,10,16,97.2644376899696,Low
51740,Owner,Single-family (attached),1667,317,11.559998030788979,High
51740,Owner,Single-family (detached),20124,694,2.0964246595122398,High
51740,Owner,Small-scale multifamily,471,177.03671935505358,22.849491717816143,Medium
51740,Renter,Large-scale multifamily,1704,307,10.952238252208286,High
51740,Renter,Medium-scale multifamily,762,241,19.226320114241037,Medium
51740,Renter,Mobile (manufactured) home,108,87,48.96994258696386,Low
51740,Renter,Other,0,31,Inf,Low
51740,Renter,Single-family (attached),2049,376,11.15526737781496,High
51740,Renter,Single-family (detached),4466,476,6.479214109441549,High
51740,Renter,Small-scale multifamily,8032,699.2517429366909,5.292293916557863,High
51750,Owner,Large-scale multifamily,0,21,Inf,Low
51750,Owner,Medium-scale multifamily,0,21,Inf,Low
51750,Owner,Mobile (manufactured) home,31,31,60.790273556231,Low
51750,Owner,Other,0,21,Inf,Low
51750,Owner,Single-family (attached),99,65,39.91280587025268,Low
51750,Owner,Single-family (detached),2213,214,5.878499114791429,High
51750,Owner,Small-scale multifamily,4,37.242448899072144,565.9946641196375,Low
51750,Renter,Large-scale multifamily,31,28,54.90734385724091,Low
51750,Renter,Medium-scale multifamily,204,104,30.991119852196196,Low
51750,Renter,Mobile (manufactured) home,16,24,91.1854103343465,Low
51750,Renter,Other,29,47,98.52216748768473,Low
51750,Renter,Single-family (attached),102,72,42.910781333810114,Low
51750,Renter,Single-family (detached),881,188,12.972271769093563,High
51750,Renter,Small-scale multifamily,1890,279.6462050520264,8.99458693337278,High
51760,Owner,Large-scale multifamily,697,185,16.13515151779446,Medium
51760,Owner,Medium-scale multifamily,178,91,31.07817355964619,Low
51760,Owner,Mobile (manufactured) home,346,249,43.747913628617106,Low
51760,Owner,Other,0,31,Inf,Low
51760,Owner,Single-family (attached),4093,463,6.876593368320292,High
51760,Owner,Single-family (detached),37153,1294,2.117261431964119,High
51760,Owner,Small-scale multifamily,1919,299.0685540139585,9.47392350733454,High
51760,Renter,Large-scale multifamily,13408,1012,4.588287353737006,High
51760,Renter,Medium-scale multifamily,5440,669,7.475862685499732,High
51760,Renter,Mobile (manufactured) home,494,215,26.457305292691636,Medium
51760,Renter,Other,16,27,102.58358662613982,Low
51760,Renter,Single-family (attached),3560,559,9.545439021891328,High
51760,Renter,Single-family (detached),10498,831,4.812032513357589,High
51760,Renter,Small-scale multifamily,24343,1376.6851491898938,3.4379109731772726,High
51770,Owner,Large-scale multifamily,120,84,42.5531914893617,Low
51770,Owner,Medium-scale multifamily,217,111,31.095485551804803,Low
51770,Owner,Mobile (manufactured) home,259,131,30.747203999483634,Low
51770,Owner,Other,0,31,Inf,Low
51770,Owner,Single-family (attached),757,236,18.951789378164488,Medium
51770,Owner,Single-family (detached),20739,961,2.81688861022894,High
51770,Owner,Small-scale multifamily,360,131.78391404113023,22.253278291308717,Medium
51770,Renter,Large-scale multifamily,1742,274,9.561730743058149,High
51770,Renter,Medium-scale multifamily,1248,324,15.782090250175356,Medium
51770,Renter,Mobile (manufactured) home,138,110,48.45601515351746,Low
51770,Renter,Other,0,31,Inf,Low
51770,Renter,Single-family (attached),924,296,19.473940446584827,Medium
51770,Renter,Single-family (detached),6232,781,7.618293268199039,High
51770,Renter,Small-scale multifamily,10693,886.0632031632958,5.037316422744509,High
51775,Owner,Large-scale multifamily,0,25,Inf,Low
51775,Owner,Medium-scale multifamily,14,23,99.86973512809378,Low
51775,Owner,Mobile (manufactured) home,131,67,31.09120861272883,Low
51775,Owner,Other,33,40,73.68518006815879,Low
51775,Owner,Single-family (attached),217,107,29.97492751390192,Medium
51775,Owner,Single-family (detached),5994,283,2.8701447141163454,High
51775,Owner,Small-scale multifamily,52,42.02380277890139,49.12766282312531,Low
51775,Renter,Large-scale multifamily,166,113,41.381330794301824,Low
51775,Renter,Medium-scale multifamily,124,61,29.904892636532992,Medium
51775,Renter,Mobile (manufactured) home,135,78,35.12326916582236,Low
51775,Renter,Other,0,25,Inf,Low
51775,Renter,Single-family (attached),198,122,37.45663320131405,Low
51775,Renter,Single-family (detached),1265,239,11.485276980189099,High
51775,Renter,Small-scale multifamily,1811,291.31083055732756,9.778500872155053,High
51790,Owner,Large-scale multifamily,0,25,Inf,Low
51790,Owner,Medium-scale multifamily,7,9,78.15892314372557,Low
51790,Owner,Mobile (manufactured) home,49,50,62.03089138390918,Low
51790,Owner,Other,0,25,Inf,Low
51790,Owner,Single-family (attached),196,81,25.122511010483215,Medium
51790,Owner,Single-family (detached),6423,340,3.217918886675781,High
51790,Owner,Small-scale multifamily,81,36.578682316343766,27.452198818975393,Medium
51790,Renter,Large-scale multifamily,394,120,18.51480412880132,Medium
51790,Renter,Medium-scale multifamily,185,69,22.673129056107776,Medium
51790,Renter,Mobile (manufactured) home,0,25,Inf,Low
51790,Renter,Other,0,25,Inf,Low
51790,Renter,Single-family (attached),249,116,28.319966797280305,Medium
51790,Renter,Single-family (detached),1723,294,10.372803497116607,High
51790,Renter,Small-scale multifamily,2049,341.95028878478814,10.145071546051469,High
51800,Owner,Large-scale multifamily,17,29,103.7010548900411,Low
51800,Owner,Medium-scale multifamily,0,31,Inf,Low
51800,Owner,Mobile (manufactured) home,631,161,15.51067201672455,Medium
51800,Owner,Other,16,18,68.38905775075987,Low
51800,Owner,Single-family (attached),1711,272,9.663912570014514,High
51800,Owner,Single-family (detached),23414,622,1.6149120249413036,High
51800,Owner,Small-scale multifamily,338,149.06374475371265,26.80954384879996,Medium
51800,Renter,Large-scale multifamily,1125,200,10.807159743329956,High
51800,Renter,Medium-scale multifamily,416,163,23.819265840542432,Medium
51800,Renter,Mobile (manufactured) home,152,73,29.195328747400417,Medium
51800,Renter,Other,0,31,Inf,Low
51800,Renter,Single-family (attached),735,173,14.308458945888386,High
51800,Renter,Single-family (detached),4267,455,6.482206343586854,High
51800,Renter,Small-scale multifamily,4311,548.450544716659,7.7338108664786835,High
51810,Owner,Large-scale multifamily,1107,246,13.508949679162447,High
51810,Owner,Medium-scale multifamily,438,208,28.868440410264952,Medium
51810,Owner,Mobile (manufactured) home,1010,235,14.144271570014144,High
51810,Owner,Other,10,12,72.94832826747721,Low
51810,Owner,Single-family (attached),21235,1254,3.5898753491647595,High
51810,Owner,Single-family (detached),88368,1230,0.8461438130789894,High
51810,Owner,Small-scale multifamily,4561,554.4249272895295,7.389529269090985,High
51810,Renter,Large-scale multifamily,8366,719,5.224504743835774,High
51810,Renter,Medium-scale multifamily,3041,441,8.8156891280164,High
51810,Renter,Mobile (manufactured) home,857,252,17.87531964547283,Medium
51810,Renter,Other,29,29,60.790273556231,Low
51810,Renter,Single-family (attached),12058,878,4.426427283328149,High
51810,Renter,Single-family (detached),11729,839,4.348455922387059,High
51810,Renter,Small-scale multifamily,26991,1427.4862521229409,3.2150450062729248,High
51820,Owner,Large-scale multifamily,0,25,Inf,Low
51820,Owner,Medium-scale multifamily,0,25,Inf,Low
51820,Owner,Mobile (manufactured) home,26,31,72.48071077858313,Low
51820,Owner,Other,0,25,Inf,Low
51820,Owner,Single-family (attached),147,72,29.77482786427641,Medium
51820,Owner,Single-family (detached),5508,408,4.502983226387482,High
51820,Owner,Small-scale multifamily,50,64.42049363362563,78.32278861231079,Low
51820,Renter,Large-scale multifamily,180,113,38.162782843633906,Low
51820,Renter,Medium-scale multifamily,201,102,30.848795535997827,Low
51820,Renter,Mobile (manufactured) home,20,34,103.34346504559271,Low
51820,Renter,Other,0,25,Inf,Low
51820,Renter,Single-family (attached),182,110,36.74137412739236,Low
51820,Renter,Single-family (detached),1164,232,12.116274454506522,High
51820,Renter,Small-scale multifamily,2142,392.35952900369324,11.135220868594054,High
51830,Owner,Large-scale multifamily,72,91,76.8321513002364,Low
51830,Owner,Medium-scale multifamily,0,21,Inf,Low
51830,Owner,Mobile (manufactured) home,0,21,Inf,Low
51830,Owner,Other,0,21,Inf,Low
51830,Owner,Single-family (attached),475,152,19.45288753799392,Medium
51830,Owner,Single-family (detached),1731,187,6.5671757105807025,High
51830,Owner,Small-scale multifamily,337,147.24808997063425,26.56157765563018,Medium
51830,Renter,Large-scale multifamily,173,126,44.27499692534744,Low
51830,Renter,Medium-scale multifamily,295,121,24.934315594250684,Medium
51830,Renter,Mobile (manufactured) home,6,12,121.580547112462,Low
51830,Renter,Other,0,21,Inf,Low
51830,Renter,Single-family (attached),337,136,24.53257330459174,Medium
51830,Renter,Single-family (detached),317,141,27.039206849932402,Medium
51830,Renter,Small-scale multifamily,1230,282.28177411940715,13.9512083485016,High
51840,Owner,Large-scale multifamily,0,25,Inf,Low
51840,Owner,Medium-scale multifamily,0,25,Inf,Low
51840,Owner,Mobile (manufactured) home,0,25,Inf,Low
51840,Owner,Other,0,25,Inf,Low
51840,Owner,Single-family (attached),231,102,26.842458453400702,Medium
51840,Owner,Single-family (detached),4465,407,5.541241061004707,High
51840,Owner,Small-scale multifamily,15,49.03060268852505,198.70558333748752,Low
51840,Renter,Large-scale multifamily,437,191,26.569661897574647,Medium
51840,Renter,Medium-scale multifamily,207,95,27.898917815661573,Medium
51840,Renter,Mobile (manufactured) home,0,25,Inf,Low
51840,Renter,Other,0,25,Inf,Low
51840,Renter,Single-family (attached),753,227,18.325885919341882,Medium
51840,Renter,Single-family (detached),2156,386,10.883601851904066,High
51840,Renter,Small-scale multifamily,2991,452.16258137975103,9.189932134392052,High
51001,All,Large-scale multifamily,154,99.32270636667126,39.20684734009839,Low
51001,All,Medium-scale multifamily,70,65.30696746902278,56.7146916795682,Low
51001,All,Mobile (manufactured) home,2190,398.07662578955825,11.049857067620387,High
51001,All,Other,16,18.027756377319946,68.49451511139797,Low
51001,All,Single-family (attached),305,132.92479076530458,26.49355538697585,Medium
51001,All,Single-family (detached),11095,598.802137604735,3.280878391261624,High
51001,All,Small-scale multifamily,472,165.4297433957993,21.306185074931648,Medium
51003,All,Large-scale multifamily,1996,377.9338566469006,11.510372009883007,High
51003,All,Medium-scale multifamily,1213,297.85902705810344,14.927396319913372,High
51003,All,Mobile (manufactured) home,999,251.81342299408902,15.323129998940525,Medium
51003,All,Other,49,59.90826320300064,74.32325935487953,Low
51003,All,Single-family (attached),5863,545.2063829413592,5.652949882928271,High
51003,All,Single-family (detached),27431,779.6313231265148,1.7277533230967577,High
51003,All,Small-scale multifamily,7513,703.1493440230175,5.689423795293973,High
51005,All,Large-scale multifamily,144,63.56886030125127,26.835891717853457,Medium
51005,All,Medium-scale multifamily,57,60.74537019394976,64.78469598885486,Low
51005,All,Mobile (manufactured) home,696,199.86495440671933,17.456674213632333,Medium
51005,All,Other,0,21,Inf,Low
51005,All,Single-family (attached),16,27.018512172212592,102.65392162694754,Low
51005,All,Single-family (detached),5046,311.1076983939806,3.7479829747957765,High
51005,All,Small-scale multifamily,333,149.8866238194723,27.362308902118947,Medium
51007,All,Large-scale multifamily,13,30.4138126514911,142.2203069978541,Low
51007,All,Medium-scale multifamily,0,21,Inf,Low
51007,All,Mobile (manufactured) home,883,285,19.62086972086731,Medium
51007,All,Other,0,21,Inf,Low
51007,All,Single-family (attached),0,21,Inf,Low
51007,All,Single-family (detached),4249,449.92888326934514,6.4371145904431675,High
51007,All,Small-scale multifamily,140,110.06816070054046,47.793382848693206,Low
51009,All,Large-scale multifamily,46,61.71709649683789,81.5608517204148,Low
51009,All,Medium-scale multifamily,30,39.59797974644666,80.23906736868624,Low
51009,All,Mobile (manufactured) home,1342,212.7580785775243,9.637572129676448,High
51009,All,Other,22,44.04543109109048,121.70608204225056,Low
51009,All,Single-family (attached),211,116.36150566231085,33.52439696979526,Low
51009,All,Single-family (detached),10166,481.27331112373145,2.8779004759516726,High
51009,All,Small-scale multifamily,885,228.2564347395271,15.678837411057447,Medium
51011,All,Large-scale multifamily,0,21,Inf,Low
51011,All,Medium-scale multifamily,27,33.421549934136806,75.24833937664484,Low
51011,All,Mobile (manufactured) home,863,208.6935552430884,14.700507894148032,High
51011,All,Other,6,23.259406699226016,235.6576160002636,Low
51011,All,Single-family (attached),47,38.3275357934736,49.57322097067012,Low
51011,All,Single-family (detached),5330,338.3962174729499,3.8595119381940832,High
51011,All,Small-scale multifamily,290,121.88519188154072,25.549772954939886,Medium
51013,All,Large-scale multifamily,49761,1308.2782578641288,1.5982515058626177,High
51013,All,Medium-scale multifamily,4320,485.26796720987056,6.828604739528743,High
51013,All,Mobile (manufactured) home,159,99.92497185388645,38.20419103205309,Low
51013,All,Other,0,31,Inf,Low
51013,All,Single-family (attached),10274,749.3383748347604,4.43376336309,High
51013,All,Single-family (detached),29192,951.4157871298962,1.9812560278618538,High
51013,All,Small-scale multifamily,17824,934.0294427907505,3.1855871486099496,High
51015,All,Large-scale multifamily,174,88.81441324469807,31.029037223455987,Low
51015,All,Medium-scale multifamily,469,168.35973390332975,21.822247931423615,Medium
51015,All,Mobile (manufactured) home,2341,337.16464820618427,8.75537428361569,High
51015,All,Other,0,31,Inf,Low
51015,All,Single-family (attached),841,229.0785891348207,16.558561354793337,Medium
51015,All,Single-family (detached),24871,804.7372241918476,1.9669573398538223,High
51015,All,Small-scale multifamily,1948,380.79653359766814,11.883329284736527,High
51017,All,Large-scale multifamily,4,15.811388300841896,240.29465502799235,Low
51017,All,Medium-scale multifamily,27,24.698178070456937,55.60774078679936,Low
51017,All,Mobile (manufactured) home,172,108.66922287382016,38.40716154443351,Low
51017,All,Other,0,13,Inf,Low
51017,All,Single-family (attached),29,35.34119409414458,74.08278816506568,Low
51017,All,Single-family (detached),1501,231.07790893982056,9.358620451201553,High
51017,All,Small-scale multifamily,48,48.93873721296862,61.97915047235134,Low
51019,All,Large-scale multifamily,267,145.34441853748632,33.091861283764516,Low
51019,All,Medium-scale multifamily,343,154.37940277122465,27.360834186327445,Medium
51019,All,Mobile (manufactured) home,3333,412.09828924663105,7.5162219428015336,High
51019,All,Other,20,42.44997055358225,129.02726612031077,Low
51019,All,Single-family (attached),1504,235.8156059297179,9.531446272138243,High
51019,All,Single-family (detached),25293,626.6306727251707,1.5060708501833784,High
51019,All,Small-scale multifamily,1938,386.0582857548844,12.10969494307999,High
51021,All,Large-scale multifamily,0,19,Inf,Low
51021,All,Medium-scale multifamily,0,19,Inf,Low
51021,All,Mobile (manufactured) home,562,147.59742545180114,15.965280906424207,Medium
51021,All,Other,0,19,Inf,Low
51021,All,Single-family (attached),7,21.02379604162864,182.57747322300165,Low
51021,All,Single-family (detached),1709,221.27810555949722,7.871010280261204,High
51021,All,Small-scale multifamily,67,66.44546636152086,60.28713547295818,Low
51023,All,Large-scale multifamily,199,68.47627326307996,20.9180471546425,Medium
51023,All,Medium-scale multifamily,93,65.30696746902278,42.68847760827714,Low
51023,All,Mobile (manufactured) home,946,211.5490486861144,13.594211987515143,High
51023,All,Other,0,28,Inf,Low
51023,All,Single-family (attached),316,113.21660655575224,21.77996355579859,Medium
51023,All,Single-family (detached),11258,474.0717245312148,2.5598640806117188,High
51023,All,Small-scale multifamily,293,121.89749792346026,25.290724384256823,Medium
51025,All,Large-scale multifamily,26,35,81.83306055646482,Low
51025,All,Medium-scale multifamily,3,21.587033144922902,437.42721671576294,Low
51025,All,Mobile (manufactured) home,1583,285,10.94455335661771,High
51025,All,Other,0,21,Inf,Low
51025,All,Single-family (attached),75,57.21887800367987,46.37801661899078,Low
51025,All,Single-family (detached),4332,360.25685281476603,5.055427662307589,High
51025,All,Small-scale multifamily,371,166.88319268278636,27.34467637499674,Medium
51027,All,Large-scale multifamily,0,21,Inf,Low
51027,All,Medium-scale multifamily,16,31.89043743820395,121.16427598101805,Low
51027,All,Mobile (manufactured) home,2334,320.3700984798675,8.344209908238138,High
51027,All,Other,0,21,Inf,Low
51027,All,Single-family (attached),68,49.24428900898052,44.02314411673567,Low
51027,All,Single-family (detached),4759,393.8146772277539,5.030490010324433,High
51027,All,Small-scale multifamily,174,100.11992808627062,34.97883802755498,Low
51029,All,Large-scale multifamily,0,21,Inf,Low
51029,All,Medium-scale multifamily,4,22.135943621178654,336.41251703918925,Low
51029,All,Mobile (manufactured) home,1654,253.88580109962825,9.331189420126515,High
51029,All,Other,16,32.64965543462902,124.04884283673638,Low
51029,All,Single-family (attached),44,42.05948168962618,58.10925903512874,Low
51029,All,Single-family (detached),4289,319.2397218392473,4.524754026724863,High
51029,All,Small-scale multifamily,55,59.833101206606365,66.13219254667739,Low
51031,All,Large-scale multifamily,299,177.72450590731714,36.133516159705025,Low
51031,All,Medium-scale multifamily,41,46.75467891024384,69.32267612164554,Low
51031,All,Mobile (manufactured) home,3673,504.28761634606894,8.346251605961665,High
51031,All,Other,0,31,Inf,Low
51031,All,Single-family (attached),601,188.1754500459611,19.033672354177796,Medium
51031,All,Single-family (detached),15327,627.6535668663088,2.489412933277682,High
51031,All,Small-scale multifamily,2139,403.16249825597623,11.457858137725244,High
51033,All,Large-scale multifamily,5,29.120439557122072,354.04789735102827,Low
51033,All,Medium-scale multifamily,17,36.235341863986875,129.57390260678304,Low
51033,All,Mobile (manufactured) home,693,185.23498589629335,16.248896774632414,Medium
51033,All,Other,13,35,163.66612111292963,Low
51033,All,Single-family (attached),773,319.6513725920788,25.138026368042944,Medium
51033,All,Single-family (detached),9940,517.3045524640199,3.163690669634952,High
51033,All,Small-scale multifamily,239,91.52595260361949,23.279864837944192,Medium
51035,All,Large-scale multifamily,0,25,Inf,Low
51035,All,Medium-scale multifamily,72,71.5122367151245,60.378450451810615,Low
51035,All,Mobile (manufactured) home,2570,430.40097583532497,10.180619867664658,High
51035,All,Other,23,36.796738985948195,97.25581864926178,Low
51035,All,Single-family (attached),85,72.49827584156743,51.849294361929154,Low
51035,All,Single-family (detached),9398,551.4027566126234,3.566708279861805,High
51035,All,Small-scale multifamily,345,146.75149062275312,25.85815437606328,Medium
51036,All,Large-scale multifamily,11,11.40175425099138,63.010523630789606,Low
51036,All,Medium-scale multifamily,7,10.198039027185569,88.56308317139009,Low
51036,All,Mobile (manufactured) home,315,60.37383539249432,11.651244346503463,High
51036,All,Other,0,19,Inf,Low
51036,All,Single-family (attached),34,20.518284528683193,36.685650864800984,Low
51036,All,Single-family (detached),2512,111.51681487560519,2.698701306690928,High
51036,All,Small-scale multifamily,68,53.08483775994799,47.45649719287323,Low
51037,All,Large-scale multifamily,10,14.317821063276353,87.03842591657359,Low
51037,All,Medium-scale multifamily,21,25.80697580112788,74.70538660045702,Low
51037,All,Mobile (manufactured) home,1145,244.92039523077696,13.003299410986155,High
51037,All,Other,0,21,Inf,Low
51037,All,Single-family (attached),26,24.413111231467404,57.07998885075381,Low
51037,All,Single-family (detached),3290,303.2655601943617,5.603524730820331,High
51037,All,Small-scale multifamily,129,59.016946718718,27.811289422359508,Medium
51041,All,Large-scale multifamily,3331,418.32523232528064,7.634375655517172,High
51041,All,Medium-scale multifamily,1801,402.7964746618322,13.59584002341935,High
51041,All,Mobile (manufactured) home,1769,402.44875450173777,13.829830343993835,High
51041,All,Other,22,38.600518131237564,106.66072984591754,Low
51041,All,Single-family (attached),7352,674.7592163134935,5.579270585457742,High
51041,All,Single-family (detached),108834,1540.200636280871,0.8602938237223221,High
51041,All,Small-scale multifamily,13887,1002.6145819805336,4.388940355012805,High
51043,All,Large-scale multifamily,119,79.81227975693966,40.771515290510926,Low
51043,All,Medium-scale multifamily,63,50.566787519082126,48.79315628801286,Low
51043,All,Mobile (manufactured) home,87,71.42128534267638,49.90482153699919,Low
51043,All,Other,0,21,Inf,Low
51043,All,Single-family (attached),278,115.12167476196652,25.173662233925892,Medium
51043,All,Single-family (detached),4973,282.70479302622374,3.4558016697610707,High
51043,All,Small-scale multifamily,131,102.96601381038309,47.781161423876696,Low
51045,All,Large-scale multifamily,0,13,Inf,Low
51045,All,Medium-scale multifamily,3,15.264337522473747,309.30775121527347,Low
51045,All,Mobile (manufactured) home,226,121.19818480488888,32.600313313309,Low
51045,All,Other,0,13,Inf,Low
51045,All,Single-family (attached),0,13,Inf,Low
51045,All,Single-family (detached),1519,280.26416110519733,11.216152087947691,High
51045,All,Small-scale multifamily,4,23.388031127053,355.4412025387994,Low
51047,All,Large-scale multifamily,160,96.13532129243653,36.5255779986461,Low
51047,All,Medium-scale multifamily,163,120.07081243999309,44.77998487328886,Low
51047,All,Mobile (manufactured) home,261,141.01418368376991,32.844026059176166,Low
51047,All,Other,0,31,Inf,Low
51047,All,Single-family (attached),1173,281.44271175498574,14.585660219942929,High
51047,All,Single-family (detached),15306,653.3215134985224,2.5947728685316895,High
51047,All,Small-scale multifamily,1521,315.97942971022655,12.628846791733425,High
51049,All,Large-scale multifamily,0,19,Inf,Low
51049,All,Medium-scale multifamily,41,49.76946855251722,73.7926733672136,Low
51049,All,Mobile (manufactured) home,801,212.51352898109803,16.128284096330805,Medium
51049,All,Other,0,19,Inf,Low
51049,All,Single-family (attached),79,51.478150704935004,39.61228941166943,Low
51049,All,Single-family (detached),3155,287.2716484444645,5.53512586177129,High
51049,All,Small-scale multifamily,99,96.0572745813663,58.98331311987124,Low
51051,All,Large-scale multifamily,9,23.706539182259394,160.12522244011748,Low
51051,All,Medium-scale multifamily,3,22.47220505424423,455.3638308864079,Low
51051,All,Mobile (manufactured) home,1617,278.53904573685895,10.471530480170188,High
51051,All,Other,9,25.238858928247925,170.4752376105905,Low
51051,All,Single-family (attached),47,33.61547262794322,43.47859099520562,Low
51051,All,Single-family (detached),3913,361.178626167164,5.611077814302477,High
51051,All,Small-scale multifamily,119,56.542019772908716,28.88407436484826,Medium
51053,All,Large-scale multifamily,26,43.829214001622255,102.47653495820026,Low
51053,All,Medium-scale multifamily,0,25,Inf,Low
51053,All,Mobile (manufactured) home,1078,279.5514263959317,15.76438560634811,Medium
51053,All,Other,0,25,Inf,Low
51053,All,Single-family (attached),16,31.400636936215164,119.3033318245257,Low
51053,All,Single-family (detached),8916,561.2717701791174,3.826812970903832,High
51053,All,Small-scale multifamily,391,141.96830632222108,22.072358510594935,Medium
51057,All,Large-scale multifamily,39,32.64965543462902,50.89183295866108,Low
51057,All,Medium-scale multifamily,54,60.74537019394976,68.38384576601348,Low
51057,All,Mobile (manufactured) home,598,154.6156525064652,15.717605036694271,Medium
51057,All,Other,0,21,Inf,Low
51057,All,Single-family (attached),113,68.09552114493287,36.63314476419984,Low
51057,All,Single-family (detached),3150,268.21260223934297,5.176100781383567,High
51057,All,Small-scale multifamily,442,170.1587494077222,23.402707973940252,Medium
51059,All,Large-scale multifamily,45482,1621.3713331621477,2.167090428722526,High
51059,All,Medium-scale multifamily,11559,723.1168646906252,3.8029649638954224,High
51059,All,Mobile (manufactured) home,1926,372.0067203694041,11.74163566771153,High
51059,All,Other,183,123.3288287465668,40.9682690539528,Low
51059,All,Single-family (attached),95718,2200.9815991961405,1.3978381653123149,High
51059,All,Single-family (detached),191150,2070.7150938745776,0.6585369448791637,High
51059,All,Small-scale multifamily,66645,2136.238282589281,1.948570929250439,High
51061,All,Large-scale multifamily,396,146.34206503941374,22.465086279115432,Medium
51061,All,Medium-scale multifamily,140,92.13576938409967,40.00684732266595,Low
51061,All,Mobile (manufactured) home,542,226.15260334561705,25.36508971002558,Medium
51061,All,Other,26,46.010868281309364,107.57743343771186,Low
51061,All,Single-family (attached),1601,303.35622624235026,11.518493428018974,High
51061,All,Single-family (detached),22240,662.6680918831086,1.81132079957553,High
51061,All,Small-scale multifamily,1321,280.4621186541954,12.906410988000497,High
51063,All,Large-scale multifamily,21,43.18564576337837,125.0127247456314,Low
51063,All,Medium-scale multifamily,73,92.41753080449618,76.9600956026949,Low
51063,All,Mobile (manufactured) home,1139,261.8129103004663,13.973378786407654,High
51063,All,Other,4,22.847319317591726,347.2236978357405,Low
51063,All,Single-family (attached),27,19.924858845171276,44.86065258397225,Low
51063,All,Single-family (detached),5256,382.602927328059,4.425140147581332,High
51063,All,Small-scale multifamily,129,67.8159273327439,31.95774243431771,Low
51065,All,Large-scale multifamily,0,25,Inf,Low
51065,All,Medium-scale multifamily,0,25,Inf,Low
51065,All,Mobile (manufactured) home,501,199.40160480798542,24.19496627510759,Medium
51065,All,Other,0,25,Inf,Low
51065,All,Single-family (attached),220,113.6001760562016,31.389935356784086,Low
51065,All,Single-family (detached),9270,391.94514922371474,2.5702753873082416,High
51065,All,Small-scale multifamily,260,161.86414056238647,37.84525147589115,Low
51067,All,Large-scale multifamily,129,85.7962703152066,40.43084296562597,Low
51067,All,Medium-scale multifamily,58,56.36488268416781,59.07649374716257,Low
51067,All,Mobile (manufactured) home,3401,474.06750574153466,8.47359404826463,High
51067,All,Other,51,69.63476143421474,83.0022783648784,Low
51067,All,Single-family (attached),415,171.71196813268432,25.152813290758314,Medium
51067,All,Single-family (detached),17288,888.2257595904321,3.123292856616927,High
51067,All,Small-scale multifamily,1142,285.8898389240164,15.218320065794897,Medium
51069,All,Large-scale multifamily,911,300.6825568602209,20.064297349198476,Medium
51069,All,Medium-scale multifamily,195,101.39033484509261,31.607929185595076,Low
51069,All,Mobile (manufactured) home,2108,397.1901307938051,11.454125571532535,High
51069,All,Other,19,20,63.989761638137885,Low
51069,All,Single-family (attached),3492,380.34852438257207,6.621274583025588,High
51069,All,Single-family (detached),25893,833.1536472944231,1.9560359221951718,High
51069,All,Small-scale multifamily,1720,357.8882507152197,12.648909688104181,High
51071,All,Large-scale multifamily,6,22.847319317591726,231.48246522382698,Low
51071,All,Medium-scale multifamily,32,28.319604517012593,53.79864079979596,Low
51071,All,Mobile (manufactured) home,1154,234.8297255459794,12.370332110116754,High
51071,All,Other,0,21,Inf,Low
51071,All,Single-family (attached),56,42.44997055358225,46.08116647153956,Low
51071,All,Single-family (detached),5157,411.0328454028948,4.8452199171297226,High
51071,All,Small-scale multifamily,364,137.5790681753587,22.976563708767614,Medium
51073,All,Large-scale multifamily,63,64.40496875241847,62.14596299746077,Low
51073,All,Medium-scale multifamily,22,37.53664875824692,103.72105210899952,Low
51073,All,Mobile (manufactured) home,1276,308.4234102658227,14.693686113797044,High
51073,All,Other,35,60.8276253029822,105.64937091269162,Low
51073,All,Single-family (attached),350,109.98636279102969,19.103145947204464,Medium
51073,All,Single-family (detached),12376,628.0652832309711,3.0850242710716254,High
51073,All,Small-scale multifamily,989,306.5191674267696,18.840630978869054,Medium
51075,All,Large-scale multifamily,308,123.90722335683259,24.45569481641191,Medium
51075,All,Medium-scale multifamily,189,113.78049041905207,36.59654570336665,Low
51075,All,Mobile (manufactured) home,297,116.51609330903607,23.848636989763094,Medium
51075,All,Other,0,25,Inf,Low
51075,All,Single-family (attached),124,61.326992425847855,30.065198757646755,Low
51075,All,Single-family (detached),8933,316.4127051810657,2.1532312666096556,High
51075,All,Small-scale multifamily,162,99.16148445843275,37.21020843500047,Low
51077,All,Large-scale multifamily,0,21,Inf,Low
51077,All,Medium-scale multifamily,48,34.539832078341085,43.743455013096614,Low
51077,All,Mobile (manufactured) home,1024,196.9771560359221,11.693647656007913,High
51077,All,Other,11,27.018512172212592,149.31479509374185,Low
51077,All,Single-family (attached),45,34,45.93042890915232,Low
51077,All,Single-family (detached),4857,333.0540496676178,4.168508706671821,High
51077,All,Small-scale multifamily,217,112.52110913068712,31.52160831753453,Low
51079,All,Large-scale multifamily,44,59.50630218724736,82.21373609732986,Low
51079,All,Medium-scale multifamily,21,33.97057550292606,98.33717036597498,Low
51079,All,Mobile (manufactured) home,406,162.24980739587951,24.293621123254454,Medium
51079,All,Other,0,25,Inf,Low
51079,All,Single-family (attached),308,147.4720312466062,29.106704939526747,Medium
51079,All,Single-family (detached),6759,378.6000528261981,3.4051192158171464,High
51079,All,Small-scale multifamily,374,163.81697103780184,26.626947814281138,Medium
51081,All,Large-scale multifamily,0,21,Inf,Low
51081,All,Medium-scale multifamily,0,21,Inf,Low
51081,All,Mobile (manufactured) home,545,174.7741399635541,19.494619777870565,Medium
51081,All,Other,0,21,Inf,Low
51081,All,Single-family (attached),7,9.899494936611665,85.9704293235924,Low
51081,All,Single-family (detached),2390,251.60683615514105,6.399685522380258,High
51081,All,Small-scale multifamily,150,89.25805285799147,36.17347633555886,Low
51083,All,Large-scale multifamily,53,63.50590523722971,72.84040286428825,Low
51083,All,Medium-scale multifamily,134,95.2102935611481,43.19298351456159,Low
51083,All,Mobile (manufactured) home,2749,407.80632658162625,9.018064078158872,High
51083,All,Other,0,28,Inf,Low
51083,All,Single-family (attached),278,149.6963593411677,32.73411019683971,Low
51083,All,Single-family (detached),9692,561.4053793828484,3.521253259247111,High
51083,All,Small-scale multifamily,767,255.06469767492325,20.21571414106381,Medium
51085,All,Large-scale multifamily,622,210.15232570685484,20.538934675559265,Medium
51085,All,Medium-scale multifamily,241,100.89598604503551,25.450185030719396,Medium
51085,All,Mobile (manufactured) home,942,271.5916051721776,17.52667513162692,Medium
51085,All,Other,11,15.652475842498529,86.50166257252572,Low
51085,All,Single-family (attached),2092,301.8774585821207,8.772090481676344,High
51085,All,Single-family (detached),35780,825.6512580987205,1.4027827233613055,High
51085,All,Small-scale multifamily,2324,364.57235221557875,9.53633951042325,High
51087,All,Large-scale multifamily,5557,496.1794030388605,5.427907439931569,High
51087,All,Medium-scale multifamily,2596,551.1270270999237,12.905686726362365,High
51087,All,Mobile (manufactured) home,469,183.65728953678914,23.80506795636958,Medium
51087,All,Other,0,31,Inf,Low
51087,All,Single-family (attached),14288,1008.5752326921379,4.291122921150224,High
51087,All,Single-family (detached),87967,1772.8296590479301,1.2251276040119976,High
51087,All,Small-scale multifamily,24722,1435.9258337393335,3.5308763141927497,High
51089,All,Large-scale multifamily,180,99.14131328563285,33.482375307542334,Low
51089,All,Medium-scale multifamily,139,111.40017953306898,48.71976538150007,Low
51089,All,Mobile (manufactured) home,2943,386.0906629277636,7.975044857929095,High
51089,All,Other,0,31,Inf,Low
51089,All,Single-family (attached),214,98.22932352408826,27.903679664826363,Medium
51089,All,Single-family (detached),15706,710.6229661360517,2.750475264660057,High
51089,All,Small-scale multifamily,1321,304.0230254437976,13.990645635216833,High
51091,All,Large-scale multifamily,0,13,Inf,Low
51091,All,Medium-scale multifamily,0,13,Inf,Low
51091,All,Mobile (manufactured) home,119,48.662100242385755,24.858675508868615,Medium
51091,All,Other,0,13,Inf,Low
51091,All,Single-family (attached),6,9.219544457292887,93.40977160377798,Low
51091,All,Single-family (detached),845,112.72089424769483,8.109271002154266,High
51091,All,Small-scale multifamily,33,45.68369512200167,84.15528253108901,Low
51093,All,Large-scale multifamily,74,65.30696746902278,53.64903266986181,Low
51093,All,Medium-scale multifamily,230,103.84603988597736,27.447083358260173,Medium
51093,All,Mobile (manufactured) home,1281,236.60304309116566,11.228074717992719,High
51093,All,Other,0,28,Inf,Low
51093,All,Single-family (attached),651,154.00324671902212,14.38079799784499,High
51093,All,Single-family (detached),12060,531.1544031635245,2.677364964254334,High
51093,All,Small-scale multifamily,1130,264.9037561077608,14.25094849545476,High
51095,All,Large-scale multifamily,1028,222.20036003571192,13.139708823797614,High
51095,All,Medium-scale multifamily,259,88.60022573334675,20.795490191019177,Medium
51095,All,Mobile (manufactured) home,683,182.0604295282201,16.204250826918617,Medium
51095,All,Other,0,31,Inf,Low
51095,All,Single-family (attached),4297,432.15853572502766,6.11380861214444,High
51095,All,Single-family (detached),21842,671.5013030516025,1.86891071815184,High
51095,All,Small-scale multifamily,3242,493.41463294069416,9.251946487696516,High
51097,All,Large-scale multifamily,0,19,Inf,Low
51097,All,Medium-scale multifamily,0,19,Inf,Low
51097,All,Mobile (manufactured) home,427,137.05838172107534,19.512450861823186,Medium
51097,All,Other,0,19,Inf,Low
51097,All,Single-family (attached),5,21.02379604162864,255.6084625122023,Low
51097,All,Single-family (detached),2348,231.87065359807826,6.00318588666493,High
51097,All,Small-scale multifamily,34,51.99038372622383,92.95616614736963,Low
51099,All,Large-scale multifamily,6,27.313000567495326,276.7274626899222,Low
51099,All,Medium-scale multifamily,17,36.069377593742864,128.9804312309775,Low
51099,All,Mobile (manufactured) home,476,145.12063946937388,18.533452462181536,Medium
51099,All,Other,0,25,Inf,Low
51099,All,Single-family (attached),359,139.7855500400524,23.67020007282174,Medium
51099,All,Single-family (detached),8367,406.90170803278767,2.956336338210924,High
51099,All,Small-scale multifamily,652,203.79156017853143,19.000835416723984,Medium
51101,All,Large-scale multifamily,18,35,118.20330969267138,Low
51101,All,Medium-scale multifamily,108,93.39164844888434,52.567628306250334,Low
51101,All,Mobile (manufactured) home,156,76.05918747922567,29.638838546966596,Medium
51101,All,Other,10,26.40075756488817,160.49092744612872,Low
51101,All,Single-family (attached),155,123.32072007574396,48.3658084422959,Low
51101,All,Single-family (detached),6586,311.07876816009156,2.8713275757648535,High
51101,All,Small-scale multifamily,82,77.89736837660179,57.74880893809904,Low
51103,All,Large-scale multifamily,16,27.018512172212592,102.65392162694754,Low
51103,All,Medium-scale multifamily,40,26.92582403567252,40.920705221386804,Low
51103,All,Mobile (manufactured) home,220,109.38464243210744,30.225101528628745,Low
51103,All,Other,0,21,Inf,Low
51103,All,Single-family (attached),143,68.8839603971781,29.28304053273454,Medium
51103,All,Single-family (detached),4535,256.0195305049988,3.4318626891150394,High
51103,All,Small-scale multifamily,514,153.84732691860458,18.195371769021154,Medium
51105,All,Large-scale multifamily,0,25,Inf,Low
51105,All,Medium-scale multifamily,42,36.796738985948195,53.25913878411954,Low
51105,All,Mobile (manufactured) home,1471,253.3081127796739,10.468164153561517,High
51105,All,Other,0,25,Inf,Low
51105,All,Single-family (attached),35,40.607881008493905,70.53040557272064,Low
51105,All,Single-family (detached),6509,516.0358514677057,4.8194746620900935,High
51105,All,Small-scale multifamily,389,138.50631754544628,21.644825020189916,Medium
51107,All,Large-scale multifamily,6233,572.4508712544684,5.583097234247057,High
51107,All,Medium-scale multifamily,2799,459.79125698516714,9.986007963876963,High
51107,All,Mobile (manufactured) home,540,246.22144504490262,27.71827592535209,Medium
51107,All,Other,120,123.3288287465668,62.476610307278015,Low
51107,All,Single-family (attached),43494,1321.1888585664049,1.8465864747251655,High
51107,All,Single-family (detached),72981,1300.5575727356324,1.0833127885645155,High
51107,All,Small-scale multifamily,14656,901.1070968536426,3.7376191949504687,High
51109,All,Large-scale multifamily,97,62.609903369994115,39.23786755867146,Low
51109,All,Medium-scale multifamily,89,74.46475676452586,50.86216779790708,Low
51109,All,Mobile (manufactured) home,1432,302.0761493398643,12.82352776060282,High
51109,All,Other,0,28,Inf,Low
51109,All,Single-family (attached),305,122.67436570041843,24.450518850051008,Medium
51109,All,Single-family (detached),12773,595.503988231817,2.8341697603099285,High
51109,All,Small-scale multifamily,515,120.13742131409347,14.18094506024062,High
51111,All,Large-scale multifamily,0,21,Inf,Low
51111,All,Medium-scale multifamily,28,33.421549934136806,72.5608986846218,Low
51111,All,Mobile (manufactured) home,891,204.04411287758342,13.921321480770791,High
51111,All,Other,0,21,Inf,Low
51111,All,Single-family (attached),66,50.93132631298737,46.91104938103286,Low
51111,All,Single-family (detached),3616,339.50699550966544,5.707611485422194,High
51111,All,Small-scale multifamily,68,49.80963762164909,44.52855142289388,Low
51113,All,Large-scale multifamily,21,39.11521443121589,113.22974216591659,Low
51113,All,Medium-scale multifamily,36,31.827660925679098,53.74478373130547,Low
51113,All,Mobile (manufactured) home,136,65.11528238439882,29.105704623814958,Medium
51113,All,Other,0,21,Inf,Low
51113,All,Single-family (attached),31,31.622776601683793,62.011523878191575,Low
51113,All,Single-family (detached),5099,342.06578314704325,4.078107968569357,High
51113,All,Small-scale multifamily,69,60.663003552412405,53.445225807155985,Low
51115,All,Large-scale multifamily,0,19,Inf,Low
51115,All,Medium-scale multifamily,11,26.1725046566048,144.6394288842487,Low
51115,All,Mobile (manufactured) home,127,89.81091247727082,42.98921210888199,Low
51115,All,Other,0,19,Inf,Low
51115,All,Single-family (attached),13,29.832867780352597,139.50370717957728,Low
51115,All,Single-family (detached),3520,329.07445965920846,5.683104097458007,High
51115,All,Small-scale multifamily,96,87.25250712730265,55.251081007663785,Low
51117,All,Large-scale multifamily,23,19.79898987322333,52.329826544795374,Low
51117,All,Medium-scale multifamily,170,120.30378215168466,43.019410746177236,Low
51117,All,Mobile (manufactured) home,2321,316.29100524675056,8.284108889412003,High
51117,All,Other,53,61.71709649683789,70.78866375734115,Low
51117,All,Single-family (attached),140,60.92618484691127,26.45513888272309,Medium
51117,All,Single-family (detached),9810,555.0900827793629,3.4397633007653807,High
51117,All,Small-scale multifamily,878,218.3437656540713,15.117513944656707,Medium
51119,All,Large-scale multifamily,0,21,Inf,Low
51119,All,Medium-scale multifamily,0,21,Inf,Low
51119,All,Mobile (manufactured) home,408,145.3994497926316,21.663902764263604,Medium
51119,All,Other,0,21,Inf,Low
51119,All,Single-family (attached),126,77.23341245859851,37.26222437332875,Low
51119,All,Single-family (detached),4036,307.8652302550582,4.637069268002238,High
51119,All,Small-scale multifamily,163,81,30.208663546347918,Low
51121,All,Large-scale multifamily,649,177.72169254201918,16.6467647249703,Medium
51121,All,Medium-scale multifamily,994,292.6465444866896,17.897448183733992,Medium
51121,All,Mobile (manufactured) home,3429,536.4252044786859,9.509896448736212,High
51121,All,Other,7,32.89376840679705,285.66016853492874,Low
51121,All,Single-family (attached),2795,363.0495833904785,7.896201606004611,High
51121,All,Single-family (detached),20093,815.5004598404589,2.4672520797757262,High
51121,All,Small-scale multifamily,8764,752.8193674448074,5.221827394500072,High
51125,All,Large-scale multifamily,9,25.80697580112788,174.31256873439972,Low
51125,All,Medium-scale multifamily,19,31.89043743820395,102.03307451033099,Low
51125,All,Mobile (manufactured) home,750,264.06817301598466,21.403701966847795,Medium
51125,All,Other,8,25.238858928247925,191.78464231191433,Low
51125,All,Single-family (attached),39,40.162171256046406,62.601778904288686,Low
51125,All,Single-family (detached),5319,397.6581446418519,4.544791764361995,High
51125,All,Small-scale multifamily,326,171.7410841936198,32.025114996852295,Low
51127,All,Large-scale multifamily,86,97.26767191621273,68.75498120888722,Low
51127,All,Medium-scale multifamily,0,25,Inf,Low
51127,All,Mobile (manufactured) home,96,84.09518416651456,53.251763023375474,Low
51127,All,Other,0,25,Inf,Low
51127,All,Single-family (attached),178,90.62008607367353,30.94842596689783,Low
51127,All,Single-family (detached),8651,366.1543390429779,2.572953697170683,High
51127,All,Small-scale multifamily,23,62.20128616033595,164.4014435320099,Low
51131,All,Large-scale multifamily,111,49.09175083453431,26.885594257528577,Medium
51131,All,Medium-scale multifamily,92,43.289721643826724,28.60428283588392,Medium
51131,All,Mobile (manufactured) home,700,201.357890334598,17.486573194493964,Medium
51131,All,Other,0,21,Inf,Low
51131,All,Single-family (attached),67,29.832867780352597,27.067883482604543,Medium
51131,All,Single-family (detached),3955,310.0967590930289,4.766338006110212,High
51131,All,Small-scale multifamily,413,110.83320801997928,16.313755531838247,Medium
51133,All,Large-scale multifamily,0,21,Inf,Low
51133,All,Medium-scale multifamily,58,80.77747210701756,84.66352804424857,Low
51133,All,Mobile (manufactured) home,379,152.73833834371774,24.49869490880942,Medium
51133,All,Other,15,33.421549934136806,135.4470108779607,Low
51133,All,Single-family (attached),60,40.36087214122113,40.892474307214925,Low
51133,All,Single-family (detached),4774,357.33737559902687,4.550196232620551,High
51133,All,Small-scale multifamily,150,109.57189420649806,44.4060361525828,Low
51135,All,Large-scale multifamily,2,21.213203435596427,644.778219926943,Low
51135,All,Medium-scale multifamily,46,48.75448697299562,64.43040435178489,Low
51135,All,Mobile (manufactured) home,459,138.2208377922808,18.306062179878392,Medium
51135,All,Other,0,21,Inf,Low
51135,All,Single-family (attached),104,59.464274989274024,34.75816868673955,Low
51135,All,Single-family (detached),4523,328.4661321963042,4.414668589469482,High
51135,All,Small-scale multifamily,358,138.19189556555045,23.465707080122673,Medium
51137,All,Large-scale multifamily,161,109.63576058932597,41.396197998575005,Low
51137,All,Medium-scale multifamily,97,100.96038827183659,63.27226413802312,Low
51137,All,Mobile (manufactured) home,527,160.5615146914104,18.521021633194763,Medium
51137,All,Other,0,28,Inf,Low
51137,All,Single-family (attached),699,240.35390573069537,20.90297522128402,Medium
51137,All,Single-family (detached),12052,679.2716687747252,3.4262454832237874,High
51137,All,Small-scale multifamily,1131,276.0670208481991,14.838364029368478,High
51139,All,Large-scale multifamily,93,117.6860229593982,76.92651106931935,Low
51139,All,Medium-scale multifamily,18,20.8806130178211,70.51878763195238,Low
51139,All,Mobile (manufactured) home,1042,250.6671099286861,14.623917643104276,High
51139,All,Other,0,25,Inf,Low
51139,All,Single-family (attached),336,134.8332303254654,24.39449094034328,Medium
51139,All,Single-family (detached),7624,475.405090422894,3.7906617912949185,High
51139,All,Small-scale multifamily,396,123.6567830731497,18.982650682071426,Medium
51141,All,Large-scale multifamily,5,21.840329667841555,265.5359230132712,Low
51141,All,Medium-scale multifamily,42,34.20526275297414,49.50826856704898,Low
51141,All,Mobile (manufactured) home,1828,303.3694117738306,10.088571953131318,High
51141,All,Other,71,96.317184344228,82.46687302044437,Low
51141,All,Single-family (attached),45,27.65863337187866,37.363908641511195,Low
51141,All,Single-family (detached),5632,399.6861268545607,4.314103158401845,High
51141,All,Small-scale multifamily,174,88.29496021857646,30.84755623749309,Low
51143,All,Large-scale multifamily,40,50.60632371551998,76.909306558541,Low
51143,All,Medium-scale multifamily,139,88.28363381737297,38.60997302371388,Low
51143,All,Mobile (manufactured) home,3758,391.64397097363826,6.335323079333706,High
51143,All,Other,34,55.47071299343465,99.1788181538256,Low
51143,All,Single-family (attached),114,49.4064773081425,26.345905886067563,Medium
51143,All,Single-family (detached),19846,729.6965122569793,2.235133054173609,High
51143,All,Small-scale multifamily,702,224.75319797502326,19.462690010739898,Medium
51145,All,Large-scale multifamily,0,28,Inf,Low
51145,All,Medium-scale multifamily,0,28,Inf,Low
51145,All,Mobile (manufactured) home,152,88.0056816347672,35.19664119131627,Low
51145,All,Other,0,28,Inf,Low
51145,All,Single-family (attached),98,75.53806987208503,46.856938075854494,Low
51145,All,Single-family (detached),10768,366.9945503682582,2.0718517004580623,High
51145,All,Small-scale multifamily,133,140.77286670377927,64.34301561065853,Low
51147,All,Large-scale multifamily,12,32.64965543462902,165.3984571156485,Low
51147,All,Medium-scale multifamily,87,78.10889834071403,54.577716061009696,Low
51147,All,Mobile (manufactured) home,1176,252.55692427648862,13.0552759483742,High
51147,All,Other,0,25,Inf,Low
51147,All,Single-family (attached),117,68.01470429252781,35.338739143495076,Low
51147,All,Single-family (detached),4952,384.66868861398115,4.722155656171356,High
51147,All,Small-scale multifamily,1216,333.80233672040106,16.68744684452493,Medium
51149,All,Large-scale multifamily,0,28,Inf,Low
51149,All,Medium-scale multifamily,159,141.79210133149166,54.2111989185799,Low
51149,All,Mobile (manufactured) home,847,244.0184419260151,17.513515746691528,Medium
51149,All,Other,0,28,Inf,Low
51149,All,Single-family (attached),1406,261.56452358834906,11.309088863115916,High
51149,All,Single-family (detached),9682,497.3047355495421,3.1224221147351563,High
51149,All,Small-scale multifamily,624,222.63647499904414,21.689314453184096,Medium
51153,All,Large-scale multifamily,4961,524.6150969996955,6.4284408906148265,High
51153,All,Medium-scale multifamily,2220,484.2199913262566,13.259398979332856,High
51153,All,Mobile (manufactured) home,1496,398.7342473377475,16.202649713836593,Medium
51153,All,Other,0,31,Inf,Low
51153,All,Single-family (attached),41506,1565.3462875670673,2.2926282713687818,High
51153,All,Single-family (detached),85446,1447.6315138874256,1.0299126435156405,High
51153,All,Small-scale multifamily,18980,1237.311601820657,3.962935234403378,High
51155,All,Large-scale multifamily,16,33.28663395418648,126.4689739900702,Low
51155,All,Medium-scale multifamily,92,74.46475676452586,49.20361884797533,Low
51155,All,Mobile (manufactured) home,1602,276.29332239487803,10.484361204834308,High
51155,All,Other,0,28,Inf,Low
51155,All,Single-family (attached),432,135.56548233234005,19.07653415686424,Medium
51155,All,Single-family (detached),10645,509.4173141933831,2.9091233334050015,High
51155,All,Small-scale multifamily,1599,351.6418632643161,13.36860854387777,High
51157,All,Large-scale multifamily,0,19,Inf,Low
51157,All,Medium-scale multifamily,0,19,Inf,Low
51157,All,Mobile (manufactured) home,0,19,Inf,Low
51157,All,Other,0,19,Inf,Low
51157,All,Single-family (attached),6,21.95449840010015,222.43666058865398,Low
51157,All,Single-family (detached),2796,248.21361767638777,5.396628654838823,High
51157,All,Small-scale multifamily,59,53.925875050851054,55.562181289836744,Low
51159,All,Large-scale multifamily,63,58.18934610390462,56.14835345578677,Low
51159,All,Medium-scale multifamily,14,24.20743687382041,105.11262211819543,Low
51159,All,Mobile (manufactured) home,212,96.40020746865642,27.64242916460871,Medium
51159,All,Other,0,19,Inf,Low
51159,All,Single-family (attached),10,23.600847442411894,143.47019721830938,Low
51159,All,Single-family (detached),2409,317.02523558858843,8.000021085786164,High
51159,All,Small-scale multifamily,223,103.37311062360463,28.17972947608724,Medium
51161,All,Large-scale multifamily,763,221.32555207205516,17.63360531512986,Medium
51161,All,Medium-scale multifamily,988,364.18813819233594,22.407992456120002,Medium
51161,All,Mobile (manufactured) home,717,239.35329536064467,20.2933783843221,Medium
51161,All,Other,20,46.75467891024384,142.11148604937338,Low
51161,All,Single-family (attached),2056,361.09278585981195,10.676521999805209,High
51161,All,Single-family (detached),29692,817.1621626091115,1.6730267885224712,High
51161,All,Small-scale multifamily,4995,596.4847022346843,7.259352997187879,High
51163,All,Large-scale multifamily,19,30.805843601498726,98.56292945608295,Low
51163,All,Medium-scale multifamily,103,61.032778078668514,36.02135218736891,Low
51163,All,Mobile (manufactured) home,1010,294.7422602885443,17.740062011408362,Medium
51163,All,Other,0,25,Inf,Low
51163,All,Single-family (attached),206,119.81652640600127,35.3576670717388,Low
51163,All,Single-family (detached),7767,433.8663388648628,3.395758133955894,High
51163,All,Small-scale multifamily,447,198.87684631449685,27.04648297865498,Medium
51165,All,Large-scale multifamily,420,200.4120754844877,29.00739260160482,Medium
51165,All,Medium-scale multifamily,184,103.74005976477939,34.27384028174289,Low
51165,All,Mobile (manufactured) home,2831,359.784657816311,7.725682716350586,High
51165,All,Other,0,31,Inf,Low
51165,All,Single-family (attached),2882,398.93107174047,8.414687363353082,High
51165,All,Single-family (detached),23513,642.0848853539538,1.6600398004077779,High
51165,All,Small-scale multifamily,2218,347.51546728167364,9.524598882359959,High
51167,All,Large-scale multifamily,0,25,Inf,Low
51167,All,Medium-scale multifamily,82,76.21679604916491,56.50292538302685,Low
51167,All,Mobile (manufactured) home,2087,298.8728826775691,8.70558902563908,High
51167,All,Other,0,25,Inf,Low
51167,All,Single-family (attached),165,100.57832768544127,37.0556609322801,Low
51167,All,Single-family (detached),7730,481.202660009273,3.7842744292302366,High
51167,All,Small-scale multifamily,406,153.23837639442672,22.944341921994805,Medium
51169,All,Large-scale multifamily,9,28.178005607210743,190.32762990348354,Low
51169,All,Medium-scale multifamily,57,45.48626166217664,48.51091735954422,Low
51169,All,Mobile (manufactured) home,1736,210.261741645978,7.362827645776828,High
51169,All,Other,8,27.730849247724095,210.72073896446878,Low
51169,All,Single-family (attached),171,105.54619841567009,37.52153376905743,Low
51169,All,Single-family (detached),6685,347.40466318113806,3.1591360522799814,High
51169,All,Small-scale multifamily,285,105.56040924513319,22.51595142006787,Medium
51171,All,Large-scale multifamily,165,79.20227269466452,29.180168626568857,Medium
51171,All,Medium-scale multifamily,218,132.00378782444085,36.80984574452493,Low
51171,All,Mobile (manufactured) home,670,180.6931099959265,16.39460236772912,Medium
51171,All,Other,6,29.732137494637012,301.2374619517428,Low
51171,All,Single-family (attached),1313,243.03291958086666,11.252123126039889,High
51171,All,Single-family (detached),13398,588.3748804971198,2.6696126242002265,High
51171,All,Small-scale multifamily,2012,370.1567235644923,11.183861075628066,High
51173,All,Large-scale multifamily,19,31.400636936215164,100.46596364170586,Low
51173,All,Medium-scale multifamily,89,72.44998274671983,49.4860030372732,Low
51173,All,Mobile (manufactured) home,2039,312.0256399721023,9.302660132644505,High
51173,All,Other,0,25,Inf,Low
51173,All,Single-family (attached),91,55.57877292636101,37.1280089023421,Low
51173,All,Single-family (detached),9079,448.0903926664797,3.000279496432897,High
51173,All,Small-scale multifamily,1213,233.10298153391346,11.68210553521819,High
51175,All,Large-scale multifamily,0,21,Inf,Low
51175,All,Medium-scale multifamily,4,21.840329667841555,331.91990376658896,Low
51175,All,Mobile (manufactured) home,1105,237.53947040439405,13.067954195733353,High
51175,All,Other,0,21,Inf,Low
51175,All,Single-family (attached),30,30.805843601498726,62.423188655519205,Low
51175,All,Single-family (detached),5452,376.12364988125915,4.193811365966581,High
51175,All,Small-scale multifamily,296,105.11422358558332,21.58757569735959,Medium
51177,All,Large-scale multifamily,1149,216.11339616044165,11.43393600675315,High
51177,All,Medium-scale multifamily,784,195.57607215607945,15.16469761150669,Medium
51177,All,Mobile (manufactured) home,1911,348.4149824562658,11.083329196549359,High
51177,All,Other,51,62.26556030423239,74.21844007894676,Low
51177,All,Single-family (attached),5065,493.2230732640151,5.919677304632664,High
51177,All,Single-family (detached),39746,1035.903953076732,1.5843829488631718,High
51177,All,Small-scale multifamily,2583,418.21166889507043,9.842509390839812,High
51179,All,Large-scale multifamily,729,259.4802497301095,21.637689113213295,Medium
51179,All,Medium-scale multifamily,475,239.0188277102873,30.58951562441687,Low
51179,All,Mobile (manufactured) home,1240,361.3488619049464,17.714916261640667,Medium
51179,All,Other,43,53.009433122794285,74.94088233942784,Low
51179,All,Single-family (attached),7056,601.5022859474434,5.182183745385965,High
51179,All,Single-family (detached),38846,842.2404644755558,1.3180257487410827,High
51179,All,Small-scale multifamily,2920,415.1626187411386,8.643099028628443,High
51181,All,Large-scale multifamily,7,22.47220505424423,195.15592752274625,Low
51181,All,Medium-scale multifamily,0,19,Inf,Low
51181,All,Mobile (manufactured) home,355,108.78419002777932,18.62822724051189,Medium
51181,All,Other,0,19,Inf,Low
51181,All,Single-family (attached),9,22.47220505424423,151.78794362880262,Low
51181,All,Single-family (detached),2225,190.4205871222962,5.202570598607868,High
51181,All,Small-scale multifamily,159,88.70738413458035,33.915384578608844,Low
51183,All,Large-scale multifamily,9,10.295630140987,69.54157474493078,Low
51183,All,Medium-scale multifamily,5,22.47220505424423,273.21829853184477,Low
51183,All,Mobile (manufactured) home,593,149.2816130673835,15.303322251739749,Medium
51183,All,Other,0,21,Inf,Low
51183,All,Single-family (attached),11,13.341664064126334,73.7312189230524,Low
51183,All,Single-family (detached),2817,276.0163038662753,5.956374376290612,High
51183,All,Small-scale multifamily,270,111.90621073023605,25.195589492341792,Medium
51185,All,Large-scale multifamily,60,46.389654018972806,47.00066263320446,Low
51185,All,Medium-scale multifamily,66,56.43580423808985,51.98102996968762,Low
51185,All,Mobile (manufactured) home,3083,393.58480661732864,7.7606643080907185,High
51185,All,Other,0,28,Inf,Low
51185,All,Single-family (attached),188,75.8023746329889,24.510888777400538,Medium
51185,All,Single-family (detached),11360,566.9426778784607,3.03385567596248,High
51185,All,Small-scale multifamily,1194,300.32149440224885,15.290306364764493,Medium
51187,All,Large-scale multifamily,64,58.855755878248644,55.90402344058572,Low
51187,All,Medium-scale multifamily,59,71.69379331573968,73.86924250758815,Low
51187,All,Mobile (manufactured) home,202,107.48953437428223,32.348109896259956,Low
51187,All,Other,0,28,Inf,Low
51187,All,Single-family (attached),843,233.32380932943812,16.825407113070494,Medium
51187,All,Single-family (detached),12993,570.7889277132134,2.6705468374166097,High
51187,All,Small-scale multifamily,1196,250.31779800885113,12.723150014173443,High
51191,All,Large-scale multifamily,57,57.0701322935211,60.865069368656854,Low
51191,All,Medium-scale multifamily,149,71.11258679024411,29.01311143805475,Medium
51191,All,Mobile (manufactured) home,2470,345.5575205374642,8.504670527483952,High
51191,All,Other,10,34.0147027033899,206.77630822729424,Low
51191,All,Single-family (attached),975,265.04716561397146,16.525425336386654,Medium
51191,All,Single-family (detached),16244,563.8022703040491,2.1099294658586087,High
51191,All,Small-scale multifamily,2213,349.3508265340158,9.596535161363862,High
51193,All,Large-scale multifamily,3,21.587033144922902,437.42721671576294,Low
51193,All,Medium-scale multifamily,2,21.213203435596427,644.778219926943,Low
51193,All,Mobile (manufactured) home,717,266.7901797293146,22.619592758523112,Medium
51193,All,Other,29,41.677331968349414,87.36470384309698,Low
51193,All,Single-family (attached),139,91.2414379544733,39.90353937349863,Low
51193,All,Single-family (detached),6878,500.5886534870722,4.424385167872121,High
51193,All,Small-scale multifamily,261,154.1590088188167,35.90562573660266,Low
51195,All,Large-scale multifamily,81,75.39230729988306,56.581715861670645,Low
51195,All,Medium-scale multifamily,107,80.05623023850174,45.482618094197505,Low
51195,All,Mobile (manufactured) home,3582,438.50313567864026,7.441855268891574,High
51195,All,Other,3,28.284271247461902,573.136195490616,Low
51195,All,Single-family (attached),90,53.150729063673246,35.90052621659794,Low
51195,All,Single-family (detached),9387,558.8389750187437,3.619044866866216,High
51195,All,Small-scale multifamily,805,222.89908030317218,16.832417474611354,Medium
51197,All,Large-scale multifamily,61,67.77905281132217,67.5460190456148,Low
51197,All,Medium-scale multifamily,96,101.13851887386922,64.04414822306815,Low
51197,All,Mobile (manufactured) home,2169,365.75674976683615,10.251015617041908,High
51197,All,Other,0,25,Inf,Low
51197,All,Single-family (attached),199,103.83159442096611,31.71834687753849,Low
51197,All,Single-family (detached),8761,511.87693833576833,3.5517793754773828,High
51197,All,Small-scale multifamily,1110,286.63216846683486,15.697700838841962,Medium
51199,All,Large-scale multifamily,754,226.13491548188662,18.231834711882048,Medium
51199,All,Medium-scale multifamily,212,132.67252918370102,38.04339312487842,Low
51199,All,Mobile (manufactured) home,185,158.67261893597143,52.13919951892596,Low
51199,All,Other,33,51.40038910358559,94.68617316677827,Low
51199,All,Single-family (attached),3477,390.23198228745935,6.822637030096332,High
51199,All,Single-family (detached),18511,530.3253718237512,1.7415928057358194,High
51199,All,Small-scale multifamily,3273,412.76264365855593,7.666347088847147,High
51510,All,Large-scale multifamily,27021,976.0292003828574,2.1958137037912477,High
51510,All,Medium-scale multifamily,4141,447.39468034387716,6.567796427362187,High
51510,All,Mobile (manufactured) home,53,37.013511046643494,42.45398984532144,Low
51510,All,Other,9,32.89376840679705,222.18013108272237,Low
51510,All,Single-family (attached),15833,739.0162379812774,2.8374281102367562,High
51510,All,Single-family (detached),10929,590.4278109980932,3.284131040880294,High
51510,All,Small-scale multifamily,17363,1093.867450836709,3.8297818102067964,High
51520,All,Large-scale multifamily,214,118.86967653695369,33.76691660851453,Low
51520,All,Medium-scale multifamily,227,110.8873302050329,29.695467564246986,Medium
51520,All,Mobile (manufactured) home,80,50.44799302251776,38.334341202521095,Low
51520,All,Other,0,21,Inf,Low
51520,All,Single-family (attached),434,161.01242188104618,22.552970442626894,Medium
51520,All,Single-family (detached),4770,384.14710723888055,4.895682963288544,High
51520,All,Small-scale multifamily,1602,322.53681960359194,12.239139510398928,High
51530,All,Large-scale multifamily,23,36.359317925395686,96.09969056533814,Low
51530,All,Medium-scale multifamily,37,53.48831648126533,87.88025380968591,Low
51530,All,Mobile (manufactured) home,133,95.81753492967766,43.79529443502875,Low
51530,All,Other,0,19,Inf,Low
51530,All,Single-family (attached),66,63.28506932918696,58.289646614338174,Low
51530,All,Single-family (detached),2187,347.90803382503253,9.670518769380061,High
51530,All,Small-scale multifamily,165,99.7296345125159,36.742980385931986,Low
51540,All,Large-scale multifamily,1514,263.1900454044567,10.56763200621782,High
51540,All,Medium-scale multifamily,1189,235.05318547086316,12.017617699779036,High
51540,All,Mobile (manufactured) home,147,94.86832980505137,39.23178041273344,Low
51540,All,Other,0,28,Inf,Low
51540,All,Single-family (attached),1703,297.0269348055829,10.602670945625471,High
51540,All,Single-family (detached),9464,527.6551904416368,3.3892966367616517,High
51540,All,Small-scale multifamily,5682,603.7896984878096,6.459792492345684,High
51550,All,Large-scale multifamily,2189,393.72071319655004,10.933937807205412,High
51550,All,Medium-scale multifamily,1822,413.9770525041213,13.812172485031688,High
51550,All,Mobile (manufactured) home,1355,330.97734061412723,14.848858359296413,High
51550,All,Other,5,32.89376840679705,399.9242359489003,Low
51550,All,Single-family (attached),12458,1006.2350620009223,4.910042115982271,High
51550,All,Single-family (detached),62877,1285.6126943990557,1.2429465047613881,High
51550,All,Small-scale multifamily,11655,1034.4157771418609,5.395316865151009,High
51570,All,Large-scale multifamily,104,70.21395872616783,41.04159383105438,Low
51570,All,Medium-scale multifamily,78,68.30812543175226,53.236790142430245,Low
51570,All,Mobile (manufactured) home,11,27.65863337187866,152.8523535334549,Low
51570,All,Other,8,24.186773244895647,183.79007024996693,Low
51570,All,Single-family (attached),288,144.81022063376605,30.566155993280574,Low
51570,All,Single-family (detached),6034,381.5612663780222,3.844085807355303,High
51570,All,Small-scale multifamily,1022,274.9472676714573,16.354324476796634,Medium
51580,All,Large-scale multifamily,11,26.1725046566048,144.6394288842487,Low
51580,All,Medium-scale multifamily,16,29.068883707497267,110.44408703456408,Low
51580,All,Mobile (manufactured) home,151,85,34.21969041244792,Low
51580,All,Other,38,60.08327554319921,96.11786201119695,Low
51580,All,Single-family (attached),12,28.319604517012593,143.4630421327892,Low
51580,All,Single-family (detached),2108,215.8633827215723,6.225044633025507,High
51580,All,Small-scale multifamily,157,87.18944890294925,33.75968439507841,Low
51590,All,Large-scale multifamily,591,156.52475842498527,16.10014024192526,Medium
51590,All,Medium-scale multifamily,606,195.020511741714,19.563284253886064,Medium
51590,All,Mobile (manufactured) home,610,156.20499351813308,15.566793912814097,Medium
51590,All,Other,0,28,Inf,Low
51590,All,Single-family (attached),364,134.06341782902598,22.38942814205985,Medium
51590,All,Single-family (detached),12733,681.7404198080087,3.2547857232756314,High
51590,All,Small-scale multifamily,3728,470.44553351052235,7.671274859284252,High
51595,All,Large-scale multifamily,8,23.021728866442675,174.93714944105378,Low
51595,All,Medium-scale multifamily,9,23.021728866442675,155.4996883920478,Low
51595,All,Mobile (manufactured) home,96,78.2368199762746,49.54205925549304,Low
51595,All,Other,0,19,Inf,Low
51595,All,Single-family (attached),11,27.586228448267445,152.45221579589634,Low
51595,All,Single-family (detached),1675,250.4595775769016,9.089854469061438,High
51595,All,Small-scale multifamily,420,160.00312496948303,23.158651754158782,Medium
51600,All,Large-scale multifamily,494,146.3488981851247,18.00929059782739,Medium
51600,All,Medium-scale multifamily,115,75.66372975210778,39.99668547752493,Low
51600,All,Mobile (manufactured) home,0,25,Inf,Low
51600,All,Other,0,25,Inf,Low
51600,All,Single-family (attached),1578,218.3437656540713,8.411392422945873,High
51600,All,Single-family (detached),4928,329.26129441524097,4.061664804988071,High
51600,All,Small-scale multifamily,2043,341.97806947229816,10.175692801494261,High
51610,All,Large-scale multifamily,2461,271.01660465735307,6.694503671434945,High
51610,All,Medium-scale multifamily,105,86.58521813797087,50.12894377650651,Low
51610,All,Mobile (manufactured) home,6,22.847319317591726,231.48246522382698,Low
51610,All,Other,0,21,Inf,Low
51610,All,Single-family (attached),633,127.63228431709588,12.257190328977744,High
51610,All,Single-family (detached),2170,271.0645679538364,7.59358951028354,High
51610,All,Small-scale multifamily,678,200.43203336792251,17.970970704819514,Medium
51620,All,Large-scale multifamily,91,60.08327554319921,40.13712919148883,Low
51620,All,Medium-scale multifamily,4,21.470910553583888,326.30563151343296,Low
51620,All,Mobile (manufactured) home,6,21.470910553583888,217.53708767562196,Low
51620,All,Other,0,19,Inf,Low
51620,All,Single-family (attached),80,63.631753079732135,48.35239595724327,Low
51620,All,Single-family (detached),2460,292.3439754809392,7.224256195935928,High
51620,All,Small-scale multifamily,747,247.97580527140144,20.180076355790042,Medium
51630,All,Large-scale multifamily,562,150.2165104108067,16.248581424440147,Medium
51630,All,Medium-scale multifamily,907,235.15314159075146,15.760775970131094,Medium
51630,All,Mobile (manufactured) home,18,41.400483088968905,139.81926068547418,Low
51630,All,Other,5,26.248809496813376,319.1344619673359,Low
51630,All,Single-family (attached),1476,353.4543817807328,14.557309321205459,High
51630,All,Single-family (detached),4760,341.43374174208384,4.360472807106892,High
51630,All,Small-scale multifamily,3715,539.6610047057319,8.830724119432547,High
51640,All,Large-scale multifamily,15,23.769728648009426,96.33122045799159,Low
51640,All,Medium-scale multifamily,63,75.43208866258443,72.78630642406951,Low
51640,All,Mobile (manufactured) home,255,113.59577456930342,27.080463572156482,Medium
51640,All,Other,0,19,Inf,Low
51640,All,Single-family (attached),25,35.77708763999664,86.99595778722586,Low
51640,All,Single-family (detached),1922,278.19597409020855,8.79896429093961,High
51640,All,Small-scale multifamily,449,151.4859729479928,20.509741058887062,Medium
51650,All,Large-scale multifamily,2364,408.8275920238261,10.513003873292552,High
51650,All,Medium-scale multifamily,1275,285.44876948412303,13.609810810375969,High
51650,All,Mobile (manufactured) home,729,197.20547659738054,16.444684319810253,Medium
51650,All,Other,6,32.57299494980466,330.0202122573927,Low
51650,All,Single-family (attached),4168,540.5423202673404,7.883808905415416,High
51650,All,Single-family (detached),37129,1326.2748583909747,2.1714727423937865,High
51650,All,Small-scale multifamily,12069,1049.288330250556,5.285154083626826,High
51660,All,Large-scale multifamily,685,166.20770138594662,14.75008997723219,High
51660,All,Medium-scale multifamily,180,96.79876032264049,32.691239555096416,Low
51660,All,Mobile (manufactured) home,218,112.36102527122117,31.332373684844583,Low
51660,All,Other,0,31,Inf,Low
51660,All,Single-family (attached),3936,443.37907032244993,6.8478493328275185,High
51660,All,Single-family (detached),6581,508.2056670286155,4.694417493009632,High
51660,All,Small-scale multifamily,5731,600.8202726273473,6.373063816287862,High
51670,All,Large-scale multifamily,373,130,21.18695861209123,Medium
51670,All,Medium-scale multifamily,229,125.51493934986385,33.319159381973655,Low
51670,All,Mobile (manufactured) home,188,118.98319209031165,38.47351487108312,Low
51670,All,Other,0,25,Inf,Low
51670,All,Single-family (attached),523,265.70660511172844,30.88408644443484,Low
51670,All,Single-family (detached),6856,505.6213998635738,4.483206419718657,High
51670,All,Small-scale multifamily,1249,309.72084204974004,15.074471348494725,Medium
51678,All,Large-scale multifamily,0,19,Inf,Low
51678,All,Medium-scale multifamily,85,71.56814934033156,51.18408678014057,Low
51678,All,Mobile (manufactured) home,0,19,Inf,Low
51678,All,Other,0,19,Inf,Low
51678,All,Single-family (attached),72,77.20103626247513,65.18155712806073,Low
51678,All,Single-family (detached),1290,217.0829334609241,10.229868922076486,High
51678,All,Small-scale multifamily,614,228.3571763707022,22.60894986987537,Medium
51680,All,Large-scale multifamily,1135,205.50669088864237,11.006879257054074,High
51680,All,Medium-scale multifamily,1428,245.20399670478457,10.438387980927885,High
51680,All,Mobile (manufactured) home,243,127.88275880665071,31.991884325028007,Low
51680,All,Other,0,31,Inf,Low
51680,All,Single-family (attached),1821,332.2122815309512,11.090211682046212,High
51680,All,Single-family (detached),16588,747.8803380220662,2.740767442469732,High
51680,All,Small-scale multifamily,7472,772.922376438928,6.288298006083323,High
51683,All,Large-scale multifamily,486,156.66843970627906,19.596537669490917,Medium
51683,All,Medium-scale multifamily,495,178.89102828258325,21.96936271930039,Medium
51683,All,Mobile (manufactured) home,191,101.21264743103995,32.21332211876063,Low
51683,All,Other,0,28,Inf,Low
51683,All,Single-family (attached),4499,540.1453508084653,7.298418234223821,High
51683,All,Single-family (detached),6189,472.1493407810711,4.637596960005728,High
51683,All,Small-scale multifamily,2181,361.8784326262067,10.086514861736458,High
51685,All,Large-scale multifamily,390,171.81385275931623,26.781054128176486,Medium
51685,All,Medium-scale multifamily,244,128.80993750483694,32.091767777377285,Low
51685,All,Mobile (manufactured) home,0,21,Inf,Low
51685,All,Other,0,21,Inf,Low
51685,All,Single-family (attached),1546,324.1635389737717,12.746436100369685,High
51685,All,Single-family (detached),2337,209.1721778822413,5.44100723740439,High
51685,All,Small-scale multifamily,648,249.1244668835239,23.37090199290066,Medium
51690,All,Large-scale multifamily,197,107.91200118615167,33.29949275180957,Low
51690,All,Medium-scale multifamily,163,104.1393297462587,38.838394743789024,Low
51690,All,Mobile (manufactured) home,32,47.67598976424087,90.56988936975849,Low
51690,All,Other,0,21,Inf,Low
51690,All,Single-family (attached),123,73.55270219373317,36.351942172008386,Low
51690,All,Single-family (detached),4229,360.94597933762884,5.1884617694386765,High
51690,All,Small-scale multifamily,875,246.1381725779242,17.100350678448926,Medium
51700,All,Large-scale multifamily,4612,520.331625023888,6.8584349143886305,High
51700,All,Medium-scale multifamily,2541,386.67428153421326,9.250702617718972,High
51700,All,Mobile (manufactured) home,1837,372.6459445640057,12.33165427853348,High
51700,All,Other,125,99.92497185388645,48.59573099277152,Low
51700,All,Single-family (attached),7105,805.3949341782577,6.890946990780993,High
51700,All,Single-family (detached),38607,1263.142905612821,1.9889347209784722,High
51700,All,Small-scale multifamily,20971,1187.9675921505602,3.44365432753658,High
51710,All,Large-scale multifamily,7284,582.1683605281207,4.858618052208536,High
51710,All,Medium-scale multifamily,4261,597.3181731707148,8.521740236366092,High
51710,All,Mobile (manufactured) home,672,216.390850083824,19.575087755447967,Medium
51710,All,Other,35,58.83026432033091,102.18022461195122,Low
51710,All,Single-family (attached),7513,661.9796069366488,5.356305256798237,High
51710,All,Single-family (detached),47018,1271.8588758191688,1.64440531256046,High
51710,All,Small-scale multifamily,27674,1280.1210880225356,2.811986381657513,High
51720,All,Large-scale multifamily,82,81.04936767180853,60.08552722352177,Low
51720,All,Medium-scale multifamily,48,50.695167422546305,64.20360615824,Low
51720,All,Mobile (manufactured) home,207,88.23264701911646,25.91153018783797,Medium
51720,All,Other,0,13,Inf,Low
51720,All,Single-family (attached),8,21.400934559032695,162.62108327532442,Low
51720,All,Single-family (detached),910,192.46298345396187,12.857008146829344,High
51720,All,Small-scale multifamily,298,144.24285077604364,29.424705896665436,Medium
51730,All,Large-scale multifamily,1399,328.0060975042995,14.252737952393241,High
51730,All,Medium-scale multifamily,988,261.50334605889844,16.089939213350384,Medium
51730,All,Mobile (manufactured) home,316,184.5670609832643,35.505956096969,Low
51730,All,Other,0,28,Inf,Low
51730,All,Single-family (attached),371,130.80137613954986,21.432483657829383,Medium
51730,All,Single-family (detached),8066,553.3434738026644,4.170332400572665,High
51730,All,Small-scale multifamily,3714,572.2289751489346,9.366170149732216,High
51735,All,Large-scale multifamily,0,21,Inf,Low
51735,All,Medium-scale multifamily,0,21,Inf,Low
51735,All,Mobile (manufactured) home,61,71.16881339463234,70.9241251628206,Low
51735,All,Other,0,21,Inf,Low
51735,All,Single-family (attached),184,88.60022573334675,29.27191282322808,Medium
51735,All,Single-family (detached),4154,247.3095226634025,3.6191655117402863,High
51735,All,Small-scale multifamily,258,149.35528112524176,35.19127285531486,Low
51740,All,Large-scale multifamily,1808,315.32998588779975,10.602320853208965,High
51740,All,Medium-scale multifamily,791,245.73359558676546,18.885224396555895,Medium
51740,All,Mobile (manufactured) home,260,132.5481044753187,30.990905886209653,Low
51740,All,Other,10,34.88552708502482,212.07007346519643,Low
51740,All,Single-family (attached),3716,491.7977226462115,8.045349325617497,High
51740,All,Single-family (detached),24590,841.5533257019426,2.0804496495151303,High
51740,All,Small-scale multifamily,8503,721.3147717882949,5.156876666724777,High
51750,All,Large-scale multifamily,31,35,68.63417982155113,Low
51750,All,Medium-scale multifamily,204,106.09901036296239,31.61660717651898,Low
51750,All,Mobile (manufactured) home,47,39.20459156782532,50.707613746136346,Low
51750,All,Other,29,51.478150704935004,107.9093401214443,Low
51750,All,Single-family (attached),201,97,29.336599676390087,Medium
51750,All,Single-family (detached),3094,284.85083815920217,5.5966904894698075,High
51750,All,Small-scale multifamily,1894,282.11522468665174,9.054837213874938,High
51760,All,Large-scale multifamily,14105,1028.7706255526546,4.433835360082295,High
51760,All,Medium-scale multifamily,5618,675.1607216063446,7.305661260390177,High
51760,All,Mobile (manufactured) home,840,328.977202857584,23.80787399461456,Medium
51760,All,Other,16,41.10960958218893,156.19152576819502,Low
51760,All,Single-family (attached),7653,725.8443359288547,5.765618155018411,High
51760,All,Single-family (detached),47651,1537.8546745385274,1.961902297012144,High
51760,All,Small-scale multifamily,26262,1408.7952299748888,3.261025337555665,High
51770,All,Large-scale multifamily,1862,286.58681058276215,9.356439641747514,High
51770,All,Medium-scale multifamily,1465,342.4864960841522,14.211500195406584,High
51770,All,Mobile (manufactured) home,397,171.05846953600397,26.193176718397705,Medium
51770,All,Other,0,31,Inf,Low
51770,All,Single-family (attached),1681,378.565714242587,13.69013285414446,High
51770,All,Single-family (detached),26971,1238.338402860866,2.791106383341301,High
51770,All,Small-scale multifamily,11053,895.8096896104664,4.926853893580262,High
51775,All,Large-scale multifamily,166,115.73245007343446,42.38197168251162,Low
51775,All,Medium-scale multifamily,138,65.19202405202648,28.717688230486093,Medium
51775,All,Mobile (manufactured) home,266,102.82509421342633,23.499118818343653,Medium
51775,All,Other,33,47.16990566028302,86.89307480940042,Low
51775,All,Single-family (attached),415,162.27445886522005,23.770382519532728,Medium
51775,All,Single-family (detached),7259,370.4186820342624,3.102059927152688,High
51775,All,Small-scale multifamily,1863,294.32634948301865,9.603960976854294,High
51790,All,Large-scale multifamily,394,122.57650672131263,18.91233343948168,Medium
51790,All,Medium-scale multifamily,192,69.58448102845921,22.031560609314592,Medium
51790,All,Mobile (manufactured) home,49,55.90169943749474,69.35264491966346,Low
51790,All,Other,0,25,Inf,Low
51790,All,Single-family (attached),445,141.4814475470194,19.327406515763723,Medium
51790,All,Single-family (detached),8146,449.4841487750152,3.35431676445161,High
51790,All,Small-scale multifamily,2130,343.90114858778827,9.814950656785772,High
51800,All,Large-scale multifamily,1142,202.09156340629363,10.757619459610327,High
51800,All,Medium-scale multifamily,416,165.92166826548,24.24621058356909,Medium
51800,All,Mobile (manufactured) home,783,176.7766952966369,13.724525754085635,High
51800,All,Other,16,35.84689665786984,136.19641587336565,Low
51800,All,Single-family (attached),2446,322.3553939365681,8.011476933659273,High
51800,All,Single-family (detached),27681,770.6549162887369,1.6924360817400608,High
51800,All,Small-scale multifamily,4649,568.3467251599151,7.431695611370031,High
51810,All,Large-scale multifamily,9473,759.9190746388723,4.87656375254882,High
51810,All,Medium-scale multifamily,3479,487.5910171444917,8.519917020918243,High
51810,All,Mobile (manufactured) home,1867,344.570747452537,11.219362612273546,High
51810,All,Other,39,31.38470965295043,48.92013039194206,Low
51810,All,Single-family (attached),33293,1530.8167754502822,2.7951452420656024,High
51810,All,Single-family (detached),100097,1488.8992578411744,0.9042288298533853,High
51810,All,Small-scale multifamily,31552,1531.3732399385854,2.950449992791531,High
51820,All,Large-scale multifamily,180,115.73245007343446,39.085596107205156,Low
51820,All,Medium-scale multifamily,201,105.01904589168576,31.761873275472414,Low
51820,All,Mobile (manufactured) home,46,46.010868281309364,60.80463629088062,Low
51820,All,Other,0,25,Inf,Low
51820,All,Single-family (attached),329,131.46862743635836,24.291835337138117,Medium
51820,All,Single-family (detached),6672,469.34848460392413,4.276352333974074,High
51820,All,Small-scale multifamily,2192,397.61287705505714,11.02691403542745,High
51830,All,Large-scale multifamily,245,155.42522317822161,38.56466054915244,Low
51830,All,Medium-scale multifamily,295,122.8087944733601,25.30705156320851,Medium
51830,All,Mobile (manufactured) home,6,24.186773244895647,245.0534269999559,Low
51830,All,Other,0,21,Inf,Low
51830,All,Single-family (attached),812,203.9607805437114,15.269497098515533,Medium
51830,All,Single-family (detached),2048,234.2007685726074,6.951723041312671,High
51830,All,Small-scale multifamily,1567,318.37870531805356,12.351198845413615,High
51840,All,Large-scale multifamily,437,192.62917743685665,26.796293801597887,Medium
51840,All,Medium-scale multifamily,207,98.2344135219425,28.848777152825132,Medium
51840,All,Mobile (manufactured) home,0,25,Inf,Low
51840,All,Other,0,25,Inf,Low
51840,All,Single-family (attached),984,248.86341635523692,15.37446662436287,Medium
51840,All,Single-family (detached),6621,560.9322597248263,5.1501624399919965,High
51840,All,Small-scale multifamily,3006,454.8131484467,9.1976765505807,High
