variable,year,state,fips,medhhincome,age,estimate,moe,index,adjusted
B19049_001,2010,Alabama,01,Median household income ,All,42081,183,249.38541666666666,67435.21587494592
B19049_002,2010,Alabama,01,Median household income ,Householder under 25 years,21086,563,249.38541666666666,33790.52213443382
B19049_003,2010,Alabama,01,Median household income ,Householder 25 to 44 years,47474,492,249.38541666666666,76077.55135208722
B19049_004,2010,Alabama,01,Median household income ,Householder 45 to 64 years,51270,415,249.38541666666666,82160.67864139343
B19049_005,2010,Alabama,01,Median household income ,Householder 65 years and over,29466,264,249.38541666666666,47219.55445381898
B19049_001,2010,Alaska,02,Median household income ,All,66521,642,249.38541666666666,106600.55595678043
B19049_002,2010,Alaska,02,Median household income ,Householder under 25 years,40863,1443,249.38541666666666,65483.35891014746
B19049_003,2010,Alaska,02,Median household income ,Householder 25 to 44 years,67966,1193,249.38541666666666,108916.18265147155
B19049_004,2010,Alaska,02,Median household income ,Householder 45 to 64 years,78610,1226,249.38541666666666,125973.29721084333
B19049_005,2010,Alaska,02,Median household income ,Householder 65 years and over,45414,1589,249.38541666666666,72776.38111605699
B19049_001,2010,Arizona,04,Median household income ,All,50448,217,249.38541666666666,80843.41556662797
B19049_002,2010,Arizona,04,Median household income ,Householder under 25 years,28751,765,249.38541666666666,46073.759930148284
B19049_003,2010,Arizona,04,Median household income ,Householder 25 to 44 years,54942,477,249.38541666666666,88045.09471260851
B19049_004,2010,Arizona,04,Median household income ,Householder 45 to 64 years,60747,408,249.38541666666666,97347.66423695587
B19049_005,2010,Arizona,04,Median household income ,Householder 65 years and over,37268,338,249.38541666666666,59722.336095327686
B19049_001,2010,Arkansas,05,Median household income ,All,39267,283,249.38541666666666,62925.75323213568
B19049_002,2010,Arkansas,05,Median household income ,Householder under 25 years,21820,616,249.38541666666666,34966.764344747506
B19049_003,2010,Arkansas,05,Median household income ,Householder 25 to 44 years,44551,648,249.38541666666666,71393.41513853558
B19049_004,2010,Arkansas,05,Median household income ,Householder 45 to 64 years,47141,462,249.38541666666666,75543.91558092312
B19049_005,2010,Arkansas,05,Median household income ,Householder 65 years and over,28155,358,249.38541666666666,45118.66407545216
B19049_001,2010,California,06,Median household income ,All,60883,150,249.38541666666666,97565.6055729268
B19049_002,2010,California,06,Median household income ,Householder under 25 years,32470,415,249.38541666666666,52033.49396305919
B19049_003,2010,California,06,Median household income ,Householder 25 to 44 years,64374,306,249.38541666666666,103159.96736612172
B19049_004,2010,California,06,Median household income ,Householder 45 to 64 years,73646,296,249.38541666666666,118018.43844790445
B19049_005,2010,California,06,Median household income ,Householder 65 years and over,40098,206,249.38541666666666,64257.43889531098
B19049_001,2010,Colorado,08,Median household income ,All,56456,309,249.38541666666666,90471.29458510841
B19049_002,2010,Colorado,08,Median household income ,Householder under 25 years,28167,837,249.38541666666666,45137.894193331944
B19049_003,2010,Colorado,08,Median household income ,Householder 25 to 44 years,60717,498,249.38541666666666,97299.58894225639
B19049_004,2010,Colorado,08,Median household income ,Householder 45 to 64 years,69405,563,249.38541666666666,111222.19428722277
B19049_005,2010,Colorado,08,Median household income ,Householder 65 years and over,37745,429,249.38541666666666,60486.73328104925
B19049_001,2010,Connecticut,09,Median household income ,All,67740,381,249.38541666666666,108554.01543140221
B19049_002,2010,Connecticut,09,Median household income ,Householder under 25 years,31483,1110,249.38541666666666,50451.816767446646
B19049_003,2010,Connecticut,09,Median household income ,Householder 25 to 44 years,73744,797,249.38541666666666,118175.48441058939
B19049_004,2010,Connecticut,09,Median household income ,Householder 45 to 64 years,84875,675,249.38541666666666,136013.02125391588
B19049_005,2010,Connecticut,09,Median household income ,Householder 65 years and over,39360,532,249.38541666666666,63074.78664570403
B19049_001,2010,Delaware,10,Median household income ,All,57599,651,249.38541666666666,92302.9633131582
B19049_002,2010,Delaware,10,Median household income ,Householder under 25 years,32422,1706,249.38541666666666,51956.57349154004
B19049_003,2010,Delaware,10,Median household income ,Householder 25 to 44 years,62038,864,249.38541666666666,99416.50441885636
B19049_004,2010,Delaware,10,Median household income ,Householder 45 to 64 years,70813,1192,249.38541666666666,113478.52811845121
B19049_005,2010,Delaware,10,Median household income ,Householder 65 years and over,39340,857,249.38541666666666,63042.73644923772
B19049_001,2010,District of Columbia,11,Median household income ,All,58526,982,249.38541666666666,93788.4899193718
B19049_002,2010,District of Columbia,11,Median household income ,Householder under 25 years,31006,1636,249.38541666666666,49687.41958172508
B19049_003,2010,District of Columbia,11,Median household income ,Householder 25 to 44 years,69979,1525,249.38541666666666,112142.03492580596
B19049_004,2010,District of Columbia,11,Median household income ,Householder 45 to 64 years,62670,1520,249.38541666666666,100429.29062719186
B19049_005,2010,District of Columbia,11,Median household income ,Householder 65 years and over,41660,1253,249.38541666666666,66760.55923933003
B19049_001,2010,Florida,12,Median household income ,All,47661,173,249.38541666666666,76377.22068904724
B19049_002,2010,Florida,12,Median household income ,Householder under 25 years,27317,407,249.38541666666666,43775.76084351364
B19049_003,2010,Florida,12,Median household income ,Householder 25 to 44 years,52746,346,249.38541666666666,84525.98314060734
B19049_004,2010,Florida,12,Median household income ,Householder 45 to 64 years,56673,322,249.38541666666666,90819.0392167679
B19049_005,2010,Florida,12,Median household income ,Householder 65 years and over,34987,181,249.38541666666666,56067.01118834469
B19049_001,2010,Georgia,13,Median household income ,All,49347,240,249.38541666666666,79079.05225115744
B19049_002,2010,Georgia,13,Median household income ,Householder under 25 years,25291,551,249.38541666666666,40529.075941476134
B19049_003,2010,Georgia,13,Median household income ,Householder 25 to 44 years,53271,349,249.38541666666666,85367.30079784806
B19049_004,2010,Georgia,13,Median household income ,Householder 45 to 64 years,58569,489,249.38541666666666,93857.39784177438
B19049_005,2010,Georgia,13,Median household income ,Householder 65 years and over,31899,254,249.38541666666666,51118.46085394596
B19049_001,2010,Hawaii,15,Median household income ,All,66420,603,249.38541666666666,106438.70246462554
B19049_002,2010,Hawaii,15,Median household income ,Householder under 25 years,36283,2744,249.38541666666666,58143.86391936177
B19049_003,2010,Hawaii,15,Median household income ,Householder 25 to 44 years,68345,1415,249.38541666666666,109523.53387450818
B19049_004,2010,Hawaii,15,Median household income ,Householder 45 to 64 years,76352,1112,249.38541666666666,122354.8300297966
B19049_005,2010,Hawaii,15,Median household income ,Householder 65 years and over,52405,1065,249.38541666666666,83979.5272908567
B19049_001,2010,Idaho,16,Median household income ,All,46423,367,249.38541666666666,74393.31352778248
B19049_002,2010,Idaho,16,Median household income ,Householder under 25 years,27195,920,249.38541666666666,43580.25464506914
B19049_003,2010,Idaho,16,Median household income ,Householder 25 to 44 years,50854,659,249.38541666666666,81494.03455489413
B19049_004,2010,Idaho,16,Median household income ,Householder 45 to 64 years,56323,669,249.38541666666666,90258.16077860742
B19049_005,2010,Idaho,16,Median household income ,Householder 65 years and over,33137,561,249.38541666666666,53102.36801521073
B19049_001,2010,Illinois,17,Median household income ,All,55735,210,249.38541666666666,89315.88500249782
B19049_002,2010,Illinois,17,Median household income ,Householder under 25 years,25854,446,249.38541666666666,41431.28897200285
B19049_003,2010,Illinois,17,Median household income ,Householder 25 to 44 years,61533,329,249.38541666666666,98607.23695808196
B19049_004,2010,Illinois,17,Median household income ,Householder 45 to 64 years,68668,392,249.38541666666666,110041.14454743914
B19049_005,2010,Illinois,17,Median household income ,Householder 65 years and over,34435,227,249.38541666666666,55182.42576587445
B19049_001,2010,Indiana,18,Median household income ,All,47697,197,249.38541666666666,76434.91104268661
B19049_002,2010,Indiana,18,Median household income ,Householder under 25 years,23184,616,249.38541666666666,37152.58774375006
B19049_003,2010,Indiana,18,Median household income ,Householder 25 to 44 years,52962,338,249.38541666666666,84872.12526244351
B19049_004,2010,Indiana,18,Median household income ,Householder 45 to 64 years,59141,432,249.38541666666666,94774.03346071093
B19049_005,2010,Indiana,18,Median household income ,Householder 65 years and over,31802,251,249.38541666666666,50963.01740108434
B19049_001,2010,Iowa,19,Median household income ,All,48872,269,249.38541666666666,78317.8600850825
B19049_002,2010,Iowa,19,Median household income ,Householder under 25 years,26000,596,249.38541666666666,41665.25540620693
B19049_003,2010,Iowa,19,Median household income ,Householder 25 to 44 years,56033,574,249.38541666666666,89793.43292984588
B19049_004,2010,Iowa,19,Median household income ,Householder 45 to 64 years,61140,404,249.38541666666666,97977.45059751891
B19049_005,2010,Iowa,19,Median household income ,Householder 65 years and over,31591,327,249.38541666666666,50624.887828364735
B19049_001,2010,Kansas,20,Median household income ,All,49424,307,249.38541666666666,79202.44550755274
B19049_002,2010,Kansas,20,Median household income ,Householder under 25 years,24844,790,249.38541666666666,39812.75405045404
B19049_003,2010,Kansas,20,Median household income ,Householder 25 to 44 years,53980,607,249.38541666666666,86503.48026257884
B19049_004,2010,Kansas,20,Median household income ,Householder 45 to 64 years,62659,634,249.38541666666666,100411.66301913539
B19049_005,2010,Kansas,20,Median household income ,Householder 65 years and over,33355,453,249.38541666666666,53451.71515669354
B19049_001,2010,Kentucky,21,Median household income ,All,41576,210,249.38541666666666,66625.94841417151
B19049_002,2010,Kentucky,21,Median household income ,Householder under 25 years,22486,705,249.38541666666666,36034.035887075734
B19049_003,2010,Kentucky,21,Median household income ,Householder 25 to 44 years,47808,536,249.38541666666666,76612.78963307464
B19049_004,2010,Kentucky,21,Median household income ,Householder 45 to 64 years,49999,399,249.38541666666666,80123.88865595925
B19049_005,2010,Kentucky,21,Median household income ,Householder 65 years and over,27179,299,249.38541666666666,43554.614487896084
B19049_001,2010,Louisiana,22,Median household income ,All,43445,264,249.38541666666666,69621.03927394847
B19049_002,2010,Louisiana,22,Median household income ,Householder under 25 years,23231,996,249.38541666666666,37227.90570544589
B19049_003,2010,Louisiana,22,Median household income ,Householder 25 to 44 years,49490,568,249.38541666666666,79308.21115589158
B19049_004,2010,Louisiana,22,Median household income ,Householder 45 to 64 years,51829,445,249.38541666666666,83056.48163262688
B19049_005,2010,Louisiana,22,Median household income ,Householder 65 years and over,28526,350,249.38541666666666,45713.19521990226
B19049_001,2010,Maine,23,Median household income ,All,46933,457,249.38541666666666,75210.59353767346
B19049_002,2010,Maine,23,Median household income ,Householder under 25 years,26999,1366,249.38541666666666,43266.16271969926
B19049_003,2010,Maine,23,Median household income ,Householder 25 to 44 years,52645,805,249.38541666666666,84364.12964845245
B19049_004,2010,Maine,23,Median household income ,Householder 45 to 64 years,56734,725,249.38541666666666,90916.79231599015
B19049_005,2010,Maine,23,Median household income ,Householder 65 years and over,29733,560,249.38541666666666,47647.424576644255
B19049_001,2010,Maryland,24,Median household income ,All,70647,262,249.38541666666666,113212.51148778081
B19049_002,2010,Maryland,24,Median household income ,Householder under 25 years,36504,973,249.38541666666666,58498.01859031453
B19049_003,2010,Maryland,24,Median household income ,Householder 25 to 44 years,74677,591,249.38541666666666,119670.62607574288
B19049_004,2010,Maryland,24,Median household income ,Householder 45 to 64 years,85695,694,249.38541666666666,137327.0793090347
B19049_005,2010,Maryland,24,Median household income ,Householder 65 years and over,43861,550,249.38541666666666,70287.68336044777
B19049_001,2010,Massachusetts,25,Median household income ,All,64509,344,249.38541666666666,103376.30619226935
B19049_002,2010,Massachusetts,25,Median household income ,Householder under 25 years,30830,716,249.38541666666666,49405.377852821526
B19049_003,2010,Massachusetts,25,Median household income ,Householder 25 to 44 years,72850,628,249.38541666666666,116742.8406285452
B19049_004,2010,Massachusetts,25,Median household income ,Householder 45 to 64 years,80150,538,249.38541666666666,128441.16233874945
B19049_005,2010,Massachusetts,25,Median household income ,Householder 65 years and over,34873,323,249.38541666666666,55884.3250684867
B19049_001,2010,Michigan,26,Median household income ,All,48432,168,249.38541666666666,77612.75576282362
B19049_002,2010,Michigan,26,Median household income ,Householder under 25 years,21528,374,249.38541666666666,34498.831476339335
B19049_003,2010,Michigan,26,Median household income ,Householder 25 to 44 years,53856,362,249.38541666666666,86304.76904448771
B19049_004,2010,Michigan,26,Median household income ,Householder 45 to 64 years,59703,372,249.38541666666666,95674.64398141432
B19049_005,2010,Michigan,26,Median household income ,Householder 65 years and over,32979,198,249.38541666666666,52849.17146312686
B19049_001,2010,Minnesota,27,Median household income ,All,57243,187,249.38541666666666,91732.46981605783
B19049_002,2010,Minnesota,27,Median household income ,Householder under 25 years,28693,858,249.38541666666666,45980.814360395976
B19049_003,2010,Minnesota,27,Median household income ,Householder 25 to 44 years,64639,389,249.38541666666666,103584.63246930037
B19049_004,2010,Minnesota,27,Median household income ,Householder 45 to 64 years,70338,315,249.38541666666666,112717.33595237628
B19049_005,2010,Minnesota,27,Median household income ,Householder 65 years and over,34152,332,249.38541666666666,54728.91548587612
B19049_001,2010,Mississippi,28,Median household income ,All,37881,333,249.38541666666666,60704.67461702018
B19049_002,2010,Mississippi,28,Median household income ,Householder under 25 years,20560,866,249.38541666666666,32947.60196736979
B19049_003,2010,Mississippi,28,Median household income ,Householder 25 to 44 years,42801,568,249.38541666666666,68589.02294773319
B19049_004,2010,Mississippi,28,Median household income ,Householder 45 to 64 years,45264,670,249.38541666666666,72536.00464255964
B19049_005,2010,Mississippi,28,Median household income ,Householder 65 years and over,25606,319,249.38541666666666,41033.86653582056
B19049_001,2010,Missouri,29,Median household income ,All,46262,177,249.38541666666666,74135.30944622865
B19049_002,2010,Missouri,29,Median household income ,Householder under 25 years,24629,509,249.38541666666666,39468.21443844117
B19049_003,2010,Missouri,29,Median household income ,Householder 25 to 44 years,51838,345,249.38541666666666,83070.90422103672
B19049_004,2010,Missouri,29,Median household income ,Householder 45 to 64 years,56532,355,249.38541666666666,90593.0853316804
B19049_005,2010,Missouri,29,Median household income ,Householder 65 years and over,31175,277,249.38541666666666,49958.24374186542
B19049_001,2010,Montana,30,Median household income ,All,43872,408,249.38541666666666,70305.31096850424
B19049_002,2010,Montana,30,Median household income ,Householder under 25 years,24990,1552,249.38541666666666,40046.72048465812
B19049_003,2010,Montana,30,Median household income ,Householder 25 to 44 years,48271,859,249.38541666666666,77354.7516812698
B19049_004,2010,Montana,30,Median household income ,Householder 45 to 64 years,53601,886,249.38541666666666,85896.12903954223
B19049_005,2010,Montana,30,Median household income ,Householder 65 years and over,31412,572,249.38541666666666,50338.03856999124
B19049_001,2010,Nebraska,31,Median household income ,All,49342,293,249.38541666666666,79071.03970204086
B19049_002,2010,Nebraska,31,Median household income ,Householder under 25 years,25891,1107,249.38541666666666,41490.58183546553
B19049_003,2010,Nebraska,31,Median household income ,Householder 25 to 44 years,54640,630,249.38541666666666,87561.13674596717
B19049_004,2010,Nebraska,31,Median household income ,Householder 45 to 64 years,61439,486,249.38541666666666,98456.60103469029
B19049_005,2010,Nebraska,31,Median household income ,Householder 65 years and over,31963,448,249.38541666666666,51221.021482638156
B19049_001,2010,Nevada,32,Median household income ,All,55726,395,249.38541666666666,89301.46241408798
B19049_002,2010,Nevada,32,Median household income ,Householder under 25 years,35955,1188,249.38541666666666,57618.240697314235
B19049_003,2010,Nevada,32,Median household income ,Householder 25 to 44 years,60044,575,249.38541666666666,96221.09983116496
B19049_004,2010,Nevada,32,Median household income ,Householder 45 to 64 years,63777,705,249.38541666666666,102203.26900160228
B19049_005,2010,Nevada,32,Median household income ,Householder 65 years and over,39562,690,249.38541666666666,63398.49363001379
B19049_001,2010,New Hampshire,33,Median household income ,All,63277,539,249.38541666666666,101402.01408994445
B19049_002,2010,New Hampshire,33,Median household income ,Householder under 25 years,33076,2228,249.38541666666666,53004.61491598848
B19049_003,2010,New Hampshire,33,Median household income ,Householder 25 to 44 years,71284,924,249.38541666666666,114233.31024523287
B19049_004,2010,New Hampshire,33,Median household income ,Householder 45 to 64 years,74000,940,249.38541666666666,118585.72692535819
B19049_005,2010,New Hampshire,33,Median household income ,Householder 65 years and over,36981,609,249.38541666666666,59262.4157760361
B19049_001,2010,New Jersey,34,Median household income ,All,69811,309,249.38541666666666,111872.81327548892
B19049_002,2010,New Jersey,34,Median household income ,Householder under 25 years,33825,1479,249.38541666666666,54204.894773651904
B19049_003,2010,New Jersey,34,Median household income ,Householder 25 to 44 years,76880,464,249.38541666666666,123200.95521650727
B19049_004,2010,New Jersey,34,Median household income ,Householder 45 to 64 years,85617,542,249.38541666666666,137202.0835428161
B19049_005,2010,New Jersey,34,Median household income ,Householder 65 years and over,39709,333,249.38541666666666,63634.06257404119
B19049_001,2010,New Mexico,35,Median household income ,All,43820,386,249.38541666666666,70221.98045769184
B19049_002,2010,New Mexico,35,Median household income ,Householder under 25 years,23861,1081,249.38541666666666,38237.48689413475
B19049_003,2010,New Mexico,35,Median household income ,Householder 25 to 44 years,46019,607,249.38541666666666,73745.89955916295
B19049_004,2010,New Mexico,35,Median household income ,Householder 45 to 64 years,53674,770,249.38541666666666,86013.11225664426
B19049_005,2010,New Mexico,35,Median household income ,Householder 65 years and over,33179,606,249.38541666666666,53169.67342778999
B19049_001,2010,New York,36,Median household income ,All,55603,178,249.38541666666666,89104.35370582015
B19049_002,2010,New York,36,Median household income ,Householder under 25 years,27948,650,249.38541666666666,44786.94454202582
B19049_003,2010,New York,36,Median household income ,Householder 25 to 44 years,62225,311,249.38541666666666,99716.17375581639
B19049_004,2010,New York,36,Median household income ,Householder 45 to 64 years,67186,317,249.38541666666666,107666.22498928534
B19049_005,2010,New York,36,Median household income ,Householder 65 years and over,33860,187,249.38541666666666,54260.98261746795
B19049_001,2010,North Carolina,37,Median household income ,All,45570,206,249.38541666666666,73026.37264849423
B19049_002,2010,North Carolina,37,Median household income ,Householder under 25 years,24215,486,249.38541666666666,38804.77537158849
B19049_003,2010,North Carolina,37,Median household income ,Householder 25 to 44 years,50584,319,249.38541666666666,81061.3569025989
B19049_004,2010,North Carolina,37,Median household income ,Householder 45 to 64 years,54312,367,249.38541666666666,87035.51352391965
B19049_005,2010,North Carolina,37,Median household income ,Householder 65 years and over,31025,229,249.38541666666666,49717.86726836808
B19049_001,2010,North Dakota,38,Median household income ,All,46781,452,249.38541666666666,74967.01204452947
B19049_002,2010,North Dakota,38,Median household income ,Householder under 25 years,24105,1480,249.38541666666666,38628.49929102377
B19049_003,2010,North Dakota,38,Median household income ,Householder 25 to 44 years,54989,925,249.38541666666666,88120.41267430435
B19049_004,2010,North Dakota,38,Median household income ,Householder 45 to 64 years,61703,975,249.38541666666666,98879.66362804563
B19049_005,2010,North Dakota,38,Median household income ,Householder 65 years and over,28333,623,249.38541666666666,45403.91082400234
B19049_001,2010,Ohio,39,Median household income ,All,47358,162,249.38541666666666,75891.6602125826
B19049_002,2010,Ohio,39,Median household income ,Householder under 25 years,21951,390,249.38541666666666,35176.69313160186
B19049_003,2010,Ohio,39,Median household income ,Householder 25 to 44 years,52988,382,249.38541666666666,84913.79051784973
B19049_004,2010,Ohio,39,Median household income ,Householder 45 to 64 years,58956,344,249.38541666666666,94477.56914339753
B19049_005,2010,Ohio,39,Median household income ,Householder 65 years and over,31472,212,249.38541666666666,50434.189159390175
B19049_001,2010,Oklahoma,40,Median household income ,All,42979,265,249.38541666666666,68874.26969628337
B19049_002,2010,Oklahoma,40,Median household income ,Householder under 25 years,24310,577,249.38541666666666,38957.01380480348
B19049_003,2010,Oklahoma,40,Median household income ,Householder 25 to 44 years,46603,460,249.38541666666666,74681.76529597929
B19049_004,2010,Oklahoma,40,Median household income ,Householder 45 to 64 years,52907,488,249.38541666666666,84783.98722216116
B19049_005,2010,Oklahoma,40,Median household income ,Householder 65 years and over,31402,330,249.38541666666666,50322.01347175808
B19049_001,2010,Oregon,41,Median household income ,All,49260,306,249.38541666666666,78939.63389652898
B19049_002,2010,Oregon,41,Median household income ,Householder under 25 years,24740,829,249.38541666666666,39646.09302882921
B19049_003,2010,Oregon,41,Median household income ,Householder 25 to 44 years,53593,520,249.38541666666666,85883.30896095569
B19049_004,2010,Oregon,41,Median household income ,Householder 45 to 64 years,59837,590,249.38541666666666,95889.38029773862
B19049_005,2010,Oregon,41,Median household income ,Householder 65 years and over,34495,405,249.38541666666666,55278.576355273384
B19049_001,2010,Pennsylvania,42,Median household income ,All,50398,158,249.38541666666666,80763.29007546218
B19049_002,2010,Pennsylvania,42,Median household income ,Householder under 25 years,23737,593,249.38541666666666,38038.77567604361
B19049_003,2010,Pennsylvania,42,Median household income ,Householder 25 to 44 years,57751,371,249.38541666666666,92546.54480630218
B19049_004,2010,Pennsylvania,42,Median household income ,Householder 45 to 64 years,62923,320,249.38541666666666,100834.72561249071
B19049_005,2010,Pennsylvania,42,Median household income ,Householder 65 years and over,30708,177,249.38541666666666,49209.87165437701
B19049_001,2010,Rhode Island,44,Median household income ,All,54902,645,249.38541666666666,87980.99431967588
B19049_002,2010,Rhode Island,44,Median household income ,Householder under 25 years,25648,1876,249.38541666666666,41101.171948399824
B19049_003,2010,Rhode Island,44,Median household income ,Householder 25 to 44 years,62050,1403,249.38541666666666,99435.73453673616
B19049_004,2010,Rhode Island,44,Median household income ,Householder 45 to 64 years,69319,1231,249.38541666666666,111084.37844241763
B19049_005,2010,Rhode Island,44,Median household income ,Householder 65 years and over,31776,748,249.38541666666666,50921.35214567813
B19049_001,2010,South Carolina,45,Median household income ,All,43939,271,249.38541666666666,70412.6791266664
B19049_002,2010,South Carolina,45,Median household income ,Householder under 25 years,23327,821,249.38541666666666,37381.74664848419
B19049_003,2010,South Carolina,45,Median household income ,Householder 25 to 44 years,48181,622,249.38541666666666,77210.52579717139
B19049_004,2010,South Carolina,45,Median household income ,Householder 45 to 64 years,52047,412,249.38541666666666,83405.8287741097
B19049_005,2010,South Carolina,45,Median household income ,Householder 65 years and over,31454,332,249.38541666666666,50405.34398257049
B19049_001,2010,South Dakota,46,Median household income ,All,46369,395,249.38541666666666,74306.77799732343
B19049_002,2010,South Dakota,46,Median household income ,Householder under 25 years,25904,1349,249.38541666666666,41511.41446316863
B19049_003,2010,South Dakota,46,Median household income ,Householder 25 to 44 years,52847,827,249.38541666666666,84687.83663276222
B19049_004,2010,South Dakota,46,Median household income ,Householder 45 to 64 years,57725,808,249.38541666666666,92504.87955089596
B19049_005,2010,South Dakota,46,Median household income ,Householder 65 years and over,29833,652,249.38541666666666,47807.675558975825
B19049_001,2010,Tennessee,47,Median household income ,All,43314,190,249.38541666666666,69411.11048709412
B19049_002,2010,Tennessee,47,Median household income ,Householder under 25 years,22130,526,249.38541666666666,35463.54238997536
B19049_003,2010,Tennessee,47,Median household income ,Householder 25 to 44 years,48120,439,249.38541666666666,77112.77269794913
B19049_004,2010,Tennessee,47,Median household income ,Householder 45 to 64 years,51997,359,249.38541666666666,83325.70328294391
B19049_005,2010,Tennessee,47,Median household income ,Householder 65 years and over,29795,259,249.38541666666666,47746.78018568983
B19049_001,2010,Texas,48,Median household income ,All,49646,145,249.38541666666666,79558.20268832882
B19049_002,2010,Texas,48,Median household income ,Householder under 25 years,25098,343,249.38541666666666,40219.79154557621
B19049_003,2010,Texas,48,Median household income ,Householder 25 to 44 years,52319,233,249.38541666666666,83841.71144605156
B19049_004,2010,Texas,48,Median household income ,Householder 45 to 64 years,60964,258,249.38541666666666,97695.40886861536
B19049_005,2010,Texas,48,Median household income ,Householder 65 years and over,33888,226,249.38541666666666,54305.85289252079
B19049_001,2010,Utah,49,Median household income ,All,56330,330,249.38541666666666,90269.37834737063
B19049_002,2010,Utah,49,Median household income ,Householder under 25 years,32349,707,249.38541666666666,51839.590274438
B19049_003,2010,Utah,49,Median household income ,Householder 25 to 44 years,58236,506,249.38541666666666,93323.76207061026
B19049_004,2010,Utah,49,Median household income ,Householder 45 to 64 years,72256,696,249.38541666666666,115790.94979349569
B19049_005,2010,Utah,49,Median household income ,Householder 65 years and over,40132,642,249.38541666666666,64311.92422930371
B19049_001,2010,Vermont,50,Median household income ,All,51841,447,249.38541666666666,83075.71175050667
B19049_002,2010,Vermont,50,Median household income ,Householder under 25 years,28715,2555,249.38541666666666,46016.069576508926
B19049_003,2010,Vermont,50,Median household income ,Householder 25 to 44 years,56339,996,249.38541666666666,90283.80093578047
B19049_004,2010,Vermont,50,Median household income ,Householder 45 to 64 years,62001,939,249.38541666666666,99357.21155539369
B19049_005,2010,Vermont,50,Median household income ,Householder 65 years and over,32773,774,249.38541666666666,52519.05443952384
B19049_001,2010,Virginia,51,Median household income ,All,61406,235,249.38541666666666,98403.71821052088
B19049_002,2010,Virginia,51,Median household income ,Householder under 25 years,31967,627,249.38541666666666,51227.43152193142
B19049_003,2010,Virginia,51,Median household income ,Householder 25 to 44 years,67089,441,249.38541666666666,107510.78153642372
B19049_004,2010,Virginia,51,Median household income ,Householder 45 to 64 years,73733,509,249.38541666666666,118157.85680253292
B19049_005,2010,Virginia,51,Median household income ,Householder 65 years and over,38641,348,249.38541666666666,61922.582082740075
B19049_001,2010,Washington,53,Median household income ,All,57244,261,249.38541666666666,91734.07232588113
B19049_002,2010,Washington,53,Median household income ,Householder under 25 years,30652,583,249.38541666666666,49120.13110427134
B19049_003,2010,Washington,53,Median household income ,Householder 25 to 44 years,62137,414,249.38541666666666,99575.15289136462
B19049_004,2010,Washington,53,Median household income ,Householder 45 to 64 years,69546,512,249.38541666666666,111448.14817231028
B19049_005,2010,Washington,53,Median household income ,Householder 65 years and over,38523,327,249.38541666666666,61733.48592358883
B19049_001,2010,West Virginia,54,Median household income ,All,38380,329,249.38541666666666,61504.32701885469
B19049_002,2010,West Virginia,54,Median household income ,Householder under 25 years,17841,1143,249.38541666666666,28590.37775777453
B19049_003,2010,West Virginia,54,Median household income ,Householder 25 to 44 years,44698,599,249.38541666666666,71628.98408256298
B19049_004,2010,West Virginia,54,Median household income ,Householder 45 to 64 years,47410,642,249.38541666666666,75974.99072339502
B19049_005,2010,West Virginia,54,Median household income ,Householder 65 years and over,26683,311,249.38541666666666,42759.76961553152
B19049_001,2010,Wisconsin,55,Median household income ,All,51598,143,249.38541666666666,82686.30186344097
B19049_002,2010,Wisconsin,55,Median household income ,Householder under 25 years,26635,511,249.38541666666666,42682.84914401237
B19049_003,2010,Wisconsin,55,Median household income ,Householder 25 to 44 years,57865,460,249.38541666666666,92729.23092616016
B19049_004,2010,Wisconsin,55,Median household income ,Householder 45 to 64 years,63948,353,249.38541666666666,102477.29818138925
B19049_005,2010,Wisconsin,55,Median household income ,Householder 65 years and over,32115,246,249.38541666666666,51464.60297578214
B19049_001,2010,Wyoming,56,Median household income ,All,53802,688,249.38541666666666,86218.23351402866
B19049_002,2010,Wyoming,56,Median household income ,Householder under 25 years,32382,1428,249.38541666666666,51892.473098607414
B19049_003,2010,Wyoming,56,Median household income ,Householder 25 to 44 years,58586,1307,249.38541666666666,93884.64050877074
B19049_004,2010,Wyoming,56,Median household income ,Householder 45 to 64 years,66241,927,249.38541666666666,106151.85320625205
B19049_005,2010,Wyoming,56,Median household income ,Householder 65 years and over,34092,1078,249.38541666666666,54632.76489647718
B19049_001,2010,Puerto Rico,72,Median household income ,All,18791,158,249.38541666666666,30112.762089924403
B19049_002,2010,Puerto Rico,72,Median household income ,Householder under 25 years,6538,450,249.38541666666666,10477.209224837727
B19049_003,2010,Puerto Rico,72,Median household income ,Householder 25 to 44 years,22747,368,249.38541666666666,36452.29095096112
B19049_004,2010,Puerto Rico,72,Median household income ,Householder 45 to 64 years,21595,249,249.38541666666666,34606.199634501485
B19049_005,2010,Puerto Rico,72,Median household income ,Householder 65 years and over,14274,122,249.38541666666666,22874.225218007607
B19049_001,2011,Alabama,01,Median household income ,All,42934,243,253.63816666666668,67648.55130130914
B19049_002,2011,Alabama,01,Median household income ,Householder under 25 years,21496,687,253.63816666666668,33869.96922655567
B19049_003,2011,Alabama,01,Median household income ,Householder 25 to 44 years,48404,556,253.63816666666668,76267.30510058619
B19049_004,2011,Alabama,01,Median household income ,Householder 45 to 64 years,51913,398,253.63816666666668,81796.22778461968
B19049_005,2011,Alabama,01,Median household income ,Householder 65 years and over,30854,285,253.63816666666668,48614.813477677184
B19049_001,2011,Alaska,02,Median household income ,All,69014,793,253.63816666666668,108741.25680133575
B19049_002,2011,Alaska,02,Median household income ,Householder under 25 years,41825,1236,253.63816666666668,65901.16593322903
B19049_003,2011,Alaska,02,Median household income ,Householder 25 to 44 years,71993,1468,253.63816666666668,113435.08999476288
B19049_004,2011,Alaska,02,Median household income ,Householder 45 to 64 years,80094,1492,253.63816666666668,126199.3540766538
B19049_005,2011,Alaska,02,Median household income ,Householder 65 years and over,47222,1485,253.63816666666668,74404.89797247916
B19049_001,2011,Arizona,04,Median household income ,All,50752,212,253.63816666666668,79966.90910802725
B19049_002,2011,Arizona,04,Median household income ,Householder under 25 years,28126,779,253.63816666666668,44316.466061876854
B19049_003,2011,Arizona,04,Median household income ,Householder 25 to 44 years,55001,553,253.63816666666668,86661.80579781302
B19049_004,2011,Arizona,04,Median household income ,Householder 45 to 64 years,60615,491,253.63816666666668,95507.45183604727
B19049_005,2011,Arizona,04,Median household income ,Householder 65 years and over,38447,347,253.63816666666668,60578.65216102466
B19049_001,2011,Arkansas,05,Median household income ,All,40149,265,253.63816666666668,63260.39237425492
B19049_002,2011,Arkansas,05,Median household income ,Householder under 25 years,22611,760,253.63816666666668,35626.808437925676
B19049_003,2011,Arkansas,05,Median household income ,Householder 25 to 44 years,45037,572,253.63816666666668,70962.12337441328
B19049_004,2011,Arkansas,05,Median household income ,Householder 45 to 64 years,48357,571,253.63816666666668,76193.24999481544
B19049_005,2011,Arkansas,05,Median household income ,Householder 65 years and over,29330,353,253.63816666666668,46213.5372820468
B19049_001,2011,California,06,Median household income ,All,61632,169,253.63816666666668,97109.87827368252
B19049_002,2011,California,06,Median household income ,Householder under 25 years,32169,397,253.63816666666668,50686.78079870997
B19049_003,2011,California,06,Median household income ,Householder 25 to 44 years,65098,301,253.63816666666668,102571.04841413851
B19049_004,2011,California,06,Median household income ,Householder 45 to 64 years,74259,309,253.63816666666668,117005.49147724218
B19049_005,2011,California,06,Median household income ,Householder 65 years and over,41523,201,253.63816666666668,65425.32248763822
B19049_001,2011,Colorado,08,Median household income ,All,57685,312,253.63816666666668,90890.82502948753
B19049_002,2011,Colorado,08,Median household income ,Householder under 25 years,28252,832,253.63816666666668,44514.99677096441
B19049_003,2011,Colorado,08,Median household income ,Householder 25 to 44 years,62026,500,253.63816666666668,97730.6806497182
B19049_004,2011,Colorado,08,Median household income ,Householder 45 to 64 years,70888,527,253.63816666666668,111694.00718887601
B19049_005,2011,Colorado,08,Median household income ,Householder 65 years and over,39021,446,253.63816666666668,61483.06983575684
B19049_001,2011,Connecticut,09,Median household income ,All,69243,409,253.63816666666668,109102.07848689964
B19049_002,2011,Connecticut,09,Median household income ,Householder under 25 years,31011,1305,253.63816666666668,48862.18904376247
B19049_003,2011,Connecticut,09,Median household income ,Householder 25 to 44 years,75084,651,253.63816666666668,118305.39492960116
B19049_004,2011,Connecticut,09,Median household income ,Householder 45 to 64 years,86637,815,253.63816666666668,136508.77018427168
B19049_005,2011,Connecticut,09,Median household income ,Householder 65 years and over,41216,484,253.63816666666668,64941.60083930586
B19049_001,2011,Delaware,10,Median household income ,All,59317,623,253.63816666666668,93462.27040433582
B19049_002,2011,Delaware,10,Median household income ,Householder under 25 years,31318,1834,253.63816666666668,49345.91069209484
B19049_003,2011,Delaware,10,Median household income ,Householder 25 to 44 years,63495,1186,253.63816666666668,100045.29661519131
B19049_004,2011,Delaware,10,Median household income ,Householder 45 to 64 years,73172,1113,253.63816666666668,115292.77020122496
B19049_005,2011,Delaware,10,Median household income ,Householder 65 years and over,41527,807,253.63816666666668,65431.625049831484
B19049_001,2011,District of Columbia,11,Median household income ,All,61835,831,253.63816666666668,97429.73330499024
B19049_002,2011,District of Columbia,11,Median household income ,Householder under 25 years,31477,2069,253.63816666666668,49596.43753927675
B19049_003,2011,District of Columbia,11,Median household income ,Householder 25 to 44 years,74315,1477,253.63816666666668,117093.72734794776
B19049_004,2011,District of Columbia,11,Median household income ,Householder 45 to 64 years,65920,1594,253.63816666666668,103866.22494485254
B19049_005,2011,District of Columbia,11,Median household income ,Householder 65 years and over,43053,1594,253.63816666666668,67836.0525265585
B19049_001,2011,Florida,12,Median household income ,All,47827,164,253.63816666666668,75358.16050420908
B19049_002,2011,Florida,12,Median household income ,Householder under 25 years,26955,373,253.63816666666668,42471.390979801276
B19049_003,2011,Florida,12,Median household income ,Householder 25 to 44 years,52474,304,253.63816666666668,82680.16213222379
B19049_004,2011,Florida,12,Median household income ,Householder 45 to 64 years,56789,326,253.63816666666668,89479.05109819828
B19049_005,2011,Florida,12,Median household income ,Householder 65 years and over,36054,178,253.63816666666668,56808.14432890949
B19049_001,2011,Georgia,13,Median household income ,All,49736,264,253.63816666666668,78366.05831094032
B19049_002,2011,Georgia,13,Median household income ,Householder under 25 years,24557,626,253.63816666666668,38693.004944944536
B19049_003,2011,Georgia,13,Median household income ,Householder 25 to 44 years,53504,393,253.63816666666668,84303.07189698711
B19049_004,2011,Georgia,13,Median household income ,Householder 45 to 64 years,58860,414,253.63816666666668,92742.20267375637
B19049_005,2011,Georgia,13,Median household income ,Householder 65 years and over,33356,314,253.63816666666668,52557.066129558574
B19049_001,2011,Hawaii,15,Median household income ,All,67116,578,253.63816666666668,105750.69104063597
B19049_002,2011,Hawaii,15,Median household income ,Householder under 25 years,36139,2430,253.63816666666668,56942.07377551617
B19049_003,2011,Hawaii,15,Median household income ,Householder 25 to 44 years,68532,1156,253.63816666666668,107981.79805704845
B19049_004,2011,Hawaii,15,Median household income ,Householder 45 to 64 years,77563,1141,253.63816666666668,122211.40784887131
B19049_005,2011,Hawaii,15,Median household income ,Householder 65 years and over,53402,1219,253.63816666666668,84142.35656105909
B19049_001,2011,Idaho,16,Median household income ,All,46890,381,253.63816666666668,73881.78531043895
B19049_002,2011,Idaho,16,Median household income ,Householder under 25 years,26623,703,253.63816666666668,41948.27831776106
B19049_003,2011,Idaho,16,Median household income ,Householder 25 to 44 years,51227,552,253.63816666666668,80715.33836847635
B19049_004,2011,Idaho,16,Median household income ,Householder 45 to 64 years,57131,714,253.63816666666668,90017.92016572163
B19049_005,2011,Idaho,16,Median household income ,Householder 65 years and over,34104,635,253.63816666666668,53735.645259697376
B19049_001,2011,Illinois,17,Median household income ,All,56576,208,253.63816666666668,89143.43966140742
B19049_002,2011,Illinois,17,Median household income ,Householder under 25 years,25649,495,253.63816666666668,40413.60442370332
B19049_003,2011,Illinois,17,Median household income ,Householder 25 to 44 years,62309,372,253.63816666666668,98176.58692489103
B19049_004,2011,Illinois,17,Median household income ,Householder 45 to 64 years,69860,392,253.63816666666668,110074.24870520932
B19049_005,2011,Illinois,17,Median household income ,Householder 65 years and over,35711,266,253.63816666666668,56267.69962083782
B19049_001,2011,Indiana,18,Median household income ,All,48393,212,253.63816666666668,76249.97305455475
B19049_002,2011,Indiana,18,Median household income ,Householder under 25 years,22968,613,253.63816666666668,36189.31211367374
B19049_003,2011,Indiana,18,Median household income ,Householder 25 to 44 years,53465,406,253.63816666666668,84241.62191560287
B19049_004,2011,Indiana,18,Median household income ,Householder 45 to 64 years,59565,467,253.63816666666668,93853.02926031768
B19049_005,2011,Indiana,18,Median household income ,Householder 65 years and over,32951,314,253.63816666666668,51918.93170749144
B19049_001,2011,Iowa,19,Median household income ,All,50451,246,253.63816666666668,79492.64130298476
B19049_002,2011,Iowa,19,Median household income ,Householder under 25 years,26249,610,253.63816666666668,41358.98875269166
B19049_003,2011,Iowa,19,Median household income ,Householder 25 to 44 years,57522,568,253.63816666666668,90633.99562011237
B19049_004,2011,Iowa,19,Median household income ,Householder 45 to 64 years,63153,511,253.63816666666668,99506.42754766796
B19049_005,2011,Iowa,19,Median household income ,Householder 65 years and over,32685,376,253.63816666666668,51499.81132163994
B19049_001,2011,Kansas,20,Median household income ,All,50594,272,253.63816666666668,79717.95790139365
B19049_002,2011,Kansas,20,Median household income ,Householder under 25 years,25238,800,253.63816666666668,39766.016158346305
B19049_003,2011,Kansas,20,Median household income ,Householder 25 to 44 years,54823,544,253.63816666666668,86381.34178021314
B19049_004,2011,Kansas,20,Median household income ,Householder 45 to 64 years,64100,564,253.63816666666668,100998.55914692124
B19049_005,2011,Kansas,20,Median household income ,Householder 65 years and over,34767,459,253.63816666666668,54780.29494322949
B19049_001,2011,Kentucky,21,Median household income ,All,42248,227,253.63816666666668,66567.66188516581
B19049_002,2011,Kentucky,21,Median household income ,Householder under 25 years,22126,636,253.63816666666668,34862.62277199343
B19049_003,2011,Kentucky,21,Median household income ,Householder 25 to 44 years,48218,575,253.63816666666668,75974.2359585998
B19049_004,2011,Kentucky,21,Median household income ,Householder 45 to 64 years,51177,510,253.63816666666668,80636.55634106066
B19049_005,2011,Kentucky,21,Median household income ,Householder 65 years and over,28548,300,253.63816666666668,44981.386373265326
B19049_001,2011,Louisiana,22,Median household income ,All,44086,263,253.63816666666668,69463.68921296677
B19049_002,2011,Louisiana,22,Median household income ,Householder under 25 years,22867,1077,253.63816666666668,36030.17241829404
B19049_003,2011,Louisiana,22,Median household income ,Householder 25 to 44 years,50485,379,253.63816666666668,79546.21308162743
B19049_004,2011,Louisiana,22,Median household income ,Householder 45 to 64 years,52474,544,253.63816666666668,82680.16213222379
B19049_005,2011,Louisiana,22,Median household income ,Householder 65 years and over,29780,369,253.63816666666668,46922.57552878805
B19049_001,2011,Maine,23,Median household income ,All,47898,418,253.63816666666668,75470.03098313937
B19049_002,2011,Maine,23,Median household income ,Householder under 25 years,26593,1092,253.63816666666668,41901.00910131164
B19049_003,2011,Maine,23,Median household income ,Householder 25 to 44 years,53574,772,253.63816666666668,84413.36673536908
B19049_004,2011,Maine,23,Median household income ,Householder 45 to 64 years,58052,731,253.63816666666668,91469.08511071875
B19049_005,2011,Maine,23,Median household income ,Householder 65 years and over,30998,479,253.63816666666668,48841.70571663439
B19049_001,2011,Maryland,24,Median household income ,All,72419,371,253.63816666666668,114106.3128683446
B19049_002,2011,Maryland,24,Median household income ,Householder under 25 years,36815,1469,253.63816666666668,58007.206786176364
B19049_003,2011,Maryland,24,Median household income ,Householder 25 to 44 years,76104,631,253.63816666666668,119912.54828888133
B19049_004,2011,Maryland,24,Median household income ,Householder 45 to 64 years,87639,632,253.63816666666668,138087.5620136822
B19049_005,2011,Maryland,24,Median household income ,Householder 65 years and over,46003,466,253.63816666666668,72484.19214408452
B19049_001,2011,Massachusetts,25,Median household income ,All,65981,328,253.63816666666668,103962.33901829968
B19049_002,2011,Massachusetts,25,Median household income ,Householder under 25 years,30709,815,253.63816666666668,48386.34559817167
B19049_003,2011,Massachusetts,25,Median household income ,Householder 25 to 44 years,75024,631,253.63816666666668,118210.85649670231
B19049_004,2011,Massachusetts,25,Median household income ,Householder 45 to 64 years,81798,627,253.63816666666668,128884.2455709807
B19049_005,2011,Massachusetts,25,Median household income ,Householder 65 years and over,36282,324,253.63816666666668,57167.39037392506
B19049_001,2011,Michigan,26,Median household income ,All,48669,167,253.63816666666668,76684.84984588939
B19049_002,2011,Michigan,26,Median household income ,Householder under 25 years,20910,356,253.63816666666668,32946.64386524373
B19049_003,2011,Michigan,26,Median household income ,Householder 25 to 44 years,53753,335,253.63816666666668,84695.40639351727
B19049_004,2011,Michigan,26,Median household income ,Householder 45 to 64 years,59935,338,253.63816666666668,94436.01626319383
B19049_005,2011,Michigan,26,Median household income ,Householder 65 years and over,34081,213,253.63816666666668,53699.40552708616
B19049_001,2011,Minnesota,27,Median household income ,All,58476,235,253.63816666666668,92137.15670320384
B19049_002,2011,Minnesota,27,Median household income ,Householder under 25 years,28831,947,253.63816666666668,45427.29264843816
B19049_003,2011,Minnesota,27,Median household income ,Householder 25 to 44 years,65771,406,253.63816666666668,103631.45450315377
B19049_004,2011,Minnesota,27,Median household income ,Householder 45 to 64 years,71832,395,253.63816666666668,113181.41186648434
B19049_005,2011,Minnesota,27,Median household income ,Householder 65 years and over,35386,370,253.63816666666668,55755.6164426358
B19049_001,2011,Mississippi,28,Median household income ,All,38718,372,253.63816666666668,61005.65074961773
B19049_002,2011,Mississippi,28,Median household income ,Householder under 25 years,20321,892,253.63816666666668,32018.591582286837
B19049_003,2011,Mississippi,28,Median household income ,Householder 25 to 44 years,43184,689,253.63816666666668,68042.46143838762
B19049_004,2011,Mississippi,28,Median household income ,Householder 45 to 64 years,46276,720,253.63816666666668,72914.3420137742
B19049_005,2011,Mississippi,28,Median household income ,Householder 65 years and over,26688,363,253.63816666666668,42050.694953401464
B19049_001,2011,Missouri,29,Median household income ,All,47202,185,253.63816666666668,74373.38516151288
B19049_002,2011,Missouri,29,Median household income ,Householder under 25 years,24537,549,253.63816666666668,38661.49213397826
B19049_003,2011,Missouri,29,Median household income ,Householder 25 to 44 years,52711,382,253.63816666666668,83053.58894217419
B19049_004,2011,Missouri,29,Median household income ,Householder 45 to 64 years,57449,398,253.63816666666668,90518.97386008546
B19049_005,2011,Missouri,29,Median household income ,Householder 65 years and over,32578,283,253.63816666666668,51331.21778297036
B19049_001,2011,Montana,30,Median household income ,All,45324,418,253.63816666666668,71414.33221177937
B19049_002,2011,Montana,30,Median household income ,Householder under 25 years,25863,1091,253.63816666666668,40750.79150104249
B19049_003,2011,Montana,30,Median household income ,Householder 25 to 44 years,50062,943,253.63816666666668,78879.71712969065
B19049_004,2011,Montana,30,Median household income ,Householder 45 to 64 years,54795,703,253.63816666666668,86337.22384486036
B19049_005,2011,Montana,30,Median household income ,Householder 65 years and over,32865,641,253.63816666666668,51783.426620336446
B19049_001,2011,Nebraska,31,Median household income ,All,50695,319,253.63816666666668,79877.09759677335
B19049_002,2011,Nebraska,31,Median household income ,Householder under 25 years,26330,753,253.63816666666668,41486.61563710509
B19049_003,2011,Nebraska,31,Median household income ,Householder 25 to 44 years,55733,605,253.63816666666668,87815.1746791788
B19049_004,2011,Nebraska,31,Median household income ,Householder 45 to 64 years,62900,514,253.63816666666668,99107.79048894455
B19049_005,2011,Nebraska,31,Median household income ,Householder 65 years and over,33605,520,253.63816666666668,52949.40062608873
B19049_001,2011,Nevada,32,Median household income ,All,55553,449,253.63816666666668,87531.5593804823
B19049_002,2011,Nevada,32,Median household income ,Householder under 25 years,35066,1920,253.63816666666668,55251.41146717535
B19049_003,2011,Nevada,32,Median household income ,Householder 25 to 44 years,59442,832,253.63816666666668,93659.22547287507
B19049_004,2011,Nevada,32,Median household income ,Householder 45 to 64 years,63508,733,253.63816666666668,100065.7799423194
B19049_005,2011,Nevada,32,Median household income ,Householder 65 years and over,40591,749,253.63816666666668,63956.825496609665
B19049_001,2011,New Hampshire,33,Median household income ,All,64664,516,253.63816666666668,101887.22041617027
B19049_002,2011,New Hampshire,33,Median household income ,Householder under 25 years,33375,1812,253.63816666666668,52587.00329997654
B19049_003,2011,New Hampshire,33,Median household income ,Householder 25 to 44 years,72500,1036,253.63816666666668,114233.93975275803
B19049_004,2011,New Hampshire,33,Median household income ,Householder 45 to 64 years,76533,1120,253.63816666666668,120588.498084108
B19049_005,2011,New Hampshire,33,Median household income ,Householder 65 years and over,38538,639,253.63816666666668,60722.03545092123
B19049_001,2011,New Jersey,34,Median household income ,All,71180,323,253.63816666666668,112154.09422898367
B19049_002,2011,New Jersey,34,Median household income ,Householder under 25 years,33277,1468,253.63816666666668,52432.59052624177
B19049_003,2011,New Jersey,34,Median household income ,Householder 25 to 44 years,78251,603,253.63816666666668,123295.44854611128
B19049_004,2011,New Jersey,34,Median household income ,Householder 45 to 64 years,87186,553,253.63816666666668,137373.79684529602
B19049_005,2011,New Jersey,34,Median household income ,Householder 65 years and over,41269,309,253.63816666666668,65025.10978836649
B19049_001,2011,New Mexico,35,Median household income ,All,44631,391,253.63816666666668,70322.41331179783
B19049_002,2011,New Mexico,35,Median household income ,Householder under 25 years,24022,857,253.63816666666668,37850.037251596594
B19049_003,2011,New Mexico,35,Median household income ,Householder 25 to 44 years,46736,643,253.63816666666668,73639.13666599861
B19049_004,2011,New Mexico,35,Median household income ,Householder 45 to 64 years,54357,661,253.63816666666668,85647.09328469887
B19049_005,2011,New Mexico,35,Median household income ,Householder 65 years and over,34665,632,253.63816666666668,54619.57960730147
B19049_001,2011,New York,36,Median household income ,All,56951,190,253.63816666666668,89734.30486702513
B19049_002,2011,New York,36,Median household income ,Householder under 25 years,27896,591,253.63816666666668,43954.06873576466
B19049_003,2011,New York,36,Median household income ,Householder 25 to 44 years,63709,375,253.63816666666668,100382.4836925305
B19049_004,2011,New York,36,Median household income ,Householder 45 to 64 years,68872,381,253.63816666666668,108517.51584347518
B19049_005,2011,New York,36,Median household income ,Householder 65 years and over,35199,212,253.63816666666668,55460.971660101095
B19049_001,2011,North Carolina,37,Median household income ,All,46291,203,253.63816666666668,72937.97662199893
B19049_002,2011,North Carolina,37,Median household income ,Householder under 25 years,24371,592,253.63816666666668,38399.93580295815
B19049_003,2011,North Carolina,37,Median household income ,Householder 25 to 44 years,50983,375,253.63816666666668,80330.88207468776
B19049_004,2011,North Carolina,37,Median household income ,Householder 45 to 64 years,55161,402,253.63816666666668,86913.90828554325
B19049_005,2011,North Carolina,37,Median household income ,Householder 65 years and over,32242,239,253.63816666666668,50801.80255873688
B19049_001,2011,North Dakota,38,Median household income ,All,49415,595,253.63816666666668,77860.27769493156
B19049_002,2011,North Dakota,38,Median household income ,Householder under 25 years,25789,1370,253.63816666666668,40634.19410046726
B19049_003,2011,North Dakota,38,Median household income ,Householder 25 to 44 years,57684,950,253.63816666666668,90889.24938893922
B19049_004,2011,North Dakota,38,Median household income ,Householder 45 to 64 years,64680,865,253.63816666666668,101912.4306649433
B19049_005,2011,North Dakota,38,Median household income ,Householder 65 years and over,29981,667,253.63816666666668,47239.27927899915
B19049_001,2011,Ohio,39,Median household income ,All,48071,185,253.63816666666668,75742.61679799767
B19049_002,2011,Ohio,39,Median household income ,Householder under 25 years,21626,450,253.63816666666668,34074.802497836485
B19049_003,2011,Ohio,39,Median household income ,Householder 25 to 44 years,53578,376,253.63816666666668,84419.66929756233
B19049_004,2011,Ohio,39,Median household income ,Householder 45 to 64 years,59591,352,253.63816666666668,93893.99591457384
B19049_005,2011,Ohio,39,Median household income ,Householder 65 years and over,32716,214,253.63816666666668,51548.65617863768
B19049_001,2011,Oklahoma,40,Median household income ,All,44287,217,253.63816666666668,69780.39296317786
B19049_002,2011,Oklahoma,40,Median household income ,Householder under 25 years,25251,581,253.63816666666668,39786.499485474385
B19049_003,2011,Oklahoma,40,Median household income ,Householder 25 to 44 years,48000,538,253.63816666666668,75630.74631906739
B19049_004,2011,Oklahoma,40,Median household income ,Householder 45 to 64 years,54332,425,253.63816666666668,85607.70227099102
B19049_005,2011,Oklahoma,40,Median household income ,Householder 65 years and over,32387,341,253.63816666666668,51030.2704382424
B19049_001,2011,Oregon,41,Median household income ,All,49850,311,253.63816666666668,78545.6813334481
B19049_002,2011,Oregon,41,Median household income ,Householder under 25 years,24366,723,253.63816666666668,38392.057600216576
B19049_003,2011,Oregon,41,Median household income ,Householder 25 to 44 years,53914,496,253.63816666666668,84949.08452179581
B19049_004,2011,Oregon,41,Median household income ,Householder 45 to 64 years,60743,484,253.63816666666668,95709.13382623145
B19049_005,2011,Oregon,41,Median household income ,Householder 65 years and over,35521,478,253.63816666666668,55968.32791665818
B19049_001,2011,Pennsylvania,42,Median household income ,All,51651,148,253.63816666666668,81383.40996096145
B19049_002,2011,Pennsylvania,42,Median household income ,Householder under 25 years,23889,481,253.63816666666668,37640.47705867085
B19049_003,2011,Pennsylvania,42,Median household income ,Householder 25 to 44 years,59211,349,253.63816666666668,93295.25250621456
B19049_004,2011,Pennsylvania,42,Median household income ,Householder 45 to 64 years,64400,322,253.63816666666668,101471.2513114154
B19049_005,2011,Pennsylvania,42,Median household income ,Householder 65 years and over,32036,178,253.63816666666668,50477.22060578422
B19049_001,2011,Rhode Island,44,Median household income ,All,55975,548,253.63816666666668,88196.47969187076
B19049_002,2011,Rhode Island,44,Median household income ,Householder under 25 years,25216,1786,253.63816666666668,39731.3520662834
B19049_003,2011,Rhode Island,44,Median household income ,Householder 25 to 44 years,61980,1191,253.63816666666668,97658.20118449576
B19049_004,2011,Rhode Island,44,Median household income ,Householder 45 to 64 years,71473,1233,253.63816666666668,112615.75690963965
B19049_005,2011,Rhode Island,44,Median household income ,Householder 65 years and over,33059,946,253.63816666666668,52089.10088670935
B19049_001,2011,South Carolina,45,Median household income ,All,44587,264,253.63816666666668,70253.08512767202
B19049_002,2011,South Carolina,45,Median household income ,Householder under 25 years,23647,866,253.63816666666668,37259.172045978885
B19049_003,2011,South Carolina,45,Median household income ,Householder 25 to 44 years,48887,654,253.63816666666668,77028.33948542182
B19049_004,2011,South Carolina,45,Median household income ,Householder 45 to 64 years,52883,500,253.63816666666668,83324.59911648417
B19049_005,2011,South Carolina,45,Median household income ,Householder 65 years and over,32824,360,253.63816666666668,51718.825357855574
B19049_001,2011,South Dakota,46,Median household income ,All,48010,512,253.63816666666668,75646.50272455052
B19049_002,2011,South Dakota,46,Median household income ,Householder under 25 years,25802,1139,253.63816666666668,40654.67742759534
B19049_003,2011,South Dakota,46,Median household income ,Householder 25 to 44 years,54330,1110,253.63816666666668,85604.55098989439
B19049_004,2011,South Dakota,46,Median household income ,Householder 45 to 64 years,60080,952,253.63816666666668,94664.48414269934
B19049_005,2011,South Dakota,46,Median household income ,Householder 65 years and over,31690,799,253.63816666666668,49932.048976067614
B19049_001,2011,Tennessee,47,Median household income ,All,43989,207,253.63816666666668,69310.8520797803
B19049_002,2011,Tennessee,47,Median household income ,Householder under 25 years,21974,630,253.63816666666668,34623.12540864972
B19049_003,2011,Tennessee,47,Median household income ,Householder 25 to 44 years,48883,458,253.63816666666668,77022.03692322856
B19049_004,2011,Tennessee,47,Median household income ,Householder 45 to 64 years,52838,378,253.63816666666668,83253.69529181004
B19049_005,2011,Tennessee,47,Median household income ,Householder 65 years and over,30905,302,253.63816666666668,48695.171145641194
B19049_001,2011,Texas,48,Median household income ,All,50920,133,253.63816666666668,80231.61672014398
B19049_002,2011,Texas,48,Median household income ,Householder under 25 years,25625,317,253.63816666666668,40375.78905054378
B19049_003,2011,Texas,48,Median household income ,Householder 25 to 44 years,53603,228,253.63816666666668,84459.06031127018
B19049_004,2011,Texas,48,Median household income ,Householder 45 to 64 years,62481,320,253.63816666666668,98447.59709920103
B19049_005,2011,Texas,48,Median household income ,Householder 65 years and over,35238,248,253.63816666666668,55522.42164148534
B19049_001,2011,Utah,49,Median household income ,All,57783,371,253.63816666666668,91045.2378032223
B19049_002,2011,Utah,49,Median household income ,Householder under 25 years,32726,909,253.63816666666668,51564.412584120815
B19049_003,2011,Utah,49,Median household income ,Householder 25 to 44 years,59503,556,253.63816666666668,93755.33954632221
B19049_004,2011,Utah,49,Median household income ,Householder 45 to 64 years,73467,669,253.63816666666668,115757.58416297757
B19049_005,2011,Utah,49,Median household income ,Householder 65 years and over,41278,702,253.63816666666668,65039.29055330132
B19049_001,2011,Vermont,50,Median household income ,All,53422,468,253.63816666666668,84173.86937202537
B19049_002,2011,Vermont,50,Median household income ,Householder under 25 years,28388,2750,253.63816666666668,44729.2838855351
B19049_003,2011,Vermont,50,Median household income ,Householder 25 to 44 years,59425,1095,253.63816666666668,93632.43958355373
B19049_004,2011,Vermont,50,Median household income ,Householder 45 to 64 years,63373,990,253.63816666666668,99853.06846829702
B19049_005,2011,Vermont,50,Median household income ,Householder 65 years and over,34621,816,253.63816666666668,54550.251423175665
B19049_001,2011,Virginia,51,Median household income ,All,63302,265,253.63816666666668,99741.19798936673
B19049_002,2011,Virginia,51,Median household income ,Householder under 25 years,32042,614,253.63816666666668,50486.674449074104
B19049_003,2011,Virginia,51,Median household income ,Householder 25 to 44 years,69325,518,253.63816666666668,109231.28101186139
B19049_004,2011,Virginia,51,Median household income ,Householder 45 to 64 years,76180,544,253.63816666666668,120032.29697055319
B19049_005,2011,Virginia,51,Median household income ,Householder 65 years and over,40563,350,253.63816666666668,63912.70756125688
B19049_001,2011,Washington,53,Median household income ,All,58890,240,253.63816666666668,92789.4718902058
B19049_002,2011,Washington,53,Median household income ,Householder under 25 years,30293,614,253.63816666666668,47730.87913007309
B19049_003,2011,Washington,53,Median household income ,Householder 25 to 44 years,63935,431,253.63816666666668,100738.57845644944
B19049_004,2011,Washington,53,Median household income ,Householder 45 to 64 years,71300,517,253.63816666666668,112343.17109478134
B19049_005,2011,Washington,53,Median household income ,Householder 65 years and over,40180,325,253.63816666666668,63309.23723125266
B19049_001,2011,West Virginia,54,Median household income ,All,39550,356,253.63816666666668,62316.58368581489
B19049_002,2011,West Virginia,54,Median household income ,Householder under 25 years,18422,1181,253.63816666666668,29026.450181038734
B19049_003,2011,West Virginia,54,Median household income ,Householder 25 to 44 years,46585,610,253.63816666666668,73401.2149432032
B19049_004,2011,West Virginia,54,Median household income ,Householder 45 to 64 years,48247,615,253.63816666666668,76019.92953450092
B19049_005,2011,West Virginia,54,Median household income ,Householder 65 years and over,27773,400,253.63816666666668,43760.26494832205
B19049_001,2011,Wisconsin,55,Median household income ,All,52374,177,253.63816666666668,82522.5980773924
B19049_002,2011,Wisconsin,55,Median household income ,Householder under 25 years,26744,511,253.63816666666668,42138.93082410704
B19049_003,2011,Wisconsin,55,Median household income ,Householder 25 to 44 years,58693,357,253.63816666666668,92479.07070218795
B19049_004,2011,Wisconsin,55,Median household income ,Householder 45 to 64 years,64904,359,253.63816666666668,102265.37414776561
B19049_005,2011,Wisconsin,55,Median household income ,Householder 65 years and over,33267,276,253.63816666666668,52416.834120758635
B19049_001,2011,Wyoming,56,Median household income ,All,56380,724,253.63816666666668,88834.61411393789
B19049_002,2011,Wyoming,56,Median household income ,Householder under 25 years,34312,1569,253.63816666666668,54063.37849374666
B19049_003,2011,Wyoming,56,Median household income ,Householder 25 to 44 years,61662,1202,253.63816666666668,97157.14749013193
B19049_004,2011,Wyoming,56,Median household income ,Householder 45 to 64 years,69229,1125,253.63816666666668,109080.01951922325
B19049_005,2011,Wyoming,56,Median household income ,Householder 65 years and over,35232,1092,253.63816666666668,55512.96779819546
B19049_001,2011,Puerto Rico,72,Median household income ,All,19122,139,253.63816666666668,30129.398564858468
B19049_002,2011,Puerto Rico,72,Median household income ,Householder under 25 years,6620,562,253.63816666666668,10430.740429838042
B19049_003,2011,Puerto Rico,72,Median household income ,Householder 25 to 44 years,22792,330,253.63816666666668,35911.9993771705
B19049_004,2011,Puerto Rico,72,Median household income ,Householder 45 to 64 years,22077,264,253.63816666666668,34785.41638512605
B19049_005,2011,Puerto Rico,72,Median household income ,Householder 65 years and over,14885,166,253.63816666666668,23453.409561652457
B19049_001,2012,Alabama,01,Median household income ,All,43160,237,260.3668333333333,66247.20027499663
B19049_002,2012,Alabama,01,Median household income ,Householder under 25 years,20893,553,260.3668333333333,32069.109252676197
B19049_003,2012,Alabama,01,Median household income ,Householder 25 to 44 years,48272,547,260.3668333333333,74093.7176013586
B19049_004,2012,Alabama,01,Median household income ,Householder 45 to 64 years,52038,462,260.3668333333333,79874.23095250869
B19049_005,2012,Alabama,01,Median household income ,Householder 65 years and over,31905,316,260.3668333333333,48971.661834424645
B19049_001,2012,Alaska,02,Median household income ,All,69917,738,260.3668333333333,107317.08761878914
B19049_002,2012,Alaska,02,Median household income ,Householder under 25 years,42427,1345,260.3668333333333,65122.10301360709
B19049_003,2012,Alaska,02,Median household income ,Householder 25 to 44 years,72075,1237,260.3668333333333,110629.44763253898
B19049_004,2012,Alaska,02,Median household income ,Householder 45 to 64 years,81427,1335,260.3668333333333,124984.0309729414
B19049_005,2012,Alaska,02,Median household income ,Householder 65 years and over,47979,1426,260.3668333333333,73643.98568104874
B19049_001,2012,Arizona,04,Median household income ,All,50256,235,260.3668333333333,77139.00132113602
B19049_002,2012,Arizona,04,Median household income ,Householder under 25 years,26807,625,260.3668333333333,41146.63340527884
B19049_003,2012,Arizona,04,Median household income ,Householder 25 to 44 years,54177,462,260.3668333333333,83157.42746289371
B19049_004,2012,Arizona,04,Median household income ,Householder 45 to 64 years,59882,495,260.3668333333333,91914.1530784835
B19049_005,2012,Arizona,04,Median household income ,Householder 65 years and over,39057,404,260.3668333333333,59949.41846942872
B19049_001,2012,Arkansas,05,Median household income ,All,40531,238,260.3668333333333,62211.89236204561
B19049_002,2012,Arkansas,05,Median household income ,Householder under 25 years,22168,667,260.3668333333333,34026.13382057751
B19049_003,2012,Arkansas,05,Median household income ,Householder 25 to 44 years,45367,582,260.3668333333333,69634.77142900306
B19049_004,2012,Arkansas,05,Median household income ,Householder 45 to 64 years,48465,463,260.3668333333333,74389.95739869583
B19049_005,2012,Arkansas,05,Median household income ,Householder 65 years and over,30293,364,260.3668333333333,46497.36881210549
B19049_001,2012,California,06,Median household income ,All,61400,154,260.3668333333333,94244.16350520837
B19049_002,2012,California,06,Median household income ,Householder under 25 years,31097,386,260.3668333333333,47731.44548080561
B19049_003,2012,California,06,Median household income ,Householder 25 to 44 years,64522,261,260.3668333333333,99036.18758441457
B19049_004,2012,California,06,Median household income ,Householder 45 to 64 years,73909,281,260.3668333333333,113444.49316785742
B19049_005,2012,California,06,Median household income ,Householder 65 years and over,42408,209,260.3668333333333,65092.939510242286
B19049_001,2012,Colorado,08,Median household income ,All,58244,315,260.3668333333333,89399.95210419147
B19049_002,2012,Colorado,08,Median household income ,Householder under 25 years,28082,857,260.3668333333333,43103.657973180154
B19049_003,2012,Colorado,08,Median household income ,Householder 25 to 44 years,62131,488,260.3668333333333,95366.19092413846
B19049_004,2012,Colorado,08,Median household income ,Householder 45 to 64 years,71481,635,260.3668333333333,109717.70442208143
B19049_005,2012,Colorado,08,Median household income ,Householder 65 years and over,40308,454,260.3668333333333,61869.604927816596
B19049_001,2012,Connecticut,09,Median household income ,All,69519,414,260.3668333333333,106706.18896935799
B19049_002,2012,Connecticut,09,Median household income ,Householder under 25 years,30270,1531,260.3668333333333,46462.06562382178
B19049_003,2012,Connecticut,09,Median household income ,Householder 25 to 44 years,74508,825,260.3668333333333,114363.9109844636
B19049_004,2012,Connecticut,09,Median household income ,Householder 45 to 64 years,87309,731,260.3668333333333,134012.4376461928
B19049_005,2012,Connecticut,09,Median household income ,Householder 65 years and over,42186,502,260.3668333333333,64752.186997243
B19049_001,2012,Delaware,10,Median household income ,All,60119,714,260.3668333333333,92277.92940992869
B19049_002,2012,Delaware,10,Median household income ,Householder under 25 years,31315,1778,260.3668333333333,48066.05830888599
B19049_003,2012,Delaware,10,Median household income ,Householder 25 to 44 years,64362,962,260.3668333333333,98790.60018765832
B19049_004,2012,Delaware,10,Median household income ,Householder 45 to 64 years,72689,1461,260.3668333333333,111571.88926759106
B19049_005,2012,Delaware,10,Median household income ,Householder 65 years and over,42651,897,260.3668333333333,65465.92536906583
B19049_001,2012,District of Columbia,11,Median household income ,All,64267,977,260.3668333333333,98644.7826708343
B19049_002,2012,District of Columbia,11,Median household income ,Householder under 25 years,31658,1963,260.3668333333333,48592.53629068219
B19049_003,2012,District of Columbia,11,Median household income ,Householder 25 to 44 years,77918,1618,260.3668333333333,119597.99237783103
B19049_004,2012,District of Columbia,11,Median household income ,Householder 45 to 64 years,67945,1665,260.3668333333333,104290.22295376845
B19049_005,2012,District of Columbia,11,Median household income ,Householder 65 years and over,45003,1786,260.3668333333333,69076.06010138261
B19049_001,2012,Florida,12,Median household income ,All,47309,189,260.3668333333333,72615.58845713196
B19049_002,2012,Florida,12,Median household income ,Householder under 25 years,25554,458,260.3668333333333,39223.37710443151
B19049_003,2012,Florida,12,Median household income ,Householder 25 to 44 years,51597,340,260.3668333333333,79197.33069019929
B19049_004,2012,Florida,12,Median household income ,Householder 45 to 64 years,55945,339,260.3668333333333,85871.1681970502
B19049_005,2012,Florida,12,Median household income ,Householder 65 years and over,36631,152,260.3668333333333,56225.69956611218
B19049_001,2012,Georgia,13,Median household income ,All,49604,201,260.3668333333333,76138.23267935433
B19049_002,2012,Georgia,13,Median household income ,Householder under 25 years,23621,606,260.3668333333333,36256.37436737015
B19049_003,2012,Georgia,13,Median household income ,Householder 25 to 44 years,53226,379,260.3668333333333,81697.71737342379
B19049_004,2012,Georgia,13,Median household income ,Householder 45 to 64 years,58635,432,260.3668333333333,90000.10630501455
B19049_005,2012,Georgia,13,Median household income ,Householder 65 years and over,34286,282,260.3668333333333,52626.30928240349
B19049_001,2012,Hawaii,15,Median household income ,All,67492,698,260.3668333333333,103594.90363670234
B19049_002,2012,Hawaii,15,Median household income ,Householder under 25 years,37405,3155,260.3668333333333,57413.728597920504
B19049_003,2012,Hawaii,15,Median household income ,Householder 25 to 44 years,68304,1270,260.3668333333333,104841.25967524028
B19049_004,2012,Hawaii,15,Median household income ,Householder 45 to 64 years,77505,1182,260.3668333333333,118964.06990995398
B19049_005,2012,Hawaii,15,Median household income ,Householder 65 years and over,55240,963,260.3668333333333,84789.048730093
B19049_001,2012,Idaho,16,Median household income ,All,47015,441,260.3668333333333,72164.32161559237
B19049_002,2012,Idaho,16,Median household income ,Householder under 25 years,26795,883,260.3668333333333,41128.214350522125
B19049_003,2012,Idaho,16,Median household income ,Householder 25 to 44 years,50894,796,260.3668333333333,78118.28106570154
B19049_004,2012,Idaho,16,Median household income ,Householder 45 to 64 years,56953,702,260.3668333333333,87418.36879661454
B19049_005,2012,Idaho,16,Median household income ,Householder 65 years and over,34770,654,260.3668333333333,53369.211157591126
B19049_001,2012,Illinois,17,Median household income ,All,56853,213,260.3668333333333,87264.87667364188
B19049_002,2012,Illinois,17,Median household income ,Householder under 25 years,24793,628,260.3668333333333,38055.30204860963
B19049_003,2012,Illinois,17,Median household income ,Householder 25 to 44 years,62477,372,260.3668333333333,95897.27366962383
B19049_004,2012,Illinois,17,Median household income ,Householder 45 to 64 years,69894,395,260.3668333333333,107281.78443050543
B19049_005,2012,Illinois,17,Median household income ,Householder 65 years and over,36598,228,260.3668333333333,56175.04716553121
B19049_001,2012,Indiana,18,Median household income ,All,48374,204,260.3668333333333,74250.2795667907
B19049_002,2012,Indiana,18,Median household income ,Householder under 25 years,22742,702,260.3668333333333,34907.17860644053
B19049_003,2012,Indiana,18,Median household income ,Householder 25 to 44 years,53331,401,260.3668333333333,81858.88410254507
B19049_004,2012,Indiana,18,Median household income ,Householder 45 to 64 years,59295,397,260.3668333333333,91013.15431663404
B19049_005,2012,Indiana,18,Median household income ,Householder 65 years and over,33732,256,260.3668333333333,51775.962921135
B19049_001,2012,Iowa,19,Median household income ,All,51129,273,260.3668333333333,78478.98755468728
B19049_002,2012,Iowa,19,Median household income ,Householder under 25 years,26300,606,260.3668333333333,40368.42834180749
B19049_003,2012,Iowa,19,Median household income ,Householder 25 to 44 years,58123,612,260.3668333333333,89214.22663539456
B19049_004,2012,Iowa,19,Median household income ,Householder 45 to 64 years,63349,483,260.3668333333333,97235.72498194536
B19049_005,2012,Iowa,19,Median household income ,Householder 65 years and over,33921,340,260.3668333333333,52066.063033553306
B19049_001,2012,Kansas,20,Median household income ,All,51273,259,260.3668333333333,78700.0162117679
B19049_002,2012,Kansas,20,Median household income ,Householder under 25 years,25707,771,260.3668333333333,39458.220052579665
B19049_003,2012,Kansas,20,Median household income ,Householder 25 to 44 years,55125,551,260.3668333333333,84612.53278867445
B19049_004,2012,Kansas,20,Median household income ,Householder 45 to 64 years,64508,445,260.3668333333333,99014.6986871984
B19049_005,2012,Kansas,20,Median household income ,Householder 65 years and over,35946,406,260.3668333333333,55174.27852374951
B19049_001,2012,Kentucky,21,Median household income ,All,42610,238,260.3668333333333,65402.993598647045
B19049_002,2012,Kentucky,21,Median household income ,Householder under 25 years,21833,681,260.3668333333333,33511.93520861913
B19049_003,2012,Kentucky,21,Median household income ,Householder 25 to 44 years,48641,558,260.3668333333333,74660.1035351277
B19049_004,2012,Kentucky,21,Median household income ,Householder 45 to 64 years,51423,459,260.3668333333333,78930.25439622687
B19049_005,2012,Kentucky,21,Median household income ,Householder 65 years and over,29338,287,260.3668333333333,45031.519037716665
B19049_001,2012,Louisiana,22,Median household income ,All,44673,254,260.3668333333333,68569.53609557285
B19049_002,2012,Louisiana,22,Median household income ,Householder under 25 years,22129,568,260.3668333333333,33966.27189261818
B19049_003,2012,Louisiana,22,Median household income ,Householder 25 to 44 years,51113,532,260.3668333333333,78454.42881501165
B19049_004,2012,Louisiana,22,Median household income ,Householder 45 to 64 years,53242,462,260.3668333333333,81722.27611309942
B19049_005,2012,Louisiana,22,Median household income ,Householder 65 years and over,30559,333,260.3668333333333,46905.65785921275
B19049_001,2012,Maine,23,Median household income ,All,48219,446,260.3668333333333,74012.3667761831
B19049_002,2012,Maine,23,Median household income ,Householder under 25 years,27013,1039,260.3668333333333,41462.8271786025
B19049_003,2012,Maine,23,Median household income ,Householder 25 to 44 years,53607,844,260.3668333333333,82282.5223619496
B19049_004,2012,Maine,23,Median household income ,Householder 45 to 64 years,58329,728,260.3668333333333,89530.42040871823
B19049_005,2012,Maine,23,Median household income ,Householder 65 years and over,31787,572,260.3668333333333,48790.54112931691
B19049_001,2012,Maryland,24,Median household income ,All,72999,344,260.3668333333333,112047.71484880628
B19049_002,2012,Maryland,24,Median household income ,Householder under 25 years,35648,1340,260.3668333333333,54716.87199729101
B19049_003,2012,Maryland,24,Median household income ,Householder 25 to 44 years,76237,578,260.3668333333333,117017.78979066075
B19049_004,2012,Maryland,24,Median household income ,Householder 45 to 64 years,88713,667,260.3668333333333,136167.46705272884
B19049_005,2012,Maryland,24,Median household income ,Householder 65 years and over,47371,576,260.3668333333333,72710.75357337501
B19049_001,2012,Massachusetts,25,Median household income ,All,66658,306,260.3668333333333,102314.77933111042
B19049_002,2012,Massachusetts,25,Median household income ,Householder under 25 years,30500,804,260.3668333333333,46815.09750665888
B19049_003,2012,Massachusetts,25,Median household income ,Householder 25 to 44 years,75418,587,260.3668333333333,115760.68930351474
B19049_004,2012,Massachusetts,25,Median household income ,Householder 45 to 64 years,82374,548,260.3668333333333,126437.60137749242
B19049_005,2012,Massachusetts,25,Median household income ,Householder 65 years and over,37427,349,260.3668333333333,57447.49686497449
B19049_001,2012,Michigan,26,Median household income ,All,48471,188,260.3668333333333,74399.16692607418
B19049_002,2012,Michigan,26,Median household income ,Householder under 25 years,20621,416,260.3668333333333,31651.610678190584
B19049_003,2012,Michigan,26,Median household income ,Householder 25 to 44 years,53241,342,260.3668333333333,81720.74119186969
B19049_004,2012,Michigan,26,Median household income ,Householder 45 to 64 years,59413,335,260.3668333333333,91194.27502174178
B19049_005,2012,Michigan,26,Median household income ,Householder 65 years and over,34943,227,260.3668333333333,53634.75253033381
B19049_001,2012,Minnesota,27,Median household income ,All,59126,224,260.3668333333333,90753.75262881027
B19049_002,2012,Minnesota,27,Median household income ,Householder under 25 years,28674,819,260.3668333333333,44012.33134117825
B19049_003,2012,Minnesota,27,Median household income ,Householder 25 to 44 years,66452,397,260.3668333333333,101998.58555778675
B19049_004,2012,Minnesota,27,Median household income ,Householder 45 to 64 years,72565,421,260.3668333333333,111381.55903510498
B19049_005,2012,Minnesota,27,Median household income ,Householder 65 years and over,36335,302,260.3668333333333,55771.36288211313
B19049_001,2012,Mississippi,28,Median household income ,All,38882,290,260.3668333333333,59680.80725422658
B19049_002,2012,Mississippi,28,Median household income ,Householder under 25 years,20360,841,260.3668333333333,31250.99623723196
B19049_003,2012,Mississippi,28,Median household income ,Householder 25 to 44 years,43027,625,260.3668333333333,66043.05575144301
B19049_004,2012,Mississippi,28,Median household income ,Householder 45 to 64 years,46352,597,260.3668333333333,71146.66884028369
B19049_005,2012,Mississippi,28,Median household income ,Householder 65 years and over,27597,394,260.3668333333333,42359.22117676279
B19049_001,2012,Missouri,29,Median household income ,All,47333,208,260.3668333333333,72652.4265666454
B19049_002,2012,Missouri,29,Median household income ,Householder under 25 years,24379,525,260.3668333333333,37419.84465950285
B19049_003,2012,Missouri,29,Median household income ,Householder 25 to 44 years,52855,426,260.3668333333333,81128.26159719525
B19049_004,2012,Missouri,29,Median household income ,Householder 45 to 64 years,57649,455,260.3668333333333,88486.67397250418
B19049_005,2012,Missouri,29,Median household income ,Householder 65 years and over,33359,289,260.3668333333333,51203.437302447004
B19049_001,2012,Montana,30,Median household income ,All,45456,512,260.3668333333333,69771.37941844872
B19049_002,2012,Montana,30,Median household income ,Householder under 25 years,26079,1237,260.3668333333333,40029.210750037935
B19049_003,2012,Montana,30,Median household income ,Householder 25 to 44 years,50908,848,260.3668333333333,78139.76996291771
B19049_004,2012,Montana,30,Median household income ,Householder 45 to 64 years,54437,714,260.3668333333333,83556.50698262261
B19049_005,2012,Montana,30,Median household income ,Householder 65 years and over,33720,568,260.3668333333333,51757.54386637828
B19049_001,2012,Nebraska,31,Median household income ,All,51381,286,260.3668333333333,78865.78770457835
B19049_002,2012,Nebraska,31,Median household income ,Householder under 25 years,26535,706,260.3668333333333,40729.13483079323
B19049_003,2012,Nebraska,31,Median household income ,Householder 25 to 44 years,56080,675,260.3668333333333,86078.38256306328
B19049_004,2012,Nebraska,31,Median household income ,Householder 45 to 64 years,63831,516,260.3668333333333,97975.55701467354
B19049_005,2012,Nebraska,31,Median household income ,Householder 65 years and over,34649,454,260.3668333333333,53183.485688794215
B19049_001,2012,Nevada,32,Median household income ,All,54083,349,260.3668333333333,83013.14486729942
B19049_002,2012,Nevada,32,Median household income ,Householder under 25 years,33276,1469,260.3668333333333,51076.038840379704
B19049_003,2012,Nevada,32,Median household income ,Householder 25 to 44 years,57188,726,260.3668333333333,87779.07528560027
B19049_004,2012,Nevada,32,Median household income ,Householder 45 to 64 years,62135,634,260.3668333333333,95372.33060905736
B19049_005,2012,Nevada,32,Median household income ,Householder 65 years and over,40848,543,260.3668333333333,62698.46239186892
B19049_001,2012,New Hampshire,33,Median household income ,All,64925,565,260.3668333333333,99654.76083999436
B19049_002,2012,New Hampshire,33,Median household income ,Householder under 25 years,32657,1766,260.3668333333333,50125.922599178986
B19049_003,2012,New Hampshire,33,Median household income ,Householder 25 to 44 years,72495,1149,260.3668333333333,111274.11454902412
B19049_004,2012,New Hampshire,33,Median household income ,Householder 45 to 64 years,77946,1150,260.3668333333333,119640.97017226338
B19049_005,2012,New Hampshire,33,Median household income ,Householder 65 years and over,39675,711,260.3668333333333,60897.999789399706
B19049_001,2012,New Jersey,34,Median household income ,All,71637,324,260.3668333333333,109957.15213391876
B19049_002,2012,New Jersey,34,Median household income ,Householder under 25 years,32696,1372,260.3668333333333,50185.78452713832
B19049_003,2012,New Jersey,34,Median household income ,Householder 25 to 44 years,78560,652,260.3668333333333,120583.41180731547
B19049_004,2012,New Jersey,34,Median household income ,Householder 45 to 64 years,87785,646,260.3668333333333,134743.06015154262
B19049_005,2012,New Jersey,34,Median household income ,Householder 65 years and over,42460,319,260.3668333333333,65172.75541418807
B19049_001,2012,New Mexico,35,Median household income ,All,44886,358,260.3668333333333,68896.4743175046
B19049_002,2012,New Mexico,35,Median household income ,Householder under 25 years,23845,959,260.3668333333333,36600.196722828885
B19049_003,2012,New Mexico,35,Median household income ,Householder 25 to 44 years,47095,796,260.3668333333333,72287.1153139705
B19049_004,2012,New Mexico,35,Median household income ,Householder 45 to 64 years,54143,548,260.3668333333333,83105.240141083
B19049_005,2012,New Mexico,35,Median household income ,Householder 65 years and over,35293,513,260.3668333333333,54171.974960738095
B19049_001,2012,New York,36,Median household income ,All,57683,214,260.3668333333333,88538.86129431489
B19049_002,2012,New York,36,Median household income ,Householder under 25 years,27270,561,260.3668333333333,41857.301934642215
B19049_003,2012,New York,36,Median household income ,Householder 25 to 44 years,64300,325,260.3668333333333,98695.43507141528
B19049_004,2012,New York,36,Median household income ,Householder 45 to 64 years,69264,358,260.3668333333333,106314.78405577772
B19049_005,2012,New York,36,Median household income ,Householder 65 years and over,36330,223,260.3668333333333,55763.688275964494
B19049_001,2012,North Carolina,37,Median household income ,All,46450,188,260.3668333333333,71297.09112079689
B19049_002,2012,North Carolina,37,Median household income ,Householder under 25 years,24444,541,260.3668333333333,37519.61453943507
B19049_003,2012,North Carolina,37,Median household income ,Householder 25 to 44 years,50698,349,260.3668333333333,77817.43650467515
B19049_004,2012,North Carolina,37,Median household income ,Householder 45 to 64 years,55249,366,260.3668333333333,84802.86302116053
B19049_005,2012,North Carolina,37,Median household income ,Householder 65 years and over,33341,292,260.3668333333333,51175.80872031193
B19049_001,2012,North Dakota,38,Median household income ,All,51641,609,260.3668333333333,79264.86722430725
B19049_002,2012,North Dakota,38,Median household income ,Householder under 25 years,28155,1653,260.3668333333333,43215.70722295019
B19049_003,2012,North Dakota,38,Median household income ,Householder 25 to 44 years,59674,1234,260.3668333333333,91594.88946270039
B19049_004,2012,North Dakota,38,Median household income ,Householder 45 to 64 years,66452,996,260.3668333333333,101998.58555778675
B19049_005,2012,North Dakota,38,Median household income ,Householder 65 years and over,32086,704,260.3668333333333,49249.48257700514
B19049_001,2012,Ohio,39,Median household income ,All,48246,160,260.3668333333333,74053.80964938572
B19049_002,2012,Ohio,39,Median household income ,Householder under 25 years,21333,391,260.3668333333333,32744.474593755865
B19049_003,2012,Ohio,39,Median household income ,Householder 25 to 44 years,53569,353,260.3668333333333,82224.19535521998
B19049_004,2012,Ohio,39,Median household income ,Householder 45 to 64 years,59564,364,260.3668333333333,91426.04812743048
B19049_005,2012,Ohio,39,Median household income ,Householder 65 years and over,33593,244,260.3668333333333,51562.60887020301
B19049_001,2012,Oklahoma,40,Median household income ,All,44891,237,260.3668333333333,68904.14892365324
B19049_002,2012,Oklahoma,40,Median household income ,Householder under 25 years,25256,616,260.3668333333333,38765.97057797301
B19049_003,2012,Oklahoma,40,Median household income ,Householder 25 to 44 years,49155,526,260.3668333333333,75449.05304720713
B19049_004,2012,Oklahoma,40,Median household income ,Householder 45 to 64 years,54738,396,260.3668333333333,84018.51827277029
B19049_005,2012,Oklahoma,40,Median household income ,Householder 65 years and over,33100,327,260.3668333333333,50805.89270394784
B19049_001,2012,Oregon,41,Median household income ,All,50036,338,260.3668333333333,76801.3186505962
B19049_002,2012,Oregon,41,Median household income ,Householder under 25 years,24544,1013,260.3668333333333,37673.10666240772
B19049_003,2012,Oregon,41,Median household income ,Householder 25 to 44 years,54084,647,260.3668333333333,83014.67978852915
B19049_004,2012,Oregon,41,Median household income ,Householder 45 to 64 years,60425,503,260.3668333333333,92747.61530622501
B19049_005,2012,Oregon,41,Median household income ,Householder 65 years and over,36667,389,260.3668333333333,56280.956730382335
B19049_001,2012,Pennsylvania,42,Median household income ,All,52267,157,260.3668333333333,80225.72791411605
B19049_002,2012,Pennsylvania,42,Median household income ,Householder under 25 years,24244,535,260.3668333333333,37212.63029348977
B19049_003,2012,Pennsylvania,42,Median household income ,Householder 25 to 44 years,59548,362,260.3668333333333,91401.48938775486
B19049_004,2012,Pennsylvania,42,Median household income ,Householder 45 to 64 years,64918,304,260.3668333333333,99644.01639138626
B19049_005,2012,Pennsylvania,42,Median household income ,Householder 65 years and over,33045,174,260.3668333333333,50721.47203631287
B19049_001,2012,Rhode Island,44,Median household income ,All,56102,664,260.3668333333333,86112.15083011726
B19049_002,2012,Rhode Island,44,Median household income ,Householder under 25 years,24619,2403,260.3668333333333,37788.22575463721
B19049_003,2012,Rhode Island,44,Median household income ,Householder 25 to 44 years,61503,1023,260.3668333333333,94402.26039187021
B19049_004,2012,Rhode Island,44,Median household income ,Householder 45 to 64 years,71403,1136,260.3668333333333,109597.98056616276
B19049_005,2012,Rhode Island,44,Median household income ,Householder 65 years and over,34808,888,260.3668333333333,53427.53816432073
B19049_001,2012,South Carolina,45,Median household income ,All,44623,253,260.3668333333333,68492.79003408653
B19049_002,2012,South Carolina,45,Median household income ,Householder under 25 years,22851,906,260.3668333333333,35074.48502048072
B19049_003,2012,South Carolina,45,Median household income ,Householder 25 to 44 years,48635,497,260.3668333333333,74650.89400774933
B19049_004,2012,South Carolina,45,Median household income ,Householder 45 to 64 years,52501,457,260.3668333333333,80584.89948187207
B19049_005,2012,South Carolina,45,Median household income ,Householder 65 years and over,33831,366,260.3668333333333,51927.92012287792
B19049_001,2012,South Dakota,46,Median household income ,All,49091,470,260.3668333333333,75350.81808850463
B19049_002,2012,South Dakota,46,Median household income ,Householder under 25 years,26049,1294,260.3668333333333,39983.16311314614
B19049_003,2012,South Dakota,46,Median household income ,Householder 25 to 44 years,54775,1001,260.3668333333333,84075.31035827017
B19049_004,2012,South Dakota,46,Median household income ,Householder 45 to 64 years,61281,830,260.3668333333333,94061.5078788709
B19049_005,2012,South Dakota,46,Median household income ,Householder 65 years and over,32866,698,260.3668333333333,50446.72113619183
B19049_001,2012,Tennessee,47,Median household income ,All,44140,230,260.3668333333333,67751.42308012862
B19049_002,2012,Tennessee,47,Median household income ,Householder under 25 years,21546,468,260.3668333333333,33071.41281568762
B19049_003,2012,Tennessee,47,Median household income ,Householder 25 to 44 years,48640,461,260.3668333333333,74658.56861389797
B19049_004,2012,Tennessee,47,Median household income ,Householder 45 to 64 years,52894,404,260.3668333333333,81188.12352515459
B19049_005,2012,Tennessee,47,Median household income ,Householder 65 years and over,31905,297,260.3668333333333,48971.661834424645
B19049_001,2012,Texas,48,Median household income ,All,51563,138,260.3668333333333,79145.14336838858
B19049_002,2012,Texas,48,Median household income ,Householder under 25 years,25479,284,260.3668333333333,39108.25801220202
B19049_003,2012,Texas,48,Median household income ,Householder 25 to 44 years,54137,229,260.3668333333333,83096.03061370464
B19049_004,2012,Texas,48,Median household income ,Householder 45 to 64 years,62866,300,260.3668333333333,96494.35802798744
B19049_005,2012,Texas,48,Median household income ,Householder 65 years and over,36175,223,260.3668333333333,55525.775485356884
B19049_001,2012,Utah,49,Median household income ,All,58164,350,260.3668333333333,89277.15840581334
B19049_002,2012,Utah,49,Median household income ,Householder under 25 years,32325,987,260.3668333333333,49616.32875090978
B19049_003,2012,Utah,49,Median household income ,Householder 25 to 44 years,59836,472,260.3668333333333,91843.54670191609
B19049_004,2012,Utah,49,Median household income ,Householder 45 to 64 years,73647,708,260.3668333333333,113042.34380566906
B19049_005,2012,Utah,49,Median household income ,Householder 65 years and over,42067,515,260.3668333333333,64569.53137090555
B19049_001,2012,Vermont,50,Median household income ,All,54168,617,260.3668333333333,83143.61317182617
B19049_002,2012,Vermont,50,Median household income ,Householder under 25 years,27425,2732,260.3668333333333,42095.21472524983
B19049_003,2012,Vermont,50,Median household income ,Householder 25 to 44 years,59947,1300,260.3668333333333,92013.92295841573
B19049_004,2012,Vermont,50,Median household income ,Householder 45 to 64 years,64060,950,260.3668333333333,98327.05397628092
B19049_005,2012,Vermont,50,Median household income ,Householder 65 years and over,35804,699,260.3668333333333,54956.319709128344
B19049_001,2012,Virginia,51,Median household income ,All,63636,250,260.3668333333333,97676.24737487687
B19049_002,2012,Virginia,51,Median household income ,Householder under 25 years,30913,684,260.3668333333333,47449.019974535935
B19049_003,2012,Virginia,51,Median household income ,Householder 25 to 44 years,69662,475,260.3668333333333,106925.68270520888
B19049_004,2012,Virginia,51,Median household income ,Householder 45 to 64 years,76904,447,260.3668333333333,118041.58225088834
B19049_005,2012,Virginia,51,Median household income ,Householder 65 years and over,41637,386,260.3668333333333,63909.51524212314
B19049_001,2012,Washington,53,Median household income ,All,59374,263,260.3668333333333,91134.41309378244
B19049_002,2012,Washington,53,Median household income ,Householder under 25 years,29614,850,260.3668333333333,45455.157297121186
B19049_003,2012,Washington,53,Median household income ,Householder 25 to 44 years,64330,451,260.3668333333333,98741.48270830707
B19049_004,2012,Washington,53,Median household income ,Householder 45 to 64 years,71909,522,260.3668333333333,110374.65070840437
B19049_005,2012,Washington,53,Median household income ,Householder 65 years and over,41074,330,260.3668333333333,63045.35458978711
B19049_001,2012,West Virginia,54,Median household income ,All,40400,328,260.3668333333333,62010.81768095143
B19049_002,2012,West Virginia,54,Median household income ,Householder under 25 years,19501,1237,260.3668333333333,29932.49890089688
B19049_003,2012,West Virginia,54,Median household income ,Householder 25 to 44 years,48047,946,260.3668333333333,73748.36032467014
B19049_004,2012,West Virginia,54,Median household income ,Householder 45 to 64 years,48991,658,260.3668333333333,75197.32596553197
B19049_005,2012,West Virginia,54,Median household income ,Householder 65 years and over,28607,393,260.3668333333333,43909.491618786575
B19049_001,2012,Wisconsin,55,Median household income ,All,52627,183,260.3668333333333,80778.2995568176
B19049_002,2012,Wisconsin,55,Median household income ,Householder under 25 years,26183,496,260.3668333333333,40188.84255792949
B19049_003,2012,Wisconsin,55,Median household income ,Householder 25 to 44 years,58554,419,260.3668333333333,89875.77768540669
B19049_004,2012,Wisconsin,55,Median household income ,Householder 45 to 64 years,64947,367,260.3668333333333,99688.52910704834
B19049_005,2012,Wisconsin,55,Median household income ,Householder 65 years and over,34164,303,260.3668333333333,52439.04889237685
B19049_001,2012,Wyoming,56,Median household income ,All,56573,981,260.3668333333333,86835.09872931846
B19049_002,2012,Wyoming,56,Median household income ,Householder under 25 years,34032,1863,260.3668333333333,52236.43929005295
B19049_003,2012,Wyoming,56,Median household income ,Householder 25 to 44 years,61779,1489,260.3668333333333,94825.89865127472
B19049_004,2012,Wyoming,56,Median household income ,Householder 45 to 64 years,69871,1435,260.3668333333333,107246.48124222172
B19049_005,2012,Wyoming,56,Median household income ,Householder 65 years and over,36142,1152,260.3668333333333,55475.12308477591
B19049_001,2012,Puerto Rico,72,Median household income ,All,19515,146,260.3668333333333,29953.987798113052
B19049_002,2012,Puerto Rico,72,Median household income ,Householder under 25 years,6585,544,260.3668333333333,10107.456297749139
B19049_003,2012,Puerto Rico,72,Median household income ,Householder 25 to 44 years,22981,370,260.3668333333333,35274.02478034517
B19049_004,2012,Puerto Rico,72,Median household income ,Householder 45 to 64 years,22444,292,260.3668333333333,34449.77207998203
B19049_005,2012,Puerto Rico,72,Median household income ,Householder 65 years and over,15582,194,260.3668333333333,23917.142601598644
B19049_001,2013,Alabama,01,Median household income ,All,43253,241,267.7245833333333,64565.38393868077
B19049_002,2013,Alabama,01,Median household income ,Householder under 25 years,20151,663,267.7245833333333,30080.157486147924
B19049_003,2013,Alabama,01,Median household income ,Householder 25 to 44 years,47774,613,267.7245833333333,71314.05110134638
B19049_004,2013,Alabama,01,Median household income ,Householder 45 to 64 years,52120,409,267.7245833333333,77801.48916570045
B19049_005,2013,Alabama,01,Median household income ,Householder 65 years and over,32520,324,267.7245833333333,48543.83015480773
B19049_001,2013,Alaska,02,Median household income ,All,70760,732,267.7245833333333,105626.11998014129
B19049_002,2013,Alaska,02,Median household income ,Householder under 25 years,42376,1577,267.7245833333333,63256.25297171378
B19049_003,2013,Alaska,02,Median household income ,Householder 25 to 44 years,73194,1575,267.7245833333333,109259.44355322869
B19049_004,2013,Alaska,02,Median household income ,Householder 45 to 64 years,81859,1166,267.7245833333333,122194.01576391161
B19049_005,2013,Alaska,02,Median household income ,Householder 65 years and over,49637,1824,267.7245833333333,74095.02144508583
B19049_001,2013,Arizona,04,Median household income ,All,49774,253,267.7245833333333,74299.52651062114
B19049_002,2013,Arizona,04,Median household income ,Householder under 25 years,25770,583,267.7245833333333,38467.85064850539
B19049_003,2013,Arizona,04,Median household income ,Householder 25 to 44 years,53480,497,267.7245833333333,79831.61244400729
B19049_004,2013,Arizona,04,Median household income ,Householder 45 to 64 years,59145,469,267.7245833333333,88287.971540778075
B19049_005,2013,Arizona,04,Median household income ,Householder 65 years and over,39445,301,267.7245833333333,58881.03875942161
B19049_001,2013,Arkansas,05,Median household income ,All,40768,330,267.7245833333333,60855.93074265687
B19049_002,2013,Arkansas,05,Median household income ,Householder under 25 years,21566,833,267.7245833333333,32192.381338209823
B19049_003,2013,Arkansas,05,Median household income ,Householder 25 to 44 years,45041,631,267.7245833333333,67234.39895457242
B19049_004,2013,Arkansas,05,Median household income ,Householder 45 to 64 years,48521,498,267.7245833333333,72429.12616671051
B19049_005,2013,Arkansas,05,Median household income ,Householder 65 years and over,31238,418,267.7245833333333,46630.1404174626
B19049_001,2013,California,06,Median household income ,All,61094,157,267.7245833333333,91197.31732711634
B19049_002,2013,California,06,Median household income ,Householder under 25 years,30273,336,267.7245833333333,45189.648532487525
B19049_003,2013,California,06,Median household income ,Householder 25 to 44 years,64092,296,267.7245833333333,95672.5449656192
B19049_004,2013,California,06,Median household income ,Householder 45 to 64 years,73430,327,267.7245833333333,109611.7296515231
B19049_005,2013,California,06,Median household income ,Householder 65 years and over,43181,206,267.7245833333333,64457.906823946876
B19049_001,2013,Colorado,08,Median household income ,All,58433,314,267.7245833333333,87225.14229507626
B19049_002,2013,Colorado,08,Median household income ,Householder under 25 years,27323,660,267.7245833333333,40786.07230380724
B19049_003,2013,Colorado,08,Median household income ,Householder 25 to 44 years,62301,505,267.7245833333333,92999.05173661366
B19049_004,2013,Colorado,08,Median household income ,Householder 45 to 64 years,71648,531,267.7245833333333,106951.67106185929
B19049_005,2013,Colorado,08,Median household income ,Householder 65 years and over,41471,457,267.7245833333333,61905.32534901695
B19049_001,2013,Connecticut,09,Median household income ,All,69461,411,267.7245833333333,103687.05370181733
B19049_002,2013,Connecticut,09,Median household income ,Householder under 25 years,30838,1714,267.7245833333333,46033.04533560765
B19049_003,2013,Connecticut,09,Median household income ,Householder 25 to 44 years,73531,880,267.7245833333333,109762.49615969148
B19049_004,2013,Connecticut,09,Median household income ,Householder 45 to 64 years,87267,727,267.7245833333333,130266.74127059059
B19049_005,2013,Connecticut,09,Median household income ,Householder 65 years and over,42928,579,267.7245833333333,64080.24418467362
B19049_001,2013,Delaware,10,Median household income ,All,59878,714,267.7245833333333,89382.14827827728
B19049_002,2013,Delaware,10,Median household income ,Householder under 25 years,30989,2118,267.7245833333333,46258.44872900789
B19049_003,2013,Delaware,10,Median household income ,Householder 25 to 44 years,64285,1006,267.7245833333333,95960.64334261423
B19049_004,2013,Delaware,10,Median household income ,Householder 45 to 64 years,72121,1399,267.7245833333333,107657.73599615277
B19049_005,2013,Delaware,10,Median household income ,Householder 65 years and over,43033,931,267.7245833333333,64236.98164366055
B19049_001,2013,District of Columbia,11,Median household income ,All,65830,1006,267.7245833333333,98266.92309627899
B19049_002,2013,District of Columbia,11,Median household income ,Householder under 25 years,31151,2350,267.7245833333333,46500.27223715915
B19049_003,2013,District of Columbia,11,Median household income ,Householder 25 to 44 years,80115,1458,267.7245833333333,119590.68120702401
B19049_004,2013,District of Columbia,11,Median household income ,Householder 45 to 64 years,66957,1608,267.7245833333333,99949.23848940532
B19049_005,2013,District of Columbia,11,Median household income ,Householder 65 years and over,45932,1888,267.7245833333333,68564.42824940431
B19049_001,2013,Florida,12,Median household income ,All,46956,149,267.7245833333333,70092.991658953
B19049_002,2013,Florida,12,Median household income ,Householder under 25 years,24788,486,267.7245833333333,37001.98222255147
B19049_003,2013,Florida,12,Median household income ,Householder 25 to 44 years,50693,284,267.7245833333333,75671.3524611829
B19049_004,2013,Florida,12,Median household income ,Householder 45 to 64 years,55466,339,267.7245833333333,82796.18952541714
B19049_005,2013,Florida,12,Median household income ,Householder 65 years and over,37031,160,267.7245833333333,55277.56994042697
B19049_001,2013,Georgia,13,Median household income ,All,49179,208,267.7245833333333,73411.3475763619
B19049_002,2013,Georgia,13,Median household income ,Householder under 25 years,23150,655,267.7245833333333,34556.87786235544
B19049_003,2013,Georgia,13,Median household income ,Householder 25 to 44 years,52341,362,267.7245833333333,78131.38419842531
B19049_004,2013,Georgia,13,Median household income ,Householder 45 to 64 years,58167,434,267.7245833333333,86828.07406564271
B19049_005,2013,Georgia,13,Median household income ,Householder 65 years and over,35366,358,267.7245833333333,52792.16166220572
B19049_001,2013,Hawaii,15,Median household income ,All,67402,734,267.7245833333333,100613.50676796895
B19049_002,2013,Hawaii,15,Median household income ,Householder under 25 years,36081,3510,267.7245833333333,53859.46912102145
B19049_003,2013,Hawaii,15,Median household income ,Householder 25 to 44 years,68148,1472,267.7245833333333,101727.08909562844
B19049_004,2013,Hawaii,15,Median household income ,Householder 45 to 64 years,77591,1401,267.7245833333333,115823.01124051926
B19049_005,2013,Hawaii,15,Median household income ,Householder 65 years and over,56161,1036,267.7245833333333,83833.64223014012
B19049_001,2013,Idaho,16,Median household income ,All,46767,413,267.7245833333333,69810.86423277654
B19049_002,2013,Idaho,16,Median household income ,Householder under 25 years,25879,931,267.7245833333333,38630.55905831086
B19049_003,2013,Idaho,16,Median household income ,Householder 25 to 44 years,50632,643,267.7245833333333,75580.29546120003
B19049_004,2013,Idaho,16,Median household income ,Householder 45 to 64 years,57078,765,267.7245833333333,85202.4827052926
B19049_005,2013,Idaho,16,Median household income ,Householder 65 years and over,35297,632,267.7245833333333,52689.16276058574
B19049_001,2013,Illinois,17,Median household income ,All,56797,190,267.7245833333333,84783.0234102895
B19049_002,2013,Illinois,17,Median household income ,Householder under 25 years,23840,577,267.7245833333333,35586.866878555236
B19049_003,2013,Illinois,17,Median household income ,Householder 25 to 44 years,62108,395,267.7245833333333,92710.95335961864
B19049_004,2013,Illinois,17,Median household income ,Householder 45 to 64 years,70094,380,267.7245833333333,104631.9566688528
B19049_005,2013,Illinois,17,Median household income ,Householder 65 years and over,37331,252,267.7245833333333,55725.39125181818
B19049_001,2013,Indiana,18,Median household income ,All,48248,198,267.7245833333333,72021.6087733445
B19049_002,2013,Indiana,18,Median household income ,Householder under 25 years,22499,694,267.7245833333333,33585.1056166365
B19049_003,2013,Indiana,18,Median household income ,Householder 25 to 44 years,53009,394,267.7245833333333,79128.53298512309
B19049_004,2013,Indiana,18,Median household income ,Householder 45 to 64 years,58936,393,267.7245833333333,87975.98936050886
B19049_005,2013,Indiana,18,Median household income ,Householder 65 years and over,34629,256,267.7245833333333,51692.013973887966
B19049_001,2013,Iowa,19,Median household income ,All,51843,258,267.7245833333333,77388.0008215159
B19049_002,2013,Iowa,19,Median household income ,Householder under 25 years,25753,618,267.7245833333333,38442.47410752655
B19049_003,2013,Iowa,19,Median household income ,Householder 25 to 44 years,59045,654,267.7245833333333,88138.69777031433
B19049_004,2013,Iowa,19,Median household income ,Householder 45 to 64 years,64063,517,267.7245833333333,95629.25557218473
B19049_005,2013,Iowa,19,Median household income ,Householder 65 years and over,35113,355,267.7245833333333,52414.49902293246
B19049_001,2013,Kansas,20,Median household income ,All,51332,304,267.7245833333333,76625.2118544462
B19049_002,2013,Kansas,20,Median household income ,Householder under 25 years,25607,703,267.7245833333333,38224.53440264949
B19049_003,2013,Kansas,20,Median household income ,Householder 25 to 44 years,55299,586,267.7245833333333,82546.9023287427
B19049_004,2013,Kansas,20,Median household income ,Householder 45 to 64 years,64517,591,267.7245833333333,96306.9584900901
B19049_005,2013,Kansas,20,Median household income ,Householder 65 years and over,36592,403,267.7245833333333,54622.258088091156
B19049_001,2013,Kentucky,21,Median household income ,All,43036,250,267.7245833333333,64241.459856774454
B19049_002,2013,Kentucky,21,Median household income ,Householder under 25 years,22383,690,267.7245833333333,33411.94804289856
B19049_003,2013,Kentucky,21,Median household income ,Householder 25 to 44 years,48877,544,267.7245833333333,72960.54078956142
B19049_004,2013,Kentucky,21,Median household income ,Householder 45 to 64 years,51384,443,267.7245833333333,76702.83421508734
B19049_005,2013,Kentucky,21,Median household income ,Householder 65 years and over,30553,327,267.7245833333333,45607.61508978599
B19049_001,2013,Louisiana,22,Median household income ,All,44874,251,267.7245833333333,66985.11175789798
B19049_002,2013,Louisiana,22,Median household income ,Householder under 25 years,21867,572,267.7245833333333,32641.695387305674
B19049_003,2013,Louisiana,22,Median household income ,Householder 25 to 44 years,51272,426,267.7245833333333,76535.64759216795
B19049_004,2013,Louisiana,22,Median household income ,Householder 45 to 64 years,53100,485,267.7245833333333,79264.37211624508
B19049_005,2013,Louisiana,22,Median household income ,Householder 65 years and over,31198,345,267.7245833333333,46570.43090927711
B19049_001,2013,Maine,23,Median household income ,All,48453,521,267.7245833333333,72327.62000279517
B19049_002,2013,Maine,23,Median household income ,Householder under 25 years,27451,1494,267.7245833333333,40977.14273000083
B19049_003,2013,Maine,23,Median household income ,Householder 25 to 44 years,53532,862,267.7245833333333,79909.23480464844
B19049_004,2013,Maine,23,Median household income ,Householder 45 to 64 years,58451,777,267.7245833333333,87252.01157375974
B19049_005,2013,Maine,23,Median household income ,Householder 65 years and over,33062,478,267.7245833333333,49352.89399072119
B19049_001,2013,Maryland,24,Median household income ,All,73538,404,267.7245833333333,109772.94532362395
B19049_002,2013,Maryland,24,Median household income ,Householder under 25 years,34601,1222,267.7245833333333,51650.217318158124
B19049_003,2013,Maryland,24,Median household income ,Householder 25 to 44 years,76320,584,267.7245833333333,113925.74161792514
B19049_004,2013,Maryland,24,Median household income ,Householder 45 to 64 years,89525,753,267.7245833333333,133637.3430076618
B19049_005,2013,Maryland,24,Median household income ,Householder 65 years and over,48632,523,267.7245833333333,72594.82005192526
B19049_001,2013,Massachusetts,25,Median household income ,All,66866,318,267.7245833333333,99813.39935828332
B19049_002,2013,Massachusetts,25,Median household income ,Householder under 25 years,30342,924,267.7245833333333,45292.64743410751
B19049_003,2013,Massachusetts,25,Median household income ,Householder 25 to 44 years,75746,571,267.7245833333333,113068.91017546329
B19049_004,2013,Massachusetts,25,Median household income ,Householder 45 to 64 years,82433,624,267.7245833333333,123050.84720637347
B19049_005,2013,Massachusetts,25,Median household income ,Householder 65 years and over,38325,378,267.7245833333333,57209.17253022774
B19049_001,2013,Michigan,26,Median household income ,All,48411,163,267.7245833333333,72264.9250192004
B19049_002,2013,Michigan,26,Median household income ,Householder under 25 years,20786,454,267.7245833333333,31028.045928592663
B19049_003,2013,Michigan,26,Median household income ,Householder 25 to 44 years,52736,353,267.7245833333333,78721.01559175708
B19049_004,2013,Michigan,26,Median household income ,Householder 45 to 64 years,59211,341,267.7245833333333,88386.49222928414
B19049_005,2013,Michigan,26,Median household income ,Householder 65 years and over,35790,212,267.7245833333333,53425.082448971974
B19049_001,2013,Minnesota,27,Median household income ,All,59836,236,267.7245833333333,89319.4532946825
B19049_002,2013,Minnesota,27,Median household income ,Householder under 25 years,28363,895,267.7245833333333,42338.51951663012
B19049_003,2013,Minnesota,27,Median household income ,Householder 25 to 44 years,67074,466,267.7245833333333,100123.8888008479
B19049_004,2013,Minnesota,27,Median household income ,Householder 45 to 64 years,73441,446,267.7245833333333,109628.14976627412
B19049_005,2013,Minnesota,27,Median household income ,Householder 65 years and over,37329,282,267.7245833333333,55722.40577640891
B19049_001,2013,Mississippi,28,Median household income ,All,39031,319,267.7245833333333,58263.04534970174
B19049_002,2013,Mississippi,28,Median household income ,Householder under 25 years,20589,829,267.7245833333333,30733.9766007791
B19049_003,2013,Mississippi,28,Median household income ,Householder 25 to 44 years,42861,622,267.7245833333333,63980.230758462916
B19049_004,2013,Mississippi,28,Median household income ,Householder 45 to 64 years,45950,655,267.7245833333333,68591.29752808779
B19049_005,2013,Mississippi,28,Median household income ,Householder 65 years and over,28601,389,267.7245833333333,42693.79109033382
B19049_001,2013,Missouri,29,Median household income ,All,47380,216,267.7245833333333,70725.91244571925
B19049_002,2013,Missouri,29,Median household income ,Householder under 25 years,23734,583,267.7245833333333,35428.636681863674
B19049_003,2013,Missouri,29,Median household income ,Householder 25 to 44 years,52640,466,267.7245833333333,78577.71277211189
B19049_004,2013,Missouri,29,Median household income ,Householder 45 to 64 years,57501,438,267.7245833333333,85833.91075435422
B19049_005,2013,Missouri,29,Median household income ,Householder 65 years and over,34061,284,267.7245833333333,50844.13895765394
B19049_001,2013,Montana,30,Median household income ,All,46230,453,267.7245833333333,69009.26408538625
B19049_002,2013,Montana,30,Median household income ,Householder under 25 years,25168,1316,267.7245833333333,37569.22255031368
B19049_003,2013,Montana,30,Median household income ,Householder 25 to 44 years,51389,875,267.7245833333333,76710.29790361052
B19049_004,2013,Montana,30,Median household income ,Householder 45 to 64 years,54707,825,267.7245833333333,81663.20160759737
B19049_005,2013,Montana,30,Median household income ,Householder 65 years and over,34580,558,267.7245833333333,51618.86982636074
B19049_001,2013,Nebraska,31,Median household income ,All,51672,325,267.7245833333333,77132.7426740229
B19049_002,2013,Nebraska,31,Median household income ,Householder under 25 years,26290,917,267.7245833333333,39244.07425491683
B19049_003,2013,Nebraska,31,Median household income ,Householder 25 to 44 years,55951,688,267.7245833333333,83520.16731216628
B19049_004,2013,Nebraska,31,Median household income ,Householder 45 to 64 years,64517,547,267.7245833333333,96306.9584900901
B19049_005,2013,Nebraska,31,Median household income ,Householder 65 years and over,35878,449,267.7245833333333,53556.443366980064
B19049_001,2013,Nevada,32,Median household income ,All,52800,389,267.7245833333333,78816.55080485388
B19049_002,2013,Nevada,32,Median household income ,Householder under 25 years,32054,1073,267.7245833333333,47848.21438444671
B19049_003,2013,Nevada,32,Median household income ,Householder 25 to 44 years,55227,831,267.7245833333333,82439.4252140088
B19049_004,2013,Nevada,32,Median household income ,Householder 45 to 64 years,60450,617,267.7245833333333,90235.99424532986
B19049_005,2013,Nevada,32,Median household income ,Householder 65 years and over,41000,701,267.7245833333333,61202.24589013274
B19049_001,2013,New Hampshire,33,Median household income ,All,64916,611,267.7245833333333,96902.56083424042
B19049_002,2013,New Hampshire,33,Median household income ,Householder under 25 years,32895,2249,267.7245833333333,49103.60679404675
B19049_003,2013,New Hampshire,33,Median household income ,Householder 25 to 44 years,71843,1073,267.7245833333333,107242.75491426358
B19049_004,2013,New Hampshire,33,Median household income ,Householder 45 to 64 years,78544,1102,267.7245833333333,117245.59027303869
B19049_005,2013,New Hampshire,33,Median household income ,Householder 65 years and over,40710,600,267.7245833333333,60769.351955787904
B19049_001,2013,New Jersey,34,Median household income ,All,71629,303,267.7245833333333,106923.30904547118
B19049_002,2013,New Jersey,34,Median household income ,Householder under 25 years,32156,1028,267.7245833333333,48000.47363031972
B19049_003,2013,New Jersey,34,Median household income ,Householder 25 to 44 years,78151,743,267.7245833333333,116658.9443551162
B19049_004,2013,New Jersey,34,Median household income ,Householder 45 to 64 years,87525,589,267.7245833333333,130651.86759838703
B19049_005,2013,New Jersey,34,Median household income ,Householder 65 years and over,43422,325,267.7245833333333,64817.65661076449
B19049_001,2013,New Mexico,35,Median household income ,All,44927,432,267.7245833333333,67064.22685624375
B19049_002,2013,New Mexico,35,Median household income ,Householder under 25 years,23535,858,267.7245833333333,35131.581878640834
B19049_003,2013,New Mexico,35,Median household income ,Householder 25 to 44 years,46884,709,267.7245833333333,69985.51454421911
B19049_004,2013,New Mexico,35,Median household income ,Householder 45 to 64 years,54447,770,267.7245833333333,81275.08980439164
B19049_005,2013,New Mexico,35,Median household income ,Householder 65 years and over,35779,503,267.7245833333333,53408.662334220964
B19049_001,2013,New York,36,Median household income ,All,58003,204,267.7245833333333,86583.26508208219
B19049_002,2013,New York,36,Median household income ,Householder under 25 years,27100,582,267.7245833333333,40453.191795673105
B19049_003,2013,New York,36,Median household income ,Householder 25 to 44 years,64597,324,267.7245833333333,96426.3775064611
B19049_004,2013,New York,36,Median household income ,Householder 45 to 64 years,69752,400,267.7245833333333,104121.4403738668
B19049_005,2013,New York,36,Median household income ,Householder 65 years and over,37228,241,267.7245833333333,55571.63926824053
B19049_001,2013,North Carolina,37,Median household income ,All,46334,196,267.7245833333333,69164.50880666854
B19049_002,2013,North Carolina,37,Median household income ,Householder under 25 years,24068,553,267.7245833333333,35927.21107521256
B19049_003,2013,North Carolina,37,Median household income ,Householder 25 to 44 years,50260,322,267.7245833333333,75024.99703507492
B19049_004,2013,North Carolina,37,Median household income ,Householder 45 to 64 years,54919,398,267.7245833333333,81979.66200098049
B19049_005,2013,North Carolina,37,Median household income ,Householder 65 years and over,34117,274,267.7245833333333,50927.73226911363
B19049_001,2013,North Dakota,38,Median household income ,All,53741,572,267.7245833333333,80221.21698491766
B19049_002,2013,North Dakota,38,Median household income ,Householder under 25 years,28826,1651,267.7245833333333,43029.65707387723
B19049_003,2013,North Dakota,38,Median household income ,Householder 25 to 44 years,62640,1164,267.7245833333333,93505.08981848574
B19049_004,2013,North Dakota,38,Median household income ,Householder 45 to 64 years,68802,1281,267.7245833333333,102703.33955446129
B19049_005,2013,North Dakota,38,Median household income ,Householder 65 years and over,33664,697,267.7245833333333,50251.5220889129
B19049_001,2013,Ohio,39,Median household income ,All,48308,197,267.7245833333333,72111.17303562275
B19049_002,2013,Ohio,39,Median household income ,Householder under 25 years,21141,429,267.7245833333333,31557.967813738935
B19049_003,2013,Ohio,39,Median household income ,Householder 25 to 44 years,53351,375,267.7245833333333,79639.04928010907
B19049_004,2013,Ohio,39,Median household income ,Householder 45 to 64 years,59611,346,267.7245833333333,88983.5873111391
B19049_005,2013,Ohio,39,Median household income ,Householder 65 years and over,34270,198,267.7245833333333,51156.121137923146
B19049_001,2013,Oklahoma,40,Median household income ,All,45339,196,267.7245833333333,67679.23479055436
B19049_002,2013,Oklahoma,40,Median household income ,Householder under 25 years,25344,621,267.7245833333333,37831.94438632986
B19049_003,2013,Oklahoma,40,Median household income ,Householder 25 to 44 years,49309,441,267.7245833333333,73605.40347796476
B19049_004,2013,Oklahoma,40,Median household income ,Householder 45 to 64 years,55217,475,267.7245833333333,82424.49783696243
B19049_005,2013,Oklahoma,40,Median household income ,Householder 65 years and over,33746,368,267.7245833333333,50373.92658069316
B19049_001,2013,Oregon,41,Median household income ,All,50229,278,267.7245833333333,74978.72216623116
B19049_002,2013,Oregon,41,Median household income ,Householder under 25 years,23459,828,267.7245833333333,35018.13381308839
B19049_003,2013,Oregon,41,Median household income ,Householder 25 to 44 years,54394,603,267.7245833333333,81195.97470604586
B19049_004,2013,Oregon,41,Median household income ,Householder 45 to 64 years,60625,519,267.7245833333333,90497.22334364141
B19049_005,2013,Oregon,41,Median household income ,Householder 65 years and over,37530,378,267.7245833333333,56022.44605504102
B19049_001,2013,Pennsylvania,42,Median household income ,All,52548,165,267.7245833333333,78440.38090328526
B19049_002,2013,Pennsylvania,42,Median household income ,Householder under 25 years,24136,529,267.7245833333333,36028.7172391279
B19049_003,2013,Pennsylvania,42,Median household income ,Householder 25 to 44 years,59897,390,267.7245833333333,89410.5102946654
B19049_004,2013,Pennsylvania,42,Median household income ,Householder 45 to 64 years,65157,338,267.7245833333333,97262.31062105803
B19049_005,2013,Pennsylvania,42,Median household income ,Householder 65 years and over,33904,157,267.7245833333333,50609.779138025864
B19049_001,2013,Rhode Island,44,Median household income ,All,56361,645,267.7245833333333,84132.1897710676
B19049_002,2013,Rhode Island,44,Median household income ,Householder under 25 years,25169,1942,267.7245833333333,37570.71528801832
B19049_003,2013,Rhode Island,44,Median household income ,Householder 25 to 44 years,61065,1140,267.7245833333333,91154.02793368185
B19049_004,2013,Rhode Island,44,Median household income ,Householder 45 to 64 years,71708,1183,267.7245833333333,107041.23532413752
B19049_005,2013,Rhode Island,44,Median household income ,Householder 65 years and over,36341,920,267.7245833333333,54247.58092422717
B19049_001,2013,South Carolina,45,Median household income ,All,44779,250,267.7245833333333,66843.30167595742
B19049_002,2013,South Carolina,45,Median household income ,Householder under 25 years,22132,652,267.7245833333333,33037.27087903458
B19049_003,2013,South Carolina,45,Median household income ,Householder 25 to 44 years,48297,591,267.7245833333333,72094.75292087173
B19049_004,2013,South Carolina,45,Median household income ,Householder 45 to 64 years,52608,498,267.7245833333333,78529.94516556349
B19049_005,2013,South Carolina,45,Median household income ,Householder 65 years and over,34777,361,267.7245833333333,51912.9391541743
B19049_001,2013,South Dakota,46,Median household income ,All,49495,516,267.7245833333333,73883.05269102732
B19049_002,2013,South Dakota,46,Median household income ,Householder under 25 years,27060,1417,267.7245833333333,40393.48228748761
B19049_003,2013,South Dakota,46,Median household income ,Householder 25 to 44 years,54693,891,267.7245833333333,81642.30327973244
B19049_004,2013,South Dakota,46,Median household income ,Householder 45 to 64 years,61421,747,267.7245833333333,91685.44255653275
B19049_005,2013,South Dakota,46,Median household income ,Householder 65 years and over,33893,728,267.7245833333333,50593.359023274854
B19049_001,2013,Tennessee,47,Median household income ,All,44298,222,267.7245833333333,66125.29484002684
B19049_002,2013,Tennessee,47,Median household income ,Householder under 25 years,21800,502,267.7245833333333,32541.68196109497
B19049_003,2013,Tennessee,47,Median household income ,Householder 25 to 44 years,48535,459,267.7245833333333,72450.02449457544
B19049_004,2013,Tennessee,47,Median household income ,Householder 45 to 64 years,53061,374,267.7245833333333,79206.15534576423
B19049_005,2013,Tennessee,47,Median household income ,Householder 65 years and over,32702,311,267.7245833333333,48815.50841705173
B19049_001,2013,Texas,48,Median household income ,All,51900,132,267.7245833333333,77473.08687068023
B19049_002,2013,Texas,48,Median household income ,Householder under 25 years,25601,299,267.7245833333333,38215.577976421664
B19049_003,2013,Texas,48,Median household income ,Householder 25 to 44 years,54524,244,267.7245833333333,81390.03060764872
B19049_004,2013,Texas,48,Median household income ,Householder 45 to 64 years,63165,325,267.7245833333333,94288.77711342036
B19049_005,2013,Texas,48,Median household income ,Householder 65 years and over,36915,200,267.7245833333333,55104.41236668903
B19049_001,2013,Utah,49,Median household income ,All,58821,388,267.7245833333333,87804.32452447557
B19049_002,2013,Utah,49,Median household income ,Householder under 25 years,31419,875,267.7245833333333,46900.32594200197
B19049_003,2013,Utah,49,Median household income ,Householder 25 to 44 years,60618,526,267.7245833333333,90486.77417970894
B19049_004,2013,Utah,49,Median household income ,Householder 45 to 64 years,73888,823,267.7245833333333,110295.40352024703
B19049_005,2013,Utah,49,Median household income ,Householder 65 years and over,43114,736,267.7245833333333,64357.893397736174
B19049_001,2013,Vermont,50,Median household income ,All,54267,548,267.7245833333333,81006.39701755691
B19049_002,2013,Vermont,50,Median household income ,Householder under 25 years,27733,2552,267.7245833333333,41398.09476270857
B19049_003,2013,Vermont,50,Median household income ,Householder 25 to 44 years,60033,1261,267.7245833333333,89613.52262249608
B19049_004,2013,Vermont,50,Median household income ,Householder 45 to 64 years,64082,944,267.7245833333333,95657.61758857284
B19049_005,2013,Vermont,50,Median household income ,Householder 65 years and over,36598,788,267.7245833333333,54631.21451431898
B19049_001,2013,Virginia,51,Median household income ,All,63907,248,267.7245833333333,95396.38849026129
B19049_002,2013,Virginia,51,Median household income ,Householder under 25 years,30677,686,267.7245833333333,45792.714565161026
B19049_003,2013,Virginia,51,Median household income ,Householder 25 to 44 years,69658,521,267.7245833333333,103981.1230296309
B19049_004,2013,Virginia,51,Median household income ,Householder 45 to 64 years,77206,460,267.7245833333333,115248.30722423387
B19049_005,2013,Virginia,51,Median household income ,Householder 65 years and over,42806,397,267.7245833333333,63898.13018470786
B19049_001,2013,Washington,53,Median household income ,All,59478,291,267.7245833333333,88785.05319642232
B19049_002,2013,Washington,53,Median household income ,Householder under 25 years,28817,1070,267.7245833333333,43016.22243453549
B19049_003,2013,Washington,53,Median household income ,Householder 25 to 44 years,64286,467,267.7245833333333,95962.13608031887
B19049_004,2013,Washington,53,Median household income ,Householder 45 to 64 years,72076,460,267.7245833333333,107590.56279944409
B19049_005,2013,Washington,53,Median household income ,Householder 65 years and over,41968,400,267.7245833333333,62647.21598822173
B19049_001,2013,West Virginia,54,Median household income ,All,41043,338,267.7245833333333,61266.43361143215
B19049_002,2013,West Virginia,54,Median household income ,Householder under 25 years,19237,926,267.7245833333333,28715.795224109355
B19049_003,2013,West Virginia,54,Median household income ,Householder 25 to 44 years,48283,882,267.7245833333333,72073.8545930068
B19049_004,2013,West Virginia,54,Median household income ,Householder 45 to 64 years,49718,712,267.7245833333333,74215.93319916146
B19049_005,2013,West Virginia,54,Median household income ,Householder 65 years and over,29490,373,267.7245833333333,44020.83490975646
B19049_001,2013,Wisconsin,55,Median household income ,All,52413,173,267.7245833333333,78238.8613131592
B19049_002,2013,Wisconsin,55,Median household income ,Householder under 25 years,26039,562,267.7245833333333,38869.397091052844
B19049_003,2013,Wisconsin,55,Median household income ,Householder 25 to 44 years,58104,500,267.7245833333333,86734.03159025055
B19049_004,2013,Wisconsin,55,Median household income ,Householder 45 to 64 years,65127,302,267.7245833333333,97217.5284899189
B19049_005,2013,Wisconsin,55,Median household income ,Householder 65 years and over,34562,239,267.7245833333333,51592.000547677264
B19049_001,2013,Wyoming,56,Median household income ,All,57406,841,267.7245833333333,85692.10067241367
B19049_002,2013,Wyoming,56,Median household income ,Householder under 25 years,32166,2297,267.7245833333333,48015.40100736609
B19049_003,2013,Wyoming,56,Median household income ,Householder 25 to 44 years,63509,1293,267.7245833333333,94802.27888381561
B19049_004,2013,Wyoming,56,Median household income ,Householder 45 to 64 years,70428,1063,267.7245833333333,105130.53106220168
B19049_005,2013,Wyoming,56,Median household income ,Householder 65 years and over,37207,1154,267.7245833333333,55540.29177644315
B19049_001,2013,Puerto Rico,72,Median household income ,All,19624,137,267.7245833333333,29293.484715804025
B19049_002,2013,Puerto Rico,72,Median household income ,Householder under 25 years,6842,479,267.7245833333333,10213.311375128982
B19049_003,2013,Puerto Rico,72,Median household income ,Householder 25 to 44 years,22910,330,267.7245833333333,34198.620813242465
B19049_004,2013,Puerto Rico,72,Median household income ,Householder 45 to 64 years,22668,326,267.7245833333333,33837.37828872022
B19049_005,2013,Puerto Rico,72,Median household income ,Householder 65 years and over,15932,162,267.7245833333333,23782.2971102828
B19049_001,2014,Alabama,01,Median household income ,All,43511,226,276.1619166666667,62966.13417326732
B19049_002,2014,Alabama,01,Median household income ,Householder under 25 years,20560,769,276.1619166666667,29753.02150266314
B19049_003,2014,Alabama,01,Median household income ,Householder 25 to 44 years,47850,539,276.1619166666667,69245.23730070192
B19049_004,2014,Alabama,01,Median household income ,Householder 45 to 64 years,52048,401,276.1619166666667,75320.29490129431
B19049_005,2014,Alabama,01,Median household income ,Householder 65 years and over,33444,357,276.1619166666667,48397.8624092931
B19049_001,2014,Alaska,02,Median household income ,All,71829,735,276.1619166666667,103946.00104643924
B19049_002,2014,Alaska,02,Median household income ,Householder under 25 years,42742,1731,276.1619166666667,61853.29012970954
B19049_003,2014,Alaska,02,Median household income ,Householder 25 to 44 years,74898,1264,276.1619166666667,108387.24730089806
B19049_004,2014,Alaska,02,Median household income ,Householder 45 to 64 years,82782,1444,276.1619166666667,119796.43122730838
B19049_005,2014,Alaska,02,Median household income ,Householder 65 years and over,51768,1610,276.1619166666667,74915.09811040202
B19049_001,2014,Arizona,04,Median household income ,All,49928,244,276.1619166666667,72252.3763416812
B19049_002,2014,Arizona,04,Median household income ,Householder under 25 years,25790,654,276.1619166666667,37321.518703972884
B19049_003,2014,Arizona,04,Median household income ,Householder 25 to 44 years,53575,430,276.1619166666667,77530.06454305339
B19049_004,2014,Arizona,04,Median household income ,Householder 45 to 64 years,59068,533,276.1619166666667,85479.15730152269
B19049_005,2014,Arizona,04,Median household income ,Householder 65 years and over,40054,342,276.1619166666667,57963.40093714346
B19049_001,2014,Arkansas,05,Median household income ,All,41264,239,276.1619166666667,59714.42992635661
B19049_002,2014,Arkansas,05,Median household income ,Householder under 25 years,22179,787,276.1619166666667,32095.92723285826
B19049_003,2014,Arkansas,05,Median household income ,Householder 25 to 44 years,45741,629,276.1619166666667,66193.23718644527
B19049_004,2014,Arkansas,05,Median household income ,Householder 45 to 64 years,48739,527,276.1619166666667,70531.73711178497
B19049_005,2014,Arkansas,05,Median household income ,Householder 65 years and over,32199,347,276.1619166666667,46596.18382121841
B19049_001,2014,California,06,Median household income ,All,61489,154,276.1619166666667,88982.66241134504
B19049_002,2014,California,06,Median household income ,Householder under 25 years,29452,454,276.1619166666667,42620.91387628574
B19049_003,2014,California,06,Median household income ,Householder 25 to 44 years,64546,320,276.1619166666667,93406.54308905132
B19049_004,2014,California,06,Median household income ,Householder 45 to 64 years,73775,302,276.1619166666667,106762.11874314073
B19049_005,2014,California,06,Median household income ,Householder 65 years and over,44204,190,276.1619166666667,63968.99623072576
B19049_001,2014,Colorado,08,Median household income ,All,59448,312,276.1619166666667,86029.06723201938
B19049_002,2014,Colorado,08,Median household income ,Householder under 25 years,27717,789,276.1619166666667,40110.14090414953
B19049_003,2014,Colorado,08,Median household income ,Householder 25 to 44 years,63453,563,276.1619166666667,91824.82847317531
B19049_004,2014,Colorado,08,Median household income ,Householder 45 to 64 years,72479,569,276.1619166666667,104886.6364538678
B19049_005,2014,Colorado,08,Median household income ,Householder 65 years and over,42655,408,276.1619166666667,61727.38969825371
B19049_001,2014,Connecticut,09,Median household income ,All,69899,520,276.1619166666667,101153.03745207447
B19049_002,2014,Connecticut,09,Median household income ,Householder under 25 years,29940,1784,276.1619166666667,43327.11399755518
B19049_003,2014,Connecticut,09,Median household income ,Householder 25 to 44 years,73361,1106,276.1619166666667,106163.00634517854
B19049_004,2014,Connecticut,09,Median household income ,Householder 45 to 64 years,87842,844,276.1619166666667,127118.91609129065
B19049_005,2014,Connecticut,09,Median household income ,Householder 65 years and over,44298,443,276.1619166666667,64105.02658195388
B19049_001,2014,Delaware,10,Median household income ,All,60231,601,276.1619166666667,87162.17111512178
B19049_002,2014,Delaware,10,Median household income ,Householder under 25 years,29750,2488,276.1619166666667,43052.15903230683
B19049_003,2014,Delaware,10,Median household income ,Householder 25 to 44 years,64800,1310,276.1619166666667,93774.11446364647
B19049_004,2014,Delaware,10,Median household income ,Householder 45 to 64 years,72237,1285,276.1619166666667,104536.43065602517
B19049_005,2014,Delaware,10,Median household income ,Householder 65 years and over,44076,908,276.1619166666667,63783.76341203213
B19049_001,2014,District of Columbia,11,Median household income ,All,69235,1127,276.1619166666667,100192.14220510129
B19049_002,2014,District of Columbia,11,Median household income ,Householder under 25 years,31384,3049,276.1619166666667,45416.77173344261
B19049_003,2014,District of Columbia,11,Median household income ,Householder 25 to 44 years,83013,1630,276.1619166666667,120130.71857979453
B19049_004,2014,District of Columbia,11,Median household income ,Householder 45 to 64 years,69931,1745,276.1619166666667,101199.34565674787
B19049_005,2014,District of Columbia,11,Median household income ,Householder 65 years and over,47139,1954,276.1619166666667,68216.32687811468
B19049_001,2014,Florida,12,Median household income ,All,47212,163,276.1619166666667,68321.96747002589
B19049_002,2014,Florida,12,Median household income ,Householder under 25 years,25030,452,276.1619166666667,36221.698842979495
B19049_003,2014,Florida,12,Median household income ,Householder 25 to 44 years,50755,308,276.1619166666667,73449.15400620952
B19049_004,2014,Florida,12,Median household income ,Householder 45 to 64 years,55662,339,276.1619166666667,80550.22776659708
B19049_005,2014,Florida,12,Median household income ,Householder 65 years and over,37683,194,276.1619166666667,54532.25239712331
B19049_001,2014,Georgia,13,Median household income ,All,49342,215,276.1619166666667,71404.35734359945
B19049_002,2014,Georgia,13,Median household income ,Householder under 25 years,23220,601,276.1619166666667,33602.39101613999
B19049_003,2014,Georgia,13,Median household income ,Householder 25 to 44 years,51851,303,276.1619166666667,75035.21001627366
B19049_004,2014,Georgia,13,Median household income ,Householder 45 to 64 years,58662,448,276.1619166666667,84891.62195472885
B19049_005,2014,Georgia,13,Median household income ,Householder 65 years and over,36350,303,276.1619166666667,52603.226246196755
B19049_001,2014,Hawaii,15,Median household income ,All,68201,682,276.1619166666667,98695.80834159188
B19049_002,2014,Hawaii,15,Median household income ,Householder under 25 years,38123,3231,276.1619166666667,55168.99021138263
B19049_003,2014,Hawaii,15,Median household income ,Householder 25 to 44 years,69205,1278,276.1619166666667,100148.72826321998
B19049_004,2014,Hawaii,15,Median household income ,Householder 45 to 64 years,78838,1024,276.1619166666667,114088.94500131113
B19049_005,2014,Hawaii,15,Median household income ,Householder 65 years and over,57176,1103,276.1619166666667,82741.18470020758
B19049_001,2014,Idaho,16,Median household income ,All,47334,444,276.1619166666667,68498.51750034325
B19049_002,2014,Idaho,16,Median household income ,Householder under 25 years,25338,1070,276.1619166666667,36667.41531296103
B19049_003,2014,Idaho,16,Median household income ,Householder 25 to 44 years,51087,616,276.1619166666667,73929.6016296961
B19049_004,2014,Idaho,16,Median household income ,Householder 45 to 64 years,57970,1059,276.1619166666667,83890.20702866645
B19049_005,2014,Idaho,16,Median household income ,Householder 65 years and over,35876,525,276.1619166666667,51917.28596447193
B19049_001,2014,Illinois,17,Median household income ,All,57166,203,276.1619166666667,82726.71338624714
B19049_002,2014,Illinois,17,Median household income ,Householder under 25 years,24207,624,276.1619166666667,35030.70970403535
B19049_003,2014,Illinois,17,Median household income ,Householder 25 to 44 years,62340,362,276.1619166666667,90214.17122937842
B19049_004,2014,Illinois,17,Median household income ,Householder 45 to 64 years,70284,354,276.1619166666667,101710.18303955138
B19049_005,2014,Illinois,17,Median household income ,Householder 65 years and over,38325,237,276.1619166666667,55461.31075338351
B19049_001,2014,Indiana,18,Median household income ,All,48737,254,276.1619166666667,70528.84284899288
B19049_002,2014,Indiana,18,Median household income ,Householder under 25 years,22736,649,276.1619166666667,32901.97942045473
B19049_003,2014,Indiana,18,Median household income ,Householder 25 to 44 years,53136,443,276.1619166666667,76894.77386019011
B19049_004,2014,Indiana,18,Median household income ,Householder 45 to 64 years,59465,459,276.1619166666667,86053.66846575213
B19049_005,2014,Indiana,18,Median household income ,Householder 65 years and over,35667,275,276.1619166666667,51614.83550269875
B19049_001,2014,Iowa,19,Median household income ,All,52716,271,276.1619166666667,76286.97867385167
B19049_002,2014,Iowa,19,Median household income ,Householder under 25 years,26242,641,276.1619166666667,37975.622094984734
B19049_003,2014,Iowa,19,Median household income ,Householder 25 to 44 years,60276,488,276.1619166666667,87227.29202794375
B19049_004,2014,Iowa,19,Median household income ,Householder 45 to 64 years,65223,500,276.1619166666667,94386.25104417306
B19049_005,2014,Iowa,19,Median household income ,Householder 65 years and over,35945,372,276.1619166666667,52017.13803079896
B19049_001,2014,Kansas,20,Median household income ,All,51872,245,276.1619166666667,75065.59977559058
B19049_002,2014,Kansas,20,Median household income ,Householder under 25 years,25813,594,276.1619166666667,37354.80272608189
B19049_003,2014,Kansas,20,Median household income ,Householder 25 to 44 years,56041,658,276.1619166666667,81098.69056569772
B19049_004,2014,Kansas,20,Median household income ,Householder 45 to 64 years,65005,507,276.1619166666667,94070.77639983548
B19049_005,2014,Kansas,20,Median household income ,Householder 65 years and over,37533,352,276.1619166666667,54315.18268771672
B19049_001,2014,Kentucky,21,Median household income ,All,43342,237,276.1619166666667,62721.568967335894
B19049_002,2014,Kentucky,21,Median household income ,Householder under 25 years,22754,670,276.1619166666667,32928.027785583516
B19049_003,2014,Kentucky,21,Median household income ,Householder 25 to 44 years,49463,635,276.1619166666667,71579.46024252077
B19049_004,2014,Kentucky,21,Median household income ,Householder 45 to 64 years,51642,395,276.1619166666667,74732.75955450049
B19049_005,2014,Kentucky,21,Median household income ,Householder 65 years and over,31622,338,276.1619166666667,45761.18900570107
B19049_001,2014,Louisiana,22,Median household income ,All,44991,329,276.1619166666667,65107.888639412326
B19049_002,2014,Louisiana,22,Median household income ,Householder under 25 years,22089,653,276.1619166666667,31965.685407214307
B19049_003,2014,Louisiana,22,Median household income ,Householder 25 to 44 years,51117,564,276.1619166666667,73973.01557157743
B19049_004,2014,Louisiana,22,Median household income ,Householder 45 to 64 years,53475,554,276.1619166666667,77385.351403449
B19049_005,2014,Louisiana,22,Median household income ,Householder 65 years and over,31890,317,276.1619166666667,46149.02021984084
B19049_001,2014,Maine,23,Median household income ,All,48804,481,276.1619166666667,70625.80065252782
B19049_002,2014,Maine,23,Median household income ,Householder under 25 years,27557,1398,276.1619166666667,39878.5998807825
B19049_003,2014,Maine,23,Median household income ,Householder 25 to 44 years,54154,830,276.1619166666667,78367.95362136283
B19049_004,2014,Maine,23,Median household income ,Householder 45 to 64 years,58420,946,276.1619166666667,84541.41615688622
B19049_005,2014,Maine,23,Median household income ,Householder 65 years and over,34067,541,276.1619166666667,49299.42526902846
B19049_001,2014,Maryland,24,Median household income ,All,74149,395,276.1619166666667,107303.34588526115
B19049_002,2014,Maryland,24,Median household income ,Householder under 25 years,33982,1155,276.1619166666667,49176.419100364736
B19049_003,2014,Maryland,24,Median household income ,Householder 25 to 44 years,76590,624,276.1619166666667,110835.79362300439
B19049_004,2014,Maryland,24,Median household income ,Householder 45 to 64 years,90470,726,276.1619166666667,130921.9774000941
B19049_005,2014,Maryland,24,Median household income ,Householder 65 years and over,50102,544,276.1619166666667,72504.17720459284
B19049_001,2014,Massachusetts,25,Median household income ,All,67846,387,276.1619166666667,98182.07669599628
B19049_002,2014,Massachusetts,25,Median household income ,Householder under 25 years,30397,1091,276.1619166666667,43988.453045547256
B19049_003,2014,Massachusetts,25,Median household income ,Householder 25 to 44 years,76699,555,276.1619166666667,110993.53094517317
B19049_004,2014,Massachusetts,25,Median household income ,Householder 45 to 64 years,84099,678,276.1619166666667,121702.30327589823
B19049_005,2014,Massachusetts,25,Median household income ,Householder 65 years and over,39550,358,276.1619166666667,57234.04671353732
B19049_001,2014,Michigan,26,Median household income ,All,49087,192,276.1619166666667,71035.33883760826
B19049_002,2014,Michigan,26,Median household income ,Householder under 25 years,21580,394,276.1619166666667,31229.09552662795
B19049_003,2014,Michigan,26,Median household income ,Householder 25 to 44 years,53327,394,276.1619166666667,77171.1759568345
B19049_004,2014,Michigan,26,Median household income ,Householder 45 to 64 years,59969,328,276.1619166666667,86783.02268935827
B19049_005,2014,Michigan,26,Median household income ,Householder 65 years and over,36782,215,276.1619166666667,53228.387009287726
B19049_001,2014,Minnesota,27,Median household income ,All,60828,240,276.1619166666667,88026.10855856
B19049_002,2014,Minnesota,27,Median household income ,Householder under 25 years,28656,870,276.1619166666667,41468.99728503478
B19049_003,2014,Minnesota,27,Median household income ,Householder 25 to 44 years,68028,543,276.1619166666667,98445.45461007628
B19049_004,2014,Minnesota,27,Median household income ,Householder 45 to 64 years,74820,445,276.1619166666667,108274.37105200662
B19049_005,2014,Minnesota,27,Median household income ,Householder 65 years and over,38446,333,276.1619166666667,55636.41365230482
B19049_001,2014,Mississippi,28,Median household income ,All,39464,306,276.1619166666667,57109.59341347754
B19049_002,2014,Mississippi,28,Median household income ,Householder under 25 years,21311,937,276.1619166666667,30839.81718109213
B19049_003,2014,Mississippi,28,Median household income ,Householder 25 to 44 years,43119,607,276.1619166666667,62398.858666018095
B19049_004,2014,Mississippi,28,Median household income ,Householder 45 to 64 years,45830,543,276.1619166666667,66322.03188069318
B19049_005,2014,Mississippi,28,Median household income ,Householder 65 years and over,29690,419,276.1619166666667,42965.331148544195
B19049_001,2014,Missouri,29,Median household income ,All,47764,234,276.1619166666667,69120.78400064213
B19049_002,2014,Missouri,29,Median household income ,Householder under 25 years,23579,484,276.1619166666667,34121.91118731976
B19049_003,2014,Missouri,29,Median household income ,Householder 25 to 44 years,53109,455,276.1619166666667,76855.70131249692
B19049_004,2014,Missouri,29,Median household income ,Householder 45 to 64 years,57978,420,276.1619166666667,83901.7840798348
B19049_005,2014,Missouri,29,Median household income ,Householder 65 years and over,34776,259,276.1619166666667,50325.44142882361
B19049_001,2014,Montana,30,Median household income ,All,46766,502,276.1619166666667,67676.5468673903
B19049_002,2014,Montana,30,Median household income ,Householder under 25 years,25992,1184,276.1619166666667,37613.83924597375
B19049_003,2014,Montana,30,Median household income ,Householder 25 to 44 years,52540,870,276.1619166666667,76032.28354814793
B19049_004,2014,Montana,30,Median household income ,Householder 45 to 64 years,55064,1069,276.1619166666667,79684.8431917628
B19049_005,2014,Montana,30,Median household income ,Householder 65 years and over,35632,774,276.1619166666667,51564.18590383721
B19049_001,2014,Nebraska,31,Median household income ,All,52400,334,276.1619166666667,75829.68515270179
B19049_002,2014,Nebraska,31,Median household income ,Householder under 25 years,26753,751,276.1619166666667,38715.10623836318
B19049_003,2014,Nebraska,31,Median household income ,Householder 25 to 44 years,56879,663,276.1619166666667,82311.38667558253
B19049_004,2014,Nebraska,31,Median household income ,Householder 45 to 64 years,65436,641,276.1619166666667,94694.49003153041
B19049_005,2014,Nebraska,31,Median household income ,Householder 65 years and over,36868,495,276.1619166666667,53352.840309347506
B19049_001,2014,Nevada,32,Median household income ,All,52205,302,276.1619166666667,75547.49453047321
B19049_002,2014,Nevada,32,Median household income ,Householder under 25 years,31410,999,276.1619166666667,45454.39714973975
B19049_003,2014,Nevada,32,Median household income ,Householder 25 to 44 years,54451,603,276.1619166666667,78797.75164598788
B19049_004,2014,Nevada,32,Median household income ,Householder 45 to 64 years,60175,642,276.1619166666667,87081.13175694332
B19049_005,2014,Nevada,32,Median household income ,Householder 65 years and over,41382,599,276.1619166666667,59885.19143108979
B19049_001,2014,New Hampshire,33,Median household income ,All,65986,546,276.1619166666667,95490.41229935458
B19049_002,2014,New Hampshire,33,Median household income ,Householder under 25 years,34016,2184,276.1619166666667,49225.621567830225
B19049_003,2014,New Hampshire,33,Median household income ,Householder 25 to 44 years,73372,1287,276.1619166666667,106178.92479053502
B19049_004,2014,New Hampshire,33,Median household income ,Householder 45 to 64 years,79429,1112,276.1619166666667,114944.1996563731
B19049_005,2014,New Hampshire,33,Median household income ,Householder 65 years and over,41786,767,276.1619166666667,60469.83251509154
B19049_001,2014,New Jersey,34,Median household income ,All,72062,330,276.1619166666667,104283.18266171748
B19049_002,2014,New Jersey,34,Median household income ,Householder under 25 years,32789,1138,276.1619166666667,47449.99134488433
B19049_003,2014,New Jersey,34,Median household income ,Householder 25 to 44 years,77813,657,276.1619166666667,112605.6353203661
B19049_004,2014,New Jersey,34,Median household income ,Householder 45 to 64 years,88136,634,276.1619166666667,127544.37272172756
B19049_005,2014,New Jersey,34,Median household income ,Householder 65 years and over,44740,359,276.1619166666667,64744.6586590053
B19049_001,2014,New Mexico,35,Median household income ,All,44968,419,276.1619166666667,65074.60461730332
B19049_002,2014,New Mexico,35,Median household income ,Householder under 25 years,24129,794,276.1619166666667,34917.83345514392
B19049_003,2014,New Mexico,35,Median household income ,Householder 25 to 44 years,46863,813,276.1619166666667,67816.91861280656
B19049_004,2014,New Mexico,35,Median household income ,Householder 45 to 64 years,54190,701,276.1619166666667,78420.05035162042
B19049_005,2014,New Mexico,35,Median household income ,Householder 65 years and over,36439,600,276.1619166666667,52732.020940444665
B19049_001,2014,New York,36,Median household income ,All,58687,207,276.1619166666667,84927.80023962996
B19049_002,2014,New York,36,Median household income ,Householder under 25 years,27968,789,276.1619166666667,40473.370884556556
B19049_003,2014,New York,36,Median household income ,Householder 25 to 44 years,65396,358,276.1619166666667,94636.60477568865
B19049_004,2014,New York,36,Median household income ,Householder 45 to 64 years,70383,309,276.1619166666667,101853.44904775973
B19049_005,2014,New York,36,Median household income ,Householder 65 years and over,38136,216,276.1619166666667,55187.802919531205
B19049_001,2014,North Carolina,37,Median household income ,All,46693,191,276.1619166666667,67570.9062754791
B19049_002,2014,North Carolina,37,Median household income ,Householder under 25 years,24189,620,276.1619166666667,35004.66133890655
B19049_003,2014,North Carolina,37,Median household income ,Householder 25 to 44 years,50435,368,276.1619166666667,72986.07195947546
B19049_004,2014,North Carolina,37,Median household income ,Householder 45 to 64 years,55313,412,276.1619166666667,80045.17890937775
B19049_005,2014,North Carolina,37,Median household income ,Householder 65 years and over,35024,262,276.1619166666667,50684.330015042506
B19049_001,2014,North Dakota,38,Median household income ,All,55579,753,276.1619166666667,80430.11586072543
B19049_002,2014,North Dakota,38,Median household income ,Householder under 25 years,30154,1562,276.1619166666667,43636.80011630858
B19049_003,2014,North Dakota,38,Median household income ,Householder 25 to 44 years,65189,1279,276.1619166666667,94337.04857670757
B19049_004,2014,North Dakota,38,Median household income ,Householder 45 to 64 years,71105,1206,276.1619166666667,102898.27791570344
B19049_005,2014,North Dakota,38,Median household income ,Householder 65 years and over,35087,807,276.1619166666667,50775.49929299327
B19049_001,2014,Ohio,39,Median household income ,All,48849,162,276.1619166666667,70690.9215653498
B19049_002,2014,Ohio,39,Median household income ,Householder under 25 years,21759,425,276.1619166666667,31488.13204651981
B19049_003,2014,Ohio,39,Median household income ,Householder 25 to 44 years,53889,351,276.1619166666667,77984.46380141118
B19049_004,2014,Ohio,39,Median household income ,Householder 45 to 64 years,60154,321,276.1619166666667,87050.74199762639
B19049_005,2014,Ohio,39,Median household income ,Householder 65 years and over,35190,199,276.1619166666667,50924.5538267858
B19049_001,2014,Oklahoma,40,Median household income ,All,46235,201,276.1619166666667,66908.12009609098
B19049_002,2014,Oklahoma,40,Median household income ,Householder under 25 years,25946,464,276.1619166666667,37547.271201755735
B19049_003,2014,Oklahoma,40,Median household income ,Householder 25 to 44 years,50585,422,276.1619166666667,73203.14166888206
B19049_004,2014,Oklahoma,40,Median household income ,Householder 45 to 64 years,55848,371,276.1619166666667,80819.39420626125
B19049_005,2014,Oklahoma,40,Median household income ,Householder 65 years and over,34720,320,276.1619166666667,50244.40207064515
B19049_001,2014,Oregon,41,Median household income ,All,50521,266,276.1619166666667,73110.52525953525
B19049_002,2014,Oregon,41,Median household income ,Householder under 25 years,23345,876,276.1619166666667,33783.28244064548
B19049_003,2014,Oregon,41,Median household income ,Householder 25 to 44 years,54740,707,276.1619166666667,79215.97261944457
B19049_004,2014,Oregon,41,Median household income ,Householder 45 to 64 years,60785,515,276.1619166666667,87963.88190853011
B19049_005,2014,Oregon,41,Median household income ,Householder 65 years and over,38519,410,276.1619166666667,55742.05424421603
B19049_001,2014,Pennsylvania,42,Median household income ,All,53115,159,276.1619166666667,76864.3841008732
B19049_002,2014,Pennsylvania,42,Median household income ,Householder under 25 years,24552,569,276.1619166666667,35529.9700356705
B19049_003,2014,Pennsylvania,42,Median household income ,Householder 25 to 44 years,60435,326,276.1619166666667,87457.38591991474
B19049_004,2014,Pennsylvania,42,Median household income ,Householder 45 to 64 years,65855,274,276.1619166666667,95300.83808647282
B19049_005,2014,Pennsylvania,42,Median household income ,Householder 65 years and over,34938,206,276.1619166666667,50559.876714982725
B19049_001,2014,Rhode Island,44,Median household income ,All,56423,679,276.1619166666667,81651.4947589865
B19049_002,2014,Rhode Island,44,Median household income ,Householder under 25 years,25626,1661,276.1619166666667,37084.189155021675
B19049_003,2014,Rhode Island,44,Median household income ,Householder 25 to 44 years,60853,1342,276.1619166666667,88062.2868434611
B19049_004,2014,Rhode Island,44,Median household income ,Householder 45 to 64 years,71397,1164,276.1619166666667,103320.84028334827
B19049_005,2014,Rhode Island,44,Median household income ,Householder 65 years and over,36972,997,276.1619166666667,53503.34197453607
B19049_001,2014,South Carolina,45,Median household income ,All,45033,249,276.1619166666667,65168.668158046174
B19049_002,2014,South Carolina,45,Median household income ,Householder under 25 years,22083,654,276.1619166666667,31957.002618838043
B19049_003,2014,South Carolina,45,Median household income ,Householder 25 to 44 years,48649,586,276.1619166666667,70401.49528614101
B19049_004,2014,South Carolina,45,Median household income ,Householder 45 to 64 years,52814,484,276.1619166666667,76428.79755066396
B19049_005,2014,South Carolina,45,Median household income ,Householder 65 years and over,35552,298,276.1619166666667,51448.4153921537
B19049_001,2014,South Dakota,46,Median household income ,All,50338,436,276.1619166666667,72845.70021405921
B19049_002,2014,South Dakota,46,Median household income ,Householder under 25 years,27940,1707,276.1619166666667,40432.85120546733
B19049_003,2014,South Dakota,46,Median household income ,Householder 25 to 44 years,55935,1026,276.1619166666667,80945.29463771706
B19049_004,2014,South Dakota,46,Median household income ,Householder 45 to 64 years,62353,936,276.1619166666667,90232.983937527
B19049_005,2014,South Dakota,46,Median household income ,Householder 65 years and over,34828,781,276.1619166666667,50400.6922614179
B19049_001,2014,Tennessee,47,Median household income ,All,44621,206,276.1619166666667,64572.45002287607
B19049_002,2014,Tennessee,47,Median household income ,Householder under 25 years,22607,653,276.1619166666667,32715.299470365062
B19049_003,2014,Tennessee,47,Median household income ,Householder 25 to 44 years,48825,508,276.1619166666667,70656.19041184474
B19049_004,2014,Tennessee,47,Median household income ,Householder 45 to 64 years,53148,405,276.1619166666667,76912.13943694264
B19049_005,2014,Tennessee,47,Median household income ,Householder 65 years and over,33548,315,276.1619166666667,48548.364074481666
B19049_001,2014,Texas,48,Median household income ,All,52576,147,276.1619166666667,76084.38027840552
B19049_002,2014,Texas,48,Median household income ,Householder under 25 years,26239,353,276.1619166666667,37971.280700796604
B19049_003,2014,Texas,48,Median household income ,Householder 25 to 44 years,55494,252,276.1619166666667,80307.1096920617
B19049_004,2014,Texas,48,Median household income ,Householder 45 to 64 years,63808,284,276.1619166666667,92338.56011877091
B19049_005,2014,Texas,48,Median household income ,Householder 65 years and over,37847,205,276.1619166666667,54769.58194607451
B19049_001,2014,Utah,49,Median household income ,All,59846,392,276.1619166666667,86605.02552764486
B19049_002,2014,Utah,49,Median household income ,Householder under 25 years,31012,966,276.1619166666667,44878.43885411427
B19049_003,2014,Utah,49,Median household income ,Householder 25 to 44 years,61895,487,276.1619166666667,89570.19775813888
B19049_004,2014,Utah,49,Median household income ,Householder 45 to 64 years,74778,765,276.1619166666667,108213.59153337279
B19049_005,2014,Utah,49,Median household income ,Householder 65 years and over,44070,629,276.1619166666667,63775.08062365587
B19049_001,2014,Vermont,50,Median household income ,All,54447,555,276.1619166666667,78791.9631204037
B19049_002,2014,Vermont,50,Median household income ,Householder under 25 years,29336,3017,276.1619166666667,42453.046634344646
B19049_003,2014,Vermont,50,Median household income ,Householder 25 to 44 years,61124,1001,276.1619166666667,88454.45945178901
B19049_004,2014,Vermont,50,Median household income ,Householder 45 to 64 years,64582,1045,276.1619166666667,93458.6398193089
B19049_005,2014,Vermont,50,Median household income ,Householder 65 years and over,36952,776,276.1619166666667,53474.399346615195
B19049_001,2014,Virginia,51,Median household income ,All,64792,274,276.1619166666667,93762.53741247812
B19049_002,2014,Virginia,51,Median household income ,Householder under 25 years,30558,813,276.1619166666667,44221.44120031033
B19049_003,2014,Virginia,51,Median household income ,Householder 25 to 44 years,70181,512,276.1619166666667,101561.12850575885
B19049_004,2014,Virginia,51,Median household income ,Householder 45 to 64 years,78740,460,276.1619166666667,113947.12612449883
B19049_005,2014,Virginia,51,Median household income ,Householder 65 years and over,44048,347,276.1619166666667,63743.2437329429
B19049_001,2014,Washington,53,Median household income ,All,60294,265,276.1619166666667,87253.34039307255
B19049_002,2014,Washington,53,Median household income ,Householder under 25 years,29556,856,276.1619166666667,42771.415541474315
B19049_003,2014,Washington,53,Median household income ,Householder 25 to 44 years,65189,489,276.1619166666667,94337.04857670757
B19049_004,2014,Washington,53,Median household income ,Householder 45 to 64 years,72872,510,276.1619166666667,105455.35909251306
B19049_005,2014,Washington,53,Median household income ,Householder 65 years and over,42749,298,276.1619166666667,61863.42004948184
B19049_001,2014,West Virginia,54,Median household income ,All,41576,355,276.1619166666667,60165.934921922315
B19049_002,2014,West Virginia,54,Median household income ,Householder under 25 years,20057,1261,276.1619166666667,29025.114410453047
B19049_003,2014,West Virginia,54,Median household income ,Householder 25 to 44 years,48823,912,276.1619166666667,70653.29614905265
B19049_004,2014,West Virginia,54,Median household income ,Householder 45 to 64 years,49530,724,276.1619166666667,71676.41804605571
B19049_005,2014,West Virginia,54,Median household income ,Householder 65 years and over,30724,403,276.1619166666667,44461.66501205362
B19049_001,2014,Wisconsin,55,Median household income ,All,52738,201,276.1619166666667,76318.81556456463
B19049_002,2014,Wisconsin,55,Median household income ,Householder under 25 years,26082,468,276.1619166666667,37744.08107161771
B19049_003,2014,Wisconsin,55,Median household income ,Householder 25 to 44 years,58482,487,276.1619166666667,84631.13830344095
B19049_004,2014,Wisconsin,55,Median household income ,Householder 45 to 64 years,65718,401,276.1619166666667,95102.5810852148
B19049_005,2014,Wisconsin,55,Median household income ,Householder 65 years and over,35445,226,276.1619166666667,51293.572332776996
B19049_001,2014,Wyoming,56,Median household income ,All,58252,788,276.1619166666667,84298.29808235084
B19049_002,2014,Wyoming,56,Median household income ,Householder under 25 years,31771,2646,276.1619166666667,45976.81158371161
B19049_003,2014,Wyoming,56,Median household income ,Householder 25 to 44 years,64600,1395,276.1619166666667,93484.68818443769
B19049_004,2014,Wyoming,56,Median household income ,Householder 45 to 64 years,71642,1472,276.1619166666667,103675.38747537903
B19049_005,2014,Wyoming,56,Median household income ,Householder 65 years and over,38134,1335,276.1619166666667,55184.90865673912
B19049_001,2014,Puerto Rico,72,Median household income ,All,19686,143,276.1619166666667,28488.22866252075
B19049_002,2014,Puerto Rico,72,Median household income ,Householder under 25 years,6915,520,276.1619166666667,10006.913603643756
B19049_003,2014,Puerto Rico,72,Median household income ,Householder 25 to 44 years,22969,368,276.1619166666667,33239.16103573296
B19049_004,2014,Puerto Rico,72,Median household income ,Householder 45 to 64 years,22809,300,276.1619166666667,33007.62001236594
B19049_005,2014,Puerto Rico,72,Median household income ,Householder 65 years and over,16119,175,276.1619166666667,23326.310972832063
B19049_001,2015,Alabama,01,Median household income ,All,43623,281,286.0319166666667,60949.8704567876
B19049_002,2015,Alabama,01,Median household income ,Householder under 25 years,20943,554,286.0319166666667,29261.470714451152
B19049_003,2015,Alabama,01,Median household income ,Householder 25 to 44 years,47814,652,286.0319166666667,66805.51786949183
B19049_004,2015,Alabama,01,Median household income ,Householder 45 to 64 years,52240,392,286.0319166666667,72989.50628481727
B19049_005,2015,Alabama,01,Median household income ,Householder 65 years and over,33877,369,286.0319166666667,47332.80062042027
B19049_001,2015,Alaska,02,Median household income ,All,72515,838,286.0319166666667,101317.65023437068
B19049_002,2015,Alaska,02,Median household income ,Householder under 25 years,42244,1466,286.0319166666667,59023.137509491215
B19049_003,2015,Alaska,02,Median household income ,Householder 25 to 44 years,74653,1415,286.0319166666667,104304.85476034578
B19049_004,2015,Alaska,02,Median household income ,Householder 45 to 64 years,83370,1509,286.0319166666667,116484.21016395897
B19049_005,2015,Alaska,02,Median household income ,Householder 65 years and over,53373,2101,286.0319166666667,74572.52907617827
B19049_001,2015,Arizona,04,Median household income ,All,50255,211,286.0319166666667,70216.07270948491
B19049_002,2015,Arizona,04,Median household income ,Householder under 25 years,25660,611,286.0319166666667,35852.04309472456
B19049_003,2015,Arizona,04,Median household income ,Householder 25 to 44 years,53913,488,286.0319166666667,75327.01478432913
B19049_004,2015,Arizona,04,Median household income ,Householder 45 to 64 years,59446,532,286.0319166666667,83057.69890136385
B19049_005,2015,Arizona,04,Median household income ,Householder 65 years and over,40550,343,286.0319166666667,56656.28789910682
B19049_001,2015,Arkansas,05,Median household income ,All,41371,247,286.0319166666667,57803.38561464731
B19049_002,2015,Arkansas,05,Median household income ,Householder under 25 years,22602,833,286.0319166666667,31579.418473381316
B19049_003,2015,Arkansas,05,Median household income ,Householder 25 to 44 years,46070,557,286.0319166666667,64368.80847131569
B19049_004,2015,Arkansas,05,Median household income ,Householder 45 to 64 years,48902,568,286.0319166666667,68325.66685184024
B19049_005,2015,Arkansas,05,Median household income ,Householder 65 years and over,32359,364,286.0319166666667,45211.85746306283
B19049_001,2015,California,06,Median household income ,All,61818,156,286.0319166666667,86371.84723420432
B19049_002,2015,California,06,Median household income ,Householder under 25 years,29406,445,286.0319166666667,41085.93839608225
B19049_003,2015,California,06,Median household income ,Householder 25 to 44 years,64784,325,286.0319166666667,90515.92984601077
B19049_004,2015,California,06,Median household income ,Householder 45 to 64 years,74230,332,286.0319166666667,103713.8409556276
B19049_005,2015,California,06,Median household income ,Householder 65 years and over,45103,190,286.0319166666667,63017.7201754233
B19049_001,2015,Colorado,08,Median household income ,All,60629,252,286.0319166666667,84710.58148051659
B19049_002,2015,Colorado,08,Median household income ,Householder under 25 years,28819,805,286.0319166666667,40265.78448740714
B19049_003,2015,Colorado,08,Median household income ,Householder 25 to 44 years,64809,531,286.0319166666667,90550.85973990663
B19049_004,2015,Colorado,08,Median household income ,Householder 45 to 64 years,73492,541,286.0319166666667,102682.71048782142
B19049_005,2015,Colorado,08,Median household income ,Householder 65 years and over,44046,437,286.0319166666667,61540.88426150577
B19049_001,2015,Connecticut,09,Median household income ,All,70331,409,286.0319166666667,98266.17470362717
B19049_002,2015,Connecticut,09,Median household income ,Householder under 25 years,30327,1451,286.0319166666667,42372.75568720623
B19049_003,2015,Connecticut,09,Median household income ,Householder 25 to 44 years,73439,1025,286.0319166666667,102608.65911276217
B19049_004,2015,Connecticut,09,Median household income ,Householder 45 to 64 years,88279,837,286.0319166666667,123343.04412935268
B19049_005,2015,Connecticut,09,Median household income ,Householder 65 years and over,45613,543,286.0319166666667,63730.29001089912
B19049_001,2015,Delaware,10,Median household income ,All,60509,595,286.0319166666667,84542.9179898164
B19049_002,2015,Delaware,10,Median household income ,Householder under 25 years,32040,1712,286.0319166666667,44766.152016951484
B19049_003,2015,Delaware,10,Median household income ,Householder 25 to 44 years,65343,1146,286.0319166666667,91296.9622735225
B19049_004,2015,Delaware,10,Median household income ,Householder 45 to 64 years,71964,1259,286.0319166666667,100547.79537290563
B19049_005,2015,Delaware,10,Median household income ,Householder 65 years and over,44924,806,286.0319166666667,62767.622135128855
B19049_001,2015,District of Columbia,11,Median household income ,All,70848,843,286.0319166666667,98988.52490939385
B19049_002,2015,District of Columbia,11,Median household income ,Householder under 25 years,30822,3232,286.0319166666667,43064.367586344524
B19049_003,2015,District of Columbia,11,Median household income ,Householder 25 to 44 years,84667,1727,286.0319166666667,118296.37305927688
B19049_004,2015,District of Columbia,11,Median household income ,Householder 45 to 64 years,71544,1775,286.0319166666667,99960.97315545497
B19049_005,2015,District of Columbia,11,Median household income ,Householder 65 years and over,47763,1657,286.0319166666667,66734.26088594424
B19049_001,2015,Florida,12,Median household income ,All,47507,202,286.0319166666667,66376.5787724505
B19049_002,2015,Florida,12,Median household income ,Householder under 25 years,25292,387,286.0319166666667,35337.87505657731
B19049_003,2015,Florida,12,Median household income ,Householder 25 to 44 years,50817,257,286.0319166666667,71001.29672426416
B19049_004,2015,Florida,12,Median household income ,Householder 45 to 64 years,55981,344,286.0319166666667,78216.41560739579
B19049_005,2015,Florida,12,Median household income ,Householder 65 years and over,38168,206,286.0319166666667,53328.167608708
B19049_001,2015,Georgia,13,Median household income ,All,49620,245,286.0319166666667,69328.85340452973
B19049_002,2015,Georgia,13,Median household income ,Householder under 25 years,23542,595,286.0319166666667,32892.78248386616
B19049_003,2015,Georgia,13,Median household income ,Householder 25 to 44 years,51779,316,286.0319166666667,72345.39904137737
B19049_004,2015,Georgia,13,Median household income ,Householder 45 to 64 years,59082,451,286.0319166666667,82549.11964623994
B19049_005,2015,Georgia,13,Median household income ,Householder 65 years and over,37223,321,286.0319166666667,52007.81761944398
B19049_001,2015,Hawaii,15,Median household income ,All,69515,725,286.0319166666667,97126.06296686587
B19049_002,2015,Hawaii,15,Median household income ,Householder under 25 years,38129,3011,286.0319166666667,53273.67697423043
B19049_003,2015,Hawaii,15,Median household income ,Householder 25 to 44 years,70065,1086,286.0319166666667,97894.52063257508
B19049_004,2015,Hawaii,15,Median household income ,Householder 45 to 64 years,80710,995,286.0319166666667,112767.66945343802
B19049_005,2015,Hawaii,15,Median household income ,Householder 65 years and over,58462,1112,286.0319166666667,81682.85827762228
B19049_001,2015,Idaho,16,Median household income ,All,47583,494,286.0319166666667,66482.76564989396
B19049_002,2015,Idaho,16,Median household income ,Householder under 25 years,25191,1005,286.0319166666667,35196.75828523798
B19049_003,2015,Idaho,16,Median household income ,Householder 25 to 44 years,51623,604,286.0319166666667,72127.43650346712
B19049_004,2015,Idaho,16,Median household income ,Householder 45 to 64 years,57801,1069,286.0319166666667,80759.31188301537
B19049_005,2015,Idaho,16,Median household income ,Householder 65 years and over,36021,600,286.0319166666667,50328.38832093038
B19049_001,2015,Illinois,17,Median household income ,All,57574,247,286.0319166666667,80442.14844644084
B19049_002,2015,Illinois,17,Median household income ,Householder under 25 years,24913,598,286.0319166666667,34808.337865115864
B19049_003,2015,Illinois,17,Median household income ,Householder 25 to 44 years,62573,449,286.0319166666667,87426.73002985971
B19049_004,2015,Illinois,17,Median household income ,Householder 45 to 64 years,70763,325,286.0319166666667,98869.76327014787
B19049_005,2015,Illinois,17,Median household income ,Householder 65 years and over,39010,262,286.0319166666667,54504.606435121015
B19049_001,2015,Indiana,18,Median household income ,All,49255,221,286.0319166666667,68818.87695364997
B19049_002,2015,Indiana,18,Median household income ,Householder under 25 years,23865,630,286.0319166666667,33344.076713000846
B19049_003,2015,Indiana,18,Median household income ,Householder 25 to 44 years,53403,491,286.0319166666667,74614.44494885331
B19049_004,2015,Indiana,18,Median household income ,Householder 45 to 64 years,59949,429,286.0319166666667,83760.48836654883
B19049_005,2015,Indiana,18,Median household income ,Householder 65 years and over,36339,253,286.0319166666667,50772.69657128589
B19049_001,2015,Iowa,19,Median household income ,All,53183,313,286.0319166666667,74307.06188256963
B19049_002,2015,Iowa,19,Median household income ,Householder under 25 years,26513,622,286.0319166666667,37043.85107445177
B19049_003,2015,Iowa,19,Median household income ,Householder 25 to 44 years,60591,506,286.0319166666667,84657.48804179486
B19049_004,2015,Iowa,19,Median household income ,Householder 45 to 64 years,65595,430,286.0319166666667,91649.05560399289
B19049_005,2015,Iowa,19,Median household income ,Householder 65 years and over,36946,373,286.0319166666667,51620.7943950777
B19049_001,2015,Kansas,20,Median household income ,All,52205,232,286.0319166666667,72940.60443336306
B19049_002,2015,Kansas,20,Median household income ,Householder under 25 years,26074,589,286.0319166666667,36430.48213764023
B19049_003,2015,Kansas,20,Median household income ,Householder 25 to 44 years,56845,566,286.0319166666667,79423.59274043718
B19049_004,2015,Kansas,20,Median household income ,Householder 45 to 64 years,65203,589,286.0319166666667,91101.35486770561
B19049_005,2015,Kansas,20,Median household income ,Householder 65 years and over,38359,474,286.0319166666667,53595.03199807247
B19049_001,2015,Kentucky,21,Median household income ,All,43740,302,286.0319166666667,61113.34236022028
B19049_002,2015,Kentucky,21,Median household income ,Householder under 25 years,23213,751,286.0319166666667,32433.105080196467
B19049_003,2015,Kentucky,21,Median household income ,Householder 25 to 44 years,50343,441,286.0319166666667,70339.02593599839
B19049_004,2015,Kentucky,21,Median household income ,Householder 45 to 64 years,51615,451,286.0319166666667,72116.25893742044
B19049_005,2015,Kentucky,21,Median household income ,Householder 65 years and over,32538,356,286.0319166666667,45461.95550335728
B19049_001,2015,Louisiana,22,Median household income ,All,45047,315,286.0319166666667,62939.47721309655
B19049_002,2015,Louisiana,22,Median household income ,Householder under 25 years,21958,612,286.0319166666667,30679.624406623618
B19049_003,2015,Louisiana,22,Median household income ,Householder 25 to 44 years,51010,483,286.0319166666667,71270.9555051403
B19049_004,2015,Louisiana,22,Median household income ,Householder 45 to 64 years,53485,553,286.0319166666667,74729.01500083177
B19049_005,2015,Louisiana,22,Median household income ,Householder 65 years and over,32024,295,286.0319166666667,44743.79688485812
B19049_001,2015,Maine,23,Median household income ,All,49331,512,286.0319166666667,68925.06383109343
B19049_002,2015,Maine,23,Median household income ,Householder under 25 years,27980,1648,286.0319166666667,39093.53724826162
B19049_003,2015,Maine,23,Median household income ,Householder 25 to 44 years,54649,1071,286.0319166666667,76355.35086062364
B19049_004,2015,Maine,23,Median household income ,Householder 45 to 64 years,58819,916,286.0319166666667,82181.65716245535
B19049_005,2015,Maine,23,Median household income ,Householder 65 years and over,35052,574,286.0319166666667,48974.50563352632
B19049_001,2015,Maryland,24,Median household income ,All,74551,370,286.0319166666667,104162.34079325062
B19049_002,2015,Maryland,24,Median household income ,Householder under 25 years,33371,1435,286.0319166666667,46625.81956796779
B19049_003,2015,Maryland,24,Median household income ,Householder 25 to 44 years,77006,656,286.0319166666667,107592.45637382541
B19049_004,2015,Maryland,24,Median household income ,Householder 45 to 64 years,90541,493,286.0319166666667,126503.50092905131
B19049_005,2015,Maryland,24,Median household income ,Householder 65 years and over,51162,485,286.0319166666667,71483.32926002721
B19049_001,2015,Massachusetts,25,Median household income ,All,68563,384,286.0319166666667,95795.932607311
B19049_002,2015,Massachusetts,25,Median household income ,Householder under 25 years,30927,902,286.0319166666667,43211.073140707194
B19049_003,2015,Massachusetts,25,Median household income ,Householder 25 to 44 years,77341,715,286.0319166666667,108060.51695203011
B19049_004,2015,Massachusetts,25,Median household income ,Householder 45 to 64 years,84898,644,286.0319166666667,118619.12527887475
B19049_005,2015,Massachusetts,25,Median household income ,Householder 65 years and over,40573,386,286.0319166666667,56688.423401491025
B19049_001,2015,Michigan,26,Median household income ,All,49576,186,286.0319166666667,69267.376791273
B19049_002,2015,Michigan,26,Median household income ,Householder under 25 years,22455,455,286.0319166666667,31374.03069727358
B19049_003,2015,Michigan,26,Median household income ,Householder 25 to 44 years,53669,451,286.0319166666667,74986.0990199054
B19049_004,2015,Michigan,26,Median household income ,Householder 45 to 64 years,60516,278,286.0319166666667,84552.69836010724
B19049_005,2015,Michigan,26,Median household income ,Householder 65 years and over,37528,204,286.0319166666667,52433.96232497363
B19049_001,2015,Minnesota,27,Median household income ,All,61492,226,286.0319166666667,85916.36141780214
B19049_002,2015,Minnesota,27,Median household income ,Householder under 25 years,30194,740,286.0319166666667,42186.92865168018
B19049_003,2015,Minnesota,27,Median household income ,Householder 25 to 44 years,68946,529,286.0319166666667,96331.05858179579
B19049_004,2015,Minnesota,27,Median household income ,Householder 45 to 64 years,75401,473,286.0319166666667,105349.95718571033
B19049_005,2015,Minnesota,27,Median household income ,Householder 65 years and over,39538,305,286.0319166666667,55242.32579420186
B19049_001,2015,Mississippi,28,Median household income ,All,39665,341,286.0319166666667,55419.769655192904
B19049_002,2015,Mississippi,28,Median household income ,Householder under 25 years,21140,953,286.0319166666667,29536.718278350636
B19049_003,2015,Mississippi,28,Median household income ,Householder 25 to 44 years,43051,710,286.0319166666667,60150.674484450006
B19049_004,2015,Mississippi,28,Median household income ,Householder 45 to 64 years,46112,595,286.0319166666667,64427.49069306076
B19049_005,2015,Mississippi,28,Median household income ,Householder 65 years and over,30106,398,286.0319166666667,42063.97542516671
B19049_001,2015,Missouri,29,Median household income ,All,48173,250,286.0319166666667,67307.11114583658
B19049_002,2015,Missouri,29,Median household income ,Householder under 25 years,23866,618,286.0319166666667,33345.473908756685
B19049_003,2015,Missouri,29,Median household income ,Householder 25 to 44 years,53406,504,286.0319166666667,74618.63653612082
B19049_004,2015,Missouri,29,Median household income ,Householder 45 to 64 years,58357,514,286.0319166666667,81536.1527232596
B19049_005,2015,Missouri,29,Median household income ,Householder 65 years and over,35633,275,286.0319166666667,49786.276367666425
B19049_001,2015,Montana,30,Median household income ,All,47169,490,286.0319166666667,65904.3266069783
B19049_002,2015,Montana,30,Median household income ,Householder under 25 years,26228,1216,286.0319166666667,36645.65028403881
B19049_003,2015,Montana,30,Median household income ,Householder 25 to 44 years,53830,991,286.0319166666667,75211.04753659482
B19049_004,2015,Montana,30,Median household income ,Householder 45 to 64 years,55327,976,286.0319166666667,77302.64958307974
B19049_005,2015,Montana,30,Median household income ,Householder 65 years and over,36068,617,286.0319166666667,50394.05652145462
B19049_001,2015,Nebraska,31,Median household income ,All,52997,347,286.0319166666667,74047.18347198432
B19049_002,2015,Nebraska,31,Median household income ,Householder under 25 years,27413,1063,286.0319166666667,38301.32725470322
B19049_003,2015,Nebraska,31,Median household income ,Householder 25 to 44 years,57822,765,286.0319166666667,80788.65299388791
B19049_004,2015,Nebraska,31,Median household income ,Householder 45 to 64 years,66338,725,286.0319166666667,92687.17205057826
B19049_005,2015,Nebraska,31,Median household income ,Householder 65 years and over,37642,570,286.0319166666667,52593.242641138815
B19049_001,2015,Nevada,32,Median household income ,All,51847,351,286.0319166666667,72440.40835277415
B19049_002,2015,Nevada,32,Median household income ,Householder under 25 years,31894,1035,286.0319166666667,44562.161436599585
B19049_003,2015,Nevada,32,Median household income ,Householder 25 to 44 years,53832,708,286.0319166666667,75213.8419281065
B19049_004,2015,Nevada,32,Median household income ,Householder 45 to 64 years,59830,862,286.0319166666667,83594.22207160447
B19049_005,2015,Nevada,32,Median household income ,Householder 65 years and over,41407,570,286.0319166666667,57853.68466185737
B19049_001,2015,New Hampshire,33,Median household income ,All,66779,537,286.0319166666667,93303.33537890147
B19049_002,2015,New Hampshire,33,Median household income ,Householder under 25 years,34668,2328,286.0319166666667,48437.982463285705
B19049_003,2015,New Hampshire,33,Median household income ,Householder 25 to 44 years,73712,1352,286.0319166666667,102990.09355410511
B19049_004,2015,New Hampshire,33,Median household income ,Householder 45 to 64 years,80828,1013,286.0319166666667,112932.53855262655
B19049_005,2015,New Hampshire,33,Median household income ,Householder 65 years and over,43306,711,286.0319166666667,60506.95940218792
B19049_001,2015,New Jersey,34,Median household income ,All,72093,286,286.0319166666667,100728.03362540834
B19049_002,2015,New Jersey,34,Median household income ,Householder under 25 years,32553,1129,286.0319166666667,45482.91343969481
B19049_003,2015,New Jersey,34,Median household income ,Householder 25 to 44 years,77539,659,286.0319166666667,108337.16171168542
B19049_004,2015,New Jersey,34,Median household income ,Householder 45 to 64 years,88616,589,286.0319166666667,123813.89909906905
B19049_005,2015,New Jersey,34,Median household income ,Householder 65 years and over,45338,346,286.0319166666667,63346.06117804452
B19049_001,2015,New Mexico,35,Median household income ,All,44963,440,286.0319166666667,62822.112769606414
B19049_002,2015,New Mexico,35,Median household income ,Householder under 25 years,23694,1050,286.0319166666667,33105.15623875307
B19049_003,2015,New Mexico,35,Median household income ,Householder 25 to 44 years,46883,781,286.0319166666667,65504.7286208095
B19049_004,2015,New Mexico,35,Median household income ,Householder 45 to 64 years,53642,804,286.0319166666667,74948.37473449786
B19049_005,2015,New Mexico,35,Median household income ,Householder 65 years and over,36724,592,286.0319166666667,51310.61693728234
B19049_001,2015,New York,36,Median household income ,All,59269,235,286.0319166666667,82810.39525258107
B19049_002,2015,New York,36,Median household income ,Householder under 25 years,28708,783,286.0319166666667,40110.695758509464
B19049_003,2015,New York,36,Median household income ,Householder 25 to 44 years,65682,381,286.0319166666667,91770.61163475054
B19049_004,2015,New York,36,Median household income ,Householder 45 to 64 years,70792,360,286.0319166666667,98910.28194706708
B19049_005,2015,New York,36,Median household income ,Householder 65 years and over,38929,201,286.0319166666667,54391.43357889839
B19049_001,2015,North Carolina,37,Median household income ,All,46868,206,286.0319166666667,65483.77068447197
B19049_002,2015,North Carolina,37,Median household income ,Householder under 25 years,24575,642,286.0319166666667,34336.085699643656
B19049_003,2015,North Carolina,37,Median household income ,Householder 25 to 44 years,50479,343,286.0319166666667,70529.04455879194
B19049_004,2015,North Carolina,37,Median household income ,Householder 45 to 64 years,55715,429,286.0319166666667,77844.76153634369
B19049_005,2015,North Carolina,37,Median household income ,Householder 65 years and over,35696,260,286.0319166666667,49874.29970028402
B19049_001,2015,North Dakota,38,Median household income ,All,57181,678,286.0319166666667,79893.0505143977
B19049_002,2015,North Dakota,38,Median household income ,Householder under 25 years,32414,1583,286.0319166666667,45288.70322963375
B19049_003,2015,North Dakota,38,Median household income ,Householder 25 to 44 years,67001,1031,286.0319166666667,93613.51283669683
B19049_004,2015,North Dakota,38,Median household income ,Householder 45 to 64 years,72750,1184,286.0319166666667,101645.99123699189
B19049_005,2015,North Dakota,38,Median household income ,Householder 65 years and over,36043,812,286.0319166666667,50359.12662755875
B19049_001,2015,Ohio,39,Median household income ,All,49429,179,286.0319166666667,69061.98901516525
B19049_002,2015,Ohio,39,Median household income ,Householder under 25 years,22472,550,286.0319166666667,31397.783025122775
B19049_003,2015,Ohio,39,Median household income ,Householder 25 to 44 years,54538,369,286.0319166666667,76200.26213172596
B19049_004,2015,Ohio,39,Median household income ,Householder 45 to 64 years,60736,311,286.0319166666667,84860.08142639093
B19049_005,2015,Ohio,39,Median household income ,Householder 65 years and over,35908,208,286.0319166666667,50170.50520052103
B19049_001,2015,Oklahoma,40,Median household income ,All,46879,216,286.0319166666667,65499.13983778616
B19049_002,2015,Oklahoma,40,Median household income ,Householder under 25 years,26419,600,286.0319166666667,36912.51467340328
B19049_003,2015,Oklahoma,40,Median household income ,Householder 25 to 44 years,51463,332,286.0319166666667,71903.88518253353
B19049_004,2015,Oklahoma,40,Median household income ,Householder 45 to 64 years,56056,444,286.0319166666667,78321.2052890834
B19049_005,2015,Oklahoma,40,Median household income ,Householder 65 years and over,35663,348,286.0319166666667,49828.19224034147
B19049_001,2015,Oregon,41,Median household income ,All,51243,271,286.0319166666667,71596.50211624985
B19049_002,2015,Oregon,41,Median household income ,Householder under 25 years,24634,1208,286.0319166666667,34418.52024923792
B19049_003,2015,Oregon,41,Median household income ,Householder 25 to 44 years,55954,620,286.0319166666667,78178.69132198824
B19049_004,2015,Oregon,41,Median household income ,Householder 45 to 64 years,61443,566,286.0319166666667,85847.89882576623
B19049_005,2015,Oregon,41,Median household income ,Householder 65 years and over,39448,428,286.0319166666667,55116.57817617672
B19049_001,2015,Pennsylvania,42,Median household income ,All,53599,173,286.0319166666667,74888.29531699696
B19049_002,2015,Pennsylvania,42,Median household income ,Householder under 25 years,24941,540,286.0319166666667,34847.45934627924
B19049_003,2015,Pennsylvania,42,Median household income ,Householder 25 to 44 years,61038,334,286.0319166666667,85282.03454465307
B19049_004,2015,Pennsylvania,42,Median household income ,Householder 45 to 64 years,66204,340,286.0319166666667,92499.94781929637
B19049_005,2015,Pennsylvania,42,Median household income ,Householder 65 years and over,35745,202,286.0319166666667,49942.76229231994
B19049_001,2015,Rhode Island,44,Median household income ,All,56852,678,286.0319166666667,79433.37311072802
B19049_002,2015,Rhode Island,44,Median household income ,Householder under 25 years,26138,1852,286.0319166666667,36519.902666013666
B19049_003,2015,Rhode Island,44,Median household income ,Householder 25 to 44 years,60990,1230,286.0319166666667,85214.969148373
B19049_004,2015,Rhode Island,44,Median household income ,Householder 45 to 64 years,72675,1306,286.0319166666667,101541.20155530427
B19049_005,2015,Rhode Island,44,Median household income ,Householder 65 years and over,37845,964,286.0319166666667,52876.87337957331
B19049_001,2015,South Carolina,45,Median household income ,All,45483,272,286.0319166666667,63548.654562640586
B19049_002,2015,South Carolina,45,Median household income ,Householder under 25 years,23203,819,286.0319166666667,32419.133122638115
B19049_003,2015,South Carolina,45,Median household income ,Householder 25 to 44 years,49470,569,286.0319166666667,69119.2740411545
B19049_004,2015,South Carolina,45,Median household income ,Householder 45 to 64 years,52874,624,286.0319166666667,73875.32839401663
B19049_005,2015,South Carolina,45,Median household income ,Householder 65 years and over,36307,305,286.0319166666667,50727.98630709917
B19049_001,2015,South Dakota,46,Median household income ,All,50957,461,286.0319166666667,71196.90413008105
B19049_002,2015,South Dakota,46,Median household income ,Householder under 25 years,28935,1655,286.0319166666667,40427.85919508399
B19049_003,2015,South Dakota,46,Median household income ,Householder 25 to 44 years,56563,955,286.0319166666667,79029.58353729172
B19049_004,2015,South Dakota,46,Median household income ,Householder 45 to 64 years,62700,958,286.0319166666667,87604.17389085075
B19049_005,2015,South Dakota,46,Median household income ,Householder 65 years and over,35989,676,286.0319166666667,50283.67805674366
B19049_001,2015,Tennessee,47,Median household income ,All,45219,243,286.0319166666667,63179.794883100156
B19049_002,2015,Tennessee,47,Median household income ,Householder under 25 years,23545,689,286.0319166666667,32896.97407113366
B19049_003,2015,Tennessee,47,Median household income ,Householder 25 to 44 years,49543,525,286.0319166666667,69221.26933133043
B19049_004,2015,Tennessee,47,Median household income ,Householder 45 to 64 years,53426,421,286.0319166666667,74646.58045123752
B19049_005,2015,Tennessee,47,Median household income ,Householder 65 years and over,34415,316,286.0319166666667,48084.491937059465
B19049_001,2015,Texas,48,Median household income ,All,53207,174,286.0319166666667,74340.59458070966
B19049_002,2015,Texas,48,Median household income ,Householder under 25 years,27105,359,286.0319166666667,37870.990961906056
B19049_003,2015,Texas,48,Median household income ,Householder 25 to 44 years,56464,279,286.0319166666667,78891.26115746406
B19049_004,2015,Texas,48,Median household income ,Householder 45 to 64 years,64283,331,286.0319166666667,89815.93477233745
B19049_005,2015,Texas,48,Median household income ,Householder 65 years and over,38750,223,286.0319166666667,54141.33553860393
B19049_001,2015,Utah,49,Median household income ,All,60727,329,286.0319166666667,84847.5066645884
B19049_002,2015,Utah,49,Median household income ,Householder under 25 years,31681,916,286.0319166666667,44264.55874060674
B19049_003,2015,Utah,49,Median household income ,Householder 25 to 44 years,62780,549,286.0319166666667,87715.94955131755
B19049_004,2015,Utah,49,Median household income ,Householder 45 to 64 years,75534,743,286.0319166666667,105535.78422123638
B19049_005,2015,Utah,49,Median household income ,Householder 65 years and over,44764,704,286.0319166666667,62544.070814195264
B19049_001,2015,Vermont,50,Median household income ,All,55176,561,286.0319166666667,77091.67302394866
B19049_002,2015,Vermont,50,Median household income ,Householder under 25 years,31220,2164,286.0319166666667,43620.45149716683
B19049_003,2015,Vermont,50,Median household income ,Householder 25 to 44 years,62021,1014,286.0319166666667,86655.47797263882
B19049_004,2015,Vermont,50,Median household income ,Householder 45 to 64 years,65064,1121,286.0319166666667,90907.14465764455
B19049_005,2015,Vermont,50,Median household income ,Householder 65 years and over,38174,855,286.0319166666667,53336.55078324301
B19049_001,2015,Virginia,51,Median household income ,All,65015,270,286.0319166666667,90838.68206560863
B19049_002,2015,Virginia,51,Median household income ,Householder under 25 years,30348,728,286.0319166666667,42402.09679807876
B19049_003,2015,Virginia,51,Median household income ,Householder 25 to 44 years,70275,454,286.0319166666667,98187.93174130042
B19049_004,2015,Virginia,51,Median household income ,Householder 45 to 64 years,79146,573,286.0319166666667,110582.45529131217
B19049_005,2015,Virginia,51,Median household income ,Householder 65 years and over,45104,398,286.0319166666667,63019.11737117914
B19049_001,2015,Washington,53,Median household income ,All,61062,228,286.0319166666667,85315.56724279311
B19049_002,2015,Washington,53,Median household income ,Householder under 25 years,30641,665,286.0319166666667,42811.4751545384
B19049_003,2015,Washington,53,Median household income ,Householder 25 to 44 years,66119,503,286.0319166666667,92381.18618005041
B19049_004,2015,Washington,53,Median household income ,Householder 45 to 64 years,73757,558,286.0319166666667,103052.96736311768
B19049_005,2015,Washington,53,Median household income ,Householder 65 years and over,43521,356,286.0319166666667,60807.35648969243
B19049_001,2015,West Virginia,54,Median household income ,All,41751,433,286.0319166666667,58334.32000186459
B19049_002,2015,West Virginia,54,Median household income ,Householder under 25 years,20111,1167,286.0319166666667,28099.003845596482
B19049_003,2015,West Virginia,54,Median household income ,Householder 25 to 44 years,49390,971,286.0319166666667,69007.4983806877
B19049_004,2015,West Virginia,54,Median household income ,Householder 45 to 64 years,49024,735,286.0319166666667,68496.12473405211
B19049_005,2015,West Virginia,54,Median household income ,Householder 65 years and over,31776,394,286.0319166666667,44397.29233741106
B19049_001,2015,Wisconsin,55,Median household income ,All,53357,195,286.0319166666667,74550.1739440849
B19049_002,2015,Wisconsin,55,Median household income ,Householder under 25 years,26345,490,286.0319166666667,36809.1221874715
B19049_003,2015,Wisconsin,55,Median household income ,Householder 25 to 44 years,59541,450,286.0319166666667,83190.43249816817
B19049_004,2015,Wisconsin,55,Median household income ,Householder 45 to 64 years,66258,373,286.0319166666667,92575.39639011146
B19049_005,2015,Wisconsin,55,Median household income ,Householder 65 years and over,36141,264,286.0319166666667,50496.051811630576
B19049_001,2015,Wyoming,56,Median household income ,All,58840,934,286.0319166666667,82210.99827332787
B19049_002,2015,Wyoming,56,Median household income ,Householder under 25 years,31339,2541,286.0319166666667,43786.71779211119
B19049_003,2015,Wyoming,56,Median household income ,Householder 25 to 44 years,66650,1724,286.0319166666667,93123.09712639876
B19049_004,2015,Wyoming,56,Median household income ,Householder 45 to 64 years,71602,1296,286.0319166666667,100042.01050929338
B19049_005,2015,Wyoming,56,Median household income ,Householder 65 years and over,39193,1484,286.0319166666667,54760.29325843881
B19049_001,2015,Puerto Rico,72,Median household income ,All,19350,160,286.0319166666667,27035.737875406092
B19049_002,2015,Puerto Rico,72,Median household income ,Householder under 25 years,6795,495,286.0319166666667,9493.945160898418
B19049_003,2015,Puerto Rico,72,Median household income ,Householder 25 to 44 years,22374,346,286.0319166666667,31260.85784105095
B19049_004,2015,Puerto Rico,72,Median household income ,Householder 45 to 64 years,22385,310,286.0319166666667,31276.226994365137
B19049_005,2015,Puerto Rico,72,Median household income ,Householder 65 years and over,15976,202,286.0319166666667,22321.599395219004
B19049_001,2016,Alabama,01,Median household income ,All,44758,314,296.8204166666667,60262.70967649631
B19049_002,2016,Alabama,01,Median household income ,Householder under 25 years,21303,707,296.8204166666667,28682.61549306048
B19049_003,2016,Alabama,01,Median household income ,Householder 25 to 44 years,49004,655,296.8204166666667,65979.5751594581
B19049_004,2016,Alabama,01,Median household income ,Householder 45 to 64 years,53381,552,296.8204166666667,71872.82061846038
B19049_005,2016,Alabama,01,Median household income ,Householder 65 years and over,35134,280,296.8204166666667,47304.840291657834
B19049_001,2016,Alaska,02,Median household income ,All,74444,809,296.8204166666667,100232.2972241184
B19049_002,2016,Alaska,02,Median household income ,Householder under 25 years,42551,2094,296.8204166666667,57291.17832442456
B19049_003,2016,Alaska,02,Median household income ,Householder 25 to 44 years,75858,1382,296.8204166666667,102136.1238357312
B19049_004,2016,Alaska,02,Median household income ,Householder 45 to 64 years,86720,1689,296.8204166666667,116760.851314754
B19049_005,2016,Alaska,02,Median household income ,Householder 65 years and over,56196,2245,296.8204166666667,75662.97048528501
B19049_001,2016,Arizona,04,Median household income ,All,51340,231,296.8204166666667,69124.79366350867
B19049_002,2016,Arizona,04,Median household income ,Householder under 25 years,26658,548,296.8204166666667,35892.65191822777
B19049_003,2016,Arizona,04,Median household income ,Householder 25 to 44 years,55493,453,296.8204166666667,74716.44282760199
B19049_004,2016,Arizona,04,Median household income ,Householder 45 to 64 years,60784,500,296.8204166666667,81840.30888279529
B19049_005,2016,Arizona,04,Median household income ,Householder 65 years and over,41653,302,296.8204166666667,56082.10032072704
B19049_001,2016,Arkansas,05,Median household income ,All,42336,234,296.8204166666667,57001.6997377932
B19049_002,2016,Arkansas,05,Median household income ,Householder under 25 years,23547,992,296.8204166666667,31703.96409027344
B19049_003,2016,Arkansas,05,Median household income ,Householder 25 to 44 years,47339,628,296.8204166666667,63737.79912810356
B19049_004,2016,Arkansas,05,Median household income ,Householder 45 to 64 years,49835,590,296.8204166666667,67098.4435570891
B19049_005,2016,Arkansas,05,Median household income ,Householder 65 years and over,33291,427,296.8204166666667,44823.402918813146
B19049_001,2016,California,06,Median household income ,All,63783,188,296.8204166666667,85878.19856329515
B19049_002,2016,California,06,Median household income ,Householder under 25 years,30785,374,296.8204166666667,41449.29436951917
B19049_003,2016,California,06,Median household income ,Householder 25 to 44 years,66979,322,296.8204166666667,90181.33141387119
B19049_004,2016,California,06,Median household income ,Householder 45 to 64 years,76370,299,296.8204166666667,102825.4867955231
B19049_005,2016,California,06,Median household income ,Householder 65 years and over,46749,187,296.8204166666667,62943.41602990585
B19049_001,2016,Colorado,08,Median household income ,All,62520,287,296.8204166666667,84177.68016833972
B19049_002,2016,Colorado,08,Median household income ,Householder under 25 years,30110,744,296.8204166666667,40540.46624869976
B19049_003,2016,Colorado,08,Median household income ,Householder 25 to 44 years,67250,553,296.8204166666667,90546.20907422979
B19049_004,2016,Colorado,08,Median household income ,Householder 45 to 64 years,75527,488,296.8204166666667,101690.46145352199
B19049_005,2016,Colorado,08,Median household income ,Householder 65 years and over,46019,512,296.8204166666667,61960.53524739005
B19049_001,2016,Connecticut,09,Median household income ,All,71755,473,296.8204166666667,96611.79527318005
B19049_002,2016,Connecticut,09,Median household income ,Householder under 25 years,31977,1971,296.8204166666667,43054.217510284696
B19049_003,2016,Connecticut,09,Median household income ,Householder 25 to 44 years,74770,912,296.8204166666667,100671.22754617341
B19049_004,2016,Connecticut,09,Median household income ,Householder 45 to 64 years,90168,872,296.8204166666667,121403.27999710263
B19049_005,2016,Connecticut,09,Median household income ,Householder 65 years and over,47465,634,296.8204166666667,63907.44704398984
B19049_001,2016,Delaware,10,Median household income ,All,61017,723,296.8204166666667,82154.02288598185
B19049_002,2016,Delaware,10,Median household income ,Householder under 25 years,32246,2176,296.8204166666667,43416.40234658162
B19049_003,2016,Delaware,10,Median household income ,Householder 25 to 44 years,65357,1438,296.8204166666667,87997.45109984292
B19049_004,2016,Delaware,10,Median household income ,Householder 45 to 64 years,73576,1390,296.8204166666667,99063.61158134618
B19049_005,2016,Delaware,10,Median household income ,Householder 65 years and over,45931,809,296.8204166666667,61842.050988675815
B19049_001,2016,District of Columbia,11,Median household income ,All,72935,1164,296.8204166666667,98200.56146957546
B19049_002,2016,District of Columbia,11,Median household income ,Householder under 25 years,31818,2838,296.8204166666667,42840.137997380574
B19049_003,2016,District of Columbia,11,Median household income ,Householder 25 to 44 years,86812,1686,296.8204166666667,116884.72122159162
B19049_004,2016,District of Columbia,11,Median household income ,Householder 45 to 64 years,73520,2217,296.8204166666667,98988.21250761894
B19049_005,2016,District of Columbia,11,Median household income ,Householder 65 years and over,48747,2107,296.8204166666667,65633.54726753129
B19049_001,2016,Florida,12,Median household income ,All,48900,200,296.8204166666667,65839.54830825036
B19049_002,2016,Florida,12,Median household income ,Householder under 25 years,26344,447,296.8204166666667,35469.87854054289
B19049_003,2016,Florida,12,Median household income ,Householder 25 to 44 years,51901,301,296.8204166666667,69880.1308128119
B19049_004,2016,Florida,12,Median household income ,Householder 45 to 64 years,57398,383,296.8204166666667,77281.35774635898
B19049_005,2016,Florida,12,Median household income ,Householder 65 years and over,39404,180,296.8204166666667,53054.01966335986
B19049_001,2016,Georgia,13,Median household income ,All,51037,182,296.8204166666667,68716.83081816306
B19049_002,2016,Georgia,13,Median household income ,Householder under 25 years,24593,773,296.8204166666667,33112.311074535806
B19049_003,2016,Georgia,13,Median household income ,Householder 25 to 44 years,53084,359,296.8204166666667,71472.93624529983
B19049_004,2016,Georgia,13,Median household income ,Householder 45 to 64 years,61011,374,296.8204166666667,82145.94441379678
B19049_005,2016,Georgia,13,Median household income ,Householder 65 years and over,38486,331,296.8204166666667,51818.01341904547
B19049_001,2016,Hawaii,15,Median household income ,All,71977,663,296.8204166666667,96910.69874402732
B19049_002,2016,Hawaii,15,Median household income ,Householder under 25 years,39474,2240,296.8204166666667,53148.26850551891
B19049_003,2016,Hawaii,15,Median household income ,Householder 25 to 44 years,72915,1161,296.8204166666667,98173.63322895858
B19049_004,2016,Hawaii,15,Median household income ,Householder 45 to 64 years,82810,1278,296.8204166666667,111496.38027415567
B19049_005,2016,Hawaii,15,Median household income ,Householder 65 years and over,61116,1101,296.8204166666667,82287.31767703536
B19049_001,2016,Idaho,16,Median household income ,All,49174,425,296.8204166666667,66208.4652047015
B19049_002,2016,Idaho,16,Median household income ,Householder under 25 years,25194,1284,296.8204166666667,33921.504705072795
B19049_003,2016,Idaho,16,Median household income ,Householder 25 to 44 years,53078,818,296.8204166666667,71464.85777311478
B19049_004,2016,Idaho,16,Median household income ,Householder 45 to 64 years,59801,988,296.8204166666667,80516.78585647607
B19049_005,2016,Idaho,16,Median household income ,Householder 65 years and over,37247,642,296.8204166666667,50149.80891283029
B19049_001,2016,Illinois,17,Median household income ,All,59196,236,296.8204166666667,79702.20657781571
B19049_002,2016,Illinois,17,Median household income ,Householder under 25 years,25913,464,296.8204166666667,34889.574955249314
B19049_003,2016,Illinois,17,Median household income ,Householder 25 to 44 years,64227,427,296.8204166666667,86476.00550498969
B19049_004,2016,Illinois,17,Median household income ,Householder 45 to 64 years,72597,409,296.8204166666667,97745.47420315034
B19049_005,2016,Illinois,17,Median household income ,Householder 65 years and over,40234,258,296.8204166666667,54171.54164896002
B19049_001,2016,Indiana,18,Median household income ,All,50433,195,296.8204166666667,67903.59795153355
B19049_002,2016,Indiana,18,Median household income ,Householder under 25 years,25395,582,296.8204166666667,34192.13352327235
B19049_003,2016,Indiana,18,Median household income ,Householder 25 to 44 years,54948,534,296.8204166666667,73982.64827079224
B19049_004,2016,Indiana,18,Median household income ,Householder 45 to 64 years,61231,385,296.8204166666667,82442.15506058237
B19049_005,2016,Indiana,18,Median household income ,Householder 65 years and over,37639,250,296.8204166666667,50677.60242892097
B19049_001,2016,Iowa,19,Median household income ,All,54570,300,296.8204166666667,73473.70452313338
B19049_002,2016,Iowa,19,Median household income ,Householder under 25 years,27458,728,296.8204166666667,36969.78154290262
B19049_003,2016,Iowa,19,Median household income ,Householder 25 to 44 years,62191,543,296.8204166666667,83734.7106101922
B19049_004,2016,Iowa,19,Median household income ,Householder 45 to 64 years,67143,566,296.8204166666667,90402.14298692952
B19049_005,2016,Iowa,19,Median household income ,Householder 65 years and over,38140,356,296.8204166666667,51352.15485637359
B19049_001,2016,Kansas,20,Median household income ,All,53571,305,296.8204166666667,72128.63890432066
B19049_002,2016,Kansas,20,Median household income ,Householder under 25 years,27350,805,296.8204166666667,36824.36904357152
B19049_003,2016,Kansas,20,Median household income ,Householder 25 to 44 years,58604,582,296.8204166666667,78905.13065555632
B19049_004,2016,Kansas,20,Median household income ,Householder 45 to 64 years,66246,630,296.8204166666667,89194.41139526285
B19049_005,2016,Kansas,20,Median household income ,Householder 65 years and over,39678,405,296.8204166666667,53422.936559810994
B19049_001,2016,Kentucky,21,Median household income ,All,44811,312,296.8204166666667,60334.06951413102
B19049_002,2016,Kentucky,21,Median household income ,Householder under 25 years,24765,721,296.8204166666667,33343.8939438409
B19049_003,2016,Kentucky,21,Median household income ,Householder 25 to 44 years,51584,464,296.8204166666667,69453.31819903449
B19049_004,2016,Kentucky,21,Median household income ,Householder 45 to 64 years,52303,467,296.8204166666667,70421.38844921101
B19049_005,2016,Kentucky,21,Median household income ,Householder 65 years and over,33859,307,296.8204166666667,45588.16495233229
B19049_001,2016,Louisiana,22,Median household income ,All,45652,316,296.8204166666667,61466.40203207046
B19049_002,2016,Louisiana,22,Median household income ,Householder under 25 years,22514,761,296.8204166666667,30313.120462412036
B19049_003,2016,Louisiana,22,Median household income ,Householder 25 to 44 years,51402,516,296.8204166666667,69208.27120942096
B19049_004,2016,Louisiana,22,Median household income ,Householder 45 to 64 years,54028,561,296.8204166666667,72743.94920241616
B19049_005,2016,Louisiana,22,Median household income ,Householder 65 years and over,32937,413,296.8204166666667,44346.77305989452
B19049_001,2016,Maine,23,Median household income ,All,50826,425,296.8204166666667,68432.73787965506
B19049_002,2016,Maine,23,Median household income ,Householder under 25 years,30234,1562,296.8204166666667,40707.421340524364
B19049_003,2016,Maine,23,Median household income ,Householder 25 to 44 years,56873,1215,296.8204166666667,76574.4914301661
B19049_004,2016,Maine,23,Median household income ,Householder 45 to 64 years,60550,829,296.8204166666667,81525.2484675779
B19049_005,2016,Maine,23,Median household income ,Householder 65 years and over,36246,576,296.8204166666667,48802.05046995588
B19049_001,2016,Maryland,24,Median household income ,All,76067,423,296.8204166666667,102417.5239501775
B19049_002,2016,Maryland,24,Median household income ,Householder under 25 years,34730,1415,296.8204166666667,46760.88983119703
B19049_003,2016,Maryland,24,Median household income ,Householder 25 to 44 years,79015,695,296.8204166666667,106386.74661710433
B19049_004,2016,Maryland,24,Median household income ,Householder 45 to 64 years,92228,646,296.8204166666667,124176.88878064037
B19049_005,2016,Maryland,24,Median household income ,Householder 65 years and over,52626,499,296.8204166666667,70856.27953517348
B19049_001,2016,Massachusetts,25,Median household income ,All,70954,343,296.8204166666667,95533.31923647436
B19049_002,2016,Massachusetts,25,Median household income ,Householder under 25 years,32321,845,296.8204166666667,43517.38324889488
B19049_003,2016,Massachusetts,25,Median household income ,Householder 25 to 44 years,80263,564,296.8204166666667,108067.0688315971
B19049_004,2016,Massachusetts,25,Median household income ,Householder 45 to 64 years,87533,752,296.8204166666667,117855.48429582982
B19049_005,2016,Massachusetts,25,Median household income ,Householder 65 years and over,42707,444,296.8204166666667,57501.218601236156
B19049_001,2016,Michigan,26,Median household income ,All,50803,162,296.8204166666667,68401.77040294567
B19049_002,2016,Michigan,26,Median household income ,Householder under 25 years,24485,579,296.8204166666667,32966.89857520471
B19049_003,2016,Michigan,26,Median household income ,Householder 25 to 44 years,55091,398,296.8204166666667,74175.18519120288
B19049_004,2016,Michigan,26,Median household income ,Householder 45 to 64 years,61880,262,296.8204166666667,83315.97646859984
B19049_005,2016,Michigan,26,Median household income ,Householder 65 years and over,39030,199,296.8204166666667,52550.46156382437
B19049_001,2016,Minnesota,27,Median household income ,All,63217,225,296.8204166666667,85116.12935383769
B19049_002,2016,Minnesota,27,Median household income ,Householder under 25 years,31575,611,296.8204166666667,42512.959873885586
B19049_003,2016,Minnesota,27,Median household income ,Householder 25 to 44 years,71297,482,296.8204166666667,95995.1385630537
B19049_004,2016,Minnesota,27,Median household income ,Householder 45 to 64 years,77486,482,296.8204166666667,104328.08262194453
B19049_005,2016,Minnesota,27,Median household income ,Householder 65 years and over,41101,314,296.8204166666667,55338.88087970139
B19049_001,2016,Mississippi,28,Median household income ,All,40528,258,296.8204166666667,54567.38678602803
B19049_002,2016,Mississippi,28,Median household income ,Householder under 25 years,22097,1006,296.8204166666667,29751.66664555027
B19049_003,2016,Mississippi,28,Median household income ,Householder 25 to 44 years,44609,688,296.8204166666667,60062.09428390062
B19049_004,2016,Mississippi,28,Median household income ,Householder 45 to 64 years,46729,629,296.8204166666667,62916.48778928898
B19049_005,2016,Mississippi,28,Median household income ,Householder 65 years and over,31321,482,296.8204166666667,42170.971218051316
B19049_001,2016,Missouri,29,Median household income ,All,49593,259,296.8204166666667,66772.61184562495
B19049_002,2016,Missouri,29,Median household income ,Householder under 25 years,24947,685,296.8204166666667,33588.94093345443
B19049_003,2016,Missouri,29,Median household income ,Householder 25 to 44 years,55312,505,296.8204166666667,74472.7422500193
B19049_004,2016,Missouri,29,Median household income ,Householder 45 to 64 years,59638,544,296.8204166666667,80297.32069544856
B19049_005,2016,Missouri,29,Median household income ,Householder 65 years and over,36862,270,296.8204166666667,49631.44028095552
B19049_001,2016,Montana,30,Median household income ,All,48380,532,296.8204166666667,65139.41405221171
B19049_002,2016,Montana,30,Median household income ,Householder under 25 years,27191,1266,296.8204166666667,36610.289530667396
B19049_003,2016,Montana,30,Median household income ,Householder 25 to 44 years,55197,851,296.8204166666667,74317.9048664723
B19049_004,2016,Montana,30,Median household income ,Householder 45 to 64 years,56992,1101,296.8204166666667,76734.7144618365
B19049_005,2016,Montana,30,Median household income ,Householder 65 years and over,36956,632,296.8204166666667,49758.00301185481
B19049_001,2016,Nebraska,31,Median household income ,All,54384,314,296.8204166666667,73223.27188539648
B19049_002,2016,Nebraska,31,Median household income ,Householder under 25 years,28598,1044,296.8204166666667,38504.69125806429
B19049_003,2016,Nebraska,31,Median household income ,Householder 25 to 44 years,59886,719,296.8204166666667,80631.23087909777
B19049_004,2016,Nebraska,31,Median household income ,Householder 45 to 64 years,67947,689,296.8204166666667,91484.65825972776
B19049_005,2016,Nebraska,31,Median household income ,Householder 65 years and over,38712,531,296.8204166666667,52122.30253801611
B19049_001,2016,Nevada,32,Median household income ,All,53094,378,296.8204166666667,71486.40036560828
B19049_002,2016,Nevada,32,Median household income ,Householder under 25 years,32111,907,296.8204166666667,43234.63672241774
B19049_003,2016,Nevada,32,Median household income ,Householder 25 to 44 years,55131,630,296.8204166666667,74229.04167243662
B19049_004,2016,Nevada,32,Median household income ,Householder 45 to 64 years,61355,668,296.8204166666667,82609.11015240697
B19049_005,2016,Nevada,32,Median household income ,Householder 65 years and over,42453,513,296.8204166666667,57159.229945401894
B19049_001,2016,New Hampshire,33,Median household income ,All,68485,579,296.8204166666667,92209.0279323216
B19049_002,2016,New Hampshire,33,Median household income ,Householder under 25 years,35672,2718,296.8204166666667,48029.20996425168
B19049_003,2016,New Hampshire,33,Median household income ,Householder 25 to 44 years,75233,1202,296.8204166666667,101294.61631645398
B19049_004,2016,New Hampshire,33,Median household income ,Householder 45 to 64 years,82900,830,296.8204166666667,111617.55735693159
B19049_005,2016,New Hampshire,33,Median household income ,Householder 65 years and over,45599,719,296.8204166666667,61395.04219443575
B19049_001,2016,New Jersey,34,Median household income ,All,73702,377,296.8204166666667,99233.25949723247
B19049_002,2016,New Jersey,34,Median household income ,Householder under 25 years,33775,1440,296.8204166666667,45475.06634174143
B19049_003,2016,New Jersey,34,Median household income ,Householder 25 to 44 years,79431,752,296.8204166666667,106946.85402193526
B19049_004,2016,New Jersey,34,Median household income ,Householder 45 to 64 years,90790,595,296.8204166666667,122240.74828028733
B19049_005,2016,New Jersey,34,Median household income ,Householder 65 years and over,47236,378,296.8204166666667,63599.11868892667
B19049_001,2016,New Mexico,35,Median household income ,All,45674,350,296.8204166666667,61496.02309674902
B19049_002,2016,New Mexico,35,Median household income ,Householder under 25 years,24992,1110,296.8204166666667,33649.52947484239
B19049_003,2016,New Mexico,35,Median household income ,Householder 25 to 44 years,47567,891,296.8204166666667,64044.78107113588
B19049_004,2016,New Mexico,35,Median household income ,Householder 45 to 64 years,54098,722,296.8204166666667,72838.19804457521
B19049_005,2016,New Mexico,35,Median household income ,Householder 65 years and over,37792,682,296.8204166666667,50883.60346964003
B19049_001,2016,New York,36,Median household income ,All,60741,209,296.8204166666667,81782.41316546901
B19049_002,2016,New York,36,Median household income ,Householder under 25 years,29884,733,296.8204166666667,40236.17712972911
B19049_003,2016,New York,36,Median household income ,Householder 25 to 44 years,67678,516,296.8204166666667,91122.47342343084
B19049_004,2016,New York,36,Median household income ,Householder 45 to 64 years,72292,367,296.8204166666667,97334.81853374305
B19049_005,2016,New York,36,Median household income ,Householder 65 years and over,40369,220,296.8204166666667,54353.3072731239
B19049_001,2016,North Carolina,37,Median household income ,All,48256,229,296.8204166666667,64972.458960387106
B19049_002,2016,North Carolina,37,Median household income ,Householder under 25 years,25728,500,296.8204166666667,34640.488729543256
B19049_003,2016,North Carolina,37,Median household income ,Householder 25 to 44 years,51764,308,296.8204166666667,69695.67236458634
B19049_004,2016,North Carolina,37,Median household income ,Householder 45 to 64 years,57243,435,296.8204166666667,77072.66388157824
B19049_005,2016,North Carolina,37,Median household income ,Householder 65 years and over,36870,271,296.8204166666667,49642.211577202266
B19049_001,2016,North Dakota,38,Median household income ,All,59114,853,296.8204166666667,79591.80079128654
B19049_002,2016,North Dakota,38,Median household income ,Householder under 25 years,33752,2611,296.8204166666667,45444.09886503203
B19049_003,2016,North Dakota,38,Median household income ,Householder 25 to 44 years,69045,1565,296.8204166666667,92963.01866959399
B19049_004,2016,North Dakota,38,Median household income ,Householder 45 to 64 years,75181,1095,296.8204166666667,101224.6028908501
B19049_005,2016,North Dakota,38,Median household income ,Householder 65 years and over,38102,894,296.8204166666667,51300.99119920154
B19049_001,2016,Ohio,39,Median household income ,All,50674,157,296.8204166666667,68228.08325096684
B19049_002,2016,Ohio,39,Median household income ,Householder under 25 years,23937,449,296.8204166666667,32229.06478230243
B19049_003,2016,Ohio,39,Median household income ,Householder 25 to 44 years,55894,414,296.8204166666667,75256.35405197025
B19049_004,2016,Ohio,39,Median household income ,Householder 45 to 64 years,61986,339,296.8204166666667,83458.69614386927
B19049_005,2016,Ohio,39,Median household income ,Householder 65 years and over,37186,224,296.8204166666667,50067.67777894883
B19049_001,2016,Oklahoma,40,Median household income ,All,48038,247,296.8204166666667,64678.941137663205
B19049_002,2016,Oklahoma,40,Median household income ,Householder under 25 years,26993,536,296.8204166666667,36343.69994856037
B19049_003,2016,Oklahoma,40,Median household income ,Householder 25 to 44 years,52500,440,296.8204166666667,70686.63161928719
B19049_004,2016,Oklahoma,40,Median household income ,Householder 45 to 64 years,57316,401,296.8204166666667,77170.9519598298
B19049_005,2016,Oklahoma,40,Median household income ,Householder 65 years and over,36977,340,296.8204166666667,49786.27766450253
B19049_001,2016,Oregon,41,Median household income ,All,53270,327,296.8204166666667,71723.36888303675
B19049_002,2016,Oregon,41,Median household income ,Householder under 25 years,26100,776,296.8204166666667,35141.35400501706
B19049_003,2016,Oregon,41,Median household income ,Householder 25 to 44 years,58738,707,296.8204166666667,79085.54986768936
B19049_004,2016,Oregon,41,Median household income ,Householder 45 to 64 years,63749,611,296.8204166666667,85832.42055424646
B19049_005,2016,Oregon,41,Median household income ,Householder 65 years and over,40652,443,296.8204166666667,54734.34187785263
B19049_001,2016,Pennsylvania,42,Median household income ,All,54895,185,296.8204166666667,73911.28843315753
B19049_002,2016,Pennsylvania,42,Median household income ,Householder under 25 years,25891,490,296.8204166666667,34859.95389057076
B19049_003,2016,Pennsylvania,42,Median household income ,Householder 25 to 44 years,62292,330,296.8204166666667,83870.6982253074
B19049_004,2016,Pennsylvania,42,Median household income ,Householder 45 to 64 years,67898,402,296.8204166666667,91418.68407021642
B19049_005,2016,Pennsylvania,42,Median household income ,Householder 65 years and over,37174,178,296.8204166666667,50051.52083457871
B19049_001,2016,Rhode Island,44,Median household income ,All,58387,712,296.8204166666667,78612.95924486326
B19049_002,2016,Rhode Island,44,Median household income ,Householder under 25 years,26341,1640,296.8204166666667,35465.83930445036
B19049_003,2016,Rhode Island,44,Median household income ,Householder 25 to 44 years,62259,1188,296.8204166666667,83826.26662828955
B19049_004,2016,Rhode Island,44,Median household income ,Householder 45 to 64 years,73704,983,296.8204166666667,99235.95232129416
B19049_005,2016,Rhode Island,44,Median household income ,Householder 65 years and over,39548,899,296.8204166666667,53247.902995801334
B19049_001,2016,South Carolina,45,Median household income ,All,46898,307,296.8204166666667,63144.03142250154
B19049_002,2016,South Carolina,45,Median household income ,Householder under 25 years,24220,813,296.8204166666667,32610.09938703116
B19049_003,2016,South Carolina,45,Median household income ,Householder 25 to 44 years,50671,415,296.8204166666667,68224.04401487432
B19049_004,2016,South Carolina,45,Median household income ,Householder 45 to 64 years,54421,529,296.8204166666667,73273.08913053769
B19049_005,2016,South Carolina,45,Median household income ,Householder 65 years and over,37795,330,296.8204166666667,50887.642705732564
B19049_001,2016,South Dakota,46,Median household income ,All,52078,508,296.8204166666667,70118.44574227121
B19049_002,2016,South Dakota,46,Median household income ,Householder under 25 years,30668,985,296.8204166666667,41291.76416191047
B19049_003,2016,South Dakota,46,Median household income ,Householder 25 to 44 years,58311,970,296.8204166666667,78510.63193051916
B19049_004,2016,South Dakota,46,Median household income ,Householder 45 to 64 years,63633,991,296.8204166666667,85676.23675866862
B19049_005,2016,South Dakota,46,Median household income ,Householder 65 years and over,37420,777,296.8204166666667,50382.738194166224
B19049_001,2016,Tennessee,47,Median household income ,All,46574,206,296.8204166666667,62707.79392450822
B19049_002,2016,Tennessee,47,Median household income ,Householder under 25 years,25109,546,296.8204166666667,33807.05968245109
B19049_003,2016,Tennessee,47,Median household income ,Householder 25 to 44 years,50837,399,296.8204166666667,68447.54841199434
B19049_004,2016,Tennessee,47,Median household income ,Householder 45 to 64 years,54726,467,296.8204166666667,73683.74479994498
B19049_005,2016,Tennessee,47,Median household income ,Householder 65 years and over,35951,334,296.8204166666667,48404.85892085703
B19049_001,2016,Texas,48,Median household income ,All,54727,165,296.8204166666667,73685.09121197581
B19049_002,2016,Texas,48,Median household income ,Householder under 25 years,28413,519,296.8204166666667,38255.60503235823
B19049_003,2016,Texas,48,Median household income ,Householder 25 to 44 years,58210,350,296.8204166666667,78374.64431540396
B19049_004,2016,Texas,48,Median household income ,Householder 45 to 64 years,65912,336,296.8204166666667,88744.7097769611
B19049_005,2016,Texas,48,Median household income ,Householder 65 years and over,40148,192,296.8204166666667,54055.750214307474
B19049_001,2016,Utah,49,Median household income ,All,62518,349,296.8204166666667,84174.98734427804
B19049_002,2016,Utah,49,Median household income ,Householder under 25 years,33282,1063,296.8204166666667,44811.28521053555
B19049_003,2016,Utah,49,Median household income ,Householder 25 to 44 years,65272,642,296.8204166666667,87883.00607722122
B19049_004,2016,Utah,49,Median household income ,Householder 45 to 64 years,78140,856,296.8204166666667,105208.63609011623
B19049_005,2016,Utah,49,Median household income ,Householder 65 years and over,46542,555,296.8204166666667,62664.70873952123
B19049_001,2016,Vermont,50,Median household income ,All,56104,793,296.8204166666667,75539.10057844741
B19049_002,2016,Vermont,50,Median household income ,Householder under 25 years,31945,1878,296.8204166666667,43011.1323252977
B19049_003,2016,Vermont,50,Median household income ,Householder 25 to 44 years,63508,1415,296.8204166666667,85507.93525481317
B19049_004,2016,Vermont,50,Median household income ,Householder 45 to 64 years,66098,1054,296.8204166666667,88995.142414698
B19049_005,2016,Vermont,50,Median household income ,Householder 65 years and over,39104,807,296.8204166666667,52650.09605410679
B19049_001,2016,Virginia,51,Median household income ,All,66149,285,296.8204166666667,89063.80942827102
B19049_002,2016,Virginia,51,Median household income ,Householder under 25 years,31159,624,296.8204166666667,41952.85246905466
B19049_003,2016,Virginia,51,Median household income ,Householder 25 to 44 years,71234,476,296.8204166666667,95910.31460511056
B19049_004,2016,Virginia,51,Median household income ,Householder 45 to 64 years,80461,544,296.8204166666667,108333.65841370414
B19049_005,2016,Virginia,51,Median household income ,Householder 65 years and over,46764,334,296.8204166666667,62963.612210368505
B19049_001,2016,Washington,53,Median household income ,All,62848,343,296.8204166666667,84619.30331445641
B19049_002,2016,Washington,53,Median household income ,Householder under 25 years,31563,585,296.8204166666667,42496.80292951546
B19049_003,2016,Washington,53,Median household income ,Householder 25 to 44 years,68481,563,296.8204166666667,92203.64228419821
B19049_004,2016,Washington,53,Median household income ,Householder 45 to 64 years,76189,580,296.8204166666667,102581.78621794042
B19049_005,2016,Washington,53,Median household income ,Householder 65 years and over,45121,336,296.8204166666667,60751.45724369252
B19049_001,2016,West Virginia,54,Median household income ,All,42644,410,296.8204166666667,57416.39464329301
B19049_002,2016,West Virginia,54,Median household income ,Householder under 25 years,21695,1169,296.8204166666667,29210.409009151157
B19049_003,2016,West Virginia,54,Median household income ,Householder 25 to 44 years,50130,813,296.8204166666667,67495.63510618794
B19049_004,2016,West Virginia,54,Median household income ,Householder 45 to 64 years,50073,680,296.8204166666667,67418.88962042987
B19049_005,2016,West Virginia,54,Median household income ,Householder 65 years and over,33442,387,296.8204166666667,45026.71113547052
B19049_001,2016,Wisconsin,55,Median household income ,All,54610,201,296.8204166666667,73527.56100436712
B19049_002,2016,Wisconsin,55,Median household income ,Householder under 25 years,28112,605,296.8204166666667,37850.33501107432
B19049_003,2016,Wisconsin,55,Median household income ,Householder 25 to 44 years,61186,392,296.8204166666667,82381.56651919441
B19049_004,2016,Wisconsin,55,Median household income ,Householder 45 to 64 years,67804,378,296.8204166666667,91292.12133931712
B19049_005,2016,Wisconsin,55,Median household income ,Householder 65 years and over,37343,223,296.8204166666667,50279.06446779127
B19049_001,2016,Wyoming,56,Median household income ,All,59143,896,296.8204166666667,79630.846740181
B19049_002,2016,Wyoming,56,Median household income ,Householder under 25 years,30177,3093,296.8204166666667,40630.67585476628
B19049_003,2016,Wyoming,56,Median household income ,Householder 25 to 44 years,67676,1796,296.8204166666667,91119.78059936914
B19049_004,2016,Wyoming,56,Median household income ,Householder 45 to 64 years,72008,1281,296.8204166666667,96952.43751698348
B19049_005,2016,Wyoming,56,Median household income ,Householder 65 years and over,39957,1089,296.8204166666667,53798.58551641635
B19049_001,2016,Puerto Rico,72,Median household income ,All,19606,168,296.8204166666667,26397.754276718948
B19049_002,2016,Puerto Rico,72,Median household income ,Householder under 25 years,6959,544,296.8204166666667,9369.681322640374
B19049_003,2016,Puerto Rico,72,Median household income ,Householder 25 to 44 years,22533,444,296.8204166666667,30338.702290998066
B19049_004,2016,Puerto Rico,72,Median household income ,Householder 45 to 64 years,22722,316,296.8204166666667,30593.1741648275
B19049_005,2016,Puerto Rico,72,Median household income ,Householder 65 years and over,16363,171,296.8204166666667,22031.340060693266
B19049_001,2017,Alabama,01,Median household income ,All,46472,301,308.14258333333333,60271.41648796242
B19049_002,2017,Alabama,01,Median household income ,Householder under 25 years,22553,777,308.14258333333333,29249.897918166134
B19049_003,2017,Alabama,01,Median household income ,Householder 25 to 44 years,50585,467,308.14258333333333,65605.73254956919
B19049_004,2017,Alabama,01,Median household income ,Householder 45 to 64 years,55555,555,308.14258333333333,72051.5265749
B19049_005,2017,Alabama,01,Median household income ,Householder 65 years and over,36595,314,308.14258333333333,47461.535685509225
B19049_001,2017,Alaska,02,Median household income ,All,76114,979,308.14258333333333,98715.32524024729
B19049_002,2017,Alaska,02,Median household income ,Householder under 25 years,43594,1467,308.14258333333333,56538.821879330215
B19049_003,2017,Alaska,02,Median household income ,Householder 25 to 44 years,77960,1655,308.14258333333333,101109.47730679873
B19049_004,2017,Alaska,02,Median household income ,Householder 45 to 64 years,88734,2116,308.14258333333333,115082.71369088607
B19049_005,2017,Alaska,02,Median household income ,Householder 65 years and over,59041,1751,308.14258333333333,76572.66097576583
B19049_001,2017,Arizona,04,Median household income ,All,53510,259,308.14258333333333,69399.28335924576
B19049_002,2017,Arizona,04,Median household income ,Householder under 25 years,28716,677,308.14258333333333,37242.941897665885
B19049_003,2017,Arizona,04,Median household income ,Householder 25 to 44 years,57910,471,308.14258333333333,75105.82132935754
B19049_004,2017,Arizona,04,Median household income ,Householder 45 to 64 years,63626,498,308.14258333333333,82519.13292871186
B19049_005,2017,Arizona,04,Median household income ,Householder 65 years and over,43351,307,308.14258333333333,56223.66535052632
B19049_001,2017,Arkansas,05,Median household income ,All,43813,401,308.14258333333333,56822.85183738805
B19049_002,2017,Arkansas,05,Median household income ,Householder under 25 years,25801,920,308.14258333333333,33462.360492466825
B19049_003,2017,Arkansas,05,Median household income ,Householder 25 to 44 years,49133,726,308.14258333333333,63722.5750194323
B19049_004,2017,Arkansas,05,Median household income ,Householder 45 to 64 years,51366,577,308.14258333333333,66618.64303926403
B19049_005,2017,Arkansas,05,Median household income ,Householder 65 years and over,34467,446,308.14258333333333,44701.64641269153
B19049_001,2017,California,06,Median household income ,All,67169,192,308.14258333333333,87114.19293509959
B19049_002,2017,California,06,Median household income ,Householder under 25 years,32469,415,308.14258333333333,42110.35939808168
B19049_003,2017,California,06,Median household income ,Householder 25 to 44 years,71124,329,308.14258333333333,92243.59240596142
B19049_004,2017,California,06,Median household income ,Householder 45 to 64 years,80269,337,308.14258333333333,104104.11280065966
B19049_005,2017,California,06,Median household income ,Householder 65 years and over,49126,228,308.14258333333333,63713.496436298024
B19049_001,2017,Colorado,08,Median household income ,All,65458,317,308.14258333333333,84895.12782899475
B19049_002,2017,Colorado,08,Median household income ,Householder under 25 years,32269,756,308.14258333333333,41850.971308531145
B19049_003,2017,Colorado,08,Median household income ,Householder 25 to 44 years,70695,671,308.14258333333333,91687.20495387552
B19049_004,2017,Colorado,08,Median household income ,Householder 45 to 64 years,79104,485,308.14258333333333,102593.17717902779
B19049_005,2017,Colorado,08,Median household income ,Householder 65 years and over,48047,455,308.14258333333333,62314.09769317289
B19049_001,2017,Connecticut,09,Median household income ,All,73781,450,308.14258333333333,95689.56317564029
B19049_002,2017,Connecticut,09,Median household income ,Householder under 25 years,34055,2155,308.14258333333333,44167.306948217425
B19049_003,2017,Connecticut,09,Median household income ,Householder 25 to 44 years,77166,1010,308.14258333333333,100079.7065912831
B19049_004,2017,Connecticut,09,Median household income ,Householder 45 to 64 years,92683,899,308.14258333333333,120204.3315190614
B19049_005,2017,Connecticut,09,Median household income ,Householder 65 years and over,50211,541,308.14258333333333,65120.676822109686
B19049_001,2017,Delaware,10,Median household income ,All,63036,738,308.14258333333333,81753.93806453777
B19049_002,2017,Delaware,10,Median household income ,Householder under 25 years,32110,2136,308.14258333333333,41644.75777733847
B19049_003,2017,Delaware,10,Median household income ,Householder 25 to 44 years,65981,1294,308.14258333333333,85573.4276831694
B19049_004,2017,Delaware,10,Median household income ,Householder 45 to 64 years,77562,1343,308.14258333333333,100593.29500859317
B19049_005,2017,Delaware,10,Median household income ,Householder 65 years and over,48084,877,308.14258333333333,62362.08448973974
B19049_001,2017,District of Columbia,11,Median household income ,All,77649,1075,308.14258333333333,100706.12882754764
B19049_002,2017,District of Columbia,11,Median household income ,Householder under 25 years,32149,3174,308.14258333333333,41695.338454800825
B19049_003,2017,District of Columbia,11,Median household income ,Householder 25 to 44 years,92441,1715,308.14258333333333,119890.47193070524
B19049_004,2017,District of Columbia,11,Median household income ,Householder 45 to 64 years,78333,2607,308.14258333333333,101593.23609381048
B19049_005,2017,District of Columbia,11,Median household income ,Householder 65 years and over,52254,2154,308.14258333333333,67770.3261568684
B19049_001,2017,Florida,12,Median household income ,All,50883,140,308.14258333333333,65992.22080299948
B19049_002,2017,Florida,12,Median household income ,Householder under 25 years,27918,528,308.14258333333333,36207.98342035925
B19049_003,2017,Florida,12,Median household income ,Householder 25 to 44 years,54178,324,308.14258333333333,70265.63957834455
B19049_004,2017,Florida,12,Median household income ,Householder 45 to 64 years,60019,301,308.14258333333333,77841.06873366794
B19049_005,2017,Florida,12,Median household income ,Householder 65 years and over,40975,186,308.14258333333333,53142.134846665955
B19049_001,2017,Georgia,13,Median household income ,All,52977,282,308.14258333333333,68708.01410059359
B19049_002,2017,Georgia,13,Median household income ,Householder under 25 years,26686,716,308.14258333333333,34610.152788727944
B19049_003,2017,Georgia,13,Median household income ,Householder 25 to 44 years,55233,415,308.14258333333333,71633.91175072362
B19049_004,2017,Georgia,13,Median household income ,Householder 45 to 64 years,63724,497,308.14258333333333,82646.23309259162
B19049_005,2017,Georgia,13,Median household income ,Householder 65 years and over,39938,374,308.14258333333333,51797.207602346425
B19049_001,2017,Hawaii,15,Median household income ,All,74923,736,308.14258333333333,97170.66916697385
B19049_002,2017,Hawaii,15,Median household income ,Householder under 25 years,39122,1944,308.14258333333333,50738.90419698024
B19049_003,2017,Hawaii,15,Median household income ,Householder 25 to 44 years,76799,1258,308.14258333333333,99603.72944695786
B19049_004,2017,Hawaii,15,Median household income ,Householder 45 to 64 years,86990,1520,308.14258333333333,112820.8495500054
B19049_005,2017,Hawaii,15,Median household income ,Householder 65 years and over,62524,1268,308.14258333333333,81089.9045552884
B19049_001,2017,Idaho,16,Median household income ,All,50985,368,308.14258333333333,66124.50872867026
B19049_002,2017,Idaho,16,Median household income ,Householder under 25 years,25216,1168,308.14258333333333,32703.650330531513
B19049_003,2017,Idaho,16,Median household income ,Householder 25 to 44 years,55480,917,308.14258333333333,71954.25604131854
B19049_004,2017,Idaho,16,Median household income ,Householder 45 to 64 years,61924,993,308.14258333333333,80311.74028663679
B19049_005,2017,Idaho,16,Median household income ,Householder 65 years and over,39243,714,308.14258333333333,50895.83399115832
B19049_001,2017,Illinois,17,Median household income ,All,61229,190,308.14258333333333,79410.36667544868
B19049_002,2017,Illinois,17,Median household income ,Householder under 25 years,27183,559,308.14258333333333,35254.73219126103
B19049_003,2017,Illinois,17,Median household income ,Householder 25 to 44 years,66557,473,308.14258333333333,86320.46538107494
B19049_004,2017,Illinois,17,Median household income ,Householder 45 to 64 years,75329,465,308.14258333333333,97697.22698876144
B19049_005,2017,Illinois,17,Median household income ,Householder 65 years and over,42020,235,308.14258333333333,54497.437614567505
B19049_001,2017,Indiana,18,Median household income ,All,52182,200,308.14258333333333,67676.94644463022
B19049_002,2017,Indiana,18,Median household income ,Householder under 25 years,26778,610,308.14258333333333,34729.471309921195
B19049_003,2017,Indiana,18,Median household income ,Householder 25 to 44 years,57346,576,308.14258333333333,74374.34691682503
B19049_004,2017,Indiana,18,Median household income ,Householder 45 to 64 years,63544,442,308.14258333333333,82412.78381199612
B19049_005,2017,Indiana,18,Median household income ,Householder 65 years and over,39104,267,308.14258333333333,50715.5592689207
B19049_001,2017,Iowa,19,Median household income ,All,56570,303,308.14258333333333,73367.92112936896
B19049_002,2017,Iowa,19,Median household income ,Householder under 25 years,30207,660,308.14258333333333,39176.68010526513
B19049_003,2017,Iowa,19,Median household income ,Householder 25 to 44 years,64170,585,308.14258333333333,83224.6685322893
B19049_004,2017,Iowa,19,Median household income ,Householder 45 to 64 years,69969,620,308.14258333333333,90745.62618880709
B19049_005,2017,Iowa,19,Median household income ,Householder 65 years and over,39749,353,308.14258333333333,51552.08585772117
B19049_001,2017,Kansas,20,Median household income ,All,55477,401,308.14258333333333,71950.36521997528
B19049_002,2017,Kansas,20,Median household income ,Householder under 25 years,29202,739,308.14258333333333,37873.25495527368
B19049_003,2017,Kansas,20,Median household income ,Householder 25 to 44 years,61001,599,308.14258333333333,79114.66425336107
B19049_004,2017,Kansas,20,Median household income ,Householder 45 to 64 years,68489,684,308.14258333333333,88826.15432613312
B19049_005,2017,Kansas,20,Median household income ,Householder 65 years and over,41198,423,308.14258333333333,53431.352566514804
B19049_001,2017,Kentucky,21,Median household income ,All,46535,288,308.14258333333333,60353.12373617084
B19049_002,2017,Kentucky,21,Median household income ,Householder under 25 years,26378,753,308.14258333333333,34210.695130820124
B19049_003,2017,Kentucky,21,Median household income ,Householder 25 to 44 years,53524,521,308.14258333333333,69417.4405255143
B19049_004,2017,Kentucky,21,Median household income ,Householder 45 to 64 years,54064,581,308.14258333333333,70117.78836730075
B19049_005,2017,Kentucky,21,Median household income ,Householder 65 years and over,35282,364,308.14258333333333,45758.652877609966
B19049_001,2017,Louisiana,22,Median household income ,All,46710,353,308.14258333333333,60580.08831452756
B19049_002,2017,Louisiana,22,Median household income ,Householder under 25 years,23841,1044,308.14258333333333,30920.35721487158
B19049_003,2017,Louisiana,22,Median household income ,Householder 25 to 44 years,52447,558,308.14258333333333,68020.63566328467
B19049_004,2017,Louisiana,22,Median household income ,Householder 45 to 64 years,55384,735,308.14258333333333,71829.74975833428
B19049_005,2017,Louisiana,22,Median household income ,Householder 65 years and over,34036,408,308.14258333333333,44142.665079710125
B19049_001,2017,Maine,23,Median household income ,All,53024,513,308.14258333333333,68768.97030163796
B19049_002,2017,Maine,23,Median household income ,Householder under 25 years,31086,1439,308.14258333333333,40316.69075883973
B19049_003,2017,Maine,23,Median household income ,Householder 25 to 44 years,60550,965,308.14258333333333,78529.74411142462
B19049_004,2017,Maine,23,Median household income ,Householder 45 to 64 years,63433,858,308.14258333333333,82268.82342229558
B19049_005,2017,Maine,23,Median household income ,Householder 65 years and over,38015,542,308.14258333333333,49303.19112131803
B19049_001,2017,Maryland,24,Median household income ,All,78916,380,308.14258333333333,102349.35237485029
B19049_002,2017,Maryland,24,Median household income ,Householder under 25 years,37845,1467,308.14258333333333,49082.71124520007
B19049_003,2017,Maryland,24,Median household income ,Householder 25 to 44 years,82040,646,308.14258333333333,106400.99433362966
B19049_004,2017,Maryland,24,Median household income ,Householder 45 to 64 years,95503,642,308.14258333333333,123861.70358172395
B19049_005,2017,Maryland,24,Median household income ,Householder 65 years and over,54844,602,308.14258333333333,71129.40191654784
B19049_001,2017,Massachusetts,25,Median household income ,All,74167,380,308.14258333333333,96190.18218847283
B19049_002,2017,Massachusetts,25,Median household income ,Householder under 25 years,35425,1386,308.14258333333333,45944.11536163859
B19049_003,2017,Massachusetts,25,Median household income ,Householder 25 to 44 years,83862,625,308.14258333333333,108764.01982943503
B19049_004,2017,Massachusetts,25,Median household income ,Householder 45 to 64 years,92096,732,308.14258333333333,119443.02747623058
B19049_005,2017,Massachusetts,25,Median household income ,Householder 65 years and over,45193,425,308.14258333333333,58612.62965528675
B19049_001,2017,Michigan,26,Median household income ,All,52668,180,308.14258333333333,68307.25950223801
B19049_002,2017,Michigan,26,Median household income ,Householder under 25 years,26823,631,308.14258333333333,34787.83363007007
B19049_003,2017,Michigan,26,Median household income ,Householder 25 to 44 years,57816,413,308.14258333333333,74983.9089272688
B19049_004,2017,Michigan,26,Median household income ,Householder 45 to 64 years,64259,341,308.14258333333333,83340.0962321393
B19049_005,2017,Michigan,26,Median household income ,Householder 65 years and over,40784,201,308.14258333333333,52894.419221145195
B19049_001,2017,Minnesota,27,Median household income ,All,65699,249,308.14258333333333,85207.69047690315
B19049_002,2017,Minnesota,27,Median household income ,Householder under 25 years,33928,1178,308.14258333333333,44002.59551135284
B19049_003,2017,Minnesota,27,Median household income ,Householder 25 to 44 years,74283,521,308.14258333333333,96340.62728041213
B19049_004,2017,Minnesota,27,Median household income ,Householder 45 to 64 years,80491,539,308.14258333333333,104392.03358006076
B19049_005,2017,Minnesota,27,Median household income ,Householder 65 years and over,43259,379,308.14258333333333,56104.34682933307
B19049_001,2017,Mississippi,28,Median household income ,All,42009,278,308.14258333333333,54483.171269642226
B19049_002,2017,Mississippi,28,Median household income ,Householder under 25 years,23579,1617,308.14258333333333,30580.55881756038
B19049_003,2017,Mississippi,28,Median household income ,Householder 25 to 44 years,46237,625,308.14258333333333,59966.635482740545
B19049_004,2017,Mississippi,28,Median household income ,Householder 45 to 64 years,48953,749,308.14258333333333,63489.12573883682
B19049_005,2017,Mississippi,28,Median household income ,Householder 65 years and over,32611,532,308.14258333333333,42294.52494166256
B19049_001,2017,Missouri,29,Median household income ,All,51542,215,308.14258333333333,66846.90455806849
B19049_002,2017,Missouri,29,Median household income ,Householder under 25 years,26540,750,308.14258333333333,34420.79948335606
B19049_003,2017,Missouri,29,Median household income ,Householder 25 to 44 years,57773,568,308.14258333333333,74928.14048801543
B19049_004,2017,Missouri,29,Median household income ,Householder 45 to 64 years,61834,400,308.14258333333333,80195.01564633904
B19049_005,2017,Missouri,29,Median household income ,Householder 65 years and over,38492,271,308.14258333333333,49921.831714896056
B19049_001,2017,Montana,30,Median household income ,All,50801,479,308.14258333333333,65885.87168628376
B19049_002,2017,Montana,30,Median household income ,Householder under 25 years,27528,1201,308.14258333333333,35702.1766457357
B19049_003,2017,Montana,30,Median household income ,Householder 25 to 44 years,58070,1125,308.14258333333333,75313.33180099797
B19049_004,2017,Montana,30,Median household income ,Householder 45 to 64 years,60149,917,308.14258333333333,78009.67099187578
B19049_005,2017,Montana,30,Median household income ,Householder 65 years and over,38701,677,308.14258333333333,50192.89226847637
B19049_001,2017,Nebraska,31,Median household income ,All,56675,392,308.14258333333333,73504.09987638298
B19049_002,2017,Nebraska,31,Median household income ,Householder under 25 years,29996,821,308.14258333333333,38903.02567078931
B19049_003,2017,Nebraska,31,Median household income ,Householder 25 to 44 years,62472,752,308.14258333333333,81022.46365200526
B19049_004,2017,Nebraska,31,Median household income ,Householder 45 to 64 years,70843,744,308.14258333333333,91879.15214014292
B19049_005,2017,Nebraska,31,Median household income ,Householder 65 years and over,40466,566,308.14258333333333,52481.992158759844
B19049_001,2017,Nevada,32,Median household income ,All,55434,349,308.14258333333333,71894.59678072191
B19049_002,2017,Nevada,32,Median household income ,Householder under 25 years,34452,1416,308.14258333333333,44682.19230597524
B19049_003,2017,Nevada,32,Median household income ,Householder 25 to 44 years,57660,673,308.14258333333333,74781.58621741938
B19049_004,2017,Nevada,32,Median household income ,Householder 45 to 64 years,63907,659,308.14258333333333,82883.57319453036
B19049_005,2017,Nevada,32,Median household income ,Householder 65 years and over,43953,607,308.14258333333333,57004.423500073426
B19049_001,2017,New Hampshire,33,Median household income ,All,71305,733,308.14258333333333,92478.33862700466
B19049_002,2017,New Hampshire,33,Median household income ,Householder under 25 years,37693,3295,308.14258333333333,48885.57629714167
B19049_003,2017,New Hampshire,33,Median household income ,Householder 25 to 44 years,78524,1359,308.14258333333333,101840.95171933123
B19049_004,2017,New Hampshire,33,Median household income ,Householder 45 to 64 years,85853,1306,308.14258333333333,111346.2282609106
B19049_005,2017,New Hampshire,33,Median household income ,Householder 65 years and over,47951,657,308.14258333333333,62189.59141018863
B19049_001,2017,New Jersey,34,Median household income ,All,76475,425,308.14258333333333,99183.52074188601
B19049_002,2017,New Jersey,34,Median household income ,Householder under 25 years,35428,1223,308.14258333333333,45948.00618298185
B19049_003,2017,New Jersey,34,Median household income ,Householder 25 to 44 years,82607,592,308.14258333333333,107136.35956750542
B19049_004,2017,New Jersey,34,Median household income ,Householder 45 to 64 years,94093,668,308.14258333333333,122033.01755039267
B19049_005,2017,New Jersey,34,Median household income ,Householder 65 years and over,49470,392,308.14258333333333,64159.64395032495
B19049_001,2017,New Mexico,35,Median household income ,All,46718,408,308.14258333333333,60590.46383810958
B19049_002,2017,New Mexico,35,Median household income ,Householder under 25 years,26158,1017,308.14258333333333,33925.36823231453
B19049_003,2017,New Mexico,35,Median household income ,Householder 25 to 44 years,48852,881,308.14258333333333,63358.13475361379
B19049_004,2017,New Mexico,35,Median household income ,Householder 45 to 64 years,54948,840,308.14258333333333,71264.28372311412
B19049_005,2017,New Mexico,35,Median household income ,Householder 65 years and over,39073,699,308.14258333333333,50675.35411504036
B19049_001,2017,New York,36,Median household income ,All,62765,225,308.14258333333333,81402.4672031968
B19049_002,2017,New York,36,Median household income ,Householder under 25 years,31397,576,308.14258333333333,40720.03923809081
B19049_003,2017,New York,36,Median household income ,Householder 25 to 44 years,70604,459,308.14258333333333,91569.18337313003
B19049_004,2017,New York,36,Median household income ,Householder 45 to 64 years,75198,375,308.14258333333333,97527.32779010583
B19049_005,2017,New York,36,Median household income ,Householder 65 years and over,42185,260,308.14258333333333,54711.43278844669
B19049_001,2017,North Carolina,37,Median household income ,All,50320,204,308.14258333333333,65262.04333091473
B19049_002,2017,North Carolina,37,Median household income ,Householder under 25 years,27273,563,308.14258333333333,35371.45683155877
B19049_003,2017,North Carolina,37,Median household income ,Householder 25 to 44 years,54029,413,308.14258333333333,70072.3954516294
B19049_004,2017,North Carolina,37,Median household income ,Householder 45 to 64 years,59791,478,308.14258333333333,77545.36631158034
B19049_005,2017,North Carolina,37,Median household income ,Householder 65 years and over,38466,232,308.14258333333333,49888.11126325449
B19049_001,2017,North Dakota,38,Median household income ,All,61285,669,308.14258333333333,79482.99534052283
B19049_002,2017,North Dakota,38,Median household income ,Householder under 25 years,34507,2289,308.14258333333333,44753.524030601635
B19049_003,2017,North Dakota,38,Median household income ,Householder 25 to 44 years,71484,1323,308.14258333333333,92710.4909671524
B19049_004,2017,North Dakota,38,Median household income ,Householder 45 to 64 years,77513,1253,308.14258333333333,100529.74492665328
B19049_005,2017,North Dakota,38,Median household income ,Householder 65 years and over,39740,1030,308.14258333333333,51540.4133936914
B19049_001,2017,Ohio,39,Median household income ,All,52407,153,308.14258333333333,67968.75804537456
B19049_002,2017,Ohio,39,Median household income ,Householder under 25 years,26288,486,308.14258333333333,34093.970490522384
B19049_003,2017,Ohio,39,Median household income ,Householder 25 to 44 years,58447,441,308.14258333333333,75802.27834980073
B19049_004,2017,Ohio,39,Median household income ,Householder 45 to 64 years,64232,362,308.14258333333333,83305.07884004997
B19049_005,2017,Ohio,39,Median household income ,Householder 65 years and over,38738,237,308.14258333333333,50240.87906504321
B19049_001,2017,Oklahoma,40,Median household income ,All,49767,240,308.14258333333333,64544.8352633075
B19049_002,2017,Oklahoma,40,Median household income ,Householder under 25 years,28089,915,308.14258333333333,36429.76023692496
B19049_003,2017,Oklahoma,40,Median household income ,Householder 25 to 44 years,54376,412,308.14258333333333,70522.43378699958
B19049_004,2017,Oklahoma,40,Median household income ,Householder 45 to 64 years,59025,546,308.14258333333333,76551.90992860179
B19049_005,2017,Oklahoma,40,Median household income ,Householder 65 years and over,38428,300,308.14258333333333,49838.82752623989
B19049_001,2017,Oregon,41,Median household income ,All,56119,370,308.14258333333333,72783.0009874325
B19049_002,2017,Oregon,41,Median household income ,Householder under 25 years,27883,923,308.14258333333333,36162.590504687905
B19049_003,2017,Oregon,41,Median household income ,Householder 25 to 44 years,62034,644,308.14258333333333,80454.40373588959
B19049_004,2017,Oregon,41,Median household income ,Householder 45 to 64 years,67130,603,308.14258333333333,87063.61225763723
B19049_005,2017,Oregon,41,Median household income ,Householder 65 years and over,42587,411,308.14258333333333,55232.80284844327
B19049_001,2017,Pennsylvania,42,Median household income ,All,56951,205,308.14258333333333,73862.05543996273
B19049_002,2017,Pennsylvania,42,Median household income ,Householder under 25 years,26868,449,308.14258333333333,34846.195950218935
B19049_003,2017,Pennsylvania,42,Median household income ,Householder 25 to 44 years,64784,465,308.14258333333333,84020.98996720945
B19049_004,2017,Pennsylvania,42,Median household income ,Householder 45 to 64 years,70545,405,308.14258333333333,91492.66388671263
B19049_005,2017,Pennsylvania,42,Median household income ,Householder 65 years and over,38737,237,308.14258333333333,50239.582124595465
B19049_001,2017,Rhode Island,44,Median household income ,All,61043,763,308.14258333333333,79169.13575216668
B19049_002,2017,Rhode Island,44,Median household income ,Householder under 25 years,27149,2161,308.14258333333333,35210.63621603744
B19049_003,2017,Rhode Island,44,Median household income ,Householder 25 to 44 years,65219,1321,308.14258333333333,84585.15906198186
B19049_004,2017,Rhode Island,44,Median household income ,Householder 45 to 64 years,76657,1489,308.14258333333333,99419.56390337698
B19049_005,2017,Rhode Island,44,Median household income ,Householder 65 years and over,40768,893,308.14258333333333,52873.668173981154
B19049_001,2017,South Carolina,45,Median household income ,All,48781,288,308.14258333333333,63266.05198182335
B19049_002,2017,South Carolina,45,Median household income ,Householder under 25 years,25773,713,308.14258333333333,33426.046159929756
B19049_003,2017,South Carolina,45,Median household income ,Householder 25 to 44 years,52106,484,308.14258333333333,67578.378970601
B19049_004,2017,South Carolina,45,Median household income ,Householder 45 to 64 years,56700,546,308.14258333333333,73536.5233875768
B19049_005,2017,South Carolina,45,Median household income ,Householder 65 years and over,39325,396,308.14258333333333,51002.183107874036
B19049_001,2017,South Dakota,46,Median household income ,All,54126,531,308.14258333333333,70198.19867506142
B19049_002,2017,South Dakota,46,Median household income ,Householder under 25 years,32767,1313,308.14258333333333,42496.84765151198
B19049_003,2017,South Dakota,46,Median household income ,Householder 25 to 44 years,61408,952,308.14258333333333,79642.51901559641
B19049_004,2017,South Dakota,46,Median household income ,Householder 45 to 64 years,65339,1085,308.14258333333333,84740.79191571218
B19049_005,2017,South Dakota,46,Median household income ,Householder 65 years and over,38866,897,308.14258333333333,50406.88744235556
B19049_001,2017,Tennessee,47,Median household income ,All,48708,242,308.14258333333333,63171.37532913741
B19049_002,2017,Tennessee,47,Median household income ,Householder under 25 years,27001,583,308.14258333333333,35018.689029770045
B19049_003,2017,Tennessee,47,Median household income ,Householder 25 to 44 years,53066,441,308.14258333333333,68823.44180044357
B19049_004,2017,Tennessee,47,Median household income ,Householder 45 to 64 years,56823,437,308.14258333333333,73696.04706265038
B19049_005,2017,Tennessee,47,Median household income ,Householder 65 years and over,37586,311,308.14258333333333,48746.80366923213
B19049_001,2017,Texas,48,Median household income ,All,57051,183,308.14258333333333,73991.749484738
B19049_002,2017,Texas,48,Median household income ,Householder under 25 years,29954,406,308.14258333333333,38848.5541719837
B19049_003,2017,Texas,48,Median household income ,Householder 25 to 44 years,60769,276,308.14258333333333,78813.77406948245
B19049_004,2017,Texas,48,Median household income ,Householder 45 to 64 years,68525,392,308.14258333333333,88872.84418225221
B19049_005,2017,Texas,48,Median household income ,Householder 65 years and over,41784,209,308.14258333333333,54191.35966889787
B19049_001,2017,Utah,49,Median household income ,All,65325,407,308.14258333333333,84722.63474944365
B19049_002,2017,Utah,49,Median household income ,Householder under 25 years,35681,938,308.14258333333333,46276.13211626328
B19049_003,2017,Utah,49,Median household income ,Householder 25 to 44 years,68600,702,308.14258333333333,88970.11471583367
B19049_004,2017,Utah,49,Median household income ,Householder 45 to 64 years,81185,809,308.14258333333333,105292.11025080111
B19049_005,2017,Utah,49,Median household income ,Householder 65 years and over,49026,666,308.14258333333333,63583.80239152276
B19049_001,2017,Vermont,50,Median household income ,All,57808,741,308.14258333333333,74973.53340368677
B19049_002,2017,Vermont,50,Median household income ,Householder under 25 years,31609,2341,308.14258333333333,40994.99061301438
B19049_003,2017,Vermont,50,Median household income ,Householder 25 to 44 years,65398,1262,308.14258333333333,84817.31140212959
B19049_004,2017,Vermont,50,Median household income ,Householder 45 to 64 years,68377,1324,308.14258333333333,88680.89699598482
B19049_005,2017,Vermont,50,Median household income ,Householder 65 years and over,40774,884,308.14258333333333,52881.449816667664
B19049_001,2017,Virginia,51,Median household income ,All,68766,319,308.14258333333333,89185.40683016062
B19049_002,2017,Virginia,51,Median household income ,Householder under 25 years,32664,866,308.14258333333333,42363.262785393454
B19049_003,2017,Virginia,51,Median household income ,Householder 25 to 44 years,73864,547,308.14258333333333,95797.20923280375
B19049_004,2017,Virginia,51,Median household income ,Householder 45 to 64 years,83327,513,308.14258333333333,108070.15668988734
B19049_005,2017,Virginia,51,Median household income ,Householder 65 years and over,49411,381,308.14258333333333,64083.12446390754
B19049_001,2017,Washington,53,Median household income ,All,66174,272,308.14258333333333,85823.73718958568
B19049_002,2017,Washington,53,Median household income ,Householder under 25 years,35004,999,308.14258333333333,45398.10343313472
B19049_003,2017,Washington,53,Median household income ,Householder 25 to 44 years,72646,473,308.14258333333333,94217.535767441
B19049_004,2017,Washington,53,Median household income ,Householder 45 to 64 years,80104,630,308.14258333333333,103890.11762678047
B19049_005,2017,Washington,53,Median household income ,Householder 65 years and over,47130,407,308.14258333333333,61124.803302583685
B19049_001,2017,West Virginia,54,Median household income ,All,44061,439,308.14258333333333,57144.49306843072
B19049_002,2017,West Virginia,54,Median household income ,Householder under 25 years,22020,1180,308.14258333333333,28558.628659513957
B19049_003,2017,West Virginia,54,Median household income ,Householder 25 to 44 years,51412,755,308.14258333333333,66678.30229986065
B19049_004,2017,West Virginia,54,Median household income ,Householder 45 to 64 years,51868,656,308.14258333333333,67269.70714403587
B19049_005,2017,West Virginia,54,Median household income ,Householder 65 years and over,34551,469,308.14258333333333,44810.58941030275
B19049_001,2017,Wisconsin,55,Median household income ,All,56759,213,308.14258333333333,73613.04287399421
B19049_002,2017,Wisconsin,55,Median household income ,Householder under 25 years,29722,730,308.14258333333333,38547.66398810508
B19049_003,2017,Wisconsin,55,Median household income ,Householder 25 to 44 years,63956,532,308.14258333333333,82947.12327647023
B19049_004,2017,Wisconsin,55,Median household income ,Householder 45 to 64 years,70548,438,308.14258333333333,91496.55470805588
B19049_005,2017,Wisconsin,55,Median household income ,Householder 65 years and over,38753,275,308.14258333333333,50260.33317175951
B19049_001,2017,Wyoming,56,Median household income ,All,60938,836,308.14258333333333,79032.95700515265
B19049_002,2017,Wyoming,56,Median household income ,Householder under 25 years,29991,2652,308.14258333333333,38896.540968550544
B19049_003,2017,Wyoming,56,Median household income ,Householder 25 to 44 years,70759,1848,308.14258333333333,91770.20914253169
B19049_004,2017,Wyoming,56,Median household income ,Householder 45 to 64 years,73103,1468,308.14258333333333,94810.23755206398
B19049_005,2017,Wyoming,56,Median household income ,Householder 65 years and over,41750,1411,308.14258333333333,54147.26369367428
B19049_001,2017,Puerto Rico,72,Median household income ,All,19775,176,308.14258333333333,25646.997354309195
B19049_002,2017,Puerto Rico,72,Median household income ,Householder under 25 years,6884,622,308.14258333333333,8928.13804232943
B19049_003,2017,Puerto Rico,72,Median household income ,Householder 25 to 44 years,22310,451,308.14258333333333,28934.741389362232
B19049_004,2017,Puerto Rico,72,Median household income ,Householder 45 to 64 years,23156,316,308.14258333333333,30031.953008160996
B19049_005,2017,Puerto Rico,72,Median household income ,Householder 65 years and over,16674,202,308.14258333333333,21625.18502582814
B19049_001,2018,Alabama,01,Median household income ,All,48486,364,319.28875,60688.23324930803
B19049_002,2018,Alabama,01,Median household income ,Householder under 25 years,23802,1040,319.28875,29792.13232273295
B19049_003,2018,Alabama,01,Median household income ,Householder 25 to 44 years,52895,474,319.28875,66206.82460343497
B19049_004,2018,Alabama,01,Median household income ,Householder 45 to 64 years,57911,681,319.28875,72485.17666338071
B19049_005,2018,Alabama,01,Median household income ,Householder 65 years and over,37829,379,319.28875,47349.23845209078
B19049_001,2018,Alaska,02,Median household income ,All,76715,894,319.28875,96021.48689767491
B19049_002,2018,Alaska,02,Median household income ,Householder under 25 years,44560,2348,319.28875,55774.196130618446
B19049_003,2018,Alaska,02,Median household income ,Householder 25 to 44 years,79936,1782,319.28875,100053.10013234102
B19049_004,2018,Alaska,02,Median household income ,Householder 45 to 64 years,90126,1929,319.28875,112807.56733546045
B19049_005,2018,Alaska,02,Median household income ,Householder 65 years and over,60627,1911,319.28875,75884.6990307676
B19049_001,2018,Arizona,04,Median household income ,All,56213,275,319.28875,70359.84935122204
B19049_002,2018,Arizona,04,Median household income ,Householder under 25 years,31167,617,319.28875,39010.64566433988
B19049_003,2018,Arizona,04,Median household income ,Householder 25 to 44 years,60885,503,319.28875,76207.62862236769
B19049_004,2018,Arizona,04,Median household income ,Householder 45 to 64 years,66961,536,319.28875,83812.74567105793
B19049_005,2018,Arizona,04,Median household income ,Householder 65 years and over,45223,421,319.28875,56604.05008112563
B19049_001,2018,Arkansas,05,Median household income ,All,45726,350,319.28875,57233.63761823741
B19049_002,2018,Arkansas,05,Median household income ,Householder under 25 years,27196,891,319.28875,34040.283616882836
B19049_003,2018,Arkansas,05,Median household income ,Householder 25 to 44 years,51264,601,319.28875,64165.358851885634
B19049_004,2018,Arkansas,05,Median household income ,Householder 45 to 64 years,53243,606,319.28875,66642.40405256997
B19049_005,2018,Arkansas,05,Median household income ,Householder 65 years and over,36077,404,319.28875,45156.321225411164
B19049_001,2018,California,06,Median household income ,All,71228,217,319.28875,89153.60058329646
B19049_002,2018,California,06,Median household income ,Householder under 25 years,35449,481,319.28875,44370.27555283423
B19049_003,2018,California,06,Median household income ,Householder 25 to 44 years,75328,389,319.28875,94285.42742655355
B19049_004,2018,California,06,Median household income ,Householder 45 to 64 years,84345,321,319.28875,105571.69148646797
B19049_005,2018,California,06,Median household income ,Householder 65 years and over,51730,236,319.28875,64748.63478089973
B19049_001,2018,Colorado,08,Median household income ,All,68811,364,319.28875,86128.32607594223
B19049_002,2018,Colorado,08,Median household income ,Householder under 25 years,35822,744,319.28875,44837.14662906225
B19049_003,2018,Colorado,08,Median household income ,Householder 25 to 44 years,74554,559,319.28875,93316.63865175331
B19049_004,2018,Colorado,08,Median household income ,Householder 45 to 64 years,82650,596,319.28875,103450.11916956046
B19049_005,2018,Colorado,08,Median household income ,Householder 65 years and over,50058,428,319.28875,62655.85076091782
B19049_001,2018,Connecticut,09,Median household income ,All,76106,552,319.28875,95259.22286168867
B19049_002,2018,Connecticut,09,Median household income ,Householder under 25 years,36819,1923,319.28875,46085.05671753232
B19049_003,2018,Connecticut,09,Median household income ,Householder 25 to 44 years,79299,907,319.28875,99255.78947401058
B19049_004,2018,Connecticut,09,Median household income ,Householder 45 to 64 years,95832,995,319.28875,119949.56830317384
B19049_005,2018,Connecticut,09,Median household income ,Householder 65 years and over,52631,641,319.28875,65876.38502133256
B19049_001,2018,Delaware,10,Median household income ,All,65627,768,319.28875,82143.0244493738
B19049_002,2018,Delaware,10,Median household income ,Householder under 25 years,32692,1887,319.28875,40919.43491701477
B19049_003,2018,Delaware,10,Median household income ,Householder 25 to 44 years,68423,1468,319.28875,85642.6800234584
B19049_004,2018,Delaware,10,Median household income ,Householder 45 to 64 years,79693,1321,319.28875,99748.94551699676
B19049_005,2018,Delaware,10,Median household income ,Householder 65 years and over,51618,901,319.28875,64608.44829152295
B19049_001,2018,District of Columbia,11,Median household income ,All,82604,1081,319.28875,103392.54257570929
B19049_002,2018,District of Columbia,11,Median household income ,Householder under 25 years,37869,3714,319.28875,47399.305055439625
B19049_003,2018,District of Columbia,11,Median household income ,Householder 25 to 44 years,97800,1841,319.28875,122412.84518793724
B19049_004,2018,District of Columbia,11,Median household income ,Householder 45 to 64 years,84143,2386,319.28875,105318.85513955628
B19049_005,2018,District of Columbia,11,Median household income ,Householder 65 years and over,53580,2121,319.28875,67064.21518578402
B19049_001,2018,Florida,12,Median household income ,All,53267,181,319.28875,66672.44401457928
B19049_002,2018,Florida,12,Median household income ,Householder under 25 years,30195,598,319.28875,37794.02720296283
B19049_003,2018,Florida,12,Median household income ,Householder 25 to 44 years,57241,398,319.28875,71646.56105728749
B19049_004,2018,Florida,12,Median household income ,Householder 45 to 64 years,62771,310,319.28875,78568.26897026594
B19049_005,2018,Florida,12,Median household income ,Householder 65 years and over,42639,205,319.28875,53369.74750478994
B19049_001,2018,Georgia,13,Median household income ,All,55679,243,319.28875,69691.4601965149
B19049_002,2018,Georgia,13,Median household income ,Householder under 25 years,29139,862,319.28875,36472.26887455321
B19049_003,2018,Georgia,13,Median household income ,Householder 25 to 44 years,58432,462,319.28875,73137.29417199949
B19049_004,2018,Georgia,13,Median household income ,Householder 45 to 64 years,67235,524,319.28875,84155.70190399756
B19049_005,2018,Georgia,13,Median household income ,Householder 65 years and over,41448,367,319.28875,51879.014390077944
B19049_001,2018,Hawaii,15,Median household income ,All,78084,607,319.28875,97735.01639728929
B19049_002,2018,Hawaii,15,Median household income ,Householder under 25 years,40591,1946,319.28875,50806.337413328845
B19049_003,2018,Hawaii,15,Median household income ,Householder 25 to 44 years,80092,1109,319.28875,100248.35988540153
B19049_004,2018,Hawaii,15,Median household income ,Householder 45 to 64 years,91022,1225,319.28875,113929.05925047469
B19049_005,2018,Hawaii,15,Median household income ,Householder 65 years and over,65086,1180,319.28875,81465.87363908062
B19049_001,2018,Idaho,16,Median household income ,All,53089,400,319.28875,66449.6476296769
B19049_002,2018,Idaho,16,Median household income ,Householder under 25 years,27281,1369,319.28875,34146.675148999144
B19049_003,2018,Idaho,16,Median household income ,Householder 25 to 44 years,58254,882,319.28875,72914.4977870971
B19049_004,2018,Idaho,16,Median household income ,Householder 45 to 64 years,64013,899,319.28875,80122.83700424772
B19049_005,2018,Idaho,16,Median household income ,Householder 65 years and over,40881,756,319.28875,51169.320287608
B19049_001,2018,Illinois,17,Median household income ,All,63575,187,319.28875,79574.60769757781
B19049_002,2018,Illinois,17,Median household income ,Householder under 25 years,29498,760,319.28875,36921.61663960913
B19049_003,2018,Illinois,17,Median household income ,Householder 25 to 44 years,69629,395,319.28875,87152.1881144262
B19049_004,2018,Illinois,17,Median household income ,Householder 45 to 64 years,78339,397,319.28875,98054.1909936382
B19049_005,2018,Illinois,17,Median household income ,Householder 65 years and over,43679,288,319.28875,54671.47919186003
B19049_001,2018,Indiana,18,Median household income ,All,54325,230,319.28875,67996.70567315635
B19049_002,2018,Indiana,18,Median household income ,Householder under 25 years,28841,660,319.28875,36099.27267960428
B19049_003,2018,Indiana,18,Median household income ,Householder 25 to 44 years,60070,491,319.28875,75187.52157913487
B19049_004,2018,Indiana,18,Median household income ,Householder 45 to 64 years,65805,559,319.28875,82365.82083427618
B19049_005,2018,Indiana,18,Median household income ,Householder 65 years and over,40599,275,319.28875,50816.35073399861
B19049_001,2018,Iowa,19,Median household income ,All,58580,313,319.28875,73322.54060439022
B19049_002,2018,Iowa,19,Median household income ,Householder under 25 years,31430,691,319.28875,39339.833581358565
B19049_003,2018,Iowa,19,Median household income ,Householder 25 to 44 years,66493,652,319.28875,83226.96641187639
B19049_004,2018,Iowa,19,Median household income ,Householder 45 to 64 years,72184,579,319.28875,90350.19240333397
B19049_005,2018,Iowa,19,Median household income ,Householder 65 years and over,41369,368,319.28875,51780.13284846397
B19049_001,2018,Kansas,20,Median household income ,All,57422,337,319.28875,71873.11243744103
B19049_002,2018,Kansas,20,Median household income ,Householder under 25 years,30933,987,319.28875,38717.75603474911
B19049_003,2018,Kansas,20,Median household income ,Householder 25 to 44 years,63335,633,319.28875,79274.20807748471
B19049_004,2018,Kansas,20,Median household income ,Householder 45 to 64 years,70828,629,319.28875,88652.93454980796
B19049_005,2018,Kansas,20,Median household income ,Householder 65 years and over,42618,401,319.28875,53343.462538031796
B19049_001,2018,Kentucky,21,Median household income ,All,48392,291,319.28875,60570.57673143823
B19049_002,2018,Kentucky,21,Median household income ,Householder under 25 years,28083,852,319.28875,35150.510546143574
B19049_003,2018,Kentucky,21,Median household income ,Householder 25 to 44 years,55744,626,319.28875,69772.81842695679
B19049_004,2018,Kentucky,21,Median household income ,Householder 45 to 64 years,56133,491,319.28875,70259.71614452435
B19049_005,2018,Kentucky,21,Median household income ,Householder 65 years and over,36617,323,319.28875,45832.220370620635
B19049_001,2018,Louisiana,22,Median household income ,All,47942,363,319.28875,60007.32744376368
B19049_002,2018,Louisiana,22,Median household income ,Householder under 25 years,25552,1026,319.28875,31982.54621924512
B19049_003,2018,Louisiana,22,Median household income ,Householder 25 to 44 years,53554,640,319.28875,67031.67189360727
B19049_004,2018,Louisiana,22,Median household income ,Householder 45 to 64 years,56728,744,319.28875,71004.4568693385
B19049_005,2018,Louisiana,22,Median household income ,Householder 65 years and over,35363,385,319.28875,44262.6323556342
B19049_001,2018,Maine,23,Median household income ,All,55425,588,319.28875,69373.53726524972
B19049_002,2018,Maine,23,Median household income ,Householder under 25 years,32310,1821,319.28875,40441.29885503326
B19049_003,2018,Maine,23,Median household income ,Householder 25 to 44 years,63962,1006,319.28875,80059.00208497794
B19049_004,2018,Maine,23,Median household income ,Householder 45 to 64 years,66472,853,319.28875,83200.68144511824
B19049_005,2018,Maine,23,Median household income ,Householder 65 years and over,39377,531,319.28875,49286.81600169126
B19049_001,2018,Maryland,24,Median household income ,All,81868,431,319.28875,102471.31707409046
B19049_002,2018,Maryland,24,Median household income ,Householder under 25 years,39748,1247,319.28875,49751.183747751835
B19049_003,2018,Maryland,24,Median household income ,Householder 25 to 44 years,84605,669,319.28875,105897.12440823548
B19049_004,2018,Maryland,24,Median household income ,Householder 45 to 64 years,99403,769,319.28875,124419.2643171424
B19049_005,2018,Maryland,24,Median household income ,Householder 65 years and over,57240,545,319.28875,71645.30939220377
B19049_001,2018,Massachusetts,25,Median household income ,All,77378,425,319.28875,96851.3408481821
B19049_002,2018,Massachusetts,25,Median household income ,Householder under 25 years,38244,1835,319.28875,47868.67946183509
B19049_003,2018,Massachusetts,25,Median household income ,Householder 25 to 44 years,88230,772,319.28875,110434.41033672498
B19049_004,2018,Massachusetts,25,Median household income ,Householder 45 to 64 years,96031,732,319.28875,120198.64965483437
B19049_005,2018,Massachusetts,25,Median household income ,Householder 65 years and over,47486,420,319.28875,59436.56816558679
B19049_001,2018,Michigan,26,Median household income ,All,54938,166,319.28875,68763.97636947747
B19049_002,2018,Michigan,26,Median household income ,Householder under 25 years,29150,565,319.28875,36486.03719047414
B19049_003,2018,Michigan,26,Median household income ,Householder 25 to 44 years,60650,424,319.28875,75913.48732769319
B19049_004,2018,Michigan,26,Median household income ,Householder 45 to 64 years,67108,438,319.28875,83996.74043836496
B19049_005,2018,Michigan,26,Median household income ,Householder 65 years and over,42287,190,319.28875,52929.161395320065
B19049_001,2018,Minnesota,27,Median household income ,All,68411,276,319.28875,85627.66004245373
B19049_002,2018,Minnesota,27,Median household income ,Householder under 25 years,36440,858,319.28875,45610.675650801975
B19049_003,2018,Minnesota,27,Median household income ,Householder 25 to 44 years,77555,541,319.28875,97072.88556800075
B19049_004,2018,Minnesota,27,Median household income ,Householder 45 to 64 years,83576,458,319.28875,104609.16103708633
B19049_005,2018,Minnesota,27,Median household income ,Householder 65 years and over,45519,369,319.28875,56974.54294590711
B19049_001,2018,Mississippi,28,Median household income ,All,43567,395,319.28875,54531.29270248325
B19049_002,2018,Mississippi,28,Median household income ,Householder under 25 years,25227,1318,319.28875,31575.755067035716
B19049_003,2018,Mississippi,28,Median household income ,Householder 25 to 44 years,48185,684,319.28875,60311.48205910794
B19049_004,2018,Mississippi,28,Median household income ,Householder 45 to 64 years,50409,656,319.28875,63095.18520530398
B19049_005,2018,Mississippi,28,Median household income ,Householder 65 years and over,34275,487,319.28875,42900.82074454549
B19049_001,2018,Missouri,29,Median household income ,All,53560,221,319.28875,67039.1818841096
B19049_002,2018,Missouri,29,Median household income ,Householder under 25 years,28670,810,319.28875,35885.23795028794
B19049_003,2018,Missouri,29,Median household income ,Householder 25 to 44 years,60699,508,319.28875,75974.81891679553
B19049_004,2018,Missouri,29,Median household income ,Householder 45 to 64 years,64219,440,319.28875,80380.68001149429
B19049_005,2018,Missouri,29,Median household income ,Householder 65 years and over,40184,315,319.28875,50296.9097242543
B19049_001,2018,Montana,30,Median household income ,All,52559,587,319.28875,65786.26513530464
B19049_002,2018,Montana,30,Median household income ,Householder under 25 years,29264,1641,319.28875,36628.72701001836
B19049_003,2018,Montana,30,Median household income ,Householder 25 to 44 years,60392,1260,319.28875,75590.5577360931
B19049_004,2018,Montana,30,Median household income ,Householder 45 to 64 years,61929,1160,319.28875,77514.36696977266
B19049_005,2018,Montana,30,Median household income ,Householder 65 years and over,40168,635,319.28875,50276.883082914756
B19049_001,2018,Nebraska,31,Median household income ,All,59116,346,319.28875,73993.43308926481
B19049_002,2018,Nebraska,31,Median household income ,Householder under 25 years,31669,924,319.28875,39638.981536367944
B19049_003,2018,Nebraska,31,Median household income ,Householder 25 to 44 years,65648,710,319.28875,82169.30941613195
B19049_004,2018,Nebraska,31,Median household income ,Householder 45 to 64 years,73502,753,319.28875,91999.88698367856
B19049_005,2018,Nebraska,31,Median household income ,Householder 65 years and over,42172,593,319.28875,52785.219910692125
B19049_001,2018,Nevada,32,Median household income ,All,57598,408,319.28875,72093.40549217597
B19049_002,2018,Nevada,32,Median household income ,Householder under 25 years,35767,767,319.28875,44768.30504945758
B19049_003,2018,Nevada,32,Median household income ,Householder 25 to 44 years,60571,713,319.28875,75814.6057860792
B19049_004,2018,Nevada,32,Median household income ,Householder 45 to 64 years,66537,781,319.28875,83282.03967556013
B19049_005,2018,Nevada,32,Median household income ,Householder 65 years and over,45468,568,319.28875,56910.70802663733
B19049_001,2018,New Hampshire,33,Median household income ,All,74057,714,319.28875,92694.56110514385
B19049_002,2018,New Hampshire,33,Median household income ,Householder under 25 years,40545,2939,319.28875,50748.76081947766
B19049_003,2018,New Hampshire,33,Median household income ,Householder 25 to 44 years,82169,1346,319.28875,102848.06826429054
B19049_004,2018,New Hampshire,33,Median household income ,Householder 45 to 64 years,89737,1260,319.28875,112320.6696178929
B19049_005,2018,New Hampshire,33,Median household income ,Householder 65 years and over,49751,793,319.28875,62271.5895802154
B19049_001,2018,New Jersey,34,Median household income ,All,79363,386,319.28875,99335.89603936874
B19049_002,2018,New Jersey,34,Median household income ,Householder under 25 years,37186,1339,319.28875,46544.417803258024
B19049_003,2018,New Jersey,34,Median household income ,Householder 25 to 44 years,85767,688,319.28875,107351.55923551957
B19049_004,2018,New Jersey,34,Median household income ,Householder 45 to 64 years,97649,734,319.28875,122223.84376029533
B19049_005,2018,New Jersey,34,Median household income ,Householder 65 years and over,51492,428,319.28875,64450.73849097408
B19049_001,2018,New Mexico,35,Median household income ,All,48059,438,319.28875,60153.77225855906
B19049_002,2018,New Mexico,35,Median household income ,Householder under 25 years,26961,1149,319.28875,33746.14232220835
B19049_003,2018,New Mexico,35,Median household income ,Householder 25 to 44 years,50836,739,319.28875,63629.64619605294
B19049_004,2018,New Mexico,35,Median household income ,Householder 45 to 64 years,55842,838,319.28875,69895.48160516148
B19049_005,2018,New Mexico,35,Median household income ,Householder 65 years and over,40143,661,319.28875,50245.59145582173
B19049_001,2018,New York,36,Median household income ,All,65323,270,319.28875,81762.51826392254
B19049_002,2018,New York,36,Median household income ,Householder under 25 years,32689,648,319.28875,40915.67992176361
B19049_003,2018,New York,36,Median household income ,Householder 25 to 44 years,73850,407,319.28875,92435.466432813555
B19049_004,2018,New York,36,Median household income ,Householder 45 to 64 years,78232,410,319.28875,97920.26282968002
B19049_005,2018,New York,36,Median household income ,Householder 65 years and over,44136,260,319.28875,55243.490135120635
B19049_001,2018,North Carolina,37,Median household income ,All,52413,224,319.28875,65603.52203308133
B19049_002,2018,North Carolina,37,Median household income ,Householder under 25 years,29094,607,319.28875,36415.94394578575
B19049_003,2018,North Carolina,37,Median household income ,Householder 25 to 44 years,56570,443,319.28875,70806.69378611053
B19049_004,2018,North Carolina,37,Median household income ,Householder 45 to 64 years,62464,433,319.28875,78184.00778956352
B19049_005,2018,North Carolina,37,Median household income ,Householder 65 years and over,40062,303,319.28875,50144.20658404031
B19049_001,2018,North Dakota,38,Median household income ,All,63473,688,319.28875,79446.93785903825
B19049_002,2018,North Dakota,38,Median household income ,Householder under 25 years,36135,2026,319.28875,45228.917800267
B19049_003,2018,North Dakota,38,Median household income ,Householder 25 to 44 years,73785,1331,319.28875,92354.10820237167
B19049_004,2018,North Dakota,38,Median household income ,Householder 45 to 64 years,80529,1347,319.28875,100795.33752698771
B19049_005,2018,North Dakota,38,Median household income ,Householder 65 years and over,41770,1051,319.28875,52282.05054703618
B19049_001,2018,Ohio,39,Median household income ,All,54533,167,319.28875,68257.05201057036
B19049_002,2018,Ohio,39,Median household income ,Householder under 25 years,28485,578,319.28875,35653.67990979952
B19049_003,2018,Ohio,39,Median household income ,Householder 25 to 44 years,60925,391,319.28875,76257.69522571652
B19049_004,2018,Ohio,39,Median household income ,Householder 45 to 64 years,66721,420,319.28875,83512.34605096484
B19049_005,2018,Ohio,39,Median household income ,Householder 65 years and over,40358,195,319.28875,50514.6994488218
B19049_001,2018,Oklahoma,40,Median household income ,All,51424,213,319.28875,64365.625265281036
B19049_002,2018,Oklahoma,40,Median household income ,Householder under 25 years,29782,812,319.28875,37277.08952338596
B19049_003,2018,Oklahoma,40,Median household income ,Householder 25 to 44 years,56693,421,319.28875,70960.64859140824
B19049_004,2018,Oklahoma,40,Median household income ,Householder 45 to 64 years,60647,545,319.28875,75909.73233244203
B19049_005,2018,Oklahoma,40,Median household income ,Householder 65 years and over,39918,329,319.28875,49963.96681198445
B19049_001,2018,Oregon,41,Median household income ,All,59393,384,319.28875,74340.14431745559
B19049_002,2018,Oregon,41,Median household income ,Householder under 25 years,30840,869,319.28875,38601.35118196304
B19049_003,2018,Oregon,41,Median household income ,Householder 25 to 44 years,66141,723,319.28875,82786.38030240651
B19049_004,2018,Oregon,41,Median household income ,Householder 45 to 64 years,71022,722,319.28875,88895.75757604989
B19049_005,2018,Oregon,41,Median household income ,Householder 65 years and over,44699,495,319.28875,55948.177577255694
B19049_001,2018,Pennsylvania,42,Median household income ,All,59445,234,319.28875,74405.2309018091
B19049_002,2018,Pennsylvania,42,Median household income ,Householder under 25 years,28511,820,319.28875,35686.22320197627
B19049_003,2018,Pennsylvania,42,Median household income ,Householder 25 to 44 years,67926,468,319.28875,85020.60247684893
B19049_004,2018,Pennsylvania,42,Median household income ,Householder 45 to 64 years,73434,379,319.28875,91914.77375798552
B19049_005,2018,Pennsylvania,42,Median household income ,Householder 65 years and over,40464,217,319.28875,50647.375947696244
B19049_001,2018,Rhode Island,44,Median household income ,All,63296,705,319.28875,79225.3931392196
B19049_002,2018,Rhode Island,44,Median household income ,Householder under 25 years,29247,2329,319.28875,36607.4487035951
B19049_003,2018,Rhode Island,44,Median household income ,Householder 25 to 44 years,68018,1273,319.28875,85135.75566455128
B19049_004,2018,Rhode Island,44,Median household income ,Householder 45 to 64 years,78949,1283,319.28875,98817.70669470816
B19049_005,2018,Rhode Island,44,Median household income ,Householder 65 years and over,42027,679,319.28875,52603.728473552546
B19049_001,2018,South Carolina,45,Median household income ,All,51015,271,319.28875,63853.69424603905
B19049_002,2018,South Carolina,45,Median household income ,Householder under 25 years,27631,939,319.28875,34584.75792830157
B19049_003,2018,South Carolina,45,Median household income ,Householder 25 to 44 years,54753,564,319.28875,68532.41832898904
B19049_004,2018,South Carolina,45,Median household income ,Householder 45 to 64 years,59405,615,319.28875,74355.16429846025
B19049_005,2018,South Carolina,45,Median household income ,Householder 65 years and over,41017,402,319.28875,51339.54673899409
B19049_001,2018,South Dakota,46,Median household income ,All,56499,508,319.28875,70717.82556516632
B19049_002,2018,South Dakota,46,Median household income ,Householder under 25 years,33170,2048,319.28875,41517.73082703352
B19049_003,2018,South Dakota,46,Median household income ,Householder 25 to 44 years,64381,700,319.28875,80583.44975505714
B19049_004,2018,South Dakota,46,Median household income ,Householder 45 to 64 years,68069,1330,319.28875,85199.59058382107
B19049_005,2018,South Dakota,46,Median household income ,Householder 65 years and over,40628,804,319.28875,50852.64902142653
B19049_001,2018,Tennessee,47,Median household income ,All,50972,250,319.28875,63799.872647439035
B19049_002,2018,Tennessee,47,Median household income ,Householder under 25 years,29429,729,319.28875,36835.251748832365
B19049_003,2018,Tennessee,47,Median household income ,Householder 25 to 44 years,55707,505,319.28875,69726.5068188591
B19049_004,2018,Tennessee,47,Median household income ,Householder 45 to 64 years,59578,503,319.28875,74571.70235794403
B19049_005,2018,Tennessee,47,Median household income ,Householder 65 years and over,39089,308,319.28875,48926.33645757954
B19049_001,2018,Texas,48,Median household income ,All,59570,209,319.28875,74561.68903727425
B19049_002,2018,Texas,48,Median household income ,Householder under 25 years,31149,359,319.28875,38988.1156928329
B19049_003,2018,Texas,48,Median household income ,Householder 25 to 44 years,63253,298,319.28875,79171.57154061958
B19049_004,2018,Texas,48,Median household income ,Householder 45 to 64 years,71455,407,319.28875,89437.72855730119
B19049_005,2018,Texas,48,Median household income ,Householder 65 years and over,43411,212,319.28875,54336.03294942274
B19049_001,2018,Utah,49,Median household income ,All,68374,437,319.28875,85581.34843435604
B19049_002,2018,Utah,49,Median household income ,Householder under 25 years,37318,1298,319.28875,46709.63759430923
B19049_003,2018,Utah,49,Median household income ,Householder 25 to 44 years,72045,582,319.28875,90176.21095669671
B19049_004,2018,Utah,49,Median household income ,Householder 45 to 64 years,84726,873,319.28875,106048.57588336576
B19049_005,2018,Utah,49,Median household income ,Householder 65 years and over,51172,683,319.28875,64050.20566418328
B19049_001,2018,Vermont,50,Median household income ,All,60076,656,319.28875,75195.0315696372
B19049_002,2018,Vermont,50,Median household income ,Householder under 25 years,33244,2411,319.28875,41610.354043228894
B19049_003,2018,Vermont,50,Median household income ,Householder 25 to 44 years,67976,1268,319.28875,85083.18573103499
B19049_004,2018,Vermont,50,Median household income ,Householder 45 to 64 years,71566,1238,319.28875,89576.66338159425
B19049_005,2018,Vermont,50,Median household income ,Householder 65 years and over,42542,921,319.28875,53248.33599166898
B19049_001,2018,Virginia,51,Median household income ,All,71564,326,319.28875,89574.1600514268
B19049_002,2018,Virginia,51,Median household income ,Householder under 25 years,34975,816,319.28875,43776.98630315036
B19049_003,2018,Virginia,51,Median household income ,Householder 25 to 44 years,76934,602,319.28875,96295.60155100985
B19049_004,2018,Virginia,51,Median household income ,Householder 45 to 64 years,86769,675,319.28875,108605.72764940825
B19049_005,2018,Virginia,51,Median household income ,Householder 65 years and over,51230,395,319.28875,64122.80223903911
B19049_001,2018,Washington,53,Median household income ,All,70116,308,319.28875,87761.74901019844
B19049_002,2018,Washington,53,Median household income ,Householder under 25 years,38158,994,319.28875,47761.03626463507
B19049_003,2018,Washington,53,Median household income ,Householder 25 to 44 years,77436,468,319.28875,96923.93742303792
B19049_004,2018,Washington,53,Median household income ,Householder 45 to 64 years,84306,606,319.28875,105522.87654820284
B19049_005,2018,Washington,53,Median household income ,Householder 65 years and over,49616,374,319.28875,62102.61479391303
B19049_001,2018,West Virginia,54,Median household income ,All,44921,470,319.28875,56226.04722584181
B19049_002,2018,West Virginia,54,Median household income ,Householder under 25 years,23874,1679,319.28875,29882.252208760878
B19049_003,2018,West Virginia,54,Median household income ,Householder 25 to 44 years,52786,950,319.28875,66070.39310930936
B19049_004,2018,West Virginia,54,Median household income ,Householder 45 to 64 years,52261,784,319.28875,65413.26894035571
B19049_005,2018,West Virginia,54,Median household income ,Householder 65 years and over,35779,429,319.28875,44783.325030462234
B19049_001,2018,Wisconsin,55,Median household income ,All,59209,236,319.28875,74109.83794205089
B19049_002,2018,Wisconsin,55,Median household income ,Householder under 25 years,31712,542,319.28875,39692.80313496795
B19049_003,2018,Wisconsin,55,Median household income ,Householder 25 to 44 years,67042,515,319.28875,83914.13054283935
B19049_004,2018,Wisconsin,55,Median household income ,Householder 45 to 64 years,73206,380,319.28875,91629.39411889708
B19049_005,2018,Wisconsin,55,Median household income ,Householder 65 years and over,40383,302,319.28875,50545.991075914826
B19049_001,2018,Wyoming,56,Median household income ,All,62268,932,319.28875,77938.68143315415
B19049_002,2018,Wyoming,56,Median household income ,Householder under 25 years,30764,2116,319.28875,38506.22463560022
B19049_003,2018,Wyoming,56,Median household income ,Householder 25 to 44 years,72111,1765,319.28875,90258.82085222231
B19049_004,2018,Wyoming,56,Median household income ,Householder 45 to 64 years,74718,1798,319.28875,93521.91172548359
B19049_005,2018,Wyoming,56,Median household income ,Householder 65 years and over,42937,1560,319.28875,53742.74369973887
B19049_001,2018,Puerto Rico,72,Median household income ,All,20166,190,319.28875,25241.07807832252
B19049_002,2018,Puerto Rico,72,Median household income ,Householder under 25 years,6666,634,319.28875,8343.599448085784
B19049_003,2018,Puerto Rico,72,Median household income ,Householder 25 to 44 years,22421,454,319.28875,28063.582842113916
B19049_004,2018,Puerto Rico,72,Median household income ,Householder 45 to 64 years,23630,327,319.28875,29576.845928332896
B19049_005,2018,Puerto Rico,72,Median household income ,Householder 65 years and over,17201,168,319.28875,21529.891105089046
B19049_001,2019,Alabama,01,Median household income ,All,50536,304,331.12375,60993.32175019159
B19049_002,2019,Alabama,01,Median household income ,Householder under 25 years,23691,1077,331.12375,28593.335158773727
B19049_003,2019,Alabama,01,Median household income ,Householder 25 to 44 years,54821,480,331.12375,66165.0089375347
B19049_004,2019,Alabama,01,Median household income ,Householder 45 to 64 years,60250,554,331.12375,72717.42194572272
B19049_005,2019,Alabama,01,Median household income ,Householder 65 years and over,39518,361,331.12375,47695.38722740366
B19049_001,2019,Alaska,02,Median household income ,All,77640,1015,331.12375,93705.90273636369
B19049_002,2019,Alaska,02,Median household income ,Householder under 25 years,44526,2749,331.12375,53739.68347809544
B19049_003,2019,Alaska,02,Median household income ,Householder 25 to 44 years,80407,1730,331.12375,97045.4729691241
B19049_004,2019,Alaska,02,Median household income ,Householder 45 to 64 years,92391,2032,331.12375,111509.30009937374
B19049_005,2019,Alaska,02,Median household income ,Householder 65 years and over,61257,1678,331.12375,73932.79860795249
B19049_001,2019,Arizona,04,Median household income ,All,58945,266,331.12375,71142.38069030085
B19049_002,2019,Arizona,04,Median household income ,Householder under 25 years,33202,1002,331.12375,40072.428936794786
B19049_003,2019,Arizona,04,Median household income ,Householder 25 to 44 years,63679,448,331.12375,76855.97862376228
B19049_004,2019,Arizona,04,Median household income ,Householder 45 to 64 years,70377,473,331.12375,84939.98347342951
B19049_005,2019,Arizona,04,Median household income ,Householder 65 years and over,47442,352,331.12375,57259.08600745191
B19049_001,2019,Arkansas,05,Median household income ,All,47597,328,331.12375,57446.159873038414
B19049_002,2019,Arkansas,05,Median household income ,Householder under 25 years,28951,1070,331.12375,34941.77730706421
B19049_003,2019,Arkansas,05,Median household income ,Householder 25 to 44 years,53066,627,331.12375,64046.85000782941
B19049_004,2019,Arkansas,05,Median household income ,Householder 45 to 64 years,55382,651,331.12375,66842.09563814134
B19049_005,2019,Arkansas,05,Median household income ,Householder 65 years and over,37101,473,331.12375,44778.24185241923
B19049_001,2019,California,06,Median household income ,All,75235,232,331.12375,90803.24049936015
B19049_002,2019,California,06,Median household income ,Householder under 25 years,38389,561,331.12375,46332.765329034846
B19049_003,2019,California,06,Median household income ,Householder 25 to 44 years,80095,398,331.12375,96668.91138162094
B19049_004,2019,California,06,Median household income ,Householder 45 to 64 years,88861,447,331.12375,107248.8436766617
B19049_005,2019,California,06,Median household income ,Householder 65 years and over,54428,275,331.12375,65690.68616866053
B19049_001,2019,Colorado,08,Median household income ,All,72331,370,331.12375,87298.32110798456
B19049_002,2019,Colorado,08,Median household income ,Householder under 25 years,38689,1028,331.12375,46694.84377855712
B19049_003,2019,Colorado,08,Median household income ,Householder 25 to 44 years,78228,558,331.12375,94415.57649742733
B19049_004,2019,Colorado,08,Median household income ,Householder 45 to 64 years,86829,663,331.12375,104796.36564523085
B19049_005,2019,Colorado,08,Median household income ,Householder 65 years and over,52407,465,331.12375,63251.48434704549
B19049_001,2019,Connecticut,09,Median household income ,All,78444,553,331.12375,94676.27298108337
B19049_002,2019,Connecticut,09,Median household income ,Householder under 25 years,39118,1410,331.12375,47212.615961373966
B19049_003,2019,Connecticut,09,Median household income ,Householder 25 to 44 years,81064,979,331.12375,97838.42477357788
B19049_004,2019,Connecticut,09,Median household income ,Householder 45 to 64 years,98647,969,331.12375,119059.84270007817
B19049_005,2019,Connecticut,09,Median household income ,Householder 65 years and over,55538,784,331.12375,67030.37643189292
B19049_001,2019,Delaware,10,Median household income ,All,68287,696,331.12375,82417.50360842436
B19049_002,2019,Delaware,10,Median household income ,Householder under 25 years,34216,2069,331.12375,41296.25409618006
B19049_003,2019,Delaware,10,Median household income ,Householder 25 to 44 years,70605,1310,331.12375,85215.16309506644
B19049_004,2019,Delaware,10,Median household income ,Householder 45 to 64 years,82986,1425,331.12375,100158.14070685055
B19049_005,2019,Delaware,10,Median household income ,Householder 65 years and over,54346,892,331.12375,65591.71805912444
B19049_001,2019,District of Columbia,11,Median household income ,All,86420,1008,331.12375,104302.73202571548
B19049_002,2019,District of Columbia,11,Median household income ,Householder under 25 years,39391,3263,331.12375,47542.10735043923
B19049_003,2019,District of Columbia,11,Median household income ,Householder 25 to 44 years,101513,1534,331.12375,122518.89882118092
B19049_004,2019,District of Columbia,11,Median household income ,Householder 45 to 64 years,89041,2900,331.12375,107466.09074637505
B19049_005,2019,District of Columbia,11,Median household income ,Householder 65 years and over,56953,2257,331.12375,68738.17978547297
B19049_001,2019,Florida,12,Median household income ,All,55660,220,331.12375,67177.62166803198
B19049_002,2019,Florida,12,Median household income ,Householder under 25 years,31906,407,331.12375,38508.250034858575
B19049_003,2019,Florida,12,Median household income ,Householder 25 to 44 years,60135,381,331.12375,72578.62520673919
B19049_004,2019,Florida,12,Median household income ,Householder 45 to 64 years,65374,418,331.12375,78901.72186356311
B19049_005,2019,Florida,12,Median household income ,Householder 65 years and over,45008,244,331.12375,54321.42285366121
B19049_001,2019,Georgia,13,Median household income ,All,58700,294,331.12375,70846.68328985765
B19049_002,2019,Georgia,13,Median household income ,Householder under 25 years,31173,657,331.12375,37623.57168985916
B19049_003,2019,Georgia,13,Median household income ,Householder 25 to 44 years,61608,486,331.12375,74356.43039389353
B19049_004,2019,Georgia,13,Median household income ,Householder 45 to 64 years,70757,574,331.12375,85398.61617615772
B19049_005,2019,Georgia,13,Median household income ,Householder 65 years and over,43803,391,331.12375,52867.07441474676
B19049_001,2019,Hawaii,15,Median household income ,All,81275,780,331.12375,98093.08661640853
B19049_002,2019,Hawaii,15,Median household income ,Householder under 25 years,41837,2064,331.12375,50494.25364221082
B19049_003,2019,Hawaii,15,Median household income ,Householder 25 to 44 years,82644,1288,331.12375,99745.37127439516
B19049_004,2019,Hawaii,15,Median household income ,Householder 45 to 64 years,95066,1293,331.12375,114737.83294094732
B19049_005,2019,Hawaii,15,Median household income ,Householder 65 years and over,67985,1484,331.12375,82053.01130257193
B19049_001,2019,Idaho,16,Median household income ,All,55785,539,331.12375,67328.48768866625
B19049_002,2019,Idaho,16,Median household income ,Householder under 25 years,30252,860,331.12375,36511.99084982579
B19049_003,2019,Idaho,16,Median household income ,Householder 25 to 44 years,61507,942,331.12375,74234.53064922104
B19049_004,2019,Idaho,16,Median household income ,Householder 45 to 64 years,66728,919,331.12375,80535.90259907363
B19049_005,2019,Idaho,16,Median household income ,Householder 65 years and over,43250,641,331.12375,52199.643139460706
B19049_001,2019,Illinois,17,Median household income ,All,65886,283,331.12375,79519.66908408112
B19049_002,2019,Illinois,17,Median household income ,Householder under 25 years,31041,571,331.12375,37464.25717206936
B19049_003,2019,Illinois,17,Median household income ,Householder 25 to 44 years,72646,495,331.12375,87678.50347998296
B19049_004,2019,Illinois,17,Median household income ,Householder 45 to 64 years,81223,463,331.12375,98030.32635182468
B19049_005,2019,Illinois,17,Median household income ,Householder 65 years and over,45861,359,331.12375,55350.93257846954
B19049_001,2019,Indiana,18,Median household income ,All,56303,271,331.12375,67953.67647817472
B19049_002,2019,Indiana,18,Median household income ,Householder under 25 years,30463,588,331.12375,36766.652692656455
B19049_003,2019,Indiana,18,Median household income ,Householder 25 to 44 years,62537,394,331.12375,75477.6666592475
B19049_004,2019,Indiana,18,Median household income ,Householder 45 to 64 years,68726,572,331.12375,82947.34507289194
B19049_005,2019,Indiana,18,Median household income ,Householder 65 years and over,41926,274,331.12375,50601.670248902425
B19049_001,2019,Iowa,19,Median household income ,All,60523,321,331.12375,73046.91333478798
B19049_002,2019,Iowa,19,Median household income ,Householder under 25 years,33559,1383,331.12375,40503.302291726286
B19049_003,2019,Iowa,19,Median household income ,Householder 25 to 44 years,68807,714,331.12375,83045.10625426297
B19049_004,2019,Iowa,19,Median household income ,Householder 45 to 64 years,74478,604,331.12375,89889.59587839895
B19049_005,2019,Iowa,19,Median household income ,Householder 65 years and over,43149,420,331.12375,52077.74339478821
B19049_001,2019,Kansas,20,Median household income ,All,59597,337,331.12375,71929.29785392925
B19049_002,2019,Kansas,20,Median household income ,Householder under 25 years,31637,923,331.12375,38183.586358453605
B19049_003,2019,Kansas,20,Median household income ,Householder 25 to 44 years,65607,735,331.12375,79182.93612602541
B19049_004,2019,Kansas,20,Median household income ,Householder 45 to 64 years,73078,637,331.12375,88199.89644729502
B19049_005,2019,Kansas,20,Median household income ,Householder 65 years and over,44416,452,331.12375,53606.92137993727
B19049_001,2019,Kentucky,21,Median household income ,All,50589,294,331.12375,61057.288942940526
B19049_002,2019,Kentucky,21,Median household income ,Householder under 25 years,30068,837,331.12375,36289.916067452126
B19049_003,2019,Kentucky,21,Median household income ,Householder 25 to 44 years,58132,703,331.12375,70161.1480920955
B19049_004,2019,Kentucky,21,Median household income ,Householder 45 to 64 years,58809,756,331.12375,70978.23845985075
B19049_005,2019,Kentucky,21,Median household income ,Householder 65 years and over,38067,432,331.12375,45944.134459880945
B19049_001,2019,Louisiana,22,Median household income ,All,49469,392,331.12375,59705.529398057384
B19049_002,2019,Louisiana,22,Median household income ,Householder under 25 years,26211,1111,331.12375,31634.794134760803
B19049_003,2019,Louisiana,22,Median household income ,Householder 25 to 44 years,55290,859,331.12375,66731.05824695452
B19049_004,2019,Louisiana,22,Median household income ,Householder 45 to 64 years,58153,678,331.12375,70186.49358356206
B19049_005,2019,Louisiana,22,Median household income ,Householder 65 years and over,36643,395,331.12375,44225.468752815235
B19049_001,2019,Maine,23,Median household income ,All,57918,496,331.12375,69902.86546476961
B19049_002,2019,Maine,23,Median household income ,Householder under 25 years,36292,1932,331.12375,43801.83696687417
B19049_003,2019,Maine,23,Median household income ,Householder 25 to 44 years,67055,1052,331.12375,80930.5681090529
B19049_004,2019,Maine,23,Median household income ,Householder 45 to 64 years,69234,856,331.12375,83560.46458074966
B19049_005,2019,Maine,23,Median household income ,Householder 65 years and over,41220,678,331.12375,49749.57896436001
B19049_001,2019,Maryland,24,Median household income ,All,84805,465,331.12375,102353.54303912059
B19049_002,2019,Maryland,24,Median household income ,Householder under 25 years,42745,1221,331.12375,51590.14441609822
B19049_003,2019,Maryland,24,Median household income ,Householder 25 to 44 years,87405,734,331.12375,105491.55626831361
B19049_004,2019,Maryland,24,Median household income ,Householder 45 to 64 years,102855,760,331.12375,124138.59641871056
B19049_005,2019,Maryland,24,Median household income ,Householder 65 years and over,59434,607,331.12375,71732.56856302214
B19049_001,2019,Massachusetts,25,Median household income ,All,81215,429,331.12375,98020.67092650408
B19049_002,2019,Massachusetts,25,Median household income ,Householder under 25 years,41095,1615,331.12375,49598.71294372573
B19049_003,2019,Massachusetts,25,Median household income ,Householder 25 to 44 years,92545,785,331.12375,111695.16703679517
B19049_004,2019,Massachusetts,25,Median household income ,Householder 45 to 64 years,100386,774,331.12375,121158.69077914226
B19049_005,2019,Massachusetts,25,Median household income ,Householder 65 years and over,50475,442,331.12375,60919.69913212206
B19049_001,2019,Michigan,26,Median household income ,All,57144,216,331.12375,68968.70306500215
B19049_002,2019,Michigan,26,Median household income ,Householder under 25 years,30853,464,331.12375,37237.35467703541
B19049_003,2019,Michigan,26,Median household income ,Householder 25 to 44 years,63027,445,331.12375,76069.06146013387
B19049_004,2019,Michigan,26,Median household income ,Householder 45 to 64 years,69897,405,331.12375,84360.65795419388
B19049_005,2019,Michigan,26,Median household income ,Householder 65 years and over,44061,231,331.12375,53178.46188133591
B19049_001,2019,Minnesota,27,Median household income ,All,71306,262,331.12375,86061.21973878347
B19049_002,2019,Minnesota,27,Median household income ,Householder under 25 years,38836,835,331.12375,46872.26221882303
B19049_003,2019,Minnesota,27,Median household income ,Householder 25 to 44 years,81182,551,331.12375,97980.84229705663
B19049_004,2019,Minnesota,27,Median household income ,Householder 45 to 64 years,86757,542,331.12375,104709.4668173455
B19049_005,2019,Minnesota,27,Median household income ,Householder 65 years and over,47971,385,331.12375,57897.55100677618
B19049_001,2019,Mississippi,28,Median household income ,All,45081,385,331.12375,54409.52860971163
B19049_002,2019,Mississippi,28,Median household income ,Householder under 25 years,25404,1187,331.12375,30660.803105545892
B19049_003,2019,Mississippi,28,Median household income ,Householder 25 to 44 years,49502,777,331.12375,59745.35802750483
B19049_004,2019,Mississippi,28,Median household income ,Householder 45 to 64 years,52148,771,331.12375,62938.88995229126
B19049_005,2019,Mississippi,28,Median household income ,Householder 65 years and over,35631,625,331.12375,43004.057449760105
B19049_001,2019,Missouri,29,Median household income ,All,55461,294,331.12375,66937.44296318221
B19049_002,2019,Missouri,29,Median household income ,Householder under 25 years,30633,670,331.12375,36971.83048071907
B19049_003,2019,Missouri,29,Median household income ,Householder 25 to 44 years,63221,487,331.12375,76303.20552415827
B19049_004,2019,Missouri,29,Median household income ,Householder 45 to 64 years,66537,666,331.12375,80305.37931954445
B19049_005,2019,Missouri,29,Median household income ,Householder 65 years and over,41719,309,331.12375,50351.836118732055
B19049_001,2019,Montana,30,Median household income ,All,54970,606,331.12375,66344.84123413076
B19049_002,2019,Montana,30,Median household income ,Householder under 25 years,29559,1497,331.12375,35675.58963142934
B19049_003,2019,Montana,30,Median household income ,Householder 25 to 44 years,63510,922,331.12375,76652.00776386473
B19049_004,2019,Montana,30,Median household income ,Householder 45 to 64 years,64446,983,331.12375,77781.69252637422
B19049_005,2019,Montana,30,Median household income ,Householder 65 years and over,42069,630,331.12375,50774.260976508034
B19049_001,2019,Nebraska,31,Median household income ,All,61439,416,331.12375,74152.45953399599
B19049_002,2019,Nebraska,31,Median household income ,Householder under 25 years,33109,1368,331.12375,39960.18461744288
B19049_003,2019,Nebraska,31,Median household income ,Householder 25 to 44 years,68448,801,331.12375,82611.8190430013
B19049_004,2019,Nebraska,31,Median household income ,Householder 45 to 64 years,75688,681,331.12375,91349.97895813877
B19049_005,2019,Nebraska,31,Median household income ,Householder 65 years and over,44445,607,331.12375,53641.92229672442
B19049_001,2019,Nevada,32,Median household income ,All,60365,409,331.12375,72856.21868470625
B19049_002,2019,Nevada,32,Median household income ,Householder under 25 years,37494,1109,331.12375,45252.56462129341
B19049_003,2019,Nevada,32,Median household income ,Householder 25 to 44 years,62981,684,331.12375,76013.54276454046
B19049_004,2019,Nevada,32,Median household income ,Householder 45 to 64 years,70407,744,331.12375,84976.19131838174
B19049_005,2019,Nevada,32,Median household income ,Householder 65 years and over,47665,587,331.12375,57528.23098826346
B19049_001,2019,New Hampshire,33,Median household income ,All,76768,728,331.12375,92653.46137641896
B19049_002,2019,New Hampshire,33,Median household income ,Householder under 25 years,43587,3422,331.12375,52606.37793109073
B19049_003,2019,New Hampshire,33,Median household income ,Householder 25 to 44 years,84505,1696,331.12375,101991.46458959831
B19049_004,2019,New Hampshire,33,Median household income ,Householder 45 to 64 years,93534,1328,331.12375,112888.8189920536
B19049_005,2019,New Hampshire,33,Median household income ,Householder 65 years and over,52271,759,331.12375,63087.34211659539
B19049_001,2019,New Jersey,34,Median household income ,All,82545,400,331.12375,99625.88538605282
B19049_002,2019,New Jersey,34,Median household income ,Householder under 25 years,39363,1728,331.12375,47508.313361817156
B19049_003,2019,New Jersey,34,Median household income ,Householder 25 to 44 years,89785,785,331.12375,108364.04530119029
B19049_004,2019,New Jersey,34,Median household income ,Householder 45 to 64 years,101498,554,331.12375,122500.79489870481
B19049_005,2019,New Jersey,34,Median household income ,Householder 65 years and over,54430,457,331.12375,65693.10002499066
B19049_001,2019,New Mexico,35,Median household income ,All,49754,430,331.12375,60049.50392510354
B19049_002,2019,New Mexico,35,Median household income ,Householder under 25 years,27300,1144,331.12375,32949.13890652664
B19049_003,2019,New Mexico,35,Median household income ,Householder 25 to 44 years,52704,870,331.12375,63609.94201207254
B19049_004,2019,New Mexico,35,Median household income ,Householder 45 to 64 years,57485,951,331.12375,69380.26556929246
B19049_005,2019,New Mexico,35,Median household income ,Householder 65 years and over,41843,633,331.12375,50501.49521120126
B19049_001,2019,New York,36,Median household income ,All,68486,313,331.12375,82657.68231327413
B19049_002,2019,New York,36,Median household income ,Householder under 25 years,34646,975,331.12375,41815.23320716198
B19049_003,2019,New York,36,Median household income ,Householder 25 to 44 years,77409,526,331.12375,93427.10233023154
B19049_004,2019,New York,36,Median household income ,Householder 45 to 64 years,81723,420,331.12375,98633.7904343618
B19049_005,2019,New York,36,Median household income ,Householder 65 years and over,46606,278,331.12375,56250.09406144985
B19049_001,2019,North Carolina,37,Median household income ,All,54602,231,331.12375,65900.69166938344
B19049_002,2019,North Carolina,37,Median household income ,Householder under 25 years,30936,492,331.12375,37337.52971473656
B19049_003,2019,North Carolina,37,Median household income ,Householder 25 to 44 years,59286,548,331.12375,71553.94319459116
B19049_004,2019,North Carolina,37,Median household income ,Householder 45 to 64 years,65102,499,331.12375,78573.43740266292
B19049_005,2019,North Carolina,37,Median household income ,Householder 65 years and over,41750,325,331.12375,50389.250891849355
B19049_001,2019,North Dakota,38,Median household income ,All,64894,813,331.12375,78322.39634432747
B19049_002,2019,North Dakota,38,Median household income ,Householder under 25 years,37389,2423,331.12375,45125.83716396061
B19049_003,2019,North Dakota,38,Median household income ,Householder 25 to 44 years,75446,1646,331.12375,91057.90234219082
B19049_004,2019,North Dakota,38,Median household income ,Householder 45 to 64 years,81599,1583,331.12375,98484.13134189259
B19049_005,2019,North Dakota,38,Median household income ,Householder 65 years and over,44019,954,331.12375,53127.7708984028
B19049_001,2019,Ohio,39,Median household income ,All,56602,213,331.12375,68314.5479995319
B19049_002,2019,Ohio,39,Median household income ,Householder under 25 years,30719,448,331.12375,37075.62630291546
B19049_003,2019,Ohio,39,Median household income ,Householder 25 to 44 years,63024,350,331.12375,76065.44067563866
B19049_004,2019,Ohio,39,Median household income ,Householder 45 to 64 years,69189,410,331.12375,83506.15281332131
B19049_005,2019,Ohio,39,Median household income ,Householder 65 years and over,42072,220,331.12375,50777.88176100326
B19049_001,2019,Oklahoma,40,Median household income ,All,52919,225,331.12375,63869.4315675635
B19049_002,2019,Oklahoma,40,Median household income ,Householder under 25 years,30768,773,331.12375,37134.76578300409
B19049_003,2019,Oklahoma,40,Median household income ,Householder 25 to 44 years,58612,535,331.12375,70740.47361133112
B19049_004,2019,Oklahoma,40,Median household income ,Householder 45 to 64 years,62344,508,331.12375,75244.72952338817
B19049_005,2019,Oklahoma,40,Median household income ,Householder 65 years and over,41379,340,331.12375,49941.48054260681
B19049_001,2019,Oregon,41,Median household income ,All,62818,304,331.12375,75816.81347363336
B19049_002,2019,Oregon,41,Median household income ,Householder under 25 years,33130,1586,331.12375,39985.53010890944
B19049_003,2019,Oregon,41,Median household income ,Householder 25 to 44 years,70601,638,331.12375,85210.33538240613
B19049_004,2019,Oregon,41,Median household income ,Householder 45 to 64 years,74782,646,331.12375,90256.50204058152
B19049_005,2019,Oregon,41,Median household income ,Householder 65 years and over,47159,537,331.12375,56917.5253367359
B19049_001,2019,Pennsylvania,42,Median household income ,All,61744,189,331.12375,74520.57262434364
B19049_002,2019,Pennsylvania,42,Median household income ,Householder under 25 years,30244,504,331.12375,36502.335424505196
B19049_003,2019,Pennsylvania,42,Median household income ,Householder 25 to 44 years,70683,420,331.12375,85309.30349194222
B19049_004,2019,Pennsylvania,42,Median household income ,Householder 45 to 64 years,76132,364,331.12375,91885.85506343174
B19049_005,2019,Pennsylvania,42,Median household income ,Householder 65 years and over,42482,224,331.12375,51272.7223086837
B19049_001,2019,Rhode Island,44,Median household income ,All,67167,958,331.12375,81065.74406354122
B19049_002,2019,Rhode Island,44,Median household income ,Householder under 25 years,31014,3158,331.12375,37431.67011161236
B19049_003,2019,Rhode Island,44,Median household income ,Householder 25 to 44 years,71649,1414,331.12375,86475.19609940394
B19049_004,2019,Rhode Island,44,Median household income ,Householder 45 to 64 years,83931,1957,331.12375,101298.6878228457
B19049_005,2019,Rhode Island,44,Median household income ,Householder 65 years and over,44093,1161,331.12375,53217.08358261829
B19049_001,2019,South Carolina,45,Median household income ,All,53199,276,331.12375,64207.37145378428
B19049_002,2019,South Carolina,45,Median household income ,Householder under 25 years,28930,1145,331.12375,34916.43181559765
B19049_003,2019,South Carolina,45,Median household income ,Householder 25 to 44 years,57666,764,331.12375,69598.71956717089
B19049_004,2019,South Carolina,45,Median household income ,Householder 45 to 64 years,62050,586,331.12375,74889.89264285634
B19049_005,2019,South Carolina,45,Median household income ,Householder 65 years and over,42801,365,331.12375,51657.732393342376
B19049_001,2019,South Dakota,46,Median household income ,All,58275,643,331.12375,70333.7388197011
B19049_002,2019,South Dakota,46,Median household income ,Householder under 25 years,34879,1978,331.12375,42096.447469624276
B19049_003,2019,South Dakota,46,Median household income ,Householder 25 to 44 years,65875,1184,331.12375,79506.3928742653
B19049_004,2019,South Dakota,46,Median household income ,Householder 45 to 64 years,70776,983,331.12375,85421.54781129413
B19049_005,2019,South Dakota,46,Median household income ,Householder 65 years and over,43345,851,331.12375,52314.30131514276
B19049_001,2019,Tennessee,47,Median household income ,All,53320,260,331.12375,64353.40976175827
B19049_002,2019,Tennessee,47,Median household income ,Householder under 25 years,31927,779,331.12375,38533.59552632514
B19049_003,2019,Tennessee,47,Median household income ,Householder 25 to 44 years,58508,589,331.12375,70614.9530821634
B19049_004,2019,Tennessee,47,Median household income ,Householder 45 to 64 years,62583,456,331.12375,75533.18535484091
B19049_005,2019,Tennessee,47,Median household income ,Householder 65 years and over,40952,338,331.12375,49426.122216120115
B19049_001,2019,Texas,48,Median household income ,All,61874,208,331.12375,74677.47328580328
B19049_002,2019,Texas,48,Median household income ,Householder under 25 years,32170,328,331.12375,38826.879070438175
B19049_003,2019,Texas,48,Median household income ,Householder 25 to 44 years,65252,372,331.12375,78754.47662742405
B19049_004,2019,Texas,48,Median household income ,Householder 45 to 64 years,74147,426,331.12375,89490.10265575939
B19049_005,2019,Texas,48,Median household income ,Householder 65 years and over,45521,256,331.12375,54940.5770023443
B19049_001,2019,Utah,49,Median household income ,All,71621,447,331.12375,86441.40211078186
B19049_002,2019,Utah,49,Median household income ,Householder under 25 years,39030,1209,331.12375,47106.406282847434
B19049_003,2019,Utah,49,Median household income ,Householder 25 to 44 years,75148,605,331.12375,90698.2377489987
B19049_004,2019,Utah,49,Median household income ,Householder 45 to 64 years,89352,984,331.12375,107841.44540571314
B19049_005,2019,Utah,49,Median household income ,Householder 65 years and over,53720,710,331.12375,64836.18102778796
B19049_001,2019,Vermont,50,Median household income ,All,61973,662,331.12375,74796.95917414562
B19049_002,2019,Vermont,50,Median household income ,Householder under 25 years,33216,2361,331.12375,40089.32593110583
B19049_003,2019,Vermont,50,Median household income ,Householder 25 to 44 years,69923,1522,331.12375,84392.0380864858
B19049_004,2019,Vermont,50,Median household income ,Householder 45 to 64 years,73722,1268,331.12375,88977.15818560284
B19049_005,2019,Vermont,50,Median household income ,Householder 65 years and over,45746,971,331.12375,55212.135839486
B19049_001,2019,Virginia,51,Median household income ,All,74222,341,331.12375,89580.62226813995
B19049_002,2019,Virginia,51,Median household income ,Householder under 25 years,36933,1256,331.12375,44575.47792068676
B19049_003,2019,Virginia,51,Median household income ,Householder 25 to 44 years,79860,620,331.12375,96385.2832628285
B19049_004,2019,Virginia,51,Median household income ,Householder 45 to 64 years,90176,590,331.12375,108835.95421373431
B19049_005,2019,Virginia,51,Median household income ,Householder 65 years and over,53323,442,331.12375,64357.03054625349
B19049_001,2019,Washington,53,Median household income ,All,73775,298,331.12375,89041.12537835176
B19049_002,2019,Washington,53,Median household income ,Householder under 25 years,41147,849,331.12375,49661.47320830959
B19049_003,2019,Washington,53,Median household income ,Householder 25 to 44 years,81992,481,331.12375,98958.45411076676
B19049_004,2019,Washington,53,Median household income ,Householder 45 to 64 years,89139,673,331.12375,107584.36970655233
B19049_005,2019,Washington,53,Median household income ,Householder 65 years and over,52100,380,331.12375,62880.9574003677
B19049_001,2019,West Virginia,54,Median household income ,All,46711,492,331.12375,56376.82151878264
B19049_002,2019,West Virginia,54,Median household income ,Householder under 25 years,25329,1782,331.12375,30570.283493165327
B19049_003,2019,West Virginia,54,Median household income ,Householder 25 to 44 years,54660,1012,331.12375,65970.69350295774
B19049_004,2019,West Virginia,54,Median household income ,Householder 45 to 64 years,54146,860,331.12375,65350.332426109584
B19049_005,2019,West Virginia,54,Median household income ,Householder 65 years and over,37240,499,331.12375,44946.00486736455
B19049_001,2019,Wisconsin,55,Median household income ,All,61747,204,331.12375,74524.19340883885
B19049_002,2019,Wisconsin,55,Median household income ,Householder under 25 years,33889,788,331.12375,40901.588586200785
B19049_003,2019,Wisconsin,55,Median household income ,Householder 25 to 44 years,69983,447,331.12375,84464.45377639026
B19049_004,2019,Wisconsin,55,Median household income ,Householder 45 to 64 years,76098,426,331.12375,91844.81950581922
B19049_005,2019,Wisconsin,55,Median household income ,Householder 65 years and over,42486,292,331.12375,51277.550021343995
B19049_001,2019,Wyoming,56,Median household income ,All,64049,707,331.12375,77302.54204483975
B19049_002,2019,Wyoming,56,Median household income ,Householder under 25 years,31786,2418,331.12375,38363.41865504967
B19049_003,2019,Wyoming,56,Median household income ,Householder 25 to 44 years,73705,1455,331.12375,88956.64040679656
B19049_004,2019,Wyoming,56,Median household income ,Householder 45 to 64 years,77316,1769,331.12375,93314.85801087963
B19049_005,2019,Wyoming,56,Median household income ,Householder 65 years and over,45227,1124,331.12375,54585.74012181247
B19049_001,2019,Puerto Rico,72,Median household income ,All,20539,185,331.12375,24789.097582459734
B19049_002,2019,Puerto Rico,72,Median household income ,Householder under 25 years,6614,646,331.12375,7982.622883800997
B19049_003,2019,Puerto Rico,72,Median household income ,Householder 25 to 44 years,22684,468,331.12375,27377.95849654397
B19049_004,2019,Puerto Rico,72,Median household income ,Householder 45 to 64 years,24247,374,331.12375,29264.387218555003
B19049_005,2019,Puerto Rico,72,Median household income ,Householder 65 years and over,17450,206,331.12375,21060.89648054542
B19049_001,2020,Alabama,01,Median household income ,All,52035,377,341.46775,60900.04590565287
B19049_002,2020,Alabama,01,Median household income ,Householder under 25 years,25255,904,341.46775,29557.61812909125
B19049_003,2020,Alabama,01,Median household income ,Householder 25 to 44 years,56666,616,341.46775,66320.01539905305
B19049_004,2020,Alabama,01,Median household income ,Householder 45 to 64 years,62633,761,341.46775,73303.59518033547
B19049_005,2020,Alabama,01,Median household income ,Householder 65 years and over,40419,539,341.46775,47305.06304334743
B19049_001,2020,Alaska,02,Median household income ,All,77790,1134,341.46775,91042.84752571801
B19049_002,2020,Alaska,02,Median household income ,Householder under 25 years,45806,2895,341.46775,53609.82997510013
B19049_003,2020,Alaska,02,Median household income ,Householder 25 to 44 years,82116,2102,341.46775,96105.85508962412
B19049_004,2020,Alaska,02,Median household income ,Householder 45 to 64 years,93859,1906,341.46775,109849.47455863694
B19049_005,2020,Alaska,02,Median household income ,Householder 65 years and over,61223,1337,341.46775,71653.3777357891
B19049_001,2020,Arizona,04,Median household income ,All,61529,286,341.46775,72011.51003226511
B19049_002,2020,Arizona,04,Median household income ,Householder under 25 years,36852,1080,341.46775,43130.36401873969
B19049_003,2020,Arizona,04,Median household income ,Householder 25 to 44 years,67184,617,341.46775,78629.93531517983
B19049_004,2020,Arizona,04,Median household income ,Householder 45 to 64 years,73647,782,341.46775,86194.01711950835
B19049_005,2020,Arizona,04,Median household income ,Householder 65 years and over,48964,518,341.46775,57305.84890409123
B19049_001,2020,Arkansas,05,Median household income ,All,49475,431,341.46775,57903.90643186655
B19049_002,2020,Arkansas,05,Median household income ,Householder under 25 years,30278,1069,341.46775,35436.371479414964
B19049_003,2020,Arkansas,05,Median household income ,Householder 25 to 44 years,54906,894,341.46775,64260.169510824955
B19049_004,2020,Arkansas,05,Median household income ,Householder 45 to 64 years,57648,914,341.46775,67469.31577532577
B19049_005,2020,Arkansas,05,Median household income ,Householder 65 years and over,38417,518,341.46775,44961.98834548797
B19049_001,2020,California,06,Median household income ,All,78672,270,341.46775,92075.11120379595
B19049_002,2020,California,06,Median household income ,Householder under 25 years,41045,544,341.46775,48037.71277404674
B19049_003,2020,California,06,Median household income ,Householder 25 to 44 years,84076,424,341.46775,98399.77437424178
B19049_004,2020,California,06,Median household income ,Householder 45 to 64 years,92828,416,341.46775,108642.82620024878
B19049_005,2020,California,06,Median household income ,Householder 65 years and over,57034,328,341.46775,66750.71044840984
B19049_001,2020,Colorado,08,Median household income ,All,75231,379,341.46775,88047.87841891363
B19049_002,2020,Colorado,08,Median household income ,Householder under 25 years,39484,806,341.46775,46210.76991522625
B19049_003,2020,Colorado,08,Median household income ,Householder 25 to 44 years,81237,616,341.46775,95077.10251249203
B19049_004,2020,Colorado,08,Median household income ,Householder 45 to 64 years,90347,879,341.46775,105739.14571803632
B19049_005,2020,Colorado,08,Median household income ,Householder 65 years and over,54544,697,341.46775,63836.49666335986
B19049_001,2020,Connecticut,09,Median household income ,All,79855,587,341.46775,93459.65534344019
B19049_002,2020,Connecticut,09,Median household income ,Householder under 25 years,41337,1711,341.46775,48379.45993277549
B19049_003,2020,Connecticut,09,Median household income ,Householder 25 to 44 years,83465,1278,341.46775,97684.68014827168
B19049_004,2020,Connecticut,09,Median household income ,Householder 45 to 64 years,99541,1178,341.46775,116499.49975006423
B19049_005,2020,Connecticut,09,Median household income ,Householder 65 years and over,57408,910,341.46775,67188.4276996583
B19049_001,2020,Delaware,10,Median household income ,All,69110,1112,341.46775,80884.06212241125
B19049_002,2020,Delaware,10,Median household income ,Householder under 25 years,34130,1699,341.46775,39944.625093877825
B19049_003,2020,Delaware,10,Median household income ,Householder 25 to 44 years,71552,1536,341.46775,83742.09829232775
B19049_004,2020,Delaware,10,Median household income ,Householder 45 to 64 years,83619,1593,341.46775,97864.91666349163
B19049_005,2020,Delaware,10,Median household income ,Householder 65 years and over,56135,1305,341.46775,65698.55053163879
B19049_001,2020,District of Columbia,11,Median household income ,All,90842,1580,341.46775,106318.47737410048
B19049_002,2020,District of Columbia,11,Median household income ,Householder under 25 years,44256,3352,341.46775,51795.76115308107
B19049_003,2020,District of Columbia,11,Median household income ,Householder 25 to 44 years,105346,2590,341.46775,123293.48008027111
B19049_004,2020,District of Columbia,11,Median household income ,Householder 45 to 64 years,99304,4540,341.46775,116222.1227753426
B19049_005,2020,District of Columbia,11,Median household income ,Householder 65 years and over,59428,3325,341.46775,69552.56900319282
B19049_001,2020,Florida,12,Median household income ,All,57703,269,341.46775,67533.6859593329
B19049_002,2020,Florida,12,Median household income ,Householder under 25 years,33820,814,341.46775,39581.81132947401
B19049_003,2020,Florida,12,Median household income ,Householder 25 to 44 years,62440,433,341.46775,73077.71435281954
B19049_004,2020,Florida,12,Median household income ,Householder 45 to 64 years,68016,525,341.46775,79603.68064416038
B19049_005,2020,Florida,12,Median household income ,Householder 65 years and over,46182,318,341.46775,54049.887960312495
B19049_001,2020,Georgia,13,Median household income ,All,61224,306,341.46775,71654.54810277105
B19049_002,2020,Georgia,13,Median household income ,Householder under 25 years,33271,1109,341.46775,38939.279856384674
B19049_003,2020,Georgia,13,Median household income ,Householder 25 to 44 years,64797,685,341.46775,75836.26932927048
B19049_004,2020,Georgia,13,Median household income ,Householder 45 to 64 years,73645,651,341.46775,86191.67638554446
B19049_005,2020,Georgia,13,Median household income ,Householder 65 years and over,45171,467,341.46775,52866.64694156329
B19049_001,2020,Hawaii,15,Median household income ,All,83173,983,341.46775,97342.93298954293
B19049_002,2020,Hawaii,15,Median household income ,Householder under 25 years,45684,3258,341.46775,53467.0452033025
B19049_003,2020,Hawaii,15,Median household income ,Householder 25 to 44 years,84603,1732,341.46775,99016.55777372826
B19049_004,2020,Hawaii,15,Median household income ,Householder 45 to 64 years,97101,1483,341.46775,113643.80431411165
B19049_005,2020,Hawaii,15,Median household income ,Householder 65 years and over,71086,1587,341.46775,83196.70727874008
B19049_001,2020,Idaho,16,Median household income ,All,58915,599,341.46775,68952.17074145362
B19049_002,2020,Idaho,16,Median household income ,Householder under 25 years,33344,1879,341.46775,39024.71664606687
B19049_003,2020,Idaho,16,Median household income ,Householder 25 to 44 years,65302,893,341.46775,76427.3046551541
B19049_004,2020,Idaho,16,Median household income ,Householder 45 to 64 years,69677,1304,341.46775,81547.66020117565
B19049_005,2020,Idaho,16,Median household income ,Householder 65 years and over,45216,1005,341.46775,52919.31345575094
B19049_001,2020,Illinois,17,Median household income ,All,68428,267,341.46775,80085.87184072287
B19049_002,2020,Illinois,17,Median household income ,Householder under 25 years,32544,693,341.46775,38088.42306050864
B19049_003,2020,Illinois,17,Median household income ,Householder 25 to 44 years,75867,457,341.46775,88792.23181943243
B19049_004,2020,Illinois,17,Median household income ,Householder 45 to 64 years,83485,502,341.46775,97708.08748791064
B19049_005,2020,Illinois,17,Median household income ,Householder 65 years and over,48066,378,341.46775,56254.85935430212
B19049_001,2020,Indiana,18,Median household income ,All,58235,305,341.46775,68156.32119372912
B19049_002,2020,Indiana,18,Median household income ,Householder under 25 years,31485,748,341.46775,36849.004426625936
B19049_003,2020,Indiana,18,Median household income ,Householder 25 to 44 years,64341,587,341.46775,75302.58198550229
B19049_004,2020,Indiana,18,Median household income ,Householder 45 to 64 years,71556,555,341.46775,83746.77976025554
B19049_005,2020,Indiana,18,Median household income ,Householder 65 years and over,43251,411,341.46775,50619.542336223545
B19049_001,2020,Iowa,19,Median household income ,All,61836,294,341.46775,72370.81269572309
B19049_002,2020,Iowa,19,Median household income ,Householder under 25 years,35662,1176,341.46775,41737.627310221826
B19049_003,2020,Iowa,19,Median household income ,Householder 25 to 44 years,70785,769,341.46775,82844.4268171738
B19049_004,2020,Iowa,19,Median household income ,Householder 45 to 64 years,76234,564,341.46775,89221.75650180726
B19049_005,2020,Iowa,19,Median household income ,Householder 65 years and over,44441,540,341.46775,52012.27904474141
B19049_001,2020,Kansas,20,Median household income ,All,61091,354,341.46775,71498.889294172
B19049_002,2020,Kansas,20,Median household income ,Householder under 25 years,34184,1041,341.46775,40007.824910903
B19049_003,2020,Kansas,20,Median household income ,Householder 25 to 44 years,67765,921,341.46775,79309.9185316915
B19049_004,2020,Kansas,20,Median household income ,Householder 45 to 64 years,74733,839,341.46775,87465.03566190365
B19049_005,2020,Kansas,20,Median household income ,Householder 65 years and over,45777,641,341.46775,53575.88933262365
B19049_001,2020,Kentucky,21,Median household income ,All,52238,300,341.46775,61137.630402988274
B19049_002,2020,Kentucky,21,Median household income ,Householder under 25 years,30975,945,341.46775,36252.11726583257
B19049_003,2020,Kentucky,21,Median household income ,Householder 25 to 44 years,60629,587,341.46775,70958.17974851212
B19049_004,2020,Kentucky,21,Median household income ,Householder 45 to 64 years,61430,654,341.46775,71895.6437010523
B19049_005,2020,Kentucky,21,Median household income ,Householder 65 years and over,39202,488,341.46775,45880.72642631698
B19049_001,2020,Louisiana,22,Median household income ,All,50800,360,341.46775,59454.64268294736
B19049_002,2020,Louisiana,22,Median household income ,Householder under 25 years,27228,1438,341.46775,31866.752184474226
B19049_003,2020,Louisiana,22,Median household income ,Householder 25 to 44 years,57317,918,341.46775,67081.92430430106
B19049_004,2020,Louisiana,22,Median household income ,Householder 45 to 64 years,59260,841,341.46775,69355.9473502256
B19049_005,2020,Louisiana,22,Median household income ,Householder 65 years and over,39523,879,341.46775,46256.41422752221
B19049_001,2020,Maine,23,Median household income ,All,59489,682,341.46775,69623.96138909164
B19049_002,2020,Maine,23,Median household income ,Householder under 25 years,38581,2569,341.46775,45153.9285305274
B19049_003,2020,Maine,23,Median household income ,Householder 25 to 44 years,69747,1314,341.46775,81629.58588991199
B19049_004,2020,Maine,23,Median household income ,Householder 45 to 64 years,70803,997,341.46775,82865.49342284886
B19049_005,2020,Maine,23,Median household income ,Householder 65 years and over,43065,869,341.46775,50401.85407758126
B19049_001,2020,Maryland,24,Median household income ,All,87063,391,341.46775,101895.6605493198
B19049_002,2020,Maryland,24,Median household income ,Householder under 25 years,42903,1700,341.46775,50212.25462650572
B19049_003,2020,Maryland,24,Median household income ,Householder 25 to 44 years,90255,740,341.46775,105631.47195569712
B19049_004,2020,Maryland,24,Median household income ,Householder 45 to 64 years,105895,704,341.46775,123936.01155336044
B19049_005,2020,Maryland,24,Median household income ,Householder 65 years and over,62017,800,341.46775,72582.64911945564
B19049_001,2020,Massachusetts,25,Median household income ,All,84385,511,341.46775,98761.41777166363
B19049_002,2020,Massachusetts,25,Median household income ,Householder under 25 years,44222,1787,341.46775,51755.96867569484
B19049_003,2020,Massachusetts,25,Median household income ,Householder 25 to 44 years,96311,756,341.46775,112719.21439837289
B19049_004,2020,Massachusetts,25,Median household income ,Householder 45 to 64 years,103973,894,341.46775,121686.5662140568
B19049_005,2020,Massachusetts,25,Median household income ,Householder 65 years and over,52973,631,341.46775,61997.85013471989
B19049_001,2020,Michigan,26,Median household income ,All,59234,218,341.46775,69325.51780869496
B19049_002,2020,Michigan,26,Median household income ,Householder under 25 years,32488,637,341.46775,38022.882509519564
B19049_003,2020,Michigan,26,Median household income ,Householder 25 to 44 years,65769,509,341.46775,76973.86603572372
B19049_004,2020,Michigan,26,Median household income ,Householder 45 to 64 years,72267,395,341.46775,84578.9106844204
B19049_005,2020,Michigan,26,Median household income ,Householder 65 years and over,45142,307,341.46775,52832.70629908681
B19049_001,2020,Minnesota,27,Median household income ,All,73382,297,341.46775,85883.86986929219
B19049_002,2020,Minnesota,27,Median household income ,Householder under 25 years,40813,847,341.46775,47766.187634234855
B19049_003,2020,Minnesota,27,Median household income ,Householder 25 to 44 years,83759,616,341.46775,98028.76804096432
B19049_004,2020,Minnesota,27,Median household income ,Householder 45 to 64 years,90158,582,341.46775,105517.94635844819
B19049_005,2020,Minnesota,27,Median household income ,Householder 65 years and over,49601,392,341.46775,58051.37267159197
B19049_001,2020,Mississippi,28,Median household income ,All,46511,373,341.46775,54434.93869737332
B19049_002,2020,Mississippi,28,Median household income ,Householder under 25 years,25854,1278,341.46775,30258.667951277974
B19049_003,2020,Mississippi,28,Median household income ,Householder 25 to 44 years,50688,790,341.46775,59323.56158096921
B19049_004,2020,Mississippi,28,Median household income ,Householder 45 to 64 years,54159,713,341.46775,63385.90537530996
B19049_005,2020,Mississippi,28,Median household income ,Householder 65 years and over,36653,732,341.46775,42897.46098933208
B19049_001,2020,Missouri,29,Median household income ,All,57290,288,341.46775,67050.32439578847
B19049_002,2020,Missouri,29,Median household income ,Householder under 25 years,31485,709,341.46775,36849.004426625936
B19049_003,2020,Missouri,29,Median household income ,Householder 25 to 44 years,65496,578,341.46775,76654.35584965197
B19049_004,2020,Missouri,29,Median household income ,Householder 45 to 64 years,68158,688,341.46775,79769.87275559697
B19049_005,2020,Missouri,29,Median household income ,Householder 65 years and over,42839,393,341.46775,50137.35113966106
B19049_001,2020,Montana,30,Median household income ,All,56539,637,341.46775,66171.37879234568
B19049_002,2020,Montana,30,Median household income ,Householder under 25 years,30779,1627,341.46775,36022.7253373708
B19049_003,2020,Montana,30,Median household income ,Householder 25 to 44 years,65365,1301,341.46775,76501.03777501681
B19049_004,2020,Montana,30,Median household income ,Householder 45 to 64 years,66189,1346,341.46775,77465.42016814179
B19049_005,2020,Montana,30,Median household income ,Householder 65 years and over,44118,1239,341.46775,51634.25050957227
B19049_001,2020,Nebraska,31,Median household income ,All,63015,563,341.46775,73750.67536743953
B19049_002,2020,Nebraska,31,Median household income ,Householder under 25 years,35184,1305,341.46775,41178.19189285079
B19049_003,2020,Nebraska,31,Median household income ,Householder 25 to 44 years,70839,838,341.46775,82907.62663419897
B19049_004,2020,Nebraska,31,Median household income ,Householder 45 to 64 years,76594,825,341.46775,89643.08861530847
B19049_005,2020,Nebraska,31,Median household income ,Householder 65 years and over,46268,696,341.46775,54150.53952076001
B19049_001,2020,Nevada,32,Median household income ,All,62043,445,341.46775,72613.07866098628
B19049_002,2020,Nevada,32,Median household income ,Householder under 25 years,39384,1404,341.46775,46093.73321703147
B19049_003,2020,Nevada,32,Median household income ,Householder 25 to 44 years,64927,910,341.46775,75988.41703692368
B19049_004,2020,Nevada,32,Median household income ,Householder 45 to 64 years,72677,1020,341.46775,85058.761147019
B19049_005,2020,Nevada,32,Median household income ,Householder 65 years and over,49276,762,341.46775,57671.00340245894
B19049_001,2020,New Hampshire,33,Median household income ,All,77923,846,341.46775,91198.50633431706
B19049_002,2020,New Hampshire,33,Median household income ,Householder under 25 years,45888,3590,341.46775,53705.80006761985
B19049_003,2020,New Hampshire,33,Median household income ,Householder 25 to 44 years,86516,1420,341.46775,101255.46981019436
B19049_004,2020,New Hampshire,33,Median household income ,Householder 45 to 64 years,94746,1366,341.46775,110887.59007162461
B19049_005,2020,New Hampshire,33,Median household income ,Householder 65 years and over,53391,1221,341.46775,62487.06353317406
B19049_001,2020,New Jersey,34,Median household income ,All,85245,402,341.46775,99767.93337613874
B19049_002,2020,New Jersey,34,Median household income ,Householder under 25 years,40289,2138,341.46775,47152.91533569422
B19049_003,2020,New Jersey,34,Median household income ,Householder 25 to 44 years,92514,778,341.46775,108275.33096791717
B19049_004,2020,New Jersey,34,Median household income ,Householder 45 to 64 years,104297,738,341.46775,122065.76511620788
B19049_005,2020,New Jersey,34,Median household income ,Householder 65 years and over,57159,532,341.46775,66897.00632115331
B19049_001,2020,New Mexico,35,Median household income ,All,51243,514,341.46775,59973.11525595023
B19049_002,2020,New Mexico,35,Median household income ,Householder under 25 years,28881,1861,341.46775,33801.36880563391
B19049_003,2020,New Mexico,35,Median household income ,Householder 25 to 44 years,55218,1243,341.46775,64625.324009192664
B19049_004,2020,New Mexico,35,Median household income ,Householder 45 to 64 years,59285,1058,341.46775,69385.2065247743
B19049_005,2020,New Mexico,35,Median household income ,Householder 65 years and over,42947,786,341.46775,50263.75077371142
B19049_001,2020,New York,36,Median household income ,All,71117,266,341.46775,83232.98865518047
B19049_002,2020,New York,36,Median household income ,Householder under 25 years,36514,954,341.46775,42734.77997884134
B19049_003,2020,New York,36,Median household income ,Householder 25 to 44 years,81159,501,341.46775,94985.81388790009
B19049_004,2020,New York,36,Median household income ,Householder 45 to 64 years,84446,503,341.46775,98832.81015756246
B19049_005,2020,New York,36,Median household income ,Householder 65 years and over,48539,348,341.46775,56808.44293676342
B19049_001,2020,North Carolina,37,Median household income ,All,56642,280,341.46775,66291.9265914863
B19049_002,2020,North Carolina,37,Median household income ,Householder under 25 years,32919,807,341.46775,38527.31067873906
B19049_003,2020,North Carolina,37,Median household income ,Householder 25 to 44 years,61872,480,341.46775,72412.94590707321
B19049_004,2020,North Carolina,37,Median household income ,Householder 45 to 64 years,67560,552,341.46775,79069.99330039219
B19049_005,2020,North Carolina,37,Median household income ,Householder 65 years and over,42739,349,341.46775,50020.31444146628
B19049_001,2020,North Dakota,38,Median household income ,All,65315,840,341.46775,76442.51942591942
B19049_002,2020,North Dakota,38,Median household income ,Householder under 25 years,38725,3323,341.46775,45322.46137592788
B19049_003,2020,North Dakota,38,Median household income ,Householder 25 to 44 years,74093,1636,341.46775,86716.00079345706
B19049_004,2020,North Dakota,38,Median household income ,Householder 45 to 64 years,81860,1277,341.46775,95806.24114224549
B19049_005,2020,North Dakota,38,Median household income ,Householder 65 years and over,45849,1330,341.46775,53660.15575532389
B19049_001,2020,Ohio,39,Median household income ,All,58116,228,341.46775,68017.04752287734
B19049_002,2020,Ohio,39,Median household income ,Householder under 25 years,32336,605,341.46775,37844.9867282635
B19049_003,2020,Ohio,39,Median household income ,Householder 25 to 44 years,64709,459,341.46775,75733.27703485907
B19049_004,2020,Ohio,39,Median household income ,Householder 45 to 64 years,70764,416,341.46775,82819.8491105529
B19049_005,2020,Ohio,39,Median household income ,Householder 65 years and over,43386,267,341.46775,50777.5418787865
B19049_001,2020,Oklahoma,40,Median household income ,All,53840,375,341.46775,63012.55830806862
B19049_002,2020,Oklahoma,40,Median household income ,Householder under 25 years,31349,786,341.46775,36689.834517081035
B19049_003,2020,Oklahoma,40,Median household income ,Householder 25 to 44 years,59718,642,341.46775,69891.97542795769
B19049_004,2020,Oklahoma,40,Median household income ,Householder 45 to 64 years,63878,661,341.46775,74760.70207286045
B19049_005,2020,Oklahoma,40,Median household income ,Householder 65 years and over,43658,804,341.46775,51095.8816978763
B19049_001,2020,Oregon,41,Median household income ,All,65667,390,341.46775,76854.48860356504
B19049_002,2020,Oregon,41,Median household income ,Householder under 25 years,35884,1698,341.46775,41997.44878021423
B19049_003,2020,Oregon,41,Median household income ,Householder 25 to 44 years,73810,760,341.46775,86384.78693756583
B19049_004,2020,Oregon,41,Median household income ,Householder 45 to 64 years,78147,858,341.46775,91460.66853827337
B19049_005,2020,Oregon,41,Median household income ,Householder 65 years and over,49708,663,341.46775,58176.60193866038
B19049_001,2020,Pennsylvania,42,Median household income ,All,63627,256,341.46775,74466.93996039157
B19049_002,2020,Pennsylvania,42,Median household income ,Householder under 25 years,32905,729,341.46775,38510.92554099179
B19049_003,2020,Pennsylvania,42,Median household income ,Householder 25 to 44 years,73230,555,341.46775,85705.97408803612
B19049_004,2020,Pennsylvania,42,Median household income ,Householder 45 to 64 years,78215,470,341.46775,91540.25349304582
B19049_005,2020,Pennsylvania,42,Median household income ,Householder 65 years and over,44143,278,341.46775,51663.50968412097
B19049_001,2020,Rhode Island,44,Median household income ,All,70305,949,341.46775,82282.65066583885
B19049_002,2020,Rhode Island,44,Median household income ,Householder under 25 years,31344,5595,341.46775,36683.9826821713
B19049_003,2020,Rhode Island,44,Median household income ,Householder 25 to 44 years,74724,1753,341.46775,87454.50235906611
B19049_004,2020,Rhode Island,44,Median household income ,Householder 45 to 64 years,85936,1908,341.46775,100576.65696066465
B19049_005,2020,Rhode Island,44,Median household income ,Householder 65 years and over,47050,1208,341.46775,55065.76650064317
B19049_001,2020,South Carolina,45,Median household income ,All,54864,343,341.46775,64211.014097583145
B19049_002,2020,South Carolina,45,Median household income ,Householder under 25 years,30987,1137,341.46775,36266.16166961594
B19049_003,2020,South Carolina,45,Median household income ,Householder 25 to 44 years,60452,611,341.46775,70751.02479270735
B19049_004,2020,South Carolina,45,Median household income ,Householder 45 to 64 years,64299,680,341.46775,75253.42657226048
B19049_005,2020,South Carolina,45,Median household income ,Householder 65 years and over,43822,553,341.46775,51287.821882915734
B19049_001,2020,South Dakota,46,Median household income ,All,59896,725,341.46775,70100.30075074438
B19049_002,2020,South Dakota,46,Median household income ,Householder under 25 years,34766,2166,341.46775,40688.978494396615
B19049_003,2020,South Dakota,46,Median household income ,Householder 25 to 44 years,68132,1523,341.46775,79739.44321406633
B19049_004,2020,South Dakota,46,Median household income ,Householder 45 to 64 years,71973,1396,341.46775,84234.82279172775
B19049_005,2020,South Dakota,46,Median household income ,Householder 65 years and over,44644,931,341.46775,52249.86354207681
B19049_001,2020,Tennessee,47,Median household income ,All,54833,285,341.46775,64174.73272114277
B19049_002,2020,Tennessee,47,Median household income ,Householder under 25 years,33990,1198,341.46775,39780.773716405136
B19049_003,2020,Tennessee,47,Median household income ,Householder 25 to 44 years,60434,609,341.46775,70729.9581870323
B19049_004,2020,Tennessee,47,Median household income ,Householder 45 to 64 years,64914,644,341.46775,75973.20226615836
B19049_005,2020,Tennessee,47,Median household income ,Householder 65 years and over,42047,385,341.46775,49210.420489958415
B19049_001,2020,Texas,48,Median household income ,All,63826,218,341.46775,74699.84298979917
B19049_002,2020,Texas,48,Median household income ,Householder under 25 years,33040,510,341.46775,38668.925083554735
B19049_003,2020,Texas,48,Median household income ,Householder 25 to 44 years,67635,476,341.46775,79157.77082403828
B19049_004,2020,Texas,48,Median household income ,Householder 45 to 64 years,76623,403,341.46775,89677.02925778495
B19049_005,2020,Texas,48,Median household income ,Householder 65 years and over,47004,323,341.46775,55011.92961947357
B19049_001,2020,Utah,49,Median household income ,All,74197,508,341.46775,86837.71895957964
B19049_002,2020,Utah,49,Median household income ,Householder under 25 years,40500,1146,341.46775,47399.8627688852
B19049_003,2020,Utah,49,Median household income ,Householder 25 to 44 years,78035,997,341.46775,91329.58743629522
B19049_004,2020,Utah,49,Median household income ,Householder 45 to 64 years,92923,1328,341.46775,108754.0110635338
B19049_005,2020,Utah,49,Median household income ,Householder 65 years and over,55560,960,341.46775,65025.5895170188
B19049_001,2020,Vermont,50,Median household income ,All,63477,710,341.46775,74291.3849130994
B19049_002,2020,Vermont,50,Median household income ,Householder under 25 years,34160,2340,341.46775,39979.736103336254
B19049_003,2020,Vermont,50,Median household income ,Householder 25 to 44 years,73502,1910,341.46775,86024.31390712592
B19049_004,2020,Vermont,50,Median household income ,Householder 45 to 64 years,75100,1704,341.46775,87894.56034427848
B19049_005,2020,Vermont,50,Median household income ,Householder 65 years and over,47140,1224,341.46775,55171.09952901847
B19049_001,2020,Virginia,51,Median household income ,All,76398,361,341.46775,89413.6966868467
B19049_002,2020,Virginia,51,Median household income ,Householder under 25 years,38463,1252,341.46775,45015.825226657566
B19049_003,2020,Virginia,51,Median household income ,Householder 25 to 44 years,82453,644,341.46775,96500.26876254052
B19049_004,2020,Virginia,51,Median household income ,Householder 45 to 64 years,93370,765,341.46775,109277.16510446447
B19049_005,2020,Virginia,51,Median household income ,Householder 65 years and over,54826,560,341.46775,64166.54015226913
B19049_001,2020,Washington,53,Median household income ,All,77006,296,341.46775,90125.27981187095
B19049_002,2020,Washington,53,Median household income ,Householder under 25 years,42712,1120,341.46775,49988.714532953694
B19049_003,2020,Washington,53,Median household income ,Householder 25 to 44 years,85782,565,341.46775,100396.42044544469
B19049_004,2020,Washington,53,Median household income ,Householder 45 to 64 years,93563,746,341.46775,109503.04593198039
B19049_005,2020,Washington,53,Median household income ,Householder 65 years and over,54055,534,341.46775,63264.18720918739
B19049_001,2020,West Virginia,54,Median household income ,All,48037,616,341.46775,56220.91871182564
B19049_002,2020,West Virginia,54,Median household income ,Householder under 25 years,26541,1546,341.46775,31062.710067876098
B19049_003,2020,West Virginia,54,Median household income ,Householder 25 to 44 years,56539,1144,341.46775,66171.37879234568
B19049_004,2020,West Virginia,54,Median household income ,Householder 45 to 64 years,56048,1141,341.46775,65596.72860420932
B19049_005,2020,West Virginia,54,Median household income ,Householder 65 years and over,38235,635,341.46775,44748.98155477347
B19049_001,2020,Wisconsin,55,Median household income ,All,63293,303,341.46775,74076.03738842101
B19049_002,2020,Wisconsin,55,Median household income ,Householder under 25 years,35550,746,341.46775,41606.54620824367
B19049_003,2020,Wisconsin,55,Median household income ,Householder 25 to 44 years,71783,498,341.46775,84012.45306515768
B19049_004,2020,Wisconsin,55,Median household income ,Householder 45 to 64 years,77690,510,341.46775,90925.81082752324
B19049_005,2020,Wisconsin,55,Median household income ,Householder 65 years and over,44123,435,341.46775,51640.10234448202
B19049_001,2020,Wyoming,56,Median household income ,All,65304,1056,341.46775,76429.645389118
B19049_002,2020,Wyoming,56,Median household income ,Householder under 25 years,31642,2787,341.46775,37032.75204279174
B19049_003,2020,Wyoming,56,Median household income ,Householder 25 to 44 years,75858,1556,341.46775,88781.6985165949
B19049_004,2020,Wyoming,56,Median household income ,Householder 45 to 64 years,78584,2239,341.46775,91972.11890938455
B19049_005,2020,Wyoming,56,Median household income ,Householder 65 years and over,47223,1565,341.46775,55268.23998852014
B19049_001,2020,Puerto Rico,72,Median household income ,All,21058,186,341.46775,24645.587905856406
B19049_002,2020,Puerto Rico,72,Median household income ,Householder under 25 years,7256,785,341.46775,8492.182821013112
B19049_003,2020,Puerto Rico,72,Median household income ,Householder 25 to 44 years,23126,594,341.46775,27065.906824524423
B19049_004,2020,Puerto Rico,72,Median household income ,Householder 45 to 64 years,25019,389,341.46775,29281.411521351576
B19049_005,2020,Puerto Rico,72,Median household income ,Householder 65 years and over,17905,219,341.46775,20955.42081177505
B19049_001,2021,Alabama,01,Median household income ,All,54943,377,349.13466666666665,62891.38366744829
B19049_002,2021,Alabama,01,Median household income ,Householder under 25 years,27050,1236,349.13466666666665,30963.215117566862
B19049_003,2021,Alabama,01,Median household income ,Householder 25 to 44 years,59945,906,349.13466666666665,68617.00296571333
B19049_004,2021,Alabama,01,Median household income ,Householder 45 to 64 years,66253,786,349.13466666666665,75837.55605117034
B19049_005,2021,Alabama,01,Median household income ,Householder 65 years and over,42673,577,349.13466666666665,48846.331930200766
B19049_001,2021,Alaska,02,Median household income ,All,80287,1113,349.13466666666665,91901.79860052092
B19049_002,2021,Alaska,02,Median household income ,Householder under 25 years,44078,3362,349.13466666666665,50454.587650725036
B19049_003,2021,Alaska,02,Median household income ,Householder 25 to 44 years,86218,1988,349.13466666666665,98690.81260652051
B19049_004,2021,Alaska,02,Median household income ,Householder 45 to 64 years,95393,2336,349.13466666666665,109193.12309464162
B19049_005,2021,Alaska,02,Median household income ,Householder 65 years and over,62935,1685,349.13466666666665,72039.5542855479
B19049_001,2021,Arizona,04,Median household income ,All,65913,387,349.13466666666665,75448.3696134634
B19049_002,2021,Arizona,04,Median household income ,Householder under 25 years,39880,878,349.13466666666665,45649.27981103758
B19049_003,2021,Arizona,04,Median household income ,Householder 25 to 44 years,72443,718,349.13466666666665,82923.03854942316
B19049_004,2021,Arizona,04,Median household income ,Householder 45 to 64 years,79030,823,349.13466666666665,90462.9534469985
B19049_005,2021,Arizona,04,Median household income ,Householder 65 years and over,52250,516,349.13466666666665,59808.79814761067
B19049_001,2021,Arkansas,05,Median household income ,All,52123,458,349.13466666666665,59663.425566467195
B19049_002,2021,Arkansas,05,Median household income ,Householder under 25 years,31919,920,349.13466666666665,36536.5938387289
B19049_003,2021,Arkansas,05,Median household income ,Householder 25 to 44 years,58410,761,349.13466666666665,66859.94066606583
B19049_004,2021,Arkansas,05,Median household income ,Householder 45 to 64 years,60778,830,349.13466666666665,69570.50973809534
B19049_005,2021,Arkansas,05,Median household income ,Householder 65 years and over,40259,649,349.13466666666665,46083.10822248149
B19049_001,2021,California,06,Median household income ,All,84097,236,349.13466666666665,96262.97603482516
B19049_002,2021,California,06,Median household income ,Householder under 25 years,44205,675,349.13466666666665,50599.960231868514
B19049_003,2021,California,06,Median household income ,Householder 25 to 44 years,90138,445,349.13466666666665,103177.90330008288
B19049_004,2021,California,06,Median household income ,Householder 45 to 64 years,98785,439,349.13466666666665,113075.83014376498
B19049_005,2021,California,06,Median household income ,Householder 65 years and over,60832,350,349.13466666666665,69632.32170173114
B19049_001,2021,Colorado,08,Median household income ,All,80184,450,349.13466666666665,91783.89800321558
B19049_002,2021,Colorado,08,Median household income ,Householder under 25 years,43365,1219,349.13466666666665,49638.440797533716
B19049_003,2021,Colorado,08,Median household income ,Householder 25 to 44 years,87239,718,349.13466666666665,99859.51658563458
B19049_004,2021,Colorado,08,Median household income ,Householder 45 to 64 years,96439,851,349.13466666666665,110390.44372358709
B19049_005,2021,Colorado,08,Median household income ,Householder 65 years and over,58270,740,349.13466666666665,66699.68742701002
B19049_001,2021,Connecticut,09,Median household income ,All,83572,568,349.13466666666665,95662.0263883659
B19049_002,2021,Connecticut,09,Median household income ,Householder under 25 years,42038,1626,349.13466666666665,48119.4690244834
B19049_003,2021,Connecticut,09,Median household income ,Householder 25 to 44 years,87411,1106,349.13466666666665,100056.39913647457
B19049_004,2021,Connecticut,09,Median household income ,Householder 45 to 64 years,104155,1333,349.13466666666665,119222.68652754813
B19049_005,2021,Connecticut,09,Median household income ,Householder 65 years and over,60256,795,349.13466666666665,68972.99408961585
B19049_001,2021,Delaware,10,Median household income ,All,72724,1127,349.13466666666665,83244.68969352801
B19049_002,2021,Delaware,10,Median household income ,Householder under 25 years,36302,1623,349.13466666666665,41553.66488716866
B19049_003,2021,Delaware,10,Median household income ,Householder 25 to 44 years,74893,1990,349.13466666666665,85727.47023289964
B19049_004,2021,Delaware,10,Median household income ,Householder 45 to 64 years,86798,1489,349.13466666666665,99354.71888260882
B19049_005,2021,Delaware,10,Median household income ,Householder 65 years and over,60631,1617,349.13466666666665,69402.24383708675
B19049_001,2021,District of Columbia,11,Median household income ,All,93547,1718,349.13466666666665,107080.06967109158
B19049_002,2021,District of Columbia,11,Median household income ,Householder under 25 years,46853,2324,349.13466666666665,53631.035782009625
B19049_003,2021,District of Columbia,11,Median household income ,Householder 25 to 44 years,109135,2428,349.13466666666665,124923.12317396155
B19049_004,2021,District of Columbia,11,Median household income ,Householder 45 to 64 years,97226,3680,349.13466666666665,111291.29586027934
B19049_005,2021,District of Columbia,11,Median household income ,Householder 65 years and over,64232,3932,349.13466666666665,73524.18607880054
B19049_001,2021,Florida,12,Median household income ,All,61777,263,349.13466666666665,70714.03106535779
B19049_002,2021,Florida,12,Median household income ,Householder under 25 years,36500,1022,349.13466666666665,41780.30875383329
B19049_003,2021,Florida,12,Median household income ,Householder 25 to 44 years,66433,461,349.13466666666665,76043.59592995635
B19049_004,2021,Florida,12,Median household income ,Householder 45 to 64 years,72740,496,349.13466666666665,83263.0043494201
B19049_005,2021,Florida,12,Median household income ,Householder 65 years and over,49257,297,349.13466666666665,56382.81282979634
B19049_001,2021,Georgia,13,Median household income ,All,65030,355,349.13466666666665,74437.6295414186
B19049_002,2021,Georgia,13,Median household income ,Householder under 25 years,36088,1143,349.13466666666665,41308.70636461194
B19049_003,2021,Georgia,13,Median household income ,Householder 25 to 44 years,68527,528,349.13466666666665,78440.5265198338
B19049_004,2021,Georgia,13,Median household income ,Householder 45 to 64 years,78375,596,349.13466666666665,89713.197221416
B19049_005,2021,Georgia,13,Median household income ,Householder 65 years and over,47881,486,349.13466666666665,54807.75242307649
B19049_001,2021,Hawaii,15,Median household income ,All,88005,761,349.13466666666665,100736.33073646846
B19049_002,2021,Hawaii,15,Median household income ,Householder under 25 years,50606,4143,349.13466666666665,57926.96725469829
B19049_003,2021,Hawaii,15,Median household income ,Householder 25 to 44 years,89827,1449,349.13466666666665,102821.91217618035
B19049_004,2021,Hawaii,15,Median household income ,Householder 45 to 64 years,102150,1691,349.13466666666665,116927.63121107043
B19049_005,2021,Hawaii,15,Median household income ,Householder 65 years and over,75602,1734,349.13466666666665,86539.03842211793
B19049_001,2021,Idaho,16,Median household income ,All,63377,614,349.13466666666665,72545.49665456692
B19049_002,2021,Idaho,16,Median household income ,Householder under 25 years,37926,1694,349.13466666666665,43412.60246021593
B19049_003,2021,Idaho,16,Median household income ,Householder 25 to 44 years,70146,1160,349.13466666666665,80293.7407629148
B19049_004,2021,Idaho,16,Median household income ,Householder 45 to 64 years,74721,1332,349.13466666666665,85530.58768205966
B19049_005,2021,Idaho,16,Median household income ,Householder 65 years and over,48649,1040,349.13466666666665,55686.85590589687
B19049_001,2021,Illinois,17,Median household income ,All,72563,319,349.13466666666665,83060.39846861384
B19049_002,2021,Illinois,17,Median household income ,Householder under 25 years,34424,748,349.13466666666665,39403.98215183445
B19049_003,2021,Illinois,17,Median household income ,Householder 25 to 44 years,80059,559,349.13466666666665,91640.81475405862
B19049_004,2021,Illinois,17,Median household income ,Householder 45 to 64 years,87986,566,349.13466666666665,100714.58208259661
B19049_005,2021,Illinois,17,Median household income ,Householder 65 years and over,51237,347,349.13466666666665,58649.25149644264
B19049_001,2021,Indiana,18,Median household income ,All,61944,284,349.13466666666665,70905.19028623149
B19049_002,2021,Indiana,18,Median household income ,Householder under 25 years,32864,1106,349.13466666666665,37618.30320235554
B19049_003,2021,Indiana,18,Median household income ,Householder 25 to 44 years,68146,696,349.13466666666665,78004.40877640339
B19049_004,2021,Indiana,18,Median household income ,Householder 45 to 64 years,75767,719,349.13466666666665,86727.90831100513
B19049_005,2021,Indiana,18,Median household income ,Householder 65 years and over,45864,434,349.13466666666665,52498.961114679725
B19049_001,2021,Iowa,19,Median household income ,All,65429,397,349.13466666666665,74894.35127272762
B19049_002,2021,Iowa,19,Median household income ,Householder under 25 years,38555,1276,349.13466666666665,44132.597369973766
B19049_003,2021,Iowa,19,Median household income ,Householder 25 to 44 years,74654,734,349.13466666666665,85453.89506051152
B19049_004,2021,Iowa,19,Median household income ,Householder 45 to 64 years,79713,771,349.13466666666665,91244.76032039215
B19049_005,2021,Iowa,19,Median household income ,Householder 65 years and over,47401,607,349.13466666666665,54258.31274631375
B19049_001,2021,Kansas,20,Median household income ,All,64521,344,349.13466666666665,73854.99455085145
B19049_002,2021,Kansas,20,Median household income ,Householder under 25 years,35320,1437,349.13466666666665,40429.60288179156
B19049_003,2021,Kansas,20,Median household income ,Householder 25 to 44 years,71976,701,349.13466666666665,82388.47953057275
B19049_004,2021,Kansas,20,Median household income ,Householder 45 to 64 years,78885,1011,349.13466666666665,90296.97687797641
B19049_005,2021,Kansas,20,Median household income ,Householder 65 years and over,49216,489,349.13466666666665,56335.88152407286
B19049_001,2021,Kentucky,21,Median household income ,All,55454,389,349.13466666666665,63476.30799000195
B19049_002,2021,Kentucky,21,Median household income ,Householder under 25 years,32699,1062,349.13466666666665,37429.43331346835
B19049_003,2021,Kentucky,21,Median household income ,Householder 25 to 44 years,64245,735,349.13466666666665,73539.06673671288
B19049_004,2021,Kentucky,21,Median household income ,Householder 45 to 64 years,65022,719,349.13466666666665,74428.47221347256
B19049_005,2021,Kentucky,21,Median household income ,Householder 65 years and over,41677,529,349.13466666666665,47706.244600918086
B19049_001,2021,Louisiana,22,Median household income ,All,53571,378,349.13466666666665,61320.90192470146
B19049_002,2021,Louisiana,22,Median household income ,Householder under 25 years,29032,1543,349.13466666666665,33231.943116199676
B19049_003,2021,Louisiana,22,Median household income ,Householder 25 to 44 years,60800,929,349.13466666666665,69595.69238994697
B19049_004,2021,Louisiana,22,Median household income ,Householder 45 to 64 years,62999,867,349.13466666666665,72112.81290911626
B19049_005,2021,Louisiana,22,Median household income ,Householder 65 years and over,40352,597,349.13466666666665,46189.56215985427
B19049_001,2021,Maine,23,Median household income ,All,63182,651,349.13466666666665,72322.28678588205
B19049_002,2021,Maine,23,Median household income ,Householder under 25 years,41563,1972,349.13466666666665,47575.752677686934
B19049_003,2021,Maine,23,Median household income ,Householder 25 to 44 years,74827,1187,349.13466666666665,85651.92227734475
B19049_004,2021,Maine,23,Median household income ,Householder 45 to 64 years,74619,1222,349.13466666666665,85413.83175074757
B19049_005,2021,Maine,23,Median household income ,Householder 65 years and over,45579,927,349.13466666666665,52172.731306601854
B19049_001,2021,Maryland,24,Median household income ,All,91431,570,349.13466666666665,104657.95642936252
B19049_002,2021,Maryland,24,Median household income ,Householder under 25 years,45559,1946,349.13466666666665,52149.83798673674
B19049_003,2021,Maryland,24,Median household income ,Householder 25 to 44 years,94783,922,349.13466666666665,108494.87683875563
B19049_004,2021,Maryland,24,Median household income ,Householder 45 to 64 years,110664,1024,349.13466666666665,126673.31747764951
B19049_005,2021,Maryland,24,Median household income ,Householder 65 years and over,65655,712,349.13466666666665,75153.04578720342
B19049_001,2021,Massachusetts,25,Median household income ,All,89026,495,349.13466666666665,101905.03471558254
B19049_002,2021,Massachusetts,25,Median household income ,Householder under 25 years,47171,2299,349.13466666666665,53995.03956786494
B19049_003,2021,Massachusetts,25,Median household income ,Householder 25 to 44 years,101601,886,349.13466666666665,116299.20958077305
B19049_004,2021,Massachusetts,25,Median household income ,Householder 45 to 64 years,109641,995,349.13466666666665,125502.32416654893
B19049_005,2021,Massachusetts,25,Median household income ,Householder 65 years and over,56483,518,349.13466666666665,64654.16929706208
B19049_001,2021,Michigan,26,Median household income ,All,63202,242,349.13466666666665,72345.18010574717
B19049_002,2021,Michigan,26,Median household income ,Householder under 25 years,35152,746,349.13466666666665,40237.2989949246
B19049_003,2021,Michigan,26,Median household income ,Householder 25 to 44 years,70251,603,349.13466666666665,80413.93069220665
B19049_004,2021,Michigan,26,Median household income ,Householder 45 to 64 years,76804,513,349.13466666666665,87914.92694601128
B19049_005,2021,Michigan,26,Median household income ,Householder 65 years and over,48046,308,349.13466666666665,54996.62231196368
B19049_001,2021,Minnesota,27,Median household income ,All,77706,350,349.13466666666665,88947.41567192794
B19049_002,2021,Minnesota,27,Median household income ,Householder under 25 years,42756,1130,349.13466666666665,48941.339207640995
B19049_003,2021,Minnesota,27,Median household income ,Householder 25 to 44 years,88800,671,349.13466666666665,101646.34020110675
B19049_004,2021,Minnesota,27,Median household income ,Householder 45 to 64 years,94880,801,349.13466666666665,108605.90944010144
B19049_005,2021,Minnesota,27,Median household income ,Householder 65 years and over,52710,384,349.13466666666665,60335.3445045083
B19049_001,2021,Mississippi,28,Median household income ,All,49111,447,349.13466666666665,56215.691594781005
B19049_002,2021,Mississippi,28,Median household income ,Householder under 25 years,27906,1823,349.13466666666665,31943.04920779375
B19049_003,2021,Mississippi,28,Median household income ,Householder 25 to 44 years,53708,784,349.13466666666665,61477.72116577749
B19049_004,2021,Mississippi,28,Median household income ,Householder 45 to 64 years,57121,959,349.13466666666665,65384.46620075922
B19049_005,2021,Mississippi,28,Median household income ,Householder 65 years and over,38478,682,349.13466666666665,44044.45808849308
B19049_001,2021,Missouri,29,Median household income ,All,61043,316,349.13466666666665,69873.8462263081
B19049_002,2021,Missouri,29,Median household income ,Householder under 25 years,33312,877,349.13466666666665,38131.1135673341
B19049_003,2021,Missouri,29,Median household income ,Householder 25 to 44 years,69318,738,349.13466666666665,79345.95732049907
B19049_004,2021,Missouri,29,Median household income ,Householder 45 to 64 years,72907,657,349.13466666666665,83454.16357029381
B19049_005,2021,Missouri,29,Median household income ,Householder 65 years and over,45364,437,349.13466666666665,51926.62811805188
B19049_001,2021,Montana,30,Median household income ,All,60560,730,349.13466666666665,69320.97255156559
B19049_002,2021,Montana,30,Median household income ,Householder under 25 years,32413,2129,349.13466666666665,37102.05883939722
B19049_003,2021,Montana,30,Median household income ,Householder 25 to 44 years,69192,1458,349.13466666666665,79201.72940534886
B19049_004,2021,Montana,30,Median household income ,Householder 45 to 64 years,71064,1494,349.13466666666665,81344.54414472354
B19049_005,2021,Montana,30,Median household income ,Householder 65 years and over,47015,915,349.13466666666665,53816.47167291705
B19049_001,2021,Nebraska,31,Median household income ,All,66644,429,349.13466666666665,76285.12045453332
B19049_002,2021,Nebraska,31,Median household income ,Householder under 25 years,37748,1152,349.13466666666665,43208.851913416416
B19049_003,2021,Nebraska,31,Median household income ,Householder 25 to 44 years,75033,911,349.13466666666665,85887.72347195544
B19049_004,2021,Nebraska,31,Median household income ,Householder 45 to 64 years,81188,1040,349.13466666666665,92933.14266044431
B19049_005,2021,Nebraska,31,Median household income ,Householder 65 years and over,48639,767,349.13466666666665,55675.409245964314
B19049_001,2021,Nevada,32,Median household income ,All,65686,488,349.13466666666665,75188.53043299435
B19049_002,2021,Nevada,32,Median household income ,Householder under 25 years,42553,1866,349.13466666666665,48708.97201101008
B19049_003,2021,Nevada,32,Median household income ,Householder 25 to 44 years,68980,1026,349.13466666666665,78959.06021477864
B19049_004,2021,Nevada,32,Median household income ,Householder 45 to 64 years,76889,1045,349.13466666666665,88012.22355543803
B19049_005,2021,Nevada,32,Median household income ,Householder 65 years and over,51989,787,349.13466666666665,59510.04032337093
B19049_001,2021,New Hampshire,33,Median household income ,All,83449,773,349.13466666666665,95521.23247119546
B19049_002,2021,New Hampshire,33,Median household income ,Householder under 25 years,52926,2608,349.13466666666665,60582.59235905153
B19049_003,2021,New Hampshire,33,Median household income ,Householder 25 to 44 years,92836,1556,349.13466666666665,106266.21214988678
B19049_004,2021,New Hampshire,33,Median household income ,Householder 45 to 64 years,101817,1757,349.13466666666665,116546.45743531628
B19049_005,2021,New Hampshire,33,Median household income ,Householder 65 years and over,56845,1216,349.13466666666665,65068.53838662064
B19049_001,2021,New Jersey,34,Median household income ,All,89703,507,349.13466666666665,102679.97359301665
B19049_002,2021,New Jersey,34,Median household income ,Householder under 25 years,42764,1857,349.13466666666665,48950.49653558704
B19049_003,2021,New Jersey,34,Median household income ,Householder 25 to 44 years,97523,953,349.13466666666665,111631.26166027627
B19049_004,2021,New Jersey,34,Median household income ,Householder 45 to 64 years,108974,862,349.13466666666665,124738.83194904737
B19049_005,2021,New Jersey,34,Median household income ,Householder 65 years and over,60697,576,349.13466666666665,69477.79179264163
B19049_001,2021,New Mexico,35,Median household income ,All,54020,484,349.13466666666665,61834.85695567327
B19049_002,2021,New Mexico,35,Median household income ,Householder under 25 years,30939,1662,349.13466666666665,35414.821165338304
B19049_003,2021,New Mexico,35,Median household income ,Householder 25 to 44 years,58701,1190,349.13466666666665,67193.03847010323
B19049_004,2021,New Mexico,35,Median household income ,Householder 45 to 64 years,62148,1125,349.13466666666665,71138.70214885565
B19049_005,2021,New Mexico,35,Median household income ,Householder 65 years and over,45450,934,349.13466666666665,52025.069393471866
B19049_001,2021,New York,36,Median household income ,All,75157,322,349.13466666666665,86029.66205511914
B19049_002,2021,New York,36,Median household income ,Householder under 25 years,39366,1240,349.13466666666665,45060.921490504144
B19049_003,2021,New York,36,Median household income ,Householder 25 to 44 years,85570,631,349.13466666666665,97949.06904289081
B19049_004,2021,New York,36,Median household income ,Householder 45 to 64 years,88827,556,349.13466666666665,101677.24618292465
B19049_005,2021,New York,36,Median household income ,Householder 65 years and over,51837,332,349.13466666666665,59336.05109239606
B19049_001,2021,North Carolina,37,Median household income ,All,60516,353,349.13466666666665,69270.60724786234
B19049_002,2021,North Carolina,37,Median household income ,Householder under 25 years,35016,757,349.13466666666665,40081.62441984182
B19049_003,2021,North Carolina,37,Median household income ,Householder 25 to 44 years,66559,590,349.13466666666665,76187.82384510657
B19049_004,2021,North Carolina,37,Median household income ,Householder 45 to 64 years,71754,636,349.13466666666665,82134.36368006998
B19049_005,2021,North Carolina,37,Median household income ,Householder 65 years and over,45261,450,349.13466666666665,51808.727520746535
B19049_001,2021,North Dakota,38,Median household income ,All,68131,1030,349.13466666666665,77987.23878650455
B19049_002,2021,North Dakota,38,Median household income ,Householder under 25 years,36708,2337,349.13466666666665,42018.39928043048
B19049_003,2021,North Dakota,38,Median household income ,Householder 25 to 44 years,77355,1916,349.13466666666665,88545.63790829519
B19049_004,2021,North Dakota,38,Median household income ,Householder 45 to 64 years,85510,1935,349.13466666666665,97880.38908329548
B19049_005,2021,North Dakota,38,Median household income ,Householder 65 years and over,48103,1177,349.13466666666665,55061.86827357925
B19049_001,2021,Ohio,39,Median household income ,All,61938,252,349.13466666666665,70898.32229027196
B19049_002,2021,Ohio,39,Median household income ,Householder under 25 years,34966,757,349.13466666666665,40024.39112017904
B19049_003,2021,Ohio,39,Median household income ,Householder 25 to 44 years,69071,479,349.13466666666665,79063.2248201649
B19049_004,2021,Ohio,39,Median household income ,Householder 45 to 64 years,74999,594,349.13466666666665,85848.80482818474
B19049_005,2021,Ohio,39,Median household income ,Householder 65 years and over,46112,312,349.13466666666665,52782.83828100714
B19049_001,2021,Oklahoma,40,Median household income ,All,56956,382,349.13466666666665,65195.596311872025
B19049_002,2021,Oklahoma,40,Median household income ,Householder under 25 years,33672,903,349.13466666666665,38543.193324906155
B19049_003,2021,Oklahoma,40,Median household income ,Householder 25 to 44 years,63274,508,349.13466666666665,72427.59605726157
B19049_004,2021,Oklahoma,40,Median household income ,Householder 45 to 64 years,66678,594,349.13466666666665,76324.03909830401
B19049_005,2021,Oklahoma,40,Median household income ,Householder 65 years and over,46258,561,349.13466666666665,52949.95951602248
B19049_001,2021,Oregon,41,Median household income ,All,70084,505,349.13466666666665,80222.77147133295
B19049_002,2021,Oregon,41,Median household income ,Householder under 25 years,37990,1680,349.13466666666665,43485.86108378429
B19049_003,2021,Oregon,41,Median household income ,Householder 25 to 44 years,79576,802,349.13466666666665,91087.94107931611
B19049_004,2021,Oregon,41,Median household income ,Householder 45 to 64 years,82833,1165,349.13466666666665,94816.11821934994
B19049_005,2021,Oregon,41,Median household income ,Householder 65 years and over,52895,724,349.13466666666665,60547.1077132606
B19049_001,2021,Pennsylvania,42,Median household income ,All,67587,271,349.13466666666665,77364.54048617344
B19049_002,2021,Pennsylvania,42,Median household income ,Householder under 25 years,35924,709,349.13466666666665,41120.981141718
B19049_003,2021,Pennsylvania,42,Median household income ,Householder 25 to 44 years,77704,509,349.13466666666665,88945.12633994143
B19049_004,2021,Pennsylvania,42,Median household income ,Householder 45 to 64 years,82539,567,349.13466666666665,94479.58641733277
B19049_005,2021,Pennsylvania,42,Median household income ,Householder 65 years and over,47153,344,349.13466666666665,53974.43557998633
B19049_001,2021,Rhode Island,44,Median household income ,All,74489,1058,349.13466666666665,85265.02517162434
B19049_002,2021,Rhode Island,44,Median household income ,Householder under 25 years,36658,6510,349.13466666666665,41961.16598076769
B19049_003,2021,Rhode Island,44,Median household income ,Householder 25 to 44 years,78332,1751,349.13466666666665,89663.97658370601
B19049_004,2021,Rhode Island,44,Median household income ,Householder 45 to 64 years,91477,2481,349.13466666666665,104710.61106505228
B19049_005,2021,Rhode Island,44,Median household income ,Householder 65 years and over,50765,1457,349.13466666666665,58108.96914762595
B19049_001,2021,South Carolina,45,Median household income ,All,58234,482,349.13466666666665,66658.47945125282
B19049_002,2021,South Carolina,45,Median household income ,Householder under 25 years,32671,1386,349.13466666666665,37397.38266565719
B19049_003,2021,South Carolina,45,Median household income ,Householder 25 to 44 years,64281,728,349.13466666666665,73580.27471247008
B19049_004,2021,South Carolina,45,Median household income ,Householder 45 to 64 years,67842,801,349.13466666666665,77656.43031445365
B19049_005,2021,South Carolina,45,Median household income ,Householder 65 years and over,46289,580,349.13466666666665,52985.4441618134
B19049_001,2021,South Dakota,46,Median household income ,All,63920,695,349.13466666666665,73167.05028890476
B19049_002,2021,South Dakota,46,Median household income ,Householder under 25 years,36890,2550,349.13466666666665,42226.728491203015
B19049_003,2021,South Dakota,46,Median household income ,Householder 25 to 44 years,71901,1116,349.13466666666665,82302.62958107857
B19049_004,2021,South Dakota,46,Median household income ,Householder 45 to 64 years,76949,1338,349.13466666666665,88080.90351503337
B19049_005,2021,South Dakota,46,Median household income ,Householder 65 years and over,47146,1052,349.13466666666665,53966.422918033546
B19049_001,2021,Tennessee,47,Median household income ,All,58516,363,349.13466666666665,66981.27526135092
B19049_002,2021,Tennessee,47,Median household income ,Householder under 25 years,36203,816,349.13466666666665,41440.34295383635
B19049_003,2021,Tennessee,47,Median household income ,Householder 25 to 44 years,64728,599,349.13466666666665,74091.94041145538
B19049_004,2021,Tennessee,47,Median household income ,Householder 45 to 64 years,68865,666,349.13466666666665,78827.42362555423
B19049_005,2021,Tennessee,47,Median household income ,Householder 65 years and over,44459,445,349.13466666666665,50890.70539415546
B19049_001,2021,Texas,48,Median household income ,All,67321,214,349.13466666666665,77060.05933196742
B19049_002,2021,Texas,48,Median household income ,Householder under 25 years,35115,544,349.13466666666665,40194.946353174135
B19049_003,2021,Texas,48,Median household income ,Householder 25 to 44 years,72082,445,349.13466666666665,82509.81412585784
B19049_004,2021,Texas,48,Median household income ,Householder 45 to 64 years,80762,474,349.13466666666665,92445.51494731738
B19049_005,2021,Texas,48,Median household income ,Householder 65 years and over,49599,373,349.13466666666665,56774.288599489795
B19049_001,2021,Utah,49,Median household income ,All,79133,556,349.13466666666665,90580.85404430384
B19049_002,2021,Utah,49,Median household income ,Householder under 25 years,43564,1157,349.13466666666665,49866.2293301916
B19049_003,2021,Utah,49,Median household income ,Householder 25 to 44 years,83643,647,349.13466666666665,95743.29767388706
B19049_004,2021,Utah,49,Median household income ,Householder 45 to 64 years,99306,1250,349.13466666666665,113672.2011262512
B19049_005,2021,Utah,49,Median household income ,Householder 65 years and over,59518,945,349.13466666666665,68128.23058659314
B19049_001,2021,Vermont,50,Median household income ,All,67674,896,349.13466666666665,77464.12642758669
B19049_002,2021,Vermont,50,Median household income ,Householder under 25 years,36246,3210,349.13466666666665,41489.56359154634
B19049_003,2021,Vermont,50,Median household income ,Householder 25 to 44 years,78988,1942,349.13466666666665,90414.87747528176
B19049_004,2021,Vermont,50,Median household income ,Householder 45 to 64 years,80368,1760,349.13466666666665,91994.51654597463
B19049_005,2021,Vermont,50,Median household income ,Householder 65 years and over,51650,1439,349.13466666666665,59121.99855165725
B19049_001,2021,Virginia,51,Median household income ,All,80615,377,349.13466666666665,92277.24904630879
B19049_002,2021,Virginia,51,Median household income ,Householder under 25 years,40953,1064,349.13466666666665,46877.50642180095
B19049_003,2021,Virginia,51,Median household income ,Householder 25 to 44 years,86973,694,349.13466666666665,99555.03543142857
B19049_004,2021,Virginia,51,Median household income ,Householder 45 to 64 years,99057,741,349.13466666666665,113387.17929393053
B19049_005,2021,Virginia,51,Median household income ,Householder 65 years and over,57591,499,349.13466666666665,65922.4592175894
B19049_001,2021,Washington,53,Median household income ,All,82400,397,349.13466666666665,94320.47784427022
B19049_002,2021,Washington,53,Median household income ,Householder under 25 years,45745,1523,349.13466666666665,52362.7458614823
B19049_003,2021,Washington,53,Median household income ,Householder 25 to 44 years,92003,726,349.13466666666665,105312.70537750478
B19049_004,2021,Washington,53,Median household income ,Householder 45 to 64 years,100122,794,349.13466666666665,114606.24857674786
B19049_005,2021,Washington,53,Median household income ,Householder 65 years and over,57423,500,349.13466666666665,65730.15533072244
B19049_001,2021,West Virginia,54,Median household income ,All,50884,550,349.13466666666665,58245.184400823375
B19049_002,2021,West Virginia,54,Median household income ,Householder under 25 years,27814,1902,349.13466666666665,31837.739936414222
B19049_003,2021,West Virginia,54,Median household income ,Householder 25 to 44 years,59761,1319,349.13466666666665,68406.38442295429
B19049_004,2021,West Virginia,54,Median household income ,Householder 45 to 64 years,59223,1047,349.13466666666665,67790.55411858272
B19049_005,2021,West Virginia,54,Median household income ,Householder 65 years and over,40256,659,349.13466666666665,46079.67422450172
B19049_001,2021,Wisconsin,55,Median household income ,All,67080,329,349.13466666666665,76784.1948275928
B19049_002,2021,Wisconsin,55,Median household income ,Householder under 25 years,37323,997,349.13466666666665,42722.36886628274
B19049_003,2021,Wisconsin,55,Median household income ,Householder 25 to 44 years,75932,697,349.13466666666665,86916.77819989232
B19049_004,2021,Wisconsin,55,Median household income ,Householder 45 to 64 years,81802,535,349.13466666666665,93635.96758030332
B19049_005,2021,Wisconsin,55,Median household income ,Householder 65 years and over,48793,430,349.13466666666665,55851.68780892569
B19049_001,2021,Wyoming,56,Median household income ,All,68002,1091,349.13466666666665,77839.57687337456
B19049_002,2021,Wyoming,56,Median household income ,Householder under 25 years,32895,2191,349.13466666666665,37653.78784814647
B19049_003,2021,Wyoming,56,Median household income ,Householder 25 to 44 years,77657,2000,349.13466666666665,88891.3270382584
B19049_004,2021,Wyoming,56,Median household income ,Householder 45 to 64 years,81693,1726,349.13466666666665,93511.19898703844
B19049_005,2021,Wyoming,56,Median household income ,Householder 65 years and over,50854,1522,349.13466666666665,58210.84442102571
B19049_001,2021,Puerto Rico,72,Median household income ,All,21967,175,349.13466666666665,25144.87787384811
B19049_002,2021,Puerto Rico,72,Median household income ,Householder under 25 years,7826,892,349.13466666666665,8958.15606321916
B19049_003,2021,Puerto Rico,72,Median household income ,Householder 25 to 44 years,24445,474,349.13466666666665,27981.36020513575
B19049_004,2021,Puerto Rico,72,Median household income ,Householder 45 to 64 years,26052,355,349.13466666666665,29820.838456297668
B19049_005,2021,Puerto Rico,72,Median household income ,Householder 65 years and over,18687,209,349.13466666666665,21390.37341596939
B19049_001,2022,Alabama,01,Median household income ,All,59609,377,370.199,64349.970019421984
B19049_002,2022,Alabama,01,Median household income ,Householder under 25 years,29488,1405,370.199,31833.312351032822
B19049_003,2022,Alabama,01,Median household income ,Householder 25 to 44 years,65802,1042,370.199,71035.52697106151
B19049_004,2022,Alabama,01,Median household income ,Householder 45 to 64 years,72197,916,370.199,77939.14988495376
B19049_005,2022,Alabama,01,Median household income ,Householder 65 years and over,46134,520,370.199,49803.243082018045
B19049_001,2022,Alaska,02,Median household income ,All,86370,1083,370.199,93239.3918800429
B19049_002,2022,Alaska,02,Median household income ,Householder under 25 years,52562,3545,370.199,56742.49063330803
B19049_003,2022,Alaska,02,Median household income ,Householder 25 to 44 years,93857,2603,370.199,101321.86643145983
B19049_004,2022,Alaska,02,Median household income ,Householder 45 to 64 years,101971,1908,370.199,110081.20909343353
B19049_005,2022,Alaska,02,Median household income ,Householder 65 years and over,66727,2778,370.199,72034.09635266438
B19049_001,2022,Arizona,04,Median household income ,All,72581,450,370.199,78353.69112012727
B19049_002,2022,Arizona,04,Median household income ,Householder under 25 years,45065,1075,370.199,48649.220737225114
B19049_003,2022,Arizona,04,Median household income ,Householder 25 to 44 years,80218,849,370.199,86598.09584153387
B19049_004,2022,Arizona,04,Median household income ,Householder 45 to 64 years,87845,936,370.199,94831.7052182745
B19049_005,2022,Arizona,04,Median household income ,Householder 65 years and over,56865,533,370.199,61387.72744307791
B19049_001,2022,Arkansas,05,Median household income ,All,56335,422,370.199,60815.574175781134
B19049_002,2022,Arkansas,05,Median household income ,Householder under 25 years,35320,1343,370.199,38129.15736023058
B19049_003,2022,Arkansas,05,Median household income ,Householder 25 to 44 years,63883,790,370.199,68963.90032966054
B19049_004,2022,Arkansas,05,Median household income ,Householder 45 to 64 years,66270,836,370.199,71540.74910142923
B19049_005,2022,Arkansas,05,Median household income ,Householder 65 years and over,43402,797,370.199,46853.95491927314
B19049_001,2022,California,06,Median household income ,All,91905,277,370.199,99214.61515266114
B19049_002,2022,California,06,Median household income ,Householder under 25 years,48986,1027,370.199,52882.07538075467
B19049_003,2022,California,06,Median household income ,Householder 25 to 44 years,99703,536,370.199,107632.82492318995
B19049_004,2022,California,06,Median household income ,Householder 45 to 64 years,108046,509,370.199,116639.38097801452
B19049_005,2022,California,06,Median household income ,Householder 65 years and over,66282,318,370.199,71553.7035150284
B19049_001,2022,Colorado,08,Median household income ,All,87598,508,370.199,94565.06020502486
B19049_002,2022,Colorado,08,Median household income ,Householder under 25 years,47039,1559,370.199,50780.22177428896
B19049_003,2022,Colorado,08,Median household income ,Householder 25 to 44 years,96255,947,370.199,103910.5900823611
B19049_004,2022,Colorado,08,Median household income ,Householder 45 to 64 years,106020,1016,370.199,114452.24414868759
B19049_005,2022,Colorado,08,Median household income ,Householder 65 years and over,63361,672,370.199,68400.38333809654
B19049_001,2022,Connecticut,09,Median household income ,All,90213,730,370.199,97388.04283517782
B19049_002,2022,Connecticut,09,Median household income ,Householder under 25 years,46863,1906,370.199,50590.22370816777
B19049_003,2022,Connecticut,09,Median household income ,Householder 25 to 44 years,95178,1579,370.199,102747.93146183538
B19049_004,2022,Connecticut,09,Median household income ,Householder 45 to 64 years,111583,1305,370.199,120457.69438637057
B19049_005,2022,Connecticut,09,Median household income ,Householder 65 years and over,65666,1052,370.199,70888.71028360422
B19049_001,2022,Delaware,10,Median household income ,All,79325,1227,370.199,85634.07156286213
B19049_002,2022,Delaware,10,Median household income ,Householder under 25 years,39968,2405,370.199,43146.83356097666
B19049_003,2022,Delaware,10,Median household income ,Householder 25 to 44 years,83882,2172,370.199,90553.51012714782
B19049_004,2022,Delaware,10,Median household income ,Householder 45 to 64 years,93881,1400,370.199,101347.77525865818
B19049_005,2022,Delaware,10,Median household income ,Householder 65 years and over,65131,1617,370.199,70311.15934397445
B19049_001,2022,District of Columbia,11,Median household income ,All,101722,1569,370.199,109812.4050112507
B19049_002,2022,District of Columbia,11,Median household income ,Householder under 25 years,50160,3220,370.199,54149.44884454037
B19049_003,2022,District of Columbia,11,Median household income ,Householder 25 to 44 years,118096,2175,370.199,127488.70236732136
B19049_004,2022,District of Columbia,11,Median household income ,Householder 45 to 64 years,109293,4292,370.199,117985.56045786185
B19049_005,2022,District of Columbia,11,Median household income ,Householder 65 years and over,67122,4069,370.199,72460.51246697047
B19049_001,2022,Florida,12,Median household income ,All,67917,259,370.199,73318.74236791563
B19049_002,2022,Florida,12,Median household income ,Householder under 25 years,41020,987,370.199,44282.50381983744
B19049_003,2022,Florida,12,Median household income ,Householder 25 to 44 years,73861,560,370.199,79735.49523737232
B19049_004,2022,Florida,12,Median household income ,Householder 45 to 64 years,80393,495,370.199,86787.01437318847
B19049_005,2022,Florida,12,Median household income ,Householder 65 years and over,53384,343,370.199,57629.867964851335
B19049_001,2022,Georgia,13,Median household income ,All,71355,353,370.199,77030.1818640785
B19049_002,2022,Georgia,13,Median household income ,Householder under 25 years,38956,1459,370.199,42054.344680779795
B19049_003,2022,Georgia,13,Median household income ,Householder 25 to 44 years,75852,589,370.199,81884.84836036834
B19049_004,2022,Georgia,13,Median household income ,Householder 45 to 64 years,86087,693,370.199,92933.88362599575
B19049_005,2022,Georgia,13,Median household income ,Householder 65 years and over,51911,449,370.199,56039.71369555293
B19049_001,2022,Hawaii,15,Median household income ,All,94814,994,370.199,102354.98091599383
B19049_002,2022,Hawaii,15,Median household income ,Householder under 25 years,55565,4008,370.199,59984.332636500905
B19049_003,2022,Hawaii,15,Median household income ,Householder 25 to 44 years,96571,2120,370.199,104251.72297380597
B19049_004,2022,Hawaii,15,Median household income ,Householder 45 to 64 years,110596,1790,370.199,119392.19386783864
B19049_005,2022,Hawaii,15,Median household income ,Householder 65 years and over,81656,2059,370.199,88150.46640450136
B19049_001,2022,Idaho,16,Median household income ,All,70214,715,370.199,75798.43303769054
B19049_002,2022,Idaho,16,Median household income ,Householder under 25 years,45275,2156,370.199,48875.922975210626
B19049_003,2022,Idaho,16,Median household income ,Householder 25 to 44 years,78182,1406,370.199,84400.16366754097
B19049_004,2022,Idaho,16,Median household income ,Householder 45 to 64 years,83706,1345,370.199,90363.51206102663
B19049_005,2022,Idaho,16,Median household income ,Householder 65 years and over,53064,1134,370.199,57284.41693554007
B19049_001,2022,Illinois,17,Median household income ,All,78433,297,370.199,84671.126818657
B19049_002,2022,Illinois,17,Median household income ,Householder under 25 years,38244,1024,370.199,41285.71614056224
B19049_003,2022,Illinois,17,Median household income ,Householder 25 to 44 years,87450,630,370.199,94405.2891039684
B19049_004,2022,Illinois,17,Median household income ,Householder 45 to 64 years,95019,603,370.199,102576.28548164635
B19049_005,2022,Illinois,17,Median household income ,Householder 65 years and over,55569,360,370.199,59988.6507743673
B19049_001,2022,Indiana,18,Median household income ,All,67173,383,370.199,72515.56872476694
B19049_002,2022,Indiana,18,Median household income ,Householder under 25 years,36444,855,370.199,39342.554100686386
B19049_003,2022,Indiana,18,Median household income ,Householder 25 to 44 years,74628,783,370.199,80563.49817325277
B19049_004,2022,Indiana,18,Median household income ,Householder 45 to 64 years,82494,748,370.199,89055.11628751023
B19049_005,2022,Indiana,18,Median household income ,Householder 65 years and over,49429,446,370.199,53360.309149457455
B19049_001,2022,Iowa,19,Median household income ,All,70571,395,370.199,76183.82684226592
B19049_002,2022,Iowa,19,Median household income ,Householder under 25 years,42113,1381,370.199,45462.43499182872
B19049_003,2022,Iowa,19,Median household income ,Householder 25 to 44 years,80820,748,370.199,87247.97559042569
B19049_004,2022,Iowa,19,Median household income ,Householder 45 to 64 years,87016,923,370.199,93936.771145465
B19049_005,2022,Iowa,19,Median household income ,Householder 65 years and over,51672,558,370.199,55781.70495803608
B19049_001,2022,Kansas,20,Median household income ,All,69747,479,370.199,75294.29044178942
B19049_002,2022,Kansas,20,Median household income ,Householder under 25 years,38324,1601,370.199,41372.07889789005
B19049_003,2022,Kansas,20,Median household income ,Householder 25 to 44 years,78703,1048,370.199,84962.60112463837
B19049_004,2022,Kansas,20,Median household income ,Householder 45 to 64 years,85651,1024,370.199,92463.20659855915
B19049_005,2022,Kansas,20,Median household income ,Householder 65 years and over,53309,621,370.199,57548.902879856505
B19049_001,2022,Kentucky,21,Median household income ,All,60183,443,370.199,64969.62280324906
B19049_002,2022,Kentucky,21,Median household income ,Householder under 25 years,36225,1309,370.199,39106.13605250149
B19049_003,2022,Kentucky,21,Median household income ,Householder 25 to 44 years,69951,764,370.199,75514.51547297534
B19049_004,2022,Kentucky,21,Median household income ,Householder 45 to 64 years,70626,820,370.199,76243.20123792879
B19049_005,2022,Kentucky,21,Median household income ,Householder 65 years and over,45428,457,370.199,49041.091748600076
B19049_001,2022,Louisiana,22,Median household income ,All,57852,468,370.199,62453.22796160983
B19049_002,2022,Louisiana,22,Median household income ,Householder under 25 years,32411,1617,370.199,34988.791596897885
B19049_003,2022,Louisiana,22,Median household income ,Householder 25 to 44 years,67420,922,370.199,72782.21373801658
B19049_004,2022,Louisiana,22,Median household income ,Householder 45 to 64 years,67911,906,370.199,73312.26516111604
B19049_005,2022,Louisiana,22,Median household income ,Householder 65 years and over,43997,532,370.199,47496.27792689877
B19049_001,2022,Maine,23,Median household income ,All,68251,611,370.199,73679.30687975926
B19049_002,2022,Maine,23,Median household income ,Householder under 25 years,47367,2838,370.199,51134.309079333005
B19049_003,2022,Maine,23,Median household income ,Householder 25 to 44 years,81383,1254,370.199,87855.75349512018
B19049_004,2022,Maine,23,Median household income ,Householder 45 to 64 years,81373,1254,370.199,87844.95815045421
B19049_005,2022,Maine,23,Median household income ,Householder 65 years and over,49828,1037,370.199,53791.04340162993
B19049_001,2022,Maryland,24,Median household income ,All,98461,511,370.199,106292.04311567562
B19049_002,2022,Maryland,24,Median household income ,Householder under 25 years,49616,1976,370.199,53562.18209471122
B19049_003,2022,Maryland,24,Median household income ,Householder 25 to 44 years,102281,903,370.199,110415.86477807882
B19049_004,2022,Maryland,24,Median household income ,Householder 45 to 64 years,119705,1065,370.199,129225.67332407704
B19049_005,2022,Maryland,24,Median household income ,Householder 65 years and over,70792,780,370.199,76422.403959384
B19049_001,2022,Massachusetts,25,Median household income ,All,96505,551,370.199,104180.47369901053
B19049_002,2022,Massachusetts,25,Median household income ,Householder under 25 years,52434,1942,370.199,56604.310221583524
B19049_003,2022,Massachusetts,25,Median household income ,Householder 25 to 44 years,110567,1185,370.199,119360.8873683073
B19049_004,2022,Massachusetts,25,Median household income ,Householder 45 to 64 years,119054,902,370.199,128522.89638632194
B19049_005,2022,Massachusetts,25,Median household income ,Householder 65 years and over,61624,713,370.199,66525.23196961633
B19049_001,2022,Michigan,26,Median household income ,All,68505,307,370.199,73953.50863427507
B19049_002,2022,Michigan,26,Median household income ,Householder under 25 years,38933,881,370.199,42029.51538804805
B19049_003,2022,Michigan,26,Median household income ,Householder 25 to 44 years,76819,581,370.199,82928.75818956831
B19049_004,2022,Michigan,26,Median household income ,Householder 45 to 64 years,83523,626,370.199,90165.95725363925
B19049_005,2022,Michigan,26,Median household income ,Householder 65 years and over,51863,303,370.199,55987.89604115624
B19049_001,2022,Minnesota,27,Median household income ,All,84313,348,370.199,91018.78948225144
B19049_002,2022,Minnesota,27,Median household income ,Householder under 25 years,47277,1289,370.199,51037.15097733921
B19049_003,2022,Minnesota,27,Median household income ,Householder 25 to 44 years,96857,722,370.199,104560.46983125292
B19049_004,2022,Minnesota,27,Median household income ,Householder 45 to 64 years,103889,690,370.199,112151.7562003679
B19049_005,2022,Minnesota,27,Median household income ,Householder 65 years and over,57144,462,370.199,61688.91755925867
B19049_001,2022,Mississippi,28,Median household income ,All,52985,527,370.199,57199.13371267886
B19049_002,2022,Mississippi,28,Median household income ,Householder under 25 years,31259,2187,370.199,33745.167891377336
B19049_003,2022,Mississippi,28,Median household income ,Householder 25 to 44 years,58241,814,370.199,62873.166869116336
B19049_004,2022,Mississippi,28,Median household income ,Householder 45 to 64 years,62043,964,370.199,66977.55691112077
B19049_005,2022,Mississippi,28,Median household income ,Householder 65 years and over,41473,684,370.199,44771.532933206196
B19049_001,2022,Missouri,29,Median household income ,All,65920,361,370.199,71162.91203812003
B19049_002,2022,Missouri,29,Median household income ,Householder under 25 years,36299,830,370.199,39186.02160302972
B19049_003,2022,Missouri,29,Median household income ,Householder 25 to 44 years,75199,710,370.199,81179.91235368005
B19049_004,2022,Missouri,29,Median household income ,Householder 45 to 64 years,79430,840,370.199,85747.42268185489
B19049_005,2022,Missouri,29,Median household income ,Householder 65 years and over,48780,354,370.199,52659.69128063555
B19049_001,2022,Montana,30,Median household income ,All,66341,748,370.199,71617.39604855767
B19049_002,2022,Montana,30,Median household income ,Householder under 25 years,38257,2011,370.199,41299.750088628
B19049_003,2022,Montana,30,Median household income ,Householder 25 to 44 years,77250,1402,370.199,83394.03754467191
B19049_004,2022,Montana,30,Median household income ,Householder 45 to 64 years,78432,1402,370.199,84670.0472841904
B19049_005,2022,Montana,30,Median household income ,Householder 65 years and over,50694,1203,370.199,54725.92024970354
B19049_001,2022,Nebraska,31,Median household income ,All,71722,577,370.199,77426.37101331986
B19049_002,2022,Nebraska,31,Median household income ,Householder under 25 years,40505,1149,370.199,43726.54356953962
B19049_003,2022,Nebraska,31,Median household income ,Householder 25 to 44 years,81256,1059,370.199,87718.65261786227
B19049_004,2022,Nebraska,31,Median household income ,Householder 45 to 64 years,88209,1213,370.199,95224.65576411605
B19049_005,2022,Nebraska,31,Median household income ,Householder 65 years and over,52616,796,370.199,56800.78549450431
B19049_001,2022,Nevada,32,Median household income ,All,71646,495,370.199,77344.32639385843
B19049_002,2022,Nevada,32,Median household income ,Householder under 25 years,46679,1732,370.199,50391.58936631379
B19049_003,2022,Nevada,32,Median household income ,Householder 25 to 44 years,75908,1019,370.199,81945.30229049781
B19049_004,2022,Nevada,32,Median household income ,Householder 45 to 64 years,84266,940,370.199,90968.05136232135
B19049_005,2022,Nevada,32,Median household income ,Householder 65 years and over,56049,787,370.199,60506.82731833419
B19049_001,2022,New Hampshire,33,Median household income ,All,90845,966,370.199,98070.30861806757
B19049_002,2022,New Hampshire,33,Median household income ,Householder under 25 years,58664,3017,370.199,63329.809948487164
B19049_003,2022,New Hampshire,33,Median household income ,Householder 25 to 44 years,102765,1729,370.199,110938.3594599121
B19049_004,2022,New Hampshire,33,Median household income ,Householder 45 to 64 years,111608,1901,370.199,120484.68274803551
B19049_005,2022,New Hampshire,33,Median household income ,Householder 65 years and over,60844,1362,370.199,65683.19508567013
B19049_001,2022,New Jersey,34,Median household income ,All,97126,605,370.199,104850.8646027677
B19049_002,2022,New Jersey,34,Median household income ,Householder under 25 years,47184,2744,370.199,50936.754271945625
B19049_003,2022,New Jersey,34,Median household income ,Householder 25 to 44 years,105714,1085,370.199,114121.9066019087
B19049_004,2022,New Jersey,34,Median household income ,Householder 45 to 64 years,118213,870,370.199,127615.00789991328
B19049_005,2022,New Jersey,34,Median household income ,Householder 65 years and over,66128,707,370.199,71387.45520717236
B19049_001,2022,New Mexico,35,Median household income ,All,58722,581,370.199,63392.42294754983
B19049_002,2022,New Mexico,35,Median household income ,Householder under 25 years,32057,1546,370.199,34606.6363957223
B19049_003,2022,New Mexico,35,Median household income ,Householder 25 to 44 years,64768,1285,370.199,69919.28833259949
B19049_004,2022,New Mexico,35,Median household income ,Householder 45 to 64 years,68436,1351,370.199,73879.02075607983
B19049_005,2022,New Mexico,35,Median household income ,Householder 65 years and over,49737,996,370.199,53692.80576516954
B19049_001,2022,New York,36,Median household income ,All,81386,350,370.199,87858.99209851999
B19049_002,2022,New York,36,Median household income ,Householder under 25 years,43744,1219,370.199,47223.15570684956
B19049_003,2022,New York,36,Median household income ,Householder 25 to 44 years,93691,680,370.199,101142.66371000462
B19049_004,2022,New York,36,Median household income ,Householder 45 to 64 years,96457,641,370.199,104128.65604461383
B19049_005,2022,New York,36,Median household income ,Householder 65 years and over,55859,395,370.199,60301.71576968063
B19049_001,2022,North Carolina,37,Median household income ,All,66186,380,370.199,71450.06820623502
B19049_002,2022,North Carolina,37,Median household income ,Householder under 25 years,39218,889,370.199,42337.18271102839
B19049_003,2022,North Carolina,37,Median household income ,Householder 25 to 44 years,73212,624,370.199,79034.87736855043
B19049_004,2022,North Carolina,37,Median household income ,Householder 45 to 64 years,78923,810,370.199,85200.09870728986
B19049_005,2022,North Carolina,37,Median household income ,Householder 65 years and over,49257,440,370.199,53174.629221202646
B19049_001,2022,North Dakota,38,Median household income ,All,73959,1131,370.199,79841.2896150989
B19049_002,2022,North Dakota,38,Median household income ,Householder under 25 years,41000,3065,370.199,44260.91313050548
B19049_003,2022,North Dakota,38,Median household income ,Householder 25 to 44 years,84322,2028,370.199,91028.5052924508
B19049_004,2022,North Dakota,38,Median household income ,Householder 45 to 64 years,93205,1803,370.199,100618.00995923813
B19049_005,2022,North Dakota,38,Median household income ,Householder 65 years and over,53238,1442,370.199,57472.25593272807
B19049_001,2022,Ohio,39,Median household income ,All,66990,272,370.199,72318.01391737956
B19049_002,2022,Ohio,39,Median household income ,Householder under 25 years,38524,855,370.199,41587.98579120959
B19049_003,2022,Ohio,39,Median household income ,Householder 25 to 44 years,75413,444,370.199,81410.93272953195
B19049_004,2022,Ohio,39,Median household income ,Householder 45 to 64 years,81602,612,370.199,88092.17154330508
B19049_005,2022,Ohio,39,Median household income ,Householder 65 years and over,49800,316,370.199,53760.8164365652
B19049_001,2022,Oklahoma,40,Median household income ,All,61364,451,370.199,66244.55300830094
B19049_002,2022,Oklahoma,40,Median household income ,Householder under 25 years,36356,1238,370.199,39247.55506762579
B19049_003,2022,Oklahoma,40,Median household income ,Householder 25 to 44 years,68367,567,370.199,73804.53287788459
B19049_004,2022,Oklahoma,40,Median household income ,Householder 45 to 64 years,72161,729,370.199,77900.28664415625
B19049_005,2022,Oklahoma,40,Median household income ,Householder 65 years and over,50204,599,370.199,54196.94836107067
B19049_001,2022,Oregon,41,Median household income ,All,76632,539,370.199,82726.88524431454
B19049_002,2022,Oregon,41,Median household income ,Householder under 25 years,43040,1939,370.199,46463.16344236478
B19049_003,2022,Oregon,41,Median household income ,Householder 25 to 44 years,87664,1059,370.199,94636.30947982031
B19049_004,2022,Oregon,41,Median household income ,Householder 45 to 64 years,91038,1157,370.199,98278.65877012094
B19049_005,2022,Oregon,41,Median household income ,Householder 65 years and over,57191,670,370.199,61739.655679188756
B19049_001,2022,Pennsylvania,42,Median household income ,All,73170,347,370.199,78989.53692095332
B19049_002,2022,Pennsylvania,42,Median household income ,Householder under 25 years,40108,716,370.199,43297.96838630034
B19049_003,2022,Pennsylvania,42,Median household income ,Householder 25 to 44 years,84653,572,370.199,91385.83120089465
B19049_004,2022,Pennsylvania,42,Median household income ,Householder 45 to 64 years,89726,619,370.199,96862.30954994475
B19049_005,2022,Pennsylvania,42,Median household income ,Householder 65 years and over,51201,378,370.199,55273.244224268565
B19049_001,2022,Rhode Island,44,Median household income ,All,81370,1213,370.199,87841.71954705442
B19049_002,2022,Rhode Island,44,Median household income ,Householder under 25 years,43688,6478,370.199,47162.70177672009
B19049_003,2022,Rhode Island,44,Median household income ,Householder 25 to 44 years,86770,2260,370.199,93671.20566668197
B19049_004,2022,Rhode Island,44,Median household income ,Householder 45 to 64 years,100530,2508,370.199,108525.59992706624
B19049_005,2022,Rhode Island,44,Median household income ,Householder 65 years and over,56242,1546,370.199,60715.17747038754
B19049_001,2022,South Carolina,45,Median household income ,All,63623,486,370.199,68683.22136834513
B19049_002,2022,South Carolina,45,Median household income ,Householder under 25 years,36594,2076,370.199,39504.48427067604
B19049_003,2022,South Carolina,45,Median household income ,Householder 25 to 44 years,70352,882,370.199,75947.40879408101
B19049_004,2022,South Carolina,45,Median household income ,Householder 45 to 64 years,74496,929,370.199,80420.99962366186
B19049_005,2022,South Carolina,45,Median household income ,Householder 65 years and over,50258,616,370.199,54255.24322226694
B19049_001,2022,South Dakota,46,Median household income ,All,69457,788,370.199,74981.22544647608
B19049_002,2022,South Dakota,46,Median household income ,Householder under 25 years,39841,2453,370.199,43009.73268371876
B19049_003,2022,South Dakota,46,Median household income ,Householder 25 to 44 years,78360,1144,370.199,84592.32080259535
B19049_004,2022,South Dakota,46,Median household income ,Householder 45 to 64 years,84713,1531,370.199,91450.60326889051
B19049_005,2022,South Dakota,46,Median household income ,Householder 65 years and over,51181,1044,370.199,55251.65353493661
B19049_001,2022,Tennessee,47,Median household income ,All,64035,350,370.199,69127.98956858338
B19049_002,2022,Tennessee,47,Median household income ,Householder under 25 years,39907,986,370.199,43080.9819585142
B19049_003,2022,Tennessee,47,Median household income ,Householder 25 to 44 years,71043,745,370.199,76693.36711050002
B19049_004,2022,Tennessee,47,Median household income ,Householder 45 to 64 years,75932,643,370.199,81971.21111769615
B19049_005,2022,Tennessee,47,Median household income ,Householder 65 years and over,48198,505,370.199,52031.40222107569
B19049_001,2022,Texas,48,Median household income ,All,73035,227,370.199,78843.79976796263
B19049_002,2022,Texas,48,Median household income ,Householder under 25 years,38830,590,370.199,41918.323337988484
B19049_003,2022,Texas,48,Median household income ,Householder 25 to 44 years,78570,413,370.199,84819.02304058087
B19049_004,2022,Texas,48,Median household income ,Householder 45 to 64 years,88127,432,370.199,95136.13393785505
B19049_005,2022,Texas,48,Median household income ,Householder 65 years and over,53510,385,370.199,57765.88930764265
B19049_001,2022,Utah,49,Median household income ,All,86833,674,370.199,93739.21633807762
B19049_002,2022,Utah,49,Median household income ,Householder under 25 years,48652,1673,370.199,52521.51086891104
B19049_003,2022,Utah,49,Median household income ,Householder 25 to 44 years,91937,866,370.199,99249.16025559226
B19049_004,2022,Utah,49,Median household income ,Householder 45 to 64 years,109504,1269,370.199,118213.34223031397
B19049_005,2022,Utah,49,Median household income ,Householder 65 years and over,64532,1226,370.199,69664.51819848243
B19049_001,2022,Vermont,50,Median household income ,All,74014,1049,370.199,79900.66401076177
B19049_002,2022,Vermont,50,Median household income ,Householder under 25 years,40031,3241,370.199,43214.844232372314
B19049_003,2022,Vermont,50,Median household income ,Householder 25 to 44 years,87231,1891,370.199,94168.8710557835
B19049_004,2022,Vermont,50,Median household income ,Householder 45 to 64 years,88017,2257,370.199,95017.3851465293
B19049_005,2022,Vermont,50,Median household income ,Householder 65 years and over,55435,1693,370.199,59843.99315584321
B19049_001,2022,Virginia,51,Median household income ,All,87249,428,370.199,94188.30267618227
B19049_002,2022,Virginia,51,Median household income ,Householder under 25 years,44781,1307,370.199,48342.63294871137
B19049_003,2022,Virginia,51,Median household income ,Householder 25 to 44 years,94687,768,370.199,102217.88003873592
B19049_004,2022,Virginia,51,Median household income ,Householder 45 to 64 years,108094,929,370.199,116691.19863241121
B19049_005,2022,Virginia,51,Median household income ,Householder 65 years and over,61928,471,370.199,66853.41044746204
B19049_001,2022,Washington,53,Median household income ,All,90325,433,370.199,97508.95069543677
B19049_002,2022,Washington,53,Median household income ,Householder under 25 years,51503,1172,370.199,55599.26363318107
B19049_003,2022,Washington,53,Median household income ,Householder 25 to 44 years,101586,762,370.199,109665.58832379342
B19049_004,2022,Washington,53,Median household income ,Householder 45 to 64 years,109939,947,370.199,118682.93972328395
B19049_005,2022,Washington,53,Median household income ,Householder 65 years and over,62564,610,370.199,67539.99436821818
B19049_001,2022,West Virginia,54,Median household income ,All,55217,577,370.199,59608.65464212491
B19049_002,2022,West Virginia,54,Median household income ,Householder under 25 years,30438,1797,370.199,32858.87009430063
B19049_003,2022,West Virginia,54,Median household income ,Householder 25 to 44 years,65724,1170,370.199,70951.32328266688
B19049_004,2022,West Virginia,54,Median household income ,Householder 45 to 64 years,65200,1432,370.199,70385.64722216969
B19049_005,2022,West Virginia,54,Median household income ,Householder 65 years and over,43429,685,370.199,46883.10234987128
B19049_001,2022,Wisconsin,55,Median household income ,All,72458,372,370.199,78220.90838073577
B19049_002,2022,Wisconsin,55,Median household income ,Householder under 25 years,41408,1130,370.199,44701.36319287734
B19049_003,2022,Wisconsin,55,Median household income ,Householder 25 to 44 years,82872,706,370.199,89463.18031588415
B19049_004,2022,Wisconsin,55,Median household income ,Householder 45 to 64 years,88582,582,370.199,95627.322120157
B19049_005,2022,Wisconsin,55,Median household income ,Householder 65 years and over,52831,417,370.199,57032.88540482281
B19049_001,2022,Wyoming,56,Median household income ,All,72495,1201,370.199,78260.85115599987
B19049_002,2022,Wyoming,56,Median household income ,Householder under 25 years,36039,2120,370.199,38905.34264171432
B19049_003,2022,Wyoming,56,Median household income ,Householder 25 to 44 years,84104,1684,370.199,90793.16677873251
B19049_004,2022,Wyoming,56,Median household income ,Householder 45 to 64 years,87483,2316,370.199,94440.91374136612
B19049_005,2022,Wyoming,56,Median household income ,Householder 65 years and over,54944,1339,370.199,59313.94173274374
B19049_001,2022,Puerto Rico,72,Median household income ,All,24002,222,370.199,25910.98626727787
B19049_002,2022,Puerto Rico,72,Median household income ,Householder under 25 years,9603,1155,370.199,10366.769482737662
B19049_003,2022,Puerto Rico,72,Median household income ,Householder 25 to 44 years,26863,592,370.199,28999.534376213873
B19049_004,2022,Puerto Rico,72,Median household income ,Householder 45 to 64 years,28626,466,370.199,30902.75364082561
B19049_005,2022,Puerto Rico,72,Median household income ,Householder 65 years and over,20099,266,370.199,21697.563244147066
B19049_001,2023,Alabama,01,Median household income ,All,62027,400,399.64258333333333,62026.99948264605
B19049_002,2023,Alabama,01,Median household income ,Householder under 25 years,31909,1077,399.64258333333333,31908.999733853852
B19049_003,2023,Alabama,01,Median household income ,Householder 25 to 44 years,68817,987,399.64258333333333,68816.99942601212
B19049_004,2023,Alabama,01,Median household income ,Householder 45 to 64 years,75342,1145,399.64258333333333,75341.99937158849
B19049_005,2023,Alabama,01,Median household income ,Householder 65 years and over,48232,570,399.64258333333333,48231.9995977072
B19049_001,2023,Alaska,02,Median household income ,All,89336,1374,399.64258333333333,89335.99925486752
B19049_002,2023,Alaska,02,Median household income ,Householder under 25 years,54855,3971,399.64258333333333,54854.999542466176
B19049_003,2023,Alaska,02,Median household income ,Householder 25 to 44 years,96672,2468,399.64258333333333,96671.99919367951
B19049_004,2023,Alaska,02,Median household income ,Householder 45 to 64 years,105704,2198,399.64258333333333,105703.99911834554
B19049_005,2023,Alaska,02,Median household income ,Householder 65 years and over,69006,2858,399.64258333333333,69005.99942443571
B19049_001,2023,Arizona,04,Median household income ,All,76872,414,399.64258333333333,76871.99935882709
B19049_002,2023,Arizona,04,Median household income ,Householder under 25 years,48346,1409,399.64258333333333,48345.99959675635
B19049_003,2023,Arizona,04,Median household income ,Householder 25 to 44 years,85375,859,399.64258333333333,85374.99928790538
B19049_004,2023,Arizona,04,Median household income ,Householder 45 to 64 years,93182,983,399.64258333333333,93181.99922278886
B19049_005,2023,Arizona,04,Median household income ,Householder 65 years and over,59411,528,399.64258333333333,59410.99950446555
B19049_001,2023,Arkansas,05,Median household income ,All,58773,503,399.64258333333333,58772.999509786976
B19049_002,2023,Arkansas,05,Median household income ,Householder under 25 years,37642,1691,399.64258333333333,37641.99968603613
B19049_003,2023,Arkansas,05,Median household income ,Householder 25 to 44 years,66945,913,399.64258333333333,66944.99944162607
B19049_004,2023,Arkansas,05,Median household income ,Householder 45 to 64 years,69249,1040,399.64258333333333,69248.9994224089
B19049_005,2023,Arkansas,05,Median household income ,Householder 65 years and over,44711,656,399.64258333333333,44710.99962707511
B19049_001,2023,California,06,Median household income ,All,96334,298,399.64258333333333,96333.9991964987
B19049_002,2023,California,06,Median household income ,Householder under 25 years,51149,1199,399.64258333333333,51148.99957337713
B19049_003,2023,California,06,Median household income ,Householder 25 to 44 years,105081,509,399.64258333333333,105080.99912354184
B19049_004,2023,California,06,Median household income ,Householder 45 to 64 years,112886,543,399.64258333333333,112885.99905844202
B19049_005,2023,California,06,Median household income ,Householder 65 years and over,69431,364,399.64258333333333,69430.99942089088
B19049_001,2023,Colorado,08,Median household income ,All,92470,483,399.64258333333333,92469.99922872751
B19049_002,2023,Colorado,08,Median household income ,Householder under 25 years,50440,1151,399.64258333333333,50439.99957929074
B19049_003,2023,Colorado,08,Median household income ,Householder 25 to 44 years,101711,827,399.64258333333333,101710.99915165029
B19049_004,2023,Colorado,08,Median household income ,Householder 45 to 64 years,112708,1074,399.64258333333333,112707.99905992667
B19049_005,2023,Colorado,08,Median household income ,Householder 65 years and over,66062,798,399.64258333333333,66061.99944899099
B19049_001,2023,Connecticut,09,Median household income ,All,93760,669,399.64258333333333,93759.9992179679
B19049_002,2023,Connecticut,09,Median household income ,Householder under 25 years,49834,2926,399.64258333333333,49833.99958434526
B19049_003,2023,Connecticut,09,Median household income ,Householder 25 to 44 years,100559,1269,399.64258333333333,100558.99916125888
B19049_004,2023,Connecticut,09,Median household income ,Householder 45 to 64 years,115883,1543,399.64258333333333,115882.99903344468
B19049_005,2023,Connecticut,09,Median household income ,Householder 65 years and over,68166,1184,399.64258333333333,68165.99943144197
B19049_001,2023,Delaware,10,Median household income ,All,82855,1234,399.64258333333333,82854.99930892416
B19049_002,2023,Delaware,10,Median household income ,Householder under 25 years,42103,3015,399.64258333333333,42102.99964882788
B19049_003,2023,Delaware,10,Median household income ,Householder 25 to 44 years,88667,2489,399.64258333333333,88666.99926044751
B19049_004,2023,Delaware,10,Median household income ,Householder 45 to 64 years,97955,2024,399.64258333333333,97954.9991829783
B19049_005,2023,Delaware,10,Median household income ,Householder 65 years and over,67254,1436,399.64258333333333,67253.99943904877
B19049_001,2023,District of Columbia,11,Median household income ,All,106287,1803,399.64258333333333,106286.99911348286
B19049_002,2023,District of Columbia,11,Median household income ,Householder under 25 years,53537,3684,399.64258333333333,53536.99955345933
B19049_003,2023,District of Columbia,11,Median household income ,Householder 25 to 44 years,122558,2856,399.64258333333333,122557.99897776992
B19049_004,2023,District of Columbia,11,Median household income ,Householder 45 to 64 years,118523,5052,399.64258333333333,118522.999011425
B19049_005,2023,District of Columbia,11,Median household income ,Householder 65 years and over,69627,3951,399.64258333333333,69626.99941925608
B19049_001,2023,Florida,12,Median household income ,All,71711,282,399.64258333333333,71710.99940187388
B19049_002,2023,Florida,12,Median household income ,Householder under 25 years,44422,1030,399.64258333333333,44421.999629485596
B19049_003,2023,Florida,12,Median household income ,Householder 25 to 44 years,78608,547,399.64258333333333,78607.99934434748
B19049_004,2023,Florida,12,Median household income ,Householder 45 to 64 years,84752,572,399.64258333333333,84751.99929310169
B19049_005,2023,Florida,12,Median household income ,Householder 65 years and over,56005,332,399.64258333333333,56004.99953287427
B19049_001,2023,Georgia,13,Median household income ,All,74664,431,399.64258333333333,74663.99937724354
B19049_002,2023,Georgia,13,Median household income ,Householder under 25 years,41315,1087,399.64258333333333,41314.99965540042
B19049_003,2023,Georgia,13,Median household income ,Householder 25 to 44 years,79772,733,399.64258333333333,79771.99933463881
B19049_004,2023,Georgia,13,Median household income ,Householder 45 to 64 years,90155,685,399.64258333333333,90154.99924803642
B19049_005,2023,Georgia,13,Median household income ,Householder 65 years and over,54137,505,399.64258333333333,54136.999548454856
B19049_001,2023,Hawaii,15,Median household income ,All,98317,980,399.64258333333333,98316.99917995892
B19049_002,2023,Hawaii,15,Median household income ,Householder under 25 years,57099,4495,399.64258333333333,57098.99952374945
B19049_003,2023,Hawaii,15,Median household income ,Householder 25 to 44 years,101237,1759,399.64258333333333,101236.99915560383
B19049_004,2023,Hawaii,15,Median household income ,Householder 45 to 64 years,115219,1708,399.64258333333333,115218.99903898296
B19049_005,2023,Hawaii,15,Median household income ,Householder 65 years and over,84450,1693,399.64258333333333,84449.99929562061
B19049_001,2023,Idaho,16,Median household income ,All,74636,877,399.64258333333333,74635.99937747708
B19049_002,2023,Idaho,16,Median household income ,Householder under 25 years,48140,3307,399.64258333333333,48139.999598474555
B19049_003,2023,Idaho,16,Median household income ,Householder 25 to 44 years,82610,1348,399.64258333333333,82609.99931096766
B19049_004,2023,Idaho,16,Median household income ,Householder 45 to 64 years,90222,1770,399.64258333333333,90221.9992474776
B19049_005,2023,Idaho,16,Median household income ,Householder 65 years and over,56607,863,399.64258333333333,56606.99952785312
B19049_001,2023,Illinois,17,Median household income ,All,81702,363,399.64258333333333,81701.99931854109
B19049_002,2023,Illinois,17,Median household income ,Householder under 25 years,41007,888,399.64258333333333,41006.99965796938
B19049_003,2023,Illinois,17,Median household income ,Householder 25 to 44 years,91619,582,399.64258333333333,91618.99923582551
B19049_004,2023,Illinois,17,Median household income ,Householder 45 to 64 years,98419,750,399.64258333333333,98418.99917910817
B19049_005,2023,Illinois,17,Median household income ,Householder 65 years and over,57977,408,399.64258333333333,57976.999516426244
B19049_001,2023,Indiana,18,Median household income ,All,70051,293,399.64258333333333,70050.99941571959
B19049_002,2023,Indiana,18,Median household income ,Householder under 25 years,39033,1121,399.64258333333333,39032.99967443409
B19049_003,2023,Indiana,18,Median household income ,Householder 25 to 44 years,77972,759,399.64258333333333,77971.99934965222
B19049_004,2023,Indiana,18,Median household income ,Householder 45 to 64 years,85700,722,399.64258333333333,85699.99928519463
B19049_005,2023,Indiana,18,Median household income ,Householder 65 years and over,51271,466,399.64258333333333,51270.99957235955
B19049_001,2023,Iowa,19,Median household income ,All,73147,438,399.64258333333333,73146.99938989652
B19049_002,2023,Iowa,19,Median household income ,Householder under 25 years,44804,1379,399.64258333333333,44803.99962629942
B19049_003,2023,Iowa,19,Median household income ,Householder 25 to 44 years,83572,775,399.64258333333333,83571.99930294382
B19049_004,2023,Iowa,19,Median household income ,Householder 45 to 64 years,90341,1007,399.64258333333333,90340.99924648504
B19049_005,2023,Iowa,19,Median household income ,Householder 65 years and over,53593,623,399.64258333333333,53592.999552992245
B19049_001,2023,Kansas,20,Median household income ,All,72639,453,399.64258333333333,72638.99939413363
B19049_002,2023,Kansas,20,Median household income ,Householder under 25 years,40894,1392,399.64258333333333,40893.99965891189
B19049_003,2023,Kansas,20,Median household income ,Householder 25 to 44 years,81998,908,399.64258333333333,81997.99931607222
B19049_004,2023,Kansas,20,Median household income ,Householder 45 to 64 years,89631,1125,399.64258333333333,89630.999252407
B19049_005,2023,Kansas,20,Median household income ,Householder 65 years and over,55595,653,399.64258333333333,55594.999536293995
B19049_001,2023,Kentucky,21,Median household income ,All,62417,401,399.64258333333333,62416.99947939315
B19049_002,2023,Kentucky,21,Median household income ,Householder under 25 years,37732,1426,399.64258333333333,37731.99968528545
B19049_003,2023,Kentucky,21,Median household income ,Householder 25 to 44 years,73054,831,399.64258333333333,73053.99939067221
B19049_004,2023,Kentucky,21,Median household income ,Householder 45 to 64 years,73310,785,399.64258333333333,73309.99938853696
B19049_005,2023,Kentucky,21,Median household income ,Householder 65 years and over,46646,536,399.64258333333333,46645.99961093569
B19049_001,2023,Louisiana,22,Median household income ,All,60023,491,399.64258333333333,60022.999499360994
B19049_002,2023,Louisiana,22,Median household income ,Householder under 25 years,33023,1376,399.64258333333333,33022.99972456222
B19049_003,2023,Louisiana,22,Median household income ,Householder 25 to 44 years,69966,899,399.64258333333333,69965.99941642856
B19049_004,2023,Louisiana,22,Median household income ,Householder 45 to 64 years,70627,872,399.64258333333333,70626.99941091529
B19049_005,2023,Louisiana,22,Median household income ,Householder 65 years and over,45349,649,399.64258333333333,45348.99962175369
B19049_001,2023,Maine,23,Median household income ,All,71773,660,399.64258333333333,71772.99940135675
B19049_002,2023,Maine,23,Median household income ,Householder under 25 years,50118,3172,399.64258333333333,50117.99958197648
B19049_003,2023,Maine,23,Median household income ,Householder 25 to 44 years,85950,1560,399.64258333333333,85949.99928310943
B19049_004,2023,Maine,23,Median household income ,Householder 45 to 64 years,85415,1620,399.64258333333333,85414.99928757174
B19049_005,2023,Maine,23,Median household income ,Householder 65 years and over,52842,936,399.64258333333333,52841.999559256175
B19049_001,2023,Maryland,24,Median household income ,All,101652,518,399.64258333333333,101651.99915214241
B19049_002,2023,Maryland,24,Median household income ,Householder under 25 years,51277,1825,399.64258333333333,51276.999572309505
B19049_003,2023,Maryland,24,Median household income ,Householder 25 to 44 years,105992,827,399.64258333333333,105991.99911594338
B19049_004,2023,Maryland,24,Median household income ,Householder 45 to 64 years,123120,1453,399.64258333333333,123119.9989730824
B19049_005,2023,Maryland,24,Median household income ,Householder 65 years and over,73716,854,399.64258333333333,73715.9993851506
B19049_001,2023,Massachusetts,25,Median household income ,All,101341,539,399.64258333333333,101340.99915473639
B19049_002,2023,Massachusetts,25,Median household income ,Householder under 25 years,55122,2179,399.64258333333333,55121.99954023919
B19049_003,2023,Massachusetts,25,Median household income ,Householder 25 to 44 years,116186,1319,399.64258333333333,116185.99903091742
B19049_004,2023,Massachusetts,25,Median household income ,Householder 45 to 64 years,124618,1122,399.64258333333333,124617.99896058791
B19049_005,2023,Massachusetts,25,Median household income ,Householder 65 years and over,64818,680,399.64258333333333,64817.999459366925
B19049_001,2023,Michigan,26,Median household income ,All,71149,286,399.64258333333333,71148.9994065614
B19049_002,2023,Michigan,26,Median household income ,Householder under 25 years,41222,943,399.64258333333333,41221.999656176115
B19049_003,2023,Michigan,26,Median household income ,Householder 25 to 44 years,79938,643,399.64258333333333,79937.99933325424
B19049_004,2023,Michigan,26,Median household income ,Householder 45 to 64 years,86768,620,399.64258333333333,86767.99927628666
B19049_005,2023,Michigan,26,Median household income ,Householder 65 years and over,54099,339,399.64258333333333,54098.99954877181
B19049_001,2023,Minnesota,27,Median household income ,All,87556,396,399.64258333333333,87555.99926971413
B19049_002,2023,Minnesota,27,Median household income ,Householder under 25 years,51213,1724,399.64258333333333,51212.99957284332
B19049_003,2023,Minnesota,27,Median household income ,Householder 25 to 44 years,100802,673,399.64258333333333,100801.99915923207
B19049_004,2023,Minnesota,27,Median household income ,Householder 45 to 64 years,108458,768,399.64258333333333,108457.99909537501
B19049_005,2023,Minnesota,27,Median household income ,Householder 65 years and over,59382,521,399.64258333333333,59381.99950470743
B19049_001,2023,Mississippi,28,Median household income ,All,54915,586,399.64258333333333,54914.99954196573
B19049_002,2023,Mississippi,28,Median household income ,Householder under 25 years,33943,2171,399.64258333333333,33942.9997168887
B19049_003,2023,Mississippi,28,Median household income ,Householder 25 to 44 years,60039,970,399.64258333333333,60038.99949922754
B19049_004,2023,Mississippi,28,Median household income ,Householder 45 to 64 years,65213,955,399.64258333333333,65212.99945607231
B19049_005,2023,Mississippi,28,Median household income ,Householder 65 years and over,42561,700,399.64258333333333,42560.999645007796
B19049_001,2023,Missouri,29,Median household income ,All,68920,368,399.64258333333333,68919.99942515302
B19049_002,2023,Missouri,29,Median household income ,Householder under 25 years,39123,1039,399.64258333333333,39122.99967368342
B19049_003,2023,Missouri,29,Median household income ,Householder 25 to 44 years,78933,813,399.64258333333333,78932.99934163672
B19049_004,2023,Missouri,29,Median household income ,Householder 45 to 64 years,82762,754,399.64258333333333,82761.99930969985
B19049_005,2023,Missouri,29,Median household income ,Householder 65 years and over,50896,488,399.64258333333333,50895.999575487345
B19049_001,2023,Montana,30,Median household income ,All,69922,768,399.64258333333333,69921.99941679554
B19049_002,2023,Montana,30,Median household income ,Householder under 25 years,40864,1685,399.64258333333333,40863.99965916212
B19049_003,2023,Montana,30,Median household income ,Householder 25 to 44 years,80985,1555,399.64258333333333,80984.99932452143
B19049_004,2023,Montana,30,Median household income ,Householder 45 to 64 years,82525,1632,399.64258333333333,82524.99931167663
B19049_005,2023,Montana,30,Median household income ,Householder 65 years and over,53576,1369,399.64258333333333,53575.99955313404
B19049_001,2023,Nebraska,31,Median household income ,All,74985,575,399.64258333333333,74984.99937456615
B19049_002,2023,Nebraska,31,Median household income ,Householder under 25 years,42053,1203,399.64258333333333,42052.99964924492
B19049_003,2023,Nebraska,31,Median household income ,Householder 25 to 44 years,85119,1102,399.64258333333333,85118.99929004062
B19049_004,2023,Nebraska,31,Median household income ,Householder 45 to 64 years,91617,1173,399.64258333333333,91616.99923584219
B19049_005,2023,Nebraska,31,Median household income ,Householder 65 years and over,55060,806,399.64258333333333,55059.99954075631
B19049_001,2023,Nevada,32,Median household income ,All,75561,714,399.64258333333333,75560.99936976186
B19049_002,2023,Nevada,32,Median household income ,Householder under 25 years,51016,1758,399.64258333333333,51015.99957448645
B19049_003,2023,Nevada,32,Median household income ,Householder 25 to 44 years,79717,1293,399.64258333333333,79716.99933509754
B19049_004,2023,Nevada,32,Median household income ,Householder 45 to 64 years,88942,1098,399.64258333333333,88941.9992581538
B19049_005,2023,Nevada,32,Median household income ,Householder 65 years and over,58830,971,399.64258333333333,58829.99950931155
B19049_001,2023,New Hampshire,33,Median household income ,All,95628,1073,399.64258333333333,95627.9992023873
B19049_002,2023,New Hampshire,33,Median household income ,Householder under 25 years,61942,4997,399.64258333333333,61941.99948335502
B19049_003,2023,New Hampshire,33,Median household income ,Householder 25 to 44 years,108640,1726,399.64258333333333,108639.999093857
B19049_004,2023,New Hampshire,33,Median household income ,Householder 45 to 64 years,116762,1875,399.64258333333333,116761.99902611313
B19049_005,2023,New Hampshire,33,Median household income ,Householder 65 years and over,63716,1334,399.64258333333333,63715.99946855847
B19049_001,2023,New Jersey,34,Median household income ,All,101050,527,399.64258333333333,101049.99915716356
B19049_002,2023,New Jersey,34,Median household income ,Householder under 25 years,53231,3083,399.64258333333333,53230.99955601161
B19049_003,2023,New Jersey,34,Median household income ,Householder 25 to 44 years,109946,1073,399.64258333333333,109945.99908296393
B19049_004,2023,New Jersey,34,Median household income ,Householder 45 to 64 years,122699,974,399.64258333333333,122698.99897659388
B19049_005,2023,New Jersey,34,Median household income ,Householder 65 years and over,69102,733,399.64258333333333,69101.99942363499
B19049_001,2023,New Mexico,35,Median household income ,All,62125,608,399.64258333333333,62124.99948182866
B19049_002,2023,New Mexico,35,Median household income ,Householder under 25 years,34497,1760,399.64258333333333,34496.9997122679
B19049_003,2023,New Mexico,35,Median household income ,Householder 25 to 44 years,67702,1217,399.64258333333333,67701.9994353121
B19049_004,2023,New Mexico,35,Median household income ,Householder 45 to 64 years,73136,1354,399.64258333333333,73135.99938998827
B19049_005,2023,New Mexico,35,Median household income ,Householder 65 years and over,51596,875,399.64258333333333,51595.9995696488
B19049_001,2023,New York,36,Median household income ,All,84578,372,399.64258333333333,84577.99929455298
B19049_002,2023,New York,36,Median household income ,Householder under 25 years,46866,1118,399.64258333333333,46865.99960910071
B19049_003,2023,New York,36,Median household income ,Householder 25 to 44 years,97722,903,399.64258333333333,97721.99918492169
B19049_004,2023,New York,36,Median household income ,Householder 45 to 64 years,100146,706,399.64258333333333,100145.99916470362
B19049_005,2023,New York,36,Median household income ,Householder 65 years and over,58643,467,399.64258333333333,58642.999510871276
B19049_001,2023,North Carolina,37,Median household income ,All,69904,346,399.64258333333333,69903.99941694568
B19049_002,2023,North Carolina,37,Median household income ,Householder under 25 years,41769,706,399.64258333333333,41768.9996516137
B19049_003,2023,North Carolina,37,Median household income ,Householder 25 to 44 years,77423,681,399.64258333333333,77422.99935423132
B19049_004,2023,North Carolina,37,Median household income ,Householder 45 to 64 years,83318,753,399.64258333333333,83317.99930506237
B19049_005,2023,North Carolina,37,Median household income ,Householder 65 years and over,51439,415,399.64258333333333,51438.9995709583
B19049_001,2023,North Dakota,38,Median household income ,All,75949,1002,399.64258333333333,75948.99936652563
B19049_002,2023,North Dakota,38,Median household income ,Householder under 25 years,42600,3346,399.64258333333333,42599.99964468251
B19049_003,2023,North Dakota,38,Median household income ,Householder 25 to 44 years,87075,2042,399.64258333333333,87074.99927372605
B19049_004,2023,North Dakota,38,Median household income ,Householder 45 to 64 years,94643,2026,399.64258333333333,94642.99921060297
B19049_005,2023,North Dakota,38,Median household income ,Householder 65 years and over,54965,1594,399.64258333333333,54964.999541548685
B19049_001,2023,Ohio,39,Median household income ,All,69680,287,399.64258333333333,69679.99941881403
B19049_002,2023,Ohio,39,Median household income ,Householder under 25 years,40634,776,399.64258333333333,40633.999661080496
B19049_003,2023,Ohio,39,Median household income ,Householder 25 to 44 years,78756,519,399.64258333333333,78755.99934311304
B19049_004,2023,Ohio,39,Median household income ,Householder 45 to 64 years,84899,609,399.64258333333333,84898.99929187559
B19049_005,2023,Ohio,39,Median household income ,Householder 65 years and over,51608,281,399.64258333333333,51607.99956954871
B19049_001,2023,Oklahoma,40,Median household income ,All,63603,419,399.64258333333333,63602.999469500974
B19049_002,2023,Oklahoma,40,Median household income ,Householder under 25 years,38294,1179,399.64258333333333,38293.99968059793
B19049_003,2023,Oklahoma,40,Median household income ,Householder 25 to 44 years,70936,621,399.64258333333333,70935.99940833799
B19049_004,2023,Oklahoma,40,Median household income ,Householder 45 to 64 years,74731,833,399.64258333333333,74730.9993766847
B19049_005,2023,Oklahoma,40,Median household income ,Householder 65 years and over,52191,510,399.64258333333333,52190.999564686026
B19049_001,2023,Oregon,41,Median household income ,All,80426,573,399.64258333333333,80425.99932918393
B19049_002,2023,Oregon,41,Median household income ,Householder under 25 years,44772,1294,399.64258333333333,44771.99962656632
B19049_003,2023,Oregon,41,Median household income ,Householder 25 to 44 years,91890,1013,399.64258333333333,91889.99923356516
B19049_004,2023,Oregon,41,Median household income ,Householder 45 to 64 years,95456,1087,399.64258333333333,95455.99920382192
B19049_005,2023,Oregon,41,Median household income ,Householder 65 years and over,59956,743,399.64258333333333,59955.999499919824
B19049_001,2023,Pennsylvania,42,Median household income ,All,76081,310,399.64258333333333,76080.99936542465
B19049_002,2023,Pennsylvania,42,Median household income ,Householder under 25 years,42188,687,399.64258333333333,42187.999648118916
B19049_003,2023,Pennsylvania,42,Median household income ,Householder 25 to 44 years,87985,617,399.64258333333333,87984.99926613593
B19049_004,2023,Pennsylvania,42,Median household income ,Householder 45 to 64 years,93356,663,399.64258333333333,93355.99922133757
B19049_005,2023,Pennsylvania,42,Median household income ,Householder 65 years and over,53582,367,399.64258333333333,53581.999553083995
B19049_001,2023,Rhode Island,44,Median household income ,All,86372,1274,399.64258333333333,86371.99927958961
B19049_002,2023,Rhode Island,44,Median household income ,Householder under 25 years,48239,5162,399.64258333333333,48238.99959764881
B19049_003,2023,Rhode Island,44,Median household income ,Householder 25 to 44 years,92918,1578,399.64258333333333,92917.99922499082
B19049_004,2023,Rhode Island,44,Median household income ,Householder 45 to 64 years,105071,2456,399.64258333333333,105070.99912362525
B19049_005,2023,Rhode Island,44,Median household income ,Householder 65 years and over,59716,1650,399.64258333333333,59715.999501921615
B19049_001,2023,South Carolina,45,Median household income ,All,66818,504,399.64258333333333,66817.99944268535
B19049_002,2023,South Carolina,45,Median household income ,Householder under 25 years,38327,1944,399.64258333333333,38326.99968032269
B19049_003,2023,South Carolina,45,Median household income ,Householder 25 to 44 years,74105,958,399.64258333333333,74104.99938190605
B19049_004,2023,South Carolina,45,Median household income ,Householder 45 to 64 years,78325,942,399.64258333333333,78324.99934670792
B19049_005,2023,South Carolina,45,Median household income ,Householder 65 years and over,52271,570,399.64258333333333,52270.99956401876
B19049_001,2023,South Dakota,46,Median household income ,All,72421,805,399.64258333333333,72420.99939595192
B19049_002,2023,South Dakota,46,Median household income ,Householder under 25 years,41629,2104,399.64258333333333,41628.999652781415
B19049_003,2023,South Dakota,46,Median household income ,Householder 25 to 44 years,81411,1246,399.64258333333333,81410.99932096826
B19049_004,2023,South Dakota,46,Median household income ,Householder 45 to 64 years,88440,1838,399.64258333333333,88439.99926234088
B19049_005,2023,South Dakota,46,Median household income ,Householder 65 years and over,53671,1185,399.64258333333333,53670.999552341666
B19049_001,2023,Tennessee,47,Median household income ,All,67097,360,399.64258333333333,67096.99944035827
B19049_002,2023,Tennessee,47,Median household income ,Householder under 25 years,42016,889,399.64258333333333,42015.99964955353
B19049_003,2023,Tennessee,47,Median household income ,Householder 25 to 44 years,74843,736,399.64258333333333,74842.99937575054
B19049_004,2023,Tennessee,47,Median household income ,Householder 45 to 64 years,79712,734,399.64258333333333,79711.99933513925
B19049_005,2023,Tennessee,47,Median household income ,Householder 65 years and over,50265,492,399.64258333333333,50264.99958075038
B19049_001,2023,Texas,48,Median household income ,All,76292,265,399.64258333333333,76291.99936366474
B19049_002,2023,Texas,48,Median household income ,Householder under 25 years,41078,677,399.64258333333333,41077.999657377186
B19049_003,2023,Texas,48,Median household income ,Householder 25 to 44 years,82249,486,399.64258333333333,82248.99931397868
B19049_004,2023,Texas,48,Median household income ,Householder 45 to 64 years,91649,521,399.64258333333333,91648.99923557529
B19049_005,2023,Texas,48,Median household income ,Householder 65 years and over,55974,371,399.64258333333333,55973.99953313283
B19049_001,2023,Utah,49,Median household income ,All,91750,634,399.64258333333333,91749.99923473287
B19049_002,2023,Utah,49,Median household income ,Householder under 25 years,53047,1564,399.64258333333333,53046.99955754632
B19049_003,2023,Utah,49,Median household income ,Householder 25 to 44 years,97590,952,399.64258333333333,97589.99918602267
B19049_004,2023,Utah,49,Median household income ,Householder 45 to 64 years,114782,1513,399.64258333333333,114781.99904262788
B19049_005,2023,Utah,49,Median household income ,Householder 65 years and over,67356,1024,399.64258333333333,67355.999438198
B19049_001,2023,Vermont,50,Median household income ,All,78024,1357,399.64258333333333,78023.9993492185
B19049_002,2023,Vermont,50,Median household income ,Householder under 25 years,43628,3271,399.64258333333333,43627.99963610818
B19049_003,2023,Vermont,50,Median household income ,Householder 25 to 44 years,93311,2084,399.64258333333333,93310.9992217129
B19049_004,2023,Vermont,50,Median household income ,Householder 45 to 64 years,93037,2354,399.64258333333333,93036.99922399828
B19049_005,2023,Vermont,50,Median household income ,Householder 65 years and over,57236,1310,399.64258333333333,57235.99952260676
B19049_001,2023,Virginia,51,Median household income ,All,90974,485,399.64258333333333,90973.99924120533
B19049_002,2023,Virginia,51,Median household income ,Householder under 25 years,46934,1165,399.64258333333333,46933.999608533544
B19049_003,2023,Virginia,51,Median household income ,Householder 25 to 44 years,98631,897,399.64258333333333,98630.99917733992
B19049_004,2023,Virginia,51,Median household income ,Householder 45 to 64 years,112425,995,399.64258333333333,112424.99906228711
B19049_005,2023,Virginia,51,Median household income ,Householder 65 years and over,64957,565,399.64258333333333,64956.99945820755
B19049_001,2023,Washington,53,Median household income ,All,94952,476,399.64258333333333,94951.99920802568
B19049_002,2023,Washington,53,Median household income ,Householder under 25 years,54782,1373,399.64258333333333,54781.99954307505
B19049_003,2023,Washington,53,Median household income ,Householder 25 to 44 years,107195,843,399.64258333333333,107194.99910590943
B19049_004,2023,Washington,53,Median household income ,Householder 45 to 64 years,115438,854,399.64258333333333,115437.99903715633
B19049_005,2023,Washington,53,Median household income ,Householder 65 years and over,65404,588,399.64258333333333,65403.99945447922
B19049_001,2023,West Virginia,54,Median household income ,All,57917,607,399.64258333333333,57916.999516926684
B19049_002,2023,West Virginia,54,Median household income ,Householder under 25 years,32481,1996,399.64258333333333,32480.999729082923
B19049_003,2023,West Virginia,54,Median household income ,Householder 25 to 44 years,68704,1236,399.64258333333333,68703.99942695463
B19049_004,2023,West Virginia,54,Median household income ,Householder 45 to 64 years,68993,1641,399.64258333333333,68992.99942454413
B19049_005,2023,West Virginia,54,Median household income ,Householder 65 years and over,45248,720,399.64258333333333,45247.99962259611
B19049_001,2023,Wisconsin,55,Median household income ,All,75670,402,399.64258333333333,75669.99936885272
B19049_002,2023,Wisconsin,55,Median household income ,Householder under 25 years,43435,1105,399.64258333333333,43434.999637717956
B19049_003,2023,Wisconsin,55,Median household income ,Householder 25 to 44 years,86719,905,399.64258333333333,86718.99927669537
B19049_004,2023,Wisconsin,55,Median household income ,Householder 45 to 64 years,92539,876,399.64258333333333,92538.999228152
B19049_005,2023,Wisconsin,55,Median household income ,Householder 65 years and over,55271,459,399.64258333333333,55270.99953899641
B19049_001,2023,Wyoming,56,Median household income ,All,74815,1225,399.64258333333333,74814.99937598409
B19049_002,2023,Wyoming,56,Median household income ,Householder under 25 years,39401,2927,399.64258333333333,39400.99967136468
B19049_003,2023,Wyoming,56,Median household income ,Householder 25 to 44 years,87117,1762,399.64258333333333,87116.99927337572
B19049_004,2023,Wyoming,56,Median household income ,Householder 45 to 64 years,89736,2736,399.64258333333333,89735.99925153122
B19049_005,2023,Wyoming,56,Median household income ,Householder 65 years and over,57153,1500,399.64258333333333,57152.99952329905
B19049_001,2023,Puerto Rico,72,Median household income ,All,25096,232,399.64258333333333,25095.99979067963
B19049_002,2023,Puerto Rico,72,Median household income ,Householder under 25 years,11151,1704,399.64258333333333,11150.999906991894
B19049_003,2023,Puerto Rico,72,Median household income ,Householder 25 to 44 years,28798,544,399.64258333333333,28797.999759802038
B19049_004,2023,Puerto Rico,72,Median household income ,Householder 45 to 64 years,30258,444,399.64258333333333,30257.999747624493
B19049_005,2023,Puerto Rico,72,Median household income ,Householder 65 years and over,20859,269,399.64258333333333,20858.999826019543
