variable,year,CBSA,fips,medhhincome,age,estimate,moe,index,adjusted
B19049_001,2010,"Blacksburg-Christiansburg-Radford, VA Metro Area",13980,Median household income in the past 12 months (in 2023 inflation-adjusted dollars) --,All,41377,998,249.38541666666666,66307.0489593317
B19049_002,2010,"Blacksburg-Christiansburg-Radford, VA Metro Area",13980,Median household income in the past 12 months (in 2023 inflation-adjusted dollars) --,Householder under 25 years,16179,1692,249.38541666666666,25927.00643142392
B19049_003,2010,"Blacksburg-Christiansburg-Radford, VA Metro Area",13980,Median household income in the past 12 months (in 2023 inflation-adjusted dollars) --,Householder 25 to 44 years,48346,2071,249.38541666666666,77474.93991801847
B19049_004,2010,"Blacksburg-Christiansburg-Radford, VA Metro Area",13980,Median household income in the past 12 months (in 2023 inflation-adjusted dollars) --,Householder 45 to 64 years,57001,3238,249.38541666666666,91344.66243881543
B19049_005,2010,"Blacksburg-Christiansburg-Radford, VA Metro Area",13980,Median household income in the past 12 months (in 2023 inflation-adjusted dollars) --,Householder 65 years and over,30835,2059,249.38541666666666,49413.3904019381
B19049_001,2010,"Bluefield, WV-VA Micro Area",14140,Median household income in the past 12 months (in 2023 inflation-adjusted dollars) --,All,33352,1154,249.38541666666666,53446.9076272236
B19049_002,2010,"Bluefield, WV-VA Micro Area",14140,Median household income in the past 12 months (in 2023 inflation-adjusted dollars) --,Householder under 25 years,15351,2900,249.38541666666666,24600.128297718562
B19049_003,2010,"Bluefield, WV-VA Micro Area",14140,Median household income in the past 12 months (in 2023 inflation-adjusted dollars) --,Householder 25 to 44 years,36058,2274,249.38541666666666,57783.29920911575
B19049_004,2010,"Bluefield, WV-VA Micro Area",14140,Median household income in the past 12 months (in 2023 inflation-adjusted dollars) --,Householder 45 to 64 years,40206,2077,249.38541666666666,64430.50995622907
B19049_005,2010,"Bluefield, WV-VA Micro Area",14140,Median household income in the past 12 months (in 2023 inflation-adjusted dollars) --,Householder 65 years and over,26058,1154,249.38541666666666,41758.20097595924
B19049_001,2010,"Charlottesville, VA Metro Area",16820,Median household income in the past 12 months (in 2023 inflation-adjusted dollars) --,All,56592,1168,249.38541666666666,90689.23592107934
B19049_002,2010,"Charlottesville, VA Metro Area",16820,Median household income in the past 12 months (in 2023 inflation-adjusted dollars) --,Householder under 25 years,20950,2438,249.38541666666666,33572.58079846289
B19049_003,2010,"Charlottesville, VA Metro Area",16820,Median household income in the past 12 months (in 2023 inflation-adjusted dollars) --,Householder 25 to 44 years,58249,2492,249.38541666666666,93344.59469831336
B19049_004,2010,"Charlottesville, VA Metro Area",16820,Median household income in the past 12 months (in 2023 inflation-adjusted dollars) --,Householder 45 to 64 years,70814,2978,249.38541666666666,113480.13062827452
B19049_005,2010,"Charlottesville, VA Metro Area",16820,Median household income in the past 12 months (in 2023 inflation-adjusted dollars) --,Householder 65 years and over,42881,3683,249.38541666666666,68717.22373359844
B19049_001,2010,"Culpeper, VA Micro Area",19020,Median household income in the past 12 months (in 2023 inflation-adjusted dollars) --,All,65132,3080,249.38541666666666,104374.66981219499
B19049_002,2010,"Culpeper, VA Micro Area",19020,Median household income in the past 12 months (in 2023 inflation-adjusted dollars) --,Householder under 25 years,36438,4946,249.38541666666666,58392.2529419757
B19049_003,2010,"Culpeper, VA Micro Area",19020,Median household income in the past 12 months (in 2023 inflation-adjusted dollars) --,Householder 25 to 44 years,71303,6381,249.38541666666666,114263.75793187588
B19049_004,2010,"Culpeper, VA Micro Area",19020,Median household income in the past 12 months (in 2023 inflation-adjusted dollars) --,Householder 45 to 64 years,77821,8579,249.38541666666666,124708.91696024728
B19049_005,2010,"Culpeper, VA Micro Area",19020,Median household income in the past 12 months (in 2023 inflation-adjusted dollars) --,Householder 65 years and over,38738,3612,249.38541666666666,62078.02553560169
B19049_001,2010,"Danville, VA Metro Area",19260,Median household income in the past 12 months (in 2023 inflation-adjusted dollars) --,All,35049,1068,249.38541666666666,56166.366797390256
B19049_002,2010,"Danville, VA Metro Area",19260,Median household income in the past 12 months (in 2023 inflation-adjusted dollars) --,Householder under 25 years,18815,1441,249.38541666666666,30151.222325683975
B19049_003,2010,"Danville, VA Metro Area",19260,Median household income in the past 12 months (in 2023 inflation-adjusted dollars) --,Householder 25 to 44 years,41816,2402,249.38541666666666,67010.55077176727
B19049_004,2010,"Danville, VA Metro Area",19260,Median household income in the past 12 months (in 2023 inflation-adjusted dollars) --,Householder 45 to 64 years,41944,1440,249.38541666666666,67215.67202915167
B19049_005,2010,"Danville, VA Metro Area",19260,Median household income in the past 12 months (in 2023 inflation-adjusted dollars) --,Householder 65 years and over,24201,1269,249.38541666666666,38782.340234062074
B19049_001,2010,"Harrisonburg, VA Metro Area",25500,Median household income in the past 12 months (in 2023 inflation-adjusted dollars) --,All,45805,1334,249.38541666666666,73402.9624569734
B19049_002,2010,"Harrisonburg, VA Metro Area",25500,Median household income in the past 12 months (in 2023 inflation-adjusted dollars) --,Householder under 25 years,18115,3031,249.38541666666666,29029.465449363022
B19049_003,2010,"Harrisonburg, VA Metro Area",25500,Median household income in the past 12 months (in 2023 inflation-adjusted dollars) --,Householder 25 to 44 years,51690,1813,249.38541666666666,82833.73276718601
B19049_004,2010,"Harrisonburg, VA Metro Area",25500,Median household income in the past 12 months (in 2023 inflation-adjusted dollars) --,Householder 45 to 64 years,58975,2666,249.38541666666666,94508.01683004053
B19049_005,2010,"Harrisonburg, VA Metro Area",25500,Median household income in the past 12 months (in 2023 inflation-adjusted dollars) --,Householder 65 years and over,32338,1928,249.38541666666666,51821.96266638153
B19049_001,2010,"Kingsport-Bristol-Bristol, TN-VA Metro Area",28700,Median household income in the past 12 months (in 2023 inflation-adjusted dollars) --,All,37749,713,249.38541666666666,60493.14332034252
B19049_002,2010,"Kingsport-Bristol-Bristol, TN-VA Metro Area",28700,Median household income in the past 12 months (in 2023 inflation-adjusted dollars) --,Householder under 25 years,21093,1596,249.38541666666666,33801.73970319703
B19049_003,2010,"Kingsport-Bristol-Bristol, TN-VA Metro Area",28700,Median household income in the past 12 months (in 2023 inflation-adjusted dollars) --,Householder 25 to 44 years,42435,1918,249.38541666666666,68002.50435239966
B19049_004,2010,"Kingsport-Bristol-Bristol, TN-VA Metro Area",28700,Median household income in the past 12 months (in 2023 inflation-adjusted dollars) --,Householder 45 to 64 years,46717,1259,249.38541666666666,74864.45141583728
B19049_005,2010,"Kingsport-Bristol-Bristol, TN-VA Metro Area",28700,Median household income in the past 12 months (in 2023 inflation-adjusted dollars) --,Householder 65 years and over,27770,1025,249.38541666666666,44501.697793475636
B19049_001,2010,"Lynchburg, VA Metro Area",31340,Median household income in the past 12 months (in 2023 inflation-adjusted dollars) --,All,44560,997,249.38541666666666,71407.83772694542
B19049_002,2010,"Lynchburg, VA Metro Area",31340,Median household income in the past 12 months (in 2023 inflation-adjusted dollars) --,Householder under 25 years,23903,3307,249.38541666666666,38304.79230671401
B19049_003,2010,"Lynchburg, VA Metro Area",31340,Median household income in the past 12 months (in 2023 inflation-adjusted dollars) --,Householder 25 to 44 years,50702,1936,249.38541666666666,81250.45306175014
B19049_004,2010,"Lynchburg, VA Metro Area",31340,Median household income in the past 12 months (in 2023 inflation-adjusted dollars) --,Householder 45 to 64 years,55047,1709,249.38541666666666,88213.35824405665
B19049_005,2010,"Lynchburg, VA Metro Area",31340,Median household income in the past 12 months (in 2023 inflation-adjusted dollars) --,Householder 65 years and over,31897,1319,249.38541666666666,51115.25583429933
B19049_001,2010,"Martinsville, VA Micro Area",32300,Median household income in the past 12 months (in 2023 inflation-adjusted dollars) --,All,33642,1423,249.38541666666666,53911.63547598514
B19049_002,2010,"Martinsville, VA Micro Area",32300,Median household income in the past 12 months (in 2023 inflation-adjusted dollars) --,Householder under 25 years,21027,7086,249.38541666666666,33695.9740548582
B19049_003,2010,"Martinsville, VA Micro Area",32300,Median household income in the past 12 months (in 2023 inflation-adjusted dollars) --,Householder 25 to 44 years,35768,2708,249.38541666666666,57318.57136035421
B19049_004,2010,"Martinsville, VA Micro Area",32300,Median household income in the past 12 months (in 2023 inflation-adjusted dollars) --,Householder 45 to 64 years,43864,2260,249.38541666666666,70292.49088991772
B19049_005,2010,"Martinsville, VA Micro Area",32300,Median household income in the past 12 months (in 2023 inflation-adjusted dollars) --,Householder 65 years and over,25421,1844,249.38541666666666,40737.402218507166
B19049_001,2010,"Richmond, VA Metro Area",40060,Median household income in the past 12 months (in 2023 inflation-adjusted dollars) --,All,57543,551,249.38541666666666,92213.22276305252
B19049_002,2010,"Richmond, VA Metro Area",40060,Median household income in the past 12 months (in 2023 inflation-adjusted dollars) --,Householder under 25 years,29959,1433,249.38541666666666,48009.59179671359
B19049_003,2010,"Richmond, VA Metro Area",40060,Median household income in the past 12 months (in 2023 inflation-adjusted dollars) --,Householder 25 to 44 years,61744,914,249.38541666666666,98945.36653080156
B19049_004,2010,"Richmond, VA Metro Area",40060,Median household income in the past 12 months (in 2023 inflation-adjusted dollars) --,Householder 45 to 64 years,69590,1026,249.38541666666666,111518.65860453616
B19049_005,2010,"Richmond, VA Metro Area",40060,Median household income in the past 12 months (in 2023 inflation-adjusted dollars) --,Householder 65 years and over,38463,849,249.38541666666666,61637.33533418989
B19049_001,2010,"Roanoke, VA Metro Area",40220,Median household income in the past 12 months (in 2023 inflation-adjusted dollars) --,All,48032,807,249.38541666666666,76971.75183349736
B19049_002,2010,"Roanoke, VA Metro Area",40220,Median household income in the past 12 months (in 2023 inflation-adjusted dollars) --,Householder under 25 years,30587,3485,249.38541666666666,49015.96796575582
B19049_003,2010,"Roanoke, VA Metro Area",40220,Median household income in the past 12 months (in 2023 inflation-adjusted dollars) --,Householder 25 to 44 years,53382,1989,249.38541666666666,85545.1793882361
B19049_004,2010,"Roanoke, VA Metro Area",40220,Median household income in the past 12 months (in 2023 inflation-adjusted dollars) --,Householder 45 to 64 years,55734,1606,249.38541666666666,89314.28249267451
B19049_005,2010,"Roanoke, VA Metro Area",40220,Median household income in the past 12 months (in 2023 inflation-adjusted dollars) --,Householder 65 years and over,34007,1220,249.38541666666666,54496.55156149535
B19049_001,2010,"Staunton-Waynesboro, VA Micro Area",44420,Median household income in the past 12 months (in 2023 inflation-adjusted dollars) --,All,46776,1334,249.38541666666666,74958.99949541289
B19049_002,2010,"Staunton-Waynesboro, VA Micro Area",44420,Median household income in the past 12 months (in 2023 inflation-adjusted dollars) --,Householder under 25 years,32071,5937,249.38541666666666,51394.092543556246
B19049_003,2010,"Staunton-Waynesboro, VA Micro Area",44420,Median household income in the past 12 months (in 2023 inflation-adjusted dollars) --,Householder 25 to 44 years,49913,2609,249.38541666666666,79986.0728111541
B19049_004,2010,"Staunton-Waynesboro, VA Micro Area",44420,Median household income in the past 12 months (in 2023 inflation-adjusted dollars) --,Householder 45 to 64 years,56576,3250,249.38541666666666,90663.59576390628
B19049_005,2010,"Staunton-Waynesboro, VA Micro Area",44420,Median household income in the past 12 months (in 2023 inflation-adjusted dollars) --,Householder 65 years and over,30387,2211,249.38541666666666,48695.46600109269
B19049_001,2010,"Virginia Beach-Norfolk-Newport News, VA-NC Metro Area",47260,Median household income in the past 12 months (in 2023 inflation-adjusted dollars) --,All,57605,467,249.38541666666666,92312.57837209808
B19049_002,2010,"Virginia Beach-Norfolk-Newport News, VA-NC Metro Area",47260,Median household income in the past 12 months (in 2023 inflation-adjusted dollars) --,Householder under 25 years,34716,1536,249.38541666666666,55632.731026226145
B19049_003,2010,"Virginia Beach-Norfolk-Newport News, VA-NC Metro Area",47260,Median household income in the past 12 months (in 2023 inflation-adjusted dollars) --,Householder 25 to 44 years,59729,707,249.38541666666666,95716.30923682053
B19049_004,2010,"Virginia Beach-Norfolk-Newport News, VA-NC Metro Area",47260,Median household income in the past 12 months (in 2023 inflation-adjusted dollars) --,Householder 45 to 64 years,69651,850,249.38541666666666,111616.41170375842
B19049_005,2010,"Virginia Beach-Norfolk-Newport News, VA-NC Metro Area",47260,Median household income in the past 12 months (in 2023 inflation-adjusted dollars) --,Householder 65 years and over,41481,794,249.38541666666666,66473.70998095653
B19049_001,2010,"Washington-Arlington-Alexandria, DC-VA-MD-WV Metro Area",47900,Median household income in the past 12 months (in 2023 inflation-adjusted dollars) --,All,85660,412,249.38541666666666,137270.99146521869
B19049_002,2010,"Washington-Arlington-Alexandria, DC-VA-MD-WV Metro Area",47900,Median household income in the past 12 months (in 2023 inflation-adjusted dollars) --,Householder under 25 years,42988,972,249.38541666666666,68888.69228469321
B19049_003,2010,"Washington-Arlington-Alexandria, DC-VA-MD-WV Metro Area",47900,Median household income in the past 12 months (in 2023 inflation-adjusted dollars) --,Householder 25 to 44 years,86011,586,249.38541666666666,137833.4724132025
B19049_004,2010,"Washington-Arlington-Alexandria, DC-VA-MD-WV Metro Area",47900,Median household income in the past 12 months (in 2023 inflation-adjusted dollars) --,Householder 45 to 64 years,102673,816,249.38541666666666,164534.49108928785
B19049_005,2010,"Washington-Arlington-Alexandria, DC-VA-MD-WV Metro Area",47900,Median household income in the past 12 months (in 2023 inflation-adjusted dollars) --,Householder 65 years and over,58114,805,249.38541666666666,93128.25587216576
B19049_001,2010,"Winchester, VA-WV Metro Area",49020,Median household income in the past 12 months (in 2023 inflation-adjusted dollars) --,All,51188,1488,249.38541666666666,82029.27283588155
B19049_002,2010,"Winchester, VA-WV Metro Area",49020,Median household income in the past 12 months (in 2023 inflation-adjusted dollars) --,Householder under 25 years,26525,7364,249.38541666666666,42506.57306344765
B19049_003,2010,"Winchester, VA-WV Metro Area",49020,Median household income in the past 12 months (in 2023 inflation-adjusted dollars) --,Householder 25 to 44 years,56250,3323,249.38541666666666,90141.17756150538
B19049_004,2010,"Winchester, VA-WV Metro Area",49020,Median household income in the past 12 months (in 2023 inflation-adjusted dollars) --,Householder 45 to 64 years,61134,2058,249.38541666666666,97967.83553857902
B19049_005,2010,"Winchester, VA-WV Metro Area",49020,Median household income in the past 12 months (in 2023 inflation-adjusted dollars) --,Householder 65 years and over,31854,1979,249.38541666666666,51046.34791189675
B19049_001,2011,"Blacksburg-Christiansburg-Radford, VA Metro Area",13980,Median household income in the past 12 months (in 2023 inflation-adjusted dollars) --,All,42468,1284,253.63816666666668,66914.30280579487
B19049_002,2011,"Blacksburg-Christiansburg-Radford, VA Metro Area",13980,Median household income in the past 12 months (in 2023 inflation-adjusted dollars) --,Householder under 25 years,16933,2319,253.63816666666668,26680.321404599334
B19049_003,2011,"Blacksburg-Christiansburg-Radford, VA Metro Area",13980,Median household income in the past 12 months (in 2023 inflation-adjusted dollars) --,Householder 25 to 44 years,49768,2497,253.63816666666668,78416.47880848637
B19049_004,2011,"Blacksburg-Christiansburg-Radford, VA Metro Area",13980,Median household income in the past 12 months (in 2023 inflation-adjusted dollars) --,Householder 45 to 64 years,58574,3149,253.63816666666668,92291.5694769386
B19049_005,2011,"Blacksburg-Christiansburg-Radford, VA Metro Area",13980,Median household income in the past 12 months (in 2023 inflation-adjusted dollars) --,Householder 65 years and over,32983,2001,253.63816666666668,51969.35220503749
B19049_001,2011,"Bluefield, WV-VA Micro Area",14140,Median household income in the past 12 months (in 2023 inflation-adjusted dollars) --,All,34806,1259,253.63816666666668,54841.74492461373
B19049_002,2011,"Bluefield, WV-VA Micro Area",14140,Median household income in the past 12 months (in 2023 inflation-adjusted dollars) --,Householder under 25 years,14820,3902,253.63816666666668,23350.992926012055
B19049_003,2011,"Bluefield, WV-VA Micro Area",14140,Median household income in the past 12 months (in 2023 inflation-adjusted dollars) --,Householder 25 to 44 years,37842,2953,253.63816666666668,59625.38962929475
B19049_004,2011,"Bluefield, WV-VA Micro Area",14140,Median household income in the past 12 months (in 2023 inflation-adjusted dollars) --,Householder 45 to 64 years,41812,2464,253.63816666666668,65880.68260610095
B19049_005,2011,"Bluefield, WV-VA Micro Area",14140,Median household income in the past 12 months (in 2023 inflation-adjusted dollars) --,Householder 65 years and over,27068,1128,253.63816666666668,42649.438361760745
B19049_001,2011,"Charlottesville, VA Metro Area",16820,Median household income in the past 12 months (in 2023 inflation-adjusted dollars) --,All,58026,1595,253.63816666666668,91428.11845646257
B19049_002,2011,"Charlottesville, VA Metro Area",16820,Median household income in the past 12 months (in 2023 inflation-adjusted dollars) --,Householder under 25 years,20696,4627,253.63816666666668,32609.456787904553
B19049_003,2011,"Charlottesville, VA Metro Area",16820,Median household income in the past 12 months (in 2023 inflation-adjusted dollars) --,Householder 25 to 44 years,60949,2909,253.63816666666668,96033.71577918412
B19049_004,2011,"Charlottesville, VA Metro Area",16820,Median household income in the past 12 months (in 2023 inflation-adjusted dollars) --,Householder 45 to 64 years,72439,3009,253.63816666666668,114137.82567931087
B19049_005,2011,"Charlottesville, VA Metro Area",16820,Median household income in the past 12 months (in 2023 inflation-adjusted dollars) --,Householder 65 years and over,46545,2330,253.63816666666668,73338.18932127065
B19049_001,2011,"Culpeper, VA Micro Area",19020,Median household income in the past 12 months (in 2023 inflation-adjusted dollars) --,All,66458,3224,253.63816666666668,104713.91955984541
B19049_002,2011,"Culpeper, VA Micro Area",19020,Median household income in the past 12 months (in 2023 inflation-adjusted dollars) --,Householder under 25 years,37560,6486,253.63816666666668,59181.058994670224
B19049_003,2011,"Culpeper, VA Micro Area",19020,Median household income in the past 12 months (in 2023 inflation-adjusted dollars) --,Householder 25 to 44 years,74167,8746,253.63816666666668,116860.5325467973
B19049_004,2011,"Culpeper, VA Micro Area",19020,Median household income in the past 12 months (in 2023 inflation-adjusted dollars) --,Householder 45 to 64 years,78081,6105,253.63816666666668,123027.58965289792
B19049_005,2011,"Culpeper, VA Micro Area",19020,Median household income in the past 12 months (in 2023 inflation-adjusted dollars) --,Householder 65 years and over,40833,5018,253.63816666666668,64338.130509301634
B19049_001,2011,"Danville, VA Metro Area",19260,Median household income in the past 12 months (in 2023 inflation-adjusted dollars) --,All,36102,1023,253.63816666666668,56883.77507522855
B19049_002,2011,"Danville, VA Metro Area",19260,Median household income in the past 12 months (in 2023 inflation-adjusted dollars) --,Householder under 25 years,19410,2642,253.63816666666668,30583.18304277287
B19049_003,2011,"Danville, VA Metro Area",19260,Median household income in the past 12 months (in 2023 inflation-adjusted dollars) --,Householder 25 to 44 years,42450,2391,253.63816666666668,66885.94127592522
B19049_004,2011,"Danville, VA Metro Area",19260,Median household income in the past 12 months (in 2023 inflation-adjusted dollars) --,Householder 45 to 64 years,43418,1654,253.63816666666668,68411.16132669308
B19049_005,2011,"Danville, VA Metro Area",19260,Median household income in the past 12 months (in 2023 inflation-adjusted dollars) --,Householder 65 years and over,25598,1439,253.63816666666668,40333.24675573931
B19049_001,2011,"Harrisonburg, VA Metro Area",25500,Median household income in the past 12 months (in 2023 inflation-adjusted dollars) --,All,47222,1233,253.63816666666668,74404.89797247916
B19049_002,2011,"Harrisonburg, VA Metro Area",25500,Median household income in the past 12 months (in 2023 inflation-adjusted dollars) --,Householder under 25 years,18645,2646,253.63816666666668,29377.818023312735
B19049_003,2011,"Harrisonburg, VA Metro Area",25500,Median household income in the past 12 months (in 2023 inflation-adjusted dollars) --,Householder 25 to 44 years,53578,2992,253.63816666666668,84419.66929756233
B19049_004,2011,"Harrisonburg, VA Metro Area",25500,Median household income in the past 12 months (in 2023 inflation-adjusted dollars) --,Householder 45 to 64 years,60884,1682,253.63816666666668,95931.29914354371
B19049_005,2011,"Harrisonburg, VA Metro Area",25500,Median household income in the past 12 months (in 2023 inflation-adjusted dollars) --,Householder 65 years and over,33098,1803,253.63816666666668,52150.55086809359
B19049_001,2011,"Kingsport-Bristol-Bristol, TN-VA Metro Area",28700,Median household income in the past 12 months (in 2023 inflation-adjusted dollars) --,All,38931,720,253.63816666666668,61341.26218640859
B19049_002,2011,"Kingsport-Bristol-Bristol, TN-VA Metro Area",28700,Median household income in the past 12 months (in 2023 inflation-adjusted dollars) --,Householder under 25 years,20727,2287,253.63816666666668,32658.301644902283
B19049_003,2011,"Kingsport-Bristol-Bristol, TN-VA Metro Area",28700,Median household income in the past 12 months (in 2023 inflation-adjusted dollars) --,Householder 25 to 44 years,44572,1723,253.63816666666668,70229.45051944732
B19049_004,2011,"Kingsport-Bristol-Bristol, TN-VA Metro Area",28700,Median household income in the past 12 months (in 2023 inflation-adjusted dollars) --,Householder 45 to 64 years,48163,1503,253.63816666666668,75887.57572844255
B19049_005,2011,"Kingsport-Bristol-Bristol, TN-VA Metro Area",28700,Median household income in the past 12 months (in 2023 inflation-adjusted dollars) --,Householder 65 years and over,28581,996,253.63816666666668,45033.38251135968
B19049_001,2011,"Lynchburg, VA Metro Area",31340,Median household income in the past 12 months (in 2023 inflation-adjusted dollars) --,All,45512,1172,253.63816666666668,71710.55263486238
B19049_002,2011,"Lynchburg, VA Metro Area",31340,Median household income in the past 12 months (in 2023 inflation-adjusted dollars) --,Householder under 25 years,23100,3896,253.63816666666668,36397.296666051174
B19049_003,2011,"Lynchburg, VA Metro Area",31340,Median household income in the past 12 months (in 2023 inflation-adjusted dollars) --,Householder 25 to 44 years,50916,1697,253.63816666666668,80225.31415795072
B19049_004,2011,"Lynchburg, VA Metro Area",31340,Median household income in the past 12 months (in 2023 inflation-adjusted dollars) --,Householder 45 to 64 years,57258,1963,253.63816666666668,90218.0265153575
B19049_005,2011,"Lynchburg, VA Metro Area",31340,Median household income in the past 12 months (in 2023 inflation-adjusted dollars) --,Householder 65 years and over,33484,1272,253.63816666666668,52758.748119742755
B19049_001,2011,"Martinsville, VA Micro Area",32300,Median household income in the past 12 months (in 2023 inflation-adjusted dollars) --,All,33464,1152,253.63816666666668,52727.23530877648
B19049_002,2011,"Martinsville, VA Micro Area",32300,Median household income in the past 12 months (in 2023 inflation-adjusted dollars) --,Householder under 25 years,19600,3977,253.63816666666668,30882.554746952515
B19049_003,2011,"Martinsville, VA Micro Area",32300,Median household income in the past 12 months (in 2023 inflation-adjusted dollars) --,Householder 25 to 44 years,32669,2084,253.63816666666668,51474.60107286692
B19049_004,2011,"Martinsville, VA Micro Area",32300,Median household income in the past 12 months (in 2023 inflation-adjusted dollars) --,Householder 45 to 64 years,43551,2767,253.63816666666668,68620.72151961882
B19049_005,2011,"Martinsville, VA Micro Area",32300,Median household income in the past 12 months (in 2023 inflation-adjusted dollars) --,Householder 65 years and over,27534,2045,253.63816666666668,43383.686857275025
B19049_001,2011,"Richmond, VA Metro Area",40060,Median household income in the past 12 months (in 2023 inflation-adjusted dollars) --,All,58889,526,253.63816666666668,92787.89624965748
B19049_002,2011,"Richmond, VA Metro Area",40060,Median household income in the past 12 months (in 2023 inflation-adjusted dollars) --,Householder under 25 years,28127,1844,253.63816666666668,44318.04170242517
B19049_003,2011,"Richmond, VA Metro Area",40060,Median household income in the past 12 months (in 2023 inflation-adjusted dollars) --,Householder 25 to 44 years,63112,928,253.63816666666668,99441.8262851871
B19049_004,2011,"Richmond, VA Metro Area",40060,Median household income in the past 12 months (in 2023 inflation-adjusted dollars) --,Householder 45 to 64 years,70807,1043,253.63816666666668,111566.38030446258
B19049_005,2011,"Richmond, VA Metro Area",40060,Median household income in the past 12 months (in 2023 inflation-adjusted dollars) --,Householder 65 years and over,40415,848,253.63816666666668,63679.51276010642
B19049_001,2011,"Roanoke, VA Metro Area",40220,Median household income in the past 12 months (in 2023 inflation-adjusted dollars) --,All,49540,772,253.63816666666668,78057.23276347079
B19049_002,2011,"Roanoke, VA Metro Area",40220,Median household income in the past 12 months (in 2023 inflation-adjusted dollars) --,Householder under 25 years,32408,5004,253.63816666666668,51063.35888975699
B19049_003,2011,"Roanoke, VA Metro Area",40220,Median household income in the past 12 months (in 2023 inflation-adjusted dollars) --,Householder 25 to 44 years,56895,2324,253.63816666666668,89646.06899631956
B19049_004,2011,"Roanoke, VA Metro Area",40220,Median household income in the past 12 months (in 2023 inflation-adjusted dollars) --,Householder 45 to 64 years,56421,1374,253.63816666666668,88899.21537641877
B19049_005,2011,"Roanoke, VA Metro Area",40220,Median household income in the past 12 months (in 2023 inflation-adjusted dollars) --,Householder 65 years and over,35484,1251,253.63816666666668,55910.02921637056
B19049_001,2011,"Staunton-Waynesboro, VA Micro Area",44420,Median household income in the past 12 months (in 2023 inflation-adjusted dollars) --,All,47916,1487,253.63816666666668,75498.392513009
B19049_002,2011,"Staunton-Waynesboro, VA Micro Area",44420,Median household income in the past 12 months (in 2023 inflation-adjusted dollars) --,Householder under 25 years,30022,8763,253.63816666666668,47303.880541480015
B19049_003,2011,"Staunton-Waynesboro, VA Micro Area",44420,Median household income in the past 12 months (in 2023 inflation-adjusted dollars) --,Householder 25 to 44 years,51417,1939,253.63816666666668,81014.71007265599
B19049_004,2011,"Staunton-Waynesboro, VA Micro Area",44420,Median household income in the past 12 months (in 2023 inflation-adjusted dollars) --,Householder 45 to 64 years,59902,2397,253.63816666666668,94384.02012509946
B19049_005,2011,"Staunton-Waynesboro, VA Micro Area",44420,Median household income in the past 12 months (in 2023 inflation-adjusted dollars) --,Householder 65 years and over,31220,2401,253.63816666666668,49191.49791836007
B19049_001,2011,"Virginia Beach-Norfolk-Newport News, VA-NC Metro Area",47260,Median household income in the past 12 months (in 2023 inflation-adjusted dollars) --,All,59211,453,253.63816666666668,93295.25250621456
B19049_002,2011,"Virginia Beach-Norfolk-Newport News, VA-NC Metro Area",47260,Median household income in the past 12 months (in 2023 inflation-adjusted dollars) --,Householder under 25 years,36150,1687,253.63816666666668,56959.40582154762
B19049_003,2011,"Virginia Beach-Norfolk-Newport News, VA-NC Metro Area",47260,Median household income in the past 12 months (in 2023 inflation-adjusted dollars) --,Householder 25 to 44 years,60889,727,253.63816666666668,95939.17734628529
B19049_004,2011,"Virginia Beach-Norfolk-Newport News, VA-NC Metro Area",47260,Median household income in the past 12 months (in 2023 inflation-adjusted dollars) --,Householder 45 to 64 years,71902,1000,253.63816666666668,113291.70670486632
B19049_005,2011,"Virginia Beach-Norfolk-Newport News, VA-NC Metro Area",47260,Median household income in the past 12 months (in 2023 inflation-adjusted dollars) --,Householder 65 years and over,43135,618,253.63816666666668,67965.25505152025
B19049_001,2011,"Washington-Arlington-Alexandria, DC-VA-MD-WV Metro Area",47900,Median household income in the past 12 months (in 2023 inflation-adjusted dollars) --,All,88486,384,253.63816666666668,139422.1295581041
B19049_002,2011,"Washington-Arlington-Alexandria, DC-VA-MD-WV Metro Area",47900,Median household income in the past 12 months (in 2023 inflation-adjusted dollars) --,Householder under 25 years,43367,1125,253.63816666666668,68330.80365872907
B19049_003,2011,"Washington-Arlington-Alexandria, DC-VA-MD-WV Metro Area",47900,Median household income in the past 12 months (in 2023 inflation-adjusted dollars) --,Householder 25 to 44 years,88634,614,253.63816666666668,139655.32435925453
B19049_004,2011,"Washington-Arlington-Alexandria, DC-VA-MD-WV Metro Area",47900,Median household income in the past 12 months (in 2023 inflation-adjusted dollars) --,Householder 45 to 64 years,106035,790,253.63816666666668,167073.04554046478
B19049_005,2011,"Washington-Arlington-Alexandria, DC-VA-MD-WV Metro Area",47900,Median household income in the past 12 months (in 2023 inflation-adjusted dollars) --,Householder 65 years and over,60971,743,253.63816666666668,96068.37987124703
B19049_001,2011,"Winchester, VA-WV Metro Area",49020,Median household income in the past 12 months (in 2023 inflation-adjusted dollars) --,All,52164,1703,253.63816666666668,82191.71356224647
B19049_002,2011,"Winchester, VA-WV Metro Area",49020,Median household income in the past 12 months (in 2023 inflation-adjusted dollars) --,Householder under 25 years,27648,7911,253.63816666666668,43563.30987978281
B19049_003,2011,"Winchester, VA-WV Metro Area",49020,Median household income in the past 12 months (in 2023 inflation-adjusted dollars) --,Householder 25 to 44 years,56663,3203,253.63816666666668,89280.52038911072
B19049_004,2011,"Winchester, VA-WV Metro Area",49020,Median household income in the past 12 months (in 2023 inflation-adjusted dollars) --,Householder 45 to 64 years,62023,2461,253.63816666666668,97725.95372807325
B19049_005,2011,"Winchester, VA-WV Metro Area",49020,Median household income in the past 12 months (in 2023 inflation-adjusted dollars) --,Householder 65 years and over,33981,1819,253.63816666666668,53541.84147225476
B19049_001,2012,"Blacksburg-Christiansburg-Radford, VA Metro Area",13980,Median household income in the past 12 months (in 2023 inflation-adjusted dollars) --,All,43131,960,260.3668333333333,66202.68755933456
B19049_002,2012,"Blacksburg-Christiansburg-Radford, VA Metro Area",13980,Median household income in the past 12 months (in 2023 inflation-adjusted dollars) --,Householder under 25 years,15555,2449,260.3668333333333,23875.69972839603
B19049_003,2012,"Blacksburg-Christiansburg-Radford, VA Metro Area",13980,Median household income in the past 12 months (in 2023 inflation-adjusted dollars) --,Householder 25 to 44 years,50447,2327,260.3668333333333,77432.17127601379
B19049_004,2012,"Blacksburg-Christiansburg-Radford, VA Metro Area",13980,Median household income in the past 12 months (in 2023 inflation-adjusted dollars) --,Householder 45 to 64 years,56658,2389,260.3668333333333,86965.5670338452
B19049_005,2012,"Blacksburg-Christiansburg-Radford, VA Metro Area",13980,Median household income in the past 12 months (in 2023 inflation-adjusted dollars) --,Householder 65 years and over,35178,1848,260.3668333333333,53995.45901931955
B19049_001,2012,"Bluefield, WV-VA Micro Area",14140,Median household income in the past 12 months (in 2023 inflation-adjusted dollars) --,All,35088,1166,260.3668333333333,53857.316108644154
B19049_002,2012,"Bluefield, WV-VA Micro Area",14140,Median household income in the past 12 months (in 2023 inflation-adjusted dollars) --,Householder under 25 years,17486,5251,260.3668333333333,26839.632622997942
B19049_003,2012,"Bluefield, WV-VA Micro Area",14140,Median household income in the past 12 months (in 2023 inflation-adjusted dollars) --,Householder 25 to 44 years,38089,2656,260.3668333333333,58463.61471905345
B19049_004,2012,"Bluefield, WV-VA Micro Area",14140,Median household income in the past 12 months (in 2023 inflation-adjusted dollars) --,Householder 45 to 64 years,42549,2140,260.3668333333333,65309.36340363373
B19049_005,2012,"Bluefield, WV-VA Micro Area",14140,Median household income in the past 12 months (in 2023 inflation-adjusted dollars) --,Householder 65 years and over,27899,1484,260.3668333333333,42822.7673881402
B19049_001,2012,"Charlottesville, VA Metro Area",16820,Median household income in the past 12 months (in 2023 inflation-adjusted dollars) --,All,59526,1396,260.3668333333333,91367.72112070087
B19049_002,2012,"Charlottesville, VA Metro Area",16820,Median household income in the past 12 months (in 2023 inflation-adjusted dollars) --,Householder under 25 years,20303,5579,260.3668333333333,31163.505727137548
B19049_003,2012,"Charlottesville, VA Metro Area",16820,Median household income in the past 12 months (in 2023 inflation-adjusted dollars) --,Householder 25 to 44 years,61029,1929,260.3668333333333,93674.70772897983
B19049_004,2012,"Charlottesville, VA Metro Area",16820,Median household income in the past 12 months (in 2023 inflation-adjusted dollars) --,Householder 45 to 64 years,74088,2872,260.3668333333333,113719.24406797846
B19049_005,2012,"Charlottesville, VA Metro Area",16820,Median household income in the past 12 months (in 2023 inflation-adjusted dollars) --,Householder 65 years and over,48032,2298,260.3668333333333,73725.33650622424
B19049_001,2012,"Culpeper, VA Micro Area",19020,Median household income in the past 12 months (in 2023 inflation-adjusted dollars) --,All,65567,3292,260.3668333333333,100640.18026947878
B19049_002,2012,"Culpeper, VA Micro Area",19020,Median household income in the past 12 months (in 2023 inflation-adjusted dollars) --,Householder under 25 years,37042,6627,260.3668333333333,56856.55219152978
B19049_003,2012,"Culpeper, VA Micro Area",19020,Median household income in the past 12 months (in 2023 inflation-adjusted dollars) --,Householder 25 to 44 years,69318,5728,260.3668333333333,106397.66980218297
B19049_004,2012,"Culpeper, VA Micro Area",19020,Median household income in the past 12 months (in 2023 inflation-adjusted dollars) --,Householder 45 to 64 years,78140,9863,260.3668333333333,119938.74489083032
B19049_005,2012,"Culpeper, VA Micro Area",19020,Median household income in the past 12 months (in 2023 inflation-adjusted dollars) --,Householder 65 years and over,46131,4653,260.3668333333333,70807.45124851413
B19049_001,2012,"Danville, VA Metro Area",19260,Median household income in the past 12 months (in 2023 inflation-adjusted dollars) --,All,36971,1222,260.3668333333333,56747.5727842192
B19049_002,2012,"Danville, VA Metro Area",19260,Median household income in the past 12 months (in 2023 inflation-adjusted dollars) --,Householder under 25 years,17003,3351,260.3668333333333,26098.265669040033
B19049_003,2012,"Danville, VA Metro Area",19260,Median household income in the past 12 months (in 2023 inflation-adjusted dollars) --,Householder 25 to 44 years,42546,2489,260.3668333333333,65304.75863994455
B19049_004,2012,"Danville, VA Metro Area",19260,Median household income in the past 12 months (in 2023 inflation-adjusted dollars) --,Householder 45 to 64 years,44944,2871,260.3668333333333,68985.49974882875
B19049_005,2012,"Danville, VA Metro Area",19260,Median household income in the past 12 months (in 2023 inflation-adjusted dollars) --,Householder 65 years and over,27606,1397,260.3668333333333,42373.03546783033
B19049_001,2012,"Harrisonburg, VA Metro Area",25500,Median household income in the past 12 months (in 2023 inflation-adjusted dollars) --,All,47143,1222,260.3668333333333,72360.79153299736
B19049_002,2012,"Harrisonburg, VA Metro Area",25500,Median household income in the past 12 months (in 2023 inflation-adjusted dollars) --,Householder under 25 years,17327,2398,260.3668333333333,26595.580147471424
B19049_003,2012,"Harrisonburg, VA Metro Area",25500,Median household income in the past 12 months (in 2023 inflation-adjusted dollars) --,Householder 25 to 44 years,53227,2314,260.3668333333333,81699.25229465352
B19049_004,2012,"Harrisonburg, VA Metro Area",25500,Median household income in the past 12 months (in 2023 inflation-adjusted dollars) --,Householder 45 to 64 years,61444,3341,260.3668333333333,94311.70003931633
B19049_005,2012,"Harrisonburg, VA Metro Area",25500,Median household income in the past 12 months (in 2023 inflation-adjusted dollars) --,Householder 65 years and over,33691,1661,260.3668333333333,51713.03115071621
B19049_001,2012,"Kingsport-Bristol-Bristol, TN-VA Metro Area",28700,Median household income in the past 12 months (in 2023 inflation-adjusted dollars) --,All,38925,652,260.3668333333333,59746.80886710482
B19049_002,2012,"Kingsport-Bristol-Bristol, TN-VA Metro Area",28700,Median household income in the past 12 months (in 2023 inflation-adjusted dollars) --,Householder under 25 years,21296,2482,260.3668333333333,32687.682508255984
B19049_003,2012,"Kingsport-Bristol-Bristol, TN-VA Metro Area",28700,Median household income in the past 12 months (in 2023 inflation-adjusted dollars) --,Householder 25 to 44 years,44597,1923,260.3668333333333,68452.88208211365
B19049_004,2012,"Kingsport-Bristol-Bristol, TN-VA Metro Area",28700,Median household income in the past 12 months (in 2023 inflation-adjusted dollars) --,Householder 45 to 64 years,48252,1280,260.3668333333333,74063.01917676408
B19049_005,2012,"Kingsport-Bristol-Bristol, TN-VA Metro Area",28700,Median household income in the past 12 months (in 2023 inflation-adjusted dollars) --,Householder 65 years and over,29258,1042,260.3668333333333,44908.72533933854
B19049_001,2012,"Lynchburg, VA Metro Area",31340,Median household income in the past 12 months (in 2023 inflation-adjusted dollars) --,All,45953,1184,260.3668333333333,70534.2352696228
B19049_002,2012,"Lynchburg, VA Metro Area",31340,Median household income in the past 12 months (in 2023 inflation-adjusted dollars) --,Householder under 25 years,23320,3390,260.3668333333333,35794.363077222464
B19049_003,2012,"Lynchburg, VA Metro Area",31340,Median household income in the past 12 months (in 2023 inflation-adjusted dollars) --,Householder 25 to 44 years,51959,1975,260.3668333333333,79752.9721753603
B19049_004,2012,"Lynchburg, VA Metro Area",31340,Median household income in the past 12 months (in 2023 inflation-adjusted dollars) --,Householder 45 to 64 years,56340,2223,260.3668333333333,86477.46208279218
B19049_005,2012,"Lynchburg, VA Metro Area",31340,Median household income in the past 12 months (in 2023 inflation-adjusted dollars) --,Householder 65 years and over,34054,1591,260.3668333333333,52270.207557106936
B19049_001,2012,"Martinsville, VA Micro Area",32300,Median household income in the past 12 months (in 2023 inflation-adjusted dollars) --,All,33730,1067,260.3668333333333,51772.893078675545
B19049_002,2012,"Martinsville, VA Micro Area",32300,Median household income in the past 12 months (in 2023 inflation-adjusted dollars) --,Householder under 25 years,20502,4363,260.3668333333333,31468.95505185313
B19049_003,2012,"Martinsville, VA Micro Area",32300,Median household income in the past 12 months (in 2023 inflation-adjusted dollars) --,Householder 25 to 44 years,34024,2767,260.3668333333333,52224.15992021514
B19049_004,2012,"Martinsville, VA Micro Area",32300,Median household income in the past 12 months (in 2023 inflation-adjusted dollars) --,Householder 45 to 64 years,43517,3356,260.3668333333333,66795.167154009
B19049_005,2012,"Martinsville, VA Micro Area",32300,Median household income in the past 12 months (in 2023 inflation-adjusted dollars) --,Householder 65 years and over,27503,1539,260.3668333333333,42214.9385811685
B19049_001,2012,"Richmond, VA Metro Area",40060,Median household income in the past 12 months (in 2023 inflation-adjusted dollars) --,All,58577,649,260.3668333333333,89911.0808736904
B19049_002,2012,"Richmond, VA Metro Area",40060,Median household income in the past 12 months (in 2023 inflation-adjusted dollars) --,Householder under 25 years,25239,1533,260.3668333333333,38739.87691706765
B19049_003,2012,"Richmond, VA Metro Area",40060,Median household income in the past 12 months (in 2023 inflation-adjusted dollars) --,Householder 25 to 44 years,62706,1109,260.3668333333333,96248.77063123121
B19049_004,2012,"Richmond, VA Metro Area",40060,Median household income in the past 12 months (in 2023 inflation-adjusted dollars) --,Householder 45 to 64 years,71043,1200,260.3668333333333,109045.4089234612
B19049_005,2012,"Richmond, VA Metro Area",40060,Median household income in the past 12 months (in 2023 inflation-adjusted dollars) --,Householder 65 years and over,40826,771,260.3668333333333,62664.69412481493
B19049_001,2012,"Roanoke, VA Metro Area",40220,Median household income in the past 12 months (in 2023 inflation-adjusted dollars) --,All,49264,980,260.3668333333333,75616.35946124731
B19049_002,2012,"Roanoke, VA Metro Area",40220,Median household income in the past 12 months (in 2023 inflation-adjusted dollars) --,Householder under 25 years,31790,3804,260.3668333333333,48795.14589300609
B19049_003,2012,"Roanoke, VA Metro Area",40220,Median household income in the past 12 months (in 2023 inflation-adjusted dollars) --,Householder 25 to 44 years,56068,2522,260.3668333333333,86059.96350830657
B19049_004,2012,"Roanoke, VA Metro Area",40220,Median household income in the past 12 months (in 2023 inflation-adjusted dollars) --,Householder 45 to 64 years,56274,1785,260.3668333333333,86376.15728163022
B19049_005,2012,"Roanoke, VA Metro Area",40220,Median household income in the past 12 months (in 2023 inflation-adjusted dollars) --,Householder 65 years and over,35771,1376,260.3668333333333,54905.667308547374
B19049_001,2012,"Staunton-Waynesboro, VA Micro Area",44420,Median household income in the past 12 months (in 2023 inflation-adjusted dollars) --,All,47899,1709,260.3668333333333,73521.19198267061
B19049_002,2012,"Staunton-Waynesboro, VA Micro Area",44420,Median household income in the past 12 months (in 2023 inflation-adjusted dollars) --,Householder under 25 years,25618,2471,260.3668333333333,39321.61206313401
B19049_003,2012,"Staunton-Waynesboro, VA Micro Area",44420,Median household income in the past 12 months (in 2023 inflation-adjusted dollars) --,Householder 25 to 44 years,53112,2676,260.3668333333333,81522.73635323497
B19049_004,2012,"Staunton-Waynesboro, VA Micro Area",44420,Median household income in the past 12 months (in 2023 inflation-adjusted dollars) --,Householder 45 to 64 years,60705,3326,260.3668333333333,93177.39325054844
B19049_005,2012,"Staunton-Waynesboro, VA Micro Area",44420,Median household income in the past 12 months (in 2023 inflation-adjusted dollars) --,Householder 65 years and over,33477,2351,260.3668333333333,51384.55800755473
B19049_001,2012,"Virginia Beach-Norfolk-Newport News, VA-NC Metro Area",47260,Median household income in the past 12 months (in 2023 inflation-adjusted dollars) --,All,59293,453,260.3668333333333,91010.0844741746
B19049_002,2012,"Virginia Beach-Norfolk-Newport News, VA-NC Metro Area",47260,Median household income in the past 12 months (in 2023 inflation-adjusted dollars) --,Householder under 25 years,34645,1400,260.3668333333333,53177.34600387531
B19049_003,2012,"Virginia Beach-Norfolk-Newport News, VA-NC Metro Area",47260,Median household income in the past 12 months (in 2023 inflation-adjusted dollars) --,Householder 25 to 44 years,60690,750,260.3668333333333,93154.36943210254
B19049_004,2012,"Virginia Beach-Norfolk-Newport News, VA-NC Metro Area",47260,Median household income in the past 12 months (in 2023 inflation-adjusted dollars) --,Householder 45 to 64 years,72318,949,260.3668333333333,111002.43349136252
B19049_005,2012,"Virginia Beach-Norfolk-Newport News, VA-NC Metro Area",47260,Median household income in the past 12 months (in 2023 inflation-adjusted dollars) --,Householder 65 years and over,43839,767,260.3668333333333,67289.41178998094
B19049_001,2012,"Washington-Arlington-Alexandria, DC-VA-MD-WV Metro Area",47900,Median household income in the past 12 months (in 2023 inflation-adjusted dollars) --,All,89826,437,260.3668333333333,137875.83438141443
B19049_002,2012,"Washington-Arlington-Alexandria, DC-VA-MD-WV Metro Area",47900,Median household income in the past 12 months (in 2023 inflation-adjusted dollars) --,Householder under 25 years,42763,1345,260.3668333333333,65637.83654679521
B19049_003,2012,"Washington-Arlington-Alexandria, DC-VA-MD-WV Metro Area",47900,Median household income in the past 12 months (in 2023 inflation-adjusted dollars) --,Householder 25 to 44 years,89926,673,260.3668333333333,138029.3265043871
B19049_004,2012,"Washington-Arlington-Alexandria, DC-VA-MD-WV Metro Area",47900,Median household income in the past 12 months (in 2023 inflation-adjusted dollars) --,Householder 45 to 64 years,107238,653,260.3668333333333,164601.88283341262
B19049_005,2012,"Washington-Arlington-Alexandria, DC-VA-MD-WV Metro Area",47900,Median household income in the past 12 months (in 2023 inflation-adjusted dollars) --,Householder 65 years and over,62669,811,260.3668333333333,96191.97854573133
B19049_001,2012,"Winchester, VA-WV Metro Area",49020,Median household income in the past 12 months (in 2023 inflation-adjusted dollars) --,All,51815,1514,260.3668333333333,79531.94351827967
B19049_002,2012,"Winchester, VA-WV Metro Area",49020,Median household income in the past 12 months (in 2023 inflation-adjusted dollars) --,Householder under 25 years,24042,5687,260.3668333333333,36902.57620508501
B19049_003,2012,"Winchester, VA-WV Metro Area",49020,Median household income in the past 12 months (in 2023 inflation-adjusted dollars) --,Householder 25 to 44 years,56273,2665,260.3668333333333,86374.62236040049
B19049_004,2012,"Winchester, VA-WV Metro Area",49020,Median household income in the past 12 months (in 2023 inflation-adjusted dollars) --,Householder 45 to 64 years,61714,3757,260.3668333333333,94726.1287713425
B19049_005,2012,"Winchester, VA-WV Metro Area",49020,Median household income in the past 12 months (in 2023 inflation-adjusted dollars) --,Householder 65 years and over,33847,1909,260.3668333333333,51952.478862553544
B19049_001,2013,"Big Stone Gap, VA Micro Area",13720,Median household income in the past 12 months (in 2023 inflation-adjusted dollars) --,All,35566,1498,267.7245833333333,53090.7092031332
B19049_002,2013,"Big Stone Gap, VA Micro Area",13720,Median household income in the past 12 months (in 2023 inflation-adjusted dollars) --,Householder under 25 years,22917,16476,267.7245833333333,34209.06997717493
B19049_003,2013,"Big Stone Gap, VA Micro Area",13720,Median household income in the past 12 months (in 2023 inflation-adjusted dollars) --,Householder 25 to 44 years,44267,4616,267.7245833333333,66079.01997118308
B19049_004,2013,"Big Stone Gap, VA Micro Area",13720,Median household income in the past 12 months (in 2023 inflation-adjusted dollars) --,Householder 45 to 64 years,39319,3035,267.7245833333333,58692.9538086373
B19049_005,2013,"Big Stone Gap, VA Micro Area",13720,Median household income in the past 12 months (in 2023 inflation-adjusted dollars) --,Householder 65 years and over,27918,1831,267.7245833333333,41674.251238066485
B19049_001,2013,"Blacksburg-Christiansburg-Radford, VA Metro Area",13980,Median household income in the past 12 months (in 2023 inflation-adjusted dollars) --,All,44034,1089,267.7245833333333,65731.21208600256
B19049_002,2013,"Blacksburg-Christiansburg-Radford, VA Metro Area",13980,Median household income in the past 12 months (in 2023 inflation-adjusted dollars) --,Householder under 25 years,14348,1901,267.7245833333333,21417.800586137186
B19049_003,2013,"Blacksburg-Christiansburg-Radford, VA Metro Area",13980,Median household income in the past 12 months (in 2023 inflation-adjusted dollars) --,Householder 25 to 44 years,50685,2417,267.7245833333333,75659.41055954581
B19049_004,2013,"Blacksburg-Christiansburg-Radford, VA Metro Area",13980,Median household income in the past 12 months (in 2023 inflation-adjusted dollars) --,Householder 45 to 64 years,56676,1970,267.7245833333333,84602.40214802837
B19049_005,2013,"Blacksburg-Christiansburg-Radford, VA Metro Area",13980,Median household income in the past 12 months (in 2023 inflation-adjusted dollars) --,Householder 65 years and over,36033,1862,267.7245833333333,53787.817711198855
B19049_001,2013,"Bluefield, WV-VA Micro Area",14140,Median household income in the past 12 months (in 2023 inflation-adjusted dollars) --,All,35205,1435,267.7245833333333,52551.830891759106
B19049_002,2013,"Bluefield, WV-VA Micro Area",14140,Median household income in the past 12 months (in 2023 inflation-adjusted dollars) --,Householder under 25 years,20122,5620,267.7245833333333,30036.86809271344
B19049_003,2013,"Bluefield, WV-VA Micro Area",14140,Median household income in the past 12 months (in 2023 inflation-adjusted dollars) --,Householder 25 to 44 years,37907,2871,267.7245833333333,56585.208169689315
B19049_004,2013,"Bluefield, WV-VA Micro Area",14140,Median household income in the past 12 months (in 2023 inflation-adjusted dollars) --,Householder 45 to 64 years,44151,2174,267.7245833333333,65905.86239744513
B19049_005,2013,"Bluefield, WV-VA Micro Area",14140,Median household income in the past 12 months (in 2023 inflation-adjusted dollars) --,Householder 65 years and over,28053,1797,267.7245833333333,41875.77082819253
B19049_001,2013,"Charlottesville, VA Metro Area",16820,Median household income in the past 12 months (in 2023 inflation-adjusted dollars) --,All,58015,1282,267.7245833333333,86601.17793453783
B19049_002,2013,"Charlottesville, VA Metro Area",16820,Median household income in the past 12 months (in 2023 inflation-adjusted dollars) --,Householder under 25 years,21378,3488,267.7245833333333,31911.746649737994
B19049_003,2013,"Charlottesville, VA Metro Area",16820,Median household income in the past 12 months (in 2023 inflation-adjusted dollars) --,Householder 25 to 44 years,59752,2513,267.7245833333333,89194.06332749297
B19049_004,2013,"Charlottesville, VA Metro Area",16820,Median household income in the past 12 months (in 2023 inflation-adjusted dollars) --,Householder 45 to 64 years,70627,2561,267.7245833333333,105427.58586542452
B19049_005,2013,"Charlottesville, VA Metro Area",16820,Median household income in the past 12 months (in 2023 inflation-adjusted dollars) --,Householder 65 years and over,44875,2466,267.7245833333333,66986.6044956026
B19049_001,2013,"Danville, VA Micro Area",19260,Median household income in the past 12 months (in 2023 inflation-adjusted dollars) --,All,37213,1152,267.7245833333333,55549.24820267097
B19049_002,2013,"Danville, VA Micro Area",19260,Median household income in the past 12 months (in 2023 inflation-adjusted dollars) --,Householder under 25 years,15236,2259,267.7245833333333,22743.351667855182
B19049_003,2013,"Danville, VA Micro Area",19260,Median household income in the past 12 months (in 2023 inflation-adjusted dollars) --,Householder 25 to 44 years,42318,2595,267.7245833333333,63169.674184844815
B19049_004,2013,"Danville, VA Micro Area",19260,Median household income in the past 12 months (in 2023 inflation-adjusted dollars) --,Householder 45 to 64 years,44641,1562,267.7245833333333,66637.30387271746
B19049_005,2013,"Danville, VA Micro Area",19260,Median household income in the past 12 months (in 2023 inflation-adjusted dollars) --,Householder 65 years and over,29058,1289,267.7245833333333,43375.972221353106
B19049_001,2013,"Harrisonburg, VA Metro Area",25500,Median household income in the past 12 months (in 2023 inflation-adjusted dollars) --,All,47192,1440,267.7245833333333,70445.27775724743
B19049_002,2013,"Harrisonburg, VA Metro Area",25500,Median household income in the past 12 months (in 2023 inflation-adjusted dollars) --,Householder under 25 years,18804,1968,267.7245833333333,28069.439798001367
B19049_003,2013,"Harrisonburg, VA Metro Area",25500,Median household income in the past 12 months (in 2023 inflation-adjusted dollars) --,Householder 25 to 44 years,51800,2786,267.7245833333333,77323.81310021649
B19049_004,2013,"Harrisonburg, VA Metro Area",25500,Median household income in the past 12 months (in 2023 inflation-adjusted dollars) --,Householder 45 to 64 years,62561,2821,267.7245833333333,93387.16353981938
B19049_005,2013,"Harrisonburg, VA Metro Area",25500,Median household income in the past 12 months (in 2023 inflation-adjusted dollars) --,Householder 65 years and over,35412,1398,267.7245833333333,52860.82759661904
B19049_001,2013,"Kingsport-Bristol-Bristol, TN-VA Metro Area",28700,Median household income in the past 12 months (in 2023 inflation-adjusted dollars) --,All,39008,618,267.7245833333333,58228.712382495076
B19049_002,2013,"Kingsport-Bristol-Bristol, TN-VA Metro Area",28700,Median household income in the past 12 months (in 2023 inflation-adjusted dollars) --,Householder under 25 years,21985,2303,267.7245833333333,32817.83843645289
B19049_003,2013,"Kingsport-Bristol-Bristol, TN-VA Metro Area",28700,Median household income in the past 12 months (in 2023 inflation-adjusted dollars) --,Householder 25 to 44 years,43889,2014,267.7245833333333,65514.765118830146
B19049_004,2013,"Kingsport-Bristol-Bristol, TN-VA Metro Area",28700,Median household income in the past 12 months (in 2023 inflation-adjusted dollars) --,Householder 45 to 64 years,48675,1207,267.7245833333333,72659.00777322467
B19049_005,2013,"Kingsport-Bristol-Bristol, TN-VA Metro Area",28700,Median household income in the past 12 months (in 2023 inflation-adjusted dollars) --,Householder 65 years and over,29997,793,267.7245833333333,44777.652926007606
B19049_001,2013,"Lynchburg, VA Metro Area",31340,Median household income in the past 12 months (in 2023 inflation-adjusted dollars) --,All,46339,1139,267.7245833333333,69171.97249519173
B19049_002,2013,"Lynchburg, VA Metro Area",31340,Median household income in the past 12 months (in 2023 inflation-adjusted dollars) --,Householder under 25 years,21517,3281,267.7245833333333,32119.23719068259
B19049_003,2013,"Lynchburg, VA Metro Area",31340,Median household income in the past 12 months (in 2023 inflation-adjusted dollars) --,Householder 25 to 44 years,51519,2043,267.7245833333333,76904.35380521338
B19049_004,2013,"Lynchburg, VA Metro Area",31340,Median household income in the past 12 months (in 2023 inflation-adjusted dollars) --,Householder 45 to 64 years,56838,2329,267.7245833333333,84844.22565617962
B19049_005,2013,"Lynchburg, VA Metro Area",31340,Median household income in the past 12 months (in 2023 inflation-adjusted dollars) --,Householder 65 years and over,35255,1535,267.7245833333333,52626.46777699097
B19049_001,2013,"Martinsville, VA Micro Area",32300,Median household income in the past 12 months (in 2023 inflation-adjusted dollars) --,All,34010,1048,267.7245833333333,50768.009334717426
B19049_002,2013,"Martinsville, VA Micro Area",32300,Median household income in the past 12 months (in 2023 inflation-adjusted dollars) --,Householder under 25 years,18571,4357,267.7245833333333,27721.631912820856
B19049_003,2013,"Martinsville, VA Micro Area",32300,Median household income in the past 12 months (in 2023 inflation-adjusted dollars) --,Householder 25 to 44 years,35988,2405,267.7245833333333,53720.64451449017
B19049_004,2013,"Martinsville, VA Micro Area",32300,Median household income in the past 12 months (in 2023 inflation-adjusted dollars) --,Householder 45 to 64 years,42170,2526,267.7245833333333,62948.749004558485
B19049_005,2013,"Martinsville, VA Micro Area",32300,Median household income in the past 12 months (in 2023 inflation-adjusted dollars) --,Householder 65 years and over,27881,1402,267.7245833333333,41619.019942994906
B19049_001,2013,"Richmond, VA Metro Area",40060,Median household income in the past 12 months (in 2023 inflation-adjusted dollars) --,All,58891,626,267.7245833333333,87908.81616380018
B19049_002,2013,"Richmond, VA Metro Area",40060,Median household income in the past 12 months (in 2023 inflation-adjusted dollars) --,Householder under 25 years,25348,1462,267.7245833333333,37837.915337148406
B19049_003,2013,"Richmond, VA Metro Area",40060,Median household income in the past 12 months (in 2023 inflation-adjusted dollars) --,Householder 25 to 44 years,62371,943,267.7245833333333,93103.54337593827
B19049_004,2013,"Richmond, VA Metro Area",40060,Median household income in the past 12 months (in 2023 inflation-adjusted dollars) --,Householder 45 to 64 years,71495,1036,267.7245833333333,106723.28219304977
B19049_005,2013,"Richmond, VA Metro Area",40060,Median household income in the past 12 months (in 2023 inflation-adjusted dollars) --,Householder 65 years and over,41875,857,267.7245833333333,62508.39138169045
B19049_001,2013,"Roanoke, VA Metro Area",40220,Median household income in the past 12 months (in 2023 inflation-adjusted dollars) --,All,49397,890,267.7245833333333,73736.76439597286
B19049_002,2013,"Roanoke, VA Metro Area",40220,Median household income in the past 12 months (in 2023 inflation-adjusted dollars) --,Householder under 25 years,31543,3117,267.7245833333333,47085.425417377
B19049_003,2013,"Roanoke, VA Metro Area",40220,Median household income in the past 12 months (in 2023 inflation-adjusted dollars) --,Householder 25 to 44 years,55654,2615,267.7245833333333,83076.82421388896
B19049_004,2013,"Roanoke, VA Metro Area",40220,Median household income in the past 12 months (in 2023 inflation-adjusted dollars) --,Householder 45 to 64 years,55734,1506,267.7245833333333,83196.24323025996
B19049_005,2013,"Roanoke, VA Metro Area",40220,Median household income in the past 12 months (in 2023 inflation-adjusted dollars) --,Householder 65 years and over,36599,1491,267.7245833333333,54632.70725202362
B19049_001,2013,"Staunton-Waynesboro, VA Metro Area",44420,Median household income in the past 12 months (in 2023 inflation-adjusted dollars) --,All,47935,1582,267.7245833333333,71554.381871793
B19049_002,2013,"Staunton-Waynesboro, VA Metro Area",44420,Median household income in the past 12 months (in 2023 inflation-adjusted dollars) --,Householder under 25 years,24401,4044,267.7245833333333,36424.2927308568
B19049_003,2013,"Staunton-Waynesboro, VA Metro Area",44420,Median household income in the past 12 months (in 2023 inflation-adjusted dollars) --,Householder 25 to 44 years,53441,2551,267.7245833333333,79773.39567352644
B19049_004,2013,"Staunton-Waynesboro, VA Metro Area",44420,Median household income in the past 12 months (in 2023 inflation-adjusted dollars) --,Householder 45 to 64 years,57979,3554,267.7245833333333,86547.43937717089
B19049_005,2013,"Staunton-Waynesboro, VA Metro Area",44420,Median household income in the past 12 months (in 2023 inflation-adjusted dollars) --,Householder 65 years and over,35394,1832,267.7245833333333,52833.95831793557
B19049_001,2013,"Virginia Beach-Norfolk-Newport News, VA-NC Metro Area",47260,Median household income in the past 12 months (in 2023 inflation-adjusted dollars) --,All,58844,508,267.7245833333333,87838.65749168223
B19049_002,2013,"Virginia Beach-Norfolk-Newport News, VA-NC Metro Area",47260,Median household income in the past 12 months (in 2023 inflation-adjusted dollars) --,Householder under 25 years,34039,1231,267.7245833333333,50811.298728151916
B19049_003,2013,"Virginia Beach-Norfolk-Newport News, VA-NC Metro Area",47260,Median household income in the past 12 months (in 2023 inflation-adjusted dollars) --,Householder 25 to 44 years,59356,814,267.7245833333333,88602.93919645656
B19049_004,2013,"Virginia Beach-Norfolk-Newport News, VA-NC Metro Area",47260,Median household income in the past 12 months (in 2023 inflation-adjusted dollars) --,Householder 45 to 64 years,71747,872,267.7245833333333,107099.45209461839
B19049_005,2013,"Virginia Beach-Norfolk-Newport News, VA-NC Metro Area",47260,Median household income in the past 12 months (in 2023 inflation-adjusted dollars) --,Householder 65 years and over,44560,748,267.7245833333333,66516.39211864183
B19049_001,2013,"Washington-Arlington-Alexandria, DC-VA-MD-WV Metro Area",47900,Median household income in the past 12 months (in 2023 inflation-adjusted dollars) --,All,90540,482,267.7245833333333,135152.47177786875
B19049_002,2013,"Washington-Arlington-Alexandria, DC-VA-MD-WV Metro Area",47900,Median household income in the past 12 months (in 2023 inflation-adjusted dollars) --,Householder under 25 years,43206,1336,267.7245833333333,64495.22526656281
B19049_003,2013,"Washington-Arlington-Alexandria, DC-VA-MD-WV Metro Area",47900,Median household income in the past 12 months (in 2023 inflation-adjusted dollars) --,Householder 25 to 44 years,90474,719,267.7245833333333,135053.95108936267
B19049_004,2013,"Washington-Arlington-Alexandria, DC-VA-MD-WV Metro Area",47900,Median household income in the past 12 months (in 2023 inflation-adjusted dollars) --,Householder 45 to 64 years,107923,732,267.7245833333333,161100.73129758038
B19049_005,2013,"Washington-Arlington-Alexandria, DC-VA-MD-WV Metro Area",47900,Median household income in the past 12 months (in 2023 inflation-adjusted dollars) --,Householder 65 years and over,64337,693,267.7245833333333,96038.26570325537
B19049_001,2013,"Winchester, VA-WV Metro Area",49020,Median household income in the past 12 months (in 2023 inflation-adjusted dollars) --,All,51512,2241,267.7245833333333,76893.90464128093
B19049_002,2013,"Winchester, VA-WV Metro Area",49020,Median household income in the past 12 months (in 2023 inflation-adjusted dollars) --,Householder under 25 years,26038,4632,267.7245833333333,38867.9043533482
B19049_003,2013,"Winchester, VA-WV Metro Area",49020,Median household income in the past 12 months (in 2023 inflation-adjusted dollars) --,Householder 25 to 44 years,56588,4309,267.7245833333333,84471.04123002029
B19049_004,2013,"Winchester, VA-WV Metro Area",49020,Median household income in the past 12 months (in 2023 inflation-adjusted dollars) --,Householder 45 to 64 years,63686,3552,267.7245833333333,95066.49345753643
B19049_005,2013,"Winchester, VA-WV Metro Area",49020,Median household income in the past 12 months (in 2023 inflation-adjusted dollars) --,Householder 65 years and over,33883,1873,267.7245833333333,50578.431646228484
B19049_001,2014,"Big Stone Gap, VA Micro Area",13720,Median household income in the past 12 months (in 2023 inflation-adjusted dollars) --,All,35880,1774,276.1619166666667,51923.074490056104
B19049_002,2014,"Big Stone Gap, VA Micro Area",13720,Median household income in the past 12 months (in 2023 inflation-adjusted dollars) --,Householder under 25 years,32756,9276,276.1619166666667,47402.23600881488
B19049_003,2014,"Big Stone Gap, VA Micro Area",13720,Median household income in the past 12 months (in 2023 inflation-adjusted dollars) --,Householder 25 to 44 years,41723,3345,276.1619166666667,60378.663237140776
B19049_004,2014,"Big Stone Gap, VA Micro Area",13720,Median household income in the past 12 months (in 2023 inflation-adjusted dollars) --,Householder 45 to 64 years,39316,2665,276.1619166666667,56895.41796686304
B19049_005,2014,"Big Stone Gap, VA Micro Area",13720,Median household income in the past 12 months (in 2023 inflation-adjusted dollars) --,Householder 65 years and over,27574,2669,276.1619166666667,39903.20111451525
B19049_001,2014,"Blacksburg-Christiansburg-Radford, VA Metro Area",13980,Median household income in the past 12 months (in 2023 inflation-adjusted dollars) --,All,44564,1283,276.1619166666667,64489.96353330157
B19049_002,2014,"Blacksburg-Christiansburg-Radford, VA Metro Area",13980,Median household income in the past 12 months (in 2023 inflation-adjusted dollars) --,Householder under 25 years,12832,1530,276.1619166666667,18569.590074035674
B19049_003,2014,"Blacksburg-Christiansburg-Radford, VA Metro Area",13980,Median household income in the past 12 months (in 2023 inflation-adjusted dollars) --,Householder 25 to 44 years,51441,2187,276.1619166666667,74441.88614389565
B19049_004,2014,"Blacksburg-Christiansburg-Radford, VA Metro Area",13980,Median household income in the past 12 months (in 2023 inflation-adjusted dollars) --,Householder 45 to 64 years,57281,2668,276.1619166666667,82893.13349679219
B19049_005,2014,"Blacksburg-Christiansburg-Radford, VA Metro Area",13980,Median household income in the past 12 months (in 2023 inflation-adjusted dollars) --,Householder 65 years and over,37778,1944,276.1619166666667,54669.72987974748
B19049_001,2014,"Bluefield, WV-VA Micro Area",14140,Median household income in the past 12 months (in 2023 inflation-adjusted dollars) --,All,35910,1396,276.1619166666667,51966.488431937425
B19049_002,2014,"Bluefield, WV-VA Micro Area",14140,Median household income in the past 12 months (in 2023 inflation-adjusted dollars) --,Householder under 25 years,22708,3191,276.1619166666667,32861.4597413655
B19049_003,2014,"Bluefield, WV-VA Micro Area",14140,Median household income in the past 12 months (in 2023 inflation-adjusted dollars) --,Householder 25 to 44 years,38435,2680,276.1619166666667,55620.49520694834
B19049_004,2014,"Bluefield, WV-VA Micro Area",14140,Median household income in the past 12 months (in 2023 inflation-adjusted dollars) --,Householder 45 to 64 years,43709,2446,276.1619166666667,63252.66618968401
B19049_005,2014,"Bluefield, WV-VA Micro Area",14140,Median household income in the past 12 months (in 2023 inflation-adjusted dollars) --,Householder 65 years and over,29104,1602,276.1619166666667,42117.31215046246
B19049_001,2014,"Charlottesville, VA Metro Area",16820,Median household income in the past 12 months (in 2023 inflation-adjusted dollars) --,All,59189,1754,276.1619166666667,85654.260200444
B19049_002,2014,"Charlottesville, VA Metro Area",16820,Median household income in the past 12 months (in 2023 inflation-adjusted dollars) --,Householder under 25 years,21011,2530,276.1619166666667,30405.677762278952
B19049_003,2014,"Charlottesville, VA Metro Area",16820,Median household income in the past 12 months (in 2023 inflation-adjusted dollars) --,Householder 25 to 44 years,63024,2307,276.1619166666667,91204.00910427247
B19049_004,2014,"Charlottesville, VA Metro Area",16820,Median household income in the past 12 months (in 2023 inflation-adjusted dollars) --,Householder 45 to 64 years,72860,2668,276.1619166666667,105437.99351576054
B19049_005,2014,"Charlottesville, VA Metro Area",16820,Median household income in the past 12 months (in 2023 inflation-adjusted dollars) --,Householder 65 years and over,45330,2257,276.1619166666667,65598.46618267121
B19049_001,2014,"Danville, VA Micro Area",19260,Median household income in the past 12 months (in 2023 inflation-adjusted dollars) --,All,38133,1405,276.1619166666667,55183.461525343075
B19049_002,2014,"Danville, VA Micro Area",19260,Median household income in the past 12 months (in 2023 inflation-adjusted dollars) --,Householder under 25 years,16428,2293,276.1619166666667,23773.474574209635
B19049_003,2014,"Danville, VA Micro Area",19260,Median household income in the past 12 months (in 2023 inflation-adjusted dollars) --,Householder 25 to 44 years,42393,2363,276.1619166666667,61348.2412724902
B19049_004,2014,"Danville, VA Micro Area",19260,Median household income in the past 12 months (in 2023 inflation-adjusted dollars) --,Householder 45 to 64 years,44730,1995,276.1619166666667,64730.18734504486
B19049_005,2014,"Danville, VA Micro Area",19260,Median household income in the past 12 months (in 2023 inflation-adjusted dollars) --,Householder 65 years and over,30694,1243,276.1619166666667,44418.2510701723
B19049_001,2014,"Harrisonburg, VA Metro Area",25500,Median household income in the past 12 months (in 2023 inflation-adjusted dollars) --,All,48518,1361,276.1619166666667,70211.92107325926
B19049_002,2014,"Harrisonburg, VA Metro Area",25500,Median household income in the past 12 months (in 2023 inflation-adjusted dollars) --,Householder under 25 years,18475,1985,276.1619166666667,26735.752541911555
B19049_003,2014,"Harrisonburg, VA Metro Area",25500,Median household income in the past 12 months (in 2023 inflation-adjusted dollars) --,Householder 25 to 44 years,51717,2409,276.1619166666667,74841.29440920378
B19049_004,2014,"Harrisonburg, VA Metro Area",25500,Median household income in the past 12 months (in 2023 inflation-adjusted dollars) --,Householder 45 to 64 years,64427,3054,276.1619166666667,93234.33445292209
B19049_005,2014,"Harrisonburg, VA Metro Area",25500,Median household income in the past 12 months (in 2023 inflation-adjusted dollars) --,Householder 65 years and over,36782,1748,276.1619166666667,53228.387009287726
B19049_001,2014,"Kingsport-Bristol-Bristol, TN-VA Metro Area",28700,Median household income in the past 12 months (in 2023 inflation-adjusted dollars) --,All,39178,676,276.1619166666667,56695.713834208975
B19049_002,2014,"Kingsport-Bristol-Bristol, TN-VA Metro Area",28700,Median household income in the past 12 months (in 2023 inflation-adjusted dollars) --,Householder under 25 years,22291,2797,276.1619166666667,32258.00594921518
B19049_003,2014,"Kingsport-Bristol-Bristol, TN-VA Metro Area",28700,Median household income in the past 12 months (in 2023 inflation-adjusted dollars) --,Householder 25 to 44 years,43233,1897,276.1619166666667,62563.831645167105
B19049_004,2014,"Kingsport-Bristol-Bristol, TN-VA Metro Area",28700,Median household income in the past 12 months (in 2023 inflation-adjusted dollars) --,Householder 45 to 64 years,49951,1330,276.1619166666667,72285.6603637902
B19049_005,2014,"Kingsport-Bristol-Bristol, TN-VA Metro Area",28700,Median household income in the past 12 months (in 2023 inflation-adjusted dollars) --,Householder 65 years and over,29940,656,276.1619166666667,43327.11399755518
B19049_001,2014,"Lynchburg, VA Metro Area",31340,Median household income in the past 12 months (in 2023 inflation-adjusted dollars) --,All,46913,1047,276.1619166666667,67889.27518260875
B19049_002,2014,"Lynchburg, VA Metro Area",31340,Median household income in the past 12 months (in 2023 inflation-adjusted dollars) --,Householder under 25 years,19891,3890,276.1619166666667,28784.890598709753
B19049_003,2014,"Lynchburg, VA Metro Area",31340,Median household income in the past 12 months (in 2023 inflation-adjusted dollars) --,Householder 25 to 44 years,51361,2330,276.1619166666667,74326.11563221214
B19049_004,2014,"Lynchburg, VA Metro Area",31340,Median household income in the past 12 months (in 2023 inflation-adjusted dollars) --,Householder 45 to 64 years,58390,2342,276.1619166666667,84498.0022150049
B19049_005,2014,"Lynchburg, VA Metro Area",31340,Median household income in the past 12 months (in 2023 inflation-adjusted dollars) --,Householder 65 years and over,35631,1651,276.1619166666667,51562.73877244117
B19049_001,2014,"Martinsville, VA Micro Area",32300,Median household income in the past 12 months (in 2023 inflation-adjusted dollars) --,All,33417,1194,276.1619166666667,48358.789861599915
B19049_002,2014,"Martinsville, VA Micro Area",32300,Median household income in the past 12 months (in 2023 inflation-adjusted dollars) --,Householder under 25 years,13080,6642,276.1619166666667,18928.47866025457
B19049_003,2014,"Martinsville, VA Micro Area",32300,Median household income in the past 12 months (in 2023 inflation-adjusted dollars) --,Householder 25 to 44 years,36185,2318,276.1619166666667,52364.44956584951
B19049_004,2014,"Martinsville, VA Micro Area",32300,Median household income in the past 12 months (in 2023 inflation-adjusted dollars) --,Householder 45 to 64 years,40525,2054,276.1619166666667,58644.99982468015
B19049_005,2014,"Martinsville, VA Micro Area",32300,Median household income in the past 12 months (in 2023 inflation-adjusted dollars) --,Householder 65 years and over,28026,1430,276.1619166666667,40557.3045055271
B19049_001,2014,"Richmond, VA Metro Area",40060,Median household income in the past 12 months (in 2023 inflation-adjusted dollars) --,All,59677,497,276.1619166666667,86360.46032171344
B19049_002,2014,"Richmond, VA Metro Area",40060,Median household income in the past 12 months (in 2023 inflation-adjusted dollars) --,Householder under 25 years,24814,2236,276.1619166666667,35909.11846143401
B19049_003,2014,"Richmond, VA Metro Area",40060,Median household income in the past 12 months (in 2023 inflation-adjusted dollars) --,Householder 25 to 44 years,61999,923,276.1619166666667,89720.69942332745
B19049_004,2014,"Richmond, VA Metro Area",40060,Median household income in the past 12 months (in 2023 inflation-adjusted dollars) --,Householder 45 to 64 years,72986,1111,276.1619166666667,105620.33207166207
B19049_005,2014,"Richmond, VA Metro Area",40060,Median household income in the past 12 months (in 2023 inflation-adjusted dollars) --,Householder 65 years and over,43247,909,276.1619166666667,62584.09148471172
B19049_001,2014,"Roanoke, VA Metro Area",40220,Median household income in the past 12 months (in 2023 inflation-adjusted dollars) --,All,50056,724,276.1619166666667,72437.60916037482
B19049_002,2014,"Roanoke, VA Metro Area",40220,Median household income in the past 12 months (in 2023 inflation-adjusted dollars) --,Householder under 25 years,30296,3457,276.1619166666667,43842.29277454682
B19049_003,2014,"Roanoke, VA Metro Area",40220,Median household income in the past 12 months (in 2023 inflation-adjusted dollars) --,Householder 25 to 44 years,55755,1918,276.1619166666667,80684.81098642916
B19049_004,2014,"Roanoke, VA Metro Area",40220,Median household income in the past 12 months (in 2023 inflation-adjusted dollars) --,Householder 45 to 64 years,56959,1392,276.1619166666667,82427.15718726604
B19049_005,2014,"Roanoke, VA Metro Area",40220,Median household income in the past 12 months (in 2023 inflation-adjusted dollars) --,Householder 65 years and over,37001,1364,276.1619166666667,53545.30878502135
B19049_001,2014,"Staunton-Waynesboro, VA Metro Area",44420,Median household income in the past 12 months (in 2023 inflation-adjusted dollars) --,All,49262,1704,276.1619166666667,71288.58683191593
B19049_002,2014,"Staunton-Waynesboro, VA Metro Area",44420,Median household income in the past 12 months (in 2023 inflation-adjusted dollars) --,Householder under 25 years,25960,2052,276.1619166666667,37567.531041300346
B19049_003,2014,"Staunton-Waynesboro, VA Metro Area",44420,Median household income in the past 12 months (in 2023 inflation-adjusted dollars) --,Householder 25 to 44 years,55273,3757,276.1619166666667,79987.29365353599
B19049_004,2014,"Staunton-Waynesboro, VA Metro Area",44420,Median household income in the past 12 months (in 2023 inflation-adjusted dollars) --,Householder 45 to 64 years,58180,3052,276.1619166666667,84194.10462183568
B19049_005,2014,"Staunton-Waynesboro, VA Metro Area",44420,Median household income in the past 12 months (in 2023 inflation-adjusted dollars) --,Householder 65 years and over,37255,1912,276.1619166666667,53912.88015961651
B19049_001,2014,"Virginia Beach-Norfolk-Newport News, VA-NC Metro Area",47260,Median household income in the past 12 months (in 2023 inflation-adjusted dollars) --,All,59244,455,276.1619166666667,85733.85242722642
B19049_002,2014,"Virginia Beach-Norfolk-Newport News, VA-NC Metro Area",47260,Median household income in the past 12 months (in 2023 inflation-adjusted dollars) --,Householder under 25 years,33620,1061,276.1619166666667,48652.55753499683
B19049_003,2014,"Virginia Beach-Norfolk-Newport News, VA-NC Metro Area",47260,Median household income in the past 12 months (in 2023 inflation-adjusted dollars) --,Householder 25 to 44 years,59650,1019,276.1619166666667,86321.38777402026
B19049_004,2014,"Virginia Beach-Norfolk-Newport News, VA-NC Metro Area",47260,Median household income in the past 12 months (in 2023 inflation-adjusted dollars) --,Householder 45 to 64 years,72494,896,276.1619166666667,104908.34342480845
B19049_005,2014,"Virginia Beach-Norfolk-Newport News, VA-NC Metro Area",47260,Median household income in the past 12 months (in 2023 inflation-adjusted dollars) --,Householder 65 years and over,46082,784,276.1619166666667,66686.70899249625
B19049_001,2014,"Washington-Arlington-Alexandria, DC-VA-MD-WV Metro Area",47900,Median household income in the past 12 months (in 2023 inflation-adjusted dollars) --,All,91756,419,276.1619166666667,132782.98837540657
B19049_002,2014,"Washington-Arlington-Alexandria, DC-VA-MD-WV Metro Area",47900,Median household income in the past 12 months (in 2023 inflation-adjusted dollars) --,Householder under 25 years,43590,1588,276.1619166666667,63080.457553554785
B19049_003,2014,"Washington-Arlington-Alexandria, DC-VA-MD-WV Metro Area",47900,Median household income in the past 12 months (in 2023 inflation-adjusted dollars) --,Householder 25 to 44 years,91361,694,276.1619166666667,132211.37147396922
B19049_004,2014,"Washington-Arlington-Alexandria, DC-VA-MD-WV Metro Area",47900,Median household income in the past 12 months (in 2023 inflation-adjusted dollars) --,Householder 45 to 64 years,109039,701,276.1619166666667,157793.76029323376
B19049_005,2014,"Washington-Arlington-Alexandria, DC-VA-MD-WV Metro Area",47900,Median household income in the past 12 months (in 2023 inflation-adjusted dollars) --,Householder 65 years and over,65979,638,276.1619166666667,95480.28237958228
B19049_001,2014,"Winchester, VA-WV Metro Area",49020,Median household income in the past 12 months (in 2023 inflation-adjusted dollars) --,All,51872,1843,276.1619166666667,75065.59977559058
B19049_002,2014,"Winchester, VA-WV Metro Area",49020,Median household income in the past 12 months (in 2023 inflation-adjusted dollars) --,Householder under 25 years,29345,6477,276.1619166666667,42466.07081690904
B19049_003,2014,"Winchester, VA-WV Metro Area",49020,Median household income in the past 12 months (in 2023 inflation-adjusted dollars) --,Householder 25 to 44 years,57936,4640,276.1619166666667,83841.00456120097
B19049_004,2014,"Winchester, VA-WV Metro Area",49020,Median household income in the past 12 months (in 2023 inflation-adjusted dollars) --,Householder 45 to 64 years,62252,5189,276.1619166666667,90086.82366652656
B19049_005,2014,"Winchester, VA-WV Metro Area",49020,Median household income in the past 12 months (in 2023 inflation-adjusted dollars) --,Householder 65 years and over,35609,2186,276.1619166666667,51530.901881728205
B19049_001,2015,"Big Stone Gap, VA Micro Area",13720,Median household income in the past 12 months (in 2023 inflation-adjusted dollars) --,All,35556,2068,286.0319166666667,49678.69229446713
B19049_002,2015,"Big Stone Gap, VA Micro Area",13720,Median household income in the past 12 months (in 2023 inflation-adjusted dollars) --,Householder under 25 years,24541,10329,286.0319166666667,34288.58104394527
B19049_003,2015,"Big Stone Gap, VA Micro Area",13720,Median household income in the past 12 months (in 2023 inflation-adjusted dollars) --,Householder 25 to 44 years,42574,6164,286.0319166666667,59484.21210891674
B19049_004,2015,"Big Stone Gap, VA Micro Area",13720,Median household income in the past 12 months (in 2023 inflation-adjusted dollars) --,Householder 45 to 64 years,39023,2447,286.0319166666667,54522.76997994687
B19049_005,2015,"Big Stone Gap, VA Micro Area",13720,Median household income in the past 12 months (in 2023 inflation-adjusted dollars) --,Householder 65 years and over,28342,1925,286.0319166666667,39599.32211187387
B19049_001,2015,"Blacksburg-Christiansburg-Radford, VA Metro Area",13980,Median household income in the past 12 months (in 2023 inflation-adjusted dollars) --,All,45607,1366,286.0319166666667,63721.90683636411
B19049_002,2015,"Blacksburg-Christiansburg-Radford, VA Metro Area",13980,Median household income in the past 12 months (in 2023 inflation-adjusted dollars) --,Householder under 25 years,14038,1672,286.0319166666667,19613.83402041089
B19049_003,2015,"Blacksburg-Christiansburg-Radford, VA Metro Area",13980,Median household income in the past 12 months (in 2023 inflation-adjusted dollars) --,Householder 25 to 44 years,53454,2202,286.0319166666667,74685.70193240089
B19049_004,2015,"Blacksburg-Christiansburg-Radford, VA Metro Area",13980,Median household income in the past 12 months (in 2023 inflation-adjusted dollars) --,Householder 45 to 64 years,57842,3153,286.0319166666667,80816.59690900461
B19049_005,2015,"Blacksburg-Christiansburg-Radford, VA Metro Area",13980,Median household income in the past 12 months (in 2023 inflation-adjusted dollars) --,Householder 65 years and over,39318,1989,286.0319166666667,54934.94272791818
B19049_001,2015,"Bluefield, WV-VA Micro Area",14140,Median household income in the past 12 months (in 2023 inflation-adjusted dollars) --,All,36754,1263,286.0319166666667,51352.53280995739
B19049_002,2015,"Bluefield, WV-VA Micro Area",14140,Median household income in the past 12 months (in 2023 inflation-adjusted dollars) --,Householder under 25 years,22912,3154,286.0319166666667,32012.549157690148
B19049_003,2015,"Bluefield, WV-VA Micro Area",14140,Median household income in the past 12 months (in 2023 inflation-adjusted dollars) --,Householder 25 to 44 years,40782,1898,286.0319166666667,56980.43731446053
B19049_004,2015,"Bluefield, WV-VA Micro Area",14140,Median household income in the past 12 months (in 2023 inflation-adjusted dollars) --,Householder 45 to 64 years,43234,2468,286.0319166666667,60406.3613077678
B19049_005,2015,"Bluefield, WV-VA Micro Area",14140,Median household income in the past 12 months (in 2023 inflation-adjusted dollars) --,Householder 65 years and over,29284,1676,286.0319166666667,40915.48051387039
B19049_001,2015,"Charlottesville, VA Metro Area",16820,Median household income in the past 12 months (in 2023 inflation-adjusted dollars) --,All,60240,1558,286.0319166666667,84167.07233149679
B19049_002,2015,"Charlottesville, VA Metro Area",16820,Median household income in the past 12 months (in 2023 inflation-adjusted dollars) --,Householder under 25 years,21762,3119,286.0319166666667,30405.77403847997
B19049_003,2015,"Charlottesville, VA Metro Area",16820,Median household income in the past 12 months (in 2023 inflation-adjusted dollars) --,Householder 25 to 44 years,62911,2229,286.0319166666667,87898.98219533192
B19049_004,2015,"Charlottesville, VA Metro Area",16820,Median household income in the past 12 months (in 2023 inflation-adjusted dollars) --,Householder 45 to 64 years,71336,2059,286.0319166666667,99670.35643824129
B19049_005,2015,"Charlottesville, VA Metro Area",16820,Median household income in the past 12 months (in 2023 inflation-adjusted dollars) --,Householder 65 years and over,47854,2316,286.0319166666667,66861.40569972522
B19049_001,2015,"Danville, VA Micro Area",19260,Median household income in the past 12 months (in 2023 inflation-adjusted dollars) --,All,38228,1340,286.0319166666667,53411.99935405809
B19049_002,2015,"Danville, VA Micro Area",19260,Median household income in the past 12 months (in 2023 inflation-adjusted dollars) --,Householder under 25 years,16560,2683,286.0319166666667,23137.56171662661
B19049_003,2015,"Danville, VA Micro Area",19260,Median household income in the past 12 months (in 2023 inflation-adjusted dollars) --,Householder 25 to 44 years,41878,1674,286.0319166666667,58511.76386285562
B19049_004,2015,"Danville, VA Micro Area",19260,Median household income in the past 12 months (in 2023 inflation-adjusted dollars) --,Householder 45 to 64 years,44677,1789,286.0319166666667,62422.51478343762
B19049_005,2015,"Danville, VA Micro Area",19260,Median household income in the past 12 months (in 2023 inflation-adjusted dollars) --,Householder 65 years and over,30097,1289,286.0319166666667,42051.40066336419
B19049_001,2015,"Harrisonburg, VA Metro Area",25500,Median household income in the past 12 months (in 2023 inflation-adjusted dollars) --,All,48305,1195,286.0319166666667,67491.54098560679
B19049_002,2015,"Harrisonburg, VA Metro Area",25500,Median household income in the past 12 months (in 2023 inflation-adjusted dollars) --,Householder under 25 years,17360,2580,286.0319166666667,24255.318321294562
B19049_003,2015,"Harrisonburg, VA Metro Area",25500,Median household income in the past 12 months (in 2023 inflation-adjusted dollars) --,Householder 25 to 44 years,52082,3211,286.0319166666667,72768.74935539535
B19049_004,2015,"Harrisonburg, VA Metro Area",25500,Median household income in the past 12 months (in 2023 inflation-adjusted dollars) --,Householder 45 to 64 years,62737,2408,286.0319166666667,87655.87013381664
B19049_005,2015,"Harrisonburg, VA Metro Area",25500,Median household income in the past 12 months (in 2023 inflation-adjusted dollars) --,Householder 65 years and over,37273,1557,286.0319166666667,52077.67740723572
B19049_001,2015,"Kingsport-Bristol-Bristol, TN-VA Metro Area",28700,Median household income in the past 12 months (in 2023 inflation-adjusted dollars) --,All,39682,741,286.0319166666667,55443.5219830421
B19049_002,2015,"Kingsport-Bristol-Bristol, TN-VA Metro Area",28700,Median household income in the past 12 months (in 2023 inflation-adjusted dollars) --,Householder under 25 years,23298,2379,286.0319166666667,32551.866719442434
B19049_003,2015,"Kingsport-Bristol-Bristol, TN-VA Metro Area",28700,Median household income in the past 12 months (in 2023 inflation-adjusted dollars) --,Householder 25 to 44 years,44473,2076,286.0319166666667,62137.486849247296
B19049_004,2015,"Kingsport-Bristol-Bristol, TN-VA Metro Area",28700,Median household income in the past 12 months (in 2023 inflation-adjusted dollars) --,Householder 45 to 64 years,48960,1614,286.0319166666667,68406.70420567867
B19049_005,2015,"Kingsport-Bristol-Bristol, TN-VA Metro Area",28700,Median household income in the past 12 months (in 2023 inflation-adjusted dollars) --,Householder 65 years and over,30814,988,286.0319166666667,43053.19002029784
B19049_001,2015,"Lynchburg, VA Metro Area",31340,Median household income in the past 12 months (in 2023 inflation-adjusted dollars) --,All,47770,1067,286.0319166666667,66744.0412562351
B19049_002,2015,"Lynchburg, VA Metro Area",31340,Median household income in the past 12 months (in 2023 inflation-adjusted dollars) --,Householder under 25 years,21070,3239,286.0319166666667,29438.914575442188
B19049_003,2015,"Lynchburg, VA Metro Area",31340,Median household income in the past 12 months (in 2023 inflation-adjusted dollars) --,Householder 25 to 44 years,52344,1733,286.0319166666667,73134.8146434241
B19049_004,2015,"Lynchburg, VA Metro Area",31340,Median household income in the past 12 months (in 2023 inflation-adjusted dollars) --,Householder 45 to 64 years,58740,2639,286.0319166666667,82071.27869774439
B19049_005,2015,"Lynchburg, VA Metro Area",31340,Median household income in the past 12 months (in 2023 inflation-adjusted dollars) --,Householder 65 years and over,37126,1775,286.0319166666667,51872.28963112799
B19049_001,2015,"Martinsville, VA Micro Area",32300,Median household income in the past 12 months (in 2023 inflation-adjusted dollars) --,All,34382,1468,286.0319166666667,48038.38447711691
B19049_002,2015,"Martinsville, VA Micro Area",32300,Median household income in the past 12 months (in 2023 inflation-adjusted dollars) --,Householder under 25 years,19298,4747,286.0319166666667,26963.083696102676
B19049_003,2015,"Martinsville, VA Micro Area",32300,Median household income in the past 12 months (in 2023 inflation-adjusted dollars) --,Householder 25 to 44 years,38481,2717,286.0319166666667,53765.48988028433
B19049_004,2015,"Martinsville, VA Micro Area",32300,Median household income in the past 12 months (in 2023 inflation-adjusted dollars) --,Householder 45 to 64 years,41483,2156,286.0319166666667,57959.871539300824
B19049_005,2015,"Martinsville, VA Micro Area",32300,Median household income in the past 12 months (in 2023 inflation-adjusted dollars) --,Householder 65 years and over,27533,1598,286.0319166666667,38468.990745403404
B19049_001,2015,"Richmond, VA Metro Area",40060,Median household income in the past 12 months (in 2023 inflation-adjusted dollars) --,All,59919,647,286.0319166666667,83718.57249387378
B19049_002,2015,"Richmond, VA Metro Area",40060,Median household income in the past 12 months (in 2023 inflation-adjusted dollars) --,Householder under 25 years,25233,2340,286.0319166666667,35255.440506983046
B19049_003,2015,"Richmond, VA Metro Area",40060,Median household income in the past 12 months (in 2023 inflation-adjusted dollars) --,Householder 25 to 44 years,62269,1112,286.0319166666667,87001.98252008589
B19049_004,2015,"Richmond, VA Metro Area",40060,Median household income in the past 12 months (in 2023 inflation-adjusted dollars) --,Householder 45 to 64 years,72712,1059,286.0319166666667,101592.89779827016
B19049_005,2015,"Richmond, VA Metro Area",40060,Median household income in the past 12 months (in 2023 inflation-adjusted dollars) --,Householder 65 years and over,44460,819,286.0319166666667,62119.323304421436
B19049_001,2015,"Roanoke, VA Metro Area",40220,Median household income in the past 12 months (in 2023 inflation-adjusted dollars) --,All,50340,692,286.0319166666667,70334.83434873089
B19049_002,2015,"Roanoke, VA Metro Area",40220,Median household income in the past 12 months (in 2023 inflation-adjusted dollars) --,Householder under 25 years,27341,3629,286.0319166666667,38200.729160283096
B19049_003,2015,"Roanoke, VA Metro Area",40220,Median household income in the past 12 months (in 2023 inflation-adjusted dollars) --,Householder 25 to 44 years,55085,2205,286.0319166666667,76964.52821016769
B19049_004,2015,"Roanoke, VA Metro Area",40220,Median household income in the past 12 months (in 2023 inflation-adjusted dollars) --,Householder 45 to 64 years,58853,1918,286.0319166666667,82229.16181815373
B19049_005,2015,"Roanoke, VA Metro Area",40220,Median household income in the past 12 months (in 2023 inflation-adjusted dollars) --,Householder 65 years and over,38167,1470,286.0319166666667,53326.77041295216
B19049_001,2015,"Staunton-Waynesboro, VA Metro Area",44420,Median household income in the past 12 months (in 2023 inflation-adjusted dollars) --,All,49620,1714,286.0319166666667,69328.85340452973
B19049_002,2015,"Staunton-Waynesboro, VA Metro Area",44420,Median household income in the past 12 months (in 2023 inflation-adjusted dollars) --,Householder under 25 years,25916,1556,286.0319166666667,36209.72520821831
B19049_003,2015,"Staunton-Waynesboro, VA Metro Area",44420,Median household income in the past 12 months (in 2023 inflation-adjusted dollars) --,Householder 25 to 44 years,55960,3425,286.0319166666667,78187.07449652324
B19049_004,2015,"Staunton-Waynesboro, VA Metro Area",44420,Median household income in the past 12 months (in 2023 inflation-adjusted dollars) --,Householder 45 to 64 years,58740,2752,286.0319166666667,82071.27869774439
B19049_005,2015,"Staunton-Waynesboro, VA Metro Area",44420,Median household income in the past 12 months (in 2023 inflation-adjusted dollars) --,Householder 65 years and over,38012,1629,286.0319166666667,53110.20507079775
B19049_001,2015,"Virginia Beach-Norfolk-Newport News, VA-NC Metro Area",47260,Median household income in the past 12 months (in 2023 inflation-adjusted dollars) --,All,58852,541,286.0319166666667,82227.7646223979
B19049_002,2015,"Virginia Beach-Norfolk-Newport News, VA-NC Metro Area",47260,Median household income in the past 12 months (in 2023 inflation-adjusted dollars) --,Householder under 25 years,32755,1383,286.0319166666667,45765.146982373466
B19049_003,2015,"Virginia Beach-Norfolk-Newport News, VA-NC Metro Area",47260,Median household income in the past 12 months (in 2023 inflation-adjusted dollars) --,Householder 25 to 44 years,58382,834,286.0319166666667,81571.08261715548
B19049_004,2015,"Virginia Beach-Norfolk-Newport News, VA-NC Metro Area",47260,Median household income in the past 12 months (in 2023 inflation-adjusted dollars) --,Householder 45 to 64 years,72369,907,286.0319166666667,101113.65965401879
B19049_005,2015,"Virginia Beach-Norfolk-Newport News, VA-NC Metro Area",47260,Median household income in the past 12 months (in 2023 inflation-adjusted dollars) --,Householder 65 years and over,46595,773,286.0319166666667,65102.33624312904
B19049_001,2015,"Washington-Arlington-Alexandria, DC-VA-MD-WV Metro Area",47900,Median household income in the past 12 months (in 2023 inflation-adjusted dollars) --,All,92324,363,286.0319166666667,128994.70096170502
B19049_002,2015,"Washington-Arlington-Alexandria, DC-VA-MD-WV Metro Area",47900,Median household income in the past 12 months (in 2023 inflation-adjusted dollars) --,Householder under 25 years,42544,1327,286.0319166666667,59442.296236241695
B19049_003,2015,"Washington-Arlington-Alexandria, DC-VA-MD-WV Metro Area",47900,Median household income in the past 12 months (in 2023 inflation-adjusted dollars) --,Householder 25 to 44 years,91827,605,286.0319166666667,128300.29467105505
B19049_004,2015,"Washington-Arlington-Alexandria, DC-VA-MD-WV Metro Area",47900,Median household income in the past 12 months (in 2023 inflation-adjusted dollars) --,Householder 45 to 64 years,109157,704,286.0319166666667,152513.69711967456
B19049_005,2015,"Washington-Arlington-Alexandria, DC-VA-MD-WV Metro Area",47900,Median household income in the past 12 months (in 2023 inflation-adjusted dollars) --,Householder 65 years and over,67061,625,286.0319166666667,93697.34458204692
B19049_001,2015,"Winchester, VA-WV Metro Area",49020,Median household income in the past 12 months (in 2023 inflation-adjusted dollars) --,All,53585,1614,286.0319166666667,74868.73457641527
B19049_002,2015,"Winchester, VA-WV Metro Area",49020,Median household income in the past 12 months (in 2023 inflation-adjusted dollars) --,Householder under 25 years,28877,4259,286.0319166666667,40346.82184124557
B19049_003,2015,"Winchester, VA-WV Metro Area",49020,Median household income in the past 12 months (in 2023 inflation-adjusted dollars) --,Householder 25 to 44 years,60678,4034,286.0319166666667,84779.0440725525
B19049_004,2015,"Winchester, VA-WV Metro Area",49020,Median household income in the past 12 months (in 2023 inflation-adjusted dollars) --,Householder 45 to 64 years,66235,4312,286.0319166666667,92543.26088772726
B19049_005,2015,"Winchester, VA-WV Metro Area",49020,Median household income in the past 12 months (in 2023 inflation-adjusted dollars) --,Householder 65 years and over,35621,1632,286.0319166666667,49769.510018596404
B19049_001,2016,"Big Stone Gap, VA Micro Area",13720,Median household income in the past 12 months (in 2023 inflation-adjusted dollars) --,All,34160,1668,296.8204166666667,45993.434973616204
B19049_002,2016,"Big Stone Gap, VA Micro Area",13720,Median household income in the past 12 months (in 2023 inflation-adjusted dollars) --,Householder under 25 years,22614,5854,296.8204166666667,30447.761665496393
B19049_003,2016,"Big Stone Gap, VA Micro Area",13720,Median household income in the past 12 months (in 2023 inflation-adjusted dollars) --,Householder 25 to 44 years,44074,4654,296.8204166666667,59341.763847399314
B19049_004,2016,"Big Stone Gap, VA Micro Area",13720,Median household income in the past 12 months (in 2023 inflation-adjusted dollars) --,Householder 45 to 64 years,37067,3397,296.8204166666667,49907.45474727845
B19049_005,2016,"Big Stone Gap, VA Micro Area",13720,Median household income in the past 12 months (in 2023 inflation-adjusted dollars) --,Householder 65 years and over,27755,3143,296.8204166666667,37369.66591606317
B19049_001,2016,"Blacksburg-Christiansburg-Radford, VA Metro Area",13980,Median household income in the past 12 months (in 2023 inflation-adjusted dollars) --,All,47456,1478,296.8204166666667,63895.32933571225
B19049_002,2016,"Blacksburg-Christiansburg-Radford, VA Metro Area",13980,Median household income in the past 12 months (in 2023 inflation-adjusted dollars) --,Householder under 25 years,13787,1545,296.8204166666667,18562.98266924024
B19049_003,2016,"Blacksburg-Christiansburg-Radford, VA Metro Area",13980,Median household income in the past 12 months (in 2023 inflation-adjusted dollars) --,Householder 25 to 44 years,54378,1925,296.8204166666667,73215.19341321141
B19049_004,2016,"Blacksburg-Christiansburg-Radford, VA Metro Area",13980,Median household income in the past 12 months (in 2023 inflation-adjusted dollars) --,Householder 45 to 64 years,58314,3065,296.8204166666667,78514.67116661169
B19049_005,2016,"Blacksburg-Christiansburg-Radford, VA Metro Area",13980,Median household income in the past 12 months (in 2023 inflation-adjusted dollars) --,Householder 65 years and over,40512,1841,296.8204166666667,54545.84419353453
B19049_001,2016,"Bluefield, WV-VA Micro Area",14140,Median household income in the past 12 months (in 2023 inflation-adjusted dollars) --,All,37729,1202,296.8204166666667,50798.779511696885
B19049_002,2016,"Bluefield, WV-VA Micro Area",14140,Median household income in the past 12 months (in 2023 inflation-adjusted dollars) --,Householder under 25 years,23841,3962,296.8204166666667,32099.809227341448
B19049_003,2016,"Bluefield, WV-VA Micro Area",14140,Median household income in the past 12 months (in 2023 inflation-adjusted dollars) --,Householder 25 to 44 years,42851,3553,296.8204166666667,57695.10193367763
B19049_004,2016,"Bluefield, WV-VA Micro Area",14140,Median household income in the past 12 months (in 2023 inflation-adjusted dollars) --,Householder 45 to 64 years,43828,2366,296.8204166666667,59010.54648781179
B19049_005,2016,"Bluefield, WV-VA Micro Area",14140,Median household income in the past 12 months (in 2023 inflation-adjusted dollars) --,Householder 65 years and over,30949,1987,296.8204166666667,41670.10594257752
B19049_001,2016,"Charlottesville, VA Metro Area",16820,Median household income in the past 12 months (in 2023 inflation-adjusted dollars) --,All,61664,1394,296.8204166666667,83025.15146993763
B19049_002,2016,"Charlottesville, VA Metro Area",16820,Median household income in the past 12 months (in 2023 inflation-adjusted dollars) --,Householder under 25 years,23507,2537,296.8204166666667,31650.107609039696
B19049_003,2016,"Charlottesville, VA Metro Area",16820,Median household income in the past 12 months (in 2023 inflation-adjusted dollars) --,Householder 25 to 44 years,64514,2471,296.8204166666667,86862.42575784179
B19049_004,2016,"Charlottesville, VA Metro Area",16820,Median household income in the past 12 months (in 2023 inflation-adjusted dollars) --,Householder 45 to 64 years,72774,2187,296.8204166666667,97983.78913260964
B19049_005,2016,"Charlottesville, VA Metro Area",16820,Median household income in the past 12 months (in 2023 inflation-adjusted dollars) --,Householder 65 years and over,50099,2358,296.8204166666667,67453.8963332318
B19049_001,2016,"Danville, VA Micro Area",19260,Median household income in the past 12 months (in 2023 inflation-adjusted dollars) --,All,39459,1100,296.8204166666667,53128.07232505626
B19049_002,2016,"Danville, VA Micro Area",19260,Median household income in the past 12 months (in 2023 inflation-adjusted dollars) --,Householder under 25 years,17767,5226,296.8204166666667,23921.70255199763
B19049_003,2016,"Danville, VA Micro Area",19260,Median household income in the past 12 months (in 2023 inflation-adjusted dollars) --,Householder 25 to 44 years,43540,2630,296.8204166666667,58622.779822928846
B19049_004,2016,"Danville, VA Micro Area",19260,Median household income in the past 12 months (in 2023 inflation-adjusted dollars) --,Householder 45 to 64 years,45689,2003,296.8204166666667,61516.21927721167
B19049_005,2016,"Danville, VA Micro Area",19260,Median household income in the past 12 months (in 2023 inflation-adjusted dollars) --,Householder 65 years and over,31433,1266,296.8204166666667,42321.769365505796
B19049_001,2016,"Harrisonburg, VA Metro Area",25500,Median household income in the past 12 months (in 2023 inflation-adjusted dollars) --,All,49385,1815,296.8204166666667,66492.55814320949
B19049_002,2016,"Harrisonburg, VA Metro Area",25500,Median household income in the past 12 months (in 2023 inflation-adjusted dollars) --,Householder under 25 years,16418,2987,296.8204166666667,22105.39272238966
B19049_003,2016,"Harrisonburg, VA Metro Area",25500,Median household income in the past 12 months (in 2023 inflation-adjusted dollars) --,Householder 25 to 44 years,52490,3223,296.8204166666667,70673.16749897876
B19049_004,2016,"Harrisonburg, VA Metro Area",25500,Median household income in the past 12 months (in 2023 inflation-adjusted dollars) --,Householder 45 to 64 years,63556,2339,296.8204166666667,85572.56303229366
B19049_005,2016,"Harrisonburg, VA Metro Area",25500,Median household income in the past 12 months (in 2023 inflation-adjusted dollars) --,Householder 65 years and over,38991,1322,296.8204166666667,52497.95149462147
B19049_001,2016,"Kingsport-Bristol-Bristol, TN-VA Metro Area",28700,Median household income in the past 12 months (in 2023 inflation-adjusted dollars) --,All,40432,712,296.8204166666667,54438.13123106705
B19049_002,2016,"Kingsport-Bristol-Bristol, TN-VA Metro Area",28700,Median household income in the past 12 months (in 2023 inflation-adjusted dollars) --,Householder under 25 years,24916,3717,296.8204166666667,33547.20216049828
B19049_003,2016,"Kingsport-Bristol-Bristol, TN-VA Metro Area",28700,Median household income in the past 12 months (in 2023 inflation-adjusted dollars) --,Householder 25 to 44 years,44945,2843,296.8204166666667,60514.488726264055
B19049_004,2016,"Kingsport-Bristol-Bristol, TN-VA Metro Area",28700,Median household income in the past 12 months (in 2023 inflation-adjusted dollars) --,Householder 45 to 64 years,48268,1959,296.8204166666667,64988.61590475723
B19049_005,2016,"Kingsport-Bristol-Bristol, TN-VA Metro Area",28700,Median household income in the past 12 months (in 2023 inflation-adjusted dollars) --,Householder 65 years and over,32341,866,296.8204166666667,43544.311489511754
B19049_001,2016,"Lynchburg, VA Metro Area",31340,Median household income in the past 12 months (in 2023 inflation-adjusted dollars) --,All,48269,1210,296.8204166666667,64989.96231678807
B19049_002,2016,"Lynchburg, VA Metro Area",31340,Median household income in the past 12 months (in 2023 inflation-adjusted dollars) --,Householder under 25 years,23995,3480,296.8204166666667,32307.156680091357
B19049_003,2016,"Lynchburg, VA Metro Area",31340,Median household income in the past 12 months (in 2023 inflation-adjusted dollars) --,Householder 25 to 44 years,53039,2555,296.8204166666667,71412.34770391187
B19049_004,2016,"Lynchburg, VA Metro Area",31340,Median household income in the past 12 months (in 2023 inflation-adjusted dollars) --,Householder 45 to 64 years,59252,1992,296.8204166666667,79777.60565154295
B19049_005,2016,"Lynchburg, VA Metro Area",31340,Median household income in the past 12 months (in 2023 inflation-adjusted dollars) --,Householder 65 years and over,37500,1381,296.8204166666667,50490.45115663371
B19049_001,2016,"Martinsville, VA Micro Area",32300,Median household income in the past 12 months (in 2023 inflation-adjusted dollars) --,All,34542,1986,296.8204166666667,46507.76436939844
B19049_002,2016,"Martinsville, VA Micro Area",32300,Median household income in the past 12 months (in 2023 inflation-adjusted dollars) --,Householder under 25 years,20489,3395,296.8204166666667,27586.636099953816
B19049_003,2016,"Martinsville, VA Micro Area",32300,Median household income in the past 12 months (in 2023 inflation-adjusted dollars) --,Householder 25 to 44 years,38911,4019,296.8204166666667,52390.238532153984
B19049_004,2016,"Martinsville, VA Micro Area",32300,Median household income in the past 12 months (in 2023 inflation-adjusted dollars) --,Householder 45 to 64 years,41091,2207,296.8204166666667,55325.41675939295
B19049_005,2016,"Martinsville, VA Micro Area",32300,Median household income in the past 12 months (in 2023 inflation-adjusted dollars) --,Householder 65 years and over,28870,1639,296.8204166666667,38870.91533045374
B19049_001,2016,"Richmond, VA Metro Area",40060,Median household income in the past 12 months (in 2023 inflation-adjusted dollars) --,All,61124,525,296.8204166666667,82298.08897328211
B19049_002,2016,"Richmond, VA Metro Area",40060,Median household income in the past 12 months (in 2023 inflation-adjusted dollars) --,Householder under 25 years,27564,2183,296.8204166666667,37112.501218172045
B19049_003,2016,"Richmond, VA Metro Area",40060,Median household income in the past 12 months (in 2023 inflation-adjusted dollars) --,Householder 25 to 44 years,63123,1011,296.8204166666667,84989.5666229384
B19049_004,2016,"Richmond, VA Metro Area",40060,Median household income in the past 12 months (in 2023 inflation-adjusted dollars) --,Householder 45 to 64 years,74501,923,296.8204166666667,100309.04270987648
B19049_005,2016,"Richmond, VA Metro Area",40060,Median household income in the past 12 months (in 2023 inflation-adjusted dollars) --,Householder 65 years and over,45714,849,296.8204166666667,61549.87957798276
B19049_001,2016,"Roanoke, VA Metro Area",40220,Median household income in the past 12 months (in 2023 inflation-adjusted dollars) --,All,50517,907,296.8204166666667,68016.6965621244
B19049_002,2016,"Roanoke, VA Metro Area",40220,Median household income in the past 12 months (in 2023 inflation-adjusted dollars) --,Householder under 25 years,26725,2165,296.8204166666667,35982.86152429429
B19049_003,2016,"Roanoke, VA Metro Area",40220,Median household income in the past 12 months (in 2023 inflation-adjusted dollars) --,Householder 25 to 44 years,54554,2359,296.8204166666667,73452.16193063988
B19049_004,2016,"Roanoke, VA Metro Area",40220,Median household income in the past 12 months (in 2023 inflation-adjusted dollars) --,Householder 45 to 64 years,60585,1699,296.8204166666667,81572.37288865742
B19049_005,2016,"Roanoke, VA Metro Area",40220,Median household income in the past 12 months (in 2023 inflation-adjusted dollars) --,Householder 65 years and over,38463,1373,296.8204166666667,51787.045942336066
B19049_001,2016,"Staunton-Waynesboro, VA Metro Area",44420,Median household income in the past 12 months (in 2023 inflation-adjusted dollars) --,All,51678,1215,296.8204166666667,69579.88092993379
B19049_002,2016,"Staunton-Waynesboro, VA Metro Area",44420,Median household income in the past 12 months (in 2023 inflation-adjusted dollars) --,Householder under 25 years,29650,6555,296.8204166666667,39921.11671451172
B19049_003,2016,"Staunton-Waynesboro, VA Metro Area",44420,Median household income in the past 12 months (in 2023 inflation-adjusted dollars) --,Householder 25 to 44 years,58311,2484,296.8204166666667,78510.63193051916
B19049_004,2016,"Staunton-Waynesboro, VA Metro Area",44420,Median household income in the past 12 months (in 2023 inflation-adjusted dollars) --,Householder 45 to 64 years,59006,3023,296.8204166666667,79446.38829195543
B19049_005,2016,"Staunton-Waynesboro, VA Metro Area",44420,Median household income in the past 12 months (in 2023 inflation-adjusted dollars) --,Householder 65 years and over,39313,1728,296.8204166666667,52931.496168553094
B19049_001,2016,"Virginia Beach-Norfolk-Newport News, VA-NC Metro Area",47260,Median household income in the past 12 months (in 2023 inflation-adjusted dollars) --,All,60059,405,296.8204166666667,80864.1601604337
B19049_002,2016,"Virginia Beach-Norfolk-Newport News, VA-NC Metro Area",47260,Median household income in the past 12 months (in 2023 inflation-adjusted dollars) --,Householder under 25 years,34180,1491,296.8204166666667,46020.363214233075
B19049_003,2016,"Virginia Beach-Norfolk-Newport News, VA-NC Metro Area",47260,Median household income in the past 12 months (in 2023 inflation-adjusted dollars) --,Householder 25 to 44 years,59095,820,296.8204166666667,79566.21896270051
B19049_004,2016,"Virginia Beach-Norfolk-Newport News, VA-NC Metro Area",47260,Median household income in the past 12 months (in 2023 inflation-adjusted dollars) --,Householder 45 to 64 years,73469,966,296.8204166666667,98919.54549404593
B19049_005,2016,"Virginia Beach-Norfolk-Newport News, VA-NC Metro Area",47260,Median household income in the past 12 months (in 2023 inflation-adjusted dollars) --,Householder 65 years and over,48754,792,296.8204166666667,65642.9721517472
B19049_001,2016,"Washington-Arlington-Alexandria, DC-VA-MD-WV Metro Area",47900,Median household income in the past 12 months (in 2023 inflation-adjusted dollars) --,All,93804,405,296.8204166666667,126298.83414124983
B19049_002,2016,"Washington-Arlington-Alexandria, DC-VA-MD-WV Metro Area",47900,Median household income in the past 12 months (in 2023 inflation-adjusted dollars) --,Householder under 25 years,43843,1866,296.8204166666667,59030.74266827445
B19049_003,2016,"Washington-Arlington-Alexandria, DC-VA-MD-WV Metro Area",47900,Median household income in the past 12 months (in 2023 inflation-adjusted dollars) --,Householder 25 to 44 years,93587,664,296.8204166666667,126006.66273055678
B19049_004,2016,"Washington-Arlington-Alexandria, DC-VA-MD-WV Metro Area",47900,Median household income in the past 12 months (in 2023 inflation-adjusted dollars) --,Householder 45 to 64 years,110844,631,296.8204166666667,149241.6951468242
B19049_005,2016,"Washington-Arlington-Alexandria, DC-VA-MD-WV Metro Area",47900,Median household income in the past 12 months (in 2023 inflation-adjusted dollars) --,Householder 65 years and over,69042,743,296.8204166666667,92958.97943350146
B19049_001,2016,"Winchester, VA-WV Metro Area",49020,Median household income in the past 12 months (in 2023 inflation-adjusted dollars) --,All,56053,1410,296.8204166666667,75470.43356487439
B19049_002,2016,"Winchester, VA-WV Metro Area",49020,Median household income in the past 12 months (in 2023 inflation-adjusted dollars) --,Householder under 25 years,32018,6552,296.8204166666667,43109.42040354929
B19049_003,2016,"Winchester, VA-WV Metro Area",49020,Median household income in the past 12 months (in 2023 inflation-adjusted dollars) --,Householder 25 to 44 years,61400,3607,296.8204166666667,82669.69869379493
B19049_004,2016,"Winchester, VA-WV Metro Area",49020,Median household income in the past 12 months (in 2023 inflation-adjusted dollars) --,Householder 45 to 64 years,70120,2532,296.8204166666667,94410.41160275083
B19049_005,2016,"Winchester, VA-WV Metro Area",49020,Median household income in the past 12 months (in 2023 inflation-adjusted dollars) --,Householder 65 years and over,38788,2426,296.8204166666667,52224.62985236022
B19049_001,2017,"Big Stone Gap, VA Micro Area",13720,Median household income in the past 12 months (in 2023 inflation-adjusted dollars) --,All,34542,1684,308.14258333333333,44798.916946272984
B19049_002,2017,"Big Stone Gap, VA Micro Area",13720,Median household income in the past 12 months (in 2023 inflation-adjusted dollars) --,Householder under 25 years,22800,5089,308.14258333333333,29570.242208761043
B19049_003,2017,"Big Stone Gap, VA Micro Area",13720,Median household income in the past 12 months (in 2023 inflation-adjusted dollars) --,Householder 25 to 44 years,46578,5946,308.14258333333333,60408.892175424204
B19049_004,2017,"Big Stone Gap, VA Micro Area",13720,Median household income in the past 12 months (in 2023 inflation-adjusted dollars) --,Householder 45 to 64 years,34807,3496,308.14258333333333,45142.60616492744
B19049_005,2017,"Big Stone Gap, VA Micro Area",13720,Median household income in the past 12 months (in 2023 inflation-adjusted dollars) --,Householder 65 years and over,29740,2460,308.14258333333333,38571.008916164625
B19049_001,2017,"Blacksburg-Christiansburg-Radford, VA Metro Area",13980,Median household income in the past 12 months (in 2023 inflation-adjusted dollars) --,All,50409,1245,308.14258333333333,65377.47103076471
B19049_002,2017,"Blacksburg-Christiansburg-Radford, VA Metro Area",13980,Median household income in the past 12 months (in 2023 inflation-adjusted dollars) --,Householder under 25 years,13492,1917,308.14258333333333,17498.320521079124
B19049_003,2017,"Blacksburg-Christiansburg-Radford, VA Metro Area",13980,Median household income in the past 12 months (in 2023 inflation-adjusted dollars) --,Householder 25 to 44 years,58578,2698,308.14258333333333,75972.17754845634
B19049_004,2017,"Blacksburg-Christiansburg-Radford, VA Metro Area",13980,Median household income in the past 12 months (in 2023 inflation-adjusted dollars) --,Householder 45 to 64 years,60794,3312,308.14258333333333,78846.19758067626
B19049_005,2017,"Blacksburg-Christiansburg-Radford, VA Metro Area",13980,Median household income in the past 12 months (in 2023 inflation-adjusted dollars) --,Householder 65 years and over,43068,1942,308.14258333333333,55856.63120381231
B19049_001,2017,"Bluefield, WV-VA Micro Area",14140,Median household income in the past 12 months (in 2023 inflation-adjusted dollars) --,All,39073,1455,308.14258333333333,50675.35411504036
B19049_002,2017,"Bluefield, WV-VA Micro Area",14140,Median household income in the past 12 months (in 2023 inflation-adjusted dollars) --,Householder under 25 years,24229,3623,308.14258333333333,31423.57010859962
B19049_003,2017,"Bluefield, WV-VA Micro Area",14140,Median household income in the past 12 months (in 2023 inflation-adjusted dollars) --,Householder 25 to 44 years,44643,3247,308.14258333333333,57899.31240902277
B19049_004,2017,"Bluefield, WV-VA Micro Area",14140,Median household income in the past 12 months (in 2023 inflation-adjusted dollars) --,Householder 45 to 64 years,44874,2774,308.14258333333333,58198.90565245364
B19049_005,2017,"Bluefield, WV-VA Micro Area",14140,Median household income in the past 12 months (in 2023 inflation-adjusted dollars) --,Householder 65 years and over,31736,1436,308.14258333333333,41159.70204987897
B19049_001,2017,"Charlottesville, VA Metro Area",16820,Median household income in the past 12 months (in 2023 inflation-adjusted dollars) --,All,63486,1379,308.14258333333333,82337.56126602647
B19049_002,2017,"Charlottesville, VA Metro Area",16820,Median household income in the past 12 months (in 2023 inflation-adjusted dollars) --,Householder under 25 years,24710,3290,308.14258333333333,32047.398463968657
B19049_003,2017,"Charlottesville, VA Metro Area",16820,Median household income in the past 12 months (in 2023 inflation-adjusted dollars) --,Householder 25 to 44 years,65389,2177,308.14258333333333,84805.63893809982
B19049_004,2017,"Charlottesville, VA Metro Area",16820,Median household income in the past 12 months (in 2023 inflation-adjusted dollars) --,Householder 45 to 64 years,75419,1987,308.14258333333333,97813.95162905917
B19049_005,2017,"Charlottesville, VA Metro Area",16820,Median household income in the past 12 months (in 2023 inflation-adjusted dollars) --,Householder 65 years and over,53267,2427,308.14258333333333,69084.12683044186
B19049_001,2017,"Danville, VA Micro Area",19260,Median household income in the past 12 months (in 2023 inflation-adjusted dollars) --,All,40124,1213,308.14258333333333,52038.43852562843
B19049_002,2017,"Danville, VA Micro Area",19260,Median household income in the past 12 months (in 2023 inflation-adjusted dollars) --,Householder under 25 years,25118,9729,308.14258333333333,32576.55016665175
B19049_003,2017,"Danville, VA Micro Area",19260,Median household income in the past 12 months (in 2023 inflation-adjusted dollars) --,Householder 25 to 44 years,45191,2390,308.14258333333333,58610.03577439124
B19049_004,2017,"Danville, VA Micro Area",19260,Median household income in the past 12 months (in 2023 inflation-adjusted dollars) --,Householder 45 to 64 years,46641,2483,308.14258333333333,60490.59942363262
B19049_005,2017,"Danville, VA Micro Area",19260,Median household income in the past 12 months (in 2023 inflation-adjusted dollars) --,Householder 65 years and over,33248,1890,308.14258333333333,43120.67600688102
B19049_001,2017,"Harrisonburg, VA Metro Area",25500,Median household income in the past 12 months (in 2023 inflation-adjusted dollars) --,All,52264,1566,308.14258333333333,67783.29556134593
B19049_002,2017,"Harrisonburg, VA Metro Area",25500,Median household income in the past 12 months (in 2023 inflation-adjusted dollars) --,Householder under 25 years,20635,2444,308.14258333333333,26762.366139376496
B19049_003,2017,"Harrisonburg, VA Metro Area",25500,Median household income in the past 12 months (in 2023 inflation-adjusted dollars) --,Householder 25 to 44 years,55969,3531,308.14258333333333,72588.4599202696
B19049_004,2017,"Harrisonburg, VA Metro Area",25500,Median household income in the past 12 months (in 2023 inflation-adjusted dollars) --,Householder 45 to 64 years,65579,2758,308.14258333333333,85052.05762317283
B19049_005,2017,"Harrisonburg, VA Metro Area",25500,Median household income in the past 12 months (in 2023 inflation-adjusted dollars) --,Householder 65 years and over,42054,1718,308.14258333333333,54541.53358979109
B19049_001,2017,"Kingsport-Bristol-Bristol, TN-VA Metro Area",28700,Median household income in the past 12 months (in 2023 inflation-adjusted dollars) --,All,41558,720,308.14258333333333,53898.251127705764
B19049_002,2017,"Kingsport-Bristol-Bristol, TN-VA Metro Area",28700,Median household income in the past 12 months (in 2023 inflation-adjusted dollars) --,Householder under 25 years,24683,5376,308.14258333333333,32012.381071879336
B19049_003,2017,"Kingsport-Bristol-Bristol, TN-VA Metro Area",28700,Median household income in the past 12 months (in 2023 inflation-adjusted dollars) --,Householder 25 to 44 years,47476,2997,308.14258333333333,61573.54469750611
B19049_004,2017,"Kingsport-Bristol-Bristol, TN-VA Metro Area",28700,Median household income in the past 12 months (in 2023 inflation-adjusted dollars) --,Householder 45 to 64 years,48744,1852,308.14258333333333,63218.065185256506
B19049_005,2017,"Kingsport-Bristol-Bristol, TN-VA Metro Area",28700,Median household income in the past 12 months (in 2023 inflation-adjusted dollars) --,Householder 65 years and over,33793,697,308.14258333333333,43827.50855090623
B19049_001,2017,"Lynchburg, VA Metro Area",31340,Median household income in the past 12 months (in 2023 inflation-adjusted dollars) --,All,50711,877,308.14258333333333,65769.14704598603
B19049_002,2017,"Lynchburg, VA Metro Area",31340,Median household income in the past 12 months (in 2023 inflation-adjusted dollars) --,Householder under 25 years,24185,4182,308.14258333333333,31366.5047288985
B19049_003,2017,"Lynchburg, VA Metro Area",31340,Median household income in the past 12 months (in 2023 inflation-adjusted dollars) --,Householder 25 to 44 years,55701,2542,308.14258333333333,72240.87988027188
B19049_004,2017,"Lynchburg, VA Metro Area",31340,Median household income in the past 12 months (in 2023 inflation-adjusted dollars) --,Householder 45 to 64 years,61935,1616,308.14258333333333,80326.00663156208
B19049_005,2017,"Lynchburg, VA Metro Area",31340,Median household income in the past 12 months (in 2023 inflation-adjusted dollars) --,Householder 65 years and over,38688,1538,308.14258333333333,50176.032042655585
B19049_001,2017,"Martinsville, VA Micro Area",32300,Median household income in the past 12 months (in 2023 inflation-adjusted dollars) --,All,36338,1785,308.14258333333333,47128.22199043679
B19049_002,2017,"Martinsville, VA Micro Area",32300,Median household income in the past 12 months (in 2023 inflation-adjusted dollars) --,Householder under 25 years,23981,8498,308.14258333333333,31101.928877556955
B19049_003,2017,"Martinsville, VA Micro Area",32300,Median household income in the past 12 months (in 2023 inflation-adjusted dollars) --,Householder 25 to 44 years,38283,3027,308.14258333333333,49650.771161315744
B19049_004,2017,"Martinsville, VA Micro Area",32300,Median household income in the past 12 months (in 2023 inflation-adjusted dollars) --,Householder 45 to 64 years,42544,2597,308.14258333333333,55177.0344091899
B19049_005,2017,"Martinsville, VA Micro Area",32300,Median household income in the past 12 months (in 2023 inflation-adjusted dollars) --,Householder 65 years and over,30961,1871,308.14258333333333,40154.57320287064
B19049_001,2017,"Richmond, VA Metro Area",40060,Median household income in the past 12 months (in 2023 inflation-adjusted dollars) --,All,63599,710,308.14258333333333,82484.11553662253
B19049_002,2017,"Richmond, VA Metro Area",40060,Median household income in the past 12 months (in 2023 inflation-adjusted dollars) --,Householder under 25 years,30082,2429,308.14258333333333,39014.56254929604
B19049_003,2017,"Richmond, VA Metro Area",40060,Median household income in the past 12 months (in 2023 inflation-adjusted dollars) --,Householder 25 to 44 years,66225,1020,308.14258333333333,85889.88115242106
B19049_004,2017,"Richmond, VA Metro Area",40060,Median household income in the past 12 months (in 2023 inflation-adjusted dollars) --,Householder 45 to 64 years,77809,1232,308.14258333333333,100913.63929918807
B19049_005,2017,"Richmond, VA Metro Area",40060,Median household income in the past 12 months (in 2023 inflation-adjusted dollars) --,Householder 65 years and over,48166,959,308.14258333333333,62468.43360645546
B19049_001,2017,"Roanoke, VA Metro Area",40220,Median household income in the past 12 months (in 2023 inflation-adjusted dollars) --,All,52609,820,308.14258333333333,68230.7400158206
B19049_002,2017,"Roanoke, VA Metro Area",40220,Median household income in the past 12 months (in 2023 inflation-adjusted dollars) --,Householder under 25 years,27086,2040,308.14258333333333,35128.92896782902
B19049_003,2017,"Roanoke, VA Metro Area",40220,Median household income in the past 12 months (in 2023 inflation-adjusted dollars) --,Householder 25 to 44 years,56394,1709,308.14258333333333,73139.65961056449
B19049_004,2017,"Roanoke, VA Metro Area",40220,Median household income in the past 12 months (in 2023 inflation-adjusted dollars) --,Householder 45 to 64 years,62803,2248,308.14258333333333,81451.7509402114
B19049_005,2017,"Roanoke, VA Metro Area",40220,Median household income in the past 12 months (in 2023 inflation-adjusted dollars) --,Householder 65 years and over,41176,1376,308.14258333333333,53402.819876664245
B19049_001,2017,"Staunton-Waynesboro, VA Metro Area",44420,Median household income in the past 12 months (in 2023 inflation-adjusted dollars) --,All,54427,1975,308.14258333333333,70588.57774983496
B19049_002,2017,"Staunton-Waynesboro, VA Metro Area",44420,Median household income in the past 12 months (in 2023 inflation-adjusted dollars) --,Householder under 25 years,32353,9025,308.14258333333333,41959.91430614237
B19049_003,2017,"Staunton-Waynesboro, VA Metro Area",44420,Median household income in the past 12 months (in 2023 inflation-adjusted dollars) --,Householder 25 to 44 years,60430,2598,308.14258333333333,78374.1112576943
B19049_004,2017,"Staunton-Waynesboro, VA Metro Area",44420,Median household income in the past 12 months (in 2023 inflation-adjusted dollars) --,Householder 45 to 64 years,62987,4051,308.14258333333333,81690.3879825979
B19049_005,2017,"Staunton-Waynesboro, VA Metro Area",44420,Median household income in the past 12 months (in 2023 inflation-adjusted dollars) --,Householder 65 years and over,40871,3145,308.14258333333333,53007.25304009968
B19049_001,2017,"Virginia Beach-Norfolk-Newport News, VA-NC Metro Area",47260,Median household income in the past 12 months (in 2023 inflation-adjusted dollars) --,All,61889,440,308.14258333333333,80266.34737096545
B19049_002,2017,"Virginia Beach-Norfolk-Newport News, VA-NC Metro Area",47260,Median household income in the past 12 months (in 2023 inflation-adjusted dollars) --,Householder under 25 years,36567,1194,308.14258333333333,47425.221352972156
B19049_003,2017,"Virginia Beach-Norfolk-Newport News, VA-NC Metro Area",47260,Median household income in the past 12 months (in 2023 inflation-adjusted dollars) --,Householder 25 to 44 years,61006,633,308.14258333333333,79121.14895559984
B19049_004,2017,"Virginia Beach-Norfolk-Newport News, VA-NC Metro Area",47260,Median household income in the past 12 months (in 2023 inflation-adjusted dollars) --,Householder 45 to 64 years,75719,897,308.14258333333333,98203.03376338497
B19049_005,2017,"Virginia Beach-Norfolk-Newport News, VA-NC Metro Area",47260,Median household income in the past 12 months (in 2023 inflation-adjusted dollars) --,Householder 65 years and over,51306,891,308.14258333333333,66540.82661239886
B19049_001,2017,"Washington-Arlington-Alexandria, DC-VA-MD-WV Metro Area",47900,Median household income in the past 12 months (in 2023 inflation-adjusted dollars) --,All,97148,502,308.14258333333333,125995.1706182771
B19049_002,2017,"Washington-Arlington-Alexandria, DC-VA-MD-WV Metro Area",47900,Median household income in the past 12 months (in 2023 inflation-adjusted dollars) --,Householder under 25 years,45388,1924,308.14258333333333,58865.53304259852
B19049_003,2017,"Washington-Arlington-Alexandria, DC-VA-MD-WV Metro Area",47900,Median household income in the past 12 months (in 2023 inflation-adjusted dollars) --,Householder 25 to 44 years,97183,798,308.14258333333333,126040.56353394844
B19049_004,2017,"Washington-Arlington-Alexandria, DC-VA-MD-WV Metro Area",47900,Median household income in the past 12 months (in 2023 inflation-adjusted dollars) --,Householder 45 to 64 years,114281,718,308.14258333333333,148215.65130962373
B19049_005,2017,"Washington-Arlington-Alexandria, DC-VA-MD-WV Metro Area",47900,Median household income in the past 12 months (in 2023 inflation-adjusted dollars) --,Householder 65 years and over,71660,781,308.14258333333333,92938.75248595687
B19049_001,2017,"Winchester, VA-WV Metro Area",49020,Median household income in the past 12 months (in 2023 inflation-adjusted dollars) --,All,60350,1346,308.14258333333333,78270.35602187407
B19049_002,2017,"Winchester, VA-WV Metro Area",49020,Median household income in the past 12 months (in 2023 inflation-adjusted dollars) --,Householder under 25 years,33838,4718,308.14258333333333,43885.8708710551
B19049_003,2017,"Winchester, VA-WV Metro Area",49020,Median household income in the past 12 months (in 2023 inflation-adjusted dollars) --,Householder 25 to 44 years,66372,2879,308.14258333333333,86080.5313982407
B19049_004,2017,"Winchester, VA-WV Metro Area",49020,Median household income in the past 12 months (in 2023 inflation-adjusted dollars) --,Householder 45 to 64 years,72687,2890,308.14258333333333,94270.71032579886
B19049_005,2017,"Winchester, VA-WV Metro Area",49020,Median household income in the past 12 months (in 2023 inflation-adjusted dollars) --,Householder 65 years and over,42808,2857,308.14258333333333,55519.42668739661
B19049_001,2018,"Big Stone Gap, VA Micro Area",13720,Median household income in the past 12 months (in 2023 inflation-adjusted dollars) --,All,34649,1603,319.28875,43368.943485857235
B19049_002,2018,"Big Stone Gap, VA Micro Area",13720,Median household income in the past 12 months (in 2023 inflation-adjusted dollars) --,Householder under 25 years,22721,6272,319.28875,28439.082367230287
B19049_003,2018,"Big Stone Gap, VA Micro Area",13720,Median household income in the past 12 months (in 2023 inflation-adjusted dollars) --,Householder 25 to 44 years,44260,5299,319.28875,55398.69660550207
B19049_004,2018,"Big Stone Gap, VA Micro Area",13720,Median household income in the past 12 months (in 2023 inflation-adjusted dollars) --,Householder 45 to 64 years,35033,3699,319.28875,43849.58287800619
B19049_005,2018,"Big Stone Gap, VA Micro Area",13720,Median household income in the past 12 months (in 2023 inflation-adjusted dollars) --,Householder 65 years and over,30473,2620,319.28875,38141.990096237336
B19049_001,2018,"Blacksburg-Christiansburg-Radford, VA Metro Area",13980,Median household income in the past 12 months (in 2023 inflation-adjusted dollars) --,All,52189,1154,319.28875,65323.14905432778
B19049_002,2018,"Blacksburg-Christiansburg-Radford, VA Metro Area",13980,Median household income in the past 12 months (in 2023 inflation-adjusted dollars) --,Householder under 25 years,12785,2086,319.28875,16002.53809537605
B19049_003,2018,"Blacksburg-Christiansburg-Radford, VA Metro Area",13980,Median household income in the past 12 months (in 2023 inflation-adjusted dollars) --,Householder 25 to 44 years,60478,2727,319.28875,75698.20093329313
B19049_004,2018,"Blacksburg-Christiansburg-Radford, VA Metro Area",13980,Median household income in the past 12 months (in 2023 inflation-adjusted dollars) --,Householder 45 to 64 years,63671,3841,319.28875,79694.76754561506
B19049_005,2018,"Blacksburg-Christiansburg-Radford, VA Metro Area",13980,Median household income in the past 12 months (in 2023 inflation-adjusted dollars) --,Householder 65 years and over,42988,1825,319.28875,53806.57861900865
B19049_001,2018,"Bluefield, WV-VA Micro Area",14140,Median household income in the past 12 months (in 2023 inflation-adjusted dollars) --,All,40218,1530,319.28875,50339.46633710082
B19049_002,2018,"Bluefield, WV-VA Micro Area",14140,Median household income in the past 12 months (in 2023 inflation-adjusted dollars) --,Householder under 25 years,27303,7129,319.28875,34174.21178084101
B19049_003,2018,"Bluefield, WV-VA Micro Area",14140,Median household income in the past 12 months (in 2023 inflation-adjusted dollars) --,Householder 25 to 44 years,47012,3250,319.28875,58843.27891590292
B19049_004,2018,"Bluefield, WV-VA Micro Area",14140,Median household income in the past 12 months (in 2023 inflation-adjusted dollars) --,Householder 45 to 64 years,43831,2480,319.28875,54861.73228458566
B19049_005,2018,"Bluefield, WV-VA Micro Area",14140,Median household income in the past 12 months (in 2023 inflation-adjusted dollars) --,Householder 65 years and over,32310,1566,319.28875,40441.29885503326
B19049_001,2018,"Charlottesville, VA Metro Area",16820,Median household income in the past 12 months (in 2023 inflation-adjusted dollars) --,All,67224,1482,319.28875,84141.93358807662
B19049_002,2018,"Charlottesville, VA Metro Area",16820,Median household income in the past 12 months (in 2023 inflation-adjusted dollars) --,Householder under 25 years,26250,3574,319.28875,32856.20844768254
B19049_003,2018,"Charlottesville, VA Metro Area",16820,Median household income in the past 12 months (in 2023 inflation-adjusted dollars) --,Householder 25 to 44 years,70057,3873,319.28875,87687.90077025889
B19049_004,2018,"Charlottesville, VA Metro Area",16820,Median household income in the past 12 months (in 2023 inflation-adjusted dollars) --,Householder 45 to 64 years,80335,3273,319.28875,100552.51450074579
B19049_005,2018,"Charlottesville, VA Metro Area",16820,Median household income in the past 12 months (in 2023 inflation-adjusted dollars) --,Householder 65 years and over,56768,2543,319.28875,71054.52347268733
B19049_001,2018,"Danville, VA Micro Area",19260,Median household income in the past 12 months (in 2023 inflation-adjusted dollars) --,All,41091,1186,319.28875,51432.16995518946
B19049_002,2018,"Danville, VA Micro Area",19260,Median household income in the past 12 months (in 2023 inflation-adjusted dollars) --,Householder under 25 years,29079,3058,319.28875,36397.16896952993
B19049_003,2018,"Danville, VA Micro Area",19260,Median household income in the past 12 months (in 2023 inflation-adjusted dollars) --,Householder 25 to 44 years,44189,2685,319.28875,55309.82838455786
B19049_004,2018,"Danville, VA Micro Area",19260,Median household income in the past 12 months (in 2023 inflation-adjusted dollars) --,Householder 45 to 64 years,46931,2126,319.28875,58741.8940441215
B19049_005,2018,"Danville, VA Micro Area",19260,Median household income in the past 12 months (in 2023 inflation-adjusted dollars) --,Householder 65 years and over,34330,1482,319.28875,42969.66232415016
B19049_001,2018,"Harrisonburg, VA Metro Area",25500,Median household income in the past 12 months (in 2023 inflation-adjusted dollars) --,All,54136,1461,319.28875,67760.14097233303
B19049_002,2018,"Harrisonburg, VA Metro Area",25500,Median household income in the past 12 months (in 2023 inflation-adjusted dollars) --,Householder under 25 years,19992,2493,319.28875,25023.288353755026
B19049_003,2018,"Harrisonburg, VA Metro Area",25500,Median household income in the past 12 months (in 2023 inflation-adjusted dollars) --,Householder 25 to 44 years,58807,3975,319.28875,73606.66857839495
B19049_004,2018,"Harrisonburg, VA Metro Area",25500,Median household income in the past 12 months (in 2023 inflation-adjusted dollars) --,Householder 45 to 64 years,65706,3113,319.28875,82241.90599098778
B19049_005,2018,"Harrisonburg, VA Metro Area",25500,Median household income in the past 12 months (in 2023 inflation-adjusted dollars) --,Householder 65 years and over,43319,2389,319.28875,54220.87976172038
B19049_001,2018,"Kingsport-Bristol-Bristol, TN-VA Metro Area",28700,Median household income in the past 12 months (in 2023 inflation-adjusted dollars) --,All,42579,819,319.28875,53294.647599766664
B19049_002,2018,"Kingsport-Bristol-Bristol, TN-VA Metro Area",28700,Median household income in the past 12 months (in 2023 inflation-adjusted dollars) --,Householder under 25 years,26679,4081,319.28875,33393.17276859895
B19049_003,2018,"Kingsport-Bristol-Bristol, TN-VA Metro Area",28700,Median household income in the past 12 months (in 2023 inflation-adjusted dollars) --,Householder 25 to 44 years,47827,2398,319.28875,59863.38595913573
B19049_004,2018,"Kingsport-Bristol-Bristol, TN-VA Metro Area",28700,Median household income in the past 12 months (in 2023 inflation-adjusted dollars) --,Householder 45 to 64 years,50202,1547,319.28875,62836.09053297368
B19049_005,2018,"Kingsport-Bristol-Bristol, TN-VA Metro Area",28700,Median household income in the past 12 months (in 2023 inflation-adjusted dollars) --,Householder 65 years and over,35275,1004,319.28875,44152.485828266734
B19049_001,2018,"Lynchburg, VA Metro Area",31340,Median household income in the past 12 months (in 2023 inflation-adjusted dollars) --,All,52076,1035,319.28875,65181.71089986728
B19049_002,2018,"Lynchburg, VA Metro Area",31340,Median household income in the past 12 months (in 2023 inflation-adjusted dollars) --,Householder under 25 years,29651,3410,319.28875,37113.12139741848
B19049_003,2018,"Lynchburg, VA Metro Area",31340,Median household income in the past 12 months (in 2023 inflation-adjusted dollars) --,Householder 25 to 44 years,59369,2763,319.28875,74310.10435544628
B19049_004,2018,"Lynchburg, VA Metro Area",31340,Median household income in the past 12 months (in 2023 inflation-adjusted dollars) --,Householder 45 to 64 years,64842,2115,319.28875,81160.46735865263
B19049_005,2018,"Lynchburg, VA Metro Area",31340,Median household income in the past 12 months (in 2023 inflation-adjusted dollars) --,Householder 65 years and over,39314,1441,319.28875,49207.96110141682
B19049_001,2018,"Martinsville, VA Micro Area",32300,Median household income in the past 12 months (in 2023 inflation-adjusted dollars) --,All,36061,1718,319.28875,45136.29458407163
B19049_002,2018,"Martinsville, VA Micro Area",32300,Median household income in the past 12 months (in 2023 inflation-adjusted dollars) --,Householder under 25 years,25329,9991,319.28875,31703.42490557528
B19049_003,2018,"Martinsville, VA Micro Area",32300,Median household income in the past 12 months (in 2023 inflation-adjusted dollars) --,Householder 25 to 44 years,38113,4271,319.28875,47704.71133586761
B19049_004,2018,"Martinsville, VA Micro Area",32300,Median household income in the past 12 months (in 2023 inflation-adjusted dollars) --,Householder 45 to 64 years,42193,2411,319.28875,52811.50487745027
B19049_005,2018,"Martinsville, VA Micro Area",32300,Median household income in the past 12 months (in 2023 inflation-adjusted dollars) --,Householder 65 years and over,30087,1801,319.28875,37658.84737392094
B19049_001,2018,"Richmond, VA Metro Area",40060,Median household income in the past 12 months (in 2023 inflation-adjusted dollars) --,All,66258,751,319.28875,82932.82511720191
B19049_002,2018,"Richmond, VA Metro Area",40060,Median household income in the past 12 months (in 2023 inflation-adjusted dollars) --,Householder under 25 years,30802,1336,319.28875,38553.787908781625
B19049_003,2018,"Richmond, VA Metro Area",40060,Median household income in the past 12 months (in 2023 inflation-adjusted dollars) --,Householder 25 to 44 years,69198,1198,319.28875,86612.72046334235
B19049_004,2018,"Richmond, VA Metro Area",40060,Median household income in the past 12 months (in 2023 inflation-adjusted dollars) --,Householder 45 to 64 years,81038,1197,319.28875,101432.43505460182
B19049_005,2018,"Richmond, VA Metro Area",40060,Median household income in the past 12 months (in 2023 inflation-adjusted dollars) --,Householder 65 years and over,49746,930,319.28875,62265.331254796794
B19049_001,2018,"Roanoke, VA Metro Area",40220,Median household income in the past 12 months (in 2023 inflation-adjusted dollars) --,All,54664,788,319.28875,68421.02013653785
B19049_002,2018,"Roanoke, VA Metro Area",40220,Median household income in the past 12 months (in 2023 inflation-adjusted dollars) --,Householder under 25 years,28818,2451,319.28875,36070.48438267869
B19049_003,2018,"Roanoke, VA Metro Area",40220,Median household income in the past 12 months (in 2023 inflation-adjusted dollars) --,Householder 25 to 44 years,60066,2414,319.28875,75182.51491879999
B19049_004,2018,"Roanoke, VA Metro Area",40220,Median household income in the past 12 months (in 2023 inflation-adjusted dollars) --,Householder 45 to 64 years,66527,1612,319.28875,83269.52302472292
B19049_005,2018,"Roanoke, VA Metro Area",40220,Median household income in the past 12 months (in 2023 inflation-adjusted dollars) --,Householder 65 years and over,42740,1104,319.28875,53496.16567824579
B19049_001,2018,"Staunton-Waynesboro, VA Metro Area",44420,Median household income in the past 12 months (in 2023 inflation-adjusted dollars) --,All,55721,1627,319.28875,69744.0301300312
B19049_002,2018,"Staunton-Waynesboro, VA Metro Area",44420,Median household income in the past 12 months (in 2023 inflation-adjusted dollars) --,Householder under 25 years,34516,7796,319.28875,43202.47202972231
B19049_003,2018,"Staunton-Waynesboro, VA Metro Area",44420,Median household income in the past 12 months (in 2023 inflation-adjusted dollars) --,Householder 25 to 44 years,62335,2423,319.28875,78022.54299376348
B19049_004,2018,"Staunton-Waynesboro, VA Metro Area",44420,Median household income in the past 12 months (in 2023 inflation-adjusted dollars) --,Householder 45 to 64 years,66679,4370,319.28875,83459.77611744855
B19049_005,2018,"Staunton-Waynesboro, VA Metro Area",44420,Median household income in the past 12 months (in 2023 inflation-adjusted dollars) --,Householder 65 years and over,40537,2192,319.28875,50738.7474988079
B19049_001,2018,"Virginia Beach-Norfolk-Newport News, VA-NC Metro Area",47260,Median household income in the past 12 months (in 2023 inflation-adjusted dollars) --,All,64534,474,319.28875,80774.95451286649
B19049_002,2018,"Virginia Beach-Norfolk-Newport News, VA-NC Metro Area",47260,Median household income in the past 12 months (in 2023 inflation-adjusted dollars) --,Householder under 25 years,38444,1486,319.28875,48119.01247857934
B19049_003,2018,"Virginia Beach-Norfolk-Newport News, VA-NC Metro Area",47260,Median household income in the past 12 months (in 2023 inflation-adjusted dollars) --,Householder 25 to 44 years,63859,760,319.28875,79930.08058135465
B19049_004,2018,"Virginia Beach-Norfolk-Newport News, VA-NC Metro Area",47260,Median household income in the past 12 months (in 2023 inflation-adjusted dollars) --,Householder 45 to 64 years,78675,1031,319.28875,98474.75046176853
B19049_005,2018,"Virginia Beach-Norfolk-Newport News, VA-NC Metro Area",47260,Median household income in the past 12 months (in 2023 inflation-adjusted dollars) --,Householder 65 years and over,53536,862,319.28875,67009.14192210029
B19049_001,2018,"Washington-Arlington-Alexandria, DC-VA-MD-WV Metro Area",47900,Median household income in the past 12 months (in 2023 inflation-adjusted dollars) --,All,100732,455,319.28875,126082.72721340792
B19049_002,2018,"Washington-Arlington-Alexandria, DC-VA-MD-WV Metro Area",47900,Median household income in the past 12 months (in 2023 inflation-adjusted dollars) --,Householder under 25 years,47625,1686,319.28875,59610.549612224044
B19049_003,2018,"Washington-Arlington-Alexandria, DC-VA-MD-WV Metro Area",47900,Median household income in the past 12 months (in 2023 inflation-adjusted dollars) --,Householder 25 to 44 years,100794,593,319.28875,126160.33044859864
B19049_004,2018,"Washington-Arlington-Alexandria, DC-VA-MD-WV Metro Area",47900,Median household income in the past 12 months (in 2023 inflation-adjusted dollars) --,Householder 45 to 64 years,119359,978,319.28875,149397.49272788345
B19049_005,2018,"Washington-Arlington-Alexandria, DC-VA-MD-WV Metro Area",47900,Median household income in the past 12 months (in 2023 inflation-adjusted dollars) --,Householder 65 years and over,74601,744,319.28875,93375.4669106882
B19049_001,2018,"Winchester, VA-WV Metro Area",49020,Median household income in the past 12 months (in 2023 inflation-adjusted dollars) --,All,62967,1536,319.28875,78813.5953266753
B19049_002,2018,"Winchester, VA-WV Metro Area",49020,Median household income in the past 12 months (in 2023 inflation-adjusted dollars) --,Householder under 25 years,45025,9318,319.28875,56356.22039454882
B19049_003,2018,"Winchester, VA-WV Metro Area",49020,Median household income in the past 12 months (in 2023 inflation-adjusted dollars) --,Householder 25 to 44 years,68337,2172,319.28875,85535.03682625837
B19049_004,2018,"Winchester, VA-WV Metro Area",49020,Median household income in the past 12 months (in 2023 inflation-adjusted dollars) --,Householder 45 to 64 years,75331,5504,319.28875,94289.18242180471
B19049_005,2018,"Winchester, VA-WV Metro Area",49020,Median household income in the past 12 months (in 2023 inflation-adjusted dollars) --,Householder 65 years and over,46364,2135,319.28875,58032.19994165156
B19049_001,2019,"Big Stone Gap, VA Micro Area",13720,Median household income in the past 12 months (in 2023 inflation-adjusted dollars) --,All,38175,2485,331.12375,46074.48270170896
B19049_002,2019,"Big Stone Gap, VA Micro Area",13720,Median household income in the past 12 months (in 2023 inflation-adjusted dollars) --,Householder under 25 years,21702,6162,331.12375,26192.75503844107
B19049_003,2019,"Big Stone Gap, VA Micro Area",13720,Median household income in the past 12 months (in 2023 inflation-adjusted dollars) --,Householder 25 to 44 years,48580,5837,331.12375,58632.57025930639
B19049_004,2019,"Big Stone Gap, VA Micro Area",13720,Median household income in the past 12 months (in 2023 inflation-adjusted dollars) --,Householder 45 to 64 years,40081,6325,331.12375,48374.887784340455
B19049_005,2019,"Big Stone Gap, VA Micro Area",13720,Median household income in the past 12 months (in 2023 inflation-adjusted dollars) --,Householder 65 years and over,33083,2760,331.12375,39928.804485150955
B19049_001,2019,"Blacksburg-Christiansburg, VA Metro Area",13980,Median household income in the past 12 months (in 2023 inflation-adjusted dollars) --,All,55065,1360,331.12375,66459.49940981281
B19049_002,2019,"Blacksburg-Christiansburg, VA Metro Area",13980,Median household income in the past 12 months (in 2023 inflation-adjusted dollars) --,Householder under 25 years,11917,1538,331.12375,14382.962943189672
B19049_003,2019,"Blacksburg-Christiansburg, VA Metro Area",13980,Median household income in the past 12 months (in 2023 inflation-adjusted dollars) --,Householder 25 to 44 years,63049,2101,331.12375,76095.61387976551
B19049_004,2019,"Blacksburg-Christiansburg, VA Metro Area",13980,Median household income in the past 12 months (in 2023 inflation-adjusted dollars) --,Householder 45 to 64 years,66682,3497,331.12375,80480.38390348021
B19049_005,2019,"Blacksburg-Christiansburg, VA Metro Area",13980,Median household income in the past 12 months (in 2023 inflation-adjusted dollars) --,Householder 65 years and over,48707,3022,331.12375,58785.85013627082
B19049_001,2019,"Bluefield, WV-VA Micro Area",14140,Median household income in the past 12 months (in 2023 inflation-adjusted dollars) --,All,41715,1548,331.12375,50347.008406071756
B19049_002,2019,"Bluefield, WV-VA Micro Area",14140,Median household income in the past 12 months (in 2023 inflation-adjusted dollars) --,Householder under 25 years,22941,10314,331.12375,27688.139034968048
B19049_003,2019,"Bluefield, WV-VA Micro Area",14140,Median household income in the past 12 months (in 2023 inflation-adjusted dollars) --,Householder 25 to 44 years,50110,4253,331.12375,60479.17035186997
B19049_004,2019,"Bluefield, WV-VA Micro Area",14140,Median household income in the past 12 months (in 2023 inflation-adjusted dollars) --,Householder 45 to 64 years,44512,2026,331.12375,53722.786483784395
B19049_005,2019,"Bluefield, WV-VA Micro Area",14140,Median household income in the past 12 months (in 2023 inflation-adjusted dollars) --,Householder 65 years and over,34150,1398,331.12375,41216.596837285164
B19049_001,2019,"Charlottesville, VA Metro Area",16820,Median household income in the past 12 months (in 2023 inflation-adjusted dollars) --,All,72697,2399,331.12375,87740.05681640175
B19049_002,2019,"Charlottesville, VA Metro Area",16820,Median household income in the past 12 months (in 2023 inflation-adjusted dollars) --,Householder under 25 years,28563,5036,331.12375,34473.48917901541
B19049_003,2019,"Charlottesville, VA Metro Area",16820,Median household income in the past 12 months (in 2023 inflation-adjusted dollars) --,Householder 25 to 44 years,76523,2655,331.12375,92357.76397597577
B19049_004,2019,"Charlottesville, VA Metro Area",16820,Median household income in the past 12 months (in 2023 inflation-adjusted dollars) --,Householder 45 to 64 years,88080,3501,331.12375,106306.23277973871
B19049_005,2019,"Charlottesville, VA Metro Area",16820,Median household income in the past 12 months (in 2023 inflation-adjusted dollars) --,Householder 65 years and over,60136,2852,331.12375,72579.83213490425
B19049_001,2019,"Danville, VA Micro Area",19260,Median household income in the past 12 months (in 2023 inflation-adjusted dollars) --,All,42175,1242,331.12375,50902.19536200591
B19049_002,2019,"Danville, VA Micro Area",19260,Median household income in the past 12 months (in 2023 inflation-adjusted dollars) --,Householder under 25 years,29058,3155,331.12375,35070.91862072715
B19049_003,2019,"Danville, VA Micro Area",19260,Median household income in the past 12 months (in 2023 inflation-adjusted dollars) --,Householder 25 to 44 years,44485,3550,331.12375,53690.199423327394
B19049_004,2019,"Danville, VA Micro Area",19260,Median household income in the past 12 months (in 2023 inflation-adjusted dollars) --,Householder 45 to 64 years,48546,2511,331.12375,58591.53470169386
B19049_005,2019,"Danville, VA Micro Area",19260,Median household income in the past 12 months (in 2023 inflation-adjusted dollars) --,Householder 65 years and over,35862,1635,331.12375,43282.85785589225
B19049_001,2019,"Harrisonburg, VA Metro Area",25500,Median household income in the past 12 months (in 2023 inflation-adjusted dollars) --,All,56500,1954,331.12375,68191.44132669433
B19049_002,2019,"Harrisonburg, VA Metro Area",25500,Median household income in the past 12 months (in 2023 inflation-adjusted dollars) --,Householder under 25 years,22208,4407,331.12375,26803.460689968633
B19049_003,2019,"Harrisonburg, VA Metro Area",25500,Median household income in the past 12 months (in 2023 inflation-adjusted dollars) --,Householder 25 to 44 years,62877,3533,331.12375,75888.02223537274
B19049_004,2019,"Harrisonburg, VA Metro Area",25500,Median household income in the past 12 months (in 2023 inflation-adjusted dollars) --,Householder 45 to 64 years,66146,3595,331.12375,79833.47040700042
B19049_005,2019,"Harrisonburg, VA Metro Area",25500,Median household income in the past 12 months (in 2023 inflation-adjusted dollars) --,Householder 65 years and over,45312,2318,331.12375,54688.32901584378
B19049_001,2019,"Kingsport-Bristol, TN-VA Metro Area",28700,Median household income in the past 12 months (in 2023 inflation-adjusted dollars) --,All,44869,1001,331.12375,54153.659838715896
B19049_002,2019,"Kingsport-Bristol, TN-VA Metro Area",28700,Median household income in the past 12 months (in 2023 inflation-adjusted dollars) --,Householder under 25 years,26965,2702,331.12375,32544.817971226774
B19049_003,2019,"Kingsport-Bristol, TN-VA Metro Area",28700,Median household income in the past 12 months (in 2023 inflation-adjusted dollars) --,Householder 25 to 44 years,50584,1436,331.12375,61051.25430211516
B19049_004,2019,"Kingsport-Bristol, TN-VA Metro Area",28700,Median household income in the past 12 months (in 2023 inflation-adjusted dollars) --,Householder 45 to 64 years,52425,1592,331.12375,63273.20905401683
B19049_005,2019,"Kingsport-Bristol, TN-VA Metro Area",28700,Median household income in the past 12 months (in 2023 inflation-adjusted dollars) --,Householder 65 years and over,36825,953,331.12375,44445.12967885874
B19049_001,2019,"Lynchburg, VA Metro Area",31340,Median household income in the past 12 months (in 2023 inflation-adjusted dollars) --,All,53798,1059,331.12375,64930.32142466375
B19049_002,2019,"Lynchburg, VA Metro Area",31340,Median household income in the past 12 months (in 2023 inflation-adjusted dollars) --,Householder under 25 years,30977,3393,331.12375,37387.01376950461
B19049_003,2019,"Lynchburg, VA Metro Area",31340,Median household income in the past 12 months (in 2023 inflation-adjusted dollars) --,Householder 25 to 44 years,60481,1817,331.12375,72996.22235185487
B19049_004,2019,"Lynchburg, VA Metro Area",31340,Median household income in the past 12 months (in 2023 inflation-adjusted dollars) --,Householder 45 to 64 years,67321,3086,331.12375,81251.61100096264
B19049_005,2019,"Lynchburg, VA Metro Area",31340,Median household income in the past 12 months (in 2023 inflation-adjusted dollars) --,Householder 65 years and over,40787,1460,331.12375,49226.979068882865
B19049_001,2019,"Martinsville, VA Micro Area",32300,Median household income in the past 12 months (in 2023 inflation-adjusted dollars) --,All,37309,1602,331.12375,45029.28291075467
B19049_002,2019,"Martinsville, VA Micro Area",32300,Median household income in the past 12 months (in 2023 inflation-adjusted dollars) --,Householder under 25 years,29899,7178,331.12375,36085.945207554585
B19049_003,2019,"Martinsville, VA Micro Area",32300,Median household income in the past 12 months (in 2023 inflation-adjusted dollars) --,Householder 25 to 44 years,39698,3993,331.12375,47912.63429711702
B19049_004,2019,"Martinsville, VA Micro Area",32300,Median household income in the past 12 months (in 2023 inflation-adjusted dollars) --,Householder 45 to 64 years,43588,2686,331.12375,52607.5848592558
B19049_005,2019,"Martinsville, VA Micro Area",32300,Median household income in the past 12 months (in 2023 inflation-adjusted dollars) --,Householder 65 years and over,31525,1637,331.12375,38048.41040396529
B19049_001,2019,"Richmond, VA Metro Area",40060,Median household income in the past 12 months (in 2023 inflation-adjusted dollars) --,All,68529,811,331.12375,82709.58022437233
B19049_002,2019,"Richmond, VA Metro Area",40060,Median household income in the past 12 months (in 2023 inflation-adjusted dollars) --,Householder under 25 years,30881,1515,331.12375,37271.148665657485
B19049_003,2019,"Richmond, VA Metro Area",40060,Median household income in the past 12 months (in 2023 inflation-adjusted dollars) --,Householder 25 to 44 years,71993,1299,331.12375,86890.37938818948
B19049_004,2019,"Richmond, VA Metro Area",40060,Median household income in the past 12 months (in 2023 inflation-adjusted dollars) --,Householder 45 to 64 years,83760,1513,331.12375,101092.30310661801
B19049_005,2019,"Richmond, VA Metro Area",40060,Median household income in the past 12 months (in 2023 inflation-adjusted dollars) --,Householder 65 years and over,51043,853,331.12375,61605.23432988423
B19049_001,2019,"Roanoke, VA Metro Area",40220,Median household income in the past 12 months (in 2023 inflation-adjusted dollars) --,All,56596,1114,331.12375,68307.30643054146
B19049_002,2019,"Roanoke, VA Metro Area",40220,Median household income in the past 12 months (in 2023 inflation-adjusted dollars) --,Householder under 25 years,34142,6375,331.12375,41206.941411964566
B19049_003,2019,"Roanoke, VA Metro Area",40220,Median household income in the past 12 months (in 2023 inflation-adjusted dollars) --,Householder 25 to 44 years,61765,3037,331.12375,74545.91811581019
B19049_004,2019,"Roanoke, VA Metro Area",40220,Median household income in the past 12 months (in 2023 inflation-adjusted dollars) --,Householder 45 to 64 years,68704,2010,331.12375,82920.79265326032
B19049_005,2019,"Roanoke, VA Metro Area",40220,Median household income in the past 12 months (in 2023 inflation-adjusted dollars) --,Householder 65 years and over,44761,1208,331.12375,54023.31159688788
B19049_001,2019,"Staunton, VA Metro Area",44420,Median household income in the past 12 months (in 2023 inflation-adjusted dollars) --,All,57140,1423,331.12375,68963.87535234184
B19049_002,2019,"Staunton, VA Metro Area",44420,Median household income in the past 12 months (in 2023 inflation-adjusted dollars) --,Householder under 25 years,36563,9952,331.12375,44128.914499609295
B19049_003,2019,"Staunton, VA Metro Area",44420,Median household income in the past 12 months (in 2023 inflation-adjusted dollars) --,Householder 25 to 44 years,63879,3408,331.12375,77097.36425677713
B19049_004,2019,"Staunton, VA Metro Area",44420,Median household income in the past 12 months (in 2023 inflation-adjusted dollars) --,Householder 45 to 64 years,70342,3333,331.12375,84897.74098765191
B19049_005,2019,"Staunton, VA Metro Area",44420,Median household income in the past 12 months (in 2023 inflation-adjusted dollars) --,Householder 65 years and over,41288,1767,331.12375,49831.65007958506
B19049_001,2019,"Virginia Beach-Norfolk-Newport News, VA-NC Metro Area",47260,Median household income in the past 12 months (in 2023 inflation-adjusted dollars) --,All,66759,593,331.12375,80573.31737219093
B19049_002,2019,"Virginia Beach-Norfolk-Newport News, VA-NC Metro Area",47260,Median household income in the past 12 months (in 2023 inflation-adjusted dollars) --,Householder under 25 years,40626,1605,331.12375,49032.663634305914
B19049_003,2019,"Virginia Beach-Norfolk-Newport News, VA-NC Metro Area",47260,Median household income in the past 12 months (in 2023 inflation-adjusted dollars) --,Householder 25 to 44 years,65946,1094,331.12375,79592.08477398557
B19049_004,2019,"Virginia Beach-Norfolk-Newport News, VA-NC Metro Area",47260,Median household income in the past 12 months (in 2023 inflation-adjusted dollars) --,Householder 45 to 64 years,81683,977,331.12375,98585.51330775883
B19049_005,2019,"Virginia Beach-Norfolk-Newport News, VA-NC Metro Area",47260,Median household income in the past 12 months (in 2023 inflation-adjusted dollars) --,Householder 65 years and over,54696,879,331.12375,66014.14291690041
B19049_001,2019,"Washington-Arlington-Alexandria, DC-VA-MD-WV Metro Area",47900,Median household income in the past 12 months (in 2023 inflation-adjusted dollars) --,All,103751,520,331.12375,125220.00405461706
B19049_002,2019,"Washington-Arlington-Alexandria, DC-VA-MD-WV Metro Area",47900,Median household income in the past 12 months (in 2023 inflation-adjusted dollars) --,Householder under 25 years,49189,1338,331.12375,59367.589511836595
B19049_003,2019,"Washington-Arlington-Alexandria, DC-VA-MD-WV Metro Area",47900,Median household income in the past 12 months (in 2023 inflation-adjusted dollars) --,Householder 25 to 44 years,103851,840,331.12375,125340.69687112448
B19049_004,2019,"Washington-Arlington-Alexandria, DC-VA-MD-WV Metro Area",47900,Median household income in the past 12 months (in 2023 inflation-adjusted dollars) --,Householder 45 to 64 years,123542,914,331.12375,149106.31936960126
B19049_005,2019,"Washington-Arlington-Alexandria, DC-VA-MD-WV Metro Area",47900,Median household income in the past 12 months (in 2023 inflation-adjusted dollars) --,Householder 65 years and over,77495,883,331.12375,93530.89815242792
B19049_001,2019,"Winchester, VA-WV Metro Area",49020,Median household income in the past 12 months (in 2023 inflation-adjusted dollars) --,All,67072,2152,331.12375,80951.08588785917
B19049_002,2019,"Winchester, VA-WV Metro Area",49020,Median household income in the past 12 months (in 2023 inflation-adjusted dollars) --,Householder under 25 years,41522,10017,331.12375,50114.07127021243
B19049_003,2019,"Winchester, VA-WV Metro Area",49020,Median household income in the past 12 months (in 2023 inflation-adjusted dollars) --,Householder 25 to 44 years,72709,3384,331.12375,87754.53995438264
B19049_004,2019,"Winchester, VA-WV Metro Area",49020,Median household income in the past 12 months (in 2023 inflation-adjusted dollars) --,Householder 45 to 64 years,81196,3477,331.12375,97997.73929136767
B19049_005,2019,"Winchester, VA-WV Metro Area",49020,Median household income in the past 12 months (in 2023 inflation-adjusted dollars) --,Householder 65 years and over,49792,2605,331.12375,60095.36719537636
B19049_001,2020,"Big Stone Gap, VA Micro Area",13720,Median household income in the past 12 months (in 2023 inflation-adjusted dollars) --,All,39886,4215,341.46775,46681.25744196926
B19049_002,2020,"Big Stone Gap, VA Micro Area",13720,Median household income in the past 12 months (in 2023 inflation-adjusted dollars) --,Householder under 25 years,26591,5212,341.46775,31121.22841697349
B19049_003,2020,"Big Stone Gap, VA Micro Area",13720,Median household income in the past 12 months (in 2023 inflation-adjusted dollars) --,Householder 25 to 44 years,50967,5764,341.46775,59650.09396893264
B19049_004,2020,"Big Stone Gap, VA Micro Area",13720,Median household income in the past 12 months (in 2023 inflation-adjusted dollars) --,Householder 45 to 64 years,45369,5725,341.46775,53098.37960398895
B19049_005,2020,"Big Stone Gap, VA Micro Area",13720,Median household income in the past 12 months (in 2023 inflation-adjusted dollars) --,Householder 65 years and over,31333,2303,341.46775,36671.10864536987
B19049_001,2020,"Blacksburg-Christiansburg, VA Metro Area",13980,Median household income in the past 12 months (in 2023 inflation-adjusted dollars) --,All,55475,1527,341.46775,64926.10832355324
B19049_002,2020,"Blacksburg-Christiansburg, VA Metro Area",13980,Median household income in the past 12 months (in 2023 inflation-adjusted dollars) --,Householder under 25 years,10408,1661,341.46775,12181.179548112523
B19049_003,2020,"Blacksburg-Christiansburg, VA Metro Area",13980,Median household income in the past 12 months (in 2023 inflation-adjusted dollars) --,Householder 25 to 44 years,61236,3888,341.46775,71668.59250655441
B19049_004,2020,"Blacksburg-Christiansburg, VA Metro Area",13980,Median household income in the past 12 months (in 2023 inflation-adjusted dollars) --,Householder 45 to 64 years,70680,4084,341.46775,82721.53828406928
B19049_005,2020,"Blacksburg-Christiansburg, VA Metro Area",13980,Median household income in the past 12 months (in 2023 inflation-adjusted dollars) --,Householder 65 years and over,49704,2903,341.46775,58171.92047073259
B19049_001,2020,"Bluefield, WV-VA Micro Area",14140,Median household income in the past 12 months (in 2023 inflation-adjusted dollars) --,All,41979,2025,341.46775,49130.83553518597
B19049_002,2020,"Bluefield, WV-VA Micro Area",14140,Median household income in the past 12 months (in 2023 inflation-adjusted dollars) --,Householder under 25 years,25507,3234,341.46775,29852.550608542093
B19049_003,2020,"Bluefield, WV-VA Micro Area",14140,Median household income in the past 12 months (in 2023 inflation-adjusted dollars) --,Householder 25 to 44 years,52053,6594,341.46775,60921.112511327934
B19049_004,2020,"Bluefield, WV-VA Micro Area",14140,Median household income in the past 12 months (in 2023 inflation-adjusted dollars) --,Householder 45 to 64 years,44938,3099,341.46775,52593.95143476946
B19049_005,2020,"Bluefield, WV-VA Micro Area",14140,Median household income in the past 12 months (in 2023 inflation-adjusted dollars) --,Householder 65 years and over,35350,2214,341.46775,41372.47281185412
B19049_001,2020,"Charlottesville, VA Metro Area",16820,Median household income in the past 12 months (in 2023 inflation-adjusted dollars) --,All,75176,2128,341.46775,87983.5082349065
B19049_002,2020,"Charlottesville, VA Metro Area",16820,Median household income in the past 12 months (in 2023 inflation-adjusted dollars) --,Householder under 25 years,28750,3749,341.46775,33648.05073099875
B19049_003,2020,"Charlottesville, VA Metro Area",16820,Median household income in the past 12 months (in 2023 inflation-adjusted dollars) --,Householder 25 to 44 years,80277,3196,341.46775,93953.55020982215
B19049_004,2020,"Charlottesville, VA Metro Area",16820,Median household income in the past 12 months (in 2023 inflation-adjusted dollars) --,Householder 45 to 64 years,92647,3485,341.46775,108430.98977651622
B19049_005,2020,"Charlottesville, VA Metro Area",16820,Median household income in the past 12 months (in 2023 inflation-adjusted dollars) --,Householder 65 years and over,61374,2652,341.46775,71830.10315006321
B19049_001,2020,"Danville, VA Micro Area",19260,Median household income in the past 12 months (in 2023 inflation-adjusted dollars) --,All,43113,1895,341.46775,50458.03169271475
B19049_002,2020,"Danville, VA Micro Area",19260,Median household income in the past 12 months (in 2023 inflation-adjusted dollars) --,Householder under 25 years,29741,11958,341.46775,34807.88441010901
B19049_003,2020,"Danville, VA Micro Area",19260,Median household income in the past 12 months (in 2023 inflation-adjusted dollars) --,Householder 25 to 44 years,48053,3619,341.46775,56239.6445835368
B19049_004,2020,"Danville, VA Micro Area",19260,Median household income in the past 12 months (in 2023 inflation-adjusted dollars) --,Householder 45 to 64 years,51647,3583,341.46775,60445.94351665713
B19049_005,2020,"Danville, VA Micro Area",19260,Median household income in the past 12 months (in 2023 inflation-adjusted dollars) --,Householder 65 years and over,35516,1916,341.46775,41566.75373085745
B19049_001,2020,"Harrisonburg, VA Metro Area",25500,Median household income in the past 12 months (in 2023 inflation-adjusted dollars) --,All,59261,2154,341.46775,69357.11771720755
B19049_002,2020,"Harrisonburg, VA Metro Area",25500,Median household income in the past 12 months (in 2023 inflation-adjusted dollars) --,Householder under 25 years,25369,4565,341.46775,29691.0399650333
B19049_003,2020,"Harrisonburg, VA Metro Area",25500,Median household income in the past 12 months (in 2023 inflation-adjusted dollars) --,Householder 25 to 44 years,65528,2895,341.46775,76691.8075930743
B19049_004,2020,"Harrisonburg, VA Metro Area",25500,Median household income in the past 12 months (in 2023 inflation-adjusted dollars) --,Householder 45 to 64 years,66964,3138,341.46775,78372.45457915132
B19049_005,2020,"Harrisonburg, VA Metro Area",25500,Median household income in the past 12 months (in 2023 inflation-adjusted dollars) --,Householder 65 years and over,47668,3969,341.46775,55789.053295486905
B19049_001,2020,"Kingsport-Bristol, TN-VA Metro Area",28700,Median household income in the past 12 months (in 2023 inflation-adjusted dollars) --,All,46685,1131,341.46775,54638.582552232234
B19049_002,2020,"Kingsport-Bristol, TN-VA Metro Area",28700,Median household income in the past 12 months (in 2023 inflation-adjusted dollars) --,Householder under 25 years,30376,4856,341.46775,35551.06744364584
B19049_003,2020,"Kingsport-Bristol, TN-VA Metro Area",28700,Median household income in the past 12 months (in 2023 inflation-adjusted dollars) --,Householder 25 to 44 years,52660,2090,341.46775,61631.525269370235
B19049_004,2020,"Kingsport-Bristol, TN-VA Metro Area",28700,Median household income in the past 12 months (in 2023 inflation-adjusted dollars) --,Householder 45 to 64 years,55528,2597,341.46775,64988.13777359648
B19049_005,2020,"Kingsport-Bristol, TN-VA Metro Area",28700,Median household income in the past 12 months (in 2023 inflation-adjusted dollars) --,Householder 65 years and over,37384,1332,341.46775,43752.99925313591
B19049_001,2020,"Lynchburg, VA Metro Area",31340,Median household income in the past 12 months (in 2023 inflation-adjusted dollars) --,All,56983,1786,341.46775,66691.0217323305
B19049_002,2020,"Lynchburg, VA Metro Area",31340,Median household income in the past 12 months (in 2023 inflation-adjusted dollars) --,Householder under 25 years,30640,4697,341.46775,35860.04432688006
B19049_003,2020,"Lynchburg, VA Metro Area",31340,Median household income in the past 12 months (in 2023 inflation-adjusted dollars) --,Householder 25 to 44 years,64596,3689,341.46775,75601.02556589896
B19049_004,2020,"Lynchburg, VA Metro Area",31340,Median household income in the past 12 months (in 2023 inflation-adjusted dollars) --,Householder 45 to 64 years,65710,2913,341.46775,76904.8143837888
B19049_005,2020,"Lynchburg, VA Metro Area",31340,Median household income in the past 12 months (in 2023 inflation-adjusted dollars) --,Householder 65 years and over,44282,1759,341.46775,51826.19069461171
B19049_001,2020,"Martinsville, VA Micro Area",32300,Median household income in the past 12 months (in 2023 inflation-adjusted dollars) --,All,38115,1969,341.46775,44608.53751693974
B19049_002,2020,"Martinsville, VA Micro Area",32300,Median household income in the past 12 months (in 2023 inflation-adjusted dollars) --,Householder under 25 years,29464,7905,341.46775,34483.69275610947
B19049_003,2020,"Martinsville, VA Micro Area",32300,Median household income in the past 12 months (in 2023 inflation-adjusted dollars) --,Householder 25 to 44 years,39595,3821,341.46775,46340.68065022246
B19049_004,2020,"Martinsville, VA Micro Area",32300,Median household income in the past 12 months (in 2023 inflation-adjusted dollars) --,Householder 45 to 64 years,44978,4760,341.46775,52640.76611404737
B19049_005,2020,"Martinsville, VA Micro Area",32300,Median household income in the past 12 months (in 2023 inflation-adjusted dollars) --,Householder 65 years and over,32400,2434,341.46775,37919.89021510816
B19049_001,2020,"Richmond, VA Metro Area",40060,Median household income in the past 12 months (in 2023 inflation-adjusted dollars) --,All,71223,851,341.46775,83357.04755526692
B19049_002,2020,"Richmond, VA Metro Area",40060,Median household income in the past 12 months (in 2023 inflation-adjusted dollars) --,Householder under 25 years,31765,2206,341.46775,37176.70718157131
B19049_003,2020,"Richmond, VA Metro Area",40060,Median household income in the past 12 months (in 2023 inflation-adjusted dollars) --,Householder 25 to 44 years,74541,1633,341.46775,87240.32520136966
B19049_004,2020,"Richmond, VA Metro Area",40060,Median household income in the past 12 months (in 2023 inflation-adjusted dollars) --,Householder 45 to 64 years,87127,1890,341.46775,101970.56403616446
B19049_005,2020,"Richmond, VA Metro Area",40060,Median household income in the past 12 months (in 2023 inflation-adjusted dollars) --,Householder 65 years and over,53251,1110,341.46775,62323.212155701374
B19049_001,2020,"Roanoke, VA Metro Area",40220,Median household income in the past 12 months (in 2023 inflation-adjusted dollars) --,All,57642,1191,341.46775,67462.29357343409
B19049_002,2020,"Roanoke, VA Metro Area",40220,Median household income in the past 12 months (in 2023 inflation-adjusted dollars) --,Householder under 25 years,35848,4340,341.46775,41955.31556886411
B19049_003,2020,"Roanoke, VA Metro Area",40220,Median household income in the past 12 months (in 2023 inflation-adjusted dollars) --,Householder 25 to 44 years,64934,2904,341.46775,75996.60960579732
B19049_004,2020,"Roanoke, VA Metro Area",40220,Median household income in the past 12 months (in 2023 inflation-adjusted dollars) --,Householder 45 to 64 years,68854,2153,341.46775,80584.44817503262
B19049_005,2020,"Roanoke, VA Metro Area",40220,Median household income in the past 12 months (in 2023 inflation-adjusted dollars) --,Householder 65 years and over,45900,1176,341.46775,53719.84447140322
B19049_001,2020,"Staunton, VA Metro Area",44420,Median household income in the past 12 months (in 2023 inflation-adjusted dollars) --,All,58166,2156,341.46775,68075.56587197473
B19049_002,2020,"Staunton, VA Metro Area",44420,Median household income in the past 12 months (in 2023 inflation-adjusted dollars) --,Householder under 25 years,33315,8290,341.46775,38990.77600359038
B19049_003,2020,"Staunton, VA Metro Area",44420,Median household income in the past 12 months (in 2023 inflation-adjusted dollars) --,Householder 25 to 44 years,66310,4650,341.46775,77607.03457295746
B19049_004,2020,"Staunton, VA Metro Area",44420,Median household income in the past 12 months (in 2023 inflation-adjusted dollars) --,Householder 45 to 64 years,72408,4069,341.46775,84743.93242887505
B19049_005,2020,"Staunton, VA Metro Area",44420,Median household income in the past 12 months (in 2023 inflation-adjusted dollars) --,Householder 65 years and over,41889,2969,341.46775,49025.50250681067
B19049_001,2020,"Virginia Beach-Norfolk-Newport News, VA-NC Metro Area",47260,Median household income in the past 12 months (in 2023 inflation-adjusted dollars) --,All,68454,753,341.46775,80116.30138225351
B19049_002,2020,"Virginia Beach-Norfolk-Newport News, VA-NC Metro Area",47260,Median household income in the past 12 months (in 2023 inflation-adjusted dollars) --,Householder under 25 years,41295,1367,341.46775,48330.30451953368
B19049_003,2020,"Virginia Beach-Norfolk-Newport News, VA-NC Metro Area",47260,Median household income in the past 12 months (in 2023 inflation-adjusted dollars) --,Householder 25 to 44 years,68713,1272,341.46775,80419.426430578
B19049_004,2020,"Virginia Beach-Norfolk-Newport News, VA-NC Metro Area",47260,Median household income in the past 12 months (in 2023 inflation-adjusted dollars) --,Householder 45 to 64 years,83562,1372,341.46775,97798.20574552061
B19049_005,2020,"Virginia Beach-Norfolk-Newport News, VA-NC Metro Area",47260,Median household income in the past 12 months (in 2023 inflation-adjusted dollars) --,Householder 65 years and over,56370,1355,341.46775,65973.5867723965
B19049_001,2020,"Washington-Arlington-Alexandria, DC-VA-MD-WV Metro Area",47900,Median household income in the past 12 months (in 2023 inflation-adjusted dollars) --,All,106415,534,341.46775,124544.6023839733
B19049_002,2020,"Washington-Arlington-Alexandria, DC-VA-MD-WV Metro Area",47900,Median household income in the past 12 months (in 2023 inflation-adjusted dollars) --,Householder under 25 years,51997,1725,341.46775,60855.57196033886
B19049_003,2020,"Washington-Arlington-Alexandria, DC-VA-MD-WV Metro Area",47900,Median household income in the past 12 months (in 2023 inflation-adjusted dollars) --,Householder 25 to 44 years,106883,907,341.46775,125092.33413152485
B19049_004,2020,"Washington-Arlington-Alexandria, DC-VA-MD-WV Metro Area",47900,Median household income in the past 12 months (in 2023 inflation-adjusted dollars) --,Householder 45 to 64 years,127379,1166,341.46775,149080.1757935266
B19049_005,2020,"Washington-Arlington-Alexandria, DC-VA-MD-WV Metro Area",47900,Median household income in the past 12 months (in 2023 inflation-adjusted dollars) --,Householder 65 years and over,78777,1018,341.46775,92197.99973690047
B19049_001,2020,"Winchester, VA-WV Metro Area",49020,Median household income in the past 12 months (in 2023 inflation-adjusted dollars) --,All,69417,2136,341.46775,81243.36478586923
B19049_002,2020,"Winchester, VA-WV Metro Area",49020,Median household income in the past 12 months (in 2023 inflation-adjusted dollars) --,Householder under 25 years,46739,6963,341.46775,54701.78236925742
B19049_003,2020,"Winchester, VA-WV Metro Area",49020,Median household income in the past 12 months (in 2023 inflation-adjusted dollars) --,Householder 25 to 44 years,75259,3106,341.46775,88080.64869440817
B19049_004,2020,"Winchester, VA-WV Metro Area",49020,Median household income in the past 12 months (in 2023 inflation-adjusted dollars) --,Householder 45 to 64 years,85313,4770,341.46775,99847.51833091119
B19049_005,2020,"Winchester, VA-WV Metro Area",49020,Median household income in the past 12 months (in 2023 inflation-adjusted dollars) --,Householder 65 years and over,51927,3448,341.46775,60773.64627160251
B19049_001,2021,"Big Stone Gap, VA Micro Area",13720,Median household income in the past 12 months (in 2023 inflation-adjusted dollars) --,All,44131,4541,349.13466666666665,50515.25494836759
B19049_002,2021,"Big Stone Gap, VA Micro Area",13720,Median household income in the past 12 months (in 2023 inflation-adjusted dollars) --,Householder under 25 years,34219,13236,349.13466666666665,39169.325623217024
B19049_003,2021,"Big Stone Gap, VA Micro Area",13720,Median household income in the past 12 months (in 2023 inflation-adjusted dollars) --,Householder 25 to 44 years,55054,3844,349.13466666666665,63018.44159269967
B19049_004,2021,"Big Stone Gap, VA Micro Area",13720,Median household income in the past 12 months (in 2023 inflation-adjusted dollars) --,Householder 45 to 64 years,47417,7963,349.13466666666665,54276.62740220584
B19049_005,2021,"Big Stone Gap, VA Micro Area",13720,Median household income in the past 12 months (in 2023 inflation-adjusted dollars) --,Householder 65 years and over,32977,3458,349.13466666666665,37747.65045959344
B19049_001,2021,"Blacksburg-Christiansburg, VA Metro Area",13980,Median household income in the past 12 months (in 2023 inflation-adjusted dollars) --,All,57381,1828,349.13466666666665,65682.0793590057
B19049_002,2021,"Blacksburg-Christiansburg, VA Metro Area",13980,Median household income in the past 12 months (in 2023 inflation-adjusted dollars) --,Householder under 25 years,10452,1850,349.13466666666665,11964.048961508646
B19049_003,2021,"Blacksburg-Christiansburg, VA Metro Area",13980,Median household income in the past 12 months (in 2023 inflation-adjusted dollars) --,Householder 25 to 44 years,65072,3844,349.13466666666665,74485.70551313534
B19049_004,2021,"Blacksburg-Christiansburg, VA Metro Area",13980,Median household income in the past 12 months (in 2023 inflation-adjusted dollars) --,Householder 45 to 64 years,72444,3771,349.13466666666665,82924.18321541641
B19049_005,2021,"Blacksburg-Christiansburg, VA Metro Area",13980,Median household income in the past 12 months (in 2023 inflation-adjusted dollars) --,Householder 65 years and over,49481,3245,349.13466666666665,56639.21801228562
B19049_001,2021,"Bluefield, WV-VA Micro Area",14140,Median household income in the past 12 months (in 2023 inflation-adjusted dollars) --,All,43842,1942,349.13466666666665,50184.44647631669
B19049_002,2021,"Bluefield, WV-VA Micro Area",14140,Median household income in the past 12 months (in 2023 inflation-adjusted dollars) --,Householder under 25 years,26598,2232,349.13466666666665,30445.826088615286
B19049_003,2021,"Bluefield, WV-VA Micro Area",14140,Median household income in the past 12 months (in 2023 inflation-adjusted dollars) --,Householder 25 to 44 years,53373,7175,349.13466666666665,61094.25805803683
B19049_004,2021,"Bluefield, WV-VA Micro Area",14140,Median household income in the past 12 months (in 2023 inflation-adjusted dollars) --,Householder 45 to 64 years,48131,3464,349.13466666666665,55093.91892139042
B19049_005,2021,"Bluefield, WV-VA Micro Area",14140,Median household income in the past 12 months (in 2023 inflation-adjusted dollars) --,Householder 65 years and over,37846,3291,349.13466666666665,43321.029180755475
B19049_001,2021,"Charlottesville, VA Metro Area",16820,Median household income in the past 12 months (in 2023 inflation-adjusted dollars) --,All,79660,2262,349.13466666666665,91184.09302274958
B19049_002,2021,"Charlottesville, VA Metro Area",16820,Median household income in the past 12 months (in 2023 inflation-adjusted dollars) --,Householder under 25 years,28197,5316,349.13466666666665,32276.14701183116
B19049_003,2021,"Charlottesville, VA Metro Area",16820,Median household income in the past 12 months (in 2023 inflation-adjusted dollars) --,Householder 25 to 44 years,82528,3443,349.13466666666665,94466.99509140695
B19049_004,2021,"Charlottesville, VA Metro Area",16820,Median household income in the past 12 months (in 2023 inflation-adjusted dollars) --,Householder 45 to 64 years,100109,4635,349.13466666666665,114591.36791883553
B19049_005,2021,"Charlottesville, VA Metro Area",16820,Median household income in the past 12 months (in 2023 inflation-adjusted dollars) --,Householder 65 years and over,66397,2918,349.13466666666665,76002.38795419915
B19049_001,2021,"Danville, VA Micro Area",19260,Median household income in the past 12 months (in 2023 inflation-adjusted dollars) --,All,43931,1678,349.13466666666665,50286.321749716444
B19049_002,2021,"Danville, VA Micro Area",19260,Median household income in the past 12 months (in 2023 inflation-adjusted dollars) --,Householder under 25 years,33646,18655,349.13466666666665,38513.4320090815
B19049_003,2021,"Danville, VA Micro Area",19260,Median household income in the past 12 months (in 2023 inflation-adjusted dollars) --,Householder 25 to 44 years,48075,4750,349.13466666666665,55029.8176257681
B19049_004,2021,"Danville, VA Micro Area",19260,Median household income in the past 12 months (in 2023 inflation-adjusted dollars) --,Householder 45 to 64 years,52340,3205,349.13466666666665,59911.81808700368
B19049_005,2021,"Danville, VA Micro Area",19260,Median household income in the past 12 months (in 2023 inflation-adjusted dollars) --,Householder 65 years and over,35694,1733,349.13466666666665,40857.70796326919
B19049_001,2021,"Harrisonburg, VA Metro Area",25500,Median household income in the past 12 months (in 2023 inflation-adjusted dollars) --,All,61669,2030,349.13466666666665,70590.40713808617
B19049_002,2021,"Harrisonburg, VA Metro Area",25500,Median household income in the past 12 months (in 2023 inflation-adjusted dollars) --,Householder under 25 years,25962,5805,349.13466666666665,29717.818516904656
B19049_003,2021,"Harrisonburg, VA Metro Area",25500,Median household income in the past 12 months (in 2023 inflation-adjusted dollars) --,Householder 25 to 44 years,68775,3503,349.13466666666665,78724.40368616123
B19049_004,2021,"Harrisonburg, VA Metro Area",25500,Median household income in the past 12 months (in 2023 inflation-adjusted dollars) --,Householder 45 to 64 years,69163,2919,349.13466666666665,79168.53409154444
B19049_005,2021,"Harrisonburg, VA Metro Area",25500,Median household income in the past 12 months (in 2023 inflation-adjusted dollars) --,Householder 65 years and over,50437,4344,349.13466666666665,57733.518701838075
B19049_001,2021,"Kingsport-Bristol, TN-VA Metro Area",28700,Median household income in the past 12 months (in 2023 inflation-adjusted dollars) --,All,49392,1351,349.13466666666665,56537.34273888586
B19049_002,2021,"Kingsport-Bristol, TN-VA Metro Area",28700,Median household income in the past 12 months (in 2023 inflation-adjusted dollars) --,Householder under 25 years,27914,6703,349.13466666666665,31952.206535739795
B19049_003,2021,"Kingsport-Bristol, TN-VA Metro Area",28700,Median household income in the past 12 months (in 2023 inflation-adjusted dollars) --,Householder 25 to 44 years,56185,3365,349.13466666666665,64313.058831071874
B19049_004,2021,"Kingsport-Bristol, TN-VA Metro Area",28700,Median household income in the past 12 months (in 2023 inflation-adjusted dollars) --,Householder 45 to 64 years,60607,2730,349.13466666666665,69374.77185324862
B19049_005,2021,"Kingsport-Bristol, TN-VA Metro Area",28700,Median household income in the past 12 months (in 2023 inflation-adjusted dollars) --,Householder 65 years and over,39001,1468,349.13466666666665,44643.11840296581
B19049_001,2021,"Lynchburg, VA Metro Area",31340,Median household income in the past 12 months (in 2023 inflation-adjusted dollars) --,All,60217,1316,349.13466666666665,68928.35211587888
B19049_002,2021,"Lynchburg, VA Metro Area",31340,Median household income in the past 12 months (in 2023 inflation-adjusted dollars) --,Householder under 25 years,39677,6579,349.13466666666665,45416.91261440667
B19049_003,2021,"Lynchburg, VA Metro Area",31340,Median household income in the past 12 months (in 2023 inflation-adjusted dollars) --,Householder 25 to 44 years,66016,3118,349.13466666666665,75566.27021076872
B19049_004,2021,"Lynchburg, VA Metro Area",31340,Median household income in the past 12 months (in 2023 inflation-adjusted dollars) --,Householder 45 to 64 years,70670,3100,349.13466666666665,80893.54574338079
B19049_005,2021,"Lynchburg, VA Metro Area",31340,Median household income in the past 12 months (in 2023 inflation-adjusted dollars) --,Householder 65 years and over,46944,1683,349.13466666666665,53735.20038739589
B19049_001,2021,"Martinsville, VA Micro Area",32300,Median household income in the past 12 months (in 2023 inflation-adjusted dollars) --,All,40299,1887,349.13466666666665,46128.894862211724
B19049_002,2021,"Martinsville, VA Micro Area",32300,Median household income in the past 12 months (in 2023 inflation-adjusted dollars) --,Householder under 25 years,32089,7417,349.13466666666665,36731.18705758237
B19049_003,2021,"Martinsville, VA Micro Area",32300,Median household income in the past 12 months (in 2023 inflation-adjusted dollars) --,Householder 25 to 44 years,45690,4848,349.13466666666665,52299.78923185323
B19049_004,2021,"Martinsville, VA Micro Area",32300,Median household income in the past 12 months (in 2023 inflation-adjusted dollars) --,Householder 45 to 64 years,48157,5330,349.13466666666665,55123.68023721506
B19049_005,2021,"Martinsville, VA Micro Area",32300,Median household income in the past 12 months (in 2023 inflation-adjusted dollars) --,Householder 65 years and over,32722,2538,349.13466666666665,37455.760631313235
B19049_001,2021,"Richmond, VA Metro Area",40060,Median household income in the past 12 months (in 2023 inflation-adjusted dollars) --,All,74592,897,349.13466666666665,85382.92576892966
B19049_002,2021,"Richmond, VA Metro Area",40060,Median household income in the past 12 months (in 2023 inflation-adjusted dollars) --,Householder under 25 years,34609,2696,349.13466666666665,39615.74536058675
B19049_003,2021,"Richmond, VA Metro Area",40060,Median household income in the past 12 months (in 2023 inflation-adjusted dollars) --,Householder 25 to 44 years,77974,1468,349.13466666666665,89254.18615812047
B19049_004,2021,"Richmond, VA Metro Area",40060,Median household income in the past 12 months (in 2023 inflation-adjusted dollars) --,Householder 45 to 64 years,90619,1724,349.13466666666665,103728.48764283888
B19049_005,2021,"Richmond, VA Metro Area",40060,Median household income in the past 12 months (in 2023 inflation-adjusted dollars) --,Householder 65 years and over,55925,1315,349.13466666666665,64015.44567282539
B19049_001,2021,"Roanoke, VA Metro Area",40220,Median household income in the past 12 months (in 2023 inflation-adjusted dollars) --,All,60907,1400,349.13466666666665,69718.17165122532
B19049_002,2021,"Roanoke, VA Metro Area",40220,Median household income in the past 12 months (in 2023 inflation-adjusted dollars) --,Householder under 25 years,35581,5003,349.13466666666665,40728.3607060313
B19049_003,2021,"Roanoke, VA Metro Area",40220,Median household income in the past 12 months (in 2023 inflation-adjusted dollars) --,Householder 25 to 44 years,72989,2686,349.13466666666665,83548.02618174077
B19049_004,2021,"Roanoke, VA Metro Area",40220,Median household income in the past 12 months (in 2023 inflation-adjusted dollars) --,Householder 45 to 64 years,73534,2350,349.13466666666665,84171.86914806513
B19049_005,2021,"Roanoke, VA Metro Area",40220,Median household income in the past 12 months (in 2023 inflation-adjusted dollars) --,Householder 65 years and over,47480,1547,349.13466666666665,54348.74135978095
B19049_001,2021,"Staunton, VA Metro Area",44420,Median household income in the past 12 months (in 2023 inflation-adjusted dollars) --,All,61397,2103,349.13466666666665,70279.05798792062
B19049_002,2021,"Staunton, VA Metro Area",44420,Median household income in the past 12 months (in 2023 inflation-adjusted dollars) --,Householder under 25 years,37263,6010,349.13466666666665,42653.6889066874
B19049_003,2021,"Staunton, VA Metro Area",44420,Median household income in the past 12 months (in 2023 inflation-adjusted dollars) --,Householder 25 to 44 years,68278,5639,349.13466666666665,78155.50468751314
B19049_004,2021,"Staunton, VA Metro Area",44420,Median household income in the past 12 months (in 2023 inflation-adjusted dollars) --,Householder 45 to 64 years,76663,5164,349.13466666666665,87753.52904096224
B19049_005,2021,"Staunton, VA Metro Area",44420,Median household income in the past 12 months (in 2023 inflation-adjusted dollars) --,Householder 65 years and over,43980,2320,349.13466666666665,50342.41038338598
B19049_001,2021,"Virginia Beach-Norfolk-Newport News, VA-NC Metro Area",47260,Median household income in the past 12 months (in 2023 inflation-adjusted dollars) --,All,71612,811,349.13466666666665,81971.82110902766
B19049_002,2021,"Virginia Beach-Norfolk-Newport News, VA-NC Metro Area",47260,Median household income in the past 12 months (in 2023 inflation-adjusted dollars) --,Householder under 25 years,42689,1458,349.13466666666665,48864.64658609286
B19049_003,2021,"Virginia Beach-Norfolk-Newport News, VA-NC Metro Area",47260,Median household income in the past 12 months (in 2023 inflation-adjusted dollars) --,Householder 25 to 44 years,72050,1226,349.13466666666665,82473.18481407365
B19049_004,2021,"Virginia Beach-Norfolk-Newport News, VA-NC Metro Area",47260,Median household income in the past 12 months (in 2023 inflation-adjusted dollars) --,Householder 45 to 64 years,88744,1435,349.13466666666665,101582.23890548442
B19049_005,2021,"Virginia Beach-Norfolk-Newport News, VA-NC Metro Area",47260,Median household income in the past 12 months (in 2023 inflation-adjusted dollars) --,Householder 65 years and over,57957,1117,349.13466666666665,66341.40697112099
B19049_001,2021,"Washington-Arlington-Alexandria, DC-VA-MD-WV Metro Area",47900,Median household income in the past 12 months (in 2023 inflation-adjusted dollars) --,All,111252,555,349.13466666666665,127346.38108168387
B19049_002,2021,"Washington-Arlington-Alexandria, DC-VA-MD-WV Metro Area",47900,Median household income in the past 12 months (in 2023 inflation-adjusted dollars) --,Householder under 25 years,53893,2652,349.13466666666665,61689.4843745298
B19049_003,2021,"Washington-Arlington-Alexandria, DC-VA-MD-WV Metro Area",47900,Median household income in the past 12 months (in 2023 inflation-adjusted dollars) --,Householder 25 to 44 years,112179,948,349.13466666666665,128407.4864574319
B19049_004,2021,"Washington-Arlington-Alexandria, DC-VA-MD-WV Metro Area",47900,Median household income in the past 12 months (in 2023 inflation-adjusted dollars) --,Householder 45 to 64 years,132868,1003,349.13466666666665,152089.48119189922
B19049_005,2021,"Washington-Arlington-Alexandria, DC-VA-MD-WV Metro Area",47900,Median household income in the past 12 months (in 2023 inflation-adjusted dollars) --,Householder 65 years and over,82672,1010,349.13466666666665,94631.82699443577
B19049_001,2021,"Winchester, VA-WV Metro Area",49020,Median household income in the past 12 months (in 2023 inflation-adjusted dollars) --,All,72904,2857,349.13466666666665,83450.72957231404
B19049_002,2021,"Winchester, VA-WV Metro Area",49020,Median household income in the past 12 months (in 2023 inflation-adjusted dollars) --,Householder under 25 years,44721,6614,349.13466666666665,51190.60788438845
B19049_003,2021,"Winchester, VA-WV Metro Area",49020,Median household income in the past 12 months (in 2023 inflation-adjusted dollars) --,Householder 25 to 44 years,81856,7718,349.13466666666665,93697.77954393912
B19049_004,2021,"Winchester, VA-WV Metro Area",49020,Median household income in the past 12 months (in 2023 inflation-adjusted dollars) --,Householder 45 to 64 years,88924,4692,349.13466666666665,101788.27878427046
B19049_005,2021,"Winchester, VA-WV Metro Area",49020,Median household income in the past 12 months (in 2023 inflation-adjusted dollars) --,Householder 65 years and over,53876,4510,349.13466666666665,61670.02505264445
B19049_001,2022,"Big Stone Gap, VA Micro Area",13720,Median household income in the past 12 months (in 2023 inflation-adjusted dollars) --,All,46680,3001,370.199,50392.66890078039
B19049_002,2022,"Big Stone Gap, VA Micro Area",13720,Median household income in the past 12 months (in 2023 inflation-adjusted dollars) --,Householder under 25 years,34554,17128,370.199,37302.233958816745
B19049_003,2022,"Big Stone Gap, VA Micro Area",13720,Median household income in the past 12 months (in 2023 inflation-adjusted dollars) --,Householder 25 to 44 years,58353,4756,370.199,62994.07472937528
B19049_004,2022,"Big Stone Gap, VA Micro Area",13720,Median household income in the past 12 months (in 2023 inflation-adjusted dollars) --,Householder 45 to 64 years,51483,6697,370.199,55577.67294384912
B19049_005,2022,"Big Stone Gap, VA Micro Area",13720,Median household income in the past 12 months (in 2023 inflation-adjusted dollars) --,Householder 65 years and over,33235,5114,370.199,35878.327997374385
B19049_001,2022,"Blacksburg-Christiansburg, VA Metro Area",13980,Median household income in the past 12 months (in 2023 inflation-adjusted dollars) --,All,62017,2250,370.199,66949.48901498923
B19049_002,2022,"Blacksburg-Christiansburg, VA Metro Area",13980,Median household income in the past 12 months (in 2023 inflation-adjusted dollars) --,Householder under 25 years,11431,2057,370.199,12340.158487678247
B19049_003,2022,"Blacksburg-Christiansburg, VA Metro Area",13980,Median household income in the past 12 months (in 2023 inflation-adjusted dollars) --,Householder 25 to 44 years,68998,4377,370.199,74485.71912630774
B19049_004,2022,"Blacksburg-Christiansburg, VA Metro Area",13980,Median household income in the past 12 months (in 2023 inflation-adjusted dollars) --,Householder 45 to 64 years,80731,4363,370.199,87151.89702289848
B19049_005,2022,"Blacksburg-Christiansburg, VA Metro Area",13980,Median household income in the past 12 months (in 2023 inflation-adjusted dollars) --,Householder 65 years and over,55328,2651,370.199,59728.482967917254
B19049_001,2022,"Bluefield, WV-VA Micro Area",14140,Median household income in the past 12 months (in 2023 inflation-adjusted dollars) --,All,47294,1818,370.199,51055.503063271375
B19049_002,2022,"Bluefield, WV-VA Micro Area",14140,Median household income in the past 12 months (in 2023 inflation-adjusted dollars) --,Householder under 25 years,29098,2577,370.199,31412.29390905972
B19049_003,2022,"Bluefield, WV-VA Micro Area",14140,Median household income in the past 12 months (in 2023 inflation-adjusted dollars) --,Householder 25 to 44 years,60793,6219,370.199,65628.13882787366
B19049_004,2022,"Bluefield, WV-VA Micro Area",14140,Median household income in the past 12 months (in 2023 inflation-adjusted dollars) --,Householder 45 to 64 years,52444,5077,370.199,56615.1055662495
B19049_005,2022,"Bluefield, WV-VA Micro Area",14140,Median household income in the past 12 months (in 2023 inflation-adjusted dollars) --,Householder 65 years and over,40990,2915,370.199,44250.1177858395
B19049_001,2022,"Charlottesville, VA Metro Area",16820,Median household income in the past 12 months (in 2023 inflation-adjusted dollars) --,All,86188,2305,370.199,93042.91660712211
B19049_002,2022,"Charlottesville, VA Metro Area",16820,Median household income in the past 12 months (in 2023 inflation-adjusted dollars) --,Householder under 25 years,33544,5255,370.199,36211.90414755307
B19049_003,2022,"Charlottesville, VA Metro Area",16820,Median household income in the past 12 months (in 2023 inflation-adjusted dollars) --,Householder 25 to 44 years,91830,3915,370.199,99133.6500676663
B19049_004,2022,"Charlottesville, VA Metro Area",16820,Median household income in the past 12 months (in 2023 inflation-adjusted dollars) --,Householder 45 to 64 years,107678,5589,370.199,116242.11229430657
B19049_005,2022,"Charlottesville, VA Metro Area",16820,Median household income in the past 12 months (in 2023 inflation-adjusted dollars) --,Householder 65 years and over,70117,2958,370.199,75693.71819443056
B19049_001,2022,"Danville, VA Micro Area",19260,Median household income in the past 12 months (in 2023 inflation-adjusted dollars) --,All,46853,2028,370.199,50579.42836350179
B19049_002,2022,"Danville, VA Micro Area",19260,Median household income in the past 12 months (in 2023 inflation-adjusted dollars) --,Householder under 25 years,42917,17492,370.199,46330.38070297326
B19049_003,2022,"Danville, VA Micro Area",19260,Median household income in the past 12 months (in 2023 inflation-adjusted dollars) --,Householder 25 to 44 years,50894,4059,370.199,54941.827143023074
B19049_004,2022,"Danville, VA Micro Area",19260,Median household income in the past 12 months (in 2023 inflation-adjusted dollars) --,Householder 45 to 64 years,56940,3084,370.199,61468.69252807274
B19049_005,2022,"Danville, VA Micro Area",19260,Median household income in the past 12 months (in 2023 inflation-adjusted dollars) --,Householder 65 years and over,37040,2709,370.199,39985.95664277861
B19049_001,2022,"Harrisonburg, VA Metro Area",25500,Median household income in the past 12 months (in 2023 inflation-adjusted dollars) --,All,66823,2530,370.199,72137.73166145776
B19049_002,2022,"Harrisonburg, VA Metro Area",25500,Median household income in the past 12 months (in 2023 inflation-adjusted dollars) --,Householder under 25 years,27034,6103,370.199,29184.134770002078
B19049_003,2022,"Harrisonburg, VA Metro Area",25500,Median household income in the past 12 months (in 2023 inflation-adjusted dollars) --,Householder 25 to 44 years,74590,4417,370.199,80522.47586352205
B19049_004,2022,"Harrisonburg, VA Metro Area",25500,Median household income in the past 12 months (in 2023 inflation-adjusted dollars) --,Householder 45 to 64 years,76179,5225,370.199,82237.85613094579
B19049_005,2022,"Harrisonburg, VA Metro Area",25500,Median household income in the past 12 months (in 2023 inflation-adjusted dollars) --,Householder 65 years and over,53903,3412,370.199,58190.14635301554
B19049_001,2022,"Kingsport-Bristol, TN-VA Metro Area",28700,Median household income in the past 12 months (in 2023 inflation-adjusted dollars) --,All,53644,1173,370.199,57910.54692616673
B19049_002,2022,"Kingsport-Bristol, TN-VA Metro Area",28700,Median household income in the past 12 months (in 2023 inflation-adjusted dollars) --,Householder under 25 years,31881,6475,370.199,34416.638329601104
B19049_003,2022,"Kingsport-Bristol, TN-VA Metro Area",28700,Median household income in the past 12 months (in 2023 inflation-adjusted dollars) --,Householder 25 to 44 years,62850,3685,370.199,67848.74122566512
B19049_004,2022,"Kingsport-Bristol, TN-VA Metro Area",28700,Median household income in the past 12 months (in 2023 inflation-adjusted dollars) --,Householder 45 to 64 years,66694,3614,370.199,71998.47171526666
B19049_005,2022,"Kingsport-Bristol, TN-VA Metro Area",28700,Median household income in the past 12 months (in 2023 inflation-adjusted dollars) --,Householder 65 years and over,41908,1663,370.199,45241.13042617619
B19049_001,2022,"Lynchburg, VA Metro Area",31340,Median household income in the past 12 months (in 2023 inflation-adjusted dollars) --,All,64307,1710,370.199,69421.62294349795
B19049_002,2022,"Lynchburg, VA Metro Area",31340,Median household income in the past 12 months (in 2023 inflation-adjusted dollars) --,Householder under 25 years,42302,4538,370.199,45666.46700601568
B19049_003,2022,"Lynchburg, VA Metro Area",31340,Median household income in the past 12 months (in 2023 inflation-adjusted dollars) --,Householder 25 to 44 years,70320,2762,370.199,75912.86369114989
B19049_004,2022,"Lynchburg, VA Metro Area",31340,Median household income in the past 12 months (in 2023 inflation-adjusted dollars) --,Householder 45 to 64 years,75159,3518,370.199,81136.73097501614
B19049_005,2022,"Lynchburg, VA Metro Area",31340,Median household income in the past 12 months (in 2023 inflation-adjusted dollars) --,Householder 65 years and over,50207,1948,370.199,54200.18696447046
B19049_001,2022,"Martinsville, VA Micro Area",32300,Median household income in the past 12 months (in 2023 inflation-adjusted dollars) --,All,42458,2121,370.199,45834.87438280492
B19049_002,2022,"Martinsville, VA Micro Area",32300,Median household income in the past 12 months (in 2023 inflation-adjusted dollars) --,Householder under 25 years,40347,12262,370.199,43555.97712381719
B19049_003,2022,"Martinsville, VA Micro Area",32300,Median household income in the past 12 months (in 2023 inflation-adjusted dollars) --,Householder 25 to 44 years,47542,5255,370.199,51323.227610987604
B19049_004,2022,"Martinsville, VA Micro Area",32300,Median household income in the past 12 months (in 2023 inflation-adjusted dollars) --,Householder 45 to 64 years,54519,7110,370.199,58855.13958443972
B19049_005,2022,"Martinsville, VA Micro Area",32300,Median household income in the past 12 months (in 2023 inflation-adjusted dollars) --,Householder 65 years and over,34534,2997,370.199,37280.64326948479
B19049_001,2022,"Richmond, VA Metro Area",40060,Median household income in the past 12 months (in 2023 inflation-adjusted dollars) --,All,80877,777,370.199,87309.50905502176
B19049_002,2022,"Richmond, VA Metro Area",40060,Median household income in the past 12 months (in 2023 inflation-adjusted dollars) --,Householder under 25 years,38814,2698,370.199,41901.05078652292
B19049_003,2022,"Richmond, VA Metro Area",40060,Median household income in the past 12 months (in 2023 inflation-adjusted dollars) --,Householder 25 to 44 years,85549,1827,370.199,92353.09408296618
B19049_004,2022,"Richmond, VA Metro Area",40060,Median household income in the past 12 months (in 2023 inflation-adjusted dollars) --,Householder 45 to 64 years,99482,1790,370.199,107394.24780607186
B19049_005,2022,"Richmond, VA Metro Area",40060,Median household income in the past 12 months (in 2023 inflation-adjusted dollars) --,Householder 65 years and over,60078,1442,370.199,64856.2716842563
B19049_001,2022,"Roanoke, VA Metro Area",40220,Median household income in the past 12 months (in 2023 inflation-adjusted dollars) --,All,65687,1366,370.199,70911.38050740278
B19049_002,2022,"Roanoke, VA Metro Area",40220,Median household income in the past 12 months (in 2023 inflation-adjusted dollars) --,Householder under 25 years,38210,4315,370.199,41249.011968697916
B19049_003,2022,"Roanoke, VA Metro Area",40220,Median household income in the past 12 months (in 2023 inflation-adjusted dollars) --,Householder 25 to 44 years,77537,3720,370.199,83703.86393658545
B19049_004,2022,"Roanoke, VA Metro Area",40220,Median household income in the past 12 months (in 2023 inflation-adjusted dollars) --,Householder 45 to 64 years,80123,2595,370.199,86495.5400672071
B19049_005,2022,"Roanoke, VA Metro Area",40220,Median household income in the past 12 months (in 2023 inflation-adjusted dollars) --,Householder 65 years and over,50531,1839,370.199,54549.95613164811
B19049_001,2022,"Staunton, VA Metro Area",44420,Median household income in the past 12 months (in 2023 inflation-adjusted dollars) --,All,67711,3039,370.199,73096.3582677965
B19049_002,2022,"Staunton, VA Metro Area",44420,Median household income in the past 12 months (in 2023 inflation-adjusted dollars) --,Householder under 25 years,36613,6278,370.199,39524.9954255414
B19049_003,2022,"Staunton, VA Metro Area",44420,Median household income in the past 12 months (in 2023 inflation-adjusted dollars) --,Householder 25 to 44 years,77678,4828,370.199,83856.07829637572
B19049_004,2022,"Staunton, VA Metro Area",44420,Median household income in the past 12 months (in 2023 inflation-adjusted dollars) --,Householder 45 to 64 years,85947,4643,370.199,92782.74880067207
B19049_005,2022,"Staunton, VA Metro Area",44420,Median household income in the past 12 months (in 2023 inflation-adjusted dollars) --,Householder 65 years and over,46453,3333,370.199,50147.61457686271
B19049_001,2022,"Virginia Beach-Norfolk-Newport News, VA-NC Metro Area",47260,Median household income in the past 12 months (in 2023 inflation-adjusted dollars) --,All,77082,734,370.199,83212.6757542835
B19049_002,2022,"Virginia Beach-Norfolk-Newport News, VA-NC Metro Area",47260,Median household income in the past 12 months (in 2023 inflation-adjusted dollars) --,Householder under 25 years,46582,1872,370.199,50286.87452305381
B19049_003,2022,"Virginia Beach-Norfolk-Newport News, VA-NC Metro Area",47260,Median household income in the past 12 months (in 2023 inflation-adjusted dollars) --,Householder 25 to 44 years,78248,1084,370.199,84471.41294233642
B19049_004,2022,"Virginia Beach-Norfolk-Newport News, VA-NC Metro Area",47260,Median household income in the past 12 months (in 2023 inflation-adjusted dollars) --,Householder 45 to 64 years,95778,1629,370.199,103395.65214179401
B19049_005,2022,"Virginia Beach-Norfolk-Newport News, VA-NC Metro Area",47260,Median household income in the past 12 months (in 2023 inflation-adjusted dollars) --,Householder 65 years and over,61893,1019,370.199,66815.62674113111
B19049_001,2022,"Washington-Arlington-Alexandria, DC-VA-MD-WV Metro Area",47900,Median household income in the past 12 months (in 2023 inflation-adjusted dollars) --,All,119803,706,370.199,129331.46770180362
B19049_002,2022,"Washington-Arlington-Alexandria, DC-VA-MD-WV Metro Area",47900,Median household income in the past 12 months (in 2023 inflation-adjusted dollars) --,Householder under 25 years,58361,2309,370.199,63002.71100510806
B19049_003,2022,"Washington-Arlington-Alexandria, DC-VA-MD-WV Metro Area",47900,Median household income in the past 12 months (in 2023 inflation-adjusted dollars) --,Householder 25 to 44 years,121502,1283,370.199,131165.5967605531
B19049_004,2022,"Washington-Arlington-Alexandria, DC-VA-MD-WV Metro Area",47900,Median household income in the past 12 months (in 2023 inflation-adjusted dollars) --,Householder 45 to 64 years,144754,1209,370.199,156266.9321778827
B19049_005,2022,"Washington-Arlington-Alexandria, DC-VA-MD-WV Metro Area",47900,Median household income in the past 12 months (in 2023 inflation-adjusted dollars) --,Householder 65 years and over,89257,1167,370.199,96356.00788511043
B19049_001,2022,"Winchester, VA-WV Metro Area",49020,Median household income in the past 12 months (in 2023 inflation-adjusted dollars) --,All,79416,2773,370.199,85732.30919932252
B19049_002,2022,"Winchester, VA-WV Metro Area",49020,Median household income in the past 12 months (in 2023 inflation-adjusted dollars) --,Householder under 25 years,51391,6368,370.199,55478.35577292213
B19049_003,2022,"Winchester, VA-WV Metro Area",49020,Median household income in the past 12 months (in 2023 inflation-adjusted dollars) --,Householder 25 to 44 years,88466,5942,370.199,95502.09612203165
B19049_004,2022,"Winchester, VA-WV Metro Area",49020,Median household income in the past 12 months (in 2023 inflation-adjusted dollars) --,Householder 45 to 64 years,98249,5007,370.199,106063.18180875691
B19049_005,2022,"Winchester, VA-WV Metro Area",49020,Median household income in the past 12 months (in 2023 inflation-adjusted dollars) --,Householder 65 years and over,56878,3688,370.199,61401.76139114368
B19049_001,2023,"Blacksburg-Christiansburg-Radford, VA Metro Area",13980,Median household income in the past 12 months (in 2023 inflation-adjusted dollars) --,All,64627,2441,399.64258333333333,64626.99946096001
B19049_002,2023,"Blacksburg-Christiansburg-Radford, VA Metro Area",13980,Median household income in the past 12 months (in 2023 inflation-adjusted dollars) --,Householder under 25 years,11935,3552,399.64258333333333,11934.999900452716
B19049_003,2023,"Blacksburg-Christiansburg-Radford, VA Metro Area",13980,Median household income in the past 12 months (in 2023 inflation-adjusted dollars) --,Householder 25 to 44 years,74315,3111,399.64258333333333,74314.99938015448
B19049_004,2023,"Blacksburg-Christiansburg-Radford, VA Metro Area",13980,Median household income in the past 12 months (in 2023 inflation-adjusted dollars) --,Householder 45 to 64 years,83058,4171,399.64258333333333,83057.99930723099
B19049_005,2023,"Blacksburg-Christiansburg-Radford, VA Metro Area",13980,Median household income in the past 12 months (in 2023 inflation-adjusted dollars) --,Householder 65 years and over,53920,3746,399.64258333333333,53919.99955026481
B19049_001,2023,"Bluefield, WV-VA Micro Area",14140,Median household income in the past 12 months (in 2023 inflation-adjusted dollars) --,All,46906,2433,399.64258333333333,46905.99960876708
B19049_002,2023,"Bluefield, WV-VA Micro Area",14140,Median household income in the past 12 months (in 2023 inflation-adjusted dollars) --,Householder under 25 years,29827,1924,399.64258333333333,29826.99975121937
B19049_003,2023,"Bluefield, WV-VA Micro Area",14140,Median household income in the past 12 months (in 2023 inflation-adjusted dollars) --,Householder 25 to 44 years,61260,10196,399.64258333333333,61259.99948904344
B19049_004,2023,"Bluefield, WV-VA Micro Area",14140,Median household income in the past 12 months (in 2023 inflation-adjusted dollars) --,Householder 45 to 64 years,53426,4914,399.64258333333333,53425.999554385155
B19049_005,2023,"Bluefield, WV-VA Micro Area",14140,Median household income in the past 12 months (in 2023 inflation-adjusted dollars) --,Householder 65 years and over,38975,3872,399.64258333333333,38974.99967491786
B19049_001,2023,"Charlottesville, VA Metro Area",16820,Median household income in the past 12 months (in 2023 inflation-adjusted dollars) --,All,90552,2421,399.64258333333333,90551.99924472513
B19049_002,2023,"Charlottesville, VA Metro Area",16820,Median household income in the past 12 months (in 2023 inflation-adjusted dollars) --,Householder under 25 years,36732,6925,399.64258333333333,36731.99969362624
B19049_003,2023,"Charlottesville, VA Metro Area",16820,Median household income in the past 12 months (in 2023 inflation-adjusted dollars) --,Householder 25 to 44 years,96777,3657,399.64258333333333,96776.99919280373
B19049_004,2023,"Charlottesville, VA Metro Area",16820,Median household income in the past 12 months (in 2023 inflation-adjusted dollars) --,Householder 45 to 64 years,112701,4721,399.64258333333333,112700.99905998506
B19049_005,2023,"Charlottesville, VA Metro Area",16820,Median household income in the past 12 months (in 2023 inflation-adjusted dollars) --,Householder 65 years and over,73119,3176,399.64258333333333,73118.99939013006
B19049_001,2023,"Danville, VA Micro Area",19260,Median household income in the past 12 months (in 2023 inflation-adjusted dollars) --,All,48994,2039,399.64258333333333,48993.99959135152
B19049_002,2023,"Danville, VA Micro Area",19260,Median household income in the past 12 months (in 2023 inflation-adjusted dollars) --,Householder under 25 years,37101,7893,399.64258333333333,37100.999690548495
B19049_003,2023,"Danville, VA Micro Area",19260,Median household income in the past 12 months (in 2023 inflation-adjusted dollars) --,Householder 25 to 44 years,54727,4958,399.64258333333333,54726.9995435338
B19049_004,2023,"Danville, VA Micro Area",19260,Median household income in the past 12 months (in 2023 inflation-adjusted dollars) --,Householder 45 to 64 years,61606,3514,399.64258333333333,61605.999486157525
B19049_005,2023,"Danville, VA Micro Area",19260,Median household income in the past 12 months (in 2023 inflation-adjusted dollars) --,Householder 65 years and over,37783,2516,399.64258333333333,37782.99968486008
B19049_001,2023,"Harrisonburg, VA Metro Area",25500,Median household income in the past 12 months (in 2023 inflation-adjusted dollars) --,All,72145,2312,399.64258333333333,72144.99939825397
B19049_002,2023,"Harrisonburg, VA Metro Area",25500,Median household income in the past 12 months (in 2023 inflation-adjusted dollars) --,Householder under 25 years,30130,5837,399.64258333333333,30129.999748692113
B19049_003,2023,"Harrisonburg, VA Metro Area",25500,Median household income in the past 12 months (in 2023 inflation-adjusted dollars) --,Householder 25 to 44 years,81729,5718,399.64258333333333,81728.99931831588
B19049_004,2023,"Harrisonburg, VA Metro Area",25500,Median household income in the past 12 months (in 2023 inflation-adjusted dollars) --,Householder 45 to 64 years,87393,4706,399.64258333333333,87392.99927107367
B19049_005,2023,"Harrisonburg, VA Metro Area",25500,Median household income in the past 12 months (in 2023 inflation-adjusted dollars) --,Householder 65 years and over,56748,2258,399.64258333333333,56747.999526677064
B19049_001,2023,"Kingsport-Bristol, TN-VA Metro Area",28700,Median household income in the past 12 months (in 2023 inflation-adjusted dollars) --,All,55948,1153,399.64258333333333,55947.99953334969
B19049_002,2023,"Kingsport-Bristol, TN-VA Metro Area",28700,Median household income in the past 12 months (in 2023 inflation-adjusted dollars) --,Householder under 25 years,33454,6093,399.64258333333333,33453.99972096734
B19049_003,2023,"Kingsport-Bristol, TN-VA Metro Area",28700,Median household income in the past 12 months (in 2023 inflation-adjusted dollars) --,Householder 25 to 44 years,66622,3240,399.64258333333333,66621.99944432014
B19049_004,2023,"Kingsport-Bristol, TN-VA Metro Area",28700,Median household income in the past 12 months (in 2023 inflation-adjusted dollars) --,Householder 45 to 64 years,69096,2975,399.64258333333333,69095.99942368503
B19049_005,2023,"Kingsport-Bristol, TN-VA Metro Area",28700,Median household income in the past 12 months (in 2023 inflation-adjusted dollars) --,Householder 65 years and over,43051,1691,399.64258333333333,43050.99964092082
B19049_001,2023,"Lake of the Woods, VA Micro Area",29470,Median household income in the past 12 months (in 2023 inflation-adjusted dollars) --,All,94175,7330,399.64258333333333,94174.99921450646
B19049_002,2023,"Lake of the Woods, VA Micro Area",29470,Median household income in the past 12 months (in 2023 inflation-adjusted dollars) --,Householder under 25 years,83141,9111,399.64258333333333,83140.9993065387
B19049_003,2023,"Lake of the Woods, VA Micro Area",29470,Median household income in the past 12 months (in 2023 inflation-adjusted dollars) --,Householder 25 to 44 years,97101,17043,399.64258333333333,97100.99919010133
B19049_004,2023,"Lake of the Woods, VA Micro Area",29470,Median household income in the past 12 months (in 2023 inflation-adjusted dollars) --,Householder 45 to 64 years,110890,10138,399.64258333333333,110889.99907509022
B19049_005,2023,"Lake of the Woods, VA Micro Area",29470,Median household income in the past 12 months (in 2023 inflation-adjusted dollars) --,Householder 65 years and over,83804,8042,399.64258333333333,83803.99930100875
B19049_001,2023,"Lynchburg, VA Metro Area",31340,Median household income in the past 12 months (in 2023 inflation-adjusted dollars) --,All,67782,1485,399.64258333333333,67781.99943464484
B19049_002,2023,"Lynchburg, VA Metro Area",31340,Median household income in the past 12 months (in 2023 inflation-adjusted dollars) --,Householder under 25 years,44783,4678,399.64258333333333,44782.99962647457
B19049_003,2023,"Lynchburg, VA Metro Area",31340,Median household income in the past 12 months (in 2023 inflation-adjusted dollars) --,Householder 25 to 44 years,73248,3340,399.64258333333333,73247.9993890541
B19049_004,2023,"Lynchburg, VA Metro Area",31340,Median household income in the past 12 months (in 2023 inflation-adjusted dollars) --,Householder 45 to 64 years,77770,2921,399.64258333333333,77769.99935133706
B19049_005,2023,"Lynchburg, VA Metro Area",31340,Median household income in the past 12 months (in 2023 inflation-adjusted dollars) --,Householder 65 years and over,54092,2043,399.64258333333333,54091.999548830194
B19049_001,2023,"Martinsville, VA Micro Area",32300,Median household income in the past 12 months (in 2023 inflation-adjusted dollars) --,All,47021,2666,399.64258333333333,47020.99960780789
B19049_002,2023,"Martinsville, VA Micro Area",32300,Median household income in the past 12 months (in 2023 inflation-adjusted dollars) --,Householder under 25 years,46400,13817,399.64258333333333,46399.99961298752
B19049_003,2023,"Martinsville, VA Micro Area",32300,Median household income in the past 12 months (in 2023 inflation-adjusted dollars) --,Householder 25 to 44 years,50668,4395,399.64258333333333,50667.99957738905
B19049_004,2023,"Martinsville, VA Micro Area",32300,Median household income in the past 12 months (in 2023 inflation-adjusted dollars) --,Householder 45 to 64 years,61970,6296,399.64258333333333,61969.99948312148
B19049_005,2023,"Martinsville, VA Micro Area",32300,Median household income in the past 12 months (in 2023 inflation-adjusted dollars) --,Householder 65 years and over,37267,2420,399.64258333333333,37266.999689163924
B19049_001,2023,"Richmond, VA Metro Area",40060,Median household income in the past 12 months (in 2023 inflation-adjusted dollars) --,All,84405,914,399.64258333333333,84404.99929599595
B19049_002,2023,"Richmond, VA Metro Area",40060,Median household income in the past 12 months (in 2023 inflation-adjusted dollars) --,Householder under 25 years,41325,2972,399.64258333333333,41324.99965531701
B19049_003,2023,"Richmond, VA Metro Area",40060,Median household income in the past 12 months (in 2023 inflation-adjusted dollars) --,Householder 25 to 44 years,89544,1743,399.64258333333333,89543.99925313264
B19049_004,2023,"Richmond, VA Metro Area",40060,Median household income in the past 12 months (in 2023 inflation-adjusted dollars) --,Householder 45 to 64 years,103711,1898,399.64258333333333,103710.99913496872
B19049_005,2023,"Richmond, VA Metro Area",40060,Median household income in the past 12 months (in 2023 inflation-adjusted dollars) --,Householder 65 years and over,64515,1627,399.64258333333333,64514.99946189418
B19049_001,2023,"Roanoke, VA Metro Area",40220,Median household income in the past 12 months (in 2023 inflation-adjusted dollars) --,All,67447,1499,399.64258333333333,67446.999437439
B19049_002,2023,"Roanoke, VA Metro Area",40220,Median household income in the past 12 months (in 2023 inflation-adjusted dollars) --,Householder under 25 years,39810,8023,399.64258333333333,39809.9996679533
B19049_003,2023,"Roanoke, VA Metro Area",40220,Median household income in the past 12 months (in 2023 inflation-adjusted dollars) --,Householder 25 to 44 years,75669,4893,399.64258333333333,75668.99936886106
B19049_004,2023,"Roanoke, VA Metro Area",40220,Median household income in the past 12 months (in 2023 inflation-adjusted dollars) --,Householder 45 to 64 years,81755,3099,399.64258333333333,81754.99931809903
B19049_005,2023,"Roanoke, VA Metro Area",40220,Median household income in the past 12 months (in 2023 inflation-adjusted dollars) --,Householder 65 years and over,52273,1578,399.64258333333333,52272.999564002086
B19049_001,2023,"Staunton-Stuarts Draft, VA Metro Area",44420,Median household income in the past 12 months (in 2023 inflation-adjusted dollars) --,All,70949,2922,399.64258333333333,70948.99940822956
B19049_002,2023,"Staunton-Stuarts Draft, VA Metro Area",44420,Median household income in the past 12 months (in 2023 inflation-adjusted dollars) --,Householder under 25 years,42225,8441,399.64258333333333,42224.999647810306
B19049_003,2023,"Staunton-Stuarts Draft, VA Metro Area",44420,Median household income in the past 12 months (in 2023 inflation-adjusted dollars) --,Householder 25 to 44 years,80311,5606,399.64258333333333,80310.99933014312
B19049_004,2023,"Staunton-Stuarts Draft, VA Metro Area",44420,Median household income in the past 12 months (in 2023 inflation-adjusted dollars) --,Householder 45 to 64 years,91462,5290,399.64258333333333,91461.99923713501
B19049_005,2023,"Staunton-Stuarts Draft, VA Metro Area",44420,Median household income in the past 12 months (in 2023 inflation-adjusted dollars) --,Householder 65 years and over,49249,3462,399.64258333333333,49248.99958922462
B19049_001,2023,"Virginia Beach-Chesapeake-Norfolk, VA-NC Metro Area",47260,Median household income in the past 12 months (in 2023 inflation-adjusted dollars) --,All,80533,761,399.64258333333333,80532.99932829147
B19049_002,2023,"Virginia Beach-Chesapeake-Norfolk, VA-NC Metro Area",47260,Median household income in the past 12 months (in 2023 inflation-adjusted dollars) --,Householder under 25 years,48679,2457,399.64258333333333,48678.99959397887
B19049_003,2023,"Virginia Beach-Chesapeake-Norfolk, VA-NC Metro Area",47260,Median household income in the past 12 months (in 2023 inflation-adjusted dollars) --,Householder 25 to 44 years,81128,1101,399.64258333333333,81127.9993233287
B19049_004,2023,"Virginia Beach-Chesapeake-Norfolk, VA-NC Metro Area",47260,Median household income in the past 12 months (in 2023 inflation-adjusted dollars) --,Householder 45 to 64 years,101165,1763,399.64258333333333,101164.99915620437
B19049_005,2023,"Virginia Beach-Chesapeake-Norfolk, VA-NC Metro Area",47260,Median household income in the past 12 months (in 2023 inflation-adjusted dollars) --,Householder 65 years and over,64498,1198,399.64258333333333,64497.99946203597
B19049_001,2023,"Washington-Arlington-Alexandria, DC-VA-MD-WV Metro Area",47900,Median household income in the past 12 months (in 2023 inflation-adjusted dollars) --,All,123896,689,399.64258333333333,123895.99896660996
B19049_002,2023,"Washington-Arlington-Alexandria, DC-VA-MD-WV Metro Area",47900,Median household income in the past 12 months (in 2023 inflation-adjusted dollars) --,Householder under 25 years,62067,2295,399.64258333333333,62066.99948231242
B19049_003,2023,"Washington-Arlington-Alexandria, DC-VA-MD-WV Metro Area",47900,Median household income in the past 12 months (in 2023 inflation-adjusted dollars) --,Householder 25 to 44 years,126186,1330,399.64258333333333,126185.99894750955
B19049_004,2023,"Washington-Arlington-Alexandria, DC-VA-MD-WV Metro Area",47900,Median household income in the past 12 months (in 2023 inflation-adjusted dollars) --,Householder 45 to 64 years,149588,1259,399.64258333333333,149587.99875231847
B19049_005,2023,"Washington-Arlington-Alexandria, DC-VA-MD-WV Metro Area",47900,Median household income in the past 12 months (in 2023 inflation-adjusted dollars) --,Householder 65 years and over,92624,1126,399.64258333333333,92623.99922744303
B19049_001,2023,"Winchester, VA-WV Metro Area",49020,Median household income in the past 12 months (in 2023 inflation-adjusted dollars) --,All,82413,2756,399.64258333333333,82412.99931261079
B19049_002,2023,"Winchester, VA-WV Metro Area",49020,Median household income in the past 12 months (in 2023 inflation-adjusted dollars) --,Householder under 25 years,54467,11559,399.64258333333333,54466.9995457024
B19049_003,2023,"Winchester, VA-WV Metro Area",49020,Median household income in the past 12 months (in 2023 inflation-adjusted dollars) --,Householder 25 to 44 years,91344,6853,399.64258333333333,91343.99923811923
B19049_004,2023,"Winchester, VA-WV Metro Area",49020,Median household income in the past 12 months (in 2023 inflation-adjusted dollars) --,Householder 45 to 64 years,102822,4317,399.64258333333333,102821.99914238369
B19049_005,2023,"Winchester, VA-WV Metro Area",49020,Median household income in the past 12 months (in 2023 inflation-adjusted dollars) --,Householder 65 years and over,58736,3731,399.64258333333333,58735.999510095586
