variable,year,CBSA,fips,race,medhhincome,estimate,moe,index,adjusted
B19013B_001,2010,"Blacksburg-Christiansburg-Radford, VA Metro Area",13980,Median Household Income In The Past 12 Months (In 2023 Inflation-Adjusted Dollars (Black Or African American  ,Median household income in the past 12 months (in 2023 inflation-adjusted dollars),30103,6183,249.38541666666666,48240.353211271045
B19013B_001,2010,"Bluefield, WV-VA Micro Area",14140,Median Household Income In The Past 12 Months (In 2023 Inflation-Adjusted Dollars (Black Or African American  ,Median household income in the past 12 months (in 2023 inflation-adjusted dollars),17051,3531,249.38541666666666,27324.394997355168
B19013B_001,2010,"Charlottesville, VA Metro Area",16820,Median Household Income In The Past 12 Months (In 2023 Inflation-Adjusted Dollars (Black Or African American  ,Median household income in the past 12 months (in 2023 inflation-adjusted dollars),36825,4006,249.38541666666666,59012.424243598856
B19013B_001,2010,"Culpeper, VA Micro Area",19020,Median Household Income In The Past 12 Months (In 2023 Inflation-Adjusted Dollars (Black Or African American  ,Median household income in the past 12 months (in 2023 inflation-adjusted dollars),42500,7125,249.38541666666666,68106.66749091518
B19013B_001,2010,"Danville, VA Metro Area",19260,Median Household Income In The Past 12 Months (In 2023 Inflation-Adjusted Dollars (Black Or African American  ,Median household income in the past 12 months (in 2023 inflation-adjusted dollars),26168,2508,249.38541666666666,41934.47705652396
B19013B_001,2010,"Harrisonburg, VA Metro Area",25500,Median Household Income In The Past 12 Months (In 2023 Inflation-Adjusted Dollars (Black Or African American  ,Median household income in the past 12 months (in 2023 inflation-adjusted dollars),32135,19231,249.38541666666666,51496.65317224845
B19013B_001,2010,"Kingsport-Bristol-Bristol, TN-VA Metro Area",28700,Median Household Income In The Past 12 Months (In 2023 Inflation-Adjusted Dollars (Black Or African American  ,Median household income in the past 12 months (in 2023 inflation-adjusted dollars),30770,8615,249.38541666666666,49309.22726342259
B19013B_001,2010,"Lynchburg, VA Metro Area",31340,Median Household Income In The Past 12 Months (In 2023 Inflation-Adjusted Dollars (Black Or African American  ,Median household income in the past 12 months (in 2023 inflation-adjusted dollars),29099,2000,249.38541666666666,46631.43334866213
B19013B_001,2010,"Martinsville, VA Micro Area",32300,Median Household Income In The Past 12 Months (In 2023 Inflation-Adjusted Dollars (Black Or African American  ,Median household income in the past 12 months (in 2023 inflation-adjusted dollars),27871,2341,249.38541666666666,44663.551285630514
B19013B_001,2010,"Richmond, VA Metro Area",40060,Median Household Income In The Past 12 Months (In 2023 Inflation-Adjusted Dollars (Black Or African American  ,Median household income in the past 12 months (in 2023 inflation-adjusted dollars),40626,578,249.38541666666666,65103.56408202164
B19013B_001,2010,"Roanoke, VA Metro Area",40220,Median Household Income In The Past 12 Months (In 2023 Inflation-Adjusted Dollars (Black Or African American  ,Median household income in the past 12 months (in 2023 inflation-adjusted dollars),31185,1247,249.38541666666666,49974.26884009858
B19013B_001,2010,"Staunton-Waynesboro, VA Micro Area",44420,Median Household Income In The Past 12 Months (In 2023 Inflation-Adjusted Dollars (Black Or African American  ,Median household income in the past 12 months (in 2023 inflation-adjusted dollars),29531,8707,249.38541666666666,47323.71759233449
B19013B_001,2010,"Virginia Beach-Norfolk-Newport News, VA-NC Metro Area",47260,Median Household Income In The Past 12 Months (In 2023 Inflation-Adjusted Dollars (Black Or African American  ,Median household income in the past 12 months (in 2023 inflation-adjusted dollars),41615,617,249.38541666666666,66688.44629728083
B19013B_001,2010,"Washington-Arlington-Alexandria, DC-VA-MD-WV Metro Area",47900,Median Household Income In The Past 12 Months (In 2023 Inflation-Adjusted Dollars (Black Or African American  ,Median household income in the past 12 months (in 2023 inflation-adjusted dollars),61823,582,249.38541666666666,99071.9648068435
B19013B_001,2010,"Winchester, VA-WV Metro Area",49020,Median Household Income In The Past 12 Months (In 2023 Inflation-Adjusted Dollars (Black Or African American  ,Median household income in the past 12 months (in 2023 inflation-adjusted dollars),50345,9325,249.38541666666666,80678.35705482645
B19013B_001,2011,"Blacksburg-Christiansburg-Radford, VA Metro Area",13980,Median Household Income In The Past 12 Months (In 2023 Inflation-Adjusted Dollars (Black Or African American  ,Median household income in the past 12 months (in 2023 inflation-adjusted dollars),31989,8977,253.63816666666668,50403.16550001347
B19013B_001,2011,"Bluefield, WV-VA Micro Area",14140,Median Household Income In The Past 12 Months (In 2023 Inflation-Adjusted Dollars (Black Or African American  ,Median household income in the past 12 months (in 2023 inflation-adjusted dollars),18410,3885,253.63816666666668,29007.54249445897
B19013B_001,2011,"Charlottesville, VA Metro Area",16820,Median Household Income In The Past 12 Months (In 2023 Inflation-Adjusted Dollars (Black Or African American  ,Median household income in the past 12 months (in 2023 inflation-adjusted dollars),37055,3622,253.63816666666668,58385.3605177717
B19013B_001,2011,"Culpeper, VA Micro Area",19020,Median Household Income In The Past 12 Months (In 2023 Inflation-Adjusted Dollars (Black Or African American  ,Median household income in the past 12 months (in 2023 inflation-adjusted dollars),43438,13728,253.63816666666668,68442.67413765936
B19013B_001,2011,"Danville, VA Metro Area",19260,Median Household Income In The Past 12 Months (In 2023 Inflation-Adjusted Dollars (Black Or African American  ,Median household income in the past 12 months (in 2023 inflation-adjusted dollars),26970,2412,253.63816666666668,42495.02558802599
B19013B_001,2011,"Harrisonburg, VA Metro Area",25500,Median Household Income In The Past 12 Months (In 2023 Inflation-Adjusted Dollars (Black Or African American  ,Median household income in the past 12 months (in 2023 inflation-adjusted dollars),42273,17689,253.63816666666668,66607.05289887365
B19013B_001,2011,"Kingsport-Bristol-Bristol, TN-VA Metro Area",28700,Median Household Income In The Past 12 Months (In 2023 Inflation-Adjusted Dollars (Black Or African American  ,Median household income in the past 12 months (in 2023 inflation-adjusted dollars),30097,6841,253.63816666666668,47422.05358260356
B19013B_001,2011,"Lynchburg, VA Metro Area",31340,Median Household Income In The Past 12 Months (In 2023 Inflation-Adjusted Dollars (Black Or African American  ,Median household income in the past 12 months (in 2023 inflation-adjusted dollars),28624,2119,253.63816666666668,45101.13505493718
B19013B_001,2011,"Martinsville, VA Micro Area",32300,Median Household Income In The Past 12 Months (In 2023 Inflation-Adjusted Dollars (Black Or African American  ,Median household income in the past 12 months (in 2023 inflation-adjusted dollars),26236,2569,253.63816666666668,41338.50542556358
B19013B_001,2011,"Richmond, VA Metro Area",40060,Median Household Income In The Past 12 Months (In 2023 Inflation-Adjusted Dollars (Black Or African American  ,Median household income in the past 12 months (in 2023 inflation-adjusted dollars),41393,847,253.63816666666668,65220.48921635742
B19013B_001,2011,"Roanoke, VA Metro Area",40220,Median Household Income In The Past 12 Months (In 2023 Inflation-Adjusted Dollars (Black Or African American  ,Median household income in the past 12 months (in 2023 inflation-adjusted dollars),31681,1372,253.63816666666668,49917.86821113279
B19013B_001,2011,"Staunton-Waynesboro, VA Micro Area",44420,Median Household Income In The Past 12 Months (In 2023 Inflation-Adjusted Dollars (Black Or African American  ,Median household income in the past 12 months (in 2023 inflation-adjusted dollars),26864,8672,253.63816666666668,42328.00768990471
B19013B_001,2011,"Virginia Beach-Norfolk-Newport News, VA-NC Metro Area",47260,Median Household Income In The Past 12 Months (In 2023 Inflation-Adjusted Dollars (Black Or African American  ,Median household income in the past 12 months (in 2023 inflation-adjusted dollars),42503,793,253.63816666666668,66969.45022498585
B19013B_001,2011,"Washington-Arlington-Alexandria, DC-VA-MD-WV Metro Area",47900,Median Household Income In The Past 12 Months (In 2023 Inflation-Adjusted Dollars (Black Or African American  ,Median household income in the past 12 months (in 2023 inflation-adjusted dollars),64103,550,253.63816666666668,101003.28606856617
B19013B_001,2011,"Winchester, VA-WV Metro Area",49020,Median Household Income In The Past 12 Months (In 2023 Inflation-Adjusted Dollars (Black Or African American  ,Median household income in the past 12 months (in 2023 inflation-adjusted dollars),53726,2920,253.63816666666668,84652.86409871279
B19013B_001,2012,"Blacksburg-Christiansburg-Radford, VA Metro Area",13980,Median Household Income In The Past 12 Months (In 2023 Inflation-Adjusted Dollars (Black Or African American  ,Median household income in the past 12 months (in 2023 inflation-adjusted dollars),27837,10980,260.3668333333333,42727.60227189716
B19013B_001,2012,"Bluefield, WV-VA Micro Area",14140,Median Household Income In The Past 12 Months (In 2023 Inflation-Adjusted Dollars (Black Or African American  ,Median household income in the past 12 months (in 2023 inflation-adjusted dollars),19272,3136,260.3668333333333,29581.001939289505
B19013B_001,2012,"Charlottesville, VA Metro Area",16820,Median Household Income In The Past 12 Months (In 2023 Inflation-Adjusted Dollars (Black Or African American  ,Median household income in the past 12 months (in 2023 inflation-adjusted dollars),39375,4628,260.3668333333333,60437.52342048175
B19013B_001,2012,"Culpeper, VA Micro Area",19020,Median Household Income In The Past 12 Months (In 2023 Inflation-Adjusted Dollars (Black Or African American  ,Median household income in the past 12 months (in 2023 inflation-adjusted dollars),43363,13400,260.3668333333333,66558.78928463112
B19013B_001,2012,"Danville, VA Metro Area",19260,Median Household Income In The Past 12 Months (In 2023 Inflation-Adjusted Dollars (Black Or African American  ,Median household income in the past 12 months (in 2023 inflation-adjusted dollars),26886,2252,260.3668333333333,41267.89218242723
B19013B_001,2012,"Harrisonburg, VA Metro Area",25500,Median Household Income In The Past 12 Months (In 2023 Inflation-Adjusted Dollars (Black Or African American  ,Median household income in the past 12 months (in 2023 inflation-adjusted dollars),34638,19255,260.3668333333333,53166.601555267225
B19013B_001,2012,"Kingsport-Bristol-Bristol, TN-VA Metro Area",28700,Median Household Income In The Past 12 Months (In 2023 Inflation-Adjusted Dollars (Black Or African American  ,Median household income in the past 12 months (in 2023 inflation-adjusted dollars),32431,6130,260.3668333333333,49779.03040126079
B19013B_001,2012,"Lynchburg, VA Metro Area",31340,Median Household Income In The Past 12 Months (In 2023 Inflation-Adjusted Dollars (Black Or African American  ,Median household income in the past 12 months (in 2023 inflation-adjusted dollars),28967,2005,260.3668333333333,44462.063261488125
B19013B_001,2012,"Martinsville, VA Micro Area",32300,Median Household Income In The Past 12 Months (In 2023 Inflation-Adjusted Dollars (Black Or African American  ,Median household income in the past 12 months (in 2023 inflation-adjusted dollars),25165,3035,260.3668333333333,38626.29274606789
B19013B_001,2012,"Richmond, VA Metro Area",40060,Median Household Income In The Past 12 Months (In 2023 Inflation-Adjusted Dollars (Black Or African American  ,Median household income in the past 12 months (in 2023 inflation-adjusted dollars),41412,890,260.3668333333333,63564.15796543467
B19013B_001,2012,"Roanoke, VA Metro Area",40220,Median Household Income In The Past 12 Months (In 2023 Inflation-Adjusted Dollars (Black Or African American  ,Median household income in the past 12 months (in 2023 inflation-adjusted dollars),32316,1626,260.3668333333333,49602.51445984224
B19013B_001,2012,"Staunton-Waynesboro, VA Micro Area",44420,Median Household Income In The Past 12 Months (In 2023 Inflation-Adjusted Dollars (Black Or African American  ,Median household income in the past 12 months (in 2023 inflation-adjusted dollars),30070,5507,260.3668333333333,46155.08137787648
B19013B_001,2012,"Virginia Beach-Norfolk-Newport News, VA-NC Metro Area",47260,Median Household Income In The Past 12 Months (In 2023 Inflation-Adjusted Dollars (Black Or African American  ,Median household income in the past 12 months (in 2023 inflation-adjusted dollars),42519,708,260.3668333333333,65263.31576674193
B19013B_001,2012,"Washington-Arlington-Alexandria, DC-VA-MD-WV Metro Area",47900,Median Household Income In The Past 12 Months (In 2023 Inflation-Adjusted Dollars (Black Or African American  ,Median household income in the past 12 months (in 2023 inflation-adjusted dollars),64775,582,260.3668333333333,99424.52265553537
B19013B_001,2012,"Winchester, VA-WV Metro Area",49020,Median Household Income In The Past 12 Months (In 2023 Inflation-Adjusted Dollars (Black Or African American  ,Median household income in the past 12 months (in 2023 inflation-adjusted dollars),54537,5814,260.3668333333333,83709.99910559526
B19013B_001,2013,"Big Stone Gap, VA Micro Area",13720,Median Household Income In The Past 12 Months (In 2023 Inflation-Adjusted Dollars (Black Or African American  ,Median household income in the past 12 months (in 2023 inflation-adjusted dollars),51136,28150,267.7245833333333,76332.63526433727
B19013B_001,2013,"Blacksburg-Christiansburg-Radford, VA Metro Area",13980,Median Household Income In The Past 12 Months (In 2023 Inflation-Adjusted Dollars (Black Or African American  ,Median household income in the past 12 months (in 2023 inflation-adjusted dollars),22473,6792,267.7245833333333,33546.29443631593
B19013B_001,2013,"Bluefield, WV-VA Micro Area",14140,Median Household Income In The Past 12 Months (In 2023 Inflation-Adjusted Dollars (Black Or African American  ,Median household income in the past 12 months (in 2023 inflation-adjusted dollars),17469,3235,267.7245833333333,26076.63496231046
B19013B_001,2013,"Charlottesville, VA Metro Area",16820,Median Household Income In The Past 12 Months (In 2023 Inflation-Adjusted Dollars (Black Or African American  ,Median household income in the past 12 months (in 2023 inflation-adjusted dollars),37529,3886,267.7245833333333,56020.95331733638
B19013B_001,2013,"Danville, VA Micro Area",19260,Median Household Income In The Past 12 Months (In 2023 Inflation-Adjusted Dollars (Black Or African American  ,Median household income in the past 12 months (in 2023 inflation-adjusted dollars),26376,1377,267.7245833333333,39372.449697515636
B19013B_001,2013,"Harrisonburg, VA Metro Area",25500,Median Household Income In The Past 12 Months (In 2023 Inflation-Adjusted Dollars (Black Or African American  ,Median household income in the past 12 months (in 2023 inflation-adjusted dollars),30844,6168,267.7245833333333,46042.00176183547
B19013B_001,2013,"Kingsport-Bristol-Bristol, TN-VA Metro Area",28700,Median Household Income In The Past 12 Months (In 2023 Inflation-Adjusted Dollars (Black Or African American  ,Median household income in the past 12 months (in 2023 inflation-adjusted dollars),31737,3747,267.7245833333333,47375.016532076654
B19013B_001,2013,"Lynchburg, VA Metro Area",31340,Median Household Income In The Past 12 Months (In 2023 Inflation-Adjusted Dollars (Black Or African American  ,Median household income in the past 12 months (in 2023 inflation-adjusted dollars),28747,2286,267.7245833333333,42911.730795210875
B19013B_001,2013,"Martinsville, VA Micro Area",32300,Median Household Income In The Past 12 Months (In 2023 Inflation-Adjusted Dollars (Black Or African American  ,Median household income in the past 12 months (in 2023 inflation-adjusted dollars),26236,2366,267.7245833333333,39163.4664188664
B19013B_001,2013,"Richmond, VA Metro Area",40060,Median Household Income In The Past 12 Months (In 2023 Inflation-Adjusted Dollars (Black Or African American  ,Median household income in the past 12 months (in 2023 inflation-adjusted dollars),41561,894,267.7245833333333,62039.671742434315
B19013B_001,2013,"Roanoke, VA Metro Area",40220,Median Household Income In The Past 12 Months (In 2023 Inflation-Adjusted Dollars (Black Or African American  ,Median household income in the past 12 months (in 2023 inflation-adjusted dollars),32439,1472,267.7245833333333,48422.9184007321
B19013B_001,2013,"Staunton-Waynesboro, VA Metro Area",44420,Median Household Income In The Past 12 Months (In 2023 Inflation-Adjusted Dollars (Black Or African American  ,Median household income in the past 12 months (in 2023 inflation-adjusted dollars),30333,3831,267.7245833333333,45279.212794765765
B19013B_001,2013,"Virginia Beach-Norfolk-Newport News, VA-NC Metro Area",47260,Median Household Income In The Past 12 Months (In 2023 Inflation-Adjusted Dollars (Black Or African American  ,Median household income in the past 12 months (in 2023 inflation-adjusted dollars),42741,809,267.7245833333333,63801.10223390643
B19013B_001,2013,"Washington-Arlington-Alexandria, DC-VA-MD-WV Metro Area",47900,Median Household Income In The Past 12 Months (In 2023 Inflation-Adjusted Dollars (Black Or African American  ,Median household income in the past 12 months (in 2023 inflation-adjusted dollars),65132,730,267.7245833333333,97224.99217844209
B19013B_001,2013,"Winchester, VA-WV Metro Area",49020,Median Household Income In The Past 12 Months (In 2023 Inflation-Adjusted Dollars (Black Or African American  ,Median household income in the past 12 months (in 2023 inflation-adjusted dollars),51275,8493,267.7245833333333,76540.12580528186
B19013B_001,2014,"Big Stone Gap, VA Micro Area",13720,Median Household Income In The Past 12 Months (In 2023 Inflation-Adjusted Dollars (Black Or African American  ,Median household income in the past 12 months (in 2023 inflation-adjusted dollars),27679,23919,276.1619166666667,40055.14991109986
B19013B_001,2014,"Blacksburg-Christiansburg-Radford, VA Metro Area",13980,Median Household Income In The Past 12 Months (In 2023 Inflation-Adjusted Dollars (Black Or African American  ,Median household income in the past 12 months (in 2023 inflation-adjusted dollars),31667,6684,276.1619166666667,45826.30991852304
B19013B_001,2014,"Bluefield, WV-VA Micro Area",14140,Median Household Income In The Past 12 Months (In 2023 Inflation-Adjusted Dollars (Black Or African American  ,Median household income in the past 12 months (in 2023 inflation-adjusted dollars),16924,2976,276.1619166666667,24491.251746647424
B19013B_001,2014,"Charlottesville, VA Metro Area",16820,Median Household Income In The Past 12 Months (In 2023 Inflation-Adjusted Dollars (Black Or African American  ,Median household income in the past 12 months (in 2023 inflation-adjusted dollars),35272,3280,276.1619166666667,51043.2186012614
B19013B_001,2014,"Danville, VA Micro Area",19260,Median Household Income In The Past 12 Months (In 2023 Inflation-Adjusted Dollars (Black Or African American  ,Median household income in the past 12 months (in 2023 inflation-adjusted dollars),29410,1617,276.1619166666667,42560.1343576519
B19013B_001,2014,"Harrisonburg, VA Metro Area",25500,Median Household Income In The Past 12 Months (In 2023 Inflation-Adjusted Dollars (Black Or African American  ,Median household income in the past 12 months (in 2023 inflation-adjusted dollars),33145,7770,276.1619166666667,47965.17012187596
B19013B_001,2014,"Kingsport-Bristol-Bristol, TN-VA Metro Area",28700,Median Household Income In The Past 12 Months (In 2023 Inflation-Adjusted Dollars (Black Or African American  ,Median household income in the past 12 months (in 2023 inflation-adjusted dollars),29421,5152,276.1619166666667,42576.05280300838
B19013B_001,2014,"Lynchburg, VA Metro Area",31340,Median Household Income In The Past 12 Months (In 2023 Inflation-Adjusted Dollars (Black Or African American  ,Median household income in the past 12 months (in 2023 inflation-adjusted dollars),30762,2146,276.1619166666667,44516.65600510329
B19013B_001,2014,"Martinsville, VA Micro Area",32300,Median Household Income In The Past 12 Months (In 2023 Inflation-Adjusted Dollars (Black Or African American  ,Median household income in the past 12 months (in 2023 inflation-adjusted dollars),26073,2044,276.1619166666667,37731.05688905331
B19013B_001,2014,"Richmond, VA Metro Area",40060,Median Household Income In The Past 12 Months (In 2023 Inflation-Adjusted Dollars (Black Or African American  ,Median household income in the past 12 months (in 2023 inflation-adjusted dollars),41608,840,276.1619166666667,60212.24312659572
B19013B_001,2014,"Roanoke, VA Metro Area",40220,Median Household Income In The Past 12 Months (In 2023 Inflation-Adjusted Dollars (Black Or African American  ,Median household income in the past 12 months (in 2023 inflation-adjusted dollars),32871,1603,276.1619166666667,47568.65611935993
B19013B_001,2014,"Staunton-Waynesboro, VA Metro Area",44420,Median Household Income In The Past 12 Months (In 2023 Inflation-Adjusted Dollars (Black Or African American  ,Median household income in the past 12 months (in 2023 inflation-adjusted dollars),29566,4268,276.1619166666667,42785.88685543475
B19013B_001,2014,"Virginia Beach-Norfolk-Newport News, VA-NC Metro Area",47260,Median Household Income In The Past 12 Months (In 2023 Inflation-Adjusted Dollars (Black Or African American  ,Median household income in the past 12 months (in 2023 inflation-adjusted dollars),42332,669,276.1619166666667,61259.96625733152
B19013B_001,2014,"Washington-Arlington-Alexandria, DC-VA-MD-WV Metro Area",47900,Median Household Income In The Past 12 Months (In 2023 Inflation-Adjusted Dollars (Black Or African American  ,Median household income in the past 12 months (in 2023 inflation-adjusted dollars),66307,580,276.1619166666667,95954.94147748468
B19013B_001,2014,"Winchester, VA-WV Metro Area",49020,Median Household Income In The Past 12 Months (In 2023 Inflation-Adjusted Dollars (Black Or African American  ,Median household income in the past 12 months (in 2023 inflation-adjusted dollars),47372,4314,276.1619166666667,68553.50849339292
B19013B_001,2015,"Big Stone Gap, VA Micro Area",13720,Median Household Income In The Past 12 Months (In 2023 Inflation-Adjusted Dollars (Black Or African American  ,Median household income in the past 12 months (in 2023 inflation-adjusted dollars),NA,NA,286.0319166666667,NA
B19013B_001,2015,"Blacksburg-Christiansburg-Radford, VA Metro Area",13980,Median Household Income In The Past 12 Months (In 2023 Inflation-Adjusted Dollars (Black Or African American  ,Median household income in the past 12 months (in 2023 inflation-adjusted dollars),33301,5958,286.0319166666667,46528.015865059344
B19013B_001,2015,"Bluefield, WV-VA Micro Area",14140,Median Household Income In The Past 12 Months (In 2023 Inflation-Adjusted Dollars (Black Or African American  ,Median household income in the past 12 months (in 2023 inflation-adjusted dollars),21157,3682,286.0319166666667,29560.47060619983
B19013B_001,2015,"Charlottesville, VA Metro Area",16820,Median Household Income In The Past 12 Months (In 2023 Inflation-Adjusted Dollars (Black Or African American  ,Median household income in the past 12 months (in 2023 inflation-adjusted dollars),38076,2095,286.0319166666667,53199.62559917118
B19013B_001,2015,"Danville, VA Micro Area",19260,Median Household Income In The Past 12 Months (In 2023 Inflation-Adjusted Dollars (Black Or African American  ,Median household income in the past 12 months (in 2023 inflation-adjusted dollars),30026,1628,286.0319166666667,41952.199764699915
B19013B_001,2015,"Harrisonburg, VA Metro Area",25500,Median Household Income In The Past 12 Months (In 2023 Inflation-Adjusted Dollars (Black Or African American  ,Median household income in the past 12 months (in 2023 inflation-adjusted dollars),40546,8900,286.0319166666667,56650.69911608348
B19013B_001,2015,"Kingsport-Bristol-Bristol, TN-VA Metro Area",28700,Median Household Income In The Past 12 Months (In 2023 Inflation-Adjusted Dollars (Black Or African American  ,Median household income in the past 12 months (in 2023 inflation-adjusted dollars),30668,3180,286.0319166666667,42849.19943994594
B19013B_001,2015,"Lynchburg, VA Metro Area",31340,Median Household Income In The Past 12 Months (In 2023 Inflation-Adjusted Dollars (Black Or African American  ,Median household income in the past 12 months (in 2023 inflation-adjusted dollars),30186,1701,286.0319166666667,42175.75108563351
B19013B_001,2015,"Martinsville, VA Micro Area",32300,Median Household Income In The Past 12 Months (In 2023 Inflation-Adjusted Dollars (Black Or African American  ,Median household income in the past 12 months (in 2023 inflation-adjusted dollars),27542,2207,286.0319166666667,38481.56550720592
B19013B_001,2015,"Richmond, VA Metro Area",40060,Median Household Income In The Past 12 Months (In 2023 Inflation-Adjusted Dollars (Black Or African American  ,Median household income in the past 12 months (in 2023 inflation-adjusted dollars),41306,808,286.0319166666667,57712.56789051804
B19013B_001,2015,"Roanoke, VA Metro Area",40220,Median Household Income In The Past 12 Months (In 2023 Inflation-Adjusted Dollars (Black Or African American  ,Median household income in the past 12 months (in 2023 inflation-adjusted dollars),33418,2165,286.0319166666667,46691.48776849203
B19013B_001,2015,"Staunton-Waynesboro, VA Metro Area",44420,Median Household Income In The Past 12 Months (In 2023 Inflation-Adjusted Dollars (Black Or African American  ,Median household income in the past 12 months (in 2023 inflation-adjusted dollars),29946,5254,286.0319166666667,41840.42410423312
B19013B_001,2015,"Virginia Beach-Norfolk-Newport News, VA-NC Metro Area",47260,Median Household Income In The Past 12 Months (In 2023 Inflation-Adjusted Dollars (Black Or African American  ,Median household income in the past 12 months (in 2023 inflation-adjusted dollars),42018,618,286.0319166666667,58707.37126867251
B19013B_001,2015,"Washington-Arlington-Alexandria, DC-VA-MD-WV Metro Area",47900,Median Household Income In The Past 12 Months (In 2023 Inflation-Adjusted Dollars (Black Or African American  ,Median household income in the past 12 months (in 2023 inflation-adjusted dollars),66703,618,286.0319166666667,93197.14850145801
B19013B_001,2015,"Winchester, VA-WV Metro Area",49020,Median Household Income In The Past 12 Months (In 2023 Inflation-Adjusted Dollars (Black Or African American  ,Median household income in the past 12 months (in 2023 inflation-adjusted dollars),46697,3958,286.0319166666667,65244.8502102242
B19013B_001,2016,"Big Stone Gap, VA Micro Area",13720,Median Household Income In The Past 12 Months (In 2023 Inflation-Adjusted Dollars (Black Or African American  ,Median household income in the past 12 months (in 2023 inflation-adjusted dollars),NA,NA,296.8204166666667,NA
B19013B_001,2016,"Blacksburg-Christiansburg-Radford, VA Metro Area",13980,Median Household Income In The Past 12 Months (In 2023 Inflation-Adjusted Dollars (Black Or African American  ,Median household income in the past 12 months (in 2023 inflation-adjusted dollars),33737,6202,296.8204166666667,45423.90268456937
B19013B_001,2016,"Bluefield, WV-VA Micro Area",14140,Median Household Income In The Past 12 Months (In 2023 Inflation-Adjusted Dollars (Black Or African American  ,Median household income in the past 12 months (in 2023 inflation-adjusted dollars),25108,7377,296.8204166666667,33805.713270420245
B19013B_001,2016,"Charlottesville, VA Metro Area",16820,Median Household Income In The Past 12 Months (In 2023 Inflation-Adjusted Dollars (Black Or African American  ,Median household income in the past 12 months (in 2023 inflation-adjusted dollars),37858,3491,296.8204166666667,50972.46666367571
B19013B_001,2016,"Danville, VA Micro Area",19260,Median Household Income In The Past 12 Months (In 2023 Inflation-Adjusted Dollars (Black Or African American  ,Median household income in the past 12 months (in 2023 inflation-adjusted dollars),31482,1445,296.8204166666667,42387.743555017136
B19013B_001,2016,"Harrisonburg, VA Metro Area",25500,Median Household Income In The Past 12 Months (In 2023 Inflation-Adjusted Dollars (Black Or African American  ,Median household income in the past 12 months (in 2023 inflation-adjusted dollars),35769,11288,296.8204166666667,48159.8119312435
B19013B_001,2016,"Kingsport-Bristol-Bristol, TN-VA Metro Area",28700,Median Household Income In The Past 12 Months (In 2023 Inflation-Adjusted Dollars (Black Or African American  ,Median household income in the past 12 months (in 2023 inflation-adjusted dollars),30146,4085,296.8204166666667,40588.93708181013
B19013B_001,2016,"Lynchburg, VA Metro Area",31340,Median Household Income In The Past 12 Months (In 2023 Inflation-Adjusted Dollars (Black Or African American  ,Median household income in the past 12 months (in 2023 inflation-adjusted dollars),30937,1452,296.8204166666667,41653.948998207394
B19013B_001,2016,"Martinsville, VA Micro Area",32300,Median Household Income In The Past 12 Months (In 2023 Inflation-Adjusted Dollars (Black Or African American  ,Median household income in the past 12 months (in 2023 inflation-adjusted dollars),28367,2175,296.8204166666667,38193.67007893942
B19013B_001,2016,"Richmond, VA Metro Area",40060,Median Household Income In The Past 12 Months (In 2023 Inflation-Adjusted Dollars (Black Or African American  ,Median household income in the past 12 months (in 2023 inflation-adjusted dollars),41773,738,296.8204166666667,56243.66976442827
B19013B_001,2016,"Roanoke, VA Metro Area",40220,Median Household Income In The Past 12 Months (In 2023 Inflation-Adjusted Dollars (Black Or African American  ,Median household income in the past 12 months (in 2023 inflation-adjusted dollars),32860,2508,296.8204166666667,44243.09933351957
B19013B_001,2016,"Staunton-Waynesboro, VA Metro Area",44420,Median Household Income In The Past 12 Months (In 2023 Inflation-Adjusted Dollars (Black Or African American  ,Median household income in the past 12 months (in 2023 inflation-adjusted dollars),34636,10719,296.8204166666667,46634.32710029774
B19013B_001,2016,"Virginia Beach-Norfolk-Newport News, VA-NC Metro Area",47260,Median Household Income In The Past 12 Months (In 2023 Inflation-Adjusted Dollars (Black Or African American  ,Median household income in the past 12 months (in 2023 inflation-adjusted dollars),43120,694,296.8204166666667,58057.28676997455
B19013B_001,2016,"Washington-Arlington-Alexandria, DC-VA-MD-WV Metro Area",47900,Median Household Income In The Past 12 Months (In 2023 Inflation-Adjusted Dollars (Black Or African American  ,Median household income in the past 12 months (in 2023 inflation-adjusted dollars),67904,599,296.8204166666667,91426.76254240148
B19013B_001,2016,"Winchester, VA-WV Metro Area",49020,Median Household Income In The Past 12 Months (In 2023 Inflation-Adjusted Dollars (Black Or African American  ,Median household income in the past 12 months (in 2023 inflation-adjusted dollars),46092,3552,296.8204166666667,62058.82332564163
B19013B_001,2017,"Big Stone Gap, VA Micro Area",13720,Median Household Income In The Past 12 Months (In 2023 Inflation-Adjusted Dollars (Black Or African American  ,Median household income in the past 12 months (in 2023 inflation-adjusted dollars),17404,9600,308.14258333333333,22571.9515526876
B19013B_001,2017,"Blacksburg-Christiansburg-Radford, VA Metro Area",13980,Median Household Income In The Past 12 Months (In 2023 Inflation-Adjusted Dollars (Black Or African American  ,Median household income in the past 12 months (in 2023 inflation-adjusted dollars),38545,5003,308.14258333333333,49990.56955862695
B19013B_001,2017,"Bluefield, WV-VA Micro Area",14140,Median Household Income In The Past 12 Months (In 2023 Inflation-Adjusted Dollars (Black Or African American  ,Median household income in the past 12 months (in 2023 inflation-adjusted dollars),29231,5528,308.14258333333333,37910.866228258514
B19013B_001,2017,"Charlottesville, VA Metro Area",16820,Median Household Income In The Past 12 Months (In 2023 Inflation-Adjusted Dollars (Black Or African American  ,Median household income in the past 12 months (in 2023 inflation-adjusted dollars),40422,2036,308.14258333333333,52424.926779058726
B19013B_001,2017,"Danville, VA Micro Area",19260,Median Household Income In The Past 12 Months (In 2023 Inflation-Adjusted Dollars (Black Or African American  ,Median household income in the past 12 months (in 2023 inflation-adjusted dollars),32042,1833,308.14258333333333,41556.56582689129
B19013B_001,2017,"Harrisonburg, VA Metro Area",25500,Median Household Income In The Past 12 Months (In 2023 Inflation-Adjusted Dollars (Black Or African American  ,Median household income in the past 12 months (in 2023 inflation-adjusted dollars),45054,6415,308.14258333333333,58432.35493304912
B19013B_001,2017,"Kingsport-Bristol-Bristol, TN-VA Metro Area",28700,Median Household Income In The Past 12 Months (In 2023 Inflation-Adjusted Dollars (Black Or African American  ,Median household income in the past 12 months (in 2023 inflation-adjusted dollars),28250,4196,308.14258333333333,36638.56764901314
B19013B_001,2017,"Lynchburg, VA Metro Area",31340,Median Household Income In The Past 12 Months (In 2023 Inflation-Adjusted Dollars (Black Or African American  ,Median household income in the past 12 months (in 2023 inflation-adjusted dollars),31408,1492,308.14258333333333,40734.30558301609
B19013B_001,2017,"Martinsville, VA Micro Area",32300,Median Household Income In The Past 12 Months (In 2023 Inflation-Adjusted Dollars (Black Or African American  ,Median household income in the past 12 months (in 2023 inflation-adjusted dollars),29234,3471,308.14258333333333,37914.75704960177
B19013B_001,2017,"Richmond, VA Metro Area",40060,Median Household Income In The Past 12 Months (In 2023 Inflation-Adjusted Dollars (Black Or African American  ,Median household income in the past 12 months (in 2023 inflation-adjusted dollars),43559,718,308.14258333333333,56493.42896365887
B19013B_001,2017,"Roanoke, VA Metro Area",40220,Median Household Income In The Past 12 Months (In 2023 Inflation-Adjusted Dollars (Black Or African American  ,Median household income in the past 12 months (in 2023 inflation-adjusted dollars),35397,3773,308.14258333333333,45907.80102910152
B19013B_001,2017,"Staunton-Waynesboro, VA Metro Area",44420,Median Household Income In The Past 12 Months (In 2023 Inflation-Adjusted Dollars (Black Or African American  ,Median household income in the past 12 months (in 2023 inflation-adjusted dollars),41830,8086,308.14258333333333,54251.018929494494
B19013B_001,2017,"Virginia Beach-Norfolk-Newport News, VA-NC Metro Area",47260,Median Household Income In The Past 12 Months (In 2023 Inflation-Adjusted Dollars (Black Or African American  ,Median household income in the past 12 months (in 2023 inflation-adjusted dollars),44494,970,308.14258333333333,57706.06828230763
B19013B_001,2017,"Washington-Arlington-Alexandria, DC-VA-MD-WV Metro Area",47900,Median Household Income In The Past 12 Months (In 2023 Inflation-Adjusted Dollars (Black Or African American  ,Median household income in the past 12 months (in 2023 inflation-adjusted dollars),70715,828,308.14258333333333,91713.14376283059
B19013B_001,2017,"Winchester, VA-WV Metro Area",49020,Median Household Income In The Past 12 Months (In 2023 Inflation-Adjusted Dollars (Black Or African American  ,Median household income in the past 12 months (in 2023 inflation-adjusted dollars),49418,16648,308.14258333333333,64092.20304704181
B19013B_001,2018,"Big Stone Gap, VA Micro Area",13720,Median Household Income In The Past 12 Months (In 2023 Inflation-Adjusted Dollars (Black Or African American  ,Median household income in the past 12 months (in 2023 inflation-adjusted dollars),21364,11154,319.28875,26740.572848620566
B19013B_001,2018,"Blacksburg-Christiansburg-Radford, VA Metro Area",13980,Median Household Income In The Past 12 Months (In 2023 Inflation-Adjusted Dollars (Black Or African American  ,Median household income in the past 12 months (in 2023 inflation-adjusted dollars),40844,6078,319.28875,51123.00867951032
B19013B_001,2018,"Bluefield, WV-VA Micro Area",14140,Median Household Income In The Past 12 Months (In 2023 Inflation-Adjusted Dollars (Black Or African American  ,Median household income in the past 12 months (in 2023 inflation-adjusted dollars),32500,2323,319.28875,40679.11522094029
B19013B_001,2018,"Charlottesville, VA Metro Area",16820,Median Household Income In The Past 12 Months (In 2023 Inflation-Adjusted Dollars (Black Or African American  ,Median household income in the past 12 months (in 2023 inflation-adjusted dollars),43650,1835,319.28875,54635.18090443211
B19013B_001,2018,"Danville, VA Micro Area",19260,Median Household Income In The Past 12 Months (In 2023 Inflation-Adjusted Dollars (Black Or African American  ,Median household income in the past 12 months (in 2023 inflation-adjusted dollars),33175,2247,319.28875,41523.98915245213
B19013B_001,2018,"Harrisonburg, VA Metro Area",25500,Median Household Income In The Past 12 Months (In 2023 Inflation-Adjusted Dollars (Black Or African American  ,Median household income in the past 12 months (in 2023 inflation-adjusted dollars),46091,6904,319.28875,57690.49537379566
B19013B_001,2018,"Kingsport-Bristol-Bristol, TN-VA Metro Area",28700,Median Household Income In The Past 12 Months (In 2023 Inflation-Adjusted Dollars (Black Or African American  ,Median household income in the past 12 months (in 2023 inflation-adjusted dollars),27746,4859,319.28875,34728.69941292952
B19013B_001,2018,"Lynchburg, VA Metro Area",31340,Median Household Income In The Past 12 Months (In 2023 Inflation-Adjusted Dollars (Black Or African American  ,Median household income in the past 12 months (in 2023 inflation-adjusted dollars),33496,2946,319.28875,41925.77364432665
B19013B_001,2018,"Martinsville, VA Micro Area",32300,Median Household Income In The Past 12 Months (In 2023 Inflation-Adjusted Dollars (Black Or African American  ,Median household income in the past 12 months (in 2023 inflation-adjusted dollars),29958,2820,319.28875,37497.3825781209
B19013B_001,2018,"Richmond, VA Metro Area",40060,Median Household Income In The Past 12 Months (In 2023 Inflation-Adjusted Dollars (Black Or African American  ,Median household income in the past 12 months (in 2023 inflation-adjusted dollars),46249,963,319.28875,57888.258457023614
B19013B_001,2018,"Roanoke, VA Metro Area",40220,Median Household Income In The Past 12 Months (In 2023 Inflation-Adjusted Dollars (Black Or African American  ,Median household income in the past 12 months (in 2023 inflation-adjusted dollars),33927,2632,319.28875,42465.2412954105
B19013B_001,2018,"Staunton-Waynesboro, VA Metro Area",44420,Median Household Income In The Past 12 Months (In 2023 Inflation-Adjusted Dollars (Black Or African American  ,Median household income in the past 12 months (in 2023 inflation-adjusted dollars),41263,8214,319.28875,51647.45634958951
B19013B_001,2018,"Virginia Beach-Norfolk-Newport News, VA-NC Metro Area",47260,Median Household Income In The Past 12 Months (In 2023 Inflation-Adjusted Dollars (Black Or African American  ,Median household income in the past 12 months (in 2023 inflation-adjusted dollars),46255,929,319.28875,57895.768447525945
B19013B_001,2018,"Washington-Arlington-Alexandria, DC-VA-MD-WV Metro Area",47900,Median Household Income In The Past 12 Months (In 2023 Inflation-Adjusted Dollars (Black Or African American  ,Median household income in the past 12 months (in 2023 inflation-adjusted dollars),73674,745,319.28875,92215.17337807862
B19013B_001,2018,"Winchester, VA-WV Metro Area",49020,Median Household Income In The Past 12 Months (In 2023 Inflation-Adjusted Dollars (Black Or African American  ,Median household income in the past 12 months (in 2023 inflation-adjusted dollars),58529,21752,319.28875,73258.70568512044
B19013B_001,2019,"Big Stone Gap, VA Micro Area",13720,Median Household Income In The Past 12 Months (In 2023 Inflation-Adjusted Dollars (Black Or African American  ,Median household income in the past 12 months (in 2023 inflation-adjusted dollars),NA,NA,331.12375,NA
B19013B_001,2019,"Blacksburg-Christiansburg, VA Metro Area",13980,Median Household Income In The Past 12 Months (In 2023 Inflation-Adjusted Dollars (Black Or African American  ,Median household income in the past 12 months (in 2023 inflation-adjusted dollars),41667,6946,331.12375,50289.07585414819
B19013B_001,2019,"Bluefield, WV-VA Micro Area",14140,Median Household Income In The Past 12 Months (In 2023 Inflation-Adjusted Dollars (Black Or African American  ,Median household income in the past 12 months (in 2023 inflation-adjusted dollars),34722,2579,331.12375,41906.959747707624
B19013B_001,2019,"Charlottesville, VA Metro Area",16820,Median Household Income In The Past 12 Months (In 2023 Inflation-Adjusted Dollars (Black Or African American  ,Median household income in the past 12 months (in 2023 inflation-adjusted dollars),47443,6628,331.12375,57260.292935616984
B19013B_001,2019,"Danville, VA Micro Area",19260,Median Household Income In The Past 12 Months (In 2023 Inflation-Adjusted Dollars (Black Or African American  ,Median household income in the past 12 months (in 2023 inflation-adjusted dollars),33789,2276,331.12375,40780.895769693365
B19013B_001,2019,"Harrisonburg, VA Metro Area",25500,Median Household Income In The Past 12 Months (In 2023 Inflation-Adjusted Dollars (Black Or African American  ,Median household income in the past 12 months (in 2023 inflation-adjusted dollars),48716,7113,331.12375,58796.712489756486
B19013B_001,2019,"Kingsport-Bristol, TN-VA Metro Area",28700,Median Household Income In The Past 12 Months (In 2023 Inflation-Adjusted Dollars (Black Or African American  ,Median household income in the past 12 months (in 2023 inflation-adjusted dollars),29443,6323,331.12375,35535.58596428073
B19013B_001,2019,"Lynchburg, VA Metro Area",31340,Median Household Income In The Past 12 Months (In 2023 Inflation-Adjusted Dollars (Black Or African American  ,Median household income in the past 12 months (in 2023 inflation-adjusted dollars),36208,2137,331.12375,43700.45500100794
B19013B_001,2019,"Martinsville, VA Micro Area",32300,Median Household Income In The Past 12 Months (In 2023 Inflation-Adjusted Dollars (Black Or African American  ,Median household income in the past 12 months (in 2023 inflation-adjusted dollars),32022,2943,331.12375,38648.25370200719
B19013B_001,2019,"Richmond, VA Metro Area",40060,Median Household Income In The Past 12 Months (In 2023 Inflation-Adjusted Dollars (Black Or African American  ,Median household income in the past 12 months (in 2023 inflation-adjusted dollars),47681,943,331.12375,57547.541838904646
B19013B_001,2019,"Roanoke, VA Metro Area",40220,Median Household Income In The Past 12 Months (In 2023 Inflation-Adjusted Dollars (Black Or African American  ,Median household income in the past 12 months (in 2023 inflation-adjusted dollars),34156,2936,331.12375,41223.83840627561
B19013B_001,2019,"Staunton, VA Metro Area",44420,Median Household Income In The Past 12 Months (In 2023 Inflation-Adjusted Dollars (Black Or African American  ,Median household income in the past 12 months (in 2023 inflation-adjusted dollars),41604,8247,331.12375,50213.039379748516
B19013B_001,2019,"Virginia Beach-Norfolk-Newport News, VA-NC Metro Area",47260,Median Household Income In The Past 12 Months (In 2023 Inflation-Adjusted Dollars (Black Or African American  ,Median household income in the past 12 months (in 2023 inflation-adjusted dollars),48408,845,331.12375,58424.97861491362
B19013B_001,2019,"Washington-Arlington-Alexandria, DC-VA-MD-WV Metro Area",47900,Median Household Income In The Past 12 Months (In 2023 Inflation-Adjusted Dollars (Black Or African American  ,Median household income in the past 12 months (in 2023 inflation-adjusted dollars),76357,936,331.12375,92157.41390057345
B19013B_001,2019,"Winchester, VA-WV Metro Area",49020,Median Household Income In The Past 12 Months (In 2023 Inflation-Adjusted Dollars (Black Or African American  ,Median household income in the past 12 months (in 2023 inflation-adjusted dollars),66111,12801,331.12375,79791.22792122282
B19013B_001,2020,"Big Stone Gap, VA Micro Area",13720,Median Household Income In The Past 12 Months (In 2023 Inflation-Adjusted Dollars (Black Or African American  ,Median household income in the past 12 months (in 2023 inflation-adjusted dollars),NA,NA,341.46775,NA
B19013B_001,2020,"Blacksburg-Christiansburg, VA Metro Area",13980,Median Household Income In The Past 12 Months (In 2023 Inflation-Adjusted Dollars (Black Or African American  ,Median household income in the past 12 months (in 2023 inflation-adjusted dollars),35931,5998,341.46775,42052.45602836578
B19013B_001,2020,"Bluefield, WV-VA Micro Area",14140,Median Household Income In The Past 12 Months (In 2023 Inflation-Adjusted Dollars (Black Or African American  ,Median household income in the past 12 months (in 2023 inflation-adjusted dollars),30676,8507,341.46775,35902.17753823018
B19013B_001,2020,"Charlottesville, VA Metro Area",16820,Median Household Income In The Past 12 Months (In 2023 Inflation-Adjusted Dollars (Black Or African American  ,Median household income in the past 12 months (in 2023 inflation-adjusted dollars),46233,4873,341.46775,54109.57667639184
B19013B_001,2020,"Danville, VA Micro Area",19260,Median Household Income In The Past 12 Months (In 2023 Inflation-Adjusted Dollars (Black Or African American  ,Median household income in the past 12 months (in 2023 inflation-adjusted dollars),33075,2358,341.46775,38709.887927922915
B19013B_001,2020,"Harrisonburg, VA Metro Area",25500,Median Household Income In The Past 12 Months (In 2023 Inflation-Adjusted Dollars (Black Or African American  ,Median household income in the past 12 months (in 2023 inflation-adjusted dollars),52440,14323,341.46775,61374.04453334172
B19013B_001,2020,"Kingsport-Bristol, TN-VA Metro Area",28700,Median Household Income In The Past 12 Months (In 2023 Inflation-Adjusted Dollars (Black Or African American  ,Median household income in the past 12 months (in 2023 inflation-adjusted dollars),31758,5409,341.46775,37168.51461269768
B19013B_001,2020,"Lynchburg, VA Metro Area",31340,Median Household Income In The Past 12 Months (In 2023 Inflation-Adjusted Dollars (Black Or African American  ,Median household income in the past 12 months (in 2023 inflation-adjusted dollars),37589,3029,341.46775,43992.9244844352
B19013B_001,2020,"Martinsville, VA Micro Area",32300,Median Household Income In The Past 12 Months (In 2023 Inflation-Adjusted Dollars (Black Or African American  ,Median household income in the past 12 months (in 2023 inflation-adjusted dollars),32149,3299,341.46775,37626.12810263927
B19013B_001,2020,"Richmond, VA Metro Area",40060,Median Household Income In The Past 12 Months (In 2023 Inflation-Adjusted Dollars (Black Or African American  ,Median household income in the past 12 months (in 2023 inflation-adjusted dollars),49712,1141,341.46775,58181.28340658817
B19013B_001,2020,"Roanoke, VA Metro Area",40220,Median Household Income In The Past 12 Months (In 2023 Inflation-Adjusted Dollars (Black Or African American  ,Median household income in the past 12 months (in 2023 inflation-adjusted dollars),36069,3529,341.46775,42213.96667187457
B19013B_001,2020,"Staunton, VA Metro Area",44420,Median Household Income In The Past 12 Months (In 2023 Inflation-Adjusted Dollars (Black Or African American  ,Median household income in the past 12 months (in 2023 inflation-adjusted dollars),38932,12327,341.46775,45564.72734119107
B19013B_001,2020,"Virginia Beach-Norfolk-Newport News, VA-NC Metro Area",47260,Median Household Income In The Past 12 Months (In 2023 Inflation-Adjusted Dollars (Black Or African American  ,Median household income in the past 12 months (in 2023 inflation-adjusted dollars),49399,1163,341.46775,57814.95854123851
B19013B_001,2020,"Washington-Arlington-Alexandria, DC-VA-MD-WV Metro Area",47900,Median Household Income In The Past 12 Months (In 2023 Inflation-Adjusted Dollars (Black Or African American  ,Median household income in the past 12 months (in 2023 inflation-adjusted dollars),78646,1142,341.46775,92044.68166226531
B19013B_001,2020,"Winchester, VA-WV Metro Area",49020,Median Household Income In The Past 12 Months (In 2023 Inflation-Adjusted Dollars (Black Or African American  ,Median household income in the past 12 months (in 2023 inflation-adjusted dollars),71250,16315,341.46775,83388.64746377952
B19013B_001,2021,"Big Stone Gap, VA Micro Area",13720,Median Household Income In The Past 12 Months (In 2023 Inflation-Adjusted Dollars (Black Or African American  ,Median household income in the past 12 months (in 2023 inflation-adjusted dollars),67989,20329,349.13466666666665,77824.69621546223
B19013B_001,2021,"Blacksburg-Christiansburg, VA Metro Area",13980,Median Household Income In The Past 12 Months (In 2023 Inflation-Adjusted Dollars (Black Or African American  ,Median household income in the past 12 months (in 2023 inflation-adjusted dollars),37037,4871,349.13466666666665,42394.99439221161
B19013B_001,2021,"Bluefield, WV-VA Micro Area",14140,Median Household Income In The Past 12 Months (In 2023 Inflation-Adjusted Dollars (Black Or African American  ,Median household income in the past 12 months (in 2023 inflation-adjusted dollars),31563,12480,349.13466666666665,36129.09274512987
B19013B_001,2021,"Charlottesville, VA Metro Area",16820,Median Household Income In The Past 12 Months (In 2023 Inflation-Adjusted Dollars (Black Or African American  ,Median household income in the past 12 months (in 2023 inflation-adjusted dollars),46594,3633,349.13466666666665,53334.56728975639
B19013B_001,2021,"Danville, VA Micro Area",19260,Median Household Income In The Past 12 Months (In 2023 Inflation-Adjusted Dollars (Black Or African American  ,Median household income in the past 12 months (in 2023 inflation-adjusted dollars),32462,2396,349.13466666666665,37158.14747306675
B19013B_001,2021,"Harrisonburg, VA Metro Area",25500,Median Household Income In The Past 12 Months (In 2023 Inflation-Adjusted Dollars (Black Or African American  ,Median household income in the past 12 months (in 2023 inflation-adjusted dollars),53482,16749,349.13466666666665,61219.0266513017
B19013B_001,2021,"Kingsport-Bristol, TN-VA Metro Area",28700,Median Household Income In The Past 12 Months (In 2023 Inflation-Adjusted Dollars (Black Or African American  ,Median household income in the past 12 months (in 2023 inflation-adjusted dollars),35366,2932,349.13466666666665,40482.25751748132
B19013B_001,2021,"Lynchburg, VA Metro Area",31340,Median Household Income In The Past 12 Months (In 2023 Inflation-Adjusted Dollars (Black Or African American  ,Median household income in the past 12 months (in 2023 inflation-adjusted dollars),40130,3785,349.13466666666665,45935.44630935151
B19013B_001,2021,"Martinsville, VA Micro Area",32300,Median Household Income In The Past 12 Months (In 2023 Inflation-Adjusted Dollars (Black Or African American  ,Median household income in the past 12 months (in 2023 inflation-adjusted dollars),33947,2623,349.13466666666665,38857.97647305147
B19013B_001,2021,"Richmond, VA Metro Area",40060,Median Household Income In The Past 12 Months (In 2023 Inflation-Adjusted Dollars (Black Or African American  ,Median household income in the past 12 months (in 2023 inflation-adjusted dollars),52169,1248,349.13466666666665,59716.08020215696
B19013B_001,2021,"Roanoke, VA Metro Area",40220,Median Household Income In The Past 12 Months (In 2023 Inflation-Adjusted Dollars (Black Or African American  ,Median household income in the past 12 months (in 2023 inflation-adjusted dollars),38995,3273,349.13466666666665,44636.25040700628
B19013B_001,2021,"Staunton, VA Metro Area",44420,Median Household Income In The Past 12 Months (In 2023 Inflation-Adjusted Dollars (Black Or African American  ,Median household income in the past 12 months (in 2023 inflation-adjusted dollars),38145,13468,349.13466666666665,43663.28431273893
B19013B_001,2021,"Virginia Beach-Norfolk-Newport News, VA-NC Metro Area",47260,Median Household Income In The Past 12 Months (In 2023 Inflation-Adjusted Dollars (Black Or African American  ,Median household income in the past 12 months (in 2023 inflation-adjusted dollars),51148,1072,349.13466666666665,58547.376223042884
B19013B_001,2021,"Washington-Arlington-Alexandria, DC-VA-MD-WV Metro Area",47900,Median Household Income In The Past 12 Months (In 2023 Inflation-Adjusted Dollars (Black Or African American  ,Median household income in the past 12 months (in 2023 inflation-adjusted dollars),82045,1090,349.13466666666665,93914.12141666445
B19013B_001,2021,"Winchester, VA-WV Metro Area",49020,Median Household Income In The Past 12 Months (In 2023 Inflation-Adjusted Dollars (Black Or African American  ,Median household income in the past 12 months (in 2023 inflation-adjusted dollars),60942,7534,349.13466666666665,69758.23496098927
B19013B_001,2022,"Big Stone Gap, VA Micro Area",13720,Median Household Income In The Past 12 Months (In 2023 Inflation-Adjusted Dollars (Black Or African American  ,Median household income in the past 12 months (in 2023 inflation-adjusted dollars),59554,20021,370.199,64290.59562375911
B19013B_001,2022,"Blacksburg-Christiansburg, VA Metro Area",13980,Median Household Income In The Past 12 Months (In 2023 Inflation-Adjusted Dollars (Black Or African American  ,Median household income in the past 12 months (in 2023 inflation-adjusted dollars),38429,6471,370.199,41485.43001688281
B19013B_001,2022,"Bluefield, WV-VA Micro Area",14140,Median Household Income In The Past 12 Months (In 2023 Inflation-Adjusted Dollars (Black Or African American  ,Median household income in the past 12 months (in 2023 inflation-adjusted dollars),29784,15442,370.199,32152.85455314574
B19013B_001,2022,"Charlottesville, VA Metro Area",16820,Median Household Income In The Past 12 Months (In 2023 Inflation-Adjusted Dollars (Black Or African American  ,Median household income in the past 12 months (in 2023 inflation-adjusted dollars),47490,3488,370.199,51267.09181872452
B19013B_001,2022,"Danville, VA Micro Area",19260,Median Household Income In The Past 12 Months (In 2023 Inflation-Adjusted Dollars (Black Or African American  ,Median household income in the past 12 months (in 2023 inflation-adjusted dollars),36704,3871,370.199,39623.23306200179
B19013B_001,2022,"Harrisonburg, VA Metro Area",25500,Median Household Income In The Past 12 Months (In 2023 Inflation-Adjusted Dollars (Black Or African American  ,Median household income in the past 12 months (in 2023 inflation-adjusted dollars),47363,21202,370.199,51129.99094146661
B19013B_001,2022,"Kingsport-Bristol, TN-VA Metro Area",28700,Median Household Income In The Past 12 Months (In 2023 Inflation-Adjusted Dollars (Black Or African American  ,Median household income in the past 12 months (in 2023 inflation-adjusted dollars),37741,2624,370.199,40742.7103038636
B19013B_001,2022,"Lynchburg, VA Metro Area",31340,Median Household Income In The Past 12 Months (In 2023 Inflation-Adjusted Dollars (Black Or African American  ,Median household income in the past 12 months (in 2023 inflation-adjusted dollars),43024,3765,370.199,46445.890890899216
B19013B_001,2022,"Martinsville, VA Micro Area",32300,Median Household Income In The Past 12 Months (In 2023 Inflation-Adjusted Dollars (Black Or African American  ,Median household income in the past 12 months (in 2023 inflation-adjusted dollars),35982,2772,370.199,38843.80917711825
B19013B_001,2022,"Richmond, VA Metro Area",40060,Median Household Income In The Past 12 Months (In 2023 Inflation-Adjusted Dollars (Black Or African American  ,Median household income in the past 12 months (in 2023 inflation-adjusted dollars),56497,1153,370.199,60990.458759369954
B19013B_001,2022,"Roanoke, VA Metro Area",40220,Median Household Income In The Past 12 Months (In 2023 Inflation-Adjusted Dollars (Black Or African American  ,Median household income in the past 12 months (in 2023 inflation-adjusted dollars),42360,3521,370.199,45729.08000507835
B19013B_001,2022,"Staunton, VA Metro Area",44420,Median Household Income In The Past 12 Months (In 2023 Inflation-Adjusted Dollars (Black Or African American  ,Median household income in the past 12 months (in 2023 inflation-adjusted dollars),41250,16240,370.199,44530.796747154905
B19013B_001,2022,"Virginia Beach-Norfolk-Newport News, VA-NC Metro Area",47260,Median Household Income In The Past 12 Months (In 2023 Inflation-Adjusted Dollars (Black Or African American  ,Median household income in the past 12 months (in 2023 inflation-adjusted dollars),55308,1194,370.199,59706.8922785853
B19013B_001,2022,"Washington-Arlington-Alexandria, DC-VA-MD-WV Metro Area",47900,Median Household Income In The Past 12 Months (In 2023 Inflation-Adjusted Dollars (Black Or African American  ,Median household income in the past 12 months (in 2023 inflation-adjusted dollars),89233,1216,370.199,96330.09905791208
B19013B_001,2022,"Winchester, VA-WV Metro Area",49020,Median Household Income In The Past 12 Months (In 2023 Inflation-Adjusted Dollars (Black Or African American  ,Median household income in the past 12 months (in 2023 inflation-adjusted dollars),58625,12396,370.199,63287.70810428985
B19013B_001,2023,"Blacksburg-Christiansburg-Radford, VA Metro Area",13980,Median Household Income In The Past 12 Months (In 2023 Inflation-Adjusted Dollars (Black Or African American  ,Median household income in the past 12 months (in 2023 inflation-adjusted dollars),41267,3749,399.64258333333333,41266.99965580078
B19013B_001,2023,"Bluefield, WV-VA Micro Area",14140,Median Household Income In The Past 12 Months (In 2023 Inflation-Adjusted Dollars (Black Or African American  ,Median household income in the past 12 months (in 2023 inflation-adjusted dollars),30442,6155,399.64258333333333,30441.999746089787
B19013B_001,2023,"Charlottesville, VA Metro Area",16820,Median Household Income In The Past 12 Months (In 2023 Inflation-Adjusted Dollars (Black Or African American  ,Median household income in the past 12 months (in 2023 inflation-adjusted dollars),48649,4301,399.64258333333333,48648.99959422909
B19013B_001,2023,"Danville, VA Micro Area",19260,Median Household Income In The Past 12 Months (In 2023 Inflation-Adjusted Dollars (Black Or African American  ,Median household income in the past 12 months (in 2023 inflation-adjusted dollars),37147,3935,399.64258333333333,37146.99969016482
B19013B_001,2023,"Harrisonburg, VA Metro Area",25500,Median Household Income In The Past 12 Months (In 2023 Inflation-Adjusted Dollars (Black Or African American  ,Median household income in the past 12 months (in 2023 inflation-adjusted dollars),54125,12807,399.64258333333333,54124.99954855495
B19013B_001,2023,"Kingsport-Bristol, TN-VA Metro Area",28700,Median Household Income In The Past 12 Months (In 2023 Inflation-Adjusted Dollars (Black Or African American  ,Median household income in the past 12 months (in 2023 inflation-adjusted dollars),40768,2641,399.64258333333333,40767.99965996283
B19013B_001,2023,"Lake of the Woods, VA Micro Area",29470,Median Household Income In The Past 12 Months (In 2023 Inflation-Adjusted Dollars (Black Or African American  ,Median household income in the past 12 months (in 2023 inflation-adjusted dollars),83433,24205,399.64258333333333,83432.99930410318
B19013B_001,2023,"Lynchburg, VA Metro Area",31340,Median Household Income In The Past 12 Months (In 2023 Inflation-Adjusted Dollars (Black Or African American  ,Median household income in the past 12 months (in 2023 inflation-adjusted dollars),44449,4041,399.64258333333333,44448.9996292604
B19013B_001,2023,"Martinsville, VA Micro Area",32300,Median Household Income In The Past 12 Months (In 2023 Inflation-Adjusted Dollars (Black Or African American  ,Median household income in the past 12 months (in 2023 inflation-adjusted dollars),39403,2604,399.64258333333333,39402.999671348
B19013B_001,2023,"Richmond, VA Metro Area",40060,Median Household Income In The Past 12 Months (In 2023 Inflation-Adjusted Dollars (Black Or African American  ,Median household income in the past 12 months (in 2023 inflation-adjusted dollars),59080,1526,399.64258333333333,59079.999507226355
B19013B_001,2023,"Roanoke, VA Metro Area",40220,Median Household Income In The Past 12 Months (In 2023 Inflation-Adjusted Dollars (Black Or African American  ,Median household income in the past 12 months (in 2023 inflation-adjusted dollars),45272,3422,399.64258333333333,45271.99962239593
B19013B_001,2023,"Staunton-Stuarts Draft, VA Metro Area",44420,Median Household Income In The Past 12 Months (In 2023 Inflation-Adjusted Dollars (Black Or African American  ,Median household income in the past 12 months (in 2023 inflation-adjusted dollars),53190,12520,399.64258333333333,53189.999556353585
B19013B_001,2023,"Virginia Beach-Chesapeake-Norfolk, VA-NC Metro Area",47260,Median Household Income In The Past 12 Months (In 2023 Inflation-Adjusted Dollars (Black Or African American  ,Median household income in the past 12 months (in 2023 inflation-adjusted dollars),57824,1378,399.64258333333333,57823.99951770238
B19013B_001,2023,"Washington-Arlington-Alexandria, DC-VA-MD-WV Metro Area",47900,Median Household Income In The Past 12 Months (In 2023 Inflation-Adjusted Dollars (Black Or African American  ,Median household income in the past 12 months (in 2023 inflation-adjusted dollars),92644,1072,399.64258333333333,92643.9992272762
B19013B_001,2023,"Winchester, VA-WV Metro Area",49020,Median Household Income In The Past 12 Months (In 2023 Inflation-Adjusted Dollars (Black Or African American  ,Median household income in the past 12 months (in 2023 inflation-adjusted dollars),65972,16179,399.64258333333333,65971.99944974165
B19013C_001,2010,"Blacksburg-Christiansburg-Radford, VA Metro Area",13980,Median Household Income In The Past 12 Months (In 2023 Inflation-Adjusted Dollars (American Indian And Alaska Native  ,Median household income in the past 12 months (in 2023 inflation-adjusted dollars),9868,1962,249.38541666666666,15813.566936478846
B19013C_001,2010,"Bluefield, WV-VA Micro Area",14140,Median Household Income In The Past 12 Months (In 2023 Inflation-Adjusted Dollars (American Indian And Alaska Native  ,Median household income in the past 12 months (in 2023 inflation-adjusted dollars),116786,115659,249.38541666666666,187150.71222574165
B19013C_001,2010,"Charlottesville, VA Metro Area",16820,Median Household Income In The Past 12 Months (In 2023 Inflation-Adjusted Dollars (American Indian And Alaska Native  ,Median household income in the past 12 months (in 2023 inflation-adjusted dollars),24853,78138,249.38541666666666,39827.17663886388
B19013C_001,2010,"Culpeper, VA Micro Area",19020,Median Household Income In The Past 12 Months (In 2023 Inflation-Adjusted Dollars (American Indian And Alaska Native  ,Median household income in the past 12 months (in 2023 inflation-adjusted dollars),98220,12423,249.38541666666666,157398.51484606325
B19013C_001,2010,"Danville, VA Metro Area",19260,Median Household Income In The Past 12 Months (In 2023 Inflation-Adjusted Dollars (American Indian And Alaska Native  ,Median household income in the past 12 months (in 2023 inflation-adjusted dollars),77813,145960,249.38541666666666,124696.09688166076
B19013C_001,2010,"Harrisonburg, VA Metro Area",25500,Median Household Income In The Past 12 Months (In 2023 Inflation-Adjusted Dollars (American Indian And Alaska Native  ,Median household income in the past 12 months (in 2023 inflation-adjusted dollars),39028,5676,249.38541666666666,62542.753384363234
B19013C_001,2010,"Kingsport-Bristol-Bristol, TN-VA Metro Area",28700,Median Household Income In The Past 12 Months (In 2023 Inflation-Adjusted Dollars (American Indian And Alaska Native  ,Median household income in the past 12 months (in 2023 inflation-adjusted dollars),23475,6957,249.38541666666666,37618.91810233491
B19013C_001,2010,"Lynchburg, VA Metro Area",31340,Median Household Income In The Past 12 Months (In 2023 Inflation-Adjusted Dollars (American Indian And Alaska Native  ,Median household income in the past 12 months (in 2023 inflation-adjusted dollars),31657,8654,249.38541666666666,50730.65347670357
B19013C_001,2010,"Martinsville, VA Micro Area",32300,Median Household Income In The Past 12 Months (In 2023 Inflation-Adjusted Dollars (American Indian And Alaska Native  ,Median household income in the past 12 months (in 2023 inflation-adjusted dollars),NA,NA,249.38541666666666,NA
B19013C_001,2010,"Richmond, VA Metro Area",40060,Median Household Income In The Past 12 Months (In 2023 Inflation-Adjusted Dollars (American Indian And Alaska Native  ,Median household income in the past 12 months (in 2023 inflation-adjusted dollars),39913,7533,249.38541666666666,63960.974577997586
B19013C_001,2010,"Roanoke, VA Metro Area",40220,Median Household Income In The Past 12 Months (In 2023 Inflation-Adjusted Dollars (American Indian And Alaska Native  ,Median household income in the past 12 months (in 2023 inflation-adjusted dollars),9315,14169,249.38541666666666,14927.37900418529
B19013C_001,2010,"Staunton-Waynesboro, VA Micro Area",44420,Median Household Income In The Past 12 Months (In 2023 Inflation-Adjusted Dollars (American Indian And Alaska Native  ,Median household income in the past 12 months (in 2023 inflation-adjusted dollars),30313,6511,249.38541666666666,48576.880274167335
B19013C_001,2010,"Virginia Beach-Norfolk-Newport News, VA-NC Metro Area",47260,Median Household Income In The Past 12 Months (In 2023 Inflation-Adjusted Dollars (American Indian And Alaska Native  ,Median household income in the past 12 months (in 2023 inflation-adjusted dollars),53269,8016,249.38541666666666,85364.09577820142
B19013C_001,2010,"Washington-Arlington-Alexandria, DC-VA-MD-WV Metro Area",47900,Median Household Income In The Past 12 Months (In 2023 Inflation-Adjusted Dollars (American Indian And Alaska Native  ,Median household income in the past 12 months (in 2023 inflation-adjusted dollars),65277,5647,249.38541666666666,104607.03373657576
B19013C_001,2010,"Winchester, VA-WV Metro Area",49020,Median Household Income In The Past 12 Months (In 2023 Inflation-Adjusted Dollars (American Indian And Alaska Native  ,Median household income in the past 12 months (in 2023 inflation-adjusted dollars),74300,66224,249.38541666666666,119066.47987235288
B19013C_001,2011,"Blacksburg-Christiansburg-Radford, VA Metro Area",13980,Median Household Income In The Past 12 Months (In 2023 Inflation-Adjusted Dollars (American Indian And Alaska Native  ,Median household income in the past 12 months (in 2023 inflation-adjusted dollars),47837,52705,253.63816666666668,75373.91690969221
B19013C_001,2011,"Bluefield, WV-VA Micro Area",14140,Median Household Income In The Past 12 Months (In 2023 Inflation-Adjusted Dollars (American Indian And Alaska Native  ,Median household income in the past 12 months (in 2023 inflation-adjusted dollars),48548,101154,253.63816666666668,76494.1973395434
B19013C_001,2011,"Charlottesville, VA Metro Area",16820,Median Household Income In The Past 12 Months (In 2023 Inflation-Adjusted Dollars (American Indian And Alaska Native  ,Median household income in the past 12 months (in 2023 inflation-adjusted dollars),19408,67093,253.63816666666668,30580.031761676244
B19013C_001,2011,"Culpeper, VA Micro Area",19020,Median Household Income In The Past 12 Months (In 2023 Inflation-Adjusted Dollars (American Indian And Alaska Native  ,Median household income in the past 12 months (in 2023 inflation-adjusted dollars),NA,NA,253.63816666666668,NA
B19013C_001,2011,"Danville, VA Metro Area",19260,Median Household Income In The Past 12 Months (In 2023 Inflation-Adjusted Dollars (American Indian And Alaska Native  ,Median household income in the past 12 months (in 2023 inflation-adjusted dollars),NA,NA,253.63816666666668,NA
B19013C_001,2011,"Harrisonburg, VA Metro Area",25500,Median Household Income In The Past 12 Months (In 2023 Inflation-Adjusted Dollars (American Indian And Alaska Native  ,Median household income in the past 12 months (in 2023 inflation-adjusted dollars),40919,7364,253.63816666666668,64473.635596456625
B19013C_001,2011,"Kingsport-Bristol-Bristol, TN-VA Metro Area",28700,Median Household Income In The Past 12 Months (In 2023 Inflation-Adjusted Dollars (American Indian And Alaska Native  ,Median household income in the past 12 months (in 2023 inflation-adjusted dollars),24077,12647,253.63816666666668,37936.69748175386
B19013C_001,2011,"Lynchburg, VA Metro Area",31340,Median Household Income In The Past 12 Months (In 2023 Inflation-Adjusted Dollars (American Indian And Alaska Native  ,Median household income in the past 12 months (in 2023 inflation-adjusted dollars),32383,9303,253.63816666666668,51023.967876049144
B19013C_001,2011,"Martinsville, VA Micro Area",32300,Median Household Income In The Past 12 Months (In 2023 Inflation-Adjusted Dollars (American Indian And Alaska Native  ,Median household income in the past 12 months (in 2023 inflation-adjusted dollars),9429,1907,253.63816666666668,14856.714730051799
B19013C_001,2011,"Richmond, VA Metro Area",40060,Median Household Income In The Past 12 Months (In 2023 Inflation-Adjusted Dollars (American Indian And Alaska Native  ,Median household income in the past 12 months (in 2023 inflation-adjusted dollars),42068,7861,253.63816666666668,66284.04658646931
B19013C_001,2011,"Roanoke, VA Metro Area",40220,Median Household Income In The Past 12 Months (In 2023 Inflation-Adjusted Dollars (American Indian And Alaska Native  ,Median household income in the past 12 months (in 2023 inflation-adjusted dollars),17269,18488,253.63816666666668,27209.736628832805
B19013C_001,2011,"Staunton-Waynesboro, VA Micro Area",44420,Median Household Income In The Past 12 Months (In 2023 Inflation-Adjusted Dollars (American Indian And Alaska Native  ,Median household income in the past 12 months (in 2023 inflation-adjusted dollars),25821,10409,253.63816666666668,40684.61459801331
B19013C_001,2011,"Virginia Beach-Norfolk-Newport News, VA-NC Metro Area",47260,Median Household Income In The Past 12 Months (In 2023 Inflation-Adjusted Dollars (American Indian And Alaska Native  ,Median household income in the past 12 months (in 2023 inflation-adjusted dollars),58564,5368,253.63816666666668,92275.81307145546
B19013C_001,2011,"Washington-Arlington-Alexandria, DC-VA-MD-WV Metro Area",47900,Median Household Income In The Past 12 Months (In 2023 Inflation-Adjusted Dollars (American Indian And Alaska Native  ,Median household income in the past 12 months (in 2023 inflation-adjusted dollars),63896,5348,253.63816666666668,100677.1284750652
B19013C_001,2011,"Winchester, VA-WV Metro Area",49020,Median Household Income In The Past 12 Months (In 2023 Inflation-Adjusted Dollars (American Indian And Alaska Native  ,Median household income in the past 12 months (in 2023 inflation-adjusted dollars),76667,58669,253.63816666666668,120799.63391758206
B19013C_001,2012,"Blacksburg-Christiansburg-Radford, VA Metro Area",13980,Median Household Income In The Past 12 Months (In 2023 Inflation-Adjusted Dollars (American Indian And Alaska Native  ,Median household income in the past 12 months (in 2023 inflation-adjusted dollars),47717,53323,260.3668333333333,73241.83631886038
B19013C_001,2012,"Bluefield, WV-VA Micro Area",14140,Median Household Income In The Past 12 Months (In 2023 Inflation-Adjusted Dollars (American Indian And Alaska Native  ,Median household income in the past 12 months (in 2023 inflation-adjusted dollars),48947,174585,260.3668333333333,75129.78943142401
B19013C_001,2012,"Charlottesville, VA Metro Area",16820,Median Household Income In The Past 12 Months (In 2023 Inflation-Adjusted Dollars (American Indian And Alaska Native  ,Median household income in the past 12 months (in 2023 inflation-adjusted dollars),62634,32375,260.3668333333333,96138.25630269089
B19013C_001,2012,"Culpeper, VA Micro Area",19020,Median Household Income In The Past 12 Months (In 2023 Inflation-Adjusted Dollars (American Indian And Alaska Native  ,Median household income in the past 12 months (in 2023 inflation-adjusted dollars),NA,NA,260.3668333333333,NA
B19013C_001,2012,"Danville, VA Metro Area",19260,Median Household Income In The Past 12 Months (In 2023 Inflation-Adjusted Dollars (American Indian And Alaska Native  ,Median household income in the past 12 months (in 2023 inflation-adjusted dollars),16563,26370,260.3668333333333,25422.90032796036
B19013C_001,2012,"Harrisonburg, VA Metro Area",25500,Median Household Income In The Past 12 Months (In 2023 Inflation-Adjusted Dollars (American Indian And Alaska Native  ,Median household income in the past 12 months (in 2023 inflation-adjusted dollars),42468,122439,260.3668333333333,65185.03478402588
B19013C_001,2012,"Kingsport-Bristol-Bristol, TN-VA Metro Area",28700,Median Household Income In The Past 12 Months (In 2023 Inflation-Adjusted Dollars (American Indian And Alaska Native  ,Median household income in the past 12 months (in 2023 inflation-adjusted dollars),25603,7331,260.3668333333333,39298.58824468811
B19013C_001,2012,"Lynchburg, VA Metro Area",31340,Median Household Income In The Past 12 Months (In 2023 Inflation-Adjusted Dollars (American Indian And Alaska Native  ,Median household income in the past 12 months (in 2023 inflation-adjusted dollars),32108,5100,260.3668333333333,49283.25084405913
B19013C_001,2012,"Martinsville, VA Micro Area",32300,Median Household Income In The Past 12 Months (In 2023 Inflation-Adjusted Dollars (American Indian And Alaska Native  ,Median household income in the past 12 months (in 2023 inflation-adjusted dollars),9375,1880,260.3668333333333,14389.886528686131
B19013C_001,2012,"Richmond, VA Metro Area",40060,Median Household Income In The Past 12 Months (In 2023 Inflation-Adjusted Dollars (American Indian And Alaska Native  ,Median household income in the past 12 months (in 2023 inflation-adjusted dollars),43690,8899,260.3668333333333,67060.70852675168
B19013C_001,2012,"Roanoke, VA Metro Area",40220,Median Household Income In The Past 12 Months (In 2023 Inflation-Adjusted Dollars (American Indian And Alaska Native  ,Median household income in the past 12 months (in 2023 inflation-adjusted dollars),21250,27829,260.3668333333333,32617.076131688566
B19013C_001,2012,"Staunton-Waynesboro, VA Micro Area",44420,Median Household Income In The Past 12 Months (In 2023 Inflation-Adjusted Dollars (American Indian And Alaska Native  ,Median household income in the past 12 months (in 2023 inflation-adjusted dollars),24745,2307,260.3668333333333,37981.62582958276
B19013C_001,2012,"Virginia Beach-Norfolk-Newport News, VA-NC Metro Area",47260,Median Household Income In The Past 12 Months (In 2023 Inflation-Adjusted Dollars (American Indian And Alaska Native  ,Median household income in the past 12 months (in 2023 inflation-adjusted dollars),53449,6747,260.3668333333333,82040.0048076528
B19013C_001,2012,"Washington-Arlington-Alexandria, DC-VA-MD-WV Metro Area",47900,Median Household Income In The Past 12 Months (In 2023 Inflation-Adjusted Dollars (American Indian And Alaska Native  ,Median household income in the past 12 months (in 2023 inflation-adjusted dollars),63513,3398,260.3668333333333,97487.45206362051
B19013C_001,2012,"Winchester, VA-WV Metro Area",49020,Median Household Income In The Past 12 Months (In 2023 Inflation-Adjusted Dollars (American Indian And Alaska Native  ,Median household income in the past 12 months (in 2023 inflation-adjusted dollars),30962,48636,260.3668333333333,47524.231114792536
B19013C_001,2013,"Big Stone Gap, VA Micro Area",13720,Median Household Income In The Past 12 Months (In 2023 Inflation-Adjusted Dollars (American Indian And Alaska Native  ,Median household income in the past 12 months (in 2023 inflation-adjusted dollars),NA,NA,267.7245833333333,NA
B19013C_001,2013,"Blacksburg-Christiansburg-Radford, VA Metro Area",13980,Median Household Income In The Past 12 Months (In 2023 Inflation-Adjusted Dollars (American Indian And Alaska Native  ,Median household income in the past 12 months (in 2023 inflation-adjusted dollars),47805,27417,267.7245833333333,71360.32597019014
B19013C_001,2013,"Bluefield, WV-VA Micro Area",14140,Median Household Income In The Past 12 Months (In 2023 Inflation-Adjusted Dollars (American Indian And Alaska Native  ,Median household income in the past 12 months (in 2023 inflation-adjusted dollars),24412,13992,267.7245833333333,36440.71284560782
B19013C_001,2013,"Charlottesville, VA Metro Area",16820,Median Household Income In The Past 12 Months (In 2023 Inflation-Adjusted Dollars (American Indian And Alaska Native  ,Median household income in the past 12 months (in 2023 inflation-adjusted dollars),54821,38779,267.7245833333333,81833.37370592603
B19013C_001,2013,"Danville, VA Micro Area",19260,Median Household Income In The Past 12 Months (In 2023 Inflation-Adjusted Dollars (American Indian And Alaska Native  ,Median household income in the past 12 months (in 2023 inflation-adjusted dollars),15208,22704,267.7245833333333,22701.555012125336
B19013C_001,2013,"Harrisonburg, VA Metro Area",25500,Median Household Income In The Past 12 Months (In 2023 Inflation-Adjusted Dollars (American Indian And Alaska Native  ,Median household income in the past 12 months (in 2023 inflation-adjusted dollars),104038,96358,267.7245833333333,155301.44531506416
B19013C_001,2013,"Kingsport-Bristol-Bristol, TN-VA Metro Area",28700,Median Household Income In The Past 12 Months (In 2023 Inflation-Adjusted Dollars (American Indian And Alaska Native  ,Median household income in the past 12 months (in 2023 inflation-adjusted dollars),22917,12513,267.7245833333333,34209.06997717493
B19013C_001,2013,"Lynchburg, VA Metro Area",31340,Median Household Income In The Past 12 Months (In 2023 Inflation-Adjusted Dollars (American Indian And Alaska Native  ,Median household income in the past 12 months (in 2023 inflation-adjusted dollars),32361,13407,267.7245833333333,48306.48485977038
B19013C_001,2013,"Martinsville, VA Micro Area",32300,Median Household Income In The Past 12 Months (In 2023 Inflation-Adjusted Dollars (American Indian And Alaska Native  ,Median household income in the past 12 months (in 2023 inflation-adjusted dollars),NA,NA,267.7245833333333,NA
B19013C_001,2013,"Richmond, VA Metro Area",40060,Median Household Income In The Past 12 Months (In 2023 Inflation-Adjusted Dollars (American Indian And Alaska Native  ,Median household income in the past 12 months (in 2023 inflation-adjusted dollars),48309,6711,267.7245833333333,72112.66577332739
B19013C_001,2013,"Roanoke, VA Metro Area",40220,Median Household Income In The Past 12 Months (In 2023 Inflation-Adjusted Dollars (American Indian And Alaska Native  ,Median household income in the past 12 months (in 2023 inflation-adjusted dollars),43929,21021,267.7245833333333,65574.47462701565
B19013C_001,2013,"Staunton-Waynesboro, VA Metro Area",44420,Median Household Income In The Past 12 Months (In 2023 Inflation-Adjusted Dollars (American Indian And Alaska Native  ,Median household income in the past 12 months (in 2023 inflation-adjusted dollars),23929,4719,267.7245833333333,35719.72053426796
B19013C_001,2013,"Virginia Beach-Norfolk-Newport News, VA-NC Metro Area",47260,Median Household Income In The Past 12 Months (In 2023 Inflation-Adjusted Dollars (American Indian And Alaska Native  ,Median household income in the past 12 months (in 2023 inflation-adjusted dollars),55134,5660,267.7245833333333,82300.60060747752
B19013C_001,2013,"Washington-Arlington-Alexandria, DC-VA-MD-WV Metro Area",47900,Median Household Income In The Past 12 Months (In 2023 Inflation-Adjusted Dollars (American Indian And Alaska Native  ,Median household income in the past 12 months (in 2023 inflation-adjusted dollars),64985,3425,267.7245833333333,97005.5597358604
B19013C_001,2013,"Winchester, VA-WV Metro Area",49020,Median Household Income In The Past 12 Months (In 2023 Inflation-Adjusted Dollars (American Indian And Alaska Native  ,Median household income in the past 12 months (in 2023 inflation-adjusted dollars),54318,44678,267.7245833333333,81082.52664049342
B19013C_001,2014,"Big Stone Gap, VA Micro Area",13720,Median Household Income In The Past 12 Months (In 2023 Inflation-Adjusted Dollars (American Indian And Alaska Native  ,Median household income in the past 12 months (in 2023 inflation-adjusted dollars),NA,NA,276.1619166666667,NA
B19013C_001,2014,"Blacksburg-Christiansburg-Radford, VA Metro Area",13980,Median Household Income In The Past 12 Months (In 2023 Inflation-Adjusted Dollars (American Indian And Alaska Native  ,Median household income in the past 12 months (in 2023 inflation-adjusted dollars),50898,27048,276.1619166666667,73656.0937958438
B19013C_001,2014,"Bluefield, WV-VA Micro Area",14140,Median Household Income In The Past 12 Months (In 2023 Inflation-Adjusted Dollars (American Indian And Alaska Native  ,Median household income in the past 12 months (in 2023 inflation-adjusted dollars),23935,6437,276.1619166666667,34637.089964311395
B19013C_001,2014,"Charlottesville, VA Metro Area",16820,Median Household Income In The Past 12 Months (In 2023 Inflation-Adjusted Dollars (American Indian And Alaska Native  ,Median household income in the past 12 months (in 2023 inflation-adjusted dollars),56719,25362,276.1619166666667,82079.8456522155
B19013C_001,2014,"Danville, VA Micro Area",19260,Median Household Income In The Past 12 Months (In 2023 Inflation-Adjusted Dollars (American Indian And Alaska Native  ,Median household income in the past 12 months (in 2023 inflation-adjusted dollars),15250,8296,276.1619166666667,22068.75378966989
B19013C_001,2014,"Harrisonburg, VA Metro Area",25500,Median Household Income In The Past 12 Months (In 2023 Inflation-Adjusted Dollars (American Indian And Alaska Native  ,Median household income in the past 12 months (in 2023 inflation-adjusted dollars),44810,43914,276.1619166666667,64845.957856728375
B19013C_001,2014,"Kingsport-Bristol-Bristol, TN-VA Metro Area",28700,Median Household Income In The Past 12 Months (In 2023 Inflation-Adjusted Dollars (American Indian And Alaska Native  ,Median household income in the past 12 months (in 2023 inflation-adjusted dollars),21250,13921,276.1619166666667,30751.542165933453
B19013C_001,2014,"Lynchburg, VA Metro Area",31340,Median Household Income In The Past 12 Months (In 2023 Inflation-Adjusted Dollars (American Indian And Alaska Native  ,Median household income in the past 12 months (in 2023 inflation-adjusted dollars),34758,22993,276.1619166666667,50299.39306369482
B19013C_001,2014,"Martinsville, VA Micro Area",32300,Median Household Income In The Past 12 Months (In 2023 Inflation-Adjusted Dollars (American Indian And Alaska Native  ,Median household income in the past 12 months (in 2023 inflation-adjusted dollars),NA,NA,276.1619166666667,NA
B19013C_001,2014,"Richmond, VA Metro Area",40060,Median Household Income In The Past 12 Months (In 2023 Inflation-Adjusted Dollars (American Indian And Alaska Native  ,Median household income in the past 12 months (in 2023 inflation-adjusted dollars),49444,9241,276.1619166666667,71551.96474599594
B19013C_001,2014,"Roanoke, VA Metro Area",40220,Median Household Income In The Past 12 Months (In 2023 Inflation-Adjusted Dollars (American Indian And Alaska Native  ,Median household income in the past 12 months (in 2023 inflation-adjusted dollars),46667,29065,276.1619166666667,67533.28085918195
B19013C_001,2014,"Staunton-Waynesboro, VA Metro Area",44420,Median Household Income In The Past 12 Months (In 2023 Inflation-Adjusted Dollars (American Indian And Alaska Native  ,Median household income in the past 12 months (in 2023 inflation-adjusted dollars),27143,5209,276.1619166666667,39279.48748282032
B19013C_001,2014,"Virginia Beach-Norfolk-Newport News, VA-NC Metro Area",47260,Median Household Income In The Past 12 Months (In 2023 Inflation-Adjusted Dollars (American Indian And Alaska Native  ,Median household income in the past 12 months (in 2023 inflation-adjusted dollars),51684,8414,276.1619166666667,74793.53907313434
B19013C_001,2014,"Washington-Arlington-Alexandria, DC-VA-MD-WV Metro Area",47900,Median Household Income In The Past 12 Months (In 2023 Inflation-Adjusted Dollars (American Indian And Alaska Native  ,Median household income in the past 12 months (in 2023 inflation-adjusted dollars),65613,4616,276.1619166666667,94950.6322886302
B19013C_001,2014,"Winchester, VA-WV Metro Area",49020,Median Household Income In The Past 12 Months (In 2023 Inflation-Adjusted Dollars (American Indian And Alaska Native  ,Median household income in the past 12 months (in 2023 inflation-adjusted dollars),51875,20990,276.1619166666667,75069.94116977871
B19013C_001,2015,"Big Stone Gap, VA Micro Area",13720,Median Household Income In The Past 12 Months (In 2023 Inflation-Adjusted Dollars (American Indian And Alaska Native  ,Median household income in the past 12 months (in 2023 inflation-adjusted dollars),NA,NA,286.0319166666667,NA
B19013C_001,2015,"Blacksburg-Christiansburg-Radford, VA Metro Area",13980,Median Household Income In The Past 12 Months (In 2023 Inflation-Adjusted Dollars (American Indian And Alaska Native  ,Median household income in the past 12 months (in 2023 inflation-adjusted dollars),NA,NA,286.0319166666667,NA
B19013C_001,2015,"Bluefield, WV-VA Micro Area",14140,Median Household Income In The Past 12 Months (In 2023 Inflation-Adjusted Dollars (American Indian And Alaska Native  ,Median household income in the past 12 months (in 2023 inflation-adjusted dollars),21250,8144,286.0319166666667,29690.40981149248
B19013C_001,2015,"Charlottesville, VA Metro Area",16820,Median Household Income In The Past 12 Months (In 2023 Inflation-Adjusted Dollars (American Indian And Alaska Native  ,Median household income in the past 12 months (in 2023 inflation-adjusted dollars),50625,34198,286.0319166666667,70733.03513914385
B19013C_001,2015,"Danville, VA Micro Area",19260,Median Household Income In The Past 12 Months (In 2023 Inflation-Adjusted Dollars (American Indian And Alaska Native  ,Median household income in the past 12 months (in 2023 inflation-adjusted dollars),NA,NA,286.0319166666667,NA
B19013C_001,2015,"Harrisonburg, VA Metro Area",25500,Median Household Income In The Past 12 Months (In 2023 Inflation-Adjusted Dollars (American Indian And Alaska Native  ,Median household income in the past 12 months (in 2023 inflation-adjusted dollars),105774,67566,286.0319166666667,147786.98387768495
B19013C_001,2015,"Kingsport-Bristol-Bristol, TN-VA Metro Area",28700,Median Household Income In The Past 12 Months (In 2023 Inflation-Adjusted Dollars (American Indian And Alaska Native  ,Median household income in the past 12 months (in 2023 inflation-adjusted dollars),NA,NA,286.0319166666667,NA
B19013C_001,2015,"Lynchburg, VA Metro Area",31340,Median Household Income In The Past 12 Months (In 2023 Inflation-Adjusted Dollars (American Indian And Alaska Native  ,Median household income in the past 12 months (in 2023 inflation-adjusted dollars),60526,39291,286.0319166666667,84566.67031766559
B19013C_001,2015,"Martinsville, VA Micro Area",32300,Median Household Income In The Past 12 Months (In 2023 Inflation-Adjusted Dollars (American Indian And Alaska Native  ,Median household income in the past 12 months (in 2023 inflation-adjusted dollars),NA,NA,286.0319166666667,NA
B19013C_001,2015,"Richmond, VA Metro Area",40060,Median Household Income In The Past 12 Months (In 2023 Inflation-Adjusted Dollars (American Indian And Alaska Native  ,Median household income in the past 12 months (in 2023 inflation-adjusted dollars),49107,7722,286.0319166666667,68612.0919817864
B19013C_001,2015,"Roanoke, VA Metro Area",40220,Median Household Income In The Past 12 Months (In 2023 Inflation-Adjusted Dollars (American Indian And Alaska Native  ,Median household income in the past 12 months (in 2023 inflation-adjusted dollars),NA,NA,286.0319166666667,NA
B19013C_001,2015,"Staunton-Waynesboro, VA Metro Area",44420,Median Household Income In The Past 12 Months (In 2023 Inflation-Adjusted Dollars (American Indian And Alaska Native  ,Median household income in the past 12 months (in 2023 inflation-adjusted dollars),24676,13401,286.0319166666667,34477.202470982986
B19013C_001,2015,"Virginia Beach-Norfolk-Newport News, VA-NC Metro Area",47260,Median Household Income In The Past 12 Months (In 2023 Inflation-Adjusted Dollars (American Indian And Alaska Native  ,Median household income in the past 12 months (in 2023 inflation-adjusted dollars),55282,8709,286.0319166666667,77239.77577406717
B19013C_001,2015,"Washington-Arlington-Alexandria, DC-VA-MD-WV Metro Area",47900,Median Household Income In The Past 12 Months (In 2023 Inflation-Adjusted Dollars (American Indian And Alaska Native  ,Median household income in the past 12 months (in 2023 inflation-adjusted dollars),63207,3024,286.0319166666667,88312.55213905906
B19013C_001,2015,"Winchester, VA-WV Metro Area",49020,Median Household Income In The Past 12 Months (In 2023 Inflation-Adjusted Dollars (American Indian And Alaska Native  ,Median household income in the past 12 months (in 2023 inflation-adjusted dollars),57361,41381,286.0319166666667,80144.545750448
B19013C_001,2016,"Big Stone Gap, VA Micro Area",13720,Median Household Income In The Past 12 Months (In 2023 Inflation-Adjusted Dollars (American Indian And Alaska Native  ,Median household income in the past 12 months (in 2023 inflation-adjusted dollars),NA,NA,296.8204166666667,NA
B19013C_001,2016,"Blacksburg-Christiansburg-Radford, VA Metro Area",13980,Median Household Income In The Past 12 Months (In 2023 Inflation-Adjusted Dollars (American Indian And Alaska Native  ,Median household income in the past 12 months (in 2023 inflation-adjusted dollars),NA,NA,296.8204166666667,NA
B19013C_001,2016,"Bluefield, WV-VA Micro Area",14140,Median Household Income In The Past 12 Months (In 2023 Inflation-Adjusted Dollars (American Indian And Alaska Native  ,Median household income in the past 12 months (in 2023 inflation-adjusted dollars),NA,NA,296.8204166666667,NA
B19013C_001,2016,"Charlottesville, VA Metro Area",16820,Median Household Income In The Past 12 Months (In 2023 Inflation-Adjusted Dollars (American Indian And Alaska Native  ,Median household income in the past 12 months (in 2023 inflation-adjusted dollars),54000,27719,296.8204166666667,72706.24966555255
B19013C_001,2016,"Danville, VA Micro Area",19260,Median Household Income In The Past 12 Months (In 2023 Inflation-Adjusted Dollars (American Indian And Alaska Native  ,Median household income in the past 12 months (in 2023 inflation-adjusted dollars),NA,NA,296.8204166666667,NA
B19013C_001,2016,"Harrisonburg, VA Metro Area",25500,Median Household Income In The Past 12 Months (In 2023 Inflation-Adjusted Dollars (American Indian And Alaska Native  ,Median household income in the past 12 months (in 2023 inflation-adjusted dollars),108269,88929,296.8204166666667,145774.684167402
B19013C_001,2016,"Kingsport-Bristol-Bristol, TN-VA Metro Area",28700,Median Household Income In The Past 12 Months (In 2023 Inflation-Adjusted Dollars (American Indian And Alaska Native  ,Median household income in the past 12 months (in 2023 inflation-adjusted dollars),35313,24140,296.8204166666667,47545.848045178835
B19013C_001,2016,"Lynchburg, VA Metro Area",31340,Median Household Income In The Past 12 Months (In 2023 Inflation-Adjusted Dollars (American Indian And Alaska Native  ,Median household income in the past 12 months (in 2023 inflation-adjusted dollars),61083,37935,296.8204166666667,82242.88608001752
B19013C_001,2016,"Martinsville, VA Micro Area",32300,Median Household Income In The Past 12 Months (In 2023 Inflation-Adjusted Dollars (American Indian And Alaska Native  ,Median household income in the past 12 months (in 2023 inflation-adjusted dollars),NA,NA,296.8204166666667,NA
B19013C_001,2016,"Richmond, VA Metro Area",40060,Median Household Income In The Past 12 Months (In 2023 Inflation-Adjusted Dollars (American Indian And Alaska Native  ,Median household income in the past 12 months (in 2023 inflation-adjusted dollars),50438,9571,296.8204166666667,67910.33001168777
B19013C_001,2016,"Roanoke, VA Metro Area",40220,Median Household Income In The Past 12 Months (In 2023 Inflation-Adjusted Dollars (American Indian And Alaska Native  ,Median household income in the past 12 months (in 2023 inflation-adjusted dollars),56622,14682,296.8204166666667,76236.54201042437
B19013C_001,2016,"Staunton-Waynesboro, VA Metro Area",44420,Median Household Income In The Past 12 Months (In 2023 Inflation-Adjusted Dollars (American Indian And Alaska Native  ,Median household income in the past 12 months (in 2023 inflation-adjusted dollars),32875,6579,296.8204166666667,44263.29551398222
B19013C_001,2016,"Virginia Beach-Norfolk-Newport News, VA-NC Metro Area",47260,Median Household Income In The Past 12 Months (In 2023 Inflation-Adjusted Dollars (American Indian And Alaska Native  ,Median household income in the past 12 months (in 2023 inflation-adjusted dollars),49729,5791,296.8204166666667,66955.72388181968
B19013C_001,2016,"Washington-Arlington-Alexandria, DC-VA-MD-WV Metro Area",47900,Median Household Income In The Past 12 Months (In 2023 Inflation-Adjusted Dollars (American Indian And Alaska Native  ,Median household income in the past 12 months (in 2023 inflation-adjusted dollars),66522,3394,296.8204166666667,89566.02111577567
B19013C_001,2016,"Winchester, VA-WV Metro Area",49020,Median Household Income In The Past 12 Months (In 2023 Inflation-Adjusted Dollars (American Indian And Alaska Native  ,Median household income in the past 12 months (in 2023 inflation-adjusted dollars),58393,31252,296.8204166666667,78621.03771704833
B19013C_001,2017,"Big Stone Gap, VA Micro Area",13720,Median Household Income In The Past 12 Months (In 2023 Inflation-Adjusted Dollars (American Indian And Alaska Native  ,Median household income in the past 12 months (in 2023 inflation-adjusted dollars),NA,NA,308.14258333333333,NA
B19013C_001,2017,"Blacksburg-Christiansburg-Radford, VA Metro Area",13980,Median Household Income In The Past 12 Months (In 2023 Inflation-Adjusted Dollars (American Indian And Alaska Native  ,Median household income in the past 12 months (in 2023 inflation-adjusted dollars),27000,11598,308.14258333333333,35017.39208932229
B19013C_001,2017,"Bluefield, WV-VA Micro Area",14140,Median Household Income In The Past 12 Months (In 2023 Inflation-Adjusted Dollars (American Indian And Alaska Native  ,Median household income in the past 12 months (in 2023 inflation-adjusted dollars),53500,50481,308.14258333333333,69386.31395476824
B19013C_001,2017,"Charlottesville, VA Metro Area",16820,Median Household Income In The Past 12 Months (In 2023 Inflation-Adjusted Dollars (American Indian And Alaska Native  ,Median household income in the past 12 months (in 2023 inflation-adjusted dollars),32072,31401,308.14258333333333,41595.47404032387
B19013C_001,2017,"Danville, VA Micro Area",19260,Median Household Income In The Past 12 Months (In 2023 Inflation-Adjusted Dollars (American Indian And Alaska Native  ,Median household income in the past 12 months (in 2023 inflation-adjusted dollars),NA,NA,308.14258333333333,NA
B19013C_001,2017,"Harrisonburg, VA Metro Area",25500,Median Household Income In The Past 12 Months (In 2023 Inflation-Adjusted Dollars (American Indian And Alaska Native  ,Median household income in the past 12 months (in 2023 inflation-adjusted dollars),NA,NA,308.14258333333333,NA
B19013C_001,2017,"Kingsport-Bristol-Bristol, TN-VA Metro Area",28700,Median Household Income In The Past 12 Months (In 2023 Inflation-Adjusted Dollars (American Indian And Alaska Native  ,Median household income in the past 12 months (in 2023 inflation-adjusted dollars),44635,32559,308.14258333333333,57888.93688544075
B19013C_001,2017,"Lynchburg, VA Metro Area",31340,Median Household Income In The Past 12 Months (In 2023 Inflation-Adjusted Dollars (American Indian And Alaska Native  ,Median household income in the past 12 months (in 2023 inflation-adjusted dollars),62167,41602,308.14258333333333,80626.89681544069
B19013C_001,2017,"Martinsville, VA Micro Area",32300,Median Household Income In The Past 12 Months (In 2023 Inflation-Adjusted Dollars (American Indian And Alaska Native  ,Median household income in the past 12 months (in 2023 inflation-adjusted dollars),NA,NA,308.14258333333333,NA
B19013C_001,2017,"Richmond, VA Metro Area",40060,Median Household Income In The Past 12 Months (In 2023 Inflation-Adjusted Dollars (American Indian And Alaska Native  ,Median household income in the past 12 months (in 2023 inflation-adjusted dollars),48864,10156,308.14258333333333,63373.698038986826
B19013C_001,2017,"Roanoke, VA Metro Area",40220,Median Household Income In The Past 12 Months (In 2023 Inflation-Adjusted Dollars (American Indian And Alaska Native  ,Median household income in the past 12 months (in 2023 inflation-adjusted dollars),NA,NA,308.14258333333333,NA
B19013C_001,2017,"Staunton-Waynesboro, VA Metro Area",44420,Median Household Income In The Past 12 Months (In 2023 Inflation-Adjusted Dollars (American Indian And Alaska Native  ,Median household income in the past 12 months (in 2023 inflation-adjusted dollars),36335,1377,308.14258333333333,47124.33116909353
B19013C_001,2017,"Virginia Beach-Norfolk-Newport News, VA-NC Metro Area",47260,Median Household Income In The Past 12 Months (In 2023 Inflation-Adjusted Dollars (American Indian And Alaska Native  ,Median household income in the past 12 months (in 2023 inflation-adjusted dollars),53241,8723,308.14258333333333,69050.4063788003
B19013C_001,2017,"Washington-Arlington-Alexandria, DC-VA-MD-WV Metro Area",47900,Median Household Income In The Past 12 Months (In 2023 Inflation-Adjusted Dollars (American Indian And Alaska Native  ,Median household income in the past 12 months (in 2023 inflation-adjusted dollars),68540,3832,308.14258333333333,88892.29828896851
B19013C_001,2017,"Winchester, VA-WV Metro Area",49020,Median Household Income In The Past 12 Months (In 2023 Inflation-Adjusted Dollars (American Indian And Alaska Native  ,Median household income in the past 12 months (in 2023 inflation-adjusted dollars),59732,26507,308.14258333333333,77468.84682516292
B19013C_001,2018,"Big Stone Gap, VA Micro Area",13720,Median Household Income In The Past 12 Months (In 2023 Inflation-Adjusted Dollars (American Indian And Alaska Native  ,Median household income in the past 12 months (in 2023 inflation-adjusted dollars),NA,NA,319.28875,NA
B19013C_001,2018,"Blacksburg-Christiansburg-Radford, VA Metro Area",13980,Median Household Income In The Past 12 Months (In 2023 Inflation-Adjusted Dollars (American Indian And Alaska Native  ,Median household income in the past 12 months (in 2023 inflation-adjusted dollars),33951,29580,319.28875,42495.28125741981
B19013C_001,2018,"Bluefield, WV-VA Micro Area",14140,Median Household Income In The Past 12 Months (In 2023 Inflation-Adjusted Dollars (American Indian And Alaska Native  ,Median household income in the past 12 months (in 2023 inflation-adjusted dollars),NA,NA,319.28875,NA
B19013C_001,2018,"Charlottesville, VA Metro Area",16820,Median Household Income In The Past 12 Months (In 2023 Inflation-Adjusted Dollars (American Indian And Alaska Native  ,Median household income in the past 12 months (in 2023 inflation-adjusted dollars),45313,28427,319.28875,56716.69993866054
B19013C_001,2018,"Danville, VA Micro Area",19260,Median Household Income In The Past 12 Months (In 2023 Inflation-Adjusted Dollars (American Indian And Alaska Native  ,Median household income in the past 12 months (in 2023 inflation-adjusted dollars),NA,NA,319.28875,NA
B19013C_001,2018,"Harrisonburg, VA Metro Area",25500,Median Household Income In The Past 12 Months (In 2023 Inflation-Adjusted Dollars (American Indian And Alaska Native  ,Median household income in the past 12 months (in 2023 inflation-adjusted dollars),59038,42371,319.28875,73895.80321273455
B19013C_001,2018,"Kingsport-Bristol-Bristol, TN-VA Metro Area",28700,Median Household Income In The Past 12 Months (In 2023 Inflation-Adjusted Dollars (American Indian And Alaska Native  ,Median household income in the past 12 months (in 2023 inflation-adjusted dollars),43750,32547,319.28875,54760.347412804236
B19013C_001,2018,"Lynchburg, VA Metro Area",31340,Median Household Income In The Past 12 Months (In 2023 Inflation-Adjusted Dollars (American Indian And Alaska Native  ,Median household income in the past 12 months (in 2023 inflation-adjusted dollars),55357,30189,319.28875,69288.42403955667
B19013C_001,2018,"Martinsville, VA Micro Area",32300,Median Household Income In The Past 12 Months (In 2023 Inflation-Adjusted Dollars (American Indian And Alaska Native  ,Median household income in the past 12 months (in 2023 inflation-adjusted dollars),NA,NA,319.28875,NA
B19013C_001,2018,"Richmond, VA Metro Area",40060,Median Household Income In The Past 12 Months (In 2023 Inflation-Adjusted Dollars (American Indian And Alaska Native  ,Median household income in the past 12 months (in 2023 inflation-adjusted dollars),52942,5153,319.28875,66265.65286236987
B19013C_001,2018,"Roanoke, VA Metro Area",40220,Median Household Income In The Past 12 Months (In 2023 Inflation-Adjusted Dollars (American Indian And Alaska Native  ,Median household income in the past 12 months (in 2023 inflation-adjusted dollars),73500,56976,319.28875,91997.38365351112
B19013C_001,2018,"Staunton-Waynesboro, VA Metro Area",44420,Median Household Income In The Past 12 Months (In 2023 Inflation-Adjusted Dollars (American Indian And Alaska Native  ,Median household income in the past 12 months (in 2023 inflation-adjusted dollars),34741,3208,319.28875,43484.09667355959
B19013C_001,2018,"Virginia Beach-Norfolk-Newport News, VA-NC Metro Area",47260,Median Household Income In The Past 12 Months (In 2023 Inflation-Adjusted Dollars (American Indian And Alaska Native  ,Median household income in the past 12 months (in 2023 inflation-adjusted dollars),51593,9564,319.28875,64577.156664429924
B19013C_001,2018,"Washington-Arlington-Alexandria, DC-VA-MD-WV Metro Area",47900,Median Household Income In The Past 12 Months (In 2023 Inflation-Adjusted Dollars (American Indian And Alaska Native  ,Median household income in the past 12 months (in 2023 inflation-adjusted dollars),71032,3735,319.28875,88908.27422688711
B19013C_001,2018,"Winchester, VA-WV Metro Area",49020,Median Household Income In The Past 12 Months (In 2023 Inflation-Adjusted Dollars (American Indian And Alaska Native  ,Median household income in the past 12 months (in 2023 inflation-adjusted dollars),38967,8731,319.28875,48773.63331736555
B19013C_001,2019,"Big Stone Gap, VA Micro Area",13720,Median Household Income In The Past 12 Months (In 2023 Inflation-Adjusted Dollars (American Indian And Alaska Native  ,Median household income in the past 12 months (in 2023 inflation-adjusted dollars),NA,NA,331.12375,NA
B19013C_001,2019,"Blacksburg-Christiansburg, VA Metro Area",13980,Median Household Income In The Past 12 Months (In 2023 Inflation-Adjusted Dollars (American Indian And Alaska Native  ,Median household income in the past 12 months (in 2023 inflation-adjusted dollars),25878,17037,331.12375,31232.88705579108
B19013C_001,2019,"Bluefield, WV-VA Micro Area",14140,Median Household Income In The Past 12 Months (In 2023 Inflation-Adjusted Dollars (American Indian And Alaska Native  ,Median household income in the past 12 months (in 2023 inflation-adjusted dollars),NA,NA,331.12375,NA
B19013C_001,2019,"Charlottesville, VA Metro Area",16820,Median Household Income In The Past 12 Months (In 2023 Inflation-Adjusted Dollars (American Indian And Alaska Native  ,Median household income in the past 12 months (in 2023 inflation-adjusted dollars),31417,19768,331.12375,37918.06216213728
B19013C_001,2019,"Danville, VA Micro Area",19260,Median Household Income In The Past 12 Months (In 2023 Inflation-Adjusted Dollars (American Indian And Alaska Native  ,Median household income in the past 12 months (in 2023 inflation-adjusted dollars),NA,NA,331.12375,NA
B19013C_001,2019,"Harrisonburg, VA Metro Area",25500,Median Household Income In The Past 12 Months (In 2023 Inflation-Adjusted Dollars (American Indian And Alaska Native  ,Median household income in the past 12 months (in 2023 inflation-adjusted dollars),61786,24234,331.12375,74571.26360727675
B19013C_001,2019,"Kingsport-Bristol, TN-VA Metro Area",28700,Median Household Income In The Past 12 Months (In 2023 Inflation-Adjusted Dollars (American Indian And Alaska Native  ,Median household income in the past 12 months (in 2023 inflation-adjusted dollars),25761,17244,331.12375,31091.676460477396
B19013C_001,2019,"Lynchburg, VA Metro Area",31340,Median Household Income In The Past 12 Months (In 2023 Inflation-Adjusted Dollars (American Indian And Alaska Native  ,Median household income in the past 12 months (in 2023 inflation-adjusted dollars),58125,24596,331.12375,70152.69959493997
B19013C_001,2019,"Martinsville, VA Micro Area",32300,Median Household Income In The Past 12 Months (In 2023 Inflation-Adjusted Dollars (American Indian And Alaska Native  ,Median household income in the past 12 months (in 2023 inflation-adjusted dollars),NA,NA,331.12375,NA
B19013C_001,2019,"Richmond, VA Metro Area",40060,Median Household Income In The Past 12 Months (In 2023 Inflation-Adjusted Dollars (American Indian And Alaska Native  ,Median household income in the past 12 months (in 2023 inflation-adjusted dollars),54138,6172,331.12375,65340.67700078899
B19013C_001,2019,"Roanoke, VA Metro Area",40220,Median Household Income In The Past 12 Months (In 2023 Inflation-Adjusted Dollars (American Indian And Alaska Native  ,Median household income in the past 12 months (in 2023 inflation-adjusted dollars),74125,44443,331.12375,89463.55023612775
B19013C_001,2019,"Staunton, VA Metro Area",44420,Median Household Income In The Past 12 Months (In 2023 Inflation-Adjusted Dollars (American Indian And Alaska Native  ,Median household income in the past 12 months (in 2023 inflation-adjusted dollars),34394,2700,331.12375,41511.08730956328
B19013C_001,2019,"Virginia Beach-Norfolk-Newport News, VA-NC Metro Area",47260,Median Household Income In The Past 12 Months (In 2023 Inflation-Adjusted Dollars (American Indian And Alaska Native  ,Median household income in the past 12 months (in 2023 inflation-adjusted dollars),60945,12619,331.12375,73556.23702044932
B19013C_001,2019,"Washington-Arlington-Alexandria, DC-VA-MD-WV Metro Area",47900,Median Household Income In The Past 12 Months (In 2023 Inflation-Adjusted Dollars (American Indian And Alaska Native  ,Median household income in the past 12 months (in 2023 inflation-adjusted dollars),72450,5577,331.12375,87441.94555962841
B19013C_001,2019,"Winchester, VA-WV Metro Area",49020,Median Household Income In The Past 12 Months (In 2023 Inflation-Adjusted Dollars (American Indian And Alaska Native  ,Median household income in the past 12 months (in 2023 inflation-adjusted dollars),38839,10649,331.12375,46875.88300331825
B19013C_001,2020,"Big Stone Gap, VA Micro Area",13720,Median Household Income In The Past 12 Months (In 2023 Inflation-Adjusted Dollars (American Indian And Alaska Native  ,Median household income in the past 12 months (in 2023 inflation-adjusted dollars),NA,NA,341.46775,NA
B19013C_001,2020,"Blacksburg-Christiansburg, VA Metro Area",13980,Median Household Income In The Past 12 Months (In 2023 Inflation-Adjusted Dollars (American Indian And Alaska Native  ,Median household income in the past 12 months (in 2023 inflation-adjusted dollars),26172,13131,341.46775,30630.84465153737
B19013C_001,2020,"Bluefield, WV-VA Micro Area",14140,Median Household Income In The Past 12 Months (In 2023 Inflation-Adjusted Dollars (American Indian And Alaska Native  ,Median household income in the past 12 months (in 2023 inflation-adjusted dollars),NA,NA,341.46775,NA
B19013C_001,2020,"Charlottesville, VA Metro Area",16820,Median Household Income In The Past 12 Months (In 2023 Inflation-Adjusted Dollars (American Indian And Alaska Native  ,Median household income in the past 12 months (in 2023 inflation-adjusted dollars),NA,NA,341.46775,NA
B19013C_001,2020,"Danville, VA Micro Area",19260,Median Household Income In The Past 12 Months (In 2023 Inflation-Adjusted Dollars (American Indian And Alaska Native  ,Median household income in the past 12 months (in 2023 inflation-adjusted dollars),NA,NA,341.46775,NA
B19013C_001,2020,"Harrisonburg, VA Metro Area",25500,Median Household Income In The Past 12 Months (In 2023 Inflation-Adjusted Dollars (American Indian And Alaska Native  ,Median household income in the past 12 months (in 2023 inflation-adjusted dollars),NA,NA,341.46775,NA
B19013C_001,2020,"Kingsport-Bristol, TN-VA Metro Area",28700,Median Household Income In The Past 12 Months (In 2023 Inflation-Adjusted Dollars (American Indian And Alaska Native  ,Median household income in the past 12 months (in 2023 inflation-adjusted dollars),NA,NA,341.46775,NA
B19013C_001,2020,"Lynchburg, VA Metro Area",31340,Median Household Income In The Past 12 Months (In 2023 Inflation-Adjusted Dollars (American Indian And Alaska Native  ,Median household income in the past 12 months (in 2023 inflation-adjusted dollars),NA,NA,341.46775,NA
B19013C_001,2020,"Martinsville, VA Micro Area",32300,Median Household Income In The Past 12 Months (In 2023 Inflation-Adjusted Dollars (American Indian And Alaska Native  ,Median household income in the past 12 months (in 2023 inflation-adjusted dollars),NA,NA,341.46775,NA
B19013C_001,2020,"Richmond, VA Metro Area",40060,Median Household Income In The Past 12 Months (In 2023 Inflation-Adjusted Dollars (American Indian And Alaska Native  ,Median household income in the past 12 months (in 2023 inflation-adjusted dollars),63403,3901,341.46775,74204.77775643526
B19013C_001,2020,"Roanoke, VA Metro Area",40220,Median Household Income In The Past 12 Months (In 2023 Inflation-Adjusted Dollars (American Indian And Alaska Native  ,Median household income in the past 12 months (in 2023 inflation-adjusted dollars),80391,30011,341.46775,94086.9720457642
B19013C_001,2020,"Staunton, VA Metro Area",44420,Median Household Income In The Past 12 Months (In 2023 Inflation-Adjusted Dollars (American Indian And Alaska Native  ,Median household income in the past 12 months (in 2023 inflation-adjusted dollars),32500,30059,341.46775,38036.92691330294
B19013C_001,2020,"Virginia Beach-Norfolk-Newport News, VA-NC Metro Area",47260,Median Household Income In The Past 12 Months (In 2023 Inflation-Adjusted Dollars (American Indian And Alaska Native  ,Median household income in the past 12 months (in 2023 inflation-adjusted dollars),60000,10863,341.46775,70222.01891686696
B19013C_001,2020,"Washington-Arlington-Alexandria, DC-VA-MD-WV Metro Area",47900,Median Household Income In The Past 12 Months (In 2023 Inflation-Adjusted Dollars (American Indian And Alaska Native  ,Median household income in the past 12 months (in 2023 inflation-adjusted dollars),71384,7668,341.46775,83545.47663936052
B19013C_001,2020,"Winchester, VA-WV Metro Area",49020,Median Household Income In The Past 12 Months (In 2023 Inflation-Adjusted Dollars (American Indian And Alaska Native  ,Median household income in the past 12 months (in 2023 inflation-adjusted dollars),38476,18905,341.46775,45031.039997422886
B19013C_001,2021,"Big Stone Gap, VA Micro Area",13720,Median Household Income In The Past 12 Months (In 2023 Inflation-Adjusted Dollars (American Indian And Alaska Native  ,Median household income in the past 12 months (in 2023 inflation-adjusted dollars),NA,NA,349.13466666666665,NA
B19013C_001,2021,"Blacksburg-Christiansburg, VA Metro Area",13980,Median Household Income In The Past 12 Months (In 2023 Inflation-Adjusted Dollars (American Indian And Alaska Native  ,Median household income in the past 12 months (in 2023 inflation-adjusted dollars),NA,NA,349.13466666666665,NA
B19013C_001,2021,"Bluefield, WV-VA Micro Area",14140,Median Household Income In The Past 12 Months (In 2023 Inflation-Adjusted Dollars (American Indian And Alaska Native  ,Median household income in the past 12 months (in 2023 inflation-adjusted dollars),NA,NA,349.13466666666665,NA
B19013C_001,2021,"Charlottesville, VA Metro Area",16820,Median Household Income In The Past 12 Months (In 2023 Inflation-Adjusted Dollars (American Indian And Alaska Native  ,Median household income in the past 12 months (in 2023 inflation-adjusted dollars),33074,13460,349.13466666666665,37858.68306093924
B19013C_001,2021,"Danville, VA Micro Area",19260,Median Household Income In The Past 12 Months (In 2023 Inflation-Adjusted Dollars (American Indian And Alaska Native  ,Median household income in the past 12 months (in 2023 inflation-adjusted dollars),80441,67565,349.13466666666665,92078.07716348229
B19013C_001,2021,"Harrisonburg, VA Metro Area",25500,Median Household Income In The Past 12 Months (In 2023 Inflation-Adjusted Dollars (American Indian And Alaska Native  ,Median household income in the past 12 months (in 2023 inflation-adjusted dollars),28266,24913,349.13466666666665,32355.128965365802
B19013C_001,2021,"Kingsport-Bristol, TN-VA Metro Area",28700,Median Household Income In The Past 12 Months (In 2023 Inflation-Adjusted Dollars (American Indian And Alaska Native  ,Median household income in the past 12 months (in 2023 inflation-adjusted dollars),55809,49474,349.13466666666665,63882.66441760773
B19013C_001,2021,"Lynchburg, VA Metro Area",31340,Median Household Income In The Past 12 Months (In 2023 Inflation-Adjusted Dollars (American Indian And Alaska Native  ,Median household income in the past 12 months (in 2023 inflation-adjusted dollars),NA,NA,349.13466666666665,NA
B19013C_001,2021,"Martinsville, VA Micro Area",32300,Median Household Income In The Past 12 Months (In 2023 Inflation-Adjusted Dollars (American Indian And Alaska Native  ,Median household income in the past 12 months (in 2023 inflation-adjusted dollars),NA,NA,349.13466666666665,NA
B19013C_001,2021,"Richmond, VA Metro Area",40060,Median Household Income In The Past 12 Months (In 2023 Inflation-Adjusted Dollars (American Indian And Alaska Native  ,Median household income in the past 12 months (in 2023 inflation-adjusted dollars),73286,17987,349.13466666666665,83887.99198173771
B19013C_001,2021,"Roanoke, VA Metro Area",40220,Median Household Income In The Past 12 Months (In 2023 Inflation-Adjusted Dollars (American Indian And Alaska Native  ,Median household income in the past 12 months (in 2023 inflation-adjusted dollars),41548,18388,349.13466666666665,47558.5826877881
B19013C_001,2021,"Staunton, VA Metro Area",44420,Median Household Income In The Past 12 Months (In 2023 Inflation-Adjusted Dollars (American Indian And Alaska Native  ,Median household income in the past 12 months (in 2023 inflation-adjusted dollars),NA,NA,349.13466666666665,NA
B19013C_001,2021,"Virginia Beach-Norfolk-Newport News, VA-NC Metro Area",47260,Median Household Income In The Past 12 Months (In 2023 Inflation-Adjusted Dollars (American Indian And Alaska Native  ,Median household income in the past 12 months (in 2023 inflation-adjusted dollars),64656,14823,349.13466666666665,74009.52445994096
B19013C_001,2021,"Washington-Arlington-Alexandria, DC-VA-MD-WV Metro Area",47900,Median Household Income In The Past 12 Months (In 2023 Inflation-Adjusted Dollars (American Indian And Alaska Native  ,Median household income in the past 12 months (in 2023 inflation-adjusted dollars),84097,12231,349.13466666666665,96262.97603482516
B19013C_001,2021,"Winchester, VA-WV Metro Area",49020,Median Household Income In The Past 12 Months (In 2023 Inflation-Adjusted Dollars (American Indian And Alaska Native  ,Median household income in the past 12 months (in 2023 inflation-adjusted dollars),NA,NA,349.13466666666665,NA
B19013C_001,2022,"Big Stone Gap, VA Micro Area",13720,Median Household Income In The Past 12 Months (In 2023 Inflation-Adjusted Dollars (American Indian And Alaska Native  ,Median household income in the past 12 months (in 2023 inflation-adjusted dollars),NA,NA,370.199,NA
B19013C_001,2022,"Blacksburg-Christiansburg, VA Metro Area",13980,Median Household Income In The Past 12 Months (In 2023 Inflation-Adjusted Dollars (American Indian And Alaska Native  ,Median household income in the past 12 months (in 2023 inflation-adjusted dollars),18043,13522,370.199,19478.040380822207
B19013C_001,2022,"Bluefield, WV-VA Micro Area",14140,Median Household Income In The Past 12 Months (In 2023 Inflation-Adjusted Dollars (American Indian And Alaska Native  ,Median household income in the past 12 months (in 2023 inflation-adjusted dollars),NA,NA,370.199,NA
B19013C_001,2022,"Charlottesville, VA Metro Area",16820,Median Household Income In The Past 12 Months (In 2023 Inflation-Adjusted Dollars (American Indian And Alaska Native  ,Median household income in the past 12 months (in 2023 inflation-adjusted dollars),35074,13555,370.199,37863.591881447544
B19013C_001,2022,"Danville, VA Micro Area",19260,Median Household Income In The Past 12 Months (In 2023 Inflation-Adjusted Dollars (American Indian And Alaska Native  ,Median household income in the past 12 months (in 2023 inflation-adjusted dollars),NA,NA,370.199,NA
B19013C_001,2022,"Harrisonburg, VA Metro Area",25500,Median Household Income In The Past 12 Months (In 2023 Inflation-Adjusted Dollars (American Indian And Alaska Native  ,Median household income in the past 12 months (in 2023 inflation-adjusted dollars),NA,NA,370.199,NA
B19013C_001,2022,"Kingsport-Bristol, TN-VA Metro Area",28700,Median Household Income In The Past 12 Months (In 2023 Inflation-Adjusted Dollars (American Indian And Alaska Native  ,Median household income in the past 12 months (in 2023 inflation-adjusted dollars),61985,48919,370.199,66914.94391205811
B19013C_001,2022,"Lynchburg, VA Metro Area",31340,Median Household Income In The Past 12 Months (In 2023 Inflation-Adjusted Dollars (American Indian And Alaska Native  ,Median household income in the past 12 months (in 2023 inflation-adjusted dollars),NA,NA,370.199,NA
B19013C_001,2022,"Martinsville, VA Micro Area",32300,Median Household Income In The Past 12 Months (In 2023 Inflation-Adjusted Dollars (American Indian And Alaska Native  ,Median household income in the past 12 months (in 2023 inflation-adjusted dollars),NA,NA,370.199,NA
B19013C_001,2022,"Richmond, VA Metro Area",40060,Median Household Income In The Past 12 Months (In 2023 Inflation-Adjusted Dollars (American Indian And Alaska Native  ,Median household income in the past 12 months (in 2023 inflation-adjusted dollars),80375,16636,370.199,86767.5827527897
B19013C_001,2022,"Roanoke, VA Metro Area",40220,Median Household Income In The Past 12 Months (In 2023 Inflation-Adjusted Dollars (American Indian And Alaska Native  ,Median household income in the past 12 months (in 2023 inflation-adjusted dollars),70217,43823,370.199,75801.67164109033
B19013C_001,2022,"Staunton, VA Metro Area",44420,Median Household Income In The Past 12 Months (In 2023 Inflation-Adjusted Dollars (American Indian And Alaska Native  ,Median household income in the past 12 months (in 2023 inflation-adjusted dollars),NA,NA,370.199,NA
B19013C_001,2022,"Virginia Beach-Norfolk-Newport News, VA-NC Metro Area",47260,Median Household Income In The Past 12 Months (In 2023 Inflation-Adjusted Dollars (American Indian And Alaska Native  ,Median household income in the past 12 months (in 2023 inflation-adjusted dollars),73622,5649,370.199,79477.48649985548
B19013C_001,2022,"Washington-Arlington-Alexandria, DC-VA-MD-WV Metro Area",47900,Median Household Income In The Past 12 Months (In 2023 Inflation-Adjusted Dollars (American Indian And Alaska Native  ,Median household income in the past 12 months (in 2023 inflation-adjusted dollars),90574,12186,370.199,97777.7547776196
B19013C_001,2022,"Winchester, VA-WV Metro Area",49020,Median Household Income In The Past 12 Months (In 2023 Inflation-Adjusted Dollars (American Indian And Alaska Native  ,Median household income in the past 12 months (in 2023 inflation-adjusted dollars),NA,NA,370.199,NA
B19013C_001,2023,"Blacksburg-Christiansburg-Radford, VA Metro Area",13980,Median Household Income In The Past 12 Months (In 2023 Inflation-Adjusted Dollars (American Indian And Alaska Native  ,Median household income in the past 12 months (in 2023 inflation-adjusted dollars),NA,NA,399.64258333333333,NA
B19013C_001,2023,"Bluefield, WV-VA Micro Area",14140,Median Household Income In The Past 12 Months (In 2023 Inflation-Adjusted Dollars (American Indian And Alaska Native  ,Median household income in the past 12 months (in 2023 inflation-adjusted dollars),NA,NA,399.64258333333333,NA
B19013C_001,2023,"Charlottesville, VA Metro Area",16820,Median Household Income In The Past 12 Months (In 2023 Inflation-Adjusted Dollars (American Indian And Alaska Native  ,Median household income in the past 12 months (in 2023 inflation-adjusted dollars),NA,NA,399.64258333333333,NA
B19013C_001,2023,"Danville, VA Micro Area",19260,Median Household Income In The Past 12 Months (In 2023 Inflation-Adjusted Dollars (American Indian And Alaska Native  ,Median household income in the past 12 months (in 2023 inflation-adjusted dollars),NA,NA,399.64258333333333,NA
B19013C_001,2023,"Harrisonburg, VA Metro Area",25500,Median Household Income In The Past 12 Months (In 2023 Inflation-Adjusted Dollars (American Indian And Alaska Native  ,Median household income in the past 12 months (in 2023 inflation-adjusted dollars),34178,31856,399.64258333333333,34177.999714928614
B19013C_001,2023,"Kingsport-Bristol, TN-VA Metro Area",28700,Median Household Income In The Past 12 Months (In 2023 Inflation-Adjusted Dollars (American Indian And Alaska Native  ,Median household income in the past 12 months (in 2023 inflation-adjusted dollars),70833,49077,399.64258333333333,70832.99940919709
B19013C_001,2023,"Lake of the Woods, VA Micro Area",29470,Median Household Income In The Past 12 Months (In 2023 Inflation-Adjusted Dollars (American Indian And Alaska Native  ,Median household income in the past 12 months (in 2023 inflation-adjusted dollars),NA,NA,399.64258333333333,NA
B19013C_001,2023,"Lynchburg, VA Metro Area",31340,Median Household Income In The Past 12 Months (In 2023 Inflation-Adjusted Dollars (American Indian And Alaska Native  ,Median household income in the past 12 months (in 2023 inflation-adjusted dollars),NA,NA,399.64258333333333,NA
B19013C_001,2023,"Martinsville, VA Micro Area",32300,Median Household Income In The Past 12 Months (In 2023 Inflation-Adjusted Dollars (American Indian And Alaska Native  ,Median household income in the past 12 months (in 2023 inflation-adjusted dollars),NA,NA,399.64258333333333,NA
B19013C_001,2023,"Richmond, VA Metro Area",40060,Median Household Income In The Past 12 Months (In 2023 Inflation-Adjusted Dollars (American Indian And Alaska Native  ,Median household income in the past 12 months (in 2023 inflation-adjusted dollars),77054,14097,399.64258333333333,77053.99935730906
B19013C_001,2023,"Roanoke, VA Metro Area",40220,Median Household Income In The Past 12 Months (In 2023 Inflation-Adjusted Dollars (American Indian And Alaska Native  ,Median household income in the past 12 months (in 2023 inflation-adjusted dollars),42453,17987,399.64258333333333,42452.9996459086
B19013C_001,2023,"Staunton-Stuarts Draft, VA Metro Area",44420,Median Household Income In The Past 12 Months (In 2023 Inflation-Adjusted Dollars (American Indian And Alaska Native  ,Median household income in the past 12 months (in 2023 inflation-adjusted dollars),NA,NA,399.64258333333333,NA
B19013C_001,2023,"Virginia Beach-Chesapeake-Norfolk, VA-NC Metro Area",47260,Median Household Income In The Past 12 Months (In 2023 Inflation-Adjusted Dollars (American Indian And Alaska Native  ,Median household income in the past 12 months (in 2023 inflation-adjusted dollars),71530,15623,399.64258333333333,71529.99940338357
B19013C_001,2023,"Washington-Arlington-Alexandria, DC-VA-MD-WV Metro Area",47900,Median Household Income In The Past 12 Months (In 2023 Inflation-Adjusted Dollars (American Indian And Alaska Native  ,Median household income in the past 12 months (in 2023 inflation-adjusted dollars),90206,13756,399.64258333333333,90205.99924761105
B19013C_001,2023,"Winchester, VA-WV Metro Area",49020,Median Household Income In The Past 12 Months (In 2023 Inflation-Adjusted Dollars (American Indian And Alaska Native  ,Median household income in the past 12 months (in 2023 inflation-adjusted dollars),NA,NA,399.64258333333333,NA
B19013D_001,2010,"Blacksburg-Christiansburg-Radford, VA Metro Area",13980,Median Household Income In The Past 12 Months (In 2023 Inflation-Adjusted Dollars (Asian  ,Median household income in the past 12 months (in 2023 inflation-adjusted dollars),35048,18236,249.38541666666666,56164.76428756694
B19013D_001,2010,"Bluefield, WV-VA Micro Area",14140,Median Household Income In The Past 12 Months (In 2023 Inflation-Adjusted Dollars (Asian  ,Median household income in the past 12 months (in 2023 inflation-adjusted dollars),68636,65501,249.38541666666666,109989.86423309303
B19013D_001,2010,"Charlottesville, VA Metro Area",16820,Median Household Income In The Past 12 Months (In 2023 Inflation-Adjusted Dollars (Asian  ,Median household income in the past 12 months (in 2023 inflation-adjusted dollars),46113,5822,249.38541666666666,73896.53548255462
B19013D_001,2010,"Culpeper, VA Micro Area",19020,Median Household Income In The Past 12 Months (In 2023 Inflation-Adjusted Dollars (Asian  ,Median household income in the past 12 months (in 2023 inflation-adjusted dollars),131190,11896,249.38541666666666,210233.2637207803
B19013D_001,2010,"Danville, VA Metro Area",19260,Median Household Income In The Past 12 Months (In 2023 Inflation-Adjusted Dollars (Asian  ,Median household income in the past 12 months (in 2023 inflation-adjusted dollars),42917,43428,249.38541666666666,68774.9140872378
B19013D_001,2010,"Harrisonburg, VA Metro Area",25500,Median Household Income In The Past 12 Months (In 2023 Inflation-Adjusted Dollars (Asian  ,Median household income in the past 12 months (in 2023 inflation-adjusted dollars),30849,16057,249.38541666666666,49435.825539464524
B19013D_001,2010,"Kingsport-Bristol-Bristol, TN-VA Metro Area",28700,Median Household Income In The Past 12 Months (In 2023 Inflation-Adjusted Dollars (Asian  ,Median household income in the past 12 months (in 2023 inflation-adjusted dollars),52688,34454,249.38541666666666,84433.03757085503
B19013D_001,2010,"Lynchburg, VA Metro Area",31340,Median Household Income In The Past 12 Months (In 2023 Inflation-Adjusted Dollars (Asian  ,Median household income in the past 12 months (in 2023 inflation-adjusted dollars),48398,23492,249.38541666666666,77558.27042883089
B19013D_001,2010,"Martinsville, VA Micro Area",32300,Median Household Income In The Past 12 Months (In 2023 Inflation-Adjusted Dollars (Asian  ,Median household income in the past 12 months (in 2023 inflation-adjusted dollars),19875,41163,249.38541666666666,31849.882738398566
B19013D_001,2010,"Richmond, VA Metro Area",40060,Median Household Income In The Past 12 Months (In 2023 Inflation-Adjusted Dollars (Asian  ,Median household income in the past 12 months (in 2023 inflation-adjusted dollars),67328,3877,249.38541666666666,107893.78138419616
B19013D_001,2010,"Roanoke, VA Metro Area",40220,Median Household Income In The Past 12 Months (In 2023 Inflation-Adjusted Dollars (Asian  ,Median household income in the past 12 months (in 2023 inflation-adjusted dollars),56568,9718,249.38541666666666,90650.77568531975
B19013D_001,2010,"Staunton-Waynesboro, VA Micro Area",44420,Median Household Income In The Past 12 Months (In 2023 Inflation-Adjusted Dollars (Asian  ,Median household income in the past 12 months (in 2023 inflation-adjusted dollars),35677,4062,249.38541666666666,57172.74296643249
B19013D_001,2010,"Virginia Beach-Norfolk-Newport News, VA-NC Metro Area",47260,Median Household Income In The Past 12 Months (In 2023 Inflation-Adjusted Dollars (Asian  ,Median household income in the past 12 months (in 2023 inflation-adjusted dollars),64709,3535,249.38541666666666,103696.80815693247
B19013D_001,2010,"Washington-Arlington-Alexandria, DC-VA-MD-WV Metro Area",47900,Median Household Income In The Past 12 Months (In 2023 Inflation-Adjusted Dollars (Asian  ,Median household income in the past 12 months (in 2023 inflation-adjusted dollars),93725,1781,249.38541666666666,150195.2331902594
B19013D_001,2010,"Winchester, VA-WV Metro Area",49020,Median Household Income In The Past 12 Months (In 2023 Inflation-Adjusted Dollars (Asian  ,Median household income in the past 12 months (in 2023 inflation-adjusted dollars),37857,31092,249.38541666666666,60666.21438126061
B19013D_001,2011,"Blacksburg-Christiansburg-Radford, VA Metro Area",13980,Median Household Income In The Past 12 Months (In 2023 Inflation-Adjusted Dollars (Asian  ,Median household income in the past 12 months (in 2023 inflation-adjusted dollars),39417,14554,253.63816666666668,62107.023492889144
B19013D_001,2011,"Bluefield, WV-VA Micro Area",14140,Median Household Income In The Past 12 Months (In 2023 Inflation-Adjusted Dollars (Asian  ,Median household income in the past 12 months (in 2023 inflation-adjusted dollars),107000,134701,253.63816666666668,168593.5386695877
B19013D_001,2011,"Charlottesville, VA Metro Area",16820,Median Household Income In The Past 12 Months (In 2023 Inflation-Adjusted Dollars (Asian  ,Median household income in the past 12 months (in 2023 inflation-adjusted dollars),49342,9670,253.63816666666668,77745.25593490464
B19013D_001,2011,"Culpeper, VA Micro Area",19020,Median Household Income In The Past 12 Months (In 2023 Inflation-Adjusted Dollars (Asian  ,Median household income in the past 12 months (in 2023 inflation-adjusted dollars),133333,51626,253.63816666666668,210084.88122833773
B19013D_001,2011,"Danville, VA Metro Area",19260,Median Household Income In The Past 12 Months (In 2023 Inflation-Adjusted Dollars (Asian  ,Median household income in the past 12 months (in 2023 inflation-adjusted dollars),39671,22170,253.63816666666668,62507.236192160875
B19013D_001,2011,"Harrisonburg, VA Metro Area",25500,Median Household Income In The Past 12 Months (In 2023 Inflation-Adjusted Dollars (Asian  ,Median household income in the past 12 months (in 2023 inflation-adjusted dollars),30720,15830,253.63816666666668,48403.677644203126
B19013D_001,2011,"Kingsport-Bristol-Bristol, TN-VA Metro Area",28700,Median Household Income In The Past 12 Months (In 2023 Inflation-Adjusted Dollars (Asian  ,Median household income in the past 12 months (in 2023 inflation-adjusted dollars),51719,15532,253.63816666666668,81490.55351824679
B19013D_001,2011,"Lynchburg, VA Metro Area",31340,Median Household Income In The Past 12 Months (In 2023 Inflation-Adjusted Dollars (Asian  ,Median household income in the past 12 months (in 2023 inflation-adjusted dollars),56059,13664,253.63816666666668,88328.83349792912
B19013D_001,2011,"Martinsville, VA Micro Area",32300,Median Household Income In The Past 12 Months (In 2023 Inflation-Adjusted Dollars (Asian  ,Median household income in the past 12 months (in 2023 inflation-adjusted dollars),35781,27986,253.63816666666668,56377.99445921979
B19013D_001,2011,"Richmond, VA Metro Area",40060,Median Household Income In The Past 12 Months (In 2023 Inflation-Adjusted Dollars (Asian  ,Median household income in the past 12 months (in 2023 inflation-adjusted dollars),71201,3719,253.63816666666668,112187.18268049826
B19013D_001,2011,"Roanoke, VA Metro Area",40220,Median Household Income In The Past 12 Months (In 2023 Inflation-Adjusted Dollars (Asian  ,Median household income in the past 12 months (in 2023 inflation-adjusted dollars),64125,12593,253.63816666666668,101037.95016062907
B19013D_001,2011,"Staunton-Waynesboro, VA Micro Area",44420,Median Household Income In The Past 12 Months (In 2023 Inflation-Adjusted Dollars (Asian  ,Median household income in the past 12 months (in 2023 inflation-adjusted dollars),11667,39283,253.63816666666668,18382.998277178314
B19013D_001,2011,"Virginia Beach-Norfolk-Newport News, VA-NC Metro Area",47260,Median Household Income In The Past 12 Months (In 2023 Inflation-Adjusted Dollars (Asian  ,Median household income in the past 12 months (in 2023 inflation-adjusted dollars),67200,2612,253.63816666666668,105883.04484669433
B19013D_001,2011,"Washington-Arlington-Alexandria, DC-VA-MD-WV Metro Area",47900,Median Household Income In The Past 12 Months (In 2023 Inflation-Adjusted Dollars (Asian  ,Median household income in the past 12 months (in 2023 inflation-adjusted dollars),96953,1547,253.63816666666668,152763.07808067792
B19013D_001,2011,"Winchester, VA-WV Metro Area",49020,Median Household Income In The Past 12 Months (In 2023 Inflation-Adjusted Dollars (Asian  ,Median household income in the past 12 months (in 2023 inflation-adjusted dollars),39181,41156,253.63816666666668,61735.172323487066
B19013D_001,2012,"Blacksburg-Christiansburg-Radford, VA Metro Area",13980,Median Household Income In The Past 12 Months (In 2023 Inflation-Adjusted Dollars (Asian  ,Median household income in the past 12 months (in 2023 inflation-adjusted dollars),31540,9113,260.3668333333333,48411.41558557446
B19013D_001,2012,"Bluefield, WV-VA Micro Area",14140,Median Household Income In The Past 12 Months (In 2023 Inflation-Adjusted Dollars (Asian  ,Median household income in the past 12 months (in 2023 inflation-adjusted dollars),40208,98980,260.3668333333333,61716.11280484394
B19013D_001,2012,"Charlottesville, VA Metro Area",16820,Median Household Income In The Past 12 Months (In 2023 Inflation-Adjusted Dollars (Asian  ,Median household income in the past 12 months (in 2023 inflation-adjusted dollars),54232,9932,260.3668333333333,83241.84813052867
B19013D_001,2012,"Culpeper, VA Micro Area",19020,Median Household Income In The Past 12 Months (In 2023 Inflation-Adjusted Dollars (Asian  ,Median household income in the past 12 months (in 2023 inflation-adjusted dollars),88889,77690,260.3668333333333,136437.6131891607
B19013D_001,2012,"Danville, VA Metro Area",19260,Median Household Income In The Past 12 Months (In 2023 Inflation-Adjusted Dollars (Asian  ,Median household income in the past 12 months (in 2023 inflation-adjusted dollars),37813,20315,260.3668333333333,58039.976459648926
B19013D_001,2012,"Harrisonburg, VA Metro Area",25500,Median Household Income In The Past 12 Months (In 2023 Inflation-Adjusted Dollars (Asian  ,Median household income in the past 12 months (in 2023 inflation-adjusted dollars),22188,19101,260.3668333333333,34056.83224517204
B19013D_001,2012,"Kingsport-Bristol-Bristol, TN-VA Metro Area",28700,Median Household Income In The Past 12 Months (In 2023 Inflation-Adjusted Dollars (Asian  ,Median household income in the past 12 months (in 2023 inflation-adjusted dollars),53611,59762,260.3668333333333,82288.6620468685
B19013D_001,2012,"Lynchburg, VA Metro Area",31340,Median Household Income In The Past 12 Months (In 2023 Inflation-Adjusted Dollars (Asian  ,Median household income in the past 12 months (in 2023 inflation-adjusted dollars),51172,18718,260.3668333333333,78544.98916756551
B19013D_001,2012,"Martinsville, VA Micro Area",32300,Median Household Income In The Past 12 Months (In 2023 Inflation-Adjusted Dollars (Asian  ,Median household income in the past 12 months (in 2023 inflation-adjusted dollars),38171,18697,260.3668333333333,58589.478259891024
B19013D_001,2012,"Richmond, VA Metro Area",40060,Median Household Income In The Past 12 Months (In 2023 Inflation-Adjusted Dollars (Asian  ,Median household income in the past 12 months (in 2023 inflation-adjusted dollars),74384,5041,260.3668333333333,114173.58075197751
B19013D_001,2012,"Roanoke, VA Metro Area",40220,Median Household Income In The Past 12 Months (In 2023 Inflation-Adjusted Dollars (Asian  ,Median household income in the past 12 months (in 2023 inflation-adjusted dollars),57965,12569,260.3668333333333,88971.70908109777
B19013D_001,2012,"Staunton-Waynesboro, VA Micro Area",44420,Median Household Income In The Past 12 Months (In 2023 Inflation-Adjusted Dollars (Asian  ,Median household income in the past 12 months (in 2023 inflation-adjusted dollars),37763,12692,260.3668333333333,57963.2303981626
B19013D_001,2012,"Virginia Beach-Norfolk-Newport News, VA-NC Metro Area",47260,Median Household Income In The Past 12 Months (In 2023 Inflation-Adjusted Dollars (Asian  ,Median household income in the past 12 months (in 2023 inflation-adjusted dollars),68711,3642,260.3668333333333,105465.97261573897
B19013D_001,2012,"Washington-Arlington-Alexandria, DC-VA-MD-WV Metro Area",47900,Median Household Income In The Past 12 Months (In 2023 Inflation-Adjusted Dollars (Asian  ,Median household income in the past 12 months (in 2023 inflation-adjusted dollars),99474,1640,260.3668333333333,152684.7544058159
B19013D_001,2012,"Winchester, VA-WV Metro Area",49020,Median Household Income In The Past 12 Months (In 2023 Inflation-Adjusted Dollars (Asian  ,Median household income in the past 12 months (in 2023 inflation-adjusted dollars),40199,13015,260.3668333333333,61702.298513776404
B19013D_001,2013,"Big Stone Gap, VA Micro Area",13720,Median Household Income In The Past 12 Months (In 2023 Inflation-Adjusted Dollars (Asian  ,Median household income in the past 12 months (in 2023 inflation-adjusted dollars),59750,29000,267.7245833333333,89191.07785208369
B19013D_001,2013,"Blacksburg-Christiansburg-Radford, VA Metro Area",13980,Median Household Income In The Past 12 Months (In 2023 Inflation-Adjusted Dollars (Asian  ,Median household income in the past 12 months (in 2023 inflation-adjusted dollars),33913,11851,267.7245833333333,50623.2137773676
B19013D_001,2013,"Bluefield, WV-VA Micro Area",14140,Median Household Income In The Past 12 Months (In 2023 Inflation-Adjusted Dollars (Asian  ,Median household income in the past 12 months (in 2023 inflation-adjusted dollars),75833,111719,267.7245833333333,113198.77835576674
B19013D_001,2013,"Charlottesville, VA Metro Area",16820,Median Household Income In The Past 12 Months (In 2023 Inflation-Adjusted Dollars (Asian  ,Median household income in the past 12 months (in 2023 inflation-adjusted dollars),54931,8505,267.7245833333333,81997.57485343613
B19013D_001,2013,"Danville, VA Micro Area",19260,Median Household Income In The Past 12 Months (In 2023 Inflation-Adjusted Dollars (Asian  ,Median household income in the past 12 months (in 2023 inflation-adjusted dollars),36607,29862,267.7245833333333,54644.649153660714
B19013D_001,2013,"Harrisonburg, VA Metro Area",25500,Median Household Income In The Past 12 Months (In 2023 Inflation-Adjusted Dollars (Asian  ,Median household income in the past 12 months (in 2023 inflation-adjusted dollars),41875,30013,267.7245833333333,62508.39138169045
B19013D_001,2013,"Kingsport-Bristol-Bristol, TN-VA Metro Area",28700,Median Household Income In The Past 12 Months (In 2023 Inflation-Adjusted Dollars (Asian  ,Median household income in the past 12 months (in 2023 inflation-adjusted dollars),59792,74233,267.7245833333333,89253.77283567846
B19013D_001,2013,"Lynchburg, VA Metro Area",31340,Median Household Income In The Past 12 Months (In 2023 Inflation-Adjusted Dollars (Asian  ,Median household income in the past 12 months (in 2023 inflation-adjusted dollars),43432,18424,267.7245833333333,64832.58398781086
B19013D_001,2013,"Martinsville, VA Micro Area",32300,Median Household Income In The Past 12 Months (In 2023 Inflation-Adjusted Dollars (Asian  ,Median household income in the past 12 months (in 2023 inflation-adjusted dollars),32407,64162,267.7245833333333,48375.150794183704
B19013D_001,2013,"Richmond, VA Metro Area",40060,Median Household Income In The Past 12 Months (In 2023 Inflation-Adjusted Dollars (Asian  ,Median household income in the past 12 months (in 2023 inflation-adjusted dollars),76822,3522,267.7245833333333,114675.09594565311
B19013D_001,2013,"Roanoke, VA Metro Area",40220,Median Household Income In The Past 12 Months (In 2023 Inflation-Adjusted Dollars (Asian  ,Median household income in the past 12 months (in 2023 inflation-adjusted dollars),49962,9879,267.7245833333333,74580.16119909298
B19013D_001,2013,"Staunton-Waynesboro, VA Metro Area",44420,Median Household Income In The Past 12 Months (In 2023 Inflation-Adjusted Dollars (Asian  ,Median household income in the past 12 months (in 2023 inflation-adjusted dollars),37813,16801,267.7245833333333,56444.8908254534
B19013D_001,2013,"Virginia Beach-Norfolk-Newport News, VA-NC Metro Area",47260,Median Household Income In The Past 12 Months (In 2023 Inflation-Adjusted Dollars (Asian  ,Median household income in the past 12 months (in 2023 inflation-adjusted dollars),67837,3981,267.7245833333333,101262.84766948622
B19013D_001,2013,"Washington-Arlington-Alexandria, DC-VA-MD-WV Metro Area",47900,Median Household Income In The Past 12 Months (In 2023 Inflation-Adjusted Dollars (Asian  ,Median household income in the past 12 months (in 2023 inflation-adjusted dollars),101844,1200,267.7245833333333,152026.37879108972
B19013D_001,2013,"Winchester, VA-WV Metro Area",49020,Median Household Income In The Past 12 Months (In 2023 Inflation-Adjusted Dollars (Asian  ,Median household income in the past 12 months (in 2023 inflation-adjusted dollars),43843,19539,267.7245833333333,65446.099184416824
B19013D_001,2014,"Big Stone Gap, VA Micro Area",13720,Median Household Income In The Past 12 Months (In 2023 Inflation-Adjusted Dollars (Asian  ,Median household income in the past 12 months (in 2023 inflation-adjusted dollars),62083,38676,276.1619166666667,89842.25846059513
B19013D_001,2014,"Blacksburg-Christiansburg-Radford, VA Metro Area",13980,Median Household Income In The Past 12 Months (In 2023 Inflation-Adjusted Dollars (Asian  ,Median household income in the past 12 months (in 2023 inflation-adjusted dollars),30985,10821,276.1619166666667,44839.366306421085
B19013D_001,2014,"Bluefield, WV-VA Micro Area",14140,Median Household Income In The Past 12 Months (In 2023 Inflation-Adjusted Dollars (Asian  ,Median household income in the past 12 months (in 2023 inflation-adjusted dollars),41250,33772,276.1619166666667,59694.170086811995
B19013D_001,2014,"Charlottesville, VA Metro Area",16820,Median Household Income In The Past 12 Months (In 2023 Inflation-Adjusted Dollars (Asian  ,Median household income in the past 12 months (in 2023 inflation-adjusted dollars),62821,8266,276.1619166666667,90910.24143087555
B19013D_001,2014,"Danville, VA Micro Area",19260,Median Household Income In The Past 12 Months (In 2023 Inflation-Adjusted Dollars (Asian  ,Median household income in the past 12 months (in 2023 inflation-adjusted dollars),55833,13848,276.1619166666667,80797.68723532058
B19013D_001,2014,"Harrisonburg, VA Metro Area",25500,Median Household Income In The Past 12 Months (In 2023 Inflation-Adjusted Dollars (Asian  ,Median household income in the past 12 months (in 2023 inflation-adjusted dollars),36466,22402,276.1619166666667,52771.09348813785
B19013D_001,2014,"Kingsport-Bristol-Bristol, TN-VA Metro Area",28700,Median Household Income In The Past 12 Months (In 2023 Inflation-Adjusted Dollars (Asian  ,Median household income in the past 12 months (in 2023 inflation-adjusted dollars),54647,56276,276.1619166666667,79081.38939961248
B19013D_001,2014,"Lynchburg, VA Metro Area",31340,Median Household Income In The Past 12 Months (In 2023 Inflation-Adjusted Dollars (Asian  ,Median household income in the past 12 months (in 2023 inflation-adjusted dollars),54519,16536,276.1619166666667,78896.15658091886
B19013D_001,2014,"Martinsville, VA Micro Area",32300,Median Household Income In The Past 12 Months (In 2023 Inflation-Adjusted Dollars (Asian  ,Median household income in the past 12 months (in 2023 inflation-adjusted dollars),77813,83661,276.1619166666667,112605.6353203661
B19013D_001,2014,"Richmond, VA Metro Area",40060,Median Household Income In The Past 12 Months (In 2023 Inflation-Adjusted Dollars (Asian  ,Median household income in the past 12 months (in 2023 inflation-adjusted dollars),79533,4143,276.1619166666667,115094.70132156166
B19013D_001,2014,"Roanoke, VA Metro Area",40220,Median Household Income In The Past 12 Months (In 2023 Inflation-Adjusted Dollars (Asian  ,Median household income in the past 12 months (in 2023 inflation-adjusted dollars),55000,10916,276.1619166666667,79592.226782416
B19013D_001,2014,"Staunton-Waynesboro, VA Metro Area",44420,Median Household Income In The Past 12 Months (In 2023 Inflation-Adjusted Dollars (Asian  ,Median household income in the past 12 months (in 2023 inflation-adjusted dollars),38776,8710,276.1619166666667,56113.96701299932
B19013D_001,2014,"Virginia Beach-Norfolk-Newport News, VA-NC Metro Area",47260,Median Household Income In The Past 12 Months (In 2023 Inflation-Adjusted Dollars (Asian  ,Median household income in the past 12 months (in 2023 inflation-adjusted dollars),69411,4120,276.1619166666667,100446.83733080502
B19013D_001,2014,"Washington-Arlington-Alexandria, DC-VA-MD-WV Metro Area",47900,Median Household Income In The Past 12 Months (In 2023 Inflation-Adjusted Dollars (Asian  ,Median household income in the past 12 months (in 2023 inflation-adjusted dollars),102416,1301,276.1619166666667,148209.40905723485
B19013D_001,2014,"Winchester, VA-WV Metro Area",49020,Median Household Income In The Past 12 Months (In 2023 Inflation-Adjusted Dollars (Asian  ,Median household income in the past 12 months (in 2023 inflation-adjusted dollars),49817,28094,276.1619166666667,72091.74475672032
B19013D_001,2015,"Big Stone Gap, VA Micro Area",13720,Median Household Income In The Past 12 Months (In 2023 Inflation-Adjusted Dollars (Asian  ,Median household income in the past 12 months (in 2023 inflation-adjusted dollars),NA,NA,286.0319166666667,NA
B19013D_001,2015,"Blacksburg-Christiansburg-Radford, VA Metro Area",13980,Median Household Income In The Past 12 Months (In 2023 Inflation-Adjusted Dollars (Asian  ,Median household income in the past 12 months (in 2023 inflation-adjusted dollars),33854,11592,286.0319166666667,47300.665118036064
B19013D_001,2015,"Bluefield, WV-VA Micro Area",14140,Median Household Income In The Past 12 Months (In 2023 Inflation-Adjusted Dollars (Asian  ,Median household income in the past 12 months (in 2023 inflation-adjusted dollars),71106,67334,286.0319166666667,99349.00141439926
B19013D_001,2015,"Charlottesville, VA Metro Area",16820,Median Household Income In The Past 12 Months (In 2023 Inflation-Adjusted Dollars (Asian  ,Median household income in the past 12 months (in 2023 inflation-adjusted dollars),63306,10737,286.0319166666667,88450.87451888672
B19013D_001,2015,"Danville, VA Micro Area",19260,Median Household Income In The Past 12 Months (In 2023 Inflation-Adjusted Dollars (Asian  ,Median household income in the past 12 months (in 2023 inflation-adjusted dollars),50000,8129,286.0319166666667,69859.787791747
B19013D_001,2015,"Harrisonburg, VA Metro Area",25500,Median Household Income In The Past 12 Months (In 2023 Inflation-Adjusted Dollars (Asian  ,Median household income in the past 12 months (in 2023 inflation-adjusted dollars),43810,17833,286.0319166666667,61211.14606312873
B19013D_001,2015,"Kingsport-Bristol-Bristol, TN-VA Metro Area",28700,Median Household Income In The Past 12 Months (In 2023 Inflation-Adjusted Dollars (Asian  ,Median household income in the past 12 months (in 2023 inflation-adjusted dollars),53806,18098,286.0319166666667,75177.5148384548
B19013D_001,2015,"Lynchburg, VA Metro Area",31340,Median Household Income In The Past 12 Months (In 2023 Inflation-Adjusted Dollars (Asian  ,Median household income in the past 12 months (in 2023 inflation-adjusted dollars),44973,16757,286.0319166666667,62836.084727164765
B19013D_001,2015,"Martinsville, VA Micro Area",32300,Median Household Income In The Past 12 Months (In 2023 Inflation-Adjusted Dollars (Asian  ,Median household income in the past 12 months (in 2023 inflation-adjusted dollars),NA,NA,286.0319166666667,NA
B19013D_001,2015,"Richmond, VA Metro Area",40060,Median Household Income In The Past 12 Months (In 2023 Inflation-Adjusted Dollars (Asian  ,Median household income in the past 12 months (in 2023 inflation-adjusted dollars),80724,2741,286.0319166666667,112787.2301940197
B19013D_001,2015,"Roanoke, VA Metro Area",40220,Median Household Income In The Past 12 Months (In 2023 Inflation-Adjusted Dollars (Asian  ,Median household income in the past 12 months (in 2023 inflation-adjusted dollars),50643,7292,286.0319166666667,70758.18466274887
B19013D_001,2015,"Staunton-Waynesboro, VA Metro Area",44420,Median Household Income In The Past 12 Months (In 2023 Inflation-Adjusted Dollars (Asian  ,Median household income in the past 12 months (in 2023 inflation-adjusted dollars),37059,24960,286.0319166666667,51778.67751548705
B19013D_001,2015,"Virginia Beach-Norfolk-Newport News, VA-NC Metro Area",47260,Median Household Income In The Past 12 Months (In 2023 Inflation-Adjusted Dollars (Asian  ,Median household income in the past 12 months (in 2023 inflation-adjusted dollars),66800,3684,286.0319166666667,93332.676489774
B19013D_001,2015,"Washington-Arlington-Alexandria, DC-VA-MD-WV Metro Area",47900,Median Household Income In The Past 12 Months (In 2023 Inflation-Adjusted Dollars (Asian  ,Median household income in the past 12 months (in 2023 inflation-adjusted dollars),102902,1285,286.0319166666667,143774.23766692702
B19013D_001,2015,"Winchester, VA-WV Metro Area",49020,Median Household Income In The Past 12 Months (In 2023 Inflation-Adjusted Dollars (Asian  ,Median household income in the past 12 months (in 2023 inflation-adjusted dollars),67845,29432,286.0319166666667,94792.74605462152
B19013D_001,2016,"Big Stone Gap, VA Micro Area",13720,Median Household Income In The Past 12 Months (In 2023 Inflation-Adjusted Dollars (Asian  ,Median household income in the past 12 months (in 2023 inflation-adjusted dollars),NA,NA,296.8204166666667,NA
B19013D_001,2016,"Blacksburg-Christiansburg-Radford, VA Metro Area",13980,Median Household Income In The Past 12 Months (In 2023 Inflation-Adjusted Dollars (Asian  ,Median household income in the past 12 months (in 2023 inflation-adjusted dollars),33690,16490,296.8204166666667,45360.621319119724
B19013D_001,2016,"Bluefield, WV-VA Micro Area",14140,Median Household Income In The Past 12 Months (In 2023 Inflation-Adjusted Dollars (Asian  ,Median household income in the past 12 months (in 2023 inflation-adjusted dollars),71111,23724,296.8204166666667,95744.7059253168
B19013D_001,2016,"Charlottesville, VA Metro Area",16820,Median Household Income In The Past 12 Months (In 2023 Inflation-Adjusted Dollars (Asian  ,Median household income in the past 12 months (in 2023 inflation-adjusted dollars),59471,8963,296.8204166666667,80072.4698862977
B19013D_001,2016,"Danville, VA Micro Area",19260,Median Household Income In The Past 12 Months (In 2023 Inflation-Adjusted Dollars (Asian  ,Median household income in the past 12 months (in 2023 inflation-adjusted dollars),51053,11423,296.8204166666667,68738.37341065655
B19013D_001,2016,"Harrisonburg, VA Metro Area",25500,Median Household Income In The Past 12 Months (In 2023 Inflation-Adjusted Dollars (Asian  ,Median household income in the past 12 months (in 2023 inflation-adjusted dollars),62929,17228,296.8204166666667,84728.36268895474
B19013D_001,2016,"Kingsport-Bristol-Bristol, TN-VA Metro Area",28700,Median Household Income In The Past 12 Months (In 2023 Inflation-Adjusted Dollars (Asian  ,Median household income in the past 12 months (in 2023 inflation-adjusted dollars),54338,18990,296.8204166666667,73161.33693197767
B19013D_001,2016,"Lynchburg, VA Metro Area",31340,Median Household Income In The Past 12 Months (In 2023 Inflation-Adjusted Dollars (Asian  ,Median household income in the past 12 months (in 2023 inflation-adjusted dollars),50031,19491,296.8204166666667,67362.34031513444
B19013D_001,2016,"Martinsville, VA Micro Area",32300,Median Household Income In The Past 12 Months (In 2023 Inflation-Adjusted Dollars (Asian  ,Median household income in the past 12 months (in 2023 inflation-adjusted dollars),31354,17271,296.8204166666667,42215.40281506916
B19013D_001,2016,"Richmond, VA Metro Area",40060,Median Household Income In The Past 12 Months (In 2023 Inflation-Adjusted Dollars (Asian  ,Median household income in the past 12 months (in 2023 inflation-adjusted dollars),82815,3624,296.8204166666667,111503.11233430989
B19013D_001,2016,"Roanoke, VA Metro Area",40220,Median Household Income In The Past 12 Months (In 2023 Inflation-Adjusted Dollars (Asian  ,Median household income in the past 12 months (in 2023 inflation-adjusted dollars),43203,12163,296.8204166666667,58169.038968534565
B19013D_001,2016,"Staunton-Waynesboro, VA Metro Area",44420,Median Household Income In The Past 12 Months (In 2023 Inflation-Adjusted Dollars (Asian  ,Median household income in the past 12 months (in 2023 inflation-adjusted dollars),37716,5773,296.8204166666667,50781.27615529592
B19013D_001,2016,"Virginia Beach-Norfolk-Newport News, VA-NC Metro Area",47260,Median Household Income In The Past 12 Months (In 2023 Inflation-Adjusted Dollars (Asian  ,Median household income in the past 12 months (in 2023 inflation-adjusted dollars),65960,3987,296.8204166666667,88809.33755444159
B19013D_001,2016,"Washington-Arlington-Alexandria, DC-VA-MD-WV Metro Area",47900,Median Household Income In The Past 12 Months (In 2023 Inflation-Adjusted Dollars (Asian  ,Median household income in the past 12 months (in 2023 inflation-adjusted dollars),104573,1426,296.8204166666667,140798.3453014042
B19013D_001,2016,"Winchester, VA-WV Metro Area",49020,Median Household Income In The Past 12 Months (In 2023 Inflation-Adjusted Dollars (Asian  ,Median household income in the past 12 months (in 2023 inflation-adjusted dollars),51768,28859,296.8204166666667,69701.0580127097
B19013D_001,2017,"Big Stone Gap, VA Micro Area",13720,Median Household Income In The Past 12 Months (In 2023 Inflation-Adjusted Dollars (Asian  ,Median household income in the past 12 months (in 2023 inflation-adjusted dollars),220441,204140,308.14258333333333,285898.84924304794
B19013D_001,2017,"Blacksburg-Christiansburg-Radford, VA Metro Area",13980,Median Household Income In The Past 12 Months (In 2023 Inflation-Adjusted Dollars (Asian  ,Median household income in the past 12 months (in 2023 inflation-adjusted dollars),31434,16054,308.14258333333333,40768.02603465766
B19013D_001,2017,"Bluefield, WV-VA Micro Area",14140,Median Household Income In The Past 12 Months (In 2023 Inflation-Adjusted Dollars (Asian  ,Median household income in the past 12 months (in 2023 inflation-adjusted dollars),NA,NA,308.14258333333333,NA
B19013D_001,2017,"Charlottesville, VA Metro Area",16820,Median Household Income In The Past 12 Months (In 2023 Inflation-Adjusted Dollars (Asian  ,Median household income in the past 12 months (in 2023 inflation-adjusted dollars),60239,7975,308.14258333333333,78126.39563217353
B19013D_001,2017,"Danville, VA Micro Area",19260,Median Household Income In The Past 12 Months (In 2023 Inflation-Adjusted Dollars (Asian  ,Median household income in the past 12 months (in 2023 inflation-adjusted dollars),47176,11124,308.14258333333333,61184.46256318031
B19013D_001,2017,"Harrisonburg, VA Metro Area",25500,Median Household Income In The Past 12 Months (In 2023 Inflation-Adjusted Dollars (Asian  ,Median household income in the past 12 months (in 2023 inflation-adjusted dollars),58750,18485,308.14258333333333,76195.25130546979
B19013D_001,2017,"Kingsport-Bristol-Bristol, TN-VA Metro Area",28700,Median Household Income In The Past 12 Months (In 2023 Inflation-Adjusted Dollars (Asian  ,Median household income in the past 12 months (in 2023 inflation-adjusted dollars),80809,53480,308.14258333333333,104804.46064244611
B19013D_001,2017,"Lynchburg, VA Metro Area",31340,Median Household Income In The Past 12 Months (In 2023 Inflation-Adjusted Dollars (Asian  ,Median household income in the past 12 months (in 2023 inflation-adjusted dollars),40761,8825,308.14258333333333,52864.58959084688
B19013D_001,2017,"Martinsville, VA Micro Area",32300,Median Household Income In The Past 12 Months (In 2023 Inflation-Adjusted Dollars (Asian  ,Median household income in the past 12 months (in 2023 inflation-adjusted dollars),31801,11225,308.14258333333333,41244.00317898289
B19013D_001,2017,"Richmond, VA Metro Area",40060,Median Household Income In The Past 12 Months (In 2023 Inflation-Adjusted Dollars (Asian  ,Median household income in the past 12 months (in 2023 inflation-adjusted dollars),87419,4316,308.14258333333333,113377.23700209131
B19013D_001,2017,"Roanoke, VA Metro Area",40220,Median Household Income In The Past 12 Months (In 2023 Inflation-Adjusted Dollars (Asian  ,Median household income in the past 12 months (in 2023 inflation-adjusted dollars),55482,6283,308.14258333333333,71956.84992221404
B19013D_001,2017,"Staunton-Waynesboro, VA Metro Area",44420,Median Household Income In The Past 12 Months (In 2023 Inflation-Adjusted Dollars (Asian  ,Median household income in the past 12 months (in 2023 inflation-adjusted dollars),22031,16080,308.14258333333333,28572.895004439233
B19013D_001,2017,"Virginia Beach-Norfolk-Newport News, VA-NC Metro Area",47260,Median Household Income In The Past 12 Months (In 2023 Inflation-Adjusted Dollars (Asian  ,Median household income in the past 12 months (in 2023 inflation-adjusted dollars),69225,4021,308.14258333333333,89780.70249567908
B19013D_001,2017,"Washington-Arlington-Alexandria, DC-VA-MD-WV Metro Area",47900,Median Household Income In The Past 12 Months (In 2023 Inflation-Adjusted Dollars (Asian  ,Median household income in the past 12 months (in 2023 inflation-adjusted dollars),107880,1910,308.14258333333333,139913.93550355884
B19013D_001,2017,"Winchester, VA-WV Metro Area",49020,Median Household Income In The Past 12 Months (In 2023 Inflation-Adjusted Dollars (Asian  ,Median household income in the past 12 months (in 2023 inflation-adjusted dollars),54531,23408,308.14258333333333,70723.45955640126
B19013D_001,2018,"Big Stone Gap, VA Micro Area",13720,Median Household Income In The Past 12 Months (In 2023 Inflation-Adjusted Dollars (Asian  ,Median household income in the past 12 months (in 2023 inflation-adjusted dollars),NA,NA,319.28875,NA
B19013D_001,2018,"Blacksburg-Christiansburg-Radford, VA Metro Area",13980,Median Household Income In The Past 12 Months (In 2023 Inflation-Adjusted Dollars (Asian  ,Median household income in the past 12 months (in 2023 inflation-adjusted dollars),30851,20872,319.28875,38615.11949788397
B19013D_001,2018,"Bluefield, WV-VA Micro Area",14140,Median Household Income In The Past 12 Months (In 2023 Inflation-Adjusted Dollars (Asian  ,Median household income in the past 12 months (in 2023 inflation-adjusted dollars),57337,38009,319.28875,71766.72090532472
B19013D_001,2018,"Charlottesville, VA Metro Area",16820,Median Household Income In The Past 12 Months (In 2023 Inflation-Adjusted Dollars (Asian  ,Median household income in the past 12 months (in 2023 inflation-adjusted dollars),65063,10894,319.28875,81437.08534215503
B19013D_001,2018,"Danville, VA Micro Area",19260,Median Household Income In The Past 12 Months (In 2023 Inflation-Adjusted Dollars (Asian  ,Median household income in the past 12 months (in 2023 inflation-adjusted dollars),63125,23148,319.28875,79011.35840990326
B19013D_001,2018,"Harrisonburg, VA Metro Area",25500,Median Household Income In The Past 12 Months (In 2023 Inflation-Adjusted Dollars (Asian  ,Median household income in the past 12 months (in 2023 inflation-adjusted dollars),52821,17392,319.28875,66114.2013872396
B19013D_001,2018,"Kingsport-Bristol-Bristol, TN-VA Metro Area",28700,Median Household Income In The Past 12 Months (In 2023 Inflation-Adjusted Dollars (Asian  ,Median household income in the past 12 months (in 2023 inflation-adjusted dollars),82689,44042,319.28875,103498.9341078256
B19013D_001,2018,"Lynchburg, VA Metro Area",31340,Median Household Income In The Past 12 Months (In 2023 Inflation-Adjusted Dollars (Asian  ,Median household income in the past 12 months (in 2023 inflation-adjusted dollars),41069,4957,319.28875,51404.633323347596
B19013D_001,2018,"Martinsville, VA Micro Area",32300,Median Household Income In The Past 12 Months (In 2023 Inflation-Adjusted Dollars (Asian  ,Median household income in the past 12 months (in 2023 inflation-adjusted dollars),38106,7967,319.28875,47695.94968028156
B19013D_001,2018,"Richmond, VA Metro Area",40060,Median Household Income In The Past 12 Months (In 2023 Inflation-Adjusted Dollars (Asian  ,Median household income in the past 12 months (in 2023 inflation-adjusted dollars),88404,5431,319.28875,110652.20006129247
B19013D_001,2018,"Roanoke, VA Metro Area",40220,Median Household Income In The Past 12 Months (In 2023 Inflation-Adjusted Dollars (Asian  ,Median household income in the past 12 months (in 2023 inflation-adjusted dollars),59038,9099,319.28875,73895.80321273455
B19013D_001,2018,"Staunton-Waynesboro, VA Metro Area",44420,Median Household Income In The Past 12 Months (In 2023 Inflation-Adjusted Dollars (Asian  ,Median household income in the past 12 months (in 2023 inflation-adjusted dollars),60363,36264,319.28875,75554.2594486652
B19013D_001,2018,"Virginia Beach-Norfolk-Newport News, VA-NC Metro Area",47260,Median Household Income In The Past 12 Months (In 2023 Inflation-Adjusted Dollars (Asian  ,Median household income in the past 12 months (in 2023 inflation-adjusted dollars),72646,3120,319.28875,90928.46167201319
B19013D_001,2018,"Washington-Arlington-Alexandria, DC-VA-MD-WV Metro Area",47900,Median Household Income In The Past 12 Months (In 2023 Inflation-Adjusted Dollars (Asian  ,Median household income in the past 12 months (in 2023 inflation-adjusted dollars),112593,1808,319.28875,140928.72677142554
B19013D_001,2018,"Winchester, VA-WV Metro Area",49020,Median Household Income In The Past 12 Months (In 2023 Inflation-Adjusted Dollars (Asian  ,Median household income in the past 12 months (in 2023 inflation-adjusted dollars),71389,54511,319.28875,89355.11866177559
B19013D_001,2019,"Big Stone Gap, VA Micro Area",13720,Median Household Income In The Past 12 Months (In 2023 Inflation-Adjusted Dollars (Asian  ,Median household income in the past 12 months (in 2023 inflation-adjusted dollars),NA,NA,331.12375,NA
B19013D_001,2019,"Blacksburg-Christiansburg, VA Metro Area",13980,Median Household Income In The Past 12 Months (In 2023 Inflation-Adjusted Dollars (Asian  ,Median household income in the past 12 months (in 2023 inflation-adjusted dollars),41265,18947,331.12375,49803.89073178835
B19013D_001,2019,"Bluefield, WV-VA Micro Area",14140,Median Household Income In The Past 12 Months (In 2023 Inflation-Adjusted Dollars (Asian  ,Median household income in the past 12 months (in 2023 inflation-adjusted dollars),76750,2583,331.12375,92631.73666944762
B19013D_001,2019,"Charlottesville, VA Metro Area",16820,Median Household Income In The Past 12 Months (In 2023 Inflation-Adjusted Dollars (Asian  ,Median household income in the past 12 months (in 2023 inflation-adjusted dollars),64660,8258,331.12375,78039.9751537001
B19013D_001,2019,"Danville, VA Micro Area",19260,Median Household Income In The Past 12 Months (In 2023 Inflation-Adjusted Dollars (Asian  ,Median household income in the past 12 months (in 2023 inflation-adjusted dollars),89063,51981,331.12375,107492.64316600669
B19013D_001,2019,"Harrisonburg, VA Metro Area",25500,Median Household Income In The Past 12 Months (In 2023 Inflation-Adjusted Dollars (Asian  ,Median household income in the past 12 months (in 2023 inflation-adjusted dollars),53077,19548,331.12375,64060.12621764523
B19013D_001,2019,"Kingsport-Bristol, TN-VA Metro Area",28700,Median Household Income In The Past 12 Months (In 2023 Inflation-Adjusted Dollars (Asian  ,Median household income in the past 12 months (in 2023 inflation-adjusted dollars),89375,28244,331.12375,107869.20475350985
B19013D_001,2019,"Lynchburg, VA Metro Area",31340,Median Household Income In The Past 12 Months (In 2023 Inflation-Adjusted Dollars (Asian  ,Median household income in the past 12 months (in 2023 inflation-adjusted dollars),44125,9772,331.12375,53255.705283900665
B19013D_001,2019,"Martinsville, VA Micro Area",32300,Median Household Income In The Past 12 Months (In 2023 Inflation-Adjusted Dollars (Asian  ,Median household income in the past 12 months (in 2023 inflation-adjusted dollars),32071,7587,331.12375,38707.393182095824
B19013D_001,2019,"Richmond, VA Metro Area",40060,Median Household Income In The Past 12 Months (In 2023 Inflation-Adjusted Dollars (Asian  ,Median household income in the past 12 months (in 2023 inflation-adjusted dollars),91810,3247,331.12375,110808.07483546561
B19013D_001,2019,"Roanoke, VA Metro Area",40220,Median Household Income In The Past 12 Months (In 2023 Inflation-Adjusted Dollars (Asian  ,Median household income in the past 12 months (in 2023 inflation-adjusted dollars),68879,10108,331.12375,83132.0050821483
B19013D_001,2019,"Staunton, VA Metro Area",44420,Median Household Income In The Past 12 Months (In 2023 Inflation-Adjusted Dollars (Asian  ,Median household income in the past 12 months (in 2023 inflation-adjusted dollars),39112,32913,331.12375,47205.37439238352
B19013D_001,2019,"Virginia Beach-Norfolk-Newport News, VA-NC Metro Area",47260,Median Household Income In The Past 12 Months (In 2023 Inflation-Adjusted Dollars (Asian  ,Median household income in the past 12 months (in 2023 inflation-adjusted dollars),74174,3317,331.12375,89522.68971621638
B19013D_001,2019,"Washington-Arlington-Alexandria, DC-VA-MD-WV Metro Area",47900,Median Household Income In The Past 12 Months (In 2023 Inflation-Adjusted Dollars (Asian  ,Median household income in the past 12 months (in 2023 inflation-adjusted dollars),118028,1641,331.12375,142451.31746738194
B19013D_001,2019,"Winchester, VA-WV Metro Area",49020,Median Household Income In The Past 12 Months (In 2023 Inflation-Adjusted Dollars (Asian  ,Median household income in the past 12 months (in 2023 inflation-adjusted dollars),109583,46440,331.12375,132258.80911333
B19013D_001,2020,"Big Stone Gap, VA Micro Area",13720,Median Household Income In The Past 12 Months (In 2023 Inflation-Adjusted Dollars (Asian  ,Median household income in the past 12 months (in 2023 inflation-adjusted dollars),NA,NA,341.46775,NA
B19013D_001,2020,"Blacksburg-Christiansburg, VA Metro Area",13980,Median Household Income In The Past 12 Months (In 2023 Inflation-Adjusted Dollars (Asian  ,Median household income in the past 12 months (in 2023 inflation-adjusted dollars),41680,29171,341.46775,48780.89580758358
B19013D_001,2020,"Bluefield, WV-VA Micro Area",14140,Median Household Income In The Past 12 Months (In 2023 Inflation-Adjusted Dollars (Asian  ,Median household income in the past 12 months (in 2023 inflation-adjusted dollars),70734,25011,341.46775,82784.73810109445
B19013D_001,2020,"Charlottesville, VA Metro Area",16820,Median Household Income In The Past 12 Months (In 2023 Inflation-Adjusted Dollars (Asian  ,Median household income in the past 12 months (in 2023 inflation-adjusted dollars),74891,11190,341.46775,87649.95364505138
B19013D_001,2020,"Danville, VA Micro Area",19260,Median Household Income In The Past 12 Months (In 2023 Inflation-Adjusted Dollars (Asian  ,Median household income in the past 12 months (in 2023 inflation-adjusted dollars),95903,29355,341.46775,112241.7046697382
B19013D_001,2020,"Harrisonburg, VA Metro Area",25500,Median Household Income In The Past 12 Months (In 2023 Inflation-Adjusted Dollars (Asian  ,Median household income in the past 12 months (in 2023 inflation-adjusted dollars),60625,16467,341.46775,70953.49828058432
B19013D_001,2020,"Kingsport-Bristol, TN-VA Metro Area",28700,Median Household Income In The Past 12 Months (In 2023 Inflation-Adjusted Dollars (Asian  ,Median household income in the past 12 months (in 2023 inflation-adjusted dollars),107617,33900,341.46775,125951.38349627453
B19013D_001,2020,"Lynchburg, VA Metro Area",31340,Median Household Income In The Past 12 Months (In 2023 Inflation-Adjusted Dollars (Asian  ,Median household income in the past 12 months (in 2023 inflation-adjusted dollars),42107,4519,341.46775,49280.64250887529
B19013D_001,2020,"Martinsville, VA Micro Area",32300,Median Household Income In The Past 12 Months (In 2023 Inflation-Adjusted Dollars (Asian  ,Median household income in the past 12 months (in 2023 inflation-adjusted dollars),NA,NA,341.46775,NA
B19013D_001,2020,"Richmond, VA Metro Area",40060,Median Household Income In The Past 12 Months (In 2023 Inflation-Adjusted Dollars (Asian  ,Median household income in the past 12 months (in 2023 inflation-adjusted dollars),91519,5486,341.46775,107110.81582087913
B19013D_001,2020,"Roanoke, VA Metro Area",40220,Median Household Income In The Past 12 Months (In 2023 Inflation-Adjusted Dollars (Asian  ,Median household income in the past 12 months (in 2023 inflation-adjusted dollars),63962,11003,341.46775,74859.01289934407
B19013D_001,2020,"Staunton, VA Metro Area",44420,Median Household Income In The Past 12 Months (In 2023 Inflation-Adjusted Dollars (Asian  ,Median household income in the past 12 months (in 2023 inflation-adjusted dollars),36535,21265,341.46775,42759.35768546224
B19013D_001,2020,"Virginia Beach-Norfolk-Newport News, VA-NC Metro Area",47260,Median Household Income In The Past 12 Months (In 2023 Inflation-Adjusted Dollars (Asian  ,Median household income in the past 12 months (in 2023 inflation-adjusted dollars),72756,4842,341.46775,85151.22013859288
B19013D_001,2020,"Washington-Arlington-Alexandria, DC-VA-MD-WV Metro Area",47900,Median Household Income In The Past 12 Months (In 2023 Inflation-Adjusted Dollars (Asian  ,Median household income in the past 12 months (in 2023 inflation-adjusted dollars),121204,2149,341.46775,141853.15967999905
B19013D_001,2020,"Winchester, VA-WV Metro Area",49020,Median Household Income In The Past 12 Months (In 2023 Inflation-Adjusted Dollars (Asian  ,Median household income in the past 12 months (in 2023 inflation-adjusted dollars),132031,43137,341.46775,154524.72299354768
B19013D_001,2021,"Big Stone Gap, VA Micro Area",13720,Median Household Income In The Past 12 Months (In 2023 Inflation-Adjusted Dollars (Asian  ,Median household income in the past 12 months (in 2023 inflation-adjusted dollars),168558,72950,349.13466666666665,192942.6104911954
B19013D_001,2021,"Blacksburg-Christiansburg, VA Metro Area",13980,Median Household Income In The Past 12 Months (In 2023 Inflation-Adjusted Dollars (Asian  ,Median household income in the past 12 months (in 2023 inflation-adjusted dollars),49013,14010,349.13466666666665,56103.514327441946
B19013D_001,2021,"Bluefield, WV-VA Micro Area",14140,Median Household Income In The Past 12 Months (In 2023 Inflation-Adjusted Dollars (Asian  ,Median household income in the past 12 months (in 2023 inflation-adjusted dollars),NA,NA,349.13466666666665,NA
B19013D_001,2021,"Charlottesville, VA Metro Area",16820,Median Household Income In The Past 12 Months (In 2023 Inflation-Adjusted Dollars (Asian  ,Median household income in the past 12 months (in 2023 inflation-adjusted dollars),78287,12363,349.13466666666665,89612.4666140095
B19013D_001,2021,"Danville, VA Micro Area",19260,Median Household Income In The Past 12 Months (In 2023 Inflation-Adjusted Dollars (Asian  ,Median household income in the past 12 months (in 2023 inflation-adjusted dollars),121875,83352,349.13466666666665,139506.16792803924
B19013D_001,2021,"Harrisonburg, VA Metro Area",25500,Median Household Income In The Past 12 Months (In 2023 Inflation-Adjusted Dollars (Asian  ,Median household income in the past 12 months (in 2023 inflation-adjusted dollars),55067,4081,349.13466666666665,63033.32225061199
B19013D_001,2021,"Kingsport-Bristol, TN-VA Metro Area",28700,Median Household Income In The Past 12 Months (In 2023 Inflation-Adjusted Dollars (Asian  ,Median household income in the past 12 months (in 2023 inflation-adjusted dollars),89097,32486,349.13466666666665,101986.30600110369
B19013D_001,2021,"Lynchburg, VA Metro Area",31340,Median Household Income In The Past 12 Months (In 2023 Inflation-Adjusted Dollars (Asian  ,Median household income in the past 12 months (in 2023 inflation-adjusted dollars),45313,10917,349.13466666666665,51868.250152395834
B19013D_001,2021,"Martinsville, VA Micro Area",32300,Median Household Income In The Past 12 Months (In 2023 Inflation-Adjusted Dollars (Asian  ,Median household income in the past 12 months (in 2023 inflation-adjusted dollars),NA,NA,349.13466666666665,NA
B19013D_001,2021,"Richmond, VA Metro Area",40060,Median Household Income In The Past 12 Months (In 2023 Inflation-Adjusted Dollars (Asian  ,Median household income in the past 12 months (in 2023 inflation-adjusted dollars),97666,6761,349.13466666666665,111794.94889731184
B19013D_001,2021,"Roanoke, VA Metro Area",40220,Median Household Income In The Past 12 Months (In 2023 Inflation-Adjusted Dollars (Asian  ,Median household income in the past 12 months (in 2023 inflation-adjusted dollars),72407,13732,349.13466666666665,82881.83057366595
B19013D_001,2021,"Staunton, VA Metro Area",44420,Median Household Income In The Past 12 Months (In 2023 Inflation-Adjusted Dollars (Asian  ,Median household income in the past 12 months (in 2023 inflation-adjusted dollars),66071,44215,349.13466666666665,75629.2268403978
B19013D_001,2021,"Virginia Beach-Norfolk-Newport News, VA-NC Metro Area",47260,Median Household Income In The Past 12 Months (In 2023 Inflation-Adjusted Dollars (Asian  ,Median household income in the past 12 months (in 2023 inflation-adjusted dollars),77905,4667,349.13466666666665,89175.20420458583
B19013D_001,2021,"Washington-Arlington-Alexandria, DC-VA-MD-WV Metro Area",47900,Median Household Income In The Past 12 Months (In 2023 Inflation-Adjusted Dollars (Asian  ,Median household income in the past 12 months (in 2023 inflation-adjusted dollars),129080,2259,349.13466666666665,147753.4864094466
B19013D_001,2021,"Winchester, VA-WV Metro Area",49020,Median Household Income In The Past 12 Months (In 2023 Inflation-Adjusted Dollars (Asian  ,Median household income in the past 12 months (in 2023 inflation-adjusted dollars),96845,48791,349.13466666666665,110855.17811684891
B19013D_001,2022,"Big Stone Gap, VA Micro Area",13720,Median Household Income In The Past 12 Months (In 2023 Inflation-Adjusted Dollars (Asian  ,Median household income in the past 12 months (in 2023 inflation-adjusted dollars),NA,NA,370.199,NA
B19013D_001,2022,"Blacksburg-Christiansburg, VA Metro Area",13980,Median Household Income In The Past 12 Months (In 2023 Inflation-Adjusted Dollars (Asian  ,Median household income in the past 12 months (in 2023 inflation-adjusted dollars),55217,11767,370.199,59608.65464212491
B19013D_001,2022,"Bluefield, WV-VA Micro Area",14140,Median Household Income In The Past 12 Months (In 2023 Inflation-Adjusted Dollars (Asian  ,Median household income in the past 12 months (in 2023 inflation-adjusted dollars),79196,74922,370.199,85494.81161667102
B19013D_001,2022,"Charlottesville, VA Metro Area",16820,Median Household Income In The Past 12 Months (In 2023 Inflation-Adjusted Dollars (Asian  ,Median household income in the past 12 months (in 2023 inflation-adjusted dollars),87829,12903,370.199,94814.43266680893
B19013D_001,2022,"Danville, VA Micro Area",19260,Median Household Income In The Past 12 Months (In 2023 Inflation-Adjusted Dollars (Asian  ,Median household income in the past 12 months (in 2023 inflation-adjusted dollars),109500,95326,370.199,118209.02409244757
B19013D_001,2022,"Harrisonburg, VA Metro Area",25500,Median Household Income In The Past 12 Months (In 2023 Inflation-Adjusted Dollars (Asian  ,Median household income in the past 12 months (in 2023 inflation-adjusted dollars),61359,11197,370.199,66239.15533596795
B19013D_001,2022,"Kingsport-Bristol, TN-VA Metro Area",28700,Median Household Income In The Past 12 Months (In 2023 Inflation-Adjusted Dollars (Asian  ,Median household income in the past 12 months (in 2023 inflation-adjusted dollars),97500,54806,370.199,105254.61049327524
B19013D_001,2022,"Lynchburg, VA Metro Area",31340,Median Household Income In The Past 12 Months (In 2023 Inflation-Adjusted Dollars (Asian  ,Median household income in the past 12 months (in 2023 inflation-adjusted dollars),59476,27044,370.199,64206.39193536449
B19013D_001,2022,"Martinsville, VA Micro Area",32300,Median Household Income In The Past 12 Months (In 2023 Inflation-Adjusted Dollars (Asian  ,Median household income in the past 12 months (in 2023 inflation-adjusted dollars),NA,NA,370.199,NA
B19013D_001,2022,"Richmond, VA Metro Area",40060,Median Household Income In The Past 12 Months (In 2023 Inflation-Adjusted Dollars (Asian  ,Median household income in the past 12 months (in 2023 inflation-adjusted dollars),112105,5717,370.199,121021.21137793457
B19013D_001,2022,"Roanoke, VA Metro Area",40220,Median Household Income In The Past 12 Months (In 2023 Inflation-Adjusted Dollars (Asian  ,Median household income in the past 12 months (in 2023 inflation-adjusted dollars),77951,18280,370.199,84150.7912057569
B19013D_001,2022,"Staunton, VA Metro Area",44420,Median Household Income In The Past 12 Months (In 2023 Inflation-Adjusted Dollars (Asian  ,Median household income in the past 12 months (in 2023 inflation-adjusted dollars),51125,29309,370.199,55191.19960480714
B19013D_001,2022,"Virginia Beach-Norfolk-Newport News, VA-NC Metro Area",47260,Median Household Income In The Past 12 Months (In 2023 Inflation-Adjusted Dollars (Asian  ,Median household income in the past 12 months (in 2023 inflation-adjusted dollars),85461,4177,370.199,92258.09504990559
B19013D_001,2022,"Washington-Arlington-Alexandria, DC-VA-MD-WV Metro Area",47900,Median Household Income In The Past 12 Months (In 2023 Inflation-Adjusted Dollars (Asian  ,Median household income in the past 12 months (in 2023 inflation-adjusted dollars),138518,2839,370.199,149534.95524417947
B19013D_001,2022,"Winchester, VA-WV Metro Area",49020,Median Household Income In The Past 12 Months (In 2023 Inflation-Adjusted Dollars (Asian  ,Median household income in the past 12 months (in 2023 inflation-adjusted dollars),109866,54848,370.199,118604.13370722233
B19013D_001,2023,"Blacksburg-Christiansburg-Radford, VA Metro Area",13980,Median Household Income In The Past 12 Months (In 2023 Inflation-Adjusted Dollars (Asian  ,Median household income in the past 12 months (in 2023 inflation-adjusted dollars),58750,17904,399.64258333333333,58749.999509978814
B19013D_001,2023,"Bluefield, WV-VA Micro Area",14140,Median Household Income In The Past 12 Months (In 2023 Inflation-Adjusted Dollars (Asian  ,Median household income in the past 12 months (in 2023 inflation-adjusted dollars),149107,113401,399.64258333333333,149106.9987563304
B19013D_001,2023,"Charlottesville, VA Metro Area",16820,Median Household Income In The Past 12 Months (In 2023 Inflation-Adjusted Dollars (Asian  ,Median household income in the past 12 months (in 2023 inflation-adjusted dollars),88913,10780,399.64258333333333,88912.99925839568
B19013D_001,2023,"Danville, VA Micro Area",19260,Median Household Income In The Past 12 Months (In 2023 Inflation-Adjusted Dollars (Asian  ,Median household income in the past 12 months (in 2023 inflation-adjusted dollars),102674,66293,399.64258333333333,102673.99914361812
B19013D_001,2023,"Harrisonburg, VA Metro Area",25500,Median Household Income In The Past 12 Months (In 2023 Inflation-Adjusted Dollars (Asian  ,Median household income in the past 12 months (in 2023 inflation-adjusted dollars),75817,20934,399.64258333333333,75816.99936762662
B19013D_001,2023,"Kingsport-Bristol, TN-VA Metro Area",28700,Median Household Income In The Past 12 Months (In 2023 Inflation-Adjusted Dollars (Asian  ,Median household income in the past 12 months (in 2023 inflation-adjusted dollars),112596,27718,399.64258333333333,112595.99906086084
B19013D_001,2023,"Lake of the Woods, VA Micro Area",29470,Median Household Income In The Past 12 Months (In 2023 Inflation-Adjusted Dollars (Asian  ,Median household income in the past 12 months (in 2023 inflation-adjusted dollars),NA,NA,399.64258333333333,NA
B19013D_001,2023,"Lynchburg, VA Metro Area",31340,Median Household Income In The Past 12 Months (In 2023 Inflation-Adjusted Dollars (Asian  ,Median household income in the past 12 months (in 2023 inflation-adjusted dollars),72115,22326,399.64258333333333,72114.99939850421
B19013D_001,2023,"Martinsville, VA Micro Area",32300,Median Household Income In The Past 12 Months (In 2023 Inflation-Adjusted Dollars (Asian  ,Median household income in the past 12 months (in 2023 inflation-adjusted dollars),38750,28702,399.64258333333333,38749.999676794534
B19013D_001,2023,"Richmond, VA Metro Area",40060,Median Household Income In The Past 12 Months (In 2023 Inflation-Adjusted Dollars (Asian  ,Median household income in the past 12 months (in 2023 inflation-adjusted dollars),119459,4116,399.64258333333333,119458.99900361802
B19013D_001,2023,"Roanoke, VA Metro Area",40220,Median Household Income In The Past 12 Months (In 2023 Inflation-Adjusted Dollars (Asian  ,Median household income in the past 12 months (in 2023 inflation-adjusted dollars),69947,9019,399.64258333333333,69946.99941658703
B19013D_001,2023,"Staunton-Stuarts Draft, VA Metro Area",44420,Median Household Income In The Past 12 Months (In 2023 Inflation-Adjusted Dollars (Asian  ,Median household income in the past 12 months (in 2023 inflation-adjusted dollars),61042,42337,399.64258333333333,61041.99949086173
B19013D_001,2023,"Virginia Beach-Chesapeake-Norfolk, VA-NC Metro Area",47260,Median Household Income In The Past 12 Months (In 2023 Inflation-Adjusted Dollars (Asian  ,Median household income in the past 12 months (in 2023 inflation-adjusted dollars),90629,4745,399.64258333333333,90628.9992440829
B19013D_001,2023,"Washington-Arlington-Alexandria, DC-VA-MD-WV Metro Area",47900,Median Household Income In The Past 12 Months (In 2023 Inflation-Adjusted Dollars (Asian  ,Median household income in the past 12 months (in 2023 inflation-adjusted dollars),144370,2492,399.64258333333333,144369.99879584071
B19013D_001,2023,"Winchester, VA-WV Metro Area",49020,Median Household Income In The Past 12 Months (In 2023 Inflation-Adjusted Dollars (Asian  ,Median household income in the past 12 months (in 2023 inflation-adjusted dollars),131058,49314,399.64258333333333,131057.99890687324
B19013E_001,2010,"Blacksburg-Christiansburg-Radford, VA Metro Area",13980,Median Household Income In The Past 12 Months (In 2023 Inflation-Adjusted Dollars (Native Hawaiian And Other Pacific Islander  ,Median household income in the past 12 months (in 2023 inflation-adjusted dollars),NA,NA,249.38541666666666,NA
B19013E_001,2010,"Bluefield, WV-VA Micro Area",14140,Median Household Income In The Past 12 Months (In 2023 Inflation-Adjusted Dollars (Native Hawaiian And Other Pacific Islander  ,Median household income in the past 12 months (in 2023 inflation-adjusted dollars),NA,NA,249.38541666666666,NA
B19013E_001,2010,"Charlottesville, VA Metro Area",16820,Median Household Income In The Past 12 Months (In 2023 Inflation-Adjusted Dollars (Native Hawaiian And Other Pacific Islander  ,Median household income in the past 12 months (in 2023 inflation-adjusted dollars),NA,NA,249.38541666666666,NA
B19013E_001,2010,"Culpeper, VA Micro Area",19020,Median Household Income In The Past 12 Months (In 2023 Inflation-Adjusted Dollars (Native Hawaiian And Other Pacific Islander  ,Median household income in the past 12 months (in 2023 inflation-adjusted dollars),NA,NA,249.38541666666666,NA
B19013E_001,2010,"Danville, VA Metro Area",19260,Median Household Income In The Past 12 Months (In 2023 Inflation-Adjusted Dollars (Native Hawaiian And Other Pacific Islander  ,Median household income in the past 12 months (in 2023 inflation-adjusted dollars),2499,NA,249.38541666666666,4004.672048465812
B19013E_001,2010,"Harrisonburg, VA Metro Area",25500,Median Household Income In The Past 12 Months (In 2023 Inflation-Adjusted Dollars (Native Hawaiian And Other Pacific Islander  ,Median household income in the past 12 months (in 2023 inflation-adjusted dollars),160588,276719,249.38541666666666,257343.8475066138
B19013E_001,2010,"Kingsport-Bristol-Bristol, TN-VA Metro Area",28700,Median Household Income In The Past 12 Months (In 2023 Inflation-Adjusted Dollars (Native Hawaiian And Other Pacific Islander  ,Median household income in the past 12 months (in 2023 inflation-adjusted dollars),NA,NA,249.38541666666666,NA
B19013E_001,2010,"Lynchburg, VA Metro Area",31340,Median Household Income In The Past 12 Months (In 2023 Inflation-Adjusted Dollars (Native Hawaiian And Other Pacific Islander  ,Median household income in the past 12 months (in 2023 inflation-adjusted dollars),NA,NA,249.38541666666666,NA
B19013E_001,2010,"Martinsville, VA Micro Area",32300,Median Household Income In The Past 12 Months (In 2023 Inflation-Adjusted Dollars (Native Hawaiian And Other Pacific Islander  ,Median household income in the past 12 months (in 2023 inflation-adjusted dollars),NA,NA,249.38541666666666,NA
B19013E_001,2010,"Richmond, VA Metro Area",40060,Median Household Income In The Past 12 Months (In 2023 Inflation-Adjusted Dollars (Native Hawaiian And Other Pacific Islander  ,Median household income in the past 12 months (in 2023 inflation-adjusted dollars),68654,14429,249.38541666666666,110018.70940991271
B19013E_001,2010,"Roanoke, VA Metro Area",40220,Median Household Income In The Past 12 Months (In 2023 Inflation-Adjusted Dollars (Native Hawaiian And Other Pacific Islander  ,Median household income in the past 12 months (in 2023 inflation-adjusted dollars),NA,NA,249.38541666666666,NA
B19013E_001,2010,"Staunton-Waynesboro, VA Micro Area",44420,Median Household Income In The Past 12 Months (In 2023 Inflation-Adjusted Dollars (Native Hawaiian And Other Pacific Islander  ,Median household income in the past 12 months (in 2023 inflation-adjusted dollars),NA,NA,249.38541666666666,NA
B19013E_001,2010,"Virginia Beach-Norfolk-Newport News, VA-NC Metro Area",47260,Median Household Income In The Past 12 Months (In 2023 Inflation-Adjusted Dollars (Native Hawaiian And Other Pacific Islander  ,Median household income in the past 12 months (in 2023 inflation-adjusted dollars),54167,18518,249.38541666666666,86803.14959953888
B19013E_001,2010,"Washington-Arlington-Alexandria, DC-VA-MD-WV Metro Area",47900,Median Household Income In The Past 12 Months (In 2023 Inflation-Adjusted Dollars (Native Hawaiian And Other Pacific Islander  ,Median household income in the past 12 months (in 2023 inflation-adjusted dollars),81989,17623,249.38541666666666,131388.17790382693
B19013E_001,2010,"Winchester, VA-WV Metro Area",49020,Median Household Income In The Past 12 Months (In 2023 Inflation-Adjusted Dollars (Native Hawaiian And Other Pacific Islander  ,Median household income in the past 12 months (in 2023 inflation-adjusted dollars),NA,NA,249.38541666666666,NA
B19013E_001,2011,"Blacksburg-Christiansburg-Radford, VA Metro Area",13980,Median Household Income In The Past 12 Months (In 2023 Inflation-Adjusted Dollars (Native Hawaiian And Other Pacific Islander  ,Median household income in the past 12 months (in 2023 inflation-adjusted dollars),NA,NA,253.63816666666668,NA
B19013E_001,2011,"Bluefield, WV-VA Micro Area",14140,Median Household Income In The Past 12 Months (In 2023 Inflation-Adjusted Dollars (Native Hawaiian And Other Pacific Islander  ,Median household income in the past 12 months (in 2023 inflation-adjusted dollars),NA,NA,253.63816666666668,NA
B19013E_001,2011,"Charlottesville, VA Metro Area",16820,Median Household Income In The Past 12 Months (In 2023 Inflation-Adjusted Dollars (Native Hawaiian And Other Pacific Islander  ,Median household income in the past 12 months (in 2023 inflation-adjusted dollars),NA,NA,253.63816666666668,NA
B19013E_001,2011,"Culpeper, VA Micro Area",19020,Median Household Income In The Past 12 Months (In 2023 Inflation-Adjusted Dollars (Native Hawaiian And Other Pacific Islander  ,Median household income in the past 12 months (in 2023 inflation-adjusted dollars),NA,NA,253.63816666666668,NA
B19013E_001,2011,"Danville, VA Metro Area",19260,Median Household Income In The Past 12 Months (In 2023 Inflation-Adjusted Dollars (Native Hawaiian And Other Pacific Islander  ,Median household income in the past 12 months (in 2023 inflation-adjusted dollars),2499,NA,253.63816666666668,3937.5257302364457
B19013E_001,2011,"Harrisonburg, VA Metro Area",25500,Median Household Income In The Past 12 Months (In 2023 Inflation-Adjusted Dollars (Native Hawaiian And Other Pacific Islander  ,Median household income in the past 12 months (in 2023 inflation-adjusted dollars),NA,NA,253.63816666666668,NA
B19013E_001,2011,"Kingsport-Bristol-Bristol, TN-VA Metro Area",28700,Median Household Income In The Past 12 Months (In 2023 Inflation-Adjusted Dollars (Native Hawaiian And Other Pacific Islander  ,Median household income in the past 12 months (in 2023 inflation-adjusted dollars),77891,12703,253.63816666666668,122728.21794871827
B19013E_001,2011,"Lynchburg, VA Metro Area",31340,Median Household Income In The Past 12 Months (In 2023 Inflation-Adjusted Dollars (Native Hawaiian And Other Pacific Islander  ,Median household income in the past 12 months (in 2023 inflation-adjusted dollars),NA,NA,253.63816666666668,NA
B19013E_001,2011,"Martinsville, VA Micro Area",32300,Median Household Income In The Past 12 Months (In 2023 Inflation-Adjusted Dollars (Native Hawaiian And Other Pacific Islander  ,Median household income in the past 12 months (in 2023 inflation-adjusted dollars),NA,NA,253.63816666666668,NA
B19013E_001,2011,"Richmond, VA Metro Area",40060,Median Household Income In The Past 12 Months (In 2023 Inflation-Adjusted Dollars (Native Hawaiian And Other Pacific Islander  ,Median household income in the past 12 months (in 2023 inflation-adjusted dollars),61964,18621,253.63816666666668,97632.99093572273
B19013E_001,2011,"Roanoke, VA Metro Area",40220,Median Household Income In The Past 12 Months (In 2023 Inflation-Adjusted Dollars (Native Hawaiian And Other Pacific Islander  ,Median household income in the past 12 months (in 2023 inflation-adjusted dollars),NA,NA,253.63816666666668,NA
B19013E_001,2011,"Staunton-Waynesboro, VA Micro Area",44420,Median Household Income In The Past 12 Months (In 2023 Inflation-Adjusted Dollars (Native Hawaiian And Other Pacific Islander  ,Median household income in the past 12 months (in 2023 inflation-adjusted dollars),48000,35805,253.63816666666668,75630.74631906739
B19013E_001,2011,"Virginia Beach-Norfolk-Newport News, VA-NC Metro Area",47260,Median Household Income In The Past 12 Months (In 2023 Inflation-Adjusted Dollars (Native Hawaiian And Other Pacific Islander  ,Median household income in the past 12 months (in 2023 inflation-adjusted dollars),55211,17335,253.63816666666668,86992.69031295893
B19013E_001,2011,"Washington-Arlington-Alexandria, DC-VA-MD-WV Metro Area",47900,Median Household Income In The Past 12 Months (In 2023 Inflation-Adjusted Dollars (Native Hawaiian And Other Pacific Islander  ,Median household income in the past 12 months (in 2023 inflation-adjusted dollars),95700,6617,253.63816666666668,150788.8004736406
B19013E_001,2011,"Winchester, VA-WV Metro Area",49020,Median Household Income In The Past 12 Months (In 2023 Inflation-Adjusted Dollars (Native Hawaiian And Other Pacific Islander  ,Median household income in the past 12 months (in 2023 inflation-adjusted dollars),NA,NA,253.63816666666668,NA
B19013E_001,2012,"Blacksburg-Christiansburg-Radford, VA Metro Area",13980,Median Household Income In The Past 12 Months (In 2023 Inflation-Adjusted Dollars (Native Hawaiian And Other Pacific Islander  ,Median household income in the past 12 months (in 2023 inflation-adjusted dollars),NA,NA,260.3668333333333,NA
B19013E_001,2012,"Bluefield, WV-VA Micro Area",14140,Median Household Income In The Past 12 Months (In 2023 Inflation-Adjusted Dollars (Native Hawaiian And Other Pacific Islander  ,Median household income in the past 12 months (in 2023 inflation-adjusted dollars),NA,NA,260.3668333333333,NA
B19013E_001,2012,"Charlottesville, VA Metro Area",16820,Median Household Income In The Past 12 Months (In 2023 Inflation-Adjusted Dollars (Native Hawaiian And Other Pacific Islander  ,Median household income in the past 12 months (in 2023 inflation-adjusted dollars),NA,NA,260.3668333333333,NA
B19013E_001,2012,"Culpeper, VA Micro Area",19020,Median Household Income In The Past 12 Months (In 2023 Inflation-Adjusted Dollars (Native Hawaiian And Other Pacific Islander  ,Median household income in the past 12 months (in 2023 inflation-adjusted dollars),NA,NA,260.3668333333333,NA
B19013E_001,2012,"Danville, VA Metro Area",19260,Median Household Income In The Past 12 Months (In 2023 Inflation-Adjusted Dollars (Native Hawaiian And Other Pacific Islander  ,Median household income in the past 12 months (in 2023 inflation-adjusted dollars),2499,NA,260.3668333333333,3835.7681530865752
B19013E_001,2012,"Harrisonburg, VA Metro Area",25500,Median Household Income In The Past 12 Months (In 2023 Inflation-Adjusted Dollars (Native Hawaiian And Other Pacific Islander  ,Median household income in the past 12 months (in 2023 inflation-adjusted dollars),NA,NA,260.3668333333333,NA
B19013E_001,2012,"Kingsport-Bristol-Bristol, TN-VA Metro Area",28700,Median Household Income In The Past 12 Months (In 2023 Inflation-Adjusted Dollars (Native Hawaiian And Other Pacific Islander  ,Median household income in the past 12 months (in 2023 inflation-adjusted dollars),80417,19396,260.3668333333333,123433.76053091761
B19013E_001,2012,"Lynchburg, VA Metro Area",31340,Median Household Income In The Past 12 Months (In 2023 Inflation-Adjusted Dollars (Native Hawaiian And Other Pacific Islander  ,Median household income in the past 12 months (in 2023 inflation-adjusted dollars),93750,94352,260.3668333333333,143898.8652868613
B19013E_001,2012,"Martinsville, VA Micro Area",32300,Median Household Income In The Past 12 Months (In 2023 Inflation-Adjusted Dollars (Native Hawaiian And Other Pacific Islander  ,Median household income in the past 12 months (in 2023 inflation-adjusted dollars),NA,NA,260.3668333333333,NA
B19013E_001,2012,"Richmond, VA Metro Area",40060,Median Household Income In The Past 12 Months (In 2023 Inflation-Adjusted Dollars (Native Hawaiian And Other Pacific Islander  ,Median household income in the past 12 months (in 2023 inflation-adjusted dollars),75568,42728,260.3668333333333,115990.92748797372
B19013E_001,2012,"Roanoke, VA Metro Area",40220,Median Household Income In The Past 12 Months (In 2023 Inflation-Adjusted Dollars (Native Hawaiian And Other Pacific Islander  ,Median household income in the past 12 months (in 2023 inflation-adjusted dollars),NA,NA,260.3668333333333,NA
B19013E_001,2012,"Staunton-Waynesboro, VA Micro Area",44420,Median Household Income In The Past 12 Months (In 2023 Inflation-Adjusted Dollars (Native Hawaiian And Other Pacific Islander  ,Median household income in the past 12 months (in 2023 inflation-adjusted dollars),44375,11073,260.3668333333333,68112.12956911436
B19013E_001,2012,"Virginia Beach-Norfolk-Newport News, VA-NC Metro Area",47260,Median Household Income In The Past 12 Months (In 2023 Inflation-Adjusted Dollars (Native Hawaiian And Other Pacific Islander  ,Median household income in the past 12 months (in 2023 inflation-adjusted dollars),74387,14775,260.3668333333333,114178.1855156667
B19013E_001,2012,"Washington-Arlington-Alexandria, DC-VA-MD-WV Metro Area",47900,Median Household Income In The Past 12 Months (In 2023 Inflation-Adjusted Dollars (Native Hawaiian And Other Pacific Islander  ,Median household income in the past 12 months (in 2023 inflation-adjusted dollars),97341,10469,260.3668333333333,149410.76742280924
B19013E_001,2012,"Winchester, VA-WV Metro Area",49020,Median Household Income In The Past 12 Months (In 2023 Inflation-Adjusted Dollars (Native Hawaiian And Other Pacific Islander  ,Median household income in the past 12 months (in 2023 inflation-adjusted dollars),NA,NA,260.3668333333333,NA
B19013E_001,2013,"Big Stone Gap, VA Micro Area",13720,Median Household Income In The Past 12 Months (In 2023 Inflation-Adjusted Dollars (Native Hawaiian And Other Pacific Islander  ,Median household income in the past 12 months (in 2023 inflation-adjusted dollars),NA,NA,267.7245833333333,NA
B19013E_001,2013,"Blacksburg-Christiansburg-Radford, VA Metro Area",13980,Median Household Income In The Past 12 Months (In 2023 Inflation-Adjusted Dollars (Native Hawaiian And Other Pacific Islander  ,Median household income in the past 12 months (in 2023 inflation-adjusted dollars),NA,NA,267.7245833333333,NA
B19013E_001,2013,"Bluefield, WV-VA Micro Area",14140,Median Household Income In The Past 12 Months (In 2023 Inflation-Adjusted Dollars (Native Hawaiian And Other Pacific Islander  ,Median household income in the past 12 months (in 2023 inflation-adjusted dollars),NA,NA,267.7245833333333,NA
B19013E_001,2013,"Charlottesville, VA Metro Area",16820,Median Household Income In The Past 12 Months (In 2023 Inflation-Adjusted Dollars (Native Hawaiian And Other Pacific Islander  ,Median household income in the past 12 months (in 2023 inflation-adjusted dollars),NA,NA,267.7245833333333,NA
B19013E_001,2013,"Danville, VA Micro Area",19260,Median Household Income In The Past 12 Months (In 2023 Inflation-Adjusted Dollars (Native Hawaiian And Other Pacific Islander  ,Median household income in the past 12 months (in 2023 inflation-adjusted dollars),NA,NA,267.7245833333333,NA
B19013E_001,2013,"Harrisonburg, VA Metro Area",25500,Median Household Income In The Past 12 Months (In 2023 Inflation-Adjusted Dollars (Native Hawaiian And Other Pacific Islander  ,Median household income in the past 12 months (in 2023 inflation-adjusted dollars),NA,NA,267.7245833333333,NA
B19013E_001,2013,"Kingsport-Bristol-Bristol, TN-VA Metro Area",28700,Median Household Income In The Past 12 Months (In 2023 Inflation-Adjusted Dollars (Native Hawaiian And Other Pacific Islander  ,Median household income in the past 12 months (in 2023 inflation-adjusted dollars),NA,NA,267.7245833333333,NA
B19013E_001,2013,"Lynchburg, VA Metro Area",31340,Median Household Income In The Past 12 Months (In 2023 Inflation-Adjusted Dollars (Native Hawaiian And Other Pacific Islander  ,Median household income in the past 12 months (in 2023 inflation-adjusted dollars),93750,107317,267.7245833333333,139944.15980975475
B19013E_001,2013,"Martinsville, VA Micro Area",32300,Median Household Income In The Past 12 Months (In 2023 Inflation-Adjusted Dollars (Native Hawaiian And Other Pacific Islander  ,Median household income in the past 12 months (in 2023 inflation-adjusted dollars),NA,NA,267.7245833333333,NA
B19013E_001,2013,"Richmond, VA Metro Area",40060,Median Household Income In The Past 12 Months (In 2023 Inflation-Adjusted Dollars (Native Hawaiian And Other Pacific Islander  ,Median household income in the past 12 months (in 2023 inflation-adjusted dollars),98750,135713,267.7245833333333,147407.84833294168
B19013E_001,2013,"Roanoke, VA Metro Area",40220,Median Household Income In The Past 12 Months (In 2023 Inflation-Adjusted Dollars (Native Hawaiian And Other Pacific Islander  ,Median household income in the past 12 months (in 2023 inflation-adjusted dollars),NA,NA,267.7245833333333,NA
B19013E_001,2013,"Staunton-Waynesboro, VA Metro Area",44420,Median Household Income In The Past 12 Months (In 2023 Inflation-Adjusted Dollars (Native Hawaiian And Other Pacific Islander  ,Median household income in the past 12 months (in 2023 inflation-adjusted dollars),NA,NA,267.7245833333333,NA
B19013E_001,2013,"Virginia Beach-Norfolk-Newport News, VA-NC Metro Area",47260,Median Household Income In The Past 12 Months (In 2023 Inflation-Adjusted Dollars (Native Hawaiian And Other Pacific Islander  ,Median household income in the past 12 months (in 2023 inflation-adjusted dollars),71389,9499,267.7245833333333,106565.0519963582
B19013E_001,2013,"Washington-Arlington-Alexandria, DC-VA-MD-WV Metro Area",47900,Median Household Income In The Past 12 Months (In 2023 Inflation-Adjusted Dollars (Native Hawaiian And Other Pacific Islander  ,Median household income in the past 12 months (in 2023 inflation-adjusted dollars),80357,17703,267.7245833333333,119951.92373154627
B19013E_001,2013,"Winchester, VA-WV Metro Area",49020,Median Household Income In The Past 12 Months (In 2023 Inflation-Adjusted Dollars (Native Hawaiian And Other Pacific Islander  ,Median household income in the past 12 months (in 2023 inflation-adjusted dollars),NA,NA,267.7245833333333,NA
B19013E_001,2014,"Big Stone Gap, VA Micro Area",13720,Median Household Income In The Past 12 Months (In 2023 Inflation-Adjusted Dollars (Native Hawaiian And Other Pacific Islander  ,Median household income in the past 12 months (in 2023 inflation-adjusted dollars),NA,NA,276.1619166666667,NA
B19013E_001,2014,"Blacksburg-Christiansburg-Radford, VA Metro Area",13980,Median Household Income In The Past 12 Months (In 2023 Inflation-Adjusted Dollars (Native Hawaiian And Other Pacific Islander  ,Median household income in the past 12 months (in 2023 inflation-adjusted dollars),NA,NA,276.1619166666667,NA
B19013E_001,2014,"Bluefield, WV-VA Micro Area",14140,Median Household Income In The Past 12 Months (In 2023 Inflation-Adjusted Dollars (Native Hawaiian And Other Pacific Islander  ,Median household income in the past 12 months (in 2023 inflation-adjusted dollars),NA,NA,276.1619166666667,NA
B19013E_001,2014,"Charlottesville, VA Metro Area",16820,Median Household Income In The Past 12 Months (In 2023 Inflation-Adjusted Dollars (Native Hawaiian And Other Pacific Islander  ,Median household income in the past 12 months (in 2023 inflation-adjusted dollars),NA,NA,276.1619166666667,NA
B19013E_001,2014,"Danville, VA Micro Area",19260,Median Household Income In The Past 12 Months (In 2023 Inflation-Adjusted Dollars (Native Hawaiian And Other Pacific Islander  ,Median household income in the past 12 months (in 2023 inflation-adjusted dollars),NA,NA,276.1619166666667,NA
B19013E_001,2014,"Harrisonburg, VA Metro Area",25500,Median Household Income In The Past 12 Months (In 2023 Inflation-Adjusted Dollars (Native Hawaiian And Other Pacific Islander  ,Median household income in the past 12 months (in 2023 inflation-adjusted dollars),NA,NA,276.1619166666667,NA
B19013E_001,2014,"Kingsport-Bristol-Bristol, TN-VA Metro Area",28700,Median Household Income In The Past 12 Months (In 2023 Inflation-Adjusted Dollars (Native Hawaiian And Other Pacific Islander  ,Median household income in the past 12 months (in 2023 inflation-adjusted dollars),NA,NA,276.1619166666667,NA
B19013E_001,2014,"Lynchburg, VA Metro Area",31340,Median Household Income In The Past 12 Months (In 2023 Inflation-Adjusted Dollars (Native Hawaiian And Other Pacific Islander  ,Median household income in the past 12 months (in 2023 inflation-adjusted dollars),96429,141780,276.1619166666667,139545.43338911986
B19013E_001,2014,"Martinsville, VA Micro Area",32300,Median Household Income In The Past 12 Months (In 2023 Inflation-Adjusted Dollars (Native Hawaiian And Other Pacific Islander  ,Median household income in the past 12 months (in 2023 inflation-adjusted dollars),NA,NA,276.1619166666667,NA
B19013E_001,2014,"Richmond, VA Metro Area",40060,Median Household Income In The Past 12 Months (In 2023 Inflation-Adjusted Dollars (Native Hawaiian And Other Pacific Islander  ,Median household income in the past 12 months (in 2023 inflation-adjusted dollars),157621,177883,276.1619166666667,228098.29777583983
B19013E_001,2014,"Roanoke, VA Metro Area",40220,Median Household Income In The Past 12 Months (In 2023 Inflation-Adjusted Dollars (Native Hawaiian And Other Pacific Islander  ,Median household income in the past 12 months (in 2023 inflation-adjusted dollars),NA,NA,276.1619166666667,NA
B19013E_001,2014,"Staunton-Waynesboro, VA Metro Area",44420,Median Household Income In The Past 12 Months (In 2023 Inflation-Adjusted Dollars (Native Hawaiian And Other Pacific Islander  ,Median household income in the past 12 months (in 2023 inflation-adjusted dollars),NA,NA,276.1619166666667,NA
B19013E_001,2014,"Virginia Beach-Norfolk-Newport News, VA-NC Metro Area",47260,Median Household Income In The Past 12 Months (In 2023 Inflation-Adjusted Dollars (Native Hawaiian And Other Pacific Islander  ,Median household income in the past 12 months (in 2023 inflation-adjusted dollars),75611,6935,276.1619166666667,109419.05198627738
B19013E_001,2014,"Washington-Arlington-Alexandria, DC-VA-MD-WV Metro Area",47900,Median Household Income In The Past 12 Months (In 2023 Inflation-Adjusted Dollars (Native Hawaiian And Other Pacific Islander  ,Median household income in the past 12 months (in 2023 inflation-adjusted dollars),82232,19729,276.1619166666667,119000.50895948421
B19013E_001,2014,"Winchester, VA-WV Metro Area",49020,Median Household Income In The Past 12 Months (In 2023 Inflation-Adjusted Dollars (Native Hawaiian And Other Pacific Islander  ,Median household income in the past 12 months (in 2023 inflation-adjusted dollars),NA,NA,276.1619166666667,NA
B19013E_001,2015,"Big Stone Gap, VA Micro Area",13720,Median Household Income In The Past 12 Months (In 2023 Inflation-Adjusted Dollars (Native Hawaiian And Other Pacific Islander  ,Median household income in the past 12 months (in 2023 inflation-adjusted dollars),NA,NA,286.0319166666667,NA
B19013E_001,2015,"Blacksburg-Christiansburg-Radford, VA Metro Area",13980,Median Household Income In The Past 12 Months (In 2023 Inflation-Adjusted Dollars (Native Hawaiian And Other Pacific Islander  ,Median household income in the past 12 months (in 2023 inflation-adjusted dollars),NA,NA,286.0319166666667,NA
B19013E_001,2015,"Bluefield, WV-VA Micro Area",14140,Median Household Income In The Past 12 Months (In 2023 Inflation-Adjusted Dollars (Native Hawaiian And Other Pacific Islander  ,Median household income in the past 12 months (in 2023 inflation-adjusted dollars),NA,NA,286.0319166666667,NA
B19013E_001,2015,"Charlottesville, VA Metro Area",16820,Median Household Income In The Past 12 Months (In 2023 Inflation-Adjusted Dollars (Native Hawaiian And Other Pacific Islander  ,Median household income in the past 12 months (in 2023 inflation-adjusted dollars),NA,NA,286.0319166666667,NA
B19013E_001,2015,"Danville, VA Micro Area",19260,Median Household Income In The Past 12 Months (In 2023 Inflation-Adjusted Dollars (Native Hawaiian And Other Pacific Islander  ,Median household income in the past 12 months (in 2023 inflation-adjusted dollars),NA,NA,286.0319166666667,NA
B19013E_001,2015,"Harrisonburg, VA Metro Area",25500,Median Household Income In The Past 12 Months (In 2023 Inflation-Adjusted Dollars (Native Hawaiian And Other Pacific Islander  ,Median household income in the past 12 months (in 2023 inflation-adjusted dollars),NA,NA,286.0319166666667,NA
B19013E_001,2015,"Kingsport-Bristol-Bristol, TN-VA Metro Area",28700,Median Household Income In The Past 12 Months (In 2023 Inflation-Adjusted Dollars (Native Hawaiian And Other Pacific Islander  ,Median household income in the past 12 months (in 2023 inflation-adjusted dollars),NA,NA,286.0319166666667,NA
B19013E_001,2015,"Lynchburg, VA Metro Area",31340,Median Household Income In The Past 12 Months (In 2023 Inflation-Adjusted Dollars (Native Hawaiian And Other Pacific Islander  ,Median household income in the past 12 months (in 2023 inflation-adjusted dollars),NA,NA,286.0319166666667,NA
B19013E_001,2015,"Martinsville, VA Micro Area",32300,Median Household Income In The Past 12 Months (In 2023 Inflation-Adjusted Dollars (Native Hawaiian And Other Pacific Islander  ,Median household income in the past 12 months (in 2023 inflation-adjusted dollars),NA,NA,286.0319166666667,NA
B19013E_001,2015,"Richmond, VA Metro Area",40060,Median Household Income In The Past 12 Months (In 2023 Inflation-Adjusted Dollars (Native Hawaiian And Other Pacific Islander  ,Median household income in the past 12 months (in 2023 inflation-adjusted dollars),125156,114378,286.0319166666667,174867.43201727778
B19013E_001,2015,"Roanoke, VA Metro Area",40220,Median Household Income In The Past 12 Months (In 2023 Inflation-Adjusted Dollars (Native Hawaiian And Other Pacific Islander  ,Median household income in the past 12 months (in 2023 inflation-adjusted dollars),NA,NA,286.0319166666667,NA
B19013E_001,2015,"Staunton-Waynesboro, VA Metro Area",44420,Median Household Income In The Past 12 Months (In 2023 Inflation-Adjusted Dollars (Native Hawaiian And Other Pacific Islander  ,Median household income in the past 12 months (in 2023 inflation-adjusted dollars),NA,NA,286.0319166666667,NA
B19013E_001,2015,"Virginia Beach-Norfolk-Newport News, VA-NC Metro Area",47260,Median Household Income In The Past 12 Months (In 2023 Inflation-Adjusted Dollars (Native Hawaiian And Other Pacific Islander  ,Median household income in the past 12 months (in 2023 inflation-adjusted dollars),69282,15339,286.0319166666667,96800.51635575632
B19013E_001,2015,"Washington-Arlington-Alexandria, DC-VA-MD-WV Metro Area",47900,Median Household Income In The Past 12 Months (In 2023 Inflation-Adjusted Dollars (Native Hawaiian And Other Pacific Islander  ,Median household income in the past 12 months (in 2023 inflation-adjusted dollars),90720,17538,286.0319166666667,126753.59896934577
B19013E_001,2015,"Winchester, VA-WV Metro Area",49020,Median Household Income In The Past 12 Months (In 2023 Inflation-Adjusted Dollars (Native Hawaiian And Other Pacific Islander  ,Median household income in the past 12 months (in 2023 inflation-adjusted dollars),NA,NA,286.0319166666667,NA
B19013E_001,2016,"Big Stone Gap, VA Micro Area",13720,Median Household Income In The Past 12 Months (In 2023 Inflation-Adjusted Dollars (Native Hawaiian And Other Pacific Islander  ,Median household income in the past 12 months (in 2023 inflation-adjusted dollars),NA,NA,296.8204166666667,NA
B19013E_001,2016,"Blacksburg-Christiansburg-Radford, VA Metro Area",13980,Median Household Income In The Past 12 Months (In 2023 Inflation-Adjusted Dollars (Native Hawaiian And Other Pacific Islander  ,Median household income in the past 12 months (in 2023 inflation-adjusted dollars),NA,NA,296.8204166666667,NA
B19013E_001,2016,"Bluefield, WV-VA Micro Area",14140,Median Household Income In The Past 12 Months (In 2023 Inflation-Adjusted Dollars (Native Hawaiian And Other Pacific Islander  ,Median household income in the past 12 months (in 2023 inflation-adjusted dollars),NA,NA,296.8204166666667,NA
B19013E_001,2016,"Charlottesville, VA Metro Area",16820,Median Household Income In The Past 12 Months (In 2023 Inflation-Adjusted Dollars (Native Hawaiian And Other Pacific Islander  ,Median household income in the past 12 months (in 2023 inflation-adjusted dollars),40486,2309,296.8204166666667,54510.837480732596
B19013E_001,2016,"Danville, VA Micro Area",19260,Median Household Income In The Past 12 Months (In 2023 Inflation-Adjusted Dollars (Native Hawaiian And Other Pacific Islander  ,Median household income in the past 12 months (in 2023 inflation-adjusted dollars),NA,NA,296.8204166666667,NA
B19013E_001,2016,"Harrisonburg, VA Metro Area",25500,Median Household Income In The Past 12 Months (In 2023 Inflation-Adjusted Dollars (Native Hawaiian And Other Pacific Islander  ,Median household income in the past 12 months (in 2023 inflation-adjusted dollars),NA,NA,296.8204166666667,NA
B19013E_001,2016,"Kingsport-Bristol-Bristol, TN-VA Metro Area",28700,Median Household Income In The Past 12 Months (In 2023 Inflation-Adjusted Dollars (Native Hawaiian And Other Pacific Islander  ,Median household income in the past 12 months (in 2023 inflation-adjusted dollars),NA,NA,296.8204166666667,NA
B19013E_001,2016,"Lynchburg, VA Metro Area",31340,Median Household Income In The Past 12 Months (In 2023 Inflation-Adjusted Dollars (Native Hawaiian And Other Pacific Islander  ,Median household income in the past 12 months (in 2023 inflation-adjusted dollars),NA,NA,296.8204166666667,NA
B19013E_001,2016,"Martinsville, VA Micro Area",32300,Median Household Income In The Past 12 Months (In 2023 Inflation-Adjusted Dollars (Native Hawaiian And Other Pacific Islander  ,Median household income in the past 12 months (in 2023 inflation-adjusted dollars),NA,NA,296.8204166666667,NA
B19013E_001,2016,"Richmond, VA Metro Area",40060,Median Household Income In The Past 12 Months (In 2023 Inflation-Adjusted Dollars (Native Hawaiian And Other Pacific Islander  ,Median household income in the past 12 months (in 2023 inflation-adjusted dollars),NA,NA,296.8204166666667,NA
B19013E_001,2016,"Roanoke, VA Metro Area",40220,Median Household Income In The Past 12 Months (In 2023 Inflation-Adjusted Dollars (Native Hawaiian And Other Pacific Islander  ,Median household income in the past 12 months (in 2023 inflation-adjusted dollars),NA,NA,296.8204166666667,NA
B19013E_001,2016,"Staunton-Waynesboro, VA Metro Area",44420,Median Household Income In The Past 12 Months (In 2023 Inflation-Adjusted Dollars (Native Hawaiian And Other Pacific Islander  ,Median household income in the past 12 months (in 2023 inflation-adjusted dollars),NA,NA,296.8204166666667,NA
B19013E_001,2016,"Virginia Beach-Norfolk-Newport News, VA-NC Metro Area",47260,Median Household Income In The Past 12 Months (In 2023 Inflation-Adjusted Dollars (Native Hawaiian And Other Pacific Islander  ,Median household income in the past 12 months (in 2023 inflation-adjusted dollars),72986,17325,296.8204166666667,98269.22848314849
B19013E_001,2016,"Washington-Arlington-Alexandria, DC-VA-MD-WV Metro Area",47900,Median Household Income In The Past 12 Months (In 2023 Inflation-Adjusted Dollars (Native Hawaiian And Other Pacific Islander  ,Median household income in the past 12 months (in 2023 inflation-adjusted dollars),72109,7691,296.8204166666667,97088.42513209868
B19013E_001,2016,"Winchester, VA-WV Metro Area",49020,Median Household Income In The Past 12 Months (In 2023 Inflation-Adjusted Dollars (Native Hawaiian And Other Pacific Islander  ,Median household income in the past 12 months (in 2023 inflation-adjusted dollars),NA,NA,296.8204166666667,NA
B19013E_001,2017,"Big Stone Gap, VA Micro Area",13720,Median Household Income In The Past 12 Months (In 2023 Inflation-Adjusted Dollars (Native Hawaiian And Other Pacific Islander  ,Median household income in the past 12 months (in 2023 inflation-adjusted dollars),NA,NA,308.14258333333333,NA
B19013E_001,2017,"Blacksburg-Christiansburg-Radford, VA Metro Area",13980,Median Household Income In The Past 12 Months (In 2023 Inflation-Adjusted Dollars (Native Hawaiian And Other Pacific Islander  ,Median household income in the past 12 months (in 2023 inflation-adjusted dollars),10850,3932,308.14258333333333,14071.80385811655
B19013E_001,2017,"Bluefield, WV-VA Micro Area",14140,Median Household Income In The Past 12 Months (In 2023 Inflation-Adjusted Dollars (Native Hawaiian And Other Pacific Islander  ,Median household income in the past 12 months (in 2023 inflation-adjusted dollars),NA,NA,308.14258333333333,NA
B19013E_001,2017,"Charlottesville, VA Metro Area",16820,Median Household Income In The Past 12 Months (In 2023 Inflation-Adjusted Dollars (Native Hawaiian And Other Pacific Islander  ,Median household income in the past 12 months (in 2023 inflation-adjusted dollars),NA,NA,308.14258333333333,NA
B19013E_001,2017,"Danville, VA Micro Area",19260,Median Household Income In The Past 12 Months (In 2023 Inflation-Adjusted Dollars (Native Hawaiian And Other Pacific Islander  ,Median household income in the past 12 months (in 2023 inflation-adjusted dollars),NA,NA,308.14258333333333,NA
B19013E_001,2017,"Harrisonburg, VA Metro Area",25500,Median Household Income In The Past 12 Months (In 2023 Inflation-Adjusted Dollars (Native Hawaiian And Other Pacific Islander  ,Median household income in the past 12 months (in 2023 inflation-adjusted dollars),NA,NA,308.14258333333333,NA
B19013E_001,2017,"Kingsport-Bristol-Bristol, TN-VA Metro Area",28700,Median Household Income In The Past 12 Months (In 2023 Inflation-Adjusted Dollars (Native Hawaiian And Other Pacific Islander  ,Median household income in the past 12 months (in 2023 inflation-adjusted dollars),NA,NA,308.14258333333333,NA
B19013E_001,2017,"Lynchburg, VA Metro Area",31340,Median Household Income In The Past 12 Months (In 2023 Inflation-Adjusted Dollars (Native Hawaiian And Other Pacific Islander  ,Median household income in the past 12 months (in 2023 inflation-adjusted dollars),NA,NA,308.14258333333333,NA
B19013E_001,2017,"Martinsville, VA Micro Area",32300,Median Household Income In The Past 12 Months (In 2023 Inflation-Adjusted Dollars (Native Hawaiian And Other Pacific Islander  ,Median household income in the past 12 months (in 2023 inflation-adjusted dollars),NA,NA,308.14258333333333,NA
B19013E_001,2017,"Richmond, VA Metro Area",40060,Median Household Income In The Past 12 Months (In 2023 Inflation-Adjusted Dollars (Native Hawaiian And Other Pacific Islander  ,Median household income in the past 12 months (in 2023 inflation-adjusted dollars),58906,34649,308.14258333333333,76397.57401531922
B19013E_001,2017,"Roanoke, VA Metro Area",40220,Median Household Income In The Past 12 Months (In 2023 Inflation-Adjusted Dollars (Native Hawaiian And Other Pacific Islander  ,Median household income in the past 12 months (in 2023 inflation-adjusted dollars),NA,NA,308.14258333333333,NA
B19013E_001,2017,"Staunton-Waynesboro, VA Metro Area",44420,Median Household Income In The Past 12 Months (In 2023 Inflation-Adjusted Dollars (Native Hawaiian And Other Pacific Islander  ,Median household income in the past 12 months (in 2023 inflation-adjusted dollars),NA,NA,308.14258333333333,NA
B19013E_001,2017,"Virginia Beach-Norfolk-Newport News, VA-NC Metro Area",47260,Median Household Income In The Past 12 Months (In 2023 Inflation-Adjusted Dollars (Native Hawaiian And Other Pacific Islander  ,Median household income in the past 12 months (in 2023 inflation-adjusted dollars),86458,21389,308.14258333333333,112130.87723180097
B19013E_001,2017,"Washington-Arlington-Alexandria, DC-VA-MD-WV Metro Area",47900,Median Household Income In The Past 12 Months (In 2023 Inflation-Adjusted Dollars (Native Hawaiian And Other Pacific Islander  ,Median household income in the past 12 months (in 2023 inflation-adjusted dollars),85781,13775,308.14258333333333,111252.84854867242
B19013E_001,2017,"Winchester, VA-WV Metro Area",49020,Median Household Income In The Past 12 Months (In 2023 Inflation-Adjusted Dollars (Native Hawaiian And Other Pacific Islander  ,Median household income in the past 12 months (in 2023 inflation-adjusted dollars),NA,NA,308.14258333333333,NA
B19013E_001,2018,"Big Stone Gap, VA Micro Area",13720,Median Household Income In The Past 12 Months (In 2023 Inflation-Adjusted Dollars (Native Hawaiian And Other Pacific Islander  ,Median household income in the past 12 months (in 2023 inflation-adjusted dollars),NA,NA,319.28875,NA
B19013E_001,2018,"Blacksburg-Christiansburg-Radford, VA Metro Area",13980,Median Household Income In The Past 12 Months (In 2023 Inflation-Adjusted Dollars (Native Hawaiian And Other Pacific Islander  ,Median household income in the past 12 months (in 2023 inflation-adjusted dollars),NA,NA,319.28875,NA
B19013E_001,2018,"Bluefield, WV-VA Micro Area",14140,Median Household Income In The Past 12 Months (In 2023 Inflation-Adjusted Dollars (Native Hawaiian And Other Pacific Islander  ,Median household income in the past 12 months (in 2023 inflation-adjusted dollars),NA,NA,319.28875,NA
B19013E_001,2018,"Charlottesville, VA Metro Area",16820,Median Household Income In The Past 12 Months (In 2023 Inflation-Adjusted Dollars (Native Hawaiian And Other Pacific Islander  ,Median household income in the past 12 months (in 2023 inflation-adjusted dollars),NA,NA,319.28875,NA
B19013E_001,2018,"Danville, VA Micro Area",19260,Median Household Income In The Past 12 Months (In 2023 Inflation-Adjusted Dollars (Native Hawaiian And Other Pacific Islander  ,Median household income in the past 12 months (in 2023 inflation-adjusted dollars),NA,NA,319.28875,NA
B19013E_001,2018,"Harrisonburg, VA Metro Area",25500,Median Household Income In The Past 12 Months (In 2023 Inflation-Adjusted Dollars (Native Hawaiian And Other Pacific Islander  ,Median household income in the past 12 months (in 2023 inflation-adjusted dollars),NA,NA,319.28875,NA
B19013E_001,2018,"Kingsport-Bristol-Bristol, TN-VA Metro Area",28700,Median Household Income In The Past 12 Months (In 2023 Inflation-Adjusted Dollars (Native Hawaiian And Other Pacific Islander  ,Median household income in the past 12 months (in 2023 inflation-adjusted dollars),NA,NA,319.28875,NA
B19013E_001,2018,"Lynchburg, VA Metro Area",31340,Median Household Income In The Past 12 Months (In 2023 Inflation-Adjusted Dollars (Native Hawaiian And Other Pacific Islander  ,Median household income in the past 12 months (in 2023 inflation-adjusted dollars),NA,NA,319.28875,NA
B19013E_001,2018,"Martinsville, VA Micro Area",32300,Median Household Income In The Past 12 Months (In 2023 Inflation-Adjusted Dollars (Native Hawaiian And Other Pacific Islander  ,Median household income in the past 12 months (in 2023 inflation-adjusted dollars),NA,NA,319.28875,NA
B19013E_001,2018,"Richmond, VA Metro Area",40060,Median Household Income In The Past 12 Months (In 2023 Inflation-Adjusted Dollars (Native Hawaiian And Other Pacific Islander  ,Median household income in the past 12 months (in 2023 inflation-adjusted dollars),61806,49513,319.28875,77360.41216447494
B19013E_001,2018,"Roanoke, VA Metro Area",40220,Median Household Income In The Past 12 Months (In 2023 Inflation-Adjusted Dollars (Native Hawaiian And Other Pacific Islander  ,Median household income in the past 12 months (in 2023 inflation-adjusted dollars),NA,NA,319.28875,NA
B19013E_001,2018,"Staunton-Waynesboro, VA Metro Area",44420,Median Household Income In The Past 12 Months (In 2023 Inflation-Adjusted Dollars (Native Hawaiian And Other Pacific Islander  ,Median household income in the past 12 months (in 2023 inflation-adjusted dollars),NA,NA,319.28875,NA
B19013E_001,2018,"Virginia Beach-Norfolk-Newport News, VA-NC Metro Area",47260,Median Household Income In The Past 12 Months (In 2023 Inflation-Adjusted Dollars (Native Hawaiian And Other Pacific Islander  ,Median household income in the past 12 months (in 2023 inflation-adjusted dollars),89231,31384,319.28875,111687.32708552995
B19013E_001,2018,"Washington-Arlington-Alexandria, DC-VA-MD-WV Metro Area",47900,Median Household Income In The Past 12 Months (In 2023 Inflation-Adjusted Dollars (Native Hawaiian And Other Pacific Islander  ,Median household income in the past 12 months (in 2023 inflation-adjusted dollars),87708,14752,319.28875,109781.0411630225
B19013E_001,2018,"Winchester, VA-WV Metro Area",49020,Median Household Income In The Past 12 Months (In 2023 Inflation-Adjusted Dollars (Native Hawaiian And Other Pacific Islander  ,Median household income in the past 12 months (in 2023 inflation-adjusted dollars),NA,NA,319.28875,NA
B19013E_001,2019,"Big Stone Gap, VA Micro Area",13720,Median Household Income In The Past 12 Months (In 2023 Inflation-Adjusted Dollars (Native Hawaiian And Other Pacific Islander  ,Median household income in the past 12 months (in 2023 inflation-adjusted dollars),NA,NA,331.12375,NA
B19013E_001,2019,"Blacksburg-Christiansburg, VA Metro Area",13980,Median Household Income In The Past 12 Months (In 2023 Inflation-Adjusted Dollars (Native Hawaiian And Other Pacific Islander  ,Median household income in the past 12 months (in 2023 inflation-adjusted dollars),NA,NA,331.12375,NA
B19013E_001,2019,"Bluefield, WV-VA Micro Area",14140,Median Household Income In The Past 12 Months (In 2023 Inflation-Adjusted Dollars (Native Hawaiian And Other Pacific Islander  ,Median household income in the past 12 months (in 2023 inflation-adjusted dollars),NA,NA,331.12375,NA
B19013E_001,2019,"Charlottesville, VA Metro Area",16820,Median Household Income In The Past 12 Months (In 2023 Inflation-Adjusted Dollars (Native Hawaiian And Other Pacific Islander  ,Median household income in the past 12 months (in 2023 inflation-adjusted dollars),NA,NA,331.12375,NA
B19013E_001,2019,"Danville, VA Micro Area",19260,Median Household Income In The Past 12 Months (In 2023 Inflation-Adjusted Dollars (Native Hawaiian And Other Pacific Islander  ,Median household income in the past 12 months (in 2023 inflation-adjusted dollars),NA,NA,331.12375,NA
B19013E_001,2019,"Harrisonburg, VA Metro Area",25500,Median Household Income In The Past 12 Months (In 2023 Inflation-Adjusted Dollars (Native Hawaiian And Other Pacific Islander  ,Median household income in the past 12 months (in 2023 inflation-adjusted dollars),NA,NA,331.12375,NA
B19013E_001,2019,"Kingsport-Bristol, TN-VA Metro Area",28700,Median Household Income In The Past 12 Months (In 2023 Inflation-Adjusted Dollars (Native Hawaiian And Other Pacific Islander  ,Median household income in the past 12 months (in 2023 inflation-adjusted dollars),NA,NA,331.12375,NA
B19013E_001,2019,"Lynchburg, VA Metro Area",31340,Median Household Income In The Past 12 Months (In 2023 Inflation-Adjusted Dollars (Native Hawaiian And Other Pacific Islander  ,Median household income in the past 12 months (in 2023 inflation-adjusted dollars),NA,NA,331.12375,NA
B19013E_001,2019,"Martinsville, VA Micro Area",32300,Median Household Income In The Past 12 Months (In 2023 Inflation-Adjusted Dollars (Native Hawaiian And Other Pacific Islander  ,Median household income in the past 12 months (in 2023 inflation-adjusted dollars),NA,NA,331.12375,NA
B19013E_001,2019,"Richmond, VA Metro Area",40060,Median Household Income In The Past 12 Months (In 2023 Inflation-Adjusted Dollars (Native Hawaiian And Other Pacific Islander  ,Median household income in the past 12 months (in 2023 inflation-adjusted dollars),NA,NA,331.12375,NA
B19013E_001,2019,"Roanoke, VA Metro Area",40220,Median Household Income In The Past 12 Months (In 2023 Inflation-Adjusted Dollars (Native Hawaiian And Other Pacific Islander  ,Median household income in the past 12 months (in 2023 inflation-adjusted dollars),NA,NA,331.12375,NA
B19013E_001,2019,"Staunton, VA Metro Area",44420,Median Household Income In The Past 12 Months (In 2023 Inflation-Adjusted Dollars (Native Hawaiian And Other Pacific Islander  ,Median household income in the past 12 months (in 2023 inflation-adjusted dollars),NA,NA,331.12375,NA
B19013E_001,2019,"Virginia Beach-Norfolk-Newport News, VA-NC Metro Area",47260,Median Household Income In The Past 12 Months (In 2023 Inflation-Adjusted Dollars (Native Hawaiian And Other Pacific Islander  ,Median household income in the past 12 months (in 2023 inflation-adjusted dollars),100337,53004,331.12375,121099.55129905362
B19013E_001,2019,"Washington-Arlington-Alexandria, DC-VA-MD-WV Metro Area",47900,Median Household Income In The Past 12 Months (In 2023 Inflation-Adjusted Dollars (Native Hawaiian And Other Pacific Islander  ,Median household income in the past 12 months (in 2023 inflation-adjusted dollars),76750,11714,331.12375,92631.73666944762
B19013E_001,2019,"Winchester, VA-WV Metro Area",49020,Median Household Income In The Past 12 Months (In 2023 Inflation-Adjusted Dollars (Native Hawaiian And Other Pacific Islander  ,Median household income in the past 12 months (in 2023 inflation-adjusted dollars),NA,NA,331.12375,NA
B19013E_001,2020,"Big Stone Gap, VA Micro Area",13720,Median Household Income In The Past 12 Months (In 2023 Inflation-Adjusted Dollars (Native Hawaiian And Other Pacific Islander  ,Median household income in the past 12 months (in 2023 inflation-adjusted dollars),NA,NA,341.46775,NA
B19013E_001,2020,"Blacksburg-Christiansburg, VA Metro Area",13980,Median Household Income In The Past 12 Months (In 2023 Inflation-Adjusted Dollars (Native Hawaiian And Other Pacific Islander  ,Median household income in the past 12 months (in 2023 inflation-adjusted dollars),NA,NA,341.46775,NA
B19013E_001,2020,"Bluefield, WV-VA Micro Area",14140,Median Household Income In The Past 12 Months (In 2023 Inflation-Adjusted Dollars (Native Hawaiian And Other Pacific Islander  ,Median household income in the past 12 months (in 2023 inflation-adjusted dollars),NA,NA,341.46775,NA
B19013E_001,2020,"Charlottesville, VA Metro Area",16820,Median Household Income In The Past 12 Months (In 2023 Inflation-Adjusted Dollars (Native Hawaiian And Other Pacific Islander  ,Median household income in the past 12 months (in 2023 inflation-adjusted dollars),NA,NA,341.46775,NA
B19013E_001,2020,"Danville, VA Micro Area",19260,Median Household Income In The Past 12 Months (In 2023 Inflation-Adjusted Dollars (Native Hawaiian And Other Pacific Islander  ,Median household income in the past 12 months (in 2023 inflation-adjusted dollars),NA,NA,341.46775,NA
B19013E_001,2020,"Harrisonburg, VA Metro Area",25500,Median Household Income In The Past 12 Months (In 2023 Inflation-Adjusted Dollars (Native Hawaiian And Other Pacific Islander  ,Median household income in the past 12 months (in 2023 inflation-adjusted dollars),NA,NA,341.46775,NA
B19013E_001,2020,"Kingsport-Bristol, TN-VA Metro Area",28700,Median Household Income In The Past 12 Months (In 2023 Inflation-Adjusted Dollars (Native Hawaiian And Other Pacific Islander  ,Median household income in the past 12 months (in 2023 inflation-adjusted dollars),NA,NA,341.46775,NA
B19013E_001,2020,"Lynchburg, VA Metro Area",31340,Median Household Income In The Past 12 Months (In 2023 Inflation-Adjusted Dollars (Native Hawaiian And Other Pacific Islander  ,Median household income in the past 12 months (in 2023 inflation-adjusted dollars),NA,NA,341.46775,NA
B19013E_001,2020,"Martinsville, VA Micro Area",32300,Median Household Income In The Past 12 Months (In 2023 Inflation-Adjusted Dollars (Native Hawaiian And Other Pacific Islander  ,Median household income in the past 12 months (in 2023 inflation-adjusted dollars),NA,NA,341.46775,NA
B19013E_001,2020,"Richmond, VA Metro Area",40060,Median Household Income In The Past 12 Months (In 2023 Inflation-Adjusted Dollars (Native Hawaiian And Other Pacific Islander  ,Median household income in the past 12 months (in 2023 inflation-adjusted dollars),51806,16848,341.46775,60632.03186678683
B19013E_001,2020,"Roanoke, VA Metro Area",40220,Median Household Income In The Past 12 Months (In 2023 Inflation-Adjusted Dollars (Native Hawaiian And Other Pacific Islander  ,Median household income in the past 12 months (in 2023 inflation-adjusted dollars),NA,NA,341.46775,NA
B19013E_001,2020,"Staunton, VA Metro Area",44420,Median Household Income In The Past 12 Months (In 2023 Inflation-Adjusted Dollars (Native Hawaiian And Other Pacific Islander  ,Median household income in the past 12 months (in 2023 inflation-adjusted dollars),NA,NA,341.46775,NA
B19013E_001,2020,"Virginia Beach-Norfolk-Newport News, VA-NC Metro Area",47260,Median Household Income In The Past 12 Months (In 2023 Inflation-Adjusted Dollars (Native Hawaiian And Other Pacific Islander  ,Median household income in the past 12 months (in 2023 inflation-adjusted dollars),90104,31776,341.46775,105454.74654142301
B19013E_001,2020,"Washington-Arlington-Alexandria, DC-VA-MD-WV Metro Area",47900,Median Household Income In The Past 12 Months (In 2023 Inflation-Adjusted Dollars (Native Hawaiian And Other Pacific Islander  ,Median household income in the past 12 months (in 2023 inflation-adjusted dollars),66883,19744,341.46775,78277.65485361355
B19013E_001,2020,"Winchester, VA-WV Metro Area",49020,Median Household Income In The Past 12 Months (In 2023 Inflation-Adjusted Dollars (Native Hawaiian And Other Pacific Islander  ,Median household income in the past 12 months (in 2023 inflation-adjusted dollars),NA,NA,341.46775,NA
B19013E_001,2021,"Big Stone Gap, VA Micro Area",13720,Median Household Income In The Past 12 Months (In 2023 Inflation-Adjusted Dollars (Native Hawaiian And Other Pacific Islander  ,Median household income in the past 12 months (in 2023 inflation-adjusted dollars),NA,NA,349.13466666666665,NA
B19013E_001,2021,"Blacksburg-Christiansburg, VA Metro Area",13980,Median Household Income In The Past 12 Months (In 2023 Inflation-Adjusted Dollars (Native Hawaiian And Other Pacific Islander  ,Median household income in the past 12 months (in 2023 inflation-adjusted dollars),68953,6035,349.13466666666665,78928.15423296073
B19013E_001,2021,"Bluefield, WV-VA Micro Area",14140,Median Household Income In The Past 12 Months (In 2023 Inflation-Adjusted Dollars (Native Hawaiian And Other Pacific Islander  ,Median household income in the past 12 months (in 2023 inflation-adjusted dollars),NA,NA,349.13466666666665,NA
B19013E_001,2021,"Charlottesville, VA Metro Area",16820,Median Household Income In The Past 12 Months (In 2023 Inflation-Adjusted Dollars (Native Hawaiian And Other Pacific Islander  ,Median household income in the past 12 months (in 2023 inflation-adjusted dollars),NA,NA,349.13466666666665,NA
B19013E_001,2021,"Danville, VA Micro Area",19260,Median Household Income In The Past 12 Months (In 2023 Inflation-Adjusted Dollars (Native Hawaiian And Other Pacific Islander  ,Median household income in the past 12 months (in 2023 inflation-adjusted dollars),NA,NA,349.13466666666665,NA
B19013E_001,2021,"Harrisonburg, VA Metro Area",25500,Median Household Income In The Past 12 Months (In 2023 Inflation-Adjusted Dollars (Native Hawaiian And Other Pacific Islander  ,Median household income in the past 12 months (in 2023 inflation-adjusted dollars),NA,NA,349.13466666666665,NA
B19013E_001,2021,"Kingsport-Bristol, TN-VA Metro Area",28700,Median Household Income In The Past 12 Months (In 2023 Inflation-Adjusted Dollars (Native Hawaiian And Other Pacific Islander  ,Median household income in the past 12 months (in 2023 inflation-adjusted dollars),NA,NA,349.13466666666665,NA
B19013E_001,2021,"Lynchburg, VA Metro Area",31340,Median Household Income In The Past 12 Months (In 2023 Inflation-Adjusted Dollars (Native Hawaiian And Other Pacific Islander  ,Median household income in the past 12 months (in 2023 inflation-adjusted dollars),NA,NA,349.13466666666665,NA
B19013E_001,2021,"Martinsville, VA Micro Area",32300,Median Household Income In The Past 12 Months (In 2023 Inflation-Adjusted Dollars (Native Hawaiian And Other Pacific Islander  ,Median household income in the past 12 months (in 2023 inflation-adjusted dollars),NA,NA,349.13466666666665,NA
B19013E_001,2021,"Richmond, VA Metro Area",40060,Median Household Income In The Past 12 Months (In 2023 Inflation-Adjusted Dollars (Native Hawaiian And Other Pacific Islander  ,Median household income in the past 12 months (in 2023 inflation-adjusted dollars),77589,41220,349.13466666666665,88813.48975071702
B19013E_001,2021,"Roanoke, VA Metro Area",40220,Median Household Income In The Past 12 Months (In 2023 Inflation-Adjusted Dollars (Native Hawaiian And Other Pacific Islander  ,Median household income in the past 12 months (in 2023 inflation-adjusted dollars),NA,NA,349.13466666666665,NA
B19013E_001,2021,"Staunton, VA Metro Area",44420,Median Household Income In The Past 12 Months (In 2023 Inflation-Adjusted Dollars (Native Hawaiian And Other Pacific Islander  ,Median household income in the past 12 months (in 2023 inflation-adjusted dollars),NA,NA,349.13466666666665,NA
B19013E_001,2021,"Virginia Beach-Norfolk-Newport News, VA-NC Metro Area",47260,Median Household Income In The Past 12 Months (In 2023 Inflation-Adjusted Dollars (Native Hawaiian And Other Pacific Islander  ,Median household income in the past 12 months (in 2023 inflation-adjusted dollars),95455,59685,349.13466666666665,109264.09238622348
B19013E_001,2021,"Washington-Arlington-Alexandria, DC-VA-MD-WV Metro Area",47900,Median Household Income In The Past 12 Months (In 2023 Inflation-Adjusted Dollars (Native Hawaiian And Other Pacific Islander  ,Median household income in the past 12 months (in 2023 inflation-adjusted dollars),111176,47253,349.13466666666665,127259.38646619643
B19013E_001,2021,"Winchester, VA-WV Metro Area",49020,Median Household Income In The Past 12 Months (In 2023 Inflation-Adjusted Dollars (Native Hawaiian And Other Pacific Islander  ,Median household income in the past 12 months (in 2023 inflation-adjusted dollars),NA,NA,349.13466666666665,NA
B19013E_001,2022,"Big Stone Gap, VA Micro Area",13720,Median Household Income In The Past 12 Months (In 2023 Inflation-Adjusted Dollars (Native Hawaiian And Other Pacific Islander  ,Median household income in the past 12 months (in 2023 inflation-adjusted dollars),NA,NA,370.199,NA
B19013E_001,2022,"Blacksburg-Christiansburg, VA Metro Area",13980,Median Household Income In The Past 12 Months (In 2023 Inflation-Adjusted Dollars (Native Hawaiian And Other Pacific Islander  ,Median household income in the past 12 months (in 2023 inflation-adjusted dollars),74383,16869,370.199,80299.01222893632
B19013E_001,2022,"Bluefield, WV-VA Micro Area",14140,Median Household Income In The Past 12 Months (In 2023 Inflation-Adjusted Dollars (Native Hawaiian And Other Pacific Islander  ,Median household income in the past 12 months (in 2023 inflation-adjusted dollars),NA,NA,370.199,NA
B19013E_001,2022,"Charlottesville, VA Metro Area",16820,Median Household Income In The Past 12 Months (In 2023 Inflation-Adjusted Dollars (Native Hawaiian And Other Pacific Islander  ,Median household income in the past 12 months (in 2023 inflation-adjusted dollars),NA,NA,370.199,NA
B19013E_001,2022,"Danville, VA Micro Area",19260,Median Household Income In The Past 12 Months (In 2023 Inflation-Adjusted Dollars (Native Hawaiian And Other Pacific Islander  ,Median household income in the past 12 months (in 2023 inflation-adjusted dollars),NA,NA,370.199,NA
B19013E_001,2022,"Harrisonburg, VA Metro Area",25500,Median Household Income In The Past 12 Months (In 2023 Inflation-Adjusted Dollars (Native Hawaiian And Other Pacific Islander  ,Median household income in the past 12 months (in 2023 inflation-adjusted dollars),NA,NA,370.199,NA
B19013E_001,2022,"Kingsport-Bristol, TN-VA Metro Area",28700,Median Household Income In The Past 12 Months (In 2023 Inflation-Adjusted Dollars (Native Hawaiian And Other Pacific Islander  ,Median household income in the past 12 months (in 2023 inflation-adjusted dollars),NA,NA,370.199,NA
B19013E_001,2022,"Lynchburg, VA Metro Area",31340,Median Household Income In The Past 12 Months (In 2023 Inflation-Adjusted Dollars (Native Hawaiian And Other Pacific Islander  ,Median household income in the past 12 months (in 2023 inflation-adjusted dollars),NA,NA,370.199,NA
B19013E_001,2022,"Martinsville, VA Micro Area",32300,Median Household Income In The Past 12 Months (In 2023 Inflation-Adjusted Dollars (Native Hawaiian And Other Pacific Islander  ,Median household income in the past 12 months (in 2023 inflation-adjusted dollars),NA,NA,370.199,NA
B19013E_001,2022,"Richmond, VA Metro Area",40060,Median Household Income In The Past 12 Months (In 2023 Inflation-Adjusted Dollars (Native Hawaiian And Other Pacific Islander  ,Median household income in the past 12 months (in 2023 inflation-adjusted dollars),87500,18069,370.199,94459.26582729828
B19013E_001,2022,"Roanoke, VA Metro Area",40220,Median Household Income In The Past 12 Months (In 2023 Inflation-Adjusted Dollars (Native Hawaiian And Other Pacific Islander  ,Median household income in the past 12 months (in 2023 inflation-adjusted dollars),NA,NA,370.199,NA
B19013E_001,2022,"Staunton, VA Metro Area",44420,Median Household Income In The Past 12 Months (In 2023 Inflation-Adjusted Dollars (Native Hawaiian And Other Pacific Islander  ,Median household income in the past 12 months (in 2023 inflation-adjusted dollars),NA,NA,370.199,NA
B19013E_001,2022,"Virginia Beach-Norfolk-Newport News, VA-NC Metro Area",47260,Median Household Income In The Past 12 Months (In 2023 Inflation-Adjusted Dollars (Native Hawaiian And Other Pacific Islander  ,Median household income in the past 12 months (in 2023 inflation-adjusted dollars),83060,80208,370.199,89666.13279560453
B19013E_001,2022,"Washington-Arlington-Alexandria, DC-VA-MD-WV Metro Area",47900,Median Household Income In The Past 12 Months (In 2023 Inflation-Adjusted Dollars (Native Hawaiian And Other Pacific Islander  ,Median household income in the past 12 months (in 2023 inflation-adjusted dollars),138244,9061,370.199,149239.16280033172
B19013E_001,2022,"Winchester, VA-WV Metro Area",49020,Median Household Income In The Past 12 Months (In 2023 Inflation-Adjusted Dollars (Native Hawaiian And Other Pacific Islander  ,Median household income in the past 12 months (in 2023 inflation-adjusted dollars),213438,195571,370.199,230413.67748167875
B19013E_001,2023,"Blacksburg-Christiansburg-Radford, VA Metro Area",13980,Median Household Income In The Past 12 Months (In 2023 Inflation-Adjusted Dollars (Native Hawaiian And Other Pacific Islander  ,Median household income in the past 12 months (in 2023 inflation-adjusted dollars),76089,45219,399.64258333333333,76088.99936535791
B19013E_001,2023,"Bluefield, WV-VA Micro Area",14140,Median Household Income In The Past 12 Months (In 2023 Inflation-Adjusted Dollars (Native Hawaiian And Other Pacific Islander  ,Median household income in the past 12 months (in 2023 inflation-adjusted dollars),NA,NA,399.64258333333333,NA
B19013E_001,2023,"Charlottesville, VA Metro Area",16820,Median Household Income In The Past 12 Months (In 2023 Inflation-Adjusted Dollars (Native Hawaiian And Other Pacific Islander  ,Median household income in the past 12 months (in 2023 inflation-adjusted dollars),NA,NA,399.64258333333333,NA
B19013E_001,2023,"Danville, VA Micro Area",19260,Median Household Income In The Past 12 Months (In 2023 Inflation-Adjusted Dollars (Native Hawaiian And Other Pacific Islander  ,Median household income in the past 12 months (in 2023 inflation-adjusted dollars),NA,NA,399.64258333333333,NA
B19013E_001,2023,"Harrisonburg, VA Metro Area",25500,Median Household Income In The Past 12 Months (In 2023 Inflation-Adjusted Dollars (Native Hawaiian And Other Pacific Islander  ,Median household income in the past 12 months (in 2023 inflation-adjusted dollars),250001,NA,399.64258333333333,250000.99791479512
B19013E_001,2023,"Kingsport-Bristol, TN-VA Metro Area",28700,Median Household Income In The Past 12 Months (In 2023 Inflation-Adjusted Dollars (Native Hawaiian And Other Pacific Islander  ,Median household income in the past 12 months (in 2023 inflation-adjusted dollars),63021,9044,399.64258333333333,63020.99947435532
B19013E_001,2023,"Lake of the Woods, VA Micro Area",29470,Median Household Income In The Past 12 Months (In 2023 Inflation-Adjusted Dollars (Native Hawaiian And Other Pacific Islander  ,Median household income in the past 12 months (in 2023 inflation-adjusted dollars),NA,NA,399.64258333333333,NA
B19013E_001,2023,"Lynchburg, VA Metro Area",31340,Median Household Income In The Past 12 Months (In 2023 Inflation-Adjusted Dollars (Native Hawaiian And Other Pacific Islander  ,Median household income in the past 12 months (in 2023 inflation-adjusted dollars),NA,NA,399.64258333333333,NA
B19013E_001,2023,"Martinsville, VA Micro Area",32300,Median Household Income In The Past 12 Months (In 2023 Inflation-Adjusted Dollars (Native Hawaiian And Other Pacific Islander  ,Median household income in the past 12 months (in 2023 inflation-adjusted dollars),NA,NA,399.64258333333333,NA
B19013E_001,2023,"Richmond, VA Metro Area",40060,Median Household Income In The Past 12 Months (In 2023 Inflation-Adjusted Dollars (Native Hawaiian And Other Pacific Islander  ,Median household income in the past 12 months (in 2023 inflation-adjusted dollars),82153,17023,399.64258333333333,82152.99931477939
B19013E_001,2023,"Roanoke, VA Metro Area",40220,Median Household Income In The Past 12 Months (In 2023 Inflation-Adjusted Dollars (Native Hawaiian And Other Pacific Islander  ,Median household income in the past 12 months (in 2023 inflation-adjusted dollars),NA,NA,399.64258333333333,NA
B19013E_001,2023,"Staunton-Stuarts Draft, VA Metro Area",44420,Median Household Income In The Past 12 Months (In 2023 Inflation-Adjusted Dollars (Native Hawaiian And Other Pacific Islander  ,Median household income in the past 12 months (in 2023 inflation-adjusted dollars),NA,NA,399.64258333333333,NA
B19013E_001,2023,"Virginia Beach-Chesapeake-Norfolk, VA-NC Metro Area",47260,Median Household Income In The Past 12 Months (In 2023 Inflation-Adjusted Dollars (Native Hawaiian And Other Pacific Islander  ,Median household income in the past 12 months (in 2023 inflation-adjusted dollars),NA,NA,399.64258333333333,NA
B19013E_001,2023,"Washington-Arlington-Alexandria, DC-VA-MD-WV Metro Area",47900,Median Household Income In The Past 12 Months (In 2023 Inflation-Adjusted Dollars (Native Hawaiian And Other Pacific Islander  ,Median household income in the past 12 months (in 2023 inflation-adjusted dollars),140305,33718,399.64258333333333,140304.998829746
B19013E_001,2023,"Winchester, VA-WV Metro Area",49020,Median Household Income In The Past 12 Months (In 2023 Inflation-Adjusted Dollars (Native Hawaiian And Other Pacific Islander  ,Median household income in the past 12 months (in 2023 inflation-adjusted dollars),NA,NA,399.64258333333333,NA
B19013F_001,2010,"Blacksburg-Christiansburg-Radford, VA Metro Area",13980,Median Household Income In The Past 12 Months (In 2023 Inflation-Adjusted Dollars (Some Other Race  ,Median household income in the past 12 months (in 2023 inflation-adjusted dollars),28615,12798,249.38541666666666,45855.818594177355
B19013F_001,2010,"Bluefield, WV-VA Micro Area",14140,Median Household Income In The Past 12 Months (In 2023 Inflation-Adjusted Dollars (Some Other Race  ,Median household income in the past 12 months (in 2023 inflation-adjusted dollars),NA,NA,249.38541666666666,NA
B19013F_001,2010,"Charlottesville, VA Metro Area",16820,Median Household Income In The Past 12 Months (In 2023 Inflation-Adjusted Dollars (Some Other Race  ,Median household income in the past 12 months (in 2023 inflation-adjusted dollars),42785,19239,249.38541666666666,68563.38279056014
B19013F_001,2010,"Culpeper, VA Micro Area",19020,Median Household Income In The Past 12 Months (In 2023 Inflation-Adjusted Dollars (Some Other Race  ,Median household income in the past 12 months (in 2023 inflation-adjusted dollars),62773,31654,249.38541666666666,100594.34913899338
B19013F_001,2010,"Danville, VA Metro Area",19260,Median Household Income In The Past 12 Months (In 2023 Inflation-Adjusted Dollars (Some Other Race  ,Median household income in the past 12 months (in 2023 inflation-adjusted dollars),39038,13943,249.38541666666666,62558.77848259639
B19013F_001,2010,"Harrisonburg, VA Metro Area",25500,Median Household Income In The Past 12 Months (In 2023 Inflation-Adjusted Dollars (Some Other Race  ,Median household income in the past 12 months (in 2023 inflation-adjusted dollars),52412,10623,249.38541666666666,83990.74485961991
B19013F_001,2010,"Kingsport-Bristol-Bristol, TN-VA Metro Area",28700,Median Household Income In The Past 12 Months (In 2023 Inflation-Adjusted Dollars (Some Other Race  ,Median household income in the past 12 months (in 2023 inflation-adjusted dollars),28119,2169,249.38541666666666,45060.97372181279
B19013F_001,2010,"Lynchburg, VA Metro Area",31340,Median Household Income In The Past 12 Months (In 2023 Inflation-Adjusted Dollars (Some Other Race  ,Median household income in the past 12 months (in 2023 inflation-adjusted dollars),22819,7590,249.38541666666666,36567.671658239844
B19013F_001,2010,"Martinsville, VA Micro Area",32300,Median Household Income In The Past 12 Months (In 2023 Inflation-Adjusted Dollars (Some Other Race  ,Median household income in the past 12 months (in 2023 inflation-adjusted dollars),23488,4522,249.38541666666666,37639.75073003802
B19013F_001,2010,"Richmond, VA Metro Area",40060,Median Household Income In The Past 12 Months (In 2023 Inflation-Adjusted Dollars (Some Other Race  ,Median household income in the past 12 months (in 2023 inflation-adjusted dollars),39592,1714,249.38541666666666,63446.56892471326
B19013F_001,2010,"Roanoke, VA Metro Area",40220,Median Household Income In The Past 12 Months (In 2023 Inflation-Adjusted Dollars (Some Other Race  ,Median household income in the past 12 months (in 2023 inflation-adjusted dollars),40036,27657,249.38541666666666,64158.08328626541
B19013F_001,2010,"Staunton-Waynesboro, VA Micro Area",44420,Median Household Income In The Past 12 Months (In 2023 Inflation-Adjusted Dollars (Some Other Race  ,Median household income in the past 12 months (in 2023 inflation-adjusted dollars),19640,20873,249.38541666666666,31473.29292991939
B19013F_001,2010,"Virginia Beach-Norfolk-Newport News, VA-NC Metro Area",47260,Median Household Income In The Past 12 Months (In 2023 Inflation-Adjusted Dollars (Some Other Race  ,Median household income in the past 12 months (in 2023 inflation-adjusted dollars),48864,4526,249.38541666666666,78305.04000649598
B19013F_001,2010,"Washington-Arlington-Alexandria, DC-VA-MD-WV Metro Area",47900,Median Household Income In The Past 12 Months (In 2023 Inflation-Adjusted Dollars (Some Other Race  ,Median household income in the past 12 months (in 2023 inflation-adjusted dollars),59568,1487,249.38541666666666,95458.3051552667
B19013F_001,2010,"Winchester, VA-WV Metro Area",49020,Median Household Income In The Past 12 Months (In 2023 Inflation-Adjusted Dollars (Some Other Race  ,Median household income in the past 12 months (in 2023 inflation-adjusted dollars),44722,14468,249.38541666666666,71667.44431832255
B19013F_001,2011,"Blacksburg-Christiansburg-Radford, VA Metro Area",13980,Median Household Income In The Past 12 Months (In 2023 Inflation-Adjusted Dollars (Some Other Race  ,Median household income in the past 12 months (in 2023 inflation-adjusted dollars),32281,8013,253.63816666666668,50863.252540121124
B19013F_001,2011,"Bluefield, WV-VA Micro Area",14140,Median Household Income In The Past 12 Months (In 2023 Inflation-Adjusted Dollars (Some Other Race  ,Median household income in the past 12 months (in 2023 inflation-adjusted dollars),NA,NA,253.63816666666668,NA
B19013F_001,2011,"Charlottesville, VA Metro Area",16820,Median Household Income In The Past 12 Months (In 2023 Inflation-Adjusted Dollars (Some Other Race  ,Median household income in the past 12 months (in 2023 inflation-adjusted dollars),28490,5568,253.63816666666668,44889.99922146312
B19013F_001,2011,"Culpeper, VA Micro Area",19020,Median Household Income In The Past 12 Months (In 2023 Inflation-Adjusted Dollars (Some Other Race  ,Median household income in the past 12 months (in 2023 inflation-adjusted dollars),41509,32798,253.63816666666668,65403.26351996183
B19013F_001,2011,"Danville, VA Metro Area",19260,Median Household Income In The Past 12 Months (In 2023 Inflation-Adjusted Dollars (Some Other Race  ,Median household income in the past 12 months (in 2023 inflation-adjusted dollars),39694,3576,253.63816666666668,62543.475924772094
B19013F_001,2011,"Harrisonburg, VA Metro Area",25500,Median Household Income In The Past 12 Months (In 2023 Inflation-Adjusted Dollars (Some Other Race  ,Median household income in the past 12 months (in 2023 inflation-adjusted dollars),54467,8251,253.63816666666668,85820.4137450134
B19013F_001,2011,"Kingsport-Bristol-Bristol, TN-VA Metro Area",28700,Median Household Income In The Past 12 Months (In 2023 Inflation-Adjusted Dollars (Some Other Race  ,Median household income in the past 12 months (in 2023 inflation-adjusted dollars),27663,4900,253.63816666666668,43586.94448800752
B19013F_001,2011,"Lynchburg, VA Metro Area",31340,Median Household Income In The Past 12 Months (In 2023 Inflation-Adjusted Dollars (Some Other Race  ,Median household income in the past 12 months (in 2023 inflation-adjusted dollars),26280,7446,253.63816666666668,41407.83360968939
B19013F_001,2011,"Martinsville, VA Micro Area",32300,Median Household Income In The Past 12 Months (In 2023 Inflation-Adjusted Dollars (Some Other Race  ,Median household income in the past 12 months (in 2023 inflation-adjusted dollars),26012,6531,253.63816666666668,40985.56194274127
B19013F_001,2011,"Richmond, VA Metro Area",40060,Median Household Income In The Past 12 Months (In 2023 Inflation-Adjusted Dollars (Some Other Race  ,Median household income in the past 12 months (in 2023 inflation-adjusted dollars),39529,2841,253.63816666666668,62283.4952343003
B19013F_001,2011,"Roanoke, VA Metro Area",40220,Median Household Income In The Past 12 Months (In 2023 Inflation-Adjusted Dollars (Some Other Race  ,Median household income in the past 12 months (in 2023 inflation-adjusted dollars),27483,17155,253.63816666666668,43303.329189311014
B19013F_001,2011,"Staunton-Waynesboro, VA Micro Area",44420,Median Household Income In The Past 12 Months (In 2023 Inflation-Adjusted Dollars (Some Other Race  ,Median household income in the past 12 months (in 2023 inflation-adjusted dollars),21563,19432,253.63816666666668,33975.537143292706
B19013F_001,2011,"Virginia Beach-Norfolk-Newport News, VA-NC Metro Area",47260,Median Household Income In The Past 12 Months (In 2023 Inflation-Adjusted Dollars (Some Other Race  ,Median household income in the past 12 months (in 2023 inflation-adjusted dollars),52906,3804,253.63816666666668,83360.8388490954
B19013F_001,2011,"Washington-Arlington-Alexandria, DC-VA-MD-WV Metro Area",47900,Median Household Income In The Past 12 Months (In 2023 Inflation-Adjusted Dollars (Some Other Race  ,Median household income in the past 12 months (in 2023 inflation-adjusted dollars),59991,1478,253.63816666666668,94524.2521338994
B19013F_001,2011,"Winchester, VA-WV Metro Area",49020,Median Household Income In The Past 12 Months (In 2023 Inflation-Adjusted Dollars (Some Other Race  ,Median household income in the past 12 months (in 2023 inflation-adjusted dollars),54479,29054,253.63816666666668,85839.32143159317
B19013F_001,2012,"Blacksburg-Christiansburg-Radford, VA Metro Area",13980,Median Household Income In The Past 12 Months (In 2023 Inflation-Adjusted Dollars (Some Other Race  ,Median household income in the past 12 months (in 2023 inflation-adjusted dollars),24511,12039,260.3668333333333,37622.45426182675
B19013F_001,2012,"Bluefield, WV-VA Micro Area",14140,Median Household Income In The Past 12 Months (In 2023 Inflation-Adjusted Dollars (Some Other Race  ,Median household income in the past 12 months (in 2023 inflation-adjusted dollars),77903,7001,260.3668333333333,119574.96855938515
B19013F_001,2012,"Charlottesville, VA Metro Area",16820,Median Household Income In The Past 12 Months (In 2023 Inflation-Adjusted Dollars (Some Other Race  ,Median household income in the past 12 months (in 2023 inflation-adjusted dollars),35833,21087,260.3668333333333,55000.83242479042
B19013F_001,2012,"Culpeper, VA Micro Area",19020,Median Household Income In The Past 12 Months (In 2023 Inflation-Adjusted Dollars (Some Other Race  ,Median household income in the past 12 months (in 2023 inflation-adjusted dollars),40956,4890,260.3668333333333,62864.23388467938
B19013F_001,2012,"Danville, VA Metro Area",19260,Median Household Income In The Past 12 Months (In 2023 Inflation-Adjusted Dollars (Some Other Race  ,Median household income in the past 12 months (in 2023 inflation-adjusted dollars),34750,15353,260.3668333333333,53338.51273299659
B19013F_001,2012,"Harrisonburg, VA Metro Area",25500,Median Household Income In The Past 12 Months (In 2023 Inflation-Adjusted Dollars (Some Other Race  ,Median household income in the past 12 months (in 2023 inflation-adjusted dollars),50000,7255,260.3668333333333,76746.06148632603
B19013F_001,2012,"Kingsport-Bristol-Bristol, TN-VA Metro Area",28700,Median Household Income In The Past 12 Months (In 2023 Inflation-Adjusted Dollars (Some Other Race  ,Median household income in the past 12 months (in 2023 inflation-adjusted dollars),30040,7674,260.3668333333333,46109.03374098468
B19013F_001,2012,"Lynchburg, VA Metro Area",31340,Median Household Income In The Past 12 Months (In 2023 Inflation-Adjusted Dollars (Some Other Race  ,Median household income in the past 12 months (in 2023 inflation-adjusted dollars),26336,7209,260.3668333333333,40423.68550607765
B19013F_001,2012,"Martinsville, VA Micro Area",32300,Median Household Income In The Past 12 Months (In 2023 Inflation-Adjusted Dollars (Some Other Race  ,Median household income in the past 12 months (in 2023 inflation-adjusted dollars),40900,23309,260.3668333333333,62778.27829581469
B19013F_001,2012,"Richmond, VA Metro Area",40060,Median Household Income In The Past 12 Months (In 2023 Inflation-Adjusted Dollars (Some Other Race  ,Median household income in the past 12 months (in 2023 inflation-adjusted dollars),40279,4021,260.3668333333333,61825.09221215452
B19013F_001,2012,"Roanoke, VA Metro Area",40220,Median Household Income In The Past 12 Months (In 2023 Inflation-Adjusted Dollars (Some Other Race  ,Median household income in the past 12 months (in 2023 inflation-adjusted dollars),44492,29259,260.3668333333333,68291.71535299235
B19013F_001,2012,"Staunton-Waynesboro, VA Micro Area",44420,Median Household Income In The Past 12 Months (In 2023 Inflation-Adjusted Dollars (Some Other Race  ,Median household income in the past 12 months (in 2023 inflation-adjusted dollars),26379,5561,260.3668333333333,40489.68711895589
B19013F_001,2012,"Virginia Beach-Norfolk-Newport News, VA-NC Metro Area",47260,Median Household Income In The Past 12 Months (In 2023 Inflation-Adjusted Dollars (Some Other Race  ,Median household income in the past 12 months (in 2023 inflation-adjusted dollars),54492,2284,260.3668333333333,83640.92765025757
B19013F_001,2012,"Washington-Arlington-Alexandria, DC-VA-MD-WV Metro Area",47900,Median Household Income In The Past 12 Months (In 2023 Inflation-Adjusted Dollars (Some Other Race  ,Median household income in the past 12 months (in 2023 inflation-adjusted dollars),58934,1525,260.3668333333333,90459.04775270277
B19013F_001,2012,"Winchester, VA-WV Metro Area",49020,Median Household Income In The Past 12 Months (In 2023 Inflation-Adjusted Dollars (Some Other Race  ,Median household income in the past 12 months (in 2023 inflation-adjusted dollars),54289,24525,260.3668333333333,83329.33864062309
B19013F_001,2013,"Big Stone Gap, VA Micro Area",13720,Median Household Income In The Past 12 Months (In 2023 Inflation-Adjusted Dollars (Some Other Race  ,Median household income in the past 12 months (in 2023 inflation-adjusted dollars),56638,19232,267.7245833333333,84545.67811525216
B19013F_001,2013,"Blacksburg-Christiansburg-Radford, VA Metro Area",13980,Median Household Income In The Past 12 Months (In 2023 Inflation-Adjusted Dollars (Some Other Race  ,Median household income in the past 12 months (in 2023 inflation-adjusted dollars),20719,8509,267.7245833333333,30928.032502381957
B19013F_001,2013,"Bluefield, WV-VA Micro Area",14140,Median Household Income In The Past 12 Months (In 2023 Inflation-Adjusted Dollars (Some Other Race  ,Median household income in the past 12 months (in 2023 inflation-adjusted dollars),77946,22375,267.7245833333333,116352.93312566553
B19013F_001,2013,"Charlottesville, VA Metro Area",16820,Median Household Income In The Past 12 Months (In 2023 Inflation-Adjusted Dollars (Some Other Race  ,Median household income in the past 12 months (in 2023 inflation-adjusted dollars),31250,24371,267.7245833333333,46648.05326991825
B19013F_001,2013,"Danville, VA Micro Area",19260,Median Household Income In The Past 12 Months (In 2023 Inflation-Adjusted Dollars (Some Other Race  ,Median household income in the past 12 months (in 2023 inflation-adjusted dollars),34875,14912,267.7245833333333,52059.22744922877
B19013F_001,2013,"Harrisonburg, VA Metro Area",25500,Median Household Income In The Past 12 Months (In 2023 Inflation-Adjusted Dollars (Some Other Race  ,Median household income in the past 12 months (in 2023 inflation-adjusted dollars),40511,19402,267.7245833333333,60472.297152565065
B19013F_001,2013,"Kingsport-Bristol-Bristol, TN-VA Metro Area",28700,Median Household Income In The Past 12 Months (In 2023 Inflation-Adjusted Dollars (Some Other Race  ,Median household income in the past 12 months (in 2023 inflation-adjusted dollars),28472,11566,267.7245833333333,42501.2279264356
B19013F_001,2013,"Lynchburg, VA Metro Area",31340,Median Household Income In The Past 12 Months (In 2023 Inflation-Adjusted Dollars (Some Other Race  ,Median household income in the past 12 months (in 2023 inflation-adjusted dollars),23447,16869,267.7245833333333,35000.220960632745
B19013F_001,2013,"Martinsville, VA Micro Area",32300,Median Household Income In The Past 12 Months (In 2023 Inflation-Adjusted Dollars (Some Other Race  ,Median household income in the past 12 months (in 2023 inflation-adjusted dollars),39028,10398,267.7245833333333,58258.56713658782
B19013F_001,2013,"Richmond, VA Metro Area",40060,Median Household Income In The Past 12 Months (In 2023 Inflation-Adjusted Dollars (Some Other Race  ,Median household income in the past 12 months (in 2023 inflation-adjusted dollars),41829,4188,267.7245833333333,62439.72544727713
B19013F_001,2013,"Roanoke, VA Metro Area",40220,Median Household Income In The Past 12 Months (In 2023 Inflation-Adjusted Dollars (Some Other Race  ,Median household income in the past 12 months (in 2023 inflation-adjusted dollars),43278,24428,267.7245833333333,64602.7023812967
B19013F_001,2013,"Staunton-Waynesboro, VA Metro Area",44420,Median Household Income In The Past 12 Months (In 2023 Inflation-Adjusted Dollars (Some Other Race  ,Median household income in the past 12 months (in 2023 inflation-adjusted dollars),30197,37537,267.7245833333333,45076.200466935086
B19013F_001,2013,"Virginia Beach-Norfolk-Newport News, VA-NC Metro Area",47260,Median Household Income In The Past 12 Months (In 2023 Inflation-Adjusted Dollars (Some Other Race  ,Median household income in the past 12 months (in 2023 inflation-adjusted dollars),48805,4870,267.7245833333333,72853.06367482753
B19013F_001,2013,"Washington-Arlington-Alexandria, DC-VA-MD-WV Metro Area",47900,Median Household Income In The Past 12 Months (In 2023 Inflation-Adjusted Dollars (Some Other Race  ,Median household income in the past 12 months (in 2023 inflation-adjusted dollars),58688,1294,267.7245833333333,87605.79040975879
B19013F_001,2013,"Winchester, VA-WV Metro Area",49020,Median Household Income In The Past 12 Months (In 2023 Inflation-Adjusted Dollars (Some Other Race  ,Median household income in the past 12 months (in 2023 inflation-adjusted dollars),70000,72476,267.7245833333333,104491.63932461687
B19013F_001,2014,"Big Stone Gap, VA Micro Area",13720,Median Household Income In The Past 12 Months (In 2023 Inflation-Adjusted Dollars (Some Other Race  ,Median household income in the past 12 months (in 2023 inflation-adjusted dollars),59000,13998,276.1619166666667,85380.7523665917
B19013F_001,2014,"Blacksburg-Christiansburg-Radford, VA Metro Area",13980,Median Household Income In The Past 12 Months (In 2023 Inflation-Adjusted Dollars (Some Other Race  ,Median household income in the past 12 months (in 2023 inflation-adjusted dollars),15707,9371,276.1619166666667,22730.092837661963
B19013F_001,2014,"Bluefield, WV-VA Micro Area",14140,Median Household Income In The Past 12 Months (In 2023 Inflation-Adjusted Dollars (Some Other Race  ,Median household income in the past 12 months (in 2023 inflation-adjusted dollars),80365,23728,276.1619166666667,116298.71464307021
B19013F_001,2014,"Charlottesville, VA Metro Area",16820,Median Household Income In The Past 12 Months (In 2023 Inflation-Adjusted Dollars (Some Other Race  ,Median household income in the past 12 months (in 2023 inflation-adjusted dollars),45577,15182,276.1619166666667,65955.90763749406
B19013F_001,2014,"Danville, VA Micro Area",19260,Median Household Income In The Past 12 Months (In 2023 Inflation-Adjusted Dollars (Some Other Race  ,Median household income in the past 12 months (in 2023 inflation-adjusted dollars),34917,16814,276.1619166666667,50529.4869556658
B19013F_001,2014,"Harrisonburg, VA Metro Area",25500,Median Household Income In The Past 12 Months (In 2023 Inflation-Adjusted Dollars (Some Other Race  ,Median household income in the past 12 months (in 2023 inflation-adjusted dollars),34909,15508,276.1619166666667,50517.90990449745
B19013F_001,2014,"Kingsport-Bristol-Bristol, TN-VA Metro Area",28700,Median Household Income In The Past 12 Months (In 2023 Inflation-Adjusted Dollars (Some Other Race  ,Median household income in the past 12 months (in 2023 inflation-adjusted dollars),30942,3923,276.1619166666667,44777.13965639119
B19013F_001,2014,"Lynchburg, VA Metro Area",31340,Median Household Income In The Past 12 Months (In 2023 Inflation-Adjusted Dollars (Some Other Race  ,Median household income in the past 12 months (in 2023 inflation-adjusted dollars),24375,21390,276.1619166666667,35273.827778570725
B19013F_001,2014,"Martinsville, VA Micro Area",32300,Median Household Income In The Past 12 Months (In 2023 Inflation-Adjusted Dollars (Some Other Race  ,Median household income in the past 12 months (in 2023 inflation-adjusted dollars),41098,9809,276.1619166666667,59474.20611461332
B19013F_001,2014,"Richmond, VA Metro Area",40060,Median Household Income In The Past 12 Months (In 2023 Inflation-Adjusted Dollars (Some Other Race  ,Median household income in the past 12 months (in 2023 inflation-adjusted dollars),42870,5550,276.1619166666667,62038.52294840316
B19013F_001,2014,"Roanoke, VA Metro Area",40220,Median Household Income In The Past 12 Months (In 2023 Inflation-Adjusted Dollars (Some Other Race  ,Median household income in the past 12 months (in 2023 inflation-adjusted dollars),59152,39564,276.1619166666667,85600.71633879039
B19013F_001,2014,"Staunton-Waynesboro, VA Metro Area",44420,Median Household Income In The Past 12 Months (In 2023 Inflation-Adjusted Dollars (Some Other Race  ,Median household income in the past 12 months (in 2023 inflation-adjusted dollars),47917,43046,276.1619166666667,69342.19510423686
B19013F_001,2014,"Virginia Beach-Norfolk-Newport News, VA-NC Metro Area",47260,Median Household Income In The Past 12 Months (In 2023 Inflation-Adjusted Dollars (Some Other Race  ,Median household income in the past 12 months (in 2023 inflation-adjusted dollars),45183,4152,276.1619166666667,65385.73786745276
B19013F_001,2014,"Washington-Arlington-Alexandria, DC-VA-MD-WV Metro Area",47900,Median Household Income In The Past 12 Months (In 2023 Inflation-Adjusted Dollars (Some Other Race  ,Median household income in the past 12 months (in 2023 inflation-adjusted dollars),59250,1596,276.1619166666667,85742.53521560268
B19013F_001,2014,"Winchester, VA-WV Metro Area",49020,Median Household Income In The Past 12 Months (In 2023 Inflation-Adjusted Dollars (Some Other Race  ,Median household income in the past 12 months (in 2023 inflation-adjusted dollars),39071,26407,276.1619166666667,56540.87077483228
B19013F_001,2015,"Big Stone Gap, VA Micro Area",13720,Median Household Income In The Past 12 Months (In 2023 Inflation-Adjusted Dollars (Some Other Race  ,Median household income in the past 12 months (in 2023 inflation-adjusted dollars),58684,17144,286.0319166666667,81993.03573541762
B19013F_001,2015,"Blacksburg-Christiansburg-Radford, VA Metro Area",13980,Median Household Income In The Past 12 Months (In 2023 Inflation-Adjusted Dollars (Some Other Race  ,Median household income in the past 12 months (in 2023 inflation-adjusted dollars),17143,6842,286.0319166666667,23952.12684227838
B19013F_001,2015,"Bluefield, WV-VA Micro Area",14140,Median Household Income In The Past 12 Months (In 2023 Inflation-Adjusted Dollars (Some Other Race  ,Median household income in the past 12 months (in 2023 inflation-adjusted dollars),80391,18231,286.0319166666667,112321.96400732668
B19013F_001,2015,"Charlottesville, VA Metro Area",16820,Median Household Income In The Past 12 Months (In 2023 Inflation-Adjusted Dollars (Some Other Race  ,Median household income in the past 12 months (in 2023 inflation-adjusted dollars),49527,15879,286.0319166666667,69198.91419923709
B19013F_001,2015,"Danville, VA Micro Area",19260,Median Household Income In The Past 12 Months (In 2023 Inflation-Adjusted Dollars (Some Other Race  ,Median household income in the past 12 months (in 2023 inflation-adjusted dollars),33686,14158,286.0319166666667,47065.93623105579
B19013F_001,2015,"Harrisonburg, VA Metro Area",25500,Median Household Income In The Past 12 Months (In 2023 Inflation-Adjusted Dollars (Some Other Race  ,Median household income in the past 12 months (in 2023 inflation-adjusted dollars),33864,4551,286.0319166666667,47314.637075594415
B19013F_001,2015,"Kingsport-Bristol-Bristol, TN-VA Metro Area",28700,Median Household Income In The Past 12 Months (In 2023 Inflation-Adjusted Dollars (Some Other Race  ,Median household income in the past 12 months (in 2023 inflation-adjusted dollars),30330,6083,286.0319166666667,42376.947274473736
B19013F_001,2015,"Lynchburg, VA Metro Area",31340,Median Household Income In The Past 12 Months (In 2023 Inflation-Adjusted Dollars (Some Other Race  ,Median household income in the past 12 months (in 2023 inflation-adjusted dollars),22659,7641,286.0319166666667,31659.058631463908
B19013F_001,2015,"Martinsville, VA Micro Area",32300,Median Household Income In The Past 12 Months (In 2023 Inflation-Adjusted Dollars (Some Other Race  ,Median household income in the past 12 months (in 2023 inflation-adjusted dollars),41538,9227,286.0319166666667,58036.717305871745
B19013F_001,2015,"Richmond, VA Metro Area",40060,Median Household Income In The Past 12 Months (In 2023 Inflation-Adjusted Dollars (Some Other Race  ,Median household income in the past 12 months (in 2023 inflation-adjusted dollars),44194,6284,286.0319166666667,61747.66923336934
B19013F_001,2015,"Roanoke, VA Metro Area",40220,Median Household Income In The Past 12 Months (In 2023 Inflation-Adjusted Dollars (Some Other Race  ,Median household income in the past 12 months (in 2023 inflation-adjusted dollars),30865,26655,286.0319166666667,43124.44700384543
B19013F_001,2015,"Staunton-Waynesboro, VA Metro Area",44420,Median Household Income In The Past 12 Months (In 2023 Inflation-Adjusted Dollars (Some Other Race  ,Median household income in the past 12 months (in 2023 inflation-adjusted dollars),NA,NA,286.0319166666667,NA
B19013F_001,2015,"Virginia Beach-Norfolk-Newport News, VA-NC Metro Area",47260,Median Household Income In The Past 12 Months (In 2023 Inflation-Adjusted Dollars (Some Other Race  ,Median household income in the past 12 months (in 2023 inflation-adjusted dollars),44147,5188,286.0319166666667,61682.0010328451
B19013F_001,2015,"Washington-Arlington-Alexandria, DC-VA-MD-WV Metro Area",47900,Median Household Income In The Past 12 Months (In 2023 Inflation-Adjusted Dollars (Some Other Race  ,Median household income in the past 12 months (in 2023 inflation-adjusted dollars),58108,1530,286.0319166666667,81188.2509800567
B19013F_001,2015,"Winchester, VA-WV Metro Area",49020,Median Household Income In The Past 12 Months (In 2023 Inflation-Adjusted Dollars (Some Other Race  ,Median household income in the past 12 months (in 2023 inflation-adjusted dollars),36875,8608,286.0319166666667,51521.59349641342
B19013F_001,2016,"Big Stone Gap, VA Micro Area",13720,Median Household Income In The Past 12 Months (In 2023 Inflation-Adjusted Dollars (Some Other Race  ,Median household income in the past 12 months (in 2023 inflation-adjusted dollars),58563,17543,296.8204166666667,78849.92776229173
B19013F_001,2016,"Blacksburg-Christiansburg-Radford, VA Metro Area",13980,Median Household Income In The Past 12 Months (In 2023 Inflation-Adjusted Dollars (Some Other Race  ,Median household income in the past 12 months (in 2023 inflation-adjusted dollars),21026,11819,296.8204166666667,28309.659360516813
B19013F_001,2016,"Bluefield, WV-VA Micro Area",14140,Median Household Income In The Past 12 Months (In 2023 Inflation-Adjusted Dollars (Some Other Race  ,Median household income in the past 12 months (in 2023 inflation-adjusted dollars),80189,38216,296.8204166666667,107967.43434131469
B19013F_001,2016,"Charlottesville, VA Metro Area",16820,Median Household Income In The Past 12 Months (In 2023 Inflation-Adjusted Dollars (Some Other Race  ,Median household income in the past 12 months (in 2023 inflation-adjusted dollars),39556,20838,296.8204166666667,53258.67429204808
B19013F_001,2016,"Danville, VA Micro Area",19260,Median Household Income In The Past 12 Months (In 2023 Inflation-Adjusted Dollars (Some Other Race  ,Median household income in the past 12 months (in 2023 inflation-adjusted dollars),33472,9682,296.8204166666667,45067.10349639583
B19013F_001,2016,"Harrisonburg, VA Metro Area",25500,Median Household Income In The Past 12 Months (In 2023 Inflation-Adjusted Dollars (Some Other Race  ,Median household income in the past 12 months (in 2023 inflation-adjusted dollars),34575,16834,296.8204166666667,46552.19596641628
B19013F_001,2016,"Kingsport-Bristol-Bristol, TN-VA Metro Area",28700,Median Household Income In The Past 12 Months (In 2023 Inflation-Adjusted Dollars (Some Other Race  ,Median household income in the past 12 months (in 2023 inflation-adjusted dollars),32049,5805,296.8204166666667,43151.15917650543
B19013F_001,2016,"Lynchburg, VA Metro Area",31340,Median Household Income In The Past 12 Months (In 2023 Inflation-Adjusted Dollars (Some Other Race  ,Median household income in the past 12 months (in 2023 inflation-adjusted dollars),24041,15254,296.8204166666667,32369.09163351016
B19013F_001,2016,"Martinsville, VA Micro Area",32300,Median Household Income In The Past 12 Months (In 2023 Inflation-Adjusted Dollars (Some Other Race  ,Median household income in the past 12 months (in 2023 inflation-adjusted dollars),37206,28605,296.8204166666667,50094.606019565705
B19013F_001,2016,"Richmond, VA Metro Area",40060,Median Household Income In The Past 12 Months (In 2023 Inflation-Adjusted Dollars (Some Other Race  ,Median household income in the past 12 months (in 2023 inflation-adjusted dollars),42085,4019,296.8204166666667,56663.75031805146
B19013F_001,2016,"Roanoke, VA Metro Area",40220,Median Household Income In The Past 12 Months (In 2023 Inflation-Adjusted Dollars (Some Other Race  ,Median household income in the past 12 months (in 2023 inflation-adjusted dollars),29818,28148,296.8204166666667,40147.31393569344
B19013F_001,2016,"Staunton-Waynesboro, VA Metro Area",44420,Median Household Income In The Past 12 Months (In 2023 Inflation-Adjusted Dollars (Some Other Race  ,Median household income in the past 12 months (in 2023 inflation-adjusted dollars),49113,31443,296.8204166666667,66126.33407082004
B19013F_001,2016,"Virginia Beach-Norfolk-Newport News, VA-NC Metro Area",47260,Median Household Income In The Past 12 Months (In 2023 Inflation-Adjusted Dollars (Some Other Race  ,Median household income in the past 12 months (in 2023 inflation-adjusted dollars),44465,3179,296.8204166666667,59868.21095145914
B19013F_001,2016,"Washington-Arlington-Alexandria, DC-VA-MD-WV Metro Area",47900,Median Household Income In The Past 12 Months (In 2023 Inflation-Adjusted Dollars (Some Other Race  ,Median household income in the past 12 months (in 2023 inflation-adjusted dollars),59929,1504,296.8204166666667,80689.12659642404
B19013F_001,2016,"Winchester, VA-WV Metro Area",49020,Median Household Income In The Past 12 Months (In 2023 Inflation-Adjusted Dollars (Some Other Race  ,Median household income in the past 12 months (in 2023 inflation-adjusted dollars),36087,9205,296.8204166666667,48587.97095705175
B19013F_001,2017,"Big Stone Gap, VA Micro Area",13720,Median Household Income In The Past 12 Months (In 2023 Inflation-Adjusted Dollars (Some Other Race  ,Median household income in the past 12 months (in 2023 inflation-adjusted dollars),NA,NA,308.14258333333333,NA
B19013F_001,2017,"Blacksburg-Christiansburg-Radford, VA Metro Area",13980,Median Household Income In The Past 12 Months (In 2023 Inflation-Adjusted Dollars (Some Other Race  ,Median household income in the past 12 months (in 2023 inflation-adjusted dollars),NA,NA,308.14258333333333,NA
B19013F_001,2017,"Bluefield, WV-VA Micro Area",14140,Median Household Income In The Past 12 Months (In 2023 Inflation-Adjusted Dollars (Some Other Race  ,Median household income in the past 12 months (in 2023 inflation-adjusted dollars),NA,NA,308.14258333333333,NA
B19013F_001,2017,"Charlottesville, VA Metro Area",16820,Median Household Income In The Past 12 Months (In 2023 Inflation-Adjusted Dollars (Some Other Race  ,Median household income in the past 12 months (in 2023 inflation-adjusted dollars),53750,11433,308.14258333333333,69710.54906670642
B19013F_001,2017,"Danville, VA Micro Area",19260,Median Household Income In The Past 12 Months (In 2023 Inflation-Adjusted Dollars (Some Other Race  ,Median household income in the past 12 months (in 2023 inflation-adjusted dollars),34722,14421,308.14258333333333,45032.366226868464
B19013F_001,2017,"Harrisonburg, VA Metro Area",25500,Median Household Income In The Past 12 Months (In 2023 Inflation-Adjusted Dollars (Some Other Race  ,Median household income in the past 12 months (in 2023 inflation-adjusted dollars),42500,20074,308.14258333333333,55119.96902948879
B19013F_001,2017,"Kingsport-Bristol-Bristol, TN-VA Metro Area",28700,Median Household Income In The Past 12 Months (In 2023 Inflation-Adjusted Dollars (Some Other Race  ,Median household income in the past 12 months (in 2023 inflation-adjusted dollars),36250,11283,308.14258333333333,47014.09123103455
B19013F_001,2017,"Lynchburg, VA Metro Area",31340,Median Household Income In The Past 12 Months (In 2023 Inflation-Adjusted Dollars (Some Other Race  ,Median household income in the past 12 months (in 2023 inflation-adjusted dollars),25082,6443,308.14258333333333,32529.860310532655
B19013F_001,2017,"Martinsville, VA Micro Area",32300,Median Household Income In The Past 12 Months (In 2023 Inflation-Adjusted Dollars (Some Other Race  ,Median household income in the past 12 months (in 2023 inflation-adjusted dollars),NA,NA,308.14258333333333,NA
B19013F_001,2017,"Richmond, VA Metro Area",40060,Median Household Income In The Past 12 Months (In 2023 Inflation-Adjusted Dollars (Some Other Race  ,Median household income in the past 12 months (in 2023 inflation-adjusted dollars),41658,3767,308.14258333333333,54027.945172481035
B19013F_001,2017,"Roanoke, VA Metro Area",40220,Median Household Income In The Past 12 Months (In 2023 Inflation-Adjusted Dollars (Some Other Race  ,Median household income in the past 12 months (in 2023 inflation-adjusted dollars),39125,31935,308.14258333333333,50742.7950183235
B19013F_001,2017,"Staunton-Waynesboro, VA Metro Area",44420,Median Household Income In The Past 12 Months (In 2023 Inflation-Adjusted Dollars (Some Other Race  ,Median household income in the past 12 months (in 2023 inflation-adjusted dollars),49583,35562,308.14258333333333,64306.198220921004
B19013F_001,2017,"Virginia Beach-Norfolk-Newport News, VA-NC Metro Area",47260,Median Household Income In The Past 12 Months (In 2023 Inflation-Adjusted Dollars (Some Other Race  ,Median household income in the past 12 months (in 2023 inflation-adjusted dollars),47509,2358,308.14258333333333,61616.34373228195
B19013F_001,2017,"Washington-Arlington-Alexandria, DC-VA-MD-WV Metro Area",47900,Median Household Income In The Past 12 Months (In 2023 Inflation-Adjusted Dollars (Some Other Race  ,Median household income in the past 12 months (in 2023 inflation-adjusted dollars),61948,1261,308.14258333333333,80342.86685738286
B19013F_001,2017,"Winchester, VA-WV Metro Area",49020,Median Household Income In The Past 12 Months (In 2023 Inflation-Adjusted Dollars (Some Other Race  ,Median household income in the past 12 months (in 2023 inflation-adjusted dollars),38869,9325,308.14258333333333,50410.77826369882
B19013F_001,2018,"Big Stone Gap, VA Micro Area",13720,Median Household Income In The Past 12 Months (In 2023 Inflation-Adjusted Dollars (Some Other Race  ,Median household income in the past 12 months (in 2023 inflation-adjusted dollars),NA,NA,319.28875,NA
B19013F_001,2018,"Blacksburg-Christiansburg-Radford, VA Metro Area",13980,Median Household Income In The Past 12 Months (In 2023 Inflation-Adjusted Dollars (Some Other Race  ,Median household income in the past 12 months (in 2023 inflation-adjusted dollars),NA,NA,319.28875,NA
B19013F_001,2018,"Bluefield, WV-VA Micro Area",14140,Median Household Income In The Past 12 Months (In 2023 Inflation-Adjusted Dollars (Some Other Race  ,Median household income in the past 12 months (in 2023 inflation-adjusted dollars),NA,NA,319.28875,NA
B19013F_001,2018,"Charlottesville, VA Metro Area",16820,Median Household Income In The Past 12 Months (In 2023 Inflation-Adjusted Dollars (Some Other Race  ,Median household income in the past 12 months (in 2023 inflation-adjusted dollars),57447,9900,319.28875,71904.40406453406
B19013F_001,2018,"Danville, VA Micro Area",19260,Median Household Income In The Past 12 Months (In 2023 Inflation-Adjusted Dollars (Some Other Race  ,Median household income in the past 12 months (in 2023 inflation-adjusted dollars),34781,11105,319.28875,43534.16327690844
B19013F_001,2018,"Harrisonburg, VA Metro Area",25500,Median Household Income In The Past 12 Months (In 2023 Inflation-Adjusted Dollars (Some Other Race  ,Median household income in the past 12 months (in 2023 inflation-adjusted dollars),53750,27386,319.28875,67276.99825001664
B19013F_001,2018,"Kingsport-Bristol-Bristol, TN-VA Metro Area",28700,Median Household Income In The Past 12 Months (In 2023 Inflation-Adjusted Dollars (Some Other Race  ,Median household income in the past 12 months (in 2023 inflation-adjusted dollars),36389,13747,319.28875,45546.8407315322
B19013F_001,2018,"Lynchburg, VA Metro Area",31340,Median Household Income In The Past 12 Months (In 2023 Inflation-Adjusted Dollars (Some Other Race  ,Median household income in the past 12 months (in 2023 inflation-adjusted dollars),23819,8428,319.28875,29813.41062915621
B19013F_001,2018,"Martinsville, VA Micro Area",32300,Median Household Income In The Past 12 Months (In 2023 Inflation-Adjusted Dollars (Some Other Race  ,Median household income in the past 12 months (in 2023 inflation-adjusted dollars),28269,27396,319.28875,35383.320251715726
B19013F_001,2018,"Richmond, VA Metro Area",40060,Median Household Income In The Past 12 Months (In 2023 Inflation-Adjusted Dollars (Some Other Race  ,Median household income in the past 12 months (in 2023 inflation-adjusted dollars),44696,5088,319.28875,55944.42258200453
B19013F_001,2018,"Roanoke, VA Metro Area",40220,Median Household Income In The Past 12 Months (In 2023 Inflation-Adjusted Dollars (Some Other Race  ,Median household income in the past 12 months (in 2023 inflation-adjusted dollars),NA,NA,319.28875,NA
B19013F_001,2018,"Staunton-Waynesboro, VA Metro Area",44420,Median Household Income In The Past 12 Months (In 2023 Inflation-Adjusted Dollars (Some Other Race  ,Median household income in the past 12 months (in 2023 inflation-adjusted dollars),37188,34220,319.28875,46546.921133425465
B19013F_001,2018,"Virginia Beach-Norfolk-Newport News, VA-NC Metro Area",47260,Median Household Income In The Past 12 Months (In 2023 Inflation-Adjusted Dollars (Some Other Race  ,Median household income in the past 12 months (in 2023 inflation-adjusted dollars),48511,3267,319.28875,60719.52487640106
B19013F_001,2018,"Washington-Arlington-Alexandria, DC-VA-MD-WV Metro Area",47900,Median Household Income In The Past 12 Months (In 2023 Inflation-Adjusted Dollars (Some Other Race  ,Median household income in the past 12 months (in 2023 inflation-adjusted dollars),63747,1551,319.28875,79789.89409197787
B19013F_001,2018,"Winchester, VA-WV Metro Area",49020,Median Household Income In The Past 12 Months (In 2023 Inflation-Adjusted Dollars (Some Other Race  ,Median household income in the past 12 months (in 2023 inflation-adjusted dollars),39054,6889,319.28875,48882.5281796493
B19013F_001,2019,"Big Stone Gap, VA Micro Area",13720,Median Household Income In The Past 12 Months (In 2023 Inflation-Adjusted Dollars (Some Other Race  ,Median household income in the past 12 months (in 2023 inflation-adjusted dollars),NA,NA,331.12375,NA
B19013F_001,2019,"Blacksburg-Christiansburg, VA Metro Area",13980,Median Household Income In The Past 12 Months (In 2023 Inflation-Adjusted Dollars (Some Other Race  ,Median household income in the past 12 months (in 2023 inflation-adjusted dollars),40268,36775,331.12375,48600.58335120934
B19013F_001,2019,"Bluefield, WV-VA Micro Area",14140,Median Household Income In The Past 12 Months (In 2023 Inflation-Adjusted Dollars (Some Other Race  ,Median household income in the past 12 months (in 2023 inflation-adjusted dollars),NA,NA,331.12375,NA
B19013F_001,2019,"Charlottesville, VA Metro Area",16820,Median Household Income In The Past 12 Months (In 2023 Inflation-Adjusted Dollars (Some Other Race  ,Median household income in the past 12 months (in 2023 inflation-adjusted dollars),63182,13480,331.12375,76256.13532572039
B19013F_001,2019,"Danville, VA Micro Area",19260,Median Household Income In The Past 12 Months (In 2023 Inflation-Adjusted Dollars (Some Other Race  ,Median household income in the past 12 months (in 2023 inflation-adjusted dollars),37639,18281,331.12375,45427.56920522917
B19013F_001,2019,"Harrisonburg, VA Metro Area",25500,Median Household Income In The Past 12 Months (In 2023 Inflation-Adjusted Dollars (Some Other Race  ,Median household income in the past 12 months (in 2023 inflation-adjusted dollars),62983,16966,331.12375,76015.95662087061
B19013F_001,2019,"Kingsport-Bristol, TN-VA Metro Area",28700,Median Household Income In The Past 12 Months (In 2023 Inflation-Adjusted Dollars (Some Other Race  ,Median household income in the past 12 months (in 2023 inflation-adjusted dollars),NA,NA,331.12375,NA
B19013F_001,2019,"Lynchburg, VA Metro Area",31340,Median Household Income In The Past 12 Months (In 2023 Inflation-Adjusted Dollars (Some Other Race  ,Median household income in the past 12 months (in 2023 inflation-adjusted dollars),22992,5177,331.12375,27749.692371386835
B19013F_001,2019,"Martinsville, VA Micro Area",32300,Median Household Income In The Past 12 Months (In 2023 Inflation-Adjusted Dollars (Some Other Race  ,Median household income in the past 12 months (in 2023 inflation-adjusted dollars),21607,17528,331.12375,26078.09686275902
B19013F_001,2019,"Richmond, VA Metro Area",40060,Median Household Income In The Past 12 Months (In 2023 Inflation-Adjusted Dollars (Some Other Race  ,Median household income in the past 12 months (in 2023 inflation-adjusted dollars),47165,5218,331.12375,56924.76690572634
B19013F_001,2019,"Roanoke, VA Metro Area",40220,Median Household Income In The Past 12 Months (In 2023 Inflation-Adjusted Dollars (Some Other Race  ,Median household income in the past 12 months (in 2023 inflation-adjusted dollars),55202,7821,331.12375,66624.84856842797
B19013F_001,2019,"Staunton, VA Metro Area",44420,Median Household Income In The Past 12 Months (In 2023 Inflation-Adjusted Dollars (Some Other Race  ,Median household income in the past 12 months (in 2023 inflation-adjusted dollars),67115,37897,331.12375,81002.98379895736
B19013F_001,2019,"Virginia Beach-Norfolk-Newport News, VA-NC Metro Area",47260,Median Household Income In The Past 12 Months (In 2023 Inflation-Adjusted Dollars (Some Other Race  ,Median household income in the past 12 months (in 2023 inflation-adjusted dollars),52339,3770,331.12375,63169.41323182044
B19013F_001,2019,"Washington-Arlington-Alexandria, DC-VA-MD-WV Metro Area",47900,Median Household Income In The Past 12 Months (In 2023 Inflation-Adjusted Dollars (Some Other Race  ,Median household income in the past 12 months (in 2023 inflation-adjusted dollars),66378,2262,331.12375,80113.47774129764
B19013F_001,2019,"Winchester, VA-WV Metro Area",49020,Median Household Income In The Past 12 Months (In 2023 Inflation-Adjusted Dollars (Some Other Race  ,Median household income in the past 12 months (in 2023 inflation-adjusted dollars),50481,28060,331.12375,60926.94070111251
B19013F_001,2020,"Big Stone Gap, VA Micro Area",13720,Median Household Income In The Past 12 Months (In 2023 Inflation-Adjusted Dollars (Some Other Race  ,Median household income in the past 12 months (in 2023 inflation-adjusted dollars),NA,NA,341.46775,NA
B19013F_001,2020,"Blacksburg-Christiansburg, VA Metro Area",13980,Median Household Income In The Past 12 Months (In 2023 Inflation-Adjusted Dollars (Some Other Race  ,Median household income in the past 12 months (in 2023 inflation-adjusted dollars),NA,NA,341.46775,NA
B19013F_001,2020,"Bluefield, WV-VA Micro Area",14140,Median Household Income In The Past 12 Months (In 2023 Inflation-Adjusted Dollars (Some Other Race  ,Median household income in the past 12 months (in 2023 inflation-adjusted dollars),NA,NA,341.46775,NA
B19013F_001,2020,"Charlottesville, VA Metro Area",16820,Median Household Income In The Past 12 Months (In 2023 Inflation-Adjusted Dollars (Some Other Race  ,Median household income in the past 12 months (in 2023 inflation-adjusted dollars),47166,5879,341.46775,55201.52907054911
B19013F_001,2020,"Danville, VA Micro Area",19260,Median Household Income In The Past 12 Months (In 2023 Inflation-Adjusted Dollars (Some Other Race  ,Median household income in the past 12 months (in 2023 inflation-adjusted dollars),37788,18096,341.46775,44225.827513842814
B19013F_001,2020,"Harrisonburg, VA Metro Area",25500,Median Household Income In The Past 12 Months (In 2023 Inflation-Adjusted Dollars (Some Other Race  ,Median household income in the past 12 months (in 2023 inflation-adjusted dollars),51992,21377,341.46775,60849.720125429114
B19013F_001,2020,"Kingsport-Bristol, TN-VA Metro Area",28700,Median Household Income In The Past 12 Months (In 2023 Inflation-Adjusted Dollars (Some Other Race  ,Median household income in the past 12 months (in 2023 inflation-adjusted dollars),19583,11025,341.46775,22919.29660748343
B19013F_001,2020,"Lynchburg, VA Metro Area",31340,Median Household Income In The Past 12 Months (In 2023 Inflation-Adjusted Dollars (Some Other Race  ,Median household income in the past 12 months (in 2023 inflation-adjusted dollars),60825,26620,341.46775,71187.57167697388
B19013F_001,2020,"Martinsville, VA Micro Area",32300,Median Household Income In The Past 12 Months (In 2023 Inflation-Adjusted Dollars (Some Other Race  ,Median household income in the past 12 months (in 2023 inflation-adjusted dollars),NA,NA,341.46775,NA
B19013F_001,2020,"Richmond, VA Metro Area",40060,Median Household Income In The Past 12 Months (In 2023 Inflation-Adjusted Dollars (Some Other Race  ,Median household income in the past 12 months (in 2023 inflation-adjusted dollars),44377,5775,341.46775,51937.375557896754
B19013F_001,2020,"Roanoke, VA Metro Area",40220,Median Household Income In The Past 12 Months (In 2023 Inflation-Adjusted Dollars (Some Other Race  ,Median household income in the past 12 months (in 2023 inflation-adjusted dollars),58101,12841,341.46775,67999.49201814811
B19013F_001,2020,"Staunton, VA Metro Area",44420,Median Household Income In The Past 12 Months (In 2023 Inflation-Adjusted Dollars (Some Other Race  ,Median household income in the past 12 months (in 2023 inflation-adjusted dollars),50625,36974,341.46775,59249.828461106496
B19013F_001,2020,"Virginia Beach-Norfolk-Newport News, VA-NC Metro Area",47260,Median Household Income In The Past 12 Months (In 2023 Inflation-Adjusted Dollars (Some Other Race  ,Median household income in the past 12 months (in 2023 inflation-adjusted dollars),52423,5175,341.46775,61354.14829464861
B19013F_001,2020,"Washington-Arlington-Alexandria, DC-VA-MD-WV Metro Area",47900,Median Household Income In The Past 12 Months (In 2023 Inflation-Adjusted Dollars (Some Other Race  ,Median household income in the past 12 months (in 2023 inflation-adjusted dollars),70787,1593,341.46775,82846.76755113769
B19013F_001,2020,"Winchester, VA-WV Metro Area",49020,Median Household Income In The Past 12 Months (In 2023 Inflation-Adjusted Dollars (Some Other Race  ,Median household income in the past 12 months (in 2023 inflation-adjusted dollars),48750,15763,341.46775,57055.3903699544
B19013F_001,2021,"Big Stone Gap, VA Micro Area",13720,Median Household Income In The Past 12 Months (In 2023 Inflation-Adjusted Dollars (Some Other Race  ,Median household income in the past 12 months (in 2023 inflation-adjusted dollars),NA,NA,349.13466666666665,NA
B19013F_001,2021,"Blacksburg-Christiansburg, VA Metro Area",13980,Median Household Income In The Past 12 Months (In 2023 Inflation-Adjusted Dollars (Some Other Race  ,Median household income in the past 12 months (in 2023 inflation-adjusted dollars),NA,NA,349.13466666666665,NA
B19013F_001,2021,"Bluefield, WV-VA Micro Area",14140,Median Household Income In The Past 12 Months (In 2023 Inflation-Adjusted Dollars (Some Other Race  ,Median household income in the past 12 months (in 2023 inflation-adjusted dollars),NA,NA,349.13466666666665,NA
B19013F_001,2021,"Charlottesville, VA Metro Area",16820,Median Household Income In The Past 12 Months (In 2023 Inflation-Adjusted Dollars (Some Other Race  ,Median household income in the past 12 months (in 2023 inflation-adjusted dollars),68036,15079,349.13466666666665,77878.49551714526
B19013F_001,2021,"Danville, VA Micro Area",19260,Median Household Income In The Past 12 Months (In 2023 Inflation-Adjusted Dollars (Some Other Race  ,Median household income in the past 12 months (in 2023 inflation-adjusted dollars),50539,11692,349.13466666666665,57850.274633150155
B19013F_001,2021,"Harrisonburg, VA Metro Area",25500,Median Household Income In The Past 12 Months (In 2023 Inflation-Adjusted Dollars (Some Other Race  ,Median household income in the past 12 months (in 2023 inflation-adjusted dollars),63967,24112,349.13466666666665,73220.84959058778
B19013F_001,2021,"Kingsport-Bristol, TN-VA Metro Area",28700,Median Household Income In The Past 12 Months (In 2023 Inflation-Adjusted Dollars (Some Other Race  ,Median household income in the past 12 months (in 2023 inflation-adjusted dollars),38365,25483,349.13466666666665,43915.11083125519
B19013F_001,2021,"Lynchburg, VA Metro Area",31340,Median Household Income In The Past 12 Months (In 2023 Inflation-Adjusted Dollars (Some Other Race  ,Median household income in the past 12 months (in 2023 inflation-adjusted dollars),48279,20513,349.13466666666665,55263.32948839226
B19013F_001,2021,"Martinsville, VA Micro Area",32300,Median Household Income In The Past 12 Months (In 2023 Inflation-Adjusted Dollars (Some Other Race  ,Median household income in the past 12 months (in 2023 inflation-adjusted dollars),41321,9788,349.13466666666665,47298.74350731905
B19013F_001,2021,"Richmond, VA Metro Area",40060,Median Household Income In The Past 12 Months (In 2023 Inflation-Adjusted Dollars (Some Other Race  ,Median household income in the past 12 months (in 2023 inflation-adjusted dollars),52227,4092,349.13466666666665,59782.47082976579
B19013F_001,2021,"Roanoke, VA Metro Area",40220,Median Household Income In The Past 12 Months (In 2023 Inflation-Adjusted Dollars (Some Other Race  ,Median household income in the past 12 months (in 2023 inflation-adjusted dollars),61827,13471,349.13466666666665,70771.26436502057
B19013F_001,2021,"Staunton, VA Metro Area",44420,Median Household Income In The Past 12 Months (In 2023 Inflation-Adjusted Dollars (Some Other Race  ,Median household income in the past 12 months (in 2023 inflation-adjusted dollars),NA,NA,349.13466666666665,NA
B19013F_001,2021,"Virginia Beach-Norfolk-Newport News, VA-NC Metro Area",47260,Median Household Income In The Past 12 Months (In 2023 Inflation-Adjusted Dollars (Some Other Race  ,Median household income in the past 12 months (in 2023 inflation-adjusted dollars),55875,5938,349.13466666666665,63958.212373162605
B19013F_001,2021,"Washington-Arlington-Alexandria, DC-VA-MD-WV Metro Area",47900,Median Household Income In The Past 12 Months (In 2023 Inflation-Adjusted Dollars (Some Other Race  ,Median household income in the past 12 months (in 2023 inflation-adjusted dollars),75128,1787,349.13466666666665,85996.46674131473
B19013F_001,2021,"Winchester, VA-WV Metro Area",49020,Median Household Income In The Past 12 Months (In 2023 Inflation-Adjusted Dollars (Some Other Race  ,Median household income in the past 12 months (in 2023 inflation-adjusted dollars),56295,2137,349.13466666666665,64438.972090330004
B19013F_001,2022,"Big Stone Gap, VA Micro Area",13720,Median Household Income In The Past 12 Months (In 2023 Inflation-Adjusted Dollars (Some Other Race  ,Median household income in the past 12 months (in 2023 inflation-adjusted dollars),NA,NA,370.199,NA
B19013F_001,2022,"Blacksburg-Christiansburg, VA Metro Area",13980,Median Household Income In The Past 12 Months (In 2023 Inflation-Adjusted Dollars (Some Other Race  ,Median household income in the past 12 months (in 2023 inflation-adjusted dollars),60104,33894,370.199,64884.339580387845
B19013F_001,2022,"Bluefield, WV-VA Micro Area",14140,Median Household Income In The Past 12 Months (In 2023 Inflation-Adjusted Dollars (Some Other Race  ,Median household income in the past 12 months (in 2023 inflation-adjusted dollars),101192,49551,370.199,109240.25174395392
B19013F_001,2022,"Charlottesville, VA Metro Area",16820,Median Household Income In The Past 12 Months (In 2023 Inflation-Adjusted Dollars (Some Other Race  ,Median household income in the past 12 months (in 2023 inflation-adjusted dollars),80291,20890,370.199,86676.9018575955
B19013F_001,2022,"Danville, VA Micro Area",19260,Median Household Income In The Past 12 Months (In 2023 Inflation-Adjusted Dollars (Some Other Race  ,Median household income in the past 12 months (in 2023 inflation-adjusted dollars),53349,7377,370.199,57592.084258520415
B19013F_001,2022,"Harrisonburg, VA Metro Area",25500,Median Household Income In The Past 12 Months (In 2023 Inflation-Adjusted Dollars (Some Other Race  ,Median household income in the past 12 months (in 2023 inflation-adjusted dollars),56429,14196,370.199,60917.050415641315
B19013F_001,2022,"Kingsport-Bristol, TN-VA Metro Area",28700,Median Household Income In The Past 12 Months (In 2023 Inflation-Adjusted Dollars (Some Other Race  ,Median household income in the past 12 months (in 2023 inflation-adjusted dollars),80949,30094,370.199,87387.23553661679
B19013F_001,2022,"Lynchburg, VA Metro Area",31340,Median Household Income In The Past 12 Months (In 2023 Inflation-Adjusted Dollars (Some Other Race  ,Median household income in the past 12 months (in 2023 inflation-adjusted dollars),49942,5189,370.199,53914.11033082207
B19013F_001,2022,"Martinsville, VA Micro Area",32300,Median Household Income In The Past 12 Months (In 2023 Inflation-Adjusted Dollars (Some Other Race  ,Median household income in the past 12 months (in 2023 inflation-adjusted dollars),56364,13493,370.199,60846.880675312466
B19013F_001,2022,"Richmond, VA Metro Area",40060,Median Household Income In The Past 12 Months (In 2023 Inflation-Adjusted Dollars (Some Other Race  ,Median household income in the past 12 months (in 2023 inflation-adjusted dollars),59358,3968,370.199,64079.006868305965
B19013F_001,2022,"Roanoke, VA Metro Area",40220,Median Household Income In The Past 12 Months (In 2023 Inflation-Adjusted Dollars (Some Other Race  ,Median household income in the past 12 months (in 2023 inflation-adjusted dollars),60893,17947,370.199,65736.09227453342
B19013F_001,2022,"Staunton, VA Metro Area",44420,Median Household Income In The Past 12 Months (In 2023 Inflation-Adjusted Dollars (Some Other Race  ,Median household income in the past 12 months (in 2023 inflation-adjusted dollars),NA,NA,370.199,NA
B19013F_001,2022,"Virginia Beach-Norfolk-Newport News, VA-NC Metro Area",47260,Median Household Income In The Past 12 Months (In 2023 Inflation-Adjusted Dollars (Some Other Race  ,Median household income in the past 12 months (in 2023 inflation-adjusted dollars),55627,4698,370.199,60051.263773429964
B19013F_001,2022,"Washington-Arlington-Alexandria, DC-VA-MD-WV Metro Area",47900,Median Household Income In The Past 12 Months (In 2023 Inflation-Adjusted Dollars (Some Other Race  ,Median household income in the past 12 months (in 2023 inflation-adjusted dollars),82285,1638,370.199,88829.49358399131
B19013F_001,2022,"Winchester, VA-WV Metro Area",49020,Median Household Income In The Past 12 Months (In 2023 Inflation-Adjusted Dollars (Some Other Race  ,Median household income in the past 12 months (in 2023 inflation-adjusted dollars),60750,7848,370.199,65581.71884580996
B19013F_001,2023,"Blacksburg-Christiansburg-Radford, VA Metro Area",13980,Median Household Income In The Past 12 Months (In 2023 Inflation-Adjusted Dollars (Some Other Race  ,Median household income in the past 12 months (in 2023 inflation-adjusted dollars),64286,57985,399.64258333333333,64285.99946380422
B19013F_001,2023,"Bluefield, WV-VA Micro Area",14140,Median Household Income In The Past 12 Months (In 2023 Inflation-Adjusted Dollars (Some Other Race  ,Median household income in the past 12 months (in 2023 inflation-adjusted dollars),105806,35323,399.64258333333333,105805.99911749478
B19013F_001,2023,"Charlottesville, VA Metro Area",16820,Median Household Income In The Past 12 Months (In 2023 Inflation-Adjusted Dollars (Some Other Race  ,Median household income in the past 12 months (in 2023 inflation-adjusted dollars),67031,18688,399.64258333333333,67030.99944090877
B19013F_001,2023,"Danville, VA Micro Area",19260,Median Household Income In The Past 12 Months (In 2023 Inflation-Adjusted Dollars (Some Other Race  ,Median household income in the past 12 months (in 2023 inflation-adjusted dollars),59861,35818,399.64258333333333,59860.9995007122
B19013F_001,2023,"Harrisonburg, VA Metro Area",25500,Median Household Income In The Past 12 Months (In 2023 Inflation-Adjusted Dollars (Some Other Race  ,Median household income in the past 12 months (in 2023 inflation-adjusted dollars),64385,9598,399.64258333333333,64384.999462978485
B19013F_001,2023,"Kingsport-Bristol, TN-VA Metro Area",28700,Median Household Income In The Past 12 Months (In 2023 Inflation-Adjusted Dollars (Some Other Race  ,Median household income in the past 12 months (in 2023 inflation-adjusted dollars),75865,36429,399.64258333333333,75864.99936722625
B19013F_001,2023,"Lake of the Woods, VA Micro Area",29470,Median Household Income In The Past 12 Months (In 2023 Inflation-Adjusted Dollars (Some Other Race  ,Median household income in the past 12 months (in 2023 inflation-adjusted dollars),129632,87200,399.64258333333333,129631.9989187672
B19013F_001,2023,"Lynchburg, VA Metro Area",31340,Median Household Income In The Past 12 Months (In 2023 Inflation-Adjusted Dollars (Some Other Race  ,Median household income in the past 12 months (in 2023 inflation-adjusted dollars),52744,8813,399.64258333333333,52743.99956007357
B19013F_001,2023,"Martinsville, VA Micro Area",32300,Median Household Income In The Past 12 Months (In 2023 Inflation-Adjusted Dollars (Some Other Race  ,Median household income in the past 12 months (in 2023 inflation-adjusted dollars),58553,6848,399.64258333333333,58552.99951162195
B19013F_001,2023,"Richmond, VA Metro Area",40060,Median Household Income In The Past 12 Months (In 2023 Inflation-Adjusted Dollars (Some Other Race  ,Median household income in the past 12 months (in 2023 inflation-adjusted dollars),61409,4002,399.64258333333333,61408.99948780066
B19013F_001,2023,"Roanoke, VA Metro Area",40220,Median Household Income In The Past 12 Months (In 2023 Inflation-Adjusted Dollars (Some Other Race  ,Median household income in the past 12 months (in 2023 inflation-adjusted dollars),64811,9570,399.64258333333333,64810.99945942531
B19013F_001,2023,"Staunton-Stuarts Draft, VA Metro Area",44420,Median Household Income In The Past 12 Months (In 2023 Inflation-Adjusted Dollars (Some Other Race  ,Median household income in the past 12 months (in 2023 inflation-adjusted dollars),49531,28469,399.64258333333333,49530.999586872524
B19013F_001,2023,"Virginia Beach-Chesapeake-Norfolk, VA-NC Metro Area",47260,Median Household Income In The Past 12 Months (In 2023 Inflation-Adjusted Dollars (Some Other Race  ,Median household income in the past 12 months (in 2023 inflation-adjusted dollars),63136,5280,399.64258333333333,63135.99947339612
B19013F_001,2023,"Washington-Arlington-Alexandria, DC-VA-MD-WV Metro Area",47900,Median Household Income In The Past 12 Months (In 2023 Inflation-Adjusted Dollars (Some Other Race  ,Median household income in the past 12 months (in 2023 inflation-adjusted dollars),87146,2629,399.64258333333333,87145.99927313384
B19013F_001,2023,"Winchester, VA-WV Metro Area",49020,Median Household Income In The Past 12 Months (In 2023 Inflation-Adjusted Dollars (Some Other Race  ,Median household income in the past 12 months (in 2023 inflation-adjusted dollars),65465,6512,399.64258333333333,65464.999453970435
B19013G_001,2010,"Blacksburg-Christiansburg-Radford, VA Metro Area",13980,Median Household Income In The Past 12 Months (In 2023 Inflation-Adjusted Dollars (Two Or More Races ,Median household income in the past 12 months (in 2023 inflation-adjusted dollars),26058,22076,249.38541666666666,41758.20097595924
B19013G_001,2010,"Bluefield, WV-VA Micro Area",14140,Median Household Income In The Past 12 Months (In 2023 Inflation-Adjusted Dollars (Two Or More Races ,Median household income in the past 12 months (in 2023 inflation-adjusted dollars),33375,29829,249.38541666666666,53483.765353159855
B19013G_001,2010,"Charlottesville, VA Metro Area",16820,Median Household Income In The Past 12 Months (In 2023 Inflation-Adjusted Dollars (Two Or More Races ,Median household income in the past 12 months (in 2023 inflation-adjusted dollars),36658,9045,249.38541666666666,58744.805103105144
B19013G_001,2010,"Culpeper, VA Micro Area",19020,Median Household Income In The Past 12 Months (In 2023 Inflation-Adjusted Dollars (Two Or More Races ,Median household income in the past 12 months (in 2023 inflation-adjusted dollars),73958,32286,249.38541666666666,118518.42151277894
B19013G_001,2010,"Danville, VA Metro Area",19260,Median Household Income In The Past 12 Months (In 2023 Inflation-Adjusted Dollars (Two Or More Races ,Median household income in the past 12 months (in 2023 inflation-adjusted dollars),29336,23716,249.38541666666666,47011.22817678794
B19013G_001,2010,"Harrisonburg, VA Metro Area",25500,Median Household Income In The Past 12 Months (In 2023 Inflation-Adjusted Dollars (Two Or More Races ,Median household income in the past 12 months (in 2023 inflation-adjusted dollars),59083,23217,249.38541666666666,94681.08789095862
B19013G_001,2010,"Kingsport-Bristol-Bristol, TN-VA Metro Area",28700,Median Household Income In The Past 12 Months (In 2023 Inflation-Adjusted Dollars (Two Or More Races ,Median household income in the past 12 months (in 2023 inflation-adjusted dollars),25741,10189,249.38541666666666,41250.205361968176
B19013G_001,2010,"Lynchburg, VA Metro Area",31340,Median Household Income In The Past 12 Months (In 2023 Inflation-Adjusted Dollars (Two Or More Races ,Median household income in the past 12 months (in 2023 inflation-adjusted dollars),36293,9186,249.38541666666666,58159.88901759493
B19013G_001,2010,"Martinsville, VA Micro Area",32300,Median Household Income In The Past 12 Months (In 2023 Inflation-Adjusted Dollars (Two Or More Races ,Median household income in the past 12 months (in 2023 inflation-adjusted dollars),33110,9781,249.38541666666666,53059.10024998121
B19013G_001,2010,"Richmond, VA Metro Area",40060,Median Household Income In The Past 12 Months (In 2023 Inflation-Adjusted Dollars (Two Or More Races ,Median household income in the past 12 months (in 2023 inflation-adjusted dollars),47756,4512,249.38541666666666,76529.45912226224
B19013G_001,2010,"Roanoke, VA Metro Area",40220,Median Household Income In The Past 12 Months (In 2023 Inflation-Adjusted Dollars (Two Or More Races ,Median household income in the past 12 months (in 2023 inflation-adjusted dollars),30625,5409,249.38541666666666,49076.86333904182
B19013G_001,2010,"Staunton-Waynesboro, VA Micro Area",44420,Median Household Income In The Past 12 Months (In 2023 Inflation-Adjusted Dollars (Two Or More Races ,Median household income in the past 12 months (in 2023 inflation-adjusted dollars),46250,21482,249.38541666666666,74116.07932834886
B19013G_001,2010,"Virginia Beach-Norfolk-Newport News, VA-NC Metro Area",47260,Median Household Income In The Past 12 Months (In 2023 Inflation-Adjusted Dollars (Two Or More Races ,Median household income in the past 12 months (in 2023 inflation-adjusted dollars),52856,3192,249.38541666666666,84702.25922117206
B19013G_001,2010,"Washington-Arlington-Alexandria, DC-VA-MD-WV Metro Area",47900,Median Household Income In The Past 12 Months (In 2023 Inflation-Adjusted Dollars (Two Or More Races ,Median household income in the past 12 months (in 2023 inflation-adjusted dollars),75787,2080,249.38541666666666,121449.41197962326
B19013G_001,2010,"Winchester, VA-WV Metro Area",49020,Median Household Income In The Past 12 Months (In 2023 Inflation-Adjusted Dollars (Two Or More Races ,Median household income in the past 12 months (in 2023 inflation-adjusted dollars),50509,46522,249.38541666666666,80941.16866585023
B19013G_001,2011,"Blacksburg-Christiansburg-Radford, VA Metro Area",13980,Median Household Income In The Past 12 Months (In 2023 Inflation-Adjusted Dollars (Two Or More Races ,Median household income in the past 12 months (in 2023 inflation-adjusted dollars),34087,18756,253.63816666666668,53708.859370376034
B19013G_001,2011,"Bluefield, WV-VA Micro Area",14140,Median Household Income In The Past 12 Months (In 2023 Inflation-Adjusted Dollars (Two Or More Races ,Median household income in the past 12 months (in 2023 inflation-adjusted dollars),33036,22172,253.63816666666668,52052.86115409812
B19013G_001,2011,"Charlottesville, VA Metro Area",16820,Median Household Income In The Past 12 Months (In 2023 Inflation-Adjusted Dollars (Two Or More Races ,Median household income in the past 12 months (in 2023 inflation-adjusted dollars),37347,15141,253.63816666666668,58845.447557879364
B19013G_001,2011,"Culpeper, VA Micro Area",19020,Median Household Income In The Past 12 Months (In 2023 Inflation-Adjusted Dollars (Two Or More Races ,Median household income in the past 12 months (in 2023 inflation-adjusted dollars),76071,31234,253.63816666666668,119860.55215078697
B19013G_001,2011,"Danville, VA Metro Area",19260,Median Household Income In The Past 12 Months (In 2023 Inflation-Adjusted Dollars (Two Or More Races ,Median household income in the past 12 months (in 2023 inflation-adjusted dollars),28375,4597,253.63816666666668,44708.80055840702
B19013G_001,2011,"Harrisonburg, VA Metro Area",25500,Median Household Income In The Past 12 Months (In 2023 Inflation-Adjusted Dollars (Two Or More Races ,Median household income in the past 12 months (in 2023 inflation-adjusted dollars),46089,35606,253.63816666666668,72619.69723123951
B19013G_001,2011,"Kingsport-Bristol-Bristol, TN-VA Metro Area",28700,Median Household Income In The Past 12 Months (In 2023 Inflation-Adjusted Dollars (Two Or More Races ,Median household income in the past 12 months (in 2023 inflation-adjusted dollars),26319,12069,253.63816666666668,41469.28359107363
B19013G_001,2011,"Lynchburg, VA Metro Area",31340,Median Household Income In The Past 12 Months (In 2023 Inflation-Adjusted Dollars (Two Or More Races ,Median household income in the past 12 months (in 2023 inflation-adjusted dollars),38949,5804,253.63816666666668,61369.623716278234
B19013G_001,2011,"Martinsville, VA Micro Area",32300,Median Household Income In The Past 12 Months (In 2023 Inflation-Adjusted Dollars (Two Or More Races ,Median household income in the past 12 months (in 2023 inflation-adjusted dollars),35425,16778,253.63816666666668,55817.06642402004
B19013G_001,2011,"Richmond, VA Metro Area",40060,Median Household Income In The Past 12 Months (In 2023 Inflation-Adjusted Dollars (Two Or More Races ,Median household income in the past 12 months (in 2023 inflation-adjusted dollars),49112,4671,253.63816666666668,77382.85860879245
B19013G_001,2011,"Roanoke, VA Metro Area",40220,Median Household Income In The Past 12 Months (In 2023 Inflation-Adjusted Dollars (Two Or More Races ,Median household income in the past 12 months (in 2023 inflation-adjusted dollars),35194,9215,253.63816666666668,55453.09345735953
B19013G_001,2011,"Staunton-Waynesboro, VA Micro Area",44420,Median Household Income In The Past 12 Months (In 2023 Inflation-Adjusted Dollars (Two Or More Races ,Median household income in the past 12 months (in 2023 inflation-adjusted dollars),45705,10372,253.63816666666668,72014.65126068697
B19013G_001,2011,"Virginia Beach-Norfolk-Newport News, VA-NC Metro Area",47260,Median Household Income In The Past 12 Months (In 2023 Inflation-Adjusted Dollars (Two Or More Races ,Median household income in the past 12 months (in 2023 inflation-adjusted dollars),57958,6076,253.63816666666668,91320.97489917724
B19013G_001,2011,"Washington-Arlington-Alexandria, DC-VA-MD-WV Metro Area",47900,Median Household Income In The Past 12 Months (In 2023 Inflation-Adjusted Dollars (Two Or More Races ,Median household income in the past 12 months (in 2023 inflation-adjusted dollars),80892,2394,253.63816666666668,127456.7152342083
B19013G_001,2011,"Winchester, VA-WV Metro Area",49020,Median Household Income In The Past 12 Months (In 2023 Inflation-Adjusted Dollars (Two Or More Races ,Median household income in the past 12 months (in 2023 inflation-adjusted dollars),61912,29788,253.63816666666668,97551.05762721041
B19013G_001,2012,"Blacksburg-Christiansburg-Radford, VA Metro Area",13980,Median Household Income In The Past 12 Months (In 2023 Inflation-Adjusted Dollars (Two Or More Races ,Median household income in the past 12 months (in 2023 inflation-adjusted dollars),35110,16395,260.3668333333333,53891.08437569814
B19013G_001,2012,"Bluefield, WV-VA Micro Area",14140,Median Household Income In The Past 12 Months (In 2023 Inflation-Adjusted Dollars (Two Or More Races ,Median household income in the past 12 months (in 2023 inflation-adjusted dollars),28056,21314,260.3668333333333,43063.75002120726
B19013G_001,2012,"Charlottesville, VA Metro Area",16820,Median Household Income In The Past 12 Months (In 2023 Inflation-Adjusted Dollars (Two Or More Races ,Median household income in the past 12 months (in 2023 inflation-adjusted dollars),37349,21086,260.3668333333333,57327.77300905582
B19013G_001,2012,"Culpeper, VA Micro Area",19020,Median Household Income In The Past 12 Months (In 2023 Inflation-Adjusted Dollars (Two Or More Races ,Median household income in the past 12 months (in 2023 inflation-adjusted dollars),78676,32983,260.3668333333333,120761.46266996374
B19013G_001,2012,"Danville, VA Metro Area",19260,Median Household Income In The Past 12 Months (In 2023 Inflation-Adjusted Dollars (Two Or More Races ,Median household income in the past 12 months (in 2023 inflation-adjusted dollars),31932,11625,260.3668333333333,49013.10470762726
B19013G_001,2012,"Harrisonburg, VA Metro Area",25500,Median Household Income In The Past 12 Months (In 2023 Inflation-Adjusted Dollars (Two Or More Races ,Median household income in the past 12 months (in 2023 inflation-adjusted dollars),43063,17493,260.3668333333333,66098.31291571316
B19013G_001,2012,"Kingsport-Bristol-Bristol, TN-VA Metro Area",28700,Median Household Income In The Past 12 Months (In 2023 Inflation-Adjusted Dollars (Two Or More Races ,Median household income in the past 12 months (in 2023 inflation-adjusted dollars),31131,8168,260.3668333333333,47783.63280261632
B19013G_001,2012,"Lynchburg, VA Metro Area",31340,Median Household Income In The Past 12 Months (In 2023 Inflation-Adjusted Dollars (Two Or More Races ,Median household income in the past 12 months (in 2023 inflation-adjusted dollars),41311,5495,260.3668333333333,63409.130921232296
B19013G_001,2012,"Martinsville, VA Micro Area",32300,Median Household Income In The Past 12 Months (In 2023 Inflation-Adjusted Dollars (Two Or More Races ,Median household income in the past 12 months (in 2023 inflation-adjusted dollars),35896,10092,260.3668333333333,55097.53246226319
B19013G_001,2012,"Richmond, VA Metro Area",40060,Median Household Income In The Past 12 Months (In 2023 Inflation-Adjusted Dollars (Two Or More Races ,Median household income in the past 12 months (in 2023 inflation-adjusted dollars),48491,4572,260.3668333333333,74429.86535066871
B19013G_001,2012,"Roanoke, VA Metro Area",40220,Median Household Income In The Past 12 Months (In 2023 Inflation-Adjusted Dollars (Two Or More Races ,Median household income in the past 12 months (in 2023 inflation-adjusted dollars),36031,7607,260.3668333333333,55304.746828276264
B19013G_001,2012,"Staunton-Waynesboro, VA Micro Area",44420,Median Household Income In The Past 12 Months (In 2023 Inflation-Adjusted Dollars (Two Or More Races ,Median household income in the past 12 months (in 2023 inflation-adjusted dollars),45589,12555,260.3668333333333,69975.52394200236
B19013G_001,2012,"Virginia Beach-Norfolk-Newport News, VA-NC Metro Area",47260,Median Household Income In The Past 12 Months (In 2023 Inflation-Adjusted Dollars (Two Or More Races ,Median household income in the past 12 months (in 2023 inflation-adjusted dollars),56861,5046,260.3668333333333,87277.1560434797
B19013G_001,2012,"Washington-Arlington-Alexandria, DC-VA-MD-WV Metro Area",47900,Median Household Income In The Past 12 Months (In 2023 Inflation-Adjusted Dollars (Two Or More Races ,Median household income in the past 12 months (in 2023 inflation-adjusted dollars),80673,2363,260.3668333333333,123826.70036572761
B19013G_001,2012,"Winchester, VA-WV Metro Area",49020,Median Household Income In The Past 12 Months (In 2023 Inflation-Adjusted Dollars (Two Or More Races ,Median household income in the past 12 months (in 2023 inflation-adjusted dollars),47083,27568,260.3668333333333,72268.69625921377
B19013G_001,2013,"Big Stone Gap, VA Micro Area",13720,Median Household Income In The Past 12 Months (In 2023 Inflation-Adjusted Dollars (Two Or More Races ,Median household income in the past 12 months (in 2023 inflation-adjusted dollars),33750,15662,267.7245833333333,50379.897531511706
B19013G_001,2013,"Blacksburg-Christiansburg-Radford, VA Metro Area",13980,Median Household Income In The Past 12 Months (In 2023 Inflation-Adjusted Dollars (Two Or More Races ,Median household income in the past 12 months (in 2023 inflation-adjusted dollars),30357,12747,267.7245833333333,45315.038499677066
B19013G_001,2013,"Bluefield, WV-VA Micro Area",14140,Median Household Income In The Past 12 Months (In 2023 Inflation-Adjusted Dollars (Two Or More Races ,Median household income in the past 12 months (in 2023 inflation-adjusted dollars),40163,33168,267.7245833333333,59952.824431351255
B19013G_001,2013,"Charlottesville, VA Metro Area",16820,Median Household Income In The Past 12 Months (In 2023 Inflation-Adjusted Dollars (Two Or More Races ,Median household income in the past 12 months (in 2023 inflation-adjusted dollars),53488,3096,267.7245833333333,79843.5543456444
B19013G_001,2013,"Danville, VA Micro Area",19260,Median Household Income In The Past 12 Months (In 2023 Inflation-Adjusted Dollars (Two Or More Races ,Median household income in the past 12 months (in 2023 inflation-adjusted dollars),31031,12354,267.7245833333333,46321.143712602665
B19013G_001,2013,"Harrisonburg, VA Metro Area",25500,Median Household Income In The Past 12 Months (In 2023 Inflation-Adjusted Dollars (Two Or More Races ,Median household income in the past 12 months (in 2023 inflation-adjusted dollars),43442,16662,267.7245833333333,64847.51136485724
B19013G_001,2013,"Kingsport-Bristol-Bristol, TN-VA Metro Area",28700,Median Household Income In The Past 12 Months (In 2023 Inflation-Adjusted Dollars (Two Or More Races ,Median household income in the past 12 months (in 2023 inflation-adjusted dollars),27833,6004,267.7245833333333,41547.36853317231
B19013G_001,2013,"Lynchburg, VA Metro Area",31340,Median Household Income In The Past 12 Months (In 2023 Inflation-Adjusted Dollars (Two Or More Races ,Median household income in the past 12 months (in 2023 inflation-adjusted dollars),41028,5866,267.7245833333333,61244.04254586259
B19013G_001,2013,"Martinsville, VA Micro Area",32300,Median Household Income In The Past 12 Months (In 2023 Inflation-Adjusted Dollars (Two Or More Races ,Median household income in the past 12 months (in 2023 inflation-adjusted dollars),26215,14798,267.7245833333333,39132.11892706902
B19013G_001,2013,"Richmond, VA Metro Area",40060,Median Household Income In The Past 12 Months (In 2023 Inflation-Adjusted Dollars (Two Or More Races ,Median household income in the past 12 months (in 2023 inflation-adjusted dollars),50245,5391,267.7245833333333,75002.60596950536
B19013G_001,2013,"Roanoke, VA Metro Area",40220,Median Household Income In The Past 12 Months (In 2023 Inflation-Adjusted Dollars (Two Or More Races ,Median household income in the past 12 months (in 2023 inflation-adjusted dollars),35161,8074,267.7245833333333,52486.15043275506
B19013G_001,2013,"Staunton-Waynesboro, VA Metro Area",44420,Median Household Income In The Past 12 Months (In 2023 Inflation-Adjusted Dollars (Two Or More Races ,Median household income in the past 12 months (in 2023 inflation-adjusted dollars),45074,30223,267.7245833333333,67283.65929882544
B19013G_001,2013,"Virginia Beach-Norfolk-Newport News, VA-NC Metro Area",47260,Median Household Income In The Past 12 Months (In 2023 Inflation-Adjusted Dollars (Two Or More Races ,Median household income in the past 12 months (in 2023 inflation-adjusted dollars),54191,2772,267.7245833333333,80892.94895200447
B19013G_001,2013,"Washington-Arlington-Alexandria, DC-VA-MD-WV Metro Area",47900,Median Household Income In The Past 12 Months (In 2023 Inflation-Adjusted Dollars (Two Or More Races ,Median household income in the past 12 months (in 2023 inflation-adjusted dollars),82549,2318,267.7245833333333,123224.00478011141
B19013G_001,2013,"Winchester, VA-WV Metro Area",49020,Median Household Income In The Past 12 Months (In 2023 Inflation-Adjusted Dollars (Two Or More Races ,Median household income in the past 12 months (in 2023 inflation-adjusted dollars),49053,20723,267.7245833333333,73223.2626255776
B19013G_001,2014,"Big Stone Gap, VA Micro Area",13720,Median Household Income In The Past 12 Months (In 2023 Inflation-Adjusted Dollars (Two Or More Races ,Median household income in the past 12 months (in 2023 inflation-adjusted dollars),31875,11865,276.1619166666667,46127.31324890018
B19013G_001,2014,"Blacksburg-Christiansburg-Radford, VA Metro Area",13980,Median Household Income In The Past 12 Months (In 2023 Inflation-Adjusted Dollars (Two Or More Races ,Median household income in the past 12 months (in 2023 inflation-adjusted dollars),24900,14129,276.1619166666667,36033.57176149379
B19013G_001,2014,"Bluefield, WV-VA Micro Area",14140,Median Household Income In The Past 12 Months (In 2023 Inflation-Adjusted Dollars (Two Or More Races ,Median household income in the past 12 months (in 2023 inflation-adjusted dollars),36563,19518,276.1619166666667,52911.46523355411
B19013G_001,2014,"Charlottesville, VA Metro Area",16820,Median Household Income In The Past 12 Months (In 2023 Inflation-Adjusted Dollars (Two Or More Races ,Median household income in the past 12 months (in 2023 inflation-adjusted dollars),55028,3131,276.1619166666667,79632.74646150523
B19013G_001,2014,"Danville, VA Micro Area",19260,Median Household Income In The Past 12 Months (In 2023 Inflation-Adjusted Dollars (Two Or More Races ,Median household income in the past 12 months (in 2023 inflation-adjusted dollars),30245,13693,276.1619166666667,43768.48907334857
B19013G_001,2014,"Harrisonburg, VA Metro Area",25500,Median Household Income In The Past 12 Months (In 2023 Inflation-Adjusted Dollars (Two Or More Races ,Median household income in the past 12 months (in 2023 inflation-adjusted dollars),27500,23446,276.1619166666667,39796.113391208
B19013G_001,2014,"Kingsport-Bristol-Bristol, TN-VA Metro Area",28700,Median Household Income In The Past 12 Months (In 2023 Inflation-Adjusted Dollars (Two Or More Races ,Median household income in the past 12 months (in 2023 inflation-adjusted dollars),24973,5833,276.1619166666667,36139.21235340499
B19013G_001,2014,"Lynchburg, VA Metro Area",31340,Median Household Income In The Past 12 Months (In 2023 Inflation-Adjusted Dollars (Two Or More Races ,Median household income in the past 12 months (in 2023 inflation-adjusted dollars),34567,10953,276.1619166666667,50022.99096705043
B19013G_001,2014,"Martinsville, VA Micro Area",32300,Median Household Income In The Past 12 Months (In 2023 Inflation-Adjusted Dollars (Two Or More Races ,Median household income in the past 12 months (in 2023 inflation-adjusted dollars),28036,5152,276.1619166666667,40571.77581948754
B19013G_001,2014,"Richmond, VA Metro Area",40060,Median Household Income In The Past 12 Months (In 2023 Inflation-Adjusted Dollars (Two Or More Races ,Median household income in the past 12 months (in 2023 inflation-adjusted dollars),52876,5531,276.1619166666667,76518.5196972187
B19013G_001,2014,"Roanoke, VA Metro Area",40220,Median Household Income In The Past 12 Months (In 2023 Inflation-Adjusted Dollars (Two Or More Races ,Median household income in the past 12 months (in 2023 inflation-adjusted dollars),38780,10231,276.1619166666667,56119.75553858349
B19013G_001,2014,"Staunton-Waynesboro, VA Metro Area",44420,Median Household Income In The Past 12 Months (In 2023 Inflation-Adjusted Dollars (Two Or More Races ,Median household income in the past 12 months (in 2023 inflation-adjusted dollars),46352,15167,276.1619166666667,67077.43446942812
B19013G_001,2014,"Virginia Beach-Norfolk-Newport News, VA-NC Metro Area",47260,Median Household Income In The Past 12 Months (In 2023 Inflation-Adjusted Dollars (Two Or More Races ,Median household income in the past 12 months (in 2023 inflation-adjusted dollars),54286,2456,276.1619166666667,78558.97496564063
B19013G_001,2014,"Washington-Arlington-Alexandria, DC-VA-MD-WV Metro Area",47900,Median Household Income In The Past 12 Months (In 2023 Inflation-Adjusted Dollars (Two Or More Races ,Median household income in the past 12 months (in 2023 inflation-adjusted dollars),83645,2348,276.1619166666667,121045.30562209428
B19013G_001,2014,"Winchester, VA-WV Metro Area",49020,Median Household Income In The Past 12 Months (In 2023 Inflation-Adjusted Dollars (Two Or More Races ,Median household income in the past 12 months (in 2023 inflation-adjusted dollars),46818,20367,276.1619166666667,67751.79769998459
B19013G_001,2015,"Big Stone Gap, VA Micro Area",13720,Median Household Income In The Past 12 Months (In 2023 Inflation-Adjusted Dollars (Two Or More Races ,Median household income in the past 12 months (in 2023 inflation-adjusted dollars),NA,NA,286.0319166666667,NA
B19013G_001,2015,"Blacksburg-Christiansburg-Radford, VA Metro Area",13980,Median Household Income In The Past 12 Months (In 2023 Inflation-Adjusted Dollars (Two Or More Races ,Median household income in the past 12 months (in 2023 inflation-adjusted dollars),27857,12542,286.0319166666667,38921.68217029393
B19013G_001,2015,"Bluefield, WV-VA Micro Area",14140,Median Household Income In The Past 12 Months (In 2023 Inflation-Adjusted Dollars (Two Or More Races ,Median household income in the past 12 months (in 2023 inflation-adjusted dollars),31016,13174,286.0319166666667,43335.4235629765
B19013G_001,2015,"Charlottesville, VA Metro Area",16820,Median Household Income In The Past 12 Months (In 2023 Inflation-Adjusted Dollars (Two Or More Races ,Median household income in the past 12 months (in 2023 inflation-adjusted dollars),56953,5573,286.0319166666667,79574.48988206734
B19013G_001,2015,"Danville, VA Micro Area",19260,Median Household Income In The Past 12 Months (In 2023 Inflation-Adjusted Dollars (Two Or More Races ,Median household income in the past 12 months (in 2023 inflation-adjusted dollars),30112,17885,286.0319166666667,42072.358599701714
B19013G_001,2015,"Harrisonburg, VA Metro Area",25500,Median Household Income In The Past 12 Months (In 2023 Inflation-Adjusted Dollars (Two Or More Races ,Median household income in the past 12 months (in 2023 inflation-adjusted dollars),42736,30078,286.0319166666667,59710.557821362
B19013G_001,2015,"Kingsport-Bristol-Bristol, TN-VA Metro Area",28700,Median Household Income In The Past 12 Months (In 2023 Inflation-Adjusted Dollars (Two Or More Races ,Median household income in the past 12 months (in 2023 inflation-adjusted dollars),29213,8341,286.0319166666667,40816.279615206106
B19013G_001,2015,"Lynchburg, VA Metro Area",31340,Median Household Income In The Past 12 Months (In 2023 Inflation-Adjusted Dollars (Two Or More Races ,Median household income in the past 12 months (in 2023 inflation-adjusted dollars),32304,7245,286.0319166666667,45135.01169649191
B19013G_001,2015,"Martinsville, VA Micro Area",32300,Median Household Income In The Past 12 Months (In 2023 Inflation-Adjusted Dollars (Two Or More Races ,Median household income in the past 12 months (in 2023 inflation-adjusted dollars),23934,2262,286.0319166666667,33440.48322015346
B19013G_001,2015,"Richmond, VA Metro Area",40060,Median Household Income In The Past 12 Months (In 2023 Inflation-Adjusted Dollars (Two Or More Races ,Median household income in the past 12 months (in 2023 inflation-adjusted dollars),54359,4933,286.0319166666667,75950.1640914315
B19013G_001,2015,"Roanoke, VA Metro Area",40220,Median Household Income In The Past 12 Months (In 2023 Inflation-Adjusted Dollars (Two Or More Races ,Median household income in the past 12 months (in 2023 inflation-adjusted dollars),41786,8931,286.0319166666667,58383.221853318806
B19013G_001,2015,"Staunton-Waynesboro, VA Metro Area",44420,Median Household Income In The Past 12 Months (In 2023 Inflation-Adjusted Dollars (Two Or More Races ,Median household income in the past 12 months (in 2023 inflation-adjusted dollars),29750,26432,286.0319166666667,41566.57373608947
B19013G_001,2015,"Virginia Beach-Norfolk-Newport News, VA-NC Metro Area",47260,Median Household Income In The Past 12 Months (In 2023 Inflation-Adjusted Dollars (Two Or More Races ,Median household income in the past 12 months (in 2023 inflation-adjusted dollars),54377,2710,286.0319166666667,75975.31361503655
B19013G_001,2015,"Washington-Arlington-Alexandria, DC-VA-MD-WV Metro Area",47900,Median Household Income In The Past 12 Months (In 2023 Inflation-Adjusted Dollars (Two Or More Races ,Median household income in the past 12 months (in 2023 inflation-adjusted dollars),85320,2207,286.0319166666667,119208.7418878371
B19013G_001,2015,"Winchester, VA-WV Metro Area",49020,Median Household Income In The Past 12 Months (In 2023 Inflation-Adjusted Dollars (Two Or More Races ,Median household income in the past 12 months (in 2023 inflation-adjusted dollars),48359,7632,286.0319166666667,67566.98955642188
B19013G_001,2016,"Big Stone Gap, VA Micro Area",13720,Median Household Income In The Past 12 Months (In 2023 Inflation-Adjusted Dollars (Two Or More Races ,Median household income in the past 12 months (in 2023 inflation-adjusted dollars),NA,NA,296.8204166666667,NA
B19013G_001,2016,"Blacksburg-Christiansburg-Radford, VA Metro Area",13980,Median Household Income In The Past 12 Months (In 2023 Inflation-Adjusted Dollars (Two Or More Races ,Median household income in the past 12 months (in 2023 inflation-adjusted dollars),24816,13399,296.8204166666667,33412.56095741392
B19013G_001,2016,"Bluefield, WV-VA Micro Area",14140,Median Household Income In The Past 12 Months (In 2023 Inflation-Adjusted Dollars (Two Or More Races ,Median household income in the past 12 months (in 2023 inflation-adjusted dollars),39219,27588,296.8204166666667,52804.9334376538
B19013G_001,2016,"Charlottesville, VA Metro Area",16820,Median Household Income In The Past 12 Months (In 2023 Inflation-Adjusted Dollars (Two Or More Races ,Median household income in the past 12 months (in 2023 inflation-adjusted dollars),53696,9511,296.8204166666667,72296.9404081761
B19013G_001,2016,"Danville, VA Micro Area",19260,Median Household Income In The Past 12 Months (In 2023 Inflation-Adjusted Dollars (Two Or More Races ,Median household income in the past 12 months (in 2023 inflation-adjusted dollars),30077,19928,296.8204166666667,40496.034651681926
B19013G_001,2016,"Harrisonburg, VA Metro Area",25500,Median Household Income In The Past 12 Months (In 2023 Inflation-Adjusted Dollars (Two Or More Races ,Median household income in the past 12 months (in 2023 inflation-adjusted dollars),44821,14507,296.8204166666667,60347.53363443945
B19013G_001,2016,"Kingsport-Bristol-Bristol, TN-VA Metro Area",28700,Median Household Income In The Past 12 Months (In 2023 Inflation-Adjusted Dollars (Two Or More Races ,Median household income in the past 12 months (in 2023 inflation-adjusted dollars),30625,6598,296.8204166666667,41233.8684445842
B19013G_001,2016,"Lynchburg, VA Metro Area",31340,Median Household Income In The Past 12 Months (In 2023 Inflation-Adjusted Dollars (Two Or More Races ,Median household income in the past 12 months (in 2023 inflation-adjusted dollars),39738,12594,296.8204166666667,53503.72128166161
B19013G_001,2016,"Martinsville, VA Micro Area",32300,Median Household Income In The Past 12 Months (In 2023 Inflation-Adjusted Dollars (Two Or More Races ,Median household income in the past 12 months (in 2023 inflation-adjusted dollars),24573,5472,296.8204166666667,33085.38283391894
B19013G_001,2016,"Richmond, VA Metro Area",40060,Median Household Income In The Past 12 Months (In 2023 Inflation-Adjusted Dollars (Two Or More Races ,Median household income in the past 12 months (in 2023 inflation-adjusted dollars),53417,3137,296.8204166666667,71921.29145157075
B19013G_001,2016,"Roanoke, VA Metro Area",40220,Median Household Income In The Past 12 Months (In 2023 Inflation-Adjusted Dollars (Two Or More Races ,Median household income in the past 12 months (in 2023 inflation-adjusted dollars),40298,8510,296.8204166666667,54257.712018934006
B19013G_001,2016,"Staunton-Waynesboro, VA Metro Area",44420,Median Household Income In The Past 12 Months (In 2023 Inflation-Adjusted Dollars (Two Or More Races ,Median household income in the past 12 months (in 2023 inflation-adjusted dollars),29063,7138,296.8204166666667,39130.772852406546
B19013G_001,2016,"Virginia Beach-Norfolk-Newport News, VA-NC Metro Area",47260,Median Household Income In The Past 12 Months (In 2023 Inflation-Adjusted Dollars (Two Or More Races ,Median household income in the past 12 months (in 2023 inflation-adjusted dollars),55681,2803,296.8204166666667,74969.56828940057
B19013G_001,2016,"Washington-Arlington-Alexandria, DC-VA-MD-WV Metro Area",47900,Median Household Income In The Past 12 Months (In 2023 Inflation-Adjusted Dollars (Two Or More Races ,Median household income in the past 12 months (in 2023 inflation-adjusted dollars),86271,2432,296.8204166666667,116156.31231290525
B19013G_001,2016,"Winchester, VA-WV Metro Area",49020,Median Household Income In The Past 12 Months (In 2023 Inflation-Adjusted Dollars (Two Or More Races ,Median household income in the past 12 months (in 2023 inflation-adjusted dollars),45343,22227,296.8204166666667,61050.3607145398
B19013G_001,2017,"Big Stone Gap, VA Micro Area",13720,Median Household Income In The Past 12 Months (In 2023 Inflation-Adjusted Dollars (Two Or More Races ,Median household income in the past 12 months (in 2023 inflation-adjusted dollars),NA,NA,308.14258333333333,NA
B19013G_001,2017,"Blacksburg-Christiansburg-Radford, VA Metro Area",13980,Median Household Income In The Past 12 Months (In 2023 Inflation-Adjusted Dollars (Two Or More Races ,Median household income in the past 12 months (in 2023 inflation-adjusted dollars),20000,14971,308.14258333333333,25938.808955053548
B19013G_001,2017,"Bluefield, WV-VA Micro Area",14140,Median Household Income In The Past 12 Months (In 2023 Inflation-Adjusted Dollars (Two Or More Races ,Median household income in the past 12 months (in 2023 inflation-adjusted dollars),32000,26024,308.14258333333333,41502.094328085674
B19013G_001,2017,"Charlottesville, VA Metro Area",16820,Median Household Income In The Past 12 Months (In 2023 Inflation-Adjusted Dollars (Two Or More Races ,Median household income in the past 12 months (in 2023 inflation-adjusted dollars),53808,6357,308.14258333333333,69785.77161267606
B19013G_001,2017,"Danville, VA Micro Area",19260,Median Household Income In The Past 12 Months (In 2023 Inflation-Adjusted Dollars (Two Or More Races ,Median household income in the past 12 months (in 2023 inflation-adjusted dollars),20560,10954,308.14258333333333,26665.095605795046
B19013G_001,2017,"Harrisonburg, VA Metro Area",25500,Median Household Income In The Past 12 Months (In 2023 Inflation-Adjusted Dollars (Two Or More Races ,Median household income in the past 12 months (in 2023 inflation-adjusted dollars),70964,17178,308.14258333333333,92036.081934321
B19013G_001,2017,"Kingsport-Bristol-Bristol, TN-VA Metro Area",28700,Median Household Income In The Past 12 Months (In 2023 Inflation-Adjusted Dollars (Two Or More Races ,Median household income in the past 12 months (in 2023 inflation-adjusted dollars),29175,5621,308.14258333333333,37838.23756318436
B19013G_001,2017,"Lynchburg, VA Metro Area",31340,Median Household Income In The Past 12 Months (In 2023 Inflation-Adjusted Dollars (Two Or More Races ,Median household income in the past 12 months (in 2023 inflation-adjusted dollars),39657,13780,308.14258333333333,51432.767336527926
B19013G_001,2017,"Martinsville, VA Micro Area",32300,Median Household Income In The Past 12 Months (In 2023 Inflation-Adjusted Dollars (Two Or More Races ,Median household income in the past 12 months (in 2023 inflation-adjusted dollars),29217,3750,308.14258333333333,37892.709061989975
B19013G_001,2017,"Richmond, VA Metro Area",40060,Median Household Income In The Past 12 Months (In 2023 Inflation-Adjusted Dollars (Two Or More Races ,Median household income in the past 12 months (in 2023 inflation-adjusted dollars),58564,4217,308.14258333333333,75954.0203821878
B19013G_001,2017,"Roanoke, VA Metro Area",40220,Median Household Income In The Past 12 Months (In 2023 Inflation-Adjusted Dollars (Two Or More Races ,Median household income in the past 12 months (in 2023 inflation-adjusted dollars),36406,9264,308.14258333333333,47216.41394088397
B19013G_001,2017,"Staunton-Waynesboro, VA Metro Area",44420,Median Household Income In The Past 12 Months (In 2023 Inflation-Adjusted Dollars (Two Or More Races ,Median household income in the past 12 months (in 2023 inflation-adjusted dollars),31534,15917,308.14258333333333,40897.720079432926
B19013G_001,2017,"Virginia Beach-Norfolk-Newport News, VA-NC Metro Area",47260,Median Household Income In The Past 12 Months (In 2023 Inflation-Adjusted Dollars (Two Or More Races ,Median household income in the past 12 months (in 2023 inflation-adjusted dollars),58213,2893,308.14258333333333,75498.79428502661
B19013G_001,2017,"Washington-Arlington-Alexandria, DC-VA-MD-WV Metro Area",47900,Median Household Income In The Past 12 Months (In 2023 Inflation-Adjusted Dollars (Two Or More Races ,Median household income in the past 12 months (in 2023 inflation-adjusted dollars),90130,2607,308.14258333333333,116893.2425559488
B19013G_001,2017,"Winchester, VA-WV Metro Area",49020,Median Household Income In The Past 12 Months (In 2023 Inflation-Adjusted Dollars (Two Or More Races ,Median household income in the past 12 months (in 2023 inflation-adjusted dollars),45438,17002,308.14258333333333,58930.38006498615
B19013G_001,2018,"Big Stone Gap, VA Micro Area",13720,Median Household Income In The Past 12 Months (In 2023 Inflation-Adjusted Dollars (Two Or More Races ,Median household income in the past 12 months (in 2023 inflation-adjusted dollars),NA,NA,319.28875,NA
B19013G_001,2018,"Blacksburg-Christiansburg-Radford, VA Metro Area",13980,Median Household Income In The Past 12 Months (In 2023 Inflation-Adjusted Dollars (Two Or More Races ,Median household income in the past 12 months (in 2023 inflation-adjusted dollars),22444,12291,319.28875,28092.371139039504
B19013G_001,2018,"Bluefield, WV-VA Micro Area",14140,Median Household Income In The Past 12 Months (In 2023 Inflation-Adjusted Dollars (Two Or More Races ,Median household income in the past 12 months (in 2023 inflation-adjusted dollars),30947,10513,319.28875,38735.279345921204
B19013G_001,2018,"Charlottesville, VA Metro Area",16820,Median Household Income In The Past 12 Months (In 2023 Inflation-Adjusted Dollars (Two Or More Races ,Median household income in the past 12 months (in 2023 inflation-adjusted dollars),49617,8316,319.28875,62103.86645899675
B19013G_001,2018,"Danville, VA Micro Area",19260,Median Household Income In The Past 12 Months (In 2023 Inflation-Adjusted Dollars (Two Or More Races ,Median household income in the past 12 months (in 2023 inflation-adjusted dollars),19348,5785,319.28875,24217.216039838546
B19013G_001,2018,"Harrisonburg, VA Metro Area",25500,Median Household Income In The Past 12 Months (In 2023 Inflation-Adjusted Dollars (Two Or More Races ,Median household income in the past 12 months (in 2023 inflation-adjusted dollars),70850,29213,319.28875,88680.47118164983
B19013G_001,2018,"Kingsport-Bristol-Bristol, TN-VA Metro Area",28700,Median Household Income In The Past 12 Months (In 2023 Inflation-Adjusted Dollars (Two Or More Races ,Median household income in the past 12 months (in 2023 inflation-adjusted dollars),33558,12050,319.28875,42003.37687951736
B19013G_001,2018,"Lynchburg, VA Metro Area",31340,Median Household Income In The Past 12 Months (In 2023 Inflation-Adjusted Dollars (Two Or More Races ,Median household income in the past 12 months (in 2023 inflation-adjusted dollars),41627,4976,319.28875,52103.062440064044
B19013G_001,2018,"Martinsville, VA Micro Area",32300,Median Household Income In The Past 12 Months (In 2023 Inflation-Adjusted Dollars (Two Or More Races ,Median household income in the past 12 months (in 2023 inflation-adjusted dollars),30568,6281,319.28875,38260.89827919086
B19013G_001,2018,"Richmond, VA Metro Area",40060,Median Household Income In The Past 12 Months (In 2023 Inflation-Adjusted Dollars (Two Or More Races ,Median household income in the past 12 months (in 2023 inflation-adjusted dollars),57324,3064,319.28875,71750.44925923635
B19013G_001,2018,"Roanoke, VA Metro Area",40220,Median Household Income In The Past 12 Months (In 2023 Inflation-Adjusted Dollars (Two Or More Races ,Median household income in the past 12 months (in 2023 inflation-adjusted dollars),36646,13307,319.28875,45868.51865804855
B19013G_001,2018,"Staunton-Waynesboro, VA Metro Area",44420,Median Household Income In The Past 12 Months (In 2023 Inflation-Adjusted Dollars (Two Or More Races ,Median household income in the past 12 months (in 2023 inflation-adjusted dollars),38871,21168,319.28875,48653.47346932831
B19013G_001,2018,"Virginia Beach-Norfolk-Newport News, VA-NC Metro Area",47260,Median Household Income In The Past 12 Months (In 2023 Inflation-Adjusted Dollars (Two Or More Races ,Median household income in the past 12 months (in 2023 inflation-adjusted dollars),62125,4319,319.28875,77759.69332618202
B19013G_001,2018,"Washington-Arlington-Alexandria, DC-VA-MD-WV Metro Area",47900,Median Household Income In The Past 12 Months (In 2023 Inflation-Adjusted Dollars (Two Or More Races ,Median household income in the past 12 months (in 2023 inflation-adjusted dollars),93637,2746,319.28875,117202.16344440573
B19013G_001,2018,"Winchester, VA-WV Metro Area",49020,Median Household Income In The Past 12 Months (In 2023 Inflation-Adjusted Dollars (Two Or More Races ,Median household income in the past 12 months (in 2023 inflation-adjusted dollars),46101,9014,319.28875,57703.01202463287
B19013G_001,2019,"Big Stone Gap, VA Micro Area",13720,Median Household Income In The Past 12 Months (In 2023 Inflation-Adjusted Dollars (Two Or More Races ,Median household income in the past 12 months (in 2023 inflation-adjusted dollars),NA,NA,331.12375,NA
B19013G_001,2019,"Blacksburg-Christiansburg, VA Metro Area",13980,Median Household Income In The Past 12 Months (In 2023 Inflation-Adjusted Dollars (Two Or More Races ,Median household income in the past 12 months (in 2023 inflation-adjusted dollars),26184,12547,331.12375,31602.2070743038
B19013G_001,2019,"Bluefield, WV-VA Micro Area",14140,Median Household Income In The Past 12 Months (In 2023 Inflation-Adjusted Dollars (Two Or More Races ,Median household income in the past 12 months (in 2023 inflation-adjusted dollars),26563,18195,331.12375,32059.63284886693
B19013G_001,2019,"Charlottesville, VA Metro Area",16820,Median Household Income In The Past 12 Months (In 2023 Inflation-Adjusted Dollars (Two Or More Races ,Median household income in the past 12 months (in 2023 inflation-adjusted dollars),49547,10544,331.12375,59799.66979493317
B19013G_001,2019,"Danville, VA Micro Area",19260,Median Household Income In The Past 12 Months (In 2023 Inflation-Adjusted Dollars (Two Or More Races ,Median household income in the past 12 months (in 2023 inflation-adjusted dollars),21458,7719,331.12375,25898.264566162958
B19013G_001,2019,"Harrisonburg, VA Metro Area",25500,Median Household Income In The Past 12 Months (In 2023 Inflation-Adjusted Dollars (Two Or More Races ,Median household income in the past 12 months (in 2023 inflation-adjusted dollars),56926,30386,331.12375,68705.59272501596
B19013G_001,2019,"Kingsport-Bristol, TN-VA Metro Area",28700,Median Household Income In The Past 12 Months (In 2023 Inflation-Adjusted Dollars (Two Or More Races ,Median household income in the past 12 months (in 2023 inflation-adjusted dollars),37583,11802,331.12375,45359.981227985016
B19013G_001,2019,"Lynchburg, VA Metro Area",31340,Median Household Income In The Past 12 Months (In 2023 Inflation-Adjusted Dollars (Two Or More Races ,Median household income in the past 12 months (in 2023 inflation-adjusted dollars),43462,9311,331.12375,52455.51191045645
B19013G_001,2019,"Martinsville, VA Micro Area",32300,Median Household Income In The Past 12 Months (In 2023 Inflation-Adjusted Dollars (Two Or More Races ,Median household income in the past 12 months (in 2023 inflation-adjusted dollars),33483,3428,331.12375,40411.575751180644
B19013G_001,2019,"Richmond, VA Metro Area",40060,Median Household Income In The Past 12 Months (In 2023 Inflation-Adjusted Dollars (Two Or More Races ,Median household income in the past 12 months (in 2023 inflation-adjusted dollars),58003,5184,331.12375,70005.45435880091
B19013G_001,2019,"Roanoke, VA Metro Area",40220,Median Household Income In The Past 12 Months (In 2023 Inflation-Adjusted Dollars (Two Or More Races ,Median household income in the past 12 months (in 2023 inflation-adjusted dollars),34225,14801,331.12375,41307.11644966573
B19013G_001,2019,"Staunton, VA Metro Area",44420,Median Household Income In The Past 12 Months (In 2023 Inflation-Adjusted Dollars (Two Or More Races ,Median household income in the past 12 months (in 2023 inflation-adjusted dollars),47823,34802,331.12375,57718.925638345194
B19013G_001,2019,"Virginia Beach-Norfolk-Newport News, VA-NC Metro Area",47260,Median Household Income In The Past 12 Months (In 2023 Inflation-Adjusted Dollars (Two Or More Races ,Median household income in the past 12 months (in 2023 inflation-adjusted dollars),63662,2835,331.12375,76835.46084495602
B19013G_001,2019,"Washington-Arlington-Alexandria, DC-VA-MD-WV Metro Area",47900,Median Household Income In The Past 12 Months (In 2023 Inflation-Adjusted Dollars (Two Or More Races ,Median household income in the past 12 months (in 2023 inflation-adjusted dollars),97076,4047,331.12375,117163.75855274654
B19013G_001,2019,"Winchester, VA-WV Metro Area",49020,Median Household Income In The Past 12 Months (In 2023 Inflation-Adjusted Dollars (Two Or More Races ,Median household income in the past 12 months (in 2023 inflation-adjusted dollars),49035,18329,331.12375,59181.722574415166
B19013G_001,2020,"Big Stone Gap, VA Micro Area",13720,Median Household Income In The Past 12 Months (In 2023 Inflation-Adjusted Dollars (Two Or More Races ,Median household income in the past 12 months (in 2023 inflation-adjusted dollars),65417,37235,341.46775,76561.8968580781
B19013G_001,2020,"Blacksburg-Christiansburg, VA Metro Area",13980,Median Household Income In The Past 12 Months (In 2023 Inflation-Adjusted Dollars (Two Or More Races ,Median household income in the past 12 months (in 2023 inflation-adjusted dollars),29602,11923,341.46775,34645.203399618265
B19013G_001,2020,"Bluefield, WV-VA Micro Area",14140,Median Household Income In The Past 12 Months (In 2023 Inflation-Adjusted Dollars (Two Or More Races ,Median household income in the past 12 months (in 2023 inflation-adjusted dollars),NA,NA,341.46775,NA
B19013G_001,2020,"Charlottesville, VA Metro Area",16820,Median Household Income In The Past 12 Months (In 2023 Inflation-Adjusted Dollars (Two Or More Races ,Median household income in the past 12 months (in 2023 inflation-adjusted dollars),60034,23503,341.46775,70261.81139425318
B19013G_001,2020,"Danville, VA Micro Area",19260,Median Household Income In The Past 12 Months (In 2023 Inflation-Adjusted Dollars (Two Or More Races ,Median household income in the past 12 months (in 2023 inflation-adjusted dollars),39024,5011,341.46775,45672.40110353027
B19013G_001,2020,"Harrisonburg, VA Metro Area",25500,Median Household Income In The Past 12 Months (In 2023 Inflation-Adjusted Dollars (Two Or More Races ,Median household income in the past 12 months (in 2023 inflation-adjusted dollars),51125,10562,341.46775,59835.011952080386
B19013G_001,2020,"Kingsport-Bristol, TN-VA Metro Area",28700,Median Household Income In The Past 12 Months (In 2023 Inflation-Adjusted Dollars (Two Or More Races ,Median household income in the past 12 months (in 2023 inflation-adjusted dollars),38464,10986,341.46775,45016.99559363951
B19013G_001,2020,"Lynchburg, VA Metro Area",31340,Median Household Income In The Past 12 Months (In 2023 Inflation-Adjusted Dollars (Two Or More Races ,Median household income in the past 12 months (in 2023 inflation-adjusted dollars),47917,14474,341.46775,56080.4746739919
B19013G_001,2020,"Martinsville, VA Micro Area",32300,Median Household Income In The Past 12 Months (In 2023 Inflation-Adjusted Dollars (Two Or More Races ,Median household income in the past 12 months (in 2023 inflation-adjusted dollars),35500,7354,341.46775,41548.027859146285
B19013G_001,2020,"Richmond, VA Metro Area",40060,Median Household Income In The Past 12 Months (In 2023 Inflation-Adjusted Dollars (Two Or More Races ,Median household income in the past 12 months (in 2023 inflation-adjusted dollars),72071,6958,341.46775,84349.51875595865
B19013G_001,2020,"Roanoke, VA Metro Area",40220,Median Household Income In The Past 12 Months (In 2023 Inflation-Adjusted Dollars (Two Or More Races ,Median household income in the past 12 months (in 2023 inflation-adjusted dollars),27475,5520,341.46775,32155.83282901533
B19013G_001,2020,"Staunton, VA Metro Area",44420,Median Household Income In The Past 12 Months (In 2023 Inflation-Adjusted Dollars (Two Or More Races ,Median household income in the past 12 months (in 2023 inflation-adjusted dollars),NA,NA,341.46775,NA
B19013G_001,2020,"Virginia Beach-Norfolk-Newport News, VA-NC Metro Area",47260,Median Household Income In The Past 12 Months (In 2023 Inflation-Adjusted Dollars (Two Or More Races ,Median household income in the past 12 months (in 2023 inflation-adjusted dollars),70977,2051,341.46775,83069.13727770776
B19013G_001,2020,"Washington-Arlington-Alexandria, DC-VA-MD-WV Metro Area",47900,Median Household Income In The Past 12 Months (In 2023 Inflation-Adjusted Dollars (Two Or More Races ,Median household income in the past 12 months (in 2023 inflation-adjusted dollars),102504,2729,341.46775,119967.29711757551
B19013G_001,2020,"Winchester, VA-WV Metro Area",49020,Median Household Income In The Past 12 Months (In 2023 Inflation-Adjusted Dollars (Two Or More Races ,Median household income in the past 12 months (in 2023 inflation-adjusted dollars),49258,20737,341.46775,57649.93679678388
B19013G_001,2021,"Big Stone Gap, VA Micro Area",13720,Median Household Income In The Past 12 Months (In 2023 Inflation-Adjusted Dollars (Two Or More Races ,Median household income in the past 12 months (in 2023 inflation-adjusted dollars),NA,NA,349.13466666666665,NA
B19013G_001,2021,"Blacksburg-Christiansburg, VA Metro Area",13980,Median Household Income In The Past 12 Months (In 2023 Inflation-Adjusted Dollars (Two Or More Races ,Median household income in the past 12 months (in 2023 inflation-adjusted dollars),30781,14951,349.13466666666665,35233.963938403904
B19013G_001,2021,"Bluefield, WV-VA Micro Area",14140,Median Household Income In The Past 12 Months (In 2023 Inflation-Adjusted Dollars (Two Or More Races ,Median household income in the past 12 months (in 2023 inflation-adjusted dollars),70507,47165,349.13466666666665,80706.96518648011
B19013G_001,2021,"Charlottesville, VA Metro Area",16820,Median Household Income In The Past 12 Months (In 2023 Inflation-Adjusted Dollars (Two Or More Races ,Median household income in the past 12 months (in 2023 inflation-adjusted dollars),74554,14572,349.13466666666665,85339.42846118595
B19013G_001,2021,"Danville, VA Micro Area",19260,Median Household Income In The Past 12 Months (In 2023 Inflation-Adjusted Dollars (Two Or More Races ,Median household income in the past 12 months (in 2023 inflation-adjusted dollars),42476,8666,349.13466666666665,48620.83272952939
B19013G_001,2021,"Harrisonburg, VA Metro Area",25500,Median Household Income In The Past 12 Months (In 2023 Inflation-Adjusted Dollars (Two Or More Races ,Median household income in the past 12 months (in 2023 inflation-adjusted dollars),51561,5890,349.13466666666665,59020.12327825749
B19013G_001,2021,"Kingsport-Bristol, TN-VA Metro Area",28700,Median Household Income In The Past 12 Months (In 2023 Inflation-Adjusted Dollars (Two Or More Races ,Median household income in the past 12 months (in 2023 inflation-adjusted dollars),43125,9548,349.13466666666665,49363.72095915235
B19013G_001,2021,"Lynchburg, VA Metro Area",31340,Median Household Income In The Past 12 Months (In 2023 Inflation-Adjusted Dollars (Two Or More Races ,Median household income in the past 12 months (in 2023 inflation-adjusted dollars),46384,9683,349.13466666666665,53094.18743117269
B19013G_001,2021,"Martinsville, VA Micro Area",32300,Median Household Income In The Past 12 Months (In 2023 Inflation-Adjusted Dollars (Two Or More Races ,Median household income in the past 12 months (in 2023 inflation-adjusted dollars),36939,5910,349.13466666666665,42282.81712487255
B19013G_001,2021,"Richmond, VA Metro Area",40060,Median Household Income In The Past 12 Months (In 2023 Inflation-Adjusted Dollars (Two Or More Races ,Median household income in the past 12 months (in 2023 inflation-adjusted dollars),75725,4318,349.13466666666665,86679.83233928839
B19013G_001,2021,"Roanoke, VA Metro Area",40220,Median Household Income In The Past 12 Months (In 2023 Inflation-Adjusted Dollars (Two Or More Races ,Median household income in the past 12 months (in 2023 inflation-adjusted dollars),43116,9911,349.13466666666665,49353.418965213044
B19013G_001,2021,"Staunton, VA Metro Area",44420,Median Household Income In The Past 12 Months (In 2023 Inflation-Adjusted Dollars (Two Or More Races ,Median household income in the past 12 months (in 2023 inflation-adjusted dollars),37554,26118,349.13466666666665,42986.78671072481
B19013G_001,2021,"Virginia Beach-Norfolk-Newport News, VA-NC Metro Area",47260,Median Household Income In The Past 12 Months (In 2023 Inflation-Adjusted Dollars (Two Or More Races ,Median household income in the past 12 months (in 2023 inflation-adjusted dollars),73523,2435,349.13466666666665,84159.27782213932
B19013G_001,2021,"Washington-Arlington-Alexandria, DC-VA-MD-WV Metro Area",47900,Median Household Income In The Past 12 Months (In 2023 Inflation-Adjusted Dollars (Two Or More Races ,Median household income in the past 12 months (in 2023 inflation-adjusted dollars),106633,2163,349.13466666666665,122059.16885883576
B19013G_001,2021,"Winchester, VA-WV Metro Area",49020,Median Household Income In The Past 12 Months (In 2023 Inflation-Adjusted Dollars (Two Or More Races ,Median household income in the past 12 months (in 2023 inflation-adjusted dollars),51289,18456,349.13466666666665,58708.774128091936
B19013G_001,2022,"Big Stone Gap, VA Micro Area",13720,Median Household Income In The Past 12 Months (In 2023 Inflation-Adjusted Dollars (Two Or More Races ,Median household income in the past 12 months (in 2023 inflation-adjusted dollars),73119,41554,370.199,78934.48066315684
B19013G_001,2022,"Blacksburg-Christiansburg, VA Metro Area",13980,Median Household Income In The Past 12 Months (In 2023 Inflation-Adjusted Dollars (Two Or More Races ,Median household income in the past 12 months (in 2023 inflation-adjusted dollars),37188,26201,370.199,40145.72774383507
B19013G_001,2022,"Bluefield, WV-VA Micro Area",14140,Median Household Income In The Past 12 Months (In 2023 Inflation-Adjusted Dollars (Two Or More Races ,Median household income in the past 12 months (in 2023 inflation-adjusted dollars),75480,55030,370.199,81483.261538794
B19013G_001,2022,"Charlottesville, VA Metro Area",16820,Median Household Income In The Past 12 Months (In 2023 Inflation-Adjusted Dollars (Two Or More Races ,Median household income in the past 12 months (in 2023 inflation-adjusted dollars),91653,5737,370.199,98942.57246707851
B19013G_001,2022,"Danville, VA Micro Area",19260,Median Household Income In The Past 12 Months (In 2023 Inflation-Adjusted Dollars (Two Or More Races ,Median household income in the past 12 months (in 2023 inflation-adjusted dollars),44375,9438,370.199,47904.3419552727
B19013G_001,2022,"Harrisonburg, VA Metro Area",25500,Median Household Income In The Past 12 Months (In 2023 Inflation-Adjusted Dollars (Two Or More Races ,Median household income in the past 12 months (in 2023 inflation-adjusted dollars),59931,8386,370.199,64697.58011766644
B19013G_001,2022,"Kingsport-Bristol, TN-VA Metro Area",28700,Median Household Income In The Past 12 Months (In 2023 Inflation-Adjusted Dollars (Two Or More Races ,Median household income in the past 12 months (in 2023 inflation-adjusted dollars),45179,6790,370.199,48772.28766641725
B19013G_001,2022,"Lynchburg, VA Metro Area",31340,Median Household Income In The Past 12 Months (In 2023 Inflation-Adjusted Dollars (Two Or More Races ,Median household income in the past 12 months (in 2023 inflation-adjusted dollars),54830,12316,370.199,59190.874803551604
B19013G_001,2022,"Martinsville, VA Micro Area",32300,Median Household Income In The Past 12 Months (In 2023 Inflation-Adjusted Dollars (Two Or More Races ,Median household income in the past 12 months (in 2023 inflation-adjusted dollars),45139,11691,370.199,48729.10628775334
B19013G_001,2022,"Richmond, VA Metro Area",40060,Median Household Income In The Past 12 Months (In 2023 Inflation-Adjusted Dollars (Two Or More Races ,Median household income in the past 12 months (in 2023 inflation-adjusted dollars),81497,4788,370.199,87978.82042431232
B19013G_001,2022,"Roanoke, VA Metro Area",40220,Median Household Income In The Past 12 Months (In 2023 Inflation-Adjusted Dollars (Two Or More Races ,Median household income in the past 12 months (in 2023 inflation-adjusted dollars),49135,5565,370.199,53042.92601627773
B19013G_001,2022,"Staunton, VA Metro Area",44420,Median Household Income In The Past 12 Months (In 2023 Inflation-Adjusted Dollars (Two Or More Races ,Median household income in the past 12 months (in 2023 inflation-adjusted dollars),52439,10644,370.199,56609.707893916515
B19013G_001,2022,"Virginia Beach-Norfolk-Newport News, VA-NC Metro Area",47260,Median Household Income In The Past 12 Months (In 2023 Inflation-Adjusted Dollars (Two Or More Races ,Median household income in the past 12 months (in 2023 inflation-adjusted dollars),78473,3810,370.199,84714.30819732089
B19013G_001,2022,"Washington-Arlington-Alexandria, DC-VA-MD-WV Metro Area",47900,Median Household Income In The Past 12 Months (In 2023 Inflation-Adjusted Dollars (Two Or More Races ,Median household income in the past 12 months (in 2023 inflation-adjusted dollars),114467,1887,370.199,123571.07178803832
B19013G_001,2022,"Winchester, VA-WV Metro Area",49020,Median Household Income In The Past 12 Months (In 2023 Inflation-Adjusted Dollars (Two Or More Races ,Median household income in the past 12 months (in 2023 inflation-adjusted dollars),65463,19990,370.199,70669.56478688489
B19013G_001,2023,"Blacksburg-Christiansburg-Radford, VA Metro Area",13980,Median Household Income In The Past 12 Months (In 2023 Inflation-Adjusted Dollars (Two Or More Races ,Median household income in the past 12 months (in 2023 inflation-adjusted dollars),55876,10825,399.64258333333333,55875.999533950235
B19013G_001,2023,"Bluefield, WV-VA Micro Area",14140,Median Household Income In The Past 12 Months (In 2023 Inflation-Adjusted Dollars (Two Or More Races ,Median household income in the past 12 months (in 2023 inflation-adjusted dollars),37974,17701,399.64258333333333,37973.999683266986
B19013G_001,2023,"Charlottesville, VA Metro Area",16820,Median Household Income In The Past 12 Months (In 2023 Inflation-Adjusted Dollars (Two Or More Races ,Median household income in the past 12 months (in 2023 inflation-adjusted dollars),94957,8040,399.64258333333333,94956.99920798397
B19013G_001,2023,"Danville, VA Micro Area",19260,Median Household Income In The Past 12 Months (In 2023 Inflation-Adjusted Dollars (Two Or More Races ,Median household income in the past 12 months (in 2023 inflation-adjusted dollars),48980,4173,399.64258333333333,48979.999591468295
B19013G_001,2023,"Harrisonburg, VA Metro Area",25500,Median Household Income In The Past 12 Months (In 2023 Inflation-Adjusted Dollars (Two Or More Races ,Median household income in the past 12 months (in 2023 inflation-adjusted dollars),65213,7525,399.64258333333333,65212.99945607231
B19013G_001,2023,"Kingsport-Bristol, TN-VA Metro Area",28700,Median Household Income In The Past 12 Months (In 2023 Inflation-Adjusted Dollars (Two Or More Races ,Median household income in the past 12 months (in 2023 inflation-adjusted dollars),49053,7228,399.64258333333333,49052.999590859414
B19013G_001,2023,"Lake of the Woods, VA Micro Area",29470,Median Household Income In The Past 12 Months (In 2023 Inflation-Adjusted Dollars (Two Or More Races ,Median household income in the past 12 months (in 2023 inflation-adjusted dollars),121250,17253,399.64258333333333,121249.99898867968
B19013G_001,2023,"Lynchburg, VA Metro Area",31340,Median Household Income In The Past 12 Months (In 2023 Inflation-Adjusted Dollars (Two Or More Races ,Median household income in the past 12 months (in 2023 inflation-adjusted dollars),60990,13535,399.64258333333333,60989.99949129545
B19013G_001,2023,"Martinsville, VA Micro Area",32300,Median Household Income In The Past 12 Months (In 2023 Inflation-Adjusted Dollars (Two Or More Races ,Median household income in the past 12 months (in 2023 inflation-adjusted dollars),42022,4007,399.64258333333333,42021.99964950349
B19013G_001,2023,"Richmond, VA Metro Area",40060,Median Household Income In The Past 12 Months (In 2023 Inflation-Adjusted Dollars (Two Or More Races ,Median household income in the past 12 months (in 2023 inflation-adjusted dollars),85204,4524,399.64258333333333,85203.99928933165
B19013G_001,2023,"Roanoke, VA Metro Area",40220,Median Household Income In The Past 12 Months (In 2023 Inflation-Adjusted Dollars (Two Or More Races ,Median household income in the past 12 months (in 2023 inflation-adjusted dollars),52407,4659,399.64258333333333,52406.99956288442
B19013G_001,2023,"Staunton-Stuarts Draft, VA Metro Area",44420,Median Household Income In The Past 12 Months (In 2023 Inflation-Adjusted Dollars (Two Or More Races ,Median household income in the past 12 months (in 2023 inflation-adjusted dollars),54716,10732,399.64258333333333,54715.99954362554
B19013G_001,2023,"Virginia Beach-Chesapeake-Norfolk, VA-NC Metro Area",47260,Median Household Income In The Past 12 Months (In 2023 Inflation-Adjusted Dollars (Two Or More Races ,Median household income in the past 12 months (in 2023 inflation-adjusted dollars),80409,2710,399.64258333333333,80408.99932932573
B19013G_001,2023,"Washington-Arlington-Alexandria, DC-VA-MD-WV Metro Area",47900,Median Household Income In The Past 12 Months (In 2023 Inflation-Adjusted Dollars (Two Or More Races ,Median household income in the past 12 months (in 2023 inflation-adjusted dollars),119167,2148,399.64258333333333,119166.99900605353
B19013G_001,2023,"Winchester, VA-WV Metro Area",49020,Median Household Income In The Past 12 Months (In 2023 Inflation-Adjusted Dollars (Two Or More Races ,Median household income in the past 12 months (in 2023 inflation-adjusted dollars),61951,18084,399.64258333333333,61950.99948327996
B19013H_001,2010,"Blacksburg-Christiansburg-Radford, VA Metro Area",13980,"Median Household Income In The Past 12 Months (In 2023 Inflation-Adjusted Dollars (White , Not Hispanic Or Latino ",Median household income in the past 12 months (in 2023 inflation-adjusted dollars),42449,1304,249.38541666666666,68024.93948992608
B19013H_001,2010,"Bluefield, WV-VA Micro Area",14140,"Median Household Income In The Past 12 Months (In 2023 Inflation-Adjusted Dollars (White , Not Hispanic Or Latino ",Median household income in the past 12 months (in 2023 inflation-adjusted dollars),34015,1173,249.38541666666666,54509.371640081874
B19013H_001,2010,"Charlottesville, VA Metro Area",16820,"Median Household Income In The Past 12 Months (In 2023 Inflation-Adjusted Dollars (White , Not Hispanic Or Latino ",Median household income in the past 12 months (in 2023 inflation-adjusted dollars),61438,1709,249.38541666666666,98454.99852486698
B19013H_001,2010,"Culpeper, VA Micro Area",19020,"Median Household Income In The Past 12 Months (In 2023 Inflation-Adjusted Dollars (White , Not Hispanic Or Latino ",Median household income in the past 12 months (in 2023 inflation-adjusted dollars),66620,3500,249.38541666666666,106759.20442928869
B19013H_001,2010,"Danville, VA Metro Area",19260,"Median Household Income In The Past 12 Months (In 2023 Inflation-Adjusted Dollars (White , Not Hispanic Or Latino ",Median household income in the past 12 months (in 2023 inflation-adjusted dollars),40074,1429,249.38541666666666,64218.9786595514
B19013H_001,2010,"Harrisonburg, VA Metro Area",25500,"Median Household Income In The Past 12 Months (In 2023 Inflation-Adjusted Dollars (White , Not Hispanic Or Latino ",Median household income in the past 12 months (in 2023 inflation-adjusted dollars),47053,1334,249.38541666666666,75402.89471647133
B19013H_001,2010,"Kingsport-Bristol-Bristol, TN-VA Metro Area",28700,"Median Household Income In The Past 12 Months (In 2023 Inflation-Adjusted Dollars (White , Not Hispanic Or Latino ",Median household income in the past 12 months (in 2023 inflation-adjusted dollars),38142,709,249.38541666666666,61122.92968090557
B19013H_001,2010,"Lynchburg, VA Metro Area",31340,"Median Household Income In The Past 12 Months (In 2023 Inflation-Adjusted Dollars (White , Not Hispanic Or Latino ",Median household income in the past 12 months (in 2023 inflation-adjusted dollars),48765,1221,249.38541666666666,78146.39153398773
B19013H_001,2010,"Martinsville, VA Micro Area",32300,"Median Household Income In The Past 12 Months (In 2023 Inflation-Adjusted Dollars (White , Not Hispanic Or Latino ",Median household income in the past 12 months (in 2023 inflation-adjusted dollars),36422,1370,249.38541666666666,58366.612784802644
B19013H_001,2010,"Richmond, VA Metro Area",40060,"Median Household Income In The Past 12 Months (In 2023 Inflation-Adjusted Dollars (White , Not Hispanic Or Latino ",Median household income in the past 12 months (in 2023 inflation-adjusted dollars),67473,776,249.38541666666666,108126.14530857693
B19013H_001,2010,"Roanoke, VA Metro Area",40220,"Median Household Income In The Past 12 Months (In 2023 Inflation-Adjusted Dollars (White , Not Hispanic Or Latino ",Median household income in the past 12 months (in 2023 inflation-adjusted dollars),51548,976,249.38541666666666,82606.1763722752
B19013H_001,2010,"Staunton-Waynesboro, VA Micro Area",44420,"Median Household Income In The Past 12 Months (In 2023 Inflation-Adjusted Dollars (White , Not Hispanic Or Latino ",Median household income in the past 12 months (in 2023 inflation-adjusted dollars),48216,1642,249.38541666666666,77266.61364098743
B19013H_001,2010,"Virginia Beach-Norfolk-Newport News, VA-NC Metro Area",47260,"Median Household Income In The Past 12 Months (In 2023 Inflation-Adjusted Dollars (White , Not Hispanic Or Latino ",Median household income in the past 12 months (in 2023 inflation-adjusted dollars),66721,532,249.38541666666666,106921.05792144356
B19013H_001,2010,"Washington-Arlington-Alexandria, DC-VA-MD-WV Metro Area",47900,"Median Household Income In The Past 12 Months (In 2023 Inflation-Adjusted Dollars (White , Not Hispanic Or Latino ",Median household income in the past 12 months (in 2023 inflation-adjusted dollars),102726,615,249.38541666666666,164619.4241099236
B19013H_001,2010,"Winchester, VA-WV Metro Area",49020,"Median Household Income In The Past 12 Months (In 2023 Inflation-Adjusted Dollars (White , Not Hispanic Or Latino ",Median household income in the past 12 months (in 2023 inflation-adjusted dollars),51702,1782,249.38541666666666,82852.96288506579
B19013H_001,2011,"Blacksburg-Christiansburg-Radford, VA Metro Area",13980,"Median Household Income In The Past 12 Months (In 2023 Inflation-Adjusted Dollars (White , Not Hispanic Or Latino ",Median household income in the past 12 months (in 2023 inflation-adjusted dollars),43298,1177,253.63816666666668,68222.0844608954
B19013H_001,2011,"Bluefield, WV-VA Micro Area",14140,"Median Household Income In The Past 12 Months (In 2023 Inflation-Adjusted Dollars (White , Not Hispanic Or Latino ",Median household income in the past 12 months (in 2023 inflation-adjusted dollars),35483,1355,253.63816666666668,55908.45357582225
B19013H_001,2011,"Charlottesville, VA Metro Area",16820,"Median Household Income In The Past 12 Months (In 2023 Inflation-Adjusted Dollars (White , Not Hispanic Or Latino ",Median household income in the past 12 months (in 2023 inflation-adjusted dollars),63008,1792,253.63816666666668,99277.95966816245
B19013H_001,2011,"Culpeper, VA Micro Area",19020,"Median Household Income In The Past 12 Months (In 2023 Inflation-Adjusted Dollars (White , Not Hispanic Or Latino ",Median household income in the past 12 months (in 2023 inflation-adjusted dollars),68658,4884,253.63816666666668,108180.32876613601
B19013H_001,2011,"Danville, VA Metro Area",19260,"Median Household Income In The Past 12 Months (In 2023 Inflation-Adjusted Dollars (White , Not Hispanic Or Latino ",Median household income in the past 12 months (in 2023 inflation-adjusted dollars),40998,1387,253.63816666666668,64598.111199773426
B19013H_001,2011,"Harrisonburg, VA Metro Area",25500,"Median Household Income In The Past 12 Months (In 2023 Inflation-Adjusted Dollars (White , Not Hispanic Or Latino ",Median household income in the past 12 months (in 2023 inflation-adjusted dollars),48465,1760,253.63816666666668,76363.41917403335
B19013H_001,2011,"Kingsport-Bristol-Bristol, TN-VA Metro Area",28700,"Median Household Income In The Past 12 Months (In 2023 Inflation-Adjusted Dollars (White , Not Hispanic Or Latino ",Median household income in the past 12 months (in 2023 inflation-adjusted dollars),39334,702,253.63816666666668,61976.24532737909
B19013H_001,2011,"Lynchburg, VA Metro Area",31340,"Median Household Income In The Past 12 Months (In 2023 Inflation-Adjusted Dollars (White , Not Hispanic Or Latino ",Median household income in the past 12 months (in 2023 inflation-adjusted dollars),50432,921,253.63816666666668,79462.7041325668
B19013H_001,2011,"Martinsville, VA Micro Area",32300,"Median Household Income In The Past 12 Months (In 2023 Inflation-Adjusted Dollars (White , Not Hispanic Or Latino ",Median household income in the past 12 months (in 2023 inflation-adjusted dollars),36762,1554,253.63816666666668,57923.69783711573
B19013H_001,2011,"Richmond, VA Metro Area",40060,"Median Household Income In The Past 12 Months (In 2023 Inflation-Adjusted Dollars (White , Not Hispanic Or Latino ",Median household income in the past 12 months (in 2023 inflation-adjusted dollars),69162,888,253.63816666666668,108974.45160248621
B19013H_001,2011,"Roanoke, VA Metro Area",40220,"Median Household Income In The Past 12 Months (In 2023 Inflation-Adjusted Dollars (White , Not Hispanic Or Latino ",Median household income in the past 12 months (in 2023 inflation-adjusted dollars),53105,1187,253.63816666666668,83674.39131820986
B19013H_001,2011,"Staunton-Waynesboro, VA Micro Area",44420,"Median Household Income In The Past 12 Months (In 2023 Inflation-Adjusted Dollars (White , Not Hispanic Or Latino ",Median household income in the past 12 months (in 2023 inflation-adjusted dollars),49633,1460,253.63816666666668,78203.76733446399
B19013H_001,2011,"Virginia Beach-Norfolk-Newport News, VA-NC Metro Area",47260,"Median Household Income In The Past 12 Months (In 2023 Inflation-Adjusted Dollars (White , Not Hispanic Or Latino ",Median household income in the past 12 months (in 2023 inflation-adjusted dollars),68350,705,253.63816666666668,107695.03147725532
B19013H_001,2011,"Washington-Arlington-Alexandria, DC-VA-MD-WV Metro Area",47900,"Median Household Income In The Past 12 Months (In 2023 Inflation-Adjusted Dollars (White , Not Hispanic Or Latino ",Median household income in the past 12 months (in 2023 inflation-adjusted dollars),106284,632,253.63816666666668,167465.38003699496
B19013H_001,2011,"Winchester, VA-WV Metro Area",49020,"Median Household Income In The Past 12 Months (In 2023 Inflation-Adjusted Dollars (White , Not Hispanic Or Latino ",Median household income in the past 12 months (in 2023 inflation-adjusted dollars),52074,1993,253.63816666666668,82049.90591289822
B19013H_001,2012,"Blacksburg-Christiansburg-Radford, VA Metro Area",13980,"Median Household Income In The Past 12 Months (In 2023 Inflation-Adjusted Dollars (White , Not Hispanic Or Latino ",Median household income in the past 12 months (in 2023 inflation-adjusted dollars),44071,1024,260.3668333333333,67645.51351527749
B19013H_001,2012,"Bluefield, WV-VA Micro Area",14140,"Median Household Income In The Past 12 Months (In 2023 Inflation-Adjusted Dollars (White , Not Hispanic Or Latino ",Median household income in the past 12 months (in 2023 inflation-adjusted dollars),35760,1241,260.3668333333333,54888.78317502038
B19013H_001,2012,"Charlottesville, VA Metro Area",16820,"Median Household Income In The Past 12 Months (In 2023 Inflation-Adjusted Dollars (White , Not Hispanic Or Latino ",Median household income in the past 12 months (in 2023 inflation-adjusted dollars),64397,1859,260.3668333333333,98844.32243069875
B19013H_001,2012,"Culpeper, VA Micro Area",19020,"Median Household Income In The Past 12 Months (In 2023 Inflation-Adjusted Dollars (White , Not Hispanic Or Latino ",Median household income in the past 12 months (in 2023 inflation-adjusted dollars),68526,3957,260.3668333333333,105182.01218823956
B19013H_001,2012,"Danville, VA Metro Area",19260,"Median Household Income In The Past 12 Months (In 2023 Inflation-Adjusted Dollars (White , Not Hispanic Or Latino ",Median household income in the past 12 months (in 2023 inflation-adjusted dollars),42366,1462,260.3668333333333,65028.47281859378
B19013H_001,2012,"Harrisonburg, VA Metro Area",25500,"Median Household Income In The Past 12 Months (In 2023 Inflation-Adjusted Dollars (White , Not Hispanic Or Latino ",Median household income in the past 12 months (in 2023 inflation-adjusted dollars),49147,1602,260.3668333333333,75436.77367736932
B19013H_001,2012,"Kingsport-Bristol-Bristol, TN-VA Metro Area",28700,"Median Household Income In The Past 12 Months (In 2023 Inflation-Adjusted Dollars (White , Not Hispanic Or Latino ",Median household income in the past 12 months (in 2023 inflation-adjusted dollars),39134,716,260.3668333333333,60067.60740411766
B19013H_001,2012,"Lynchburg, VA Metro Area",31340,"Median Household Income In The Past 12 Months (In 2023 Inflation-Adjusted Dollars (White , Not Hispanic Or Latino ",Median household income in the past 12 months (in 2023 inflation-adjusted dollars),50756,1169,260.3668333333333,77906.46193599928
B19013H_001,2012,"Martinsville, VA Micro Area",32300,"Median Household Income In The Past 12 Months (In 2023 Inflation-Adjusted Dollars (White , Not Hispanic Or Latino ",Median household income in the past 12 months (in 2023 inflation-adjusted dollars),36590,1455,260.3668333333333,56162.76779569339
B19013H_001,2012,"Richmond, VA Metro Area",40060,"Median Household Income In The Past 12 Months (In 2023 Inflation-Adjusted Dollars (White , Not Hispanic Or Latino ",Median household income in the past 12 months (in 2023 inflation-adjusted dollars),69182,776,260.3668333333333,106188.92051494015
B19013H_001,2012,"Roanoke, VA Metro Area",40220,"Median Household Income In The Past 12 Months (In 2023 Inflation-Adjusted Dollars (White , Not Hispanic Or Latino ",Median household income in the past 12 months (in 2023 inflation-adjusted dollars),52997,990,260.3668333333333,81346.22041181642
B19013H_001,2012,"Staunton-Waynesboro, VA Micro Area",44420,"Median Household Income In The Past 12 Months (In 2023 Inflation-Adjusted Dollars (White , Not Hispanic Or Latino ",Median household income in the past 12 months (in 2023 inflation-adjusted dollars),49639,1625,260.3668333333333,76191.95492239475
B19013H_001,2012,"Virginia Beach-Norfolk-Newport News, VA-NC Metro Area",47260,"Median Household Income In The Past 12 Months (In 2023 Inflation-Adjusted Dollars (White , Not Hispanic Or Latino ",Median household income in the past 12 months (in 2023 inflation-adjusted dollars),68556,694,260.3668333333333,105228.05982513135
B19013H_001,2012,"Washington-Arlington-Alexandria, DC-VA-MD-WV Metro Area",47900,"Median Household Income In The Past 12 Months (In 2023 Inflation-Adjusted Dollars (White , Not Hispanic Or Latino ",Median household income in the past 12 months (in 2023 inflation-adjusted dollars),107797,670,260.3668333333333,165459.90380082975
B19013H_001,2012,"Winchester, VA-WV Metro Area",49020,"Median Household Income In The Past 12 Months (In 2023 Inflation-Adjusted Dollars (White , Not Hispanic Or Latino ",Median household income in the past 12 months (in 2023 inflation-adjusted dollars),51734,1578,260.3668333333333,79407.61489867182
B19013H_001,2013,"Big Stone Gap, VA Micro Area",13720,"Median Household Income In The Past 12 Months (In 2023 Inflation-Adjusted Dollars (White , Not Hispanic Or Latino ",Median household income in the past 12 months (in 2023 inflation-adjusted dollars),35341,1452,267.7245833333333,52754.843219589784
B19013H_001,2013,"Blacksburg-Christiansburg-Radford, VA Metro Area",13980,"Median Household Income In The Past 12 Months (In 2023 Inflation-Adjusted Dollars (White , Not Hispanic Or Latino ",Median household income in the past 12 months (in 2023 inflation-adjusted dollars),45352,1233,267.7245833333333,67698.64038071464
B19013H_001,2013,"Bluefield, WV-VA Micro Area",14140,"Median Household Income In The Past 12 Months (In 2023 Inflation-Adjusted Dollars (White , Not Hispanic Or Latino ",Median household income in the past 12 months (in 2023 inflation-adjusted dollars),35890,1484,267.7245833333333,53574.35621943571
B19013H_001,2013,"Charlottesville, VA Metro Area",16820,"Median Household Income In The Past 12 Months (In 2023 Inflation-Adjusted Dollars (White , Not Hispanic Or Latino ",Median household income in the past 12 months (in 2023 inflation-adjusted dollars),62917,1580,267.7245833333333,93918.57816267028
B19013H_001,2013,"Danville, VA Micro Area",19260,"Median Household Income In The Past 12 Months (In 2023 Inflation-Adjusted Dollars (White , Not Hispanic Or Latino ",Median household income in the past 12 months (in 2023 inflation-adjusted dollars),42675,1267,267.7245833333333,63702.58154540036
B19013H_001,2013,"Harrisonburg, VA Metro Area",25500,"Median Household Income In The Past 12 Months (In 2023 Inflation-Adjusted Dollars (White , Not Hispanic Or Latino ",Median household income in the past 12 months (in 2023 inflation-adjusted dollars),49084,1488,267.7245833333333,73269.53749442135
B19013H_001,2013,"Kingsport-Bristol-Bristol, TN-VA Metro Area",28700,"Median Household Income In The Past 12 Months (In 2023 Inflation-Adjusted Dollars (White , Not Hispanic Or Latino ",Median household income in the past 12 months (in 2023 inflation-adjusted dollars),39282,616,267.7245833333333,58637.72251356572
B19013H_001,2013,"Lynchburg, VA Metro Area",31340,"Median Household Income In The Past 12 Months (In 2023 Inflation-Adjusted Dollars (White , Not Hispanic Or Latino ",Median household income in the past 12 months (in 2023 inflation-adjusted dollars),51108,1069,267.7245833333333,76290.83860860742
B19013H_001,2013,"Martinsville, VA Micro Area",32300,"Median Household Income In The Past 12 Months (In 2023 Inflation-Adjusted Dollars (White , Not Hispanic Or Latino ",Median household income in the past 12 months (in 2023 inflation-adjusted dollars),37253,1451,267.7245833333333,55608.95771085646
B19013H_001,2013,"Richmond, VA Metro Area",40060,"Median Household Income In The Past 12 Months (In 2023 Inflation-Adjusted Dollars (White , Not Hispanic Or Latino ",Median household income in the past 12 months (in 2023 inflation-adjusted dollars),69729,873,267.7245833333333,104087.10740666014
B19013H_001,2013,"Roanoke, VA Metro Area",40220,"Median Household Income In The Past 12 Months (In 2023 Inflation-Adjusted Dollars (White , Not Hispanic Or Latino ",Median household income in the past 12 months (in 2023 inflation-adjusted dollars),52931,807,267.7245833333333,79012.09944416137
B19013H_001,2013,"Staunton-Waynesboro, VA Metro Area",44420,"Median Household Income In The Past 12 Months (In 2023 Inflation-Adjusted Dollars (White , Not Hispanic Or Latino ",Median household income in the past 12 months (in 2023 inflation-adjusted dollars),49179,1756,267.7245833333333,73411.3475763619
B19013H_001,2013,"Virginia Beach-Norfolk-Newport News, VA-NC Metro Area",47260,"Median Household Income In The Past 12 Months (In 2023 Inflation-Adjusted Dollars (White , Not Hispanic Or Latino ",Median household income in the past 12 months (in 2023 inflation-adjusted dollars),67743,756,267.7245833333333,101122.5303252503
B19013H_001,2013,"Washington-Arlington-Alexandria, DC-VA-MD-WV Metro Area",47900,"Median Household Income In The Past 12 Months (In 2023 Inflation-Adjusted Dollars (White , Not Hispanic Or Latino ",Median household income in the past 12 months (in 2023 inflation-adjusted dollars),108866,519,267.7245833333333,162508.38295305346
B19013H_001,2013,"Winchester, VA-WV Metro Area",49020,"Median Household Income In The Past 12 Months (In 2023 Inflation-Adjusted Dollars (White , Not Hispanic Or Latino ",Median household income in the past 12 months (in 2023 inflation-adjusted dollars),51461,2179,267.7245833333333,76817.775018344415
B19013H_001,2014,"Big Stone Gap, VA Micro Area",13720,"Median Household Income In The Past 12 Months (In 2023 Inflation-Adjusted Dollars (White , Not Hispanic Or Latino ",Median household income in the past 12 months (in 2023 inflation-adjusted dollars),35873,1848,276.1619166666667,51912.9445702838
B19013H_001,2014,"Blacksburg-Christiansburg-Radford, VA Metro Area",13980,"Median Household Income In The Past 12 Months (In 2023 Inflation-Adjusted Dollars (White , Not Hispanic Or Latino ",Median household income in the past 12 months (in 2023 inflation-adjusted dollars),45900,1282,276.1619166666667,66423.33107841626
B19013H_001,2014,"Bluefield, WV-VA Micro Area",14140,"Median Household Income In The Past 12 Months (In 2023 Inflation-Adjusted Dollars (White , Not Hispanic Or Latino ",Median household income in the past 12 months (in 2023 inflation-adjusted dollars),36826,1348,276.1619166666667,53292.06079071366
B19013H_001,2014,"Charlottesville, VA Metro Area",16820,"Median Household Income In The Past 12 Months (In 2023 Inflation-Adjusted Dollars (White , Not Hispanic Or Latino ",Median household income in the past 12 months (in 2023 inflation-adjusted dollars),63849,1707,276.1619166666667,92397.8925060087
B19013H_001,2014,"Danville, VA Micro Area",19260,"Median Household Income In The Past 12 Months (In 2023 Inflation-Adjusted Dollars (White , Not Hispanic Or Latino ",Median household income in the past 12 months (in 2023 inflation-adjusted dollars),43110,1433,276.1619166666667,62385.8344834537
B19013H_001,2014,"Harrisonburg, VA Metro Area",25500,"Median Household Income In The Past 12 Months (In 2023 Inflation-Adjusted Dollars (White , Not Hispanic Or Latino ",Median household income in the past 12 months (in 2023 inflation-adjusted dollars),50535,1407,276.1619166666667,73130.78509907986
B19013H_001,2014,"Kingsport-Bristol-Bristol, TN-VA Metro Area",28700,"Median Household Income In The Past 12 Months (In 2023 Inflation-Adjusted Dollars (White , Not Hispanic Or Latino ",Median household income in the past 12 months (in 2023 inflation-adjusted dollars),39562,703,276.1619166666667,57251.412290289845
B19013H_001,2014,"Lynchburg, VA Metro Area",31340,"Median Household Income In The Past 12 Months (In 2023 Inflation-Adjusted Dollars (White , Not Hispanic Or Latino ",Median household income in the past 12 months (in 2023 inflation-adjusted dollars),51343,1089,276.1619166666667,74300.06726708334
B19013H_001,2014,"Martinsville, VA Micro Area",32300,"Median Household Income In The Past 12 Months (In 2023 Inflation-Adjusted Dollars (White , Not Hispanic Or Latino ",Median household income in the past 12 months (in 2023 inflation-adjusted dollars),36153,1755,276.1619166666667,52318.1413611761
B19013H_001,2014,"Richmond, VA Metro Area",40060,"Median Household Income In The Past 12 Months (In 2023 Inflation-Adjusted Dollars (White , Not Hispanic Or Latino ",Median household income in the past 12 months (in 2023 inflation-adjusted dollars),70691,787,276.1619166666667,102299.16551774126
B19013H_001,2014,"Roanoke, VA Metro Area",40220,"Median Household Income In The Past 12 Months (In 2023 Inflation-Adjusted Dollars (White , Not Hispanic Or Latino ",Median household income in the past 12 months (in 2023 inflation-adjusted dollars),52549,893,276.1619166666667,76045.30773071233
B19013H_001,2014,"Staunton-Waynesboro, VA Metro Area",44420,"Median Household Income In The Past 12 Months (In 2023 Inflation-Adjusted Dollars (White , Not Hispanic Or Latino ",Median household income in the past 12 months (in 2023 inflation-adjusted dollars),50541,1828,276.1619166666667,73139.46788745612
B19013H_001,2014,"Virginia Beach-Norfolk-Newport News, VA-NC Metro Area",47260,"Median Household Income In The Past 12 Months (In 2023 Inflation-Adjusted Dollars (White , Not Hispanic Or Latino ",Median household income in the past 12 months (in 2023 inflation-adjusted dollars),68591,627,276.1619166666667,99260.189586049
B19013H_001,2014,"Washington-Arlington-Alexandria, DC-VA-MD-WV Metro Area",47900,"Median Household Income In The Past 12 Months (In 2023 Inflation-Adjusted Dollars (White , Not Hispanic Or Latino ",Median household income in the past 12 months (in 2023 inflation-adjusted dollars),110394,622,276.1619166666667,159754.6233348733
B19013H_001,2014,"Winchester, VA-WV Metro Area",49020,"Median Household Income In The Past 12 Months (In 2023 Inflation-Adjusted Dollars (White , Not Hispanic Or Latino ",Median household income in the past 12 months (in 2023 inflation-adjusted dollars),52556,1919,276.1619166666667,76055.43765048463
B19013H_001,2015,"Big Stone Gap, VA Micro Area",13720,"Median Household Income In The Past 12 Months (In 2023 Inflation-Adjusted Dollars (White , Not Hispanic Or Latino ",Median household income in the past 12 months (in 2023 inflation-adjusted dollars),35862,2256,286.0319166666667,50106.23419575262
B19013H_001,2015,"Blacksburg-Christiansburg-Radford, VA Metro Area",13980,"Median Household Income In The Past 12 Months (In 2023 Inflation-Adjusted Dollars (White , Not Hispanic Or Latino ",Median household income in the past 12 months (in 2023 inflation-adjusted dollars),46895,1426,286.0319166666667,65521.49496987952
B19013H_001,2015,"Bluefield, WV-VA Micro Area",14140,"Median Household Income In The Past 12 Months (In 2023 Inflation-Adjusted Dollars (White , Not Hispanic Or Latino ",Median household income in the past 12 months (in 2023 inflation-adjusted dollars),37499,1309,286.0319166666667,52393.443648054425
B19013H_001,2015,"Charlottesville, VA Metro Area",16820,"Median Household Income In The Past 12 Months (In 2023 Inflation-Adjusted Dollars (White , Not Hispanic Or Latino ",Median household income in the past 12 months (in 2023 inflation-adjusted dollars),63860,1670,286.0319166666667,89224.92096761928
B19013H_001,2015,"Danville, VA Micro Area",19260,"Median Household Income In The Past 12 Months (In 2023 Inflation-Adjusted Dollars (White , Not Hispanic Or Latino ",Median household income in the past 12 months (in 2023 inflation-adjusted dollars),42460,1324,286.0319166666667,59324.93179275156
B19013H_001,2015,"Harrisonburg, VA Metro Area",25500,"Median Household Income In The Past 12 Months (In 2023 Inflation-Adjusted Dollars (White , Not Hispanic Or Latino ",Median household income in the past 12 months (in 2023 inflation-adjusted dollars),50373,1059,286.0319166666667,70380.94180867344
B19013H_001,2015,"Kingsport-Bristol-Bristol, TN-VA Metro Area",28700,"Median Household Income In The Past 12 Months (In 2023 Inflation-Adjusted Dollars (White , Not Hispanic Or Latino ",Median household income in the past 12 months (in 2023 inflation-adjusted dollars),40058,704,286.0319166666667,55968.86758723603
B19013H_001,2015,"Lynchburg, VA Metro Area",31340,"Median Household Income In The Past 12 Months (In 2023 Inflation-Adjusted Dollars (White , Not Hispanic Or Latino ",Median household income in the past 12 months (in 2023 inflation-adjusted dollars),52124,1015,286.0319166666667,72827.43157714042
B19013H_001,2015,"Martinsville, VA Micro Area",32300,"Median Household Income In The Past 12 Months (In 2023 Inflation-Adjusted Dollars (White , Not Hispanic Or Latino ",Median household income in the past 12 months (in 2023 inflation-adjusted dollars),36639,1373,286.0319166666667,51191.855298036375
B19013H_001,2015,"Richmond, VA Metro Area",40060,"Median Household Income In The Past 12 Months (In 2023 Inflation-Adjusted Dollars (White , Not Hispanic Or Latino ",Median household income in the past 12 months (in 2023 inflation-adjusted dollars),70693,732,286.0319166666667,98771.95956723942
B19013H_001,2015,"Roanoke, VA Metro Area",40220,"Median Household Income In The Past 12 Months (In 2023 Inflation-Adjusted Dollars (White , Not Hispanic Or Latino ",Median household income in the past 12 months (in 2023 inflation-adjusted dollars),52468,836,286.0319166666667,73308.06691714763
B19013H_001,2015,"Staunton-Waynesboro, VA Metro Area",44420,"Median Household Income In The Past 12 Months (In 2023 Inflation-Adjusted Dollars (White , Not Hispanic Or Latino ",Median household income in the past 12 months (in 2023 inflation-adjusted dollars),51166,1942,286.0319166666667,71488.91804305055
B19013H_001,2015,"Virginia Beach-Norfolk-Newport News, VA-NC Metro Area",47260,"Median Household Income In The Past 12 Months (In 2023 Inflation-Adjusted Dollars (White , Not Hispanic Or Latino ",Median household income in the past 12 months (in 2023 inflation-adjusted dollars),68201,787,286.0319166666667,95290.14774369875
B19013H_001,2015,"Washington-Arlington-Alexandria, DC-VA-MD-WV Metro Area",47900,"Median Household Income In The Past 12 Months (In 2023 Inflation-Adjusted Dollars (White , Not Hispanic Or Latino ",Median household income in the past 12 months (in 2023 inflation-adjusted dollars),111059,492,286.0319166666667,155171.16344727261
B19013H_001,2015,"Winchester, VA-WV Metro Area",49020,"Median Household Income In The Past 12 Months (In 2023 Inflation-Adjusted Dollars (White , Not Hispanic Or Latino ",Median household income in the past 12 months (in 2023 inflation-adjusted dollars),54631,1625,286.0319166666667,76330.20133701862
B19013H_001,2016,"Big Stone Gap, VA Micro Area",13720,"Median Household Income In The Past 12 Months (In 2023 Inflation-Adjusted Dollars (White , Not Hispanic Or Latino ",Median household income in the past 12 months (in 2023 inflation-adjusted dollars),34419,1909,296.8204166666667,46342.15568960468
B19013H_001,2016,"Blacksburg-Christiansburg-Radford, VA Metro Area",13980,"Median Household Income In The Past 12 Months (In 2023 Inflation-Adjusted Dollars (White , Not Hispanic Or Latino ",Median household income in the past 12 months (in 2023 inflation-adjusted dollars),48716,1446,296.8204166666667,65591.80849457515
B19013H_001,2016,"Bluefield, WV-VA Micro Area",14140,"Median Household Income In The Past 12 Months (In 2023 Inflation-Adjusted Dollars (White , Not Hispanic Or Latino ",Median household income in the past 12 months (in 2023 inflation-adjusted dollars),38339,1148,296.8204166666667,51620.090850511464
B19013H_001,2016,"Charlottesville, VA Metro Area",16820,"Median Household Income In The Past 12 Months (In 2023 Inflation-Adjusted Dollars (White , Not Hispanic Or Latino ",Median household income in the past 12 months (in 2023 inflation-adjusted dollars),66369,1613,296.8204166666667,89360.02007505661
B19013H_001,2016,"Danville, VA Micro Area",19260,"Median Household Income In The Past 12 Months (In 2023 Inflation-Adjusted Dollars (White , Not Hispanic Or Latino ",Median household income in the past 12 months (in 2023 inflation-adjusted dollars),43856,1254,296.8204166666667,59048.24602467541
B19013H_001,2016,"Harrisonburg, VA Metro Area",25500,"Median Household Income In The Past 12 Months (In 2023 Inflation-Adjusted Dollars (White , Not Hispanic Or Latino ",Median household income in the past 12 months (in 2023 inflation-adjusted dollars),51575,1534,296.8204166666667,69441.20049075689
B19013H_001,2016,"Kingsport-Bristol-Bristol, TN-VA Metro Area",28700,"Median Household Income In The Past 12 Months (In 2023 Inflation-Adjusted Dollars (White , Not Hispanic Or Latino ",Median household income in the past 12 months (in 2023 inflation-adjusted dollars),40733,693,296.8204166666667,54843.40125235096
B19013H_001,2016,"Lynchburg, VA Metro Area",31340,"Median Household Income In The Past 12 Months (In 2023 Inflation-Adjusted Dollars (White , Not Hispanic Or Latino ",Median household income in the past 12 months (in 2023 inflation-adjusted dollars),52272,1017,296.8204166666667,70379.64967625486
B19013H_001,2016,"Martinsville, VA Micro Area",32300,"Median Household Income In The Past 12 Months (In 2023 Inflation-Adjusted Dollars (White , Not Hispanic Or Latino ",Median household income in the past 12 months (in 2023 inflation-adjusted dollars),37537,2126,296.8204166666667,50540.26840177493
B19013H_001,2016,"Richmond, VA Metro Area",40060,"Median Household Income In The Past 12 Months (In 2023 Inflation-Adjusted Dollars (White , Not Hispanic Or Latino ",Median household income in the past 12 months (in 2023 inflation-adjusted dollars),72211,765,296.8204166666667,97225.75915924471
B19013H_001,2016,"Roanoke, VA Metro Area",40220,"Median Household Income In The Past 12 Months (In 2023 Inflation-Adjusted Dollars (White , Not Hispanic Or Latino ",Median household income in the past 12 months (in 2023 inflation-adjusted dollars),53363,1076,296.8204166666667,71848.5852019052
B19013H_001,2016,"Staunton-Waynesboro, VA Metro Area",44420,"Median Household Income In The Past 12 Months (In 2023 Inflation-Adjusted Dollars (White , Not Hispanic Or Latino ",Median household income in the past 12 months (in 2023 inflation-adjusted dollars),52696,1457,296.8204166666667,70950.52837733254
B19013H_001,2016,"Virginia Beach-Norfolk-Newport News, VA-NC Metro Area",47260,"Median Household Income In The Past 12 Months (In 2023 Inflation-Adjusted Dollars (White , Not Hispanic Or Latino ",Median household income in the past 12 months (in 2023 inflation-adjusted dollars),69808,702,296.8204166666667,93990.33104912764
B19013H_001,2016,"Washington-Arlington-Alexandria, DC-VA-MD-WV Metro Area",47900,"Median Household Income In The Past 12 Months (In 2023 Inflation-Adjusted Dollars (White , Not Hispanic Or Latino ",Median household income in the past 12 months (in 2023 inflation-adjusted dollars),112657,590,296.8204166666667,151682.74015874357
B19013H_001,2016,"Winchester, VA-WV Metro Area",49020,"Median Household Income In The Past 12 Months (In 2023 Inflation-Adjusted Dollars (White , Not Hispanic Or Latino ",Median household income in the past 12 months (in 2023 inflation-adjusted dollars),57780,1871,296.8204166666667,77795.68714214122
B19013H_001,2017,"Big Stone Gap, VA Micro Area",13720,"Median Household Income In The Past 12 Months (In 2023 Inflation-Adjusted Dollars (White , Not Hispanic Or Latino ",Median household income in the past 12 months (in 2023 inflation-adjusted dollars),34799,1933,308.14258333333333,45132.23064134542
B19013H_001,2017,"Blacksburg-Christiansburg-Radford, VA Metro Area",13980,"Median Household Income In The Past 12 Months (In 2023 Inflation-Adjusted Dollars (White , Not Hispanic Or Latino ",Median household income in the past 12 months (in 2023 inflation-adjusted dollars),51472,1233,308.14258333333333,66756.1187267258
B19013H_001,2017,"Bluefield, WV-VA Micro Area",14140,"Median Household Income In The Past 12 Months (In 2023 Inflation-Adjusted Dollars (White , Not Hispanic Or Latino ",Median household income in the past 12 months (in 2023 inflation-adjusted dollars),39732,1455,308.14258333333333,51530.03787010938
B19013H_001,2017,"Charlottesville, VA Metro Area",16820,"Median Household Income In The Past 12 Months (In 2023 Inflation-Adjusted Dollars (White , Not Hispanic Or Latino ",Median household income in the past 12 months (in 2023 inflation-adjusted dollars),68499,2032,308.14258333333333,88839.12373061065
B19013H_001,2017,"Danville, VA Micro Area",19260,"Median Household Income In The Past 12 Months (In 2023 Inflation-Adjusted Dollars (White , Not Hispanic Or Latino ",Median household income in the past 12 months (in 2023 inflation-adjusted dollars),44727,1348,308.14258333333333,58008.255406634
B19013H_001,2017,"Harrisonburg, VA Metro Area",25500,"Median Household Income In The Past 12 Months (In 2023 Inflation-Adjusted Dollars (White , Not Hispanic Or Latino ",Median household income in the past 12 months (in 2023 inflation-adjusted dollars),53491,1973,308.14258333333333,69374.64149073846
B19013H_001,2017,"Kingsport-Bristol-Bristol, TN-VA Metro Area",28700,"Median Household Income In The Past 12 Months (In 2023 Inflation-Adjusted Dollars (White , Not Hispanic Or Latino ",Median household income in the past 12 months (in 2023 inflation-adjusted dollars),41949,681,308.14258333333333,54405.354842777066
B19013H_001,2017,"Lynchburg, VA Metro Area",31340,"Median Household Income In The Past 12 Months (In 2023 Inflation-Adjusted Dollars (White , Not Hispanic Or Latino ",Median household income in the past 12 months (in 2023 inflation-adjusted dollars),55328,1308,308.14258333333333,71757.12109326014
B19013H_001,2017,"Martinsville, VA Micro Area",32300,"Median Household Income In The Past 12 Months (In 2023 Inflation-Adjusted Dollars (White , Not Hispanic Or Latino ",Median household income in the past 12 months (in 2023 inflation-adjusted dollars),39163,1840,308.14258333333333,50792.0787553381
B19013H_001,2017,"Richmond, VA Metro Area",40060,"Median Household Income In The Past 12 Months (In 2023 Inflation-Adjusted Dollars (White , Not Hispanic Or Latino ",Median household income in the past 12 months (in 2023 inflation-adjusted dollars),75250,897,308.14258333333333,97594.76869338898
B19013H_001,2017,"Roanoke, VA Metro Area",40220,"Median Household Income In The Past 12 Months (In 2023 Inflation-Adjusted Dollars (White , Not Hispanic Or Latino ",Median household income in the past 12 months (in 2023 inflation-adjusted dollars),55365,1037,308.14258333333333,71805.10788982698
B19013H_001,2017,"Staunton-Waynesboro, VA Metro Area",44420,"Median Household Income In The Past 12 Months (In 2023 Inflation-Adjusted Dollars (White , Not Hispanic Or Latino ",Median household income in the past 12 months (in 2023 inflation-adjusted dollars),55495,1289,308.14258333333333,71973.71014803484
B19013H_001,2017,"Virginia Beach-Norfolk-Newport News, VA-NC Metro Area",47260,"Median Household Income In The Past 12 Months (In 2023 Inflation-Adjusted Dollars (White , Not Hispanic Or Latino ",Median household income in the past 12 months (in 2023 inflation-adjusted dollars),72361,677,308.14258333333333,93847.90773983148
B19013H_001,2017,"Washington-Arlington-Alexandria, DC-VA-MD-WV Metro Area",47900,"Median Household Income In The Past 12 Months (In 2023 Inflation-Adjusted Dollars (White , Not Hispanic Or Latino ",Median household income in the past 12 months (in 2023 inflation-adjusted dollars),116413,597,308.14258333333333,150980.72834423243
B19013H_001,2017,"Winchester, VA-WV Metro Area",49020,"Median Household Income In The Past 12 Months (In 2023 Inflation-Adjusted Dollars (White , Not Hispanic Or Latino ",Median household income in the past 12 months (in 2023 inflation-adjusted dollars),61550,1444,308.14258333333333,79826.68455917729
B19013H_001,2018,"Big Stone Gap, VA Micro Area",13720,"Median Household Income In The Past 12 Months (In 2023 Inflation-Adjusted Dollars (White , Not Hispanic Or Latino ",Median household income in the past 12 months (in 2023 inflation-adjusted dollars),34892,1822,319.28875,43673.098101201496
B19013H_001,2018,"Blacksburg-Christiansburg-Radford, VA Metro Area",13980,"Median Household Income In The Past 12 Months (In 2023 Inflation-Adjusted Dollars (White , Not Hispanic Or Latino ",Median household income in the past 12 months (in 2023 inflation-adjusted dollars),53202,1247,319.28875,66591.0857841374
B19013H_001,2018,"Bluefield, WV-VA Micro Area",14140,"Median Household Income In The Past 12 Months (In 2023 Inflation-Adjusted Dollars (White , Not Hispanic Or Latino ",Median household income in the past 12 months (in 2023 inflation-adjusted dollars),40982,1473,319.28875,51295.73846106385
B19013H_001,2018,"Charlottesville, VA Metro Area",16820,"Median Household Income In The Past 12 Months (In 2023 Inflation-Adjusted Dollars (White , Not Hispanic Or Latino ",Median household income in the past 12 months (in 2023 inflation-adjusted dollars),73178,1877,319.28875,91594.34749655289
B19013H_001,2018,"Danville, VA Micro Area",19260,"Median Household Income In The Past 12 Months (In 2023 Inflation-Adjusted Dollars (White , Not Hispanic Or Latino ",Median household income in the past 12 months (in 2023 inflation-adjusted dollars),46280,1801,319.28875,57927.060074618974
B19013H_001,2018,"Harrisonburg, VA Metro Area",25500,"Median Household Income In The Past 12 Months (In 2023 Inflation-Adjusted Dollars (White , Not Hispanic Or Latino ",Median household income in the past 12 months (in 2023 inflation-adjusted dollars),55204,1975,319.28875,69096.91928174732
B19013H_001,2018,"Kingsport-Bristol-Bristol, TN-VA Metro Area",28700,"Median Household Income In The Past 12 Months (In 2023 Inflation-Adjusted Dollars (White , Not Hispanic Or Latino ",Median household income in the past 12 months (in 2023 inflation-adjusted dollars),43073,876,319.28875,53912.97015112496
B19013H_001,2018,"Lynchburg, VA Metro Area",31340,"Median Household Income In The Past 12 Months (In 2023 Inflation-Adjusted Dollars (White , Not Hispanic Or Latino ",Median household income in the past 12 months (in 2023 inflation-adjusted dollars),57136,1458,319.28875,71515.13622349675
B19013H_001,2018,"Martinsville, VA Micro Area",32300,"Median Household Income In The Past 12 Months (In 2023 Inflation-Adjusted Dollars (White , Not Hispanic Or Latino ",Median household income in the past 12 months (in 2023 inflation-adjusted dollars),38597,1847,319.28875,48310.51723638869
B19013H_001,2018,"Richmond, VA Metro Area",40060,"Median Household Income In The Past 12 Months (In 2023 Inflation-Adjusted Dollars (White , Not Hispanic Or Latino ",Median household income in the past 12 months (in 2023 inflation-adjusted dollars),78342,782,319.28875,98057.94598888936
B19013H_001,2018,"Roanoke, VA Metro Area",40220,"Median Household Income In The Past 12 Months (In 2023 Inflation-Adjusted Dollars (White , Not Hispanic Or Latino ",Median household income in the past 12 months (in 2023 inflation-adjusted dollars),58425,1195,319.28875,73128.53251641343
B19013H_001,2018,"Staunton-Waynesboro, VA Metro Area",44420,"Median Household Income In The Past 12 Months (In 2023 Inflation-Adjusted Dollars (White , Not Hispanic Or Latino ",Median household income in the past 12 months (in 2023 inflation-adjusted dollars),56856,1623,319.28875,71164.6700000548
B19013H_001,2018,"Virginia Beach-Norfolk-Newport News, VA-NC Metro Area",47260,"Median Household Income In The Past 12 Months (In 2023 Inflation-Adjusted Dollars (White , Not Hispanic Or Latino ",Median household income in the past 12 months (in 2023 inflation-adjusted dollars),75362,666,319.28875,94327.98403940006
B19013H_001,2018,"Washington-Arlington-Alexandria, DC-VA-MD-WV Metro Area",47900,"Median Household Income In The Past 12 Months (In 2023 Inflation-Adjusted Dollars (White , Not Hispanic Or Latino ",Median household income in the past 12 months (in 2023 inflation-adjusted dollars),120815,614,319.28875,151219.91708978158
B19013H_001,2018,"Winchester, VA-WV Metro Area",49020,"Median Household Income In The Past 12 Months (In 2023 Inflation-Adjusted Dollars (White , Not Hispanic Or Latino ",Median household income in the past 12 months (in 2023 inflation-adjusted dollars),64504,1687,319.28875,80737.40456035484
B19013H_001,2019,"Big Stone Gap, VA Micro Area",13720,"Median Household Income In The Past 12 Months (In 2023 Inflation-Adjusted Dollars (White , Not Hispanic Or Latino ",Median household income in the past 12 months (in 2023 inflation-adjusted dollars),38609,2611,331.12375,46598.28952535118
B19013H_001,2019,"Blacksburg-Christiansburg, VA Metro Area",13980,"Median Household Income In The Past 12 Months (In 2023 Inflation-Adjusted Dollars (White , Not Hispanic Or Latino ",Median household income in the past 12 months (in 2023 inflation-adjusted dollars),55718,1113,331.12375,67247.62350160629
B19013H_001,2019,"Bluefield, WV-VA Micro Area",14140,"Median Household Income In The Past 12 Months (In 2023 Inflation-Adjusted Dollars (White , Not Hispanic Or Latino ",Median household income in the past 12 months (in 2023 inflation-adjusted dollars),42362,1397,331.12375,51127.89092887479
B19013H_001,2019,"Charlottesville, VA Metro Area",16820,"Median Household Income In The Past 12 Months (In 2023 Inflation-Adjusted Dollars (White , Not Hispanic Or Latino ",Median household income in the past 12 months (in 2023 inflation-adjusted dollars),78115,2070,331.12375,94279.19361477395
B19013H_001,2019,"Danville, VA Micro Area",19260,"Median Household Income In The Past 12 Months (In 2023 Inflation-Adjusted Dollars (White , Not Hispanic Or Latino ",Median household income in the past 12 months (in 2023 inflation-adjusted dollars),47909,1608,331.12375,57822.72146054157
B19013H_001,2019,"Harrisonburg, VA Metro Area",25500,"Median Household Income In The Past 12 Months (In 2023 Inflation-Adjusted Dollars (White , Not Hispanic Or Latino ",Median household income in the past 12 months (in 2023 inflation-adjusted dollars),57986,1693,331.12375,69984.93657999465
B19013H_001,2019,"Kingsport-Bristol, TN-VA Metro Area",28700,"Median Household Income In The Past 12 Months (In 2023 Inflation-Adjusted Dollars (White , Not Hispanic Or Latino ",Median household income in the past 12 months (in 2023 inflation-adjusted dollars),45381,1018,331.12375,54771.60705923391
B19013H_001,2019,"Lynchburg, VA Metro Area",31340,"Median Household Income In The Past 12 Months (In 2023 Inflation-Adjusted Dollars (White , Not Hispanic Or Latino ",Median household income in the past 12 months (in 2023 inflation-adjusted dollars),58231,1517,331.12375,70280.63398043784
B19013H_001,2019,"Martinsville, VA Micro Area",32300,"Median Household Income In The Past 12 Months (In 2023 Inflation-Adjusted Dollars (White , Not Hispanic Or Latino ",Median household income in the past 12 months (in 2023 inflation-adjusted dollars),40176,1828,331.12375,48489.54596002251
B19013H_001,2019,"Richmond, VA Metro Area",40060,"Median Household Income In The Past 12 Months (In 2023 Inflation-Adjusted Dollars (White , Not Hispanic Or Latino ",Median household income in the past 12 months (in 2023 inflation-adjusted dollars),81276,894,331.12375,98094.29354457361
B19013H_001,2019,"Roanoke, VA Metro Area",40220,"Median Household Income In The Past 12 Months (In 2023 Inflation-Adjusted Dollars (White , Not Hispanic Or Latino ",Median household income in the past 12 months (in 2023 inflation-adjusted dollars),61215,1523,331.12375,73882.10762501936
B19013H_001,2019,"Staunton, VA Metro Area",44420,"Median Household Income In The Past 12 Months (In 2023 Inflation-Adjusted Dollars (White , Not Hispanic Or Latino ",Median household income in the past 12 months (in 2023 inflation-adjusted dollars),58535,1132,331.12375,70647.5401426204
B19013H_001,2019,"Virginia Beach-Norfolk-Newport News, VA-NC Metro Area",47260,"Median Household Income In The Past 12 Months (In 2023 Inflation-Adjusted Dollars (White , Not Hispanic Or Latino ",Median household income in the past 12 months (in 2023 inflation-adjusted dollars),77696,732,331.12375,93773.49071360784
B19013H_001,2019,"Washington-Arlington-Alexandria, DC-VA-MD-WV Metro Area",47900,"Median Household Income In The Past 12 Months (In 2023 Inflation-Adjusted Dollars (White , Not Hispanic Or Latino ",Median household income in the past 12 months (in 2023 inflation-adjusted dollars),124982,699,331.12375,150844.29592730818
B19013H_001,2019,"Winchester, VA-WV Metro Area",49020,"Median Household Income In The Past 12 Months (In 2023 Inflation-Adjusted Dollars (White , Not Hispanic Or Latino ",Median household income in the past 12 months (in 2023 inflation-adjusted dollars),68523,2111,331.12375,82702.33865538187
B19013H_001,2020,"Big Stone Gap, VA Micro Area",13720,"Median Household Income In The Past 12 Months (In 2023 Inflation-Adjusted Dollars (White , Not Hispanic Or Latino ",Median household income in the past 12 months (in 2023 inflation-adjusted dollars),39961,4305,341.46775,46769.03496561534
B19013H_001,2020,"Blacksburg-Christiansburg, VA Metro Area",13980,"Median Household Income In The Past 12 Months (In 2023 Inflation-Adjusted Dollars (White , Not Hispanic Or Latino ",Median household income in the past 12 months (in 2023 inflation-adjusted dollars),56867,1672,341.46775,66555.25916242455
B19013H_001,2020,"Bluefield, WV-VA Micro Area",14140,"Median Household Income In The Past 12 Months (In 2023 Inflation-Adjusted Dollars (White , Not Hispanic Or Latino ",Median household income in the past 12 months (in 2023 inflation-adjusted dollars),42925,1869,341.46775,50238.00270010857
B19013H_001,2020,"Charlottesville, VA Metro Area",16820,"Median Household Income In The Past 12 Months (In 2023 Inflation-Adjusted Dollars (White , Not Hispanic Or Latino ",Median household income in the past 12 months (in 2023 inflation-adjusted dollars),80920,2010,341.46775,94706.09617921457
B19013H_001,2020,"Danville, VA Micro Area",19260,"Median Household Income In The Past 12 Months (In 2023 Inflation-Adjusted Dollars (White , Not Hispanic Or Latino ",Median household income in the past 12 months (in 2023 inflation-adjusted dollars),50202,1823,341.46775,58754.76322774259
B19013H_001,2020,"Harrisonburg, VA Metro Area",25500,"Median Household Income In The Past 12 Months (In 2023 Inflation-Adjusted Dollars (White , Not Hispanic Or Latino ",Median household income in the past 12 months (in 2023 inflation-adjusted dollars),60738,1985,341.46775,71085.74974954443
B19013H_001,2020,"Kingsport-Bristol, TN-VA Metro Area",28700,"Median Household Income In The Past 12 Months (In 2023 Inflation-Adjusted Dollars (White , Not Hispanic Or Latino ",Median household income in the past 12 months (in 2023 inflation-adjusted dollars),47264,1198,341.46775,55316.22503478
B19013H_001,2020,"Lynchburg, VA Metro Area",31340,"Median Household Income In The Past 12 Months (In 2023 Inflation-Adjusted Dollars (White , Not Hispanic Or Latino ",Median household income in the past 12 months (in 2023 inflation-adjusted dollars),60861,1287,341.46775,71229.704888324
B19013H_001,2020,"Martinsville, VA Micro Area",32300,"Median Household Income In The Past 12 Months (In 2023 Inflation-Adjusted Dollars (White , Not Hispanic Or Latino ",Median household income in the past 12 months (in 2023 inflation-adjusted dollars),42007,2761,341.46775,49163.60581068051
B19013H_001,2020,"Richmond, VA Metro Area",40060,"Median Household Income In The Past 12 Months (In 2023 Inflation-Adjusted Dollars (White , Not Hispanic Or Latino ",Median household income in the past 12 months (in 2023 inflation-adjusted dollars),84145,1051,341.46775,98480.52969599617
B19013H_001,2020,"Roanoke, VA Metro Area",40220,"Median Household Income In The Past 12 Months (In 2023 Inflation-Adjusted Dollars (White , Not Hispanic Or Latino ",Median household income in the past 12 months (in 2023 inflation-adjusted dollars),62748,1312,341.46775,73438.18738325947
B19013H_001,2020,"Staunton, VA Metro Area",44420,"Median Household Income In The Past 12 Months (In 2023 Inflation-Adjusted Dollars (White , Not Hispanic Or Latino ",Median household income in the past 12 months (in 2023 inflation-adjusted dollars),59577,2246,341.46775,69726.95368350304
B19013H_001,2020,"Virginia Beach-Norfolk-Newport News, VA-NC Metro Area",47260,"Median Household Income In The Past 12 Months (In 2023 Inflation-Adjusted Dollars (White , Not Hispanic Or Latino ",Median household income in the past 12 months (in 2023 inflation-adjusted dollars),80156,822,341.46775,93811.93580500646
B19013H_001,2020,"Washington-Arlington-Alexandria, DC-VA-MD-WV Metro Area",47900,"Median Household Income In The Past 12 Months (In 2023 Inflation-Adjusted Dollars (White , Not Hispanic Or Latino ",Median household income in the past 12 months (in 2023 inflation-adjusted dollars),128170,933,341.46775,150005.9360762473
B19013H_001,2020,"Winchester, VA-WV Metro Area",49020,"Median Household Income In The Past 12 Months (In 2023 Inflation-Adjusted Dollars (White , Not Hispanic Or Latino ",Median household income in the past 12 months (in 2023 inflation-adjusted dollars),71022,2676,341.46775,83121.80379189542
B19013H_001,2021,"Big Stone Gap, VA Micro Area",13720,"Median Household Income In The Past 12 Months (In 2023 Inflation-Adjusted Dollars (White , Not Hispanic Or Latino ",Median household income in the past 12 months (in 2023 inflation-adjusted dollars),43443,3948,349.13466666666665,49727.72474500766
B19013H_001,2021,"Blacksburg-Christiansburg, VA Metro Area",13980,"Median Household Income In The Past 12 Months (In 2023 Inflation-Adjusted Dollars (White , Not Hispanic Or Latino ",Median household income in the past 12 months (in 2023 inflation-adjusted dollars),58613,1885,349.13466666666665,67092.30786269673
B19013H_001,2021,"Bluefield, WV-VA Micro Area",14140,"Median Household Income In The Past 12 Months (In 2023 Inflation-Adjusted Dollars (White , Not Hispanic Or Latino ",Median household income in the past 12 months (in 2023 inflation-adjusted dollars),44597,1908,349.13466666666665,51048.66930122475
B19013H_001,2021,"Charlottesville, VA Metro Area",16820,"Median Household Income In The Past 12 Months (In 2023 Inflation-Adjusted Dollars (White , Not Hispanic Or Latino ",Median household income in the past 12 months (in 2023 inflation-adjusted dollars),85741,3118,349.13466666666665,98144.80692773755
B19013H_001,2021,"Danville, VA Micro Area",19260,"Median Household Income In The Past 12 Months (In 2023 Inflation-Adjusted Dollars (White , Not Hispanic Or Latino ",Median household income in the past 12 months (in 2023 inflation-adjusted dollars),50959,2279,349.13466666666665,58331.03435031755
B19013H_001,2021,"Harrisonburg, VA Metro Area",25500,"Median Household Income In The Past 12 Months (In 2023 Inflation-Adjusted Dollars (White , Not Hispanic Or Latino ",Median household income in the past 12 months (in 2023 inflation-adjusted dollars),63694,2364,349.13466666666665,72908.35577442897
B19013H_001,2021,"Kingsport-Bristol, TN-VA Metro Area",28700,"Median Household Income In The Past 12 Months (In 2023 Inflation-Adjusted Dollars (White , Not Hispanic Or Latino ",Median household income in the past 12 months (in 2023 inflation-adjusted dollars),49902,1439,349.13466666666665,57121.12239544627
B19013H_001,2021,"Lynchburg, VA Metro Area",31340,"Median Household Income In The Past 12 Months (In 2023 Inflation-Adjusted Dollars (White , Not Hispanic Or Latino ",Median household income in the past 12 months (in 2023 inflation-adjusted dollars),64235,1193,349.13466666666665,73527.62007678031
B19013H_001,2021,"Martinsville, VA Micro Area",32300,"Median Household Income In The Past 12 Months (In 2023 Inflation-Adjusted Dollars (White , Not Hispanic Or Latino ",Median household income in the past 12 months (in 2023 inflation-adjusted dollars),44042,2351,349.13466666666665,50413.37967496783
B19013H_001,2021,"Richmond, VA Metro Area",40060,"Median Household Income In The Past 12 Months (In 2023 Inflation-Adjusted Dollars (White , Not Hispanic Or Latino ",Median household income in the past 12 months (in 2023 inflation-adjusted dollars),88445,1151,349.13466666666665,101239.98377350098
B19013H_001,2021,"Roanoke, VA Metro Area",40220,"Median Household Income In The Past 12 Months (In 2023 Inflation-Adjusted Dollars (White , Not Hispanic Or Latino ",Median household income in the past 12 months (in 2023 inflation-adjusted dollars),66041,1719,349.13466666666665,75594.88686060012
B19013H_001,2021,"Staunton, VA Metro Area",44420,"Median Household Income In The Past 12 Months (In 2023 Inflation-Adjusted Dollars (White , Not Hispanic Or Latino ",Median household income in the past 12 months (in 2023 inflation-adjusted dollars),63851,2737,349.13466666666665,73088.06833537012
B19013H_001,2021,"Virginia Beach-Norfolk-Newport News, VA-NC Metro Area",47260,"Median Household Income In The Past 12 Months (In 2023 Inflation-Adjusted Dollars (White , Not Hispanic Or Latino ",Median household income in the past 12 months (in 2023 inflation-adjusted dollars),84373,730,349.13466666666665,96578.90384896373
B19013H_001,2021,"Washington-Arlington-Alexandria, DC-VA-MD-WV Metro Area",47900,"Median Household Income In The Past 12 Months (In 2023 Inflation-Adjusted Dollars (White , Not Hispanic Or Latino ",Median household income in the past 12 months (in 2023 inflation-adjusted dollars),134542,805,349.13466666666665,154005.65206460928
B19013H_001,2021,"Winchester, VA-WV Metro Area",49020,"Median Household Income In The Past 12 Months (In 2023 Inflation-Adjusted Dollars (White , Not Hispanic Or Latino ",Median household income in the past 12 months (in 2023 inflation-adjusted dollars),75992,2184,349.13466666666665,86985.45815948765
B19013H_001,2022,"Big Stone Gap, VA Micro Area",13720,"Median Household Income In The Past 12 Months (In 2023 Inflation-Adjusted Dollars (White , Not Hispanic Or Latino ",Median household income in the past 12 months (in 2023 inflation-adjusted dollars),45991,2928,370.199,49648.869653294576
B19013H_001,2022,"Blacksburg-Christiansburg, VA Metro Area",13980,"Median Household Income In The Past 12 Months (In 2023 Inflation-Adjusted Dollars (White , Not Hispanic Or Latino ",Median household income in the past 12 months (in 2023 inflation-adjusted dollars),63279,2054,370.199,68311.86151183552
B19013H_001,2022,"Bluefield, WV-VA Micro Area",14140,"Median Household Income In The Past 12 Months (In 2023 Inflation-Adjusted Dollars (White , Not Hispanic Or Latino ",Median household income in the past 12 months (in 2023 inflation-adjusted dollars),48130,1727,370.199,51957.99387734705
B19013H_001,2022,"Charlottesville, VA Metro Area",16820,"Median Household Income In The Past 12 Months (In 2023 Inflation-Adjusted Dollars (White , Not Hispanic Or Latino ",Median household income in the past 12 months (in 2023 inflation-adjusted dollars),92577,2692,370.199,99940.06231421478
B19013H_001,2022,"Danville, VA Micro Area",19260,"Median Household Income In The Past 12 Months (In 2023 Inflation-Adjusted Dollars (White , Not Hispanic Or Latino ",Median household income in the past 12 months (in 2023 inflation-adjusted dollars),53201,2828,370.199,57432.313157463956
B19013H_001,2022,"Harrisonburg, VA Metro Area",25500,"Median Household Income In The Past 12 Months (In 2023 Inflation-Adjusted Dollars (White , Not Hispanic Or Latino ",Median household income in the past 12 months (in 2023 inflation-adjusted dollars),69307,2790,370.199,74819.29527648643
B19013H_001,2022,"Kingsport-Bristol, TN-VA Metro Area",28700,"Median Household Income In The Past 12 Months (In 2023 Inflation-Adjusted Dollars (White , Not Hispanic Or Latino ",Median household income in the past 12 months (in 2023 inflation-adjusted dollars),54052,1183,370.199,58350.996988538594
B19013H_001,2022,"Lynchburg, VA Metro Area",31340,"Median Household Income In The Past 12 Months (In 2023 Inflation-Adjusted Dollars (White , Not Hispanic Or Latino ",Median household income in the past 12 months (in 2023 inflation-adjusted dollars),68352,1236,370.199,73788.33986088562
B19013H_001,2022,"Martinsville, VA Micro Area",32300,"Median Household Income In The Past 12 Months (In 2023 Inflation-Adjusted Dollars (White , Not Hispanic Or Latino ",Median household income in the past 12 months (in 2023 inflation-adjusted dollars),46787,2764,370.199,50508.17908870634
B19013H_001,2022,"Richmond, VA Metro Area",40060,"Median Household Income In The Past 12 Months (In 2023 Inflation-Adjusted Dollars (White , Not Hispanic Or Latino ",Median household income in the past 12 months (in 2023 inflation-adjusted dollars),95671,1317,370.199,103280.14195386805
B19013H_001,2022,"Roanoke, VA Metro Area",40220,"Median Household Income In The Past 12 Months (In 2023 Inflation-Adjusted Dollars (White , Not Hispanic Or Latino ",Median household income in the past 12 months (in 2023 inflation-adjusted dollars),70730,1661,370.199,76355.47282245495
B19013H_001,2022,"Staunton, VA Metro Area",44420,"Median Household Income In The Past 12 Months (In 2023 Inflation-Adjusted Dollars (White , Not Hispanic Or Latino ",Median household income in the past 12 months (in 2023 inflation-adjusted dollars),70829,2295,370.199,76462.34673464812
B19013H_001,2022,"Virginia Beach-Norfolk-Newport News, VA-NC Metro Area",47260,"Median Household Income In The Past 12 Months (In 2023 Inflation-Adjusted Dollars (White , Not Hispanic Or Latino ",Median household income in the past 12 months (in 2023 inflation-adjusted dollars),91247,918,370.199,98504.28147363984
B19013H_001,2022,"Washington-Arlington-Alexandria, DC-VA-MD-WV Metro Area",47900,"Median Household Income In The Past 12 Months (In 2023 Inflation-Adjusted Dollars (White , Not Hispanic Or Latino ",Median household income in the past 12 months (in 2023 inflation-adjusted dollars),144716,956,370.199,156225.909868152
B19013H_001,2022,"Winchester, VA-WV Metro Area",49020,"Median Household Income In The Past 12 Months (In 2023 Inflation-Adjusted Dollars (White , Not Hispanic Or Latino ",Median household income in the past 12 months (in 2023 inflation-adjusted dollars),81456,2959,370.199,87934.55951118183
B19013H_001,2023,"Blacksburg-Christiansburg-Radford, VA Metro Area",13980,"Median Household Income In The Past 12 Months (In 2023 Inflation-Adjusted Dollars (White , Not Hispanic Or Latino ",Median household income in the past 12 months (in 2023 inflation-adjusted dollars),66292,2170,399.64258333333333,66291.99944707261
B19013H_001,2023,"Bluefield, WV-VA Micro Area",14140,"Median Household Income In The Past 12 Months (In 2023 Inflation-Adjusted Dollars (White , Not Hispanic Or Latino ",Median household income in the past 12 months (in 2023 inflation-adjusted dollars),47821,3042,399.64258333333333,47820.99960113526
B19013H_001,2023,"Charlottesville, VA Metro Area",16820,"Median Household Income In The Past 12 Months (In 2023 Inflation-Adjusted Dollars (White , Not Hispanic Or Latino ",Median household income in the past 12 months (in 2023 inflation-adjusted dollars),96358,3137,399.64258333333333,96357.99919629852
B19013H_001,2023,"Danville, VA Micro Area",19260,"Median Household Income In The Past 12 Months (In 2023 Inflation-Adjusted Dollars (White , Not Hispanic Or Latino ",Median household income in the past 12 months (in 2023 inflation-adjusted dollars),56567,2977,399.64258333333333,56566.999528186745
B19013H_001,2023,"Harrisonburg, VA Metro Area",25500,"Median Household Income In The Past 12 Months (In 2023 Inflation-Adjusted Dollars (White , Not Hispanic Or Latino ",Median household income in the past 12 months (in 2023 inflation-adjusted dollars),74853,2579,399.64258333333333,74852.99937566713
B19013H_001,2023,"Kingsport-Bristol, TN-VA Metro Area",28700,"Median Household Income In The Past 12 Months (In 2023 Inflation-Adjusted Dollars (White , Not Hispanic Or Latino ",Median household income in the past 12 months (in 2023 inflation-adjusted dollars),56309,1228,399.64258333333333,56308.999530338675
B19013H_001,2023,"Lake of the Woods, VA Micro Area",29470,"Median Household Income In The Past 12 Months (In 2023 Inflation-Adjusted Dollars (White , Not Hispanic Or Latino ",Median household income in the past 12 months (in 2023 inflation-adjusted dollars),96783,7161,399.64258333333333,96782.99919275369
B19013H_001,2023,"Lynchburg, VA Metro Area",31340,"Median Household Income In The Past 12 Months (In 2023 Inflation-Adjusted Dollars (White , Not Hispanic Or Latino ",Median household income in the past 12 months (in 2023 inflation-adjusted dollars),71436,1250,399.64258333333333,71435.9994041676
B19013H_001,2023,"Martinsville, VA Micro Area",32300,"Median Household Income In The Past 12 Months (In 2023 Inflation-Adjusted Dollars (White , Not Hispanic Or Latino ",Median household income in the past 12 months (in 2023 inflation-adjusted dollars),51537,2717,399.64258333333333,51536.999570140906
B19013H_001,2023,"Richmond, VA Metro Area",40060,"Median Household Income In The Past 12 Months (In 2023 Inflation-Adjusted Dollars (White , Not Hispanic Or Latino ",Median household income in the past 12 months (in 2023 inflation-adjusted dollars),100160,1276,399.64258333333333,100159.99916458686
B19013H_001,2023,"Roanoke, VA Metro Area",40220,"Median Household Income In The Past 12 Months (In 2023 Inflation-Adjusted Dollars (White , Not Hispanic Or Latino ",Median household income in the past 12 months (in 2023 inflation-adjusted dollars),72699,1627,399.64258333333333,72698.99939363319
B19013H_001,2023,"Staunton-Stuarts Draft, VA Metro Area",44420,"Median Household Income In The Past 12 Months (In 2023 Inflation-Adjusted Dollars (White , Not Hispanic Or Latino ",Median household income in the past 12 months (in 2023 inflation-adjusted dollars),74095,3001,399.64258333333333,74094.99938198944
B19013H_001,2023,"Virginia Beach-Chesapeake-Norfolk, VA-NC Metro Area",47260,"Median Household Income In The Past 12 Months (In 2023 Inflation-Adjusted Dollars (White , Not Hispanic Or Latino ",Median household income in the past 12 months (in 2023 inflation-adjusted dollars),95444,1058,399.64258333333333,95443.99920392201
B19013H_001,2023,"Washington-Arlington-Alexandria, DC-VA-MD-WV Metro Area",47900,"Median Household Income In The Past 12 Months (In 2023 Inflation-Adjusted Dollars (White , Not Hispanic Or Latino ",Median household income in the past 12 months (in 2023 inflation-adjusted dollars),151042,951,399.64258333333333,151041.998740191
B19013H_001,2023,"Winchester, VA-WV Metro Area",49020,"Median Household Income In The Past 12 Months (In 2023 Inflation-Adjusted Dollars (White , Not Hispanic Or Latino ",Median household income in the past 12 months (in 2023 inflation-adjusted dollars),84080,3079,399.64258333333333,84079.9992987067
B19013I_001,2010,"Blacksburg-Christiansburg-Radford, VA Metro Area",13980,Median Household Income In The Past 12 Months (In 2023 Inflation-Adjusted Dollars (Hispanic Or Latino ,Median household income in the past 12 months (in 2023 inflation-adjusted dollars),24866,14639,249.38541666666666,39848.00926656698
B19013I_001,2010,"Bluefield, WV-VA Micro Area",14140,Median Household Income In The Past 12 Months (In 2023 Inflation-Adjusted Dollars (Hispanic Or Latino ,Median household income in the past 12 months (in 2023 inflation-adjusted dollars),13977,60157,249.38541666666666,22398.279800482855
B19013I_001,2010,"Charlottesville, VA Metro Area",16820,Median Household Income In The Past 12 Months (In 2023 Inflation-Adjusted Dollars (Hispanic Or Latino ,Median household income in the past 12 months (in 2023 inflation-adjusted dollars),44715,20033,249.38541666666666,71656.22674955934
B19013I_001,2010,"Culpeper, VA Micro Area",19020,Median Household Income In The Past 12 Months (In 2023 Inflation-Adjusted Dollars (Hispanic Or Latino ,Median household income in the past 12 months (in 2023 inflation-adjusted dollars),64336,16800,249.38541666666666,103099.07199283573
B19013I_001,2010,"Danville, VA Metro Area",19260,Median Household Income In The Past 12 Months (In 2023 Inflation-Adjusted Dollars (Hispanic Or Latino ,Median household income in the past 12 months (in 2023 inflation-adjusted dollars),31739,8517,249.38541666666666,50862.05928221545
B19013I_001,2010,"Harrisonburg, VA Metro Area",25500,Median Household Income In The Past 12 Months (In 2023 Inflation-Adjusted Dollars (Hispanic Or Latino ,Median household income in the past 12 months (in 2023 inflation-adjusted dollars),39375,3891,249.38541666666666,63098.82429305377
B19013I_001,2010,"Kingsport-Bristol-Bristol, TN-VA Metro Area",28700,Median Household Income In The Past 12 Months (In 2023 Inflation-Adjusted Dollars (Hispanic Or Latino ,Median household income in the past 12 months (in 2023 inflation-adjusted dollars),36113,10254,249.38541666666666,57871.437249398114
B19013I_001,2010,"Lynchburg, VA Metro Area",31340,Median Household Income In The Past 12 Months (In 2023 Inflation-Adjusted Dollars (Hispanic Or Latino ,Median household income in the past 12 months (in 2023 inflation-adjusted dollars),39217,2496,249.38541666666666,62845.62774096989
B19013I_001,2010,"Martinsville, VA Micro Area",32300,Median Household Income In The Past 12 Months (In 2023 Inflation-Adjusted Dollars (Hispanic Or Latino ,Median household income in the past 12 months (in 2023 inflation-adjusted dollars),23838,2485,249.38541666666666,38200.629168198495
B19013I_001,2010,"Richmond, VA Metro Area",40060,Median Household Income In The Past 12 Months (In 2023 Inflation-Adjusted Dollars (Hispanic Or Latino ,Median household income in the past 12 months (in 2023 inflation-adjusted dollars),43455,2492,249.38541666666666,69637.06437218162
B19013I_001,2010,"Roanoke, VA Metro Area",40220,Median Household Income In The Past 12 Months (In 2023 Inflation-Adjusted Dollars (Hispanic Or Latino ,Median household income in the past 12 months (in 2023 inflation-adjusted dollars),38115,8778,249.38541666666666,61079.66191567604
B19013I_001,2010,"Staunton-Waynesboro, VA Micro Area",44420,Median Household Income In The Past 12 Months (In 2023 Inflation-Adjusted Dollars (Hispanic Or Latino ,Median household income in the past 12 months (in 2023 inflation-adjusted dollars),26439,17931,249.38541666666666,42368.7572186425
B19013I_001,2010,"Virginia Beach-Norfolk-Newport News, VA-NC Metro Area",47260,Median Household Income In The Past 12 Months (In 2023 Inflation-Adjusted Dollars (Hispanic Or Latino ,Median household income in the past 12 months (in 2023 inflation-adjusted dollars),51158,1842,249.38541666666666,81981.19754118209
B19013I_001,2010,"Washington-Arlington-Alexandria, DC-VA-MD-WV Metro Area",47900,Median Household Income In The Past 12 Months (In 2023 Inflation-Adjusted Dollars (Hispanic Or Latino ,Median household income in the past 12 months (in 2023 inflation-adjusted dollars),64408,1131,249.38541666666666,103214.45270011446
B19013I_001,2010,"Winchester, VA-WV Metro Area",49020,Median Household Income In The Past 12 Months (In 2023 Inflation-Adjusted Dollars (Hispanic Or Latino ,Median household income in the past 12 months (in 2023 inflation-adjusted dollars),48645,8622,249.38541666666666,77954.09035518985
B19013I_001,2011,"Blacksburg-Christiansburg-Radford, VA Metro Area",13980,Median Household Income In The Past 12 Months (In 2023 Inflation-Adjusted Dollars (Hispanic Or Latino ,Median household income in the past 12 months (in 2023 inflation-adjusted dollars),37660,8398,253.63816666666668,59338.62304950161
B19013I_001,2011,"Bluefield, WV-VA Micro Area",14140,Median Household Income In The Past 12 Months (In 2023 Inflation-Adjusted Dollars (Hispanic Or Latino ,Median household income in the past 12 months (in 2023 inflation-adjusted dollars),21563,17545,253.63816666666668,33975.537143292706
B19013I_001,2011,"Charlottesville, VA Metro Area",16820,Median Household Income In The Past 12 Months (In 2023 Inflation-Adjusted Dollars (Hispanic Or Latino ,Median household income in the past 12 months (in 2023 inflation-adjusted dollars),40807,6522,253.63816666666668,64297.16385504547
B19013I_001,2011,"Culpeper, VA Micro Area",19020,Median Household Income In The Past 12 Months (In 2023 Inflation-Adjusted Dollars (Hispanic Or Latino ,Median household income in the past 12 months (in 2023 inflation-adjusted dollars),65188,17617,253.63816666666668,102712.85606348676
B19013I_001,2011,"Danville, VA Metro Area",19260,Median Household Income In The Past 12 Months (In 2023 Inflation-Adjusted Dollars (Hispanic Or Latino ,Median household income in the past 12 months (in 2023 inflation-adjusted dollars),32094,8725,253.63816666666668,50568.607757586426
B19013I_001,2011,"Harrisonburg, VA Metro Area",25500,Median Household Income In The Past 12 Months (In 2023 Inflation-Adjusted Dollars (Hispanic Or Latino ,Median household income in the past 12 months (in 2023 inflation-adjusted dollars),42722,7693,253.63816666666668,67314.51550506659
B19013I_001,2011,"Kingsport-Bristol-Bristol, TN-VA Metro Area",28700,Median Household Income In The Past 12 Months (In 2023 Inflation-Adjusted Dollars (Hispanic Or Latino ,Median household income in the past 12 months (in 2023 inflation-adjusted dollars),29741,6041,253.63816666666668,46861.12554740381
B19013I_001,2011,"Lynchburg, VA Metro Area",31340,Median Household Income In The Past 12 Months (In 2023 Inflation-Adjusted Dollars (Hispanic Or Latino ,Median household income in the past 12 months (in 2023 inflation-adjusted dollars),36875,9466,253.63816666666668,58101.7452190752
B19013I_001,2011,"Martinsville, VA Micro Area",32300,Median Household Income In The Past 12 Months (In 2023 Inflation-Adjusted Dollars (Hispanic Or Latino ,Median household income in the past 12 months (in 2023 inflation-adjusted dollars),25625,2911,253.63816666666668,40375.78905054378
B19013I_001,2011,"Richmond, VA Metro Area",40060,Median Household Income In The Past 12 Months (In 2023 Inflation-Adjusted Dollars (Hispanic Or Latino ,Median household income in the past 12 months (in 2023 inflation-adjusted dollars),44034,2048,253.63816666666668,69381.75590445443
B19013I_001,2011,"Roanoke, VA Metro Area",40220,Median Household Income In The Past 12 Months (In 2023 Inflation-Adjusted Dollars (Hispanic Or Latino ,Median household income in the past 12 months (in 2023 inflation-adjusted dollars),40573,8815,253.63816666666668,63928.46396674002
B19013I_001,2011,"Staunton-Waynesboro, VA Micro Area",44420,Median Household Income In The Past 12 Months (In 2023 Inflation-Adjusted Dollars (Hispanic Or Latino ,Median household income in the past 12 months (in 2023 inflation-adjusted dollars),31141,23901,253.63816666666668,49067.02231504328
B19013I_001,2011,"Virginia Beach-Norfolk-Newport News, VA-NC Metro Area",47260,Median Household Income In The Past 12 Months (In 2023 Inflation-Adjusted Dollars (Hispanic Or Latino ,Median household income in the past 12 months (in 2023 inflation-adjusted dollars),54973,2419,253.63816666666668,86617.687862460225
B19013I_001,2011,"Washington-Arlington-Alexandria, DC-VA-MD-WV Metro Area",47900,Median Household Income In The Past 12 Months (In 2023 Inflation-Adjusted Dollars (Hispanic Or Latino ,Median household income in the past 12 months (in 2023 inflation-adjusted dollars),66131,1213,253.63816666666668,104198.68510054678
B19013I_001,2011,"Winchester, VA-WV Metro Area",49020,Median Household Income In The Past 12 Months (In 2023 Inflation-Adjusted Dollars (Hispanic Or Latino ,Median household income in the past 12 months (in 2023 inflation-adjusted dollars),51892,10007,253.63816666666668,81763.1393331051
B19013I_001,2012,"Blacksburg-Christiansburg-Radford, VA Metro Area",13980,Median Household Income In The Past 12 Months (In 2023 Inflation-Adjusted Dollars (Hispanic Or Latino ,Median household income in the past 12 months (in 2023 inflation-adjusted dollars),35724,11722,260.3668333333333,54833.526010750225
B19013I_001,2012,"Bluefield, WV-VA Micro Area",14140,Median Household Income In The Past 12 Months (In 2023 Inflation-Adjusted Dollars (Hispanic Or Latino ,Median household income in the past 12 months (in 2023 inflation-adjusted dollars),20625,11812,260.3668333333333,31657.750363109488
B19013I_001,2012,"Charlottesville, VA Metro Area",16820,Median Household Income In The Past 12 Months (In 2023 Inflation-Adjusted Dollars (Hispanic Or Latino ,Median household income in the past 12 months (in 2023 inflation-adjusted dollars),41402,9987,260.3668333333333,63548.80875313741
B19013I_001,2012,"Culpeper, VA Micro Area",19020,Median Household Income In The Past 12 Months (In 2023 Inflation-Adjusted Dollars (Hispanic Or Latino ,Median household income in the past 12 months (in 2023 inflation-adjusted dollars),55500,26023,260.3668333333333,85188.1282498219
B19013I_001,2012,"Danville, VA Metro Area",19260,Median Household Income In The Past 12 Months (In 2023 Inflation-Adjusted Dollars (Hispanic Or Latino ,Median household income in the past 12 months (in 2023 inflation-adjusted dollars),31555,8589,260.3668333333333,48434.43940402036
B19013I_001,2012,"Harrisonburg, VA Metro Area",25500,Median Household Income In The Past 12 Months (In 2023 Inflation-Adjusted Dollars (Hispanic Or Latino ,Median household income in the past 12 months (in 2023 inflation-adjusted dollars),35919,6232,260.3668333333333,55132.8356505469
B19013I_001,2012,"Kingsport-Bristol-Bristol, TN-VA Metro Area",28700,Median Household Income In The Past 12 Months (In 2023 Inflation-Adjusted Dollars (Hispanic Or Latino ,Median household income in the past 12 months (in 2023 inflation-adjusted dollars),31427,4883,260.3668333333333,48237.969486615366
B19013I_001,2012,"Lynchburg, VA Metro Area",31340,Median Household Income In The Past 12 Months (In 2023 Inflation-Adjusted Dollars (Hispanic Or Latino ,Median household income in the past 12 months (in 2023 inflation-adjusted dollars),37421,8448,260.3668333333333,57438.28733759613
B19013I_001,2012,"Martinsville, VA Micro Area",32300,Median Household Income In The Past 12 Months (In 2023 Inflation-Adjusted Dollars (Hispanic Or Latino ,Median household income in the past 12 months (in 2023 inflation-adjusted dollars),27190,12391,260.3668333333333,41734.5082362641
B19013I_001,2012,"Richmond, VA Metro Area",40060,Median Household Income In The Past 12 Months (In 2023 Inflation-Adjusted Dollars (Hispanic Or Latino ,Median household income in the past 12 months (in 2023 inflation-adjusted dollars),43759,2547,260.3668333333333,67166.61809160282
B19013I_001,2012,"Roanoke, VA Metro Area",40220,Median Household Income In The Past 12 Months (In 2023 Inflation-Adjusted Dollars (Hispanic Or Latino ,Median household income in the past 12 months (in 2023 inflation-adjusted dollars),37708,6725,260.3668333333333,57878.80973052764
B19013I_001,2012,"Staunton-Waynesboro, VA Micro Area",44420,Median Household Income In The Past 12 Months (In 2023 Inflation-Adjusted Dollars (Hispanic Or Latino ,Median household income in the past 12 months (in 2023 inflation-adjusted dollars),43500,26123,260.3668333333333,66769.07349310364
B19013I_001,2012,"Virginia Beach-Norfolk-Newport News, VA-NC Metro Area",47260,Median Household Income In The Past 12 Months (In 2023 Inflation-Adjusted Dollars (Hispanic Or Latino ,Median household income in the past 12 months (in 2023 inflation-adjusted dollars),53791,1786,260.3668333333333,82564.94786821927
B19013I_001,2012,"Washington-Arlington-Alexandria, DC-VA-MD-WV Metro Area",47900,Median Household Income In The Past 12 Months (In 2023 Inflation-Adjusted Dollars (Hispanic Or Latino ,Median household income in the past 12 months (in 2023 inflation-adjusted dollars),65481,1121,260.3668333333333,100508.1770437223
B19013I_001,2012,"Winchester, VA-WV Metro Area",49020,Median Household Income In The Past 12 Months (In 2023 Inflation-Adjusted Dollars (Hispanic Or Latino ,Median household income in the past 12 months (in 2023 inflation-adjusted dollars),50121,11530,260.3668333333333,76931.78695512294
B19013I_001,2013,"Big Stone Gap, VA Micro Area",13720,Median Household Income In The Past 12 Months (In 2023 Inflation-Adjusted Dollars (Hispanic Or Latino ,Median household income in the past 12 months (in 2023 inflation-adjusted dollars),54643,9211,267.7245833333333,81567.66639450057
B19013I_001,2013,"Blacksburg-Christiansburg-Radford, VA Metro Area",13980,Median Household Income In The Past 12 Months (In 2023 Inflation-Adjusted Dollars (Hispanic Or Latino ,Median household income in the past 12 months (in 2023 inflation-adjusted dollars),35196,9908,267.7245833333333,52538.39625241737
B19013I_001,2013,"Bluefield, WV-VA Micro Area",14140,Median Household Income In The Past 12 Months (In 2023 Inflation-Adjusted Dollars (Hispanic Or Latino ,Median household income in the past 12 months (in 2023 inflation-adjusted dollars),24327,36791,267.7245833333333,36313.83014071364
B19013I_001,2013,"Charlottesville, VA Metro Area",16820,Median Household Income In The Past 12 Months (In 2023 Inflation-Adjusted Dollars (Hispanic Or Latino ,Median household income in the past 12 months (in 2023 inflation-adjusted dollars),46724,8992,267.7245833333333,69746.67651147713
B19013I_001,2013,"Danville, VA Micro Area",19260,Median Household Income In The Past 12 Months (In 2023 Inflation-Adjusted Dollars (Hispanic Or Latino ,Median household income in the past 12 months (in 2023 inflation-adjusted dollars),33676,10820,267.7245833333333,50269.43494136854
B19013I_001,2013,"Harrisonburg, VA Metro Area",25500,Median Household Income In The Past 12 Months (In 2023 Inflation-Adjusted Dollars (Hispanic Or Latino ,Median household income in the past 12 months (in 2023 inflation-adjusted dollars),38688,7086,267.7245833333333,57751.03631701111
B19013I_001,2013,"Kingsport-Bristol-Bristol, TN-VA Metro Area",28700,Median Household Income In The Past 12 Months (In 2023 Inflation-Adjusted Dollars (Hispanic Or Latino ,Median household income in the past 12 months (in 2023 inflation-adjusted dollars),31100,2376,267.7245833333333,46424.14261422264
B19013I_001,2013,"Lynchburg, VA Metro Area",31340,Median Household Income In The Past 12 Months (In 2023 Inflation-Adjusted Dollars (Hispanic Or Latino ,Median household income in the past 12 months (in 2023 inflation-adjusted dollars),42582,9406,267.7245833333333,63563.75693886908
B19013I_001,2013,"Martinsville, VA Micro Area",32300,Median Household Income In The Past 12 Months (In 2023 Inflation-Adjusted Dollars (Hispanic Or Latino ,Median household income in the past 12 months (in 2023 inflation-adjusted dollars),27303,15608,267.7245833333333,40756.21754971449
B19013I_001,2013,"Richmond, VA Metro Area",40060,Median Household Income In The Past 12 Months (In 2023 Inflation-Adjusted Dollars (Hispanic Or Latino ,Median household income in the past 12 months (in 2023 inflation-adjusted dollars),44175,2515,267.7245833333333,65941.68810235643
B19013I_001,2013,"Roanoke, VA Metro Area",40220,Median Household Income In The Past 12 Months (In 2023 Inflation-Adjusted Dollars (Hispanic Or Latino ,Median household income in the past 12 months (in 2023 inflation-adjusted dollars),32543,7566,267.7245833333333,48578.16312201439
B19013I_001,2013,"Staunton-Waynesboro, VA Metro Area",44420,Median Household Income In The Past 12 Months (In 2023 Inflation-Adjusted Dollars (Hispanic Or Latino ,Median household income in the past 12 months (in 2023 inflation-adjusted dollars),45292,27300,267.7245833333333,67609.0761184364
B19013I_001,2013,"Virginia Beach-Norfolk-Newport News, VA-NC Metro Area",47260,Median Household Income In The Past 12 Months (In 2023 Inflation-Adjusted Dollars (Hispanic Or Latino ,Median household income in the past 12 months (in 2023 inflation-adjusted dollars),52553,2795,267.7245833333333,78447.84459180845
B19013I_001,2013,"Washington-Arlington-Alexandria, DC-VA-MD-WV Metro Area",47900,Median Household Income In The Past 12 Months (In 2023 Inflation-Adjusted Dollars (Hispanic Or Latino ,Median household income in the past 12 months (in 2023 inflation-adjusted dollars),65920,1020,267.7245833333333,98401.26948969635
B19013I_001,2013,"Winchester, VA-WV Metro Area",49020,Median Household Income In The Past 12 Months (In 2023 Inflation-Adjusted Dollars (Hispanic Or Latino ,Median household income in the past 12 months (in 2023 inflation-adjusted dollars),55245,14418,267.7245833333333,82466.29449269228
B19013I_001,2014,"Big Stone Gap, VA Micro Area",13720,Median Household Income In The Past 12 Months (In 2023 Inflation-Adjusted Dollars (Hispanic Or Latino ,Median household income in the past 12 months (in 2023 inflation-adjusted dollars),57823,7138,276.1619166666667,83677.478713448
B19013I_001,2014,"Blacksburg-Christiansburg-Radford, VA Metro Area",13980,Median Household Income In The Past 12 Months (In 2023 Inflation-Adjusted Dollars (Hispanic Or Latino ,Median household income in the past 12 months (in 2023 inflation-adjusted dollars),30500,13723,276.1619166666667,44137.50757933978
B19013I_001,2014,"Bluefield, WV-VA Micro Area",14140,Median Household Income In The Past 12 Months (In 2023 Inflation-Adjusted Dollars (Hispanic Or Latino ,Median household income in the past 12 months (in 2023 inflation-adjusted dollars),52656,49989,276.1619166666667,76200.15079008903
B19013I_001,2014,"Charlottesville, VA Metro Area",16820,Median Household Income In The Past 12 Months (In 2023 Inflation-Adjusted Dollars (Hispanic Or Latino ,Median household income in the past 12 months (in 2023 inflation-adjusted dollars),54583,10470,276.1619166666667,78988.77299026567
B19013I_001,2014,"Danville, VA Micro Area",19260,Median Household Income In The Past 12 Months (In 2023 Inflation-Adjusted Dollars (Hispanic Or Latino ,Median household income in the past 12 months (in 2023 inflation-adjusted dollars),32939,13893,276.1619166666667,47667.06105429092
B19013I_001,2014,"Harrisonburg, VA Metro Area",25500,Median Household Income In The Past 12 Months (In 2023 Inflation-Adjusted Dollars (Hispanic Or Latino ,Median household income in the past 12 months (in 2023 inflation-adjusted dollars),38194,6238,276.1619166666667,55271.736540501755
B19013I_001,2014,"Kingsport-Bristol-Bristol, TN-VA Metro Area",28700,Median Household Income In The Past 12 Months (In 2023 Inflation-Adjusted Dollars (Hispanic Or Latino ,Median household income in the past 12 months (in 2023 inflation-adjusted dollars),30404,5075,276.1619166666667,43998.58296531956
B19013I_001,2014,"Lynchburg, VA Metro Area",31340,Median Household Income In The Past 12 Months (In 2023 Inflation-Adjusted Dollars (Hispanic Or Latino ,Median household income in the past 12 months (in 2023 inflation-adjusted dollars),57750,16273,276.1619166666667,83571.8381215368
B19013I_001,2014,"Martinsville, VA Micro Area",32300,Median Household Income In The Past 12 Months (In 2023 Inflation-Adjusted Dollars (Hispanic Or Latino ,Median household income in the past 12 months (in 2023 inflation-adjusted dollars),35396,17273,276.1619166666667,51222.66289437084
B19013I_001,2014,"Richmond, VA Metro Area",40060,Median Household Income In The Past 12 Months (In 2023 Inflation-Adjusted Dollars (Hispanic Or Latino ,Median household income in the past 12 months (in 2023 inflation-adjusted dollars),45150,2297,276.1619166666667,65337.98253138331
B19013I_001,2014,"Roanoke, VA Metro Area",40220,Median Household Income In The Past 12 Months (In 2023 Inflation-Adjusted Dollars (Hispanic Or Latino ,Median household income in the past 12 months (in 2023 inflation-adjusted dollars),36016,9666,276.1619166666667,52119.884359918084
B19013I_001,2014,"Staunton-Waynesboro, VA Metro Area",44420,Median Household Income In The Past 12 Months (In 2023 Inflation-Adjusted Dollars (Hispanic Or Latino ,Median household income in the past 12 months (in 2023 inflation-adjusted dollars),47679,20640,276.1619166666667,68997.7778319784
B19013I_001,2014,"Virginia Beach-Norfolk-Newport News, VA-NC Metro Area",47260,Median Household Income In The Past 12 Months (In 2023 Inflation-Adjusted Dollars (Hispanic Or Latino ,Median household income in the past 12 months (in 2023 inflation-adjusted dollars),52027,1687,276.1619166666667,75289.9051419774
B19013I_001,2014,"Washington-Arlington-Alexandria, DC-VA-MD-WV Metro Area",47900,Median Household Income In The Past 12 Months (In 2023 Inflation-Adjusted Dollars (Hispanic Or Latino ,Median household income in the past 12 months (in 2023 inflation-adjusted dollars),66958,923,276.1619166666667,96897.02401630927
B19013I_001,2014,"Winchester, VA-WV Metro Area",49020,Median Household Income In The Past 12 Months (In 2023 Inflation-Adjusted Dollars (Hispanic Or Latino ,Median household income in the past 12 months (in 2023 inflation-adjusted dollars),44313,11043,276.1619166666667,64126.73355289454
B19013I_001,2015,"Big Stone Gap, VA Micro Area",13720,Median Household Income In The Past 12 Months (In 2023 Inflation-Adjusted Dollars (Hispanic Or Latino ,Median household income in the past 12 months (in 2023 inflation-adjusted dollars),38625,31828,286.0319166666667,53966.68606912456
B19013I_001,2015,"Blacksburg-Christiansburg-Radford, VA Metro Area",13980,Median Household Income In The Past 12 Months (In 2023 Inflation-Adjusted Dollars (Hispanic Or Latino ,Median household income in the past 12 months (in 2023 inflation-adjusted dollars),37720,8874,286.0319166666667,52702.22391009394
B19013I_001,2015,"Bluefield, WV-VA Micro Area",14140,Median Household Income In The Past 12 Months (In 2023 Inflation-Adjusted Dollars (Hispanic Or Latino ,Median household income in the past 12 months (in 2023 inflation-adjusted dollars),NA,NA,286.0319166666667,NA
B19013I_001,2015,"Charlottesville, VA Metro Area",16820,Median Household Income In The Past 12 Months (In 2023 Inflation-Adjusted Dollars (Hispanic Or Latino ,Median household income in the past 12 months (in 2023 inflation-adjusted dollars),49723,8026,286.0319166666667,69472.76456738073
B19013I_001,2015,"Danville, VA Micro Area",19260,Median Household Income In The Past 12 Months (In 2023 Inflation-Adjusted Dollars (Hispanic Or Latino ,Median household income in the past 12 months (in 2023 inflation-adjusted dollars),40227,12742,286.0319166666667,56204.99366997214
B19013I_001,2015,"Harrisonburg, VA Metro Area",25500,Median Household Income In The Past 12 Months (In 2023 Inflation-Adjusted Dollars (Hispanic Or Latino ,Median household income in the past 12 months (in 2023 inflation-adjusted dollars),36482,3049,286.0319166666667,50972.495564370285
B19013I_001,2015,"Kingsport-Bristol-Bristol, TN-VA Metro Area",28700,Median Household Income In The Past 12 Months (In 2023 Inflation-Adjusted Dollars (Hispanic Or Latino ,Median household income in the past 12 months (in 2023 inflation-adjusted dollars),24517,7534,286.0319166666667,34255.048345805226
B19013I_001,2015,"Lynchburg, VA Metro Area",31340,Median Household Income In The Past 12 Months (In 2023 Inflation-Adjusted Dollars (Hispanic Or Latino ,Median household income in the past 12 months (in 2023 inflation-adjusted dollars),58049,8779,286.0319166666667,81105.81643046244
B19013I_001,2015,"Martinsville, VA Micro Area",32300,Median Household Income In The Past 12 Months (In 2023 Inflation-Adjusted Dollars (Hispanic Or Latino ,Median household income in the past 12 months (in 2023 inflation-adjusted dollars),37308,8737,286.0319166666667,52126.57925868995
B19013I_001,2015,"Richmond, VA Metro Area",40060,Median Household Income In The Past 12 Months (In 2023 Inflation-Adjusted Dollars (Hispanic Or Latino ,Median household income in the past 12 months (in 2023 inflation-adjusted dollars),46565,2664,286.0319166666667,65060.42037045399
B19013I_001,2015,"Roanoke, VA Metro Area",40220,Median Household Income In The Past 12 Months (In 2023 Inflation-Adjusted Dollars (Hispanic Or Latino ,Median household income in the past 12 months (in 2023 inflation-adjusted dollars),34863,5418,286.0319166666667,48710.435635673515
B19013I_001,2015,"Staunton-Waynesboro, VA Metro Area",44420,Median Household Income In The Past 12 Months (In 2023 Inflation-Adjusted Dollars (Hispanic Or Latino ,Median household income in the past 12 months (in 2023 inflation-adjusted dollars),41641,21470,286.0319166666667,58180.628468722745
B19013I_001,2015,"Virginia Beach-Norfolk-Newport News, VA-NC Metro Area",47260,Median Household Income In The Past 12 Months (In 2023 Inflation-Adjusted Dollars (Hispanic Or Latino ,Median household income in the past 12 months (in 2023 inflation-adjusted dollars),50735,1577,286.0319166666667,70886.72667228569
B19013I_001,2015,"Washington-Arlington-Alexandria, DC-VA-MD-WV Metro Area",47900,Median Household Income In The Past 12 Months (In 2023 Inflation-Adjusted Dollars (Hispanic Or Latino ,Median household income in the past 12 months (in 2023 inflation-adjusted dollars),67340,1047,286.0319166666667,94087.16219792487
B19013I_001,2015,"Winchester, VA-WV Metro Area",49020,Median Household Income In The Past 12 Months (In 2023 Inflation-Adjusted Dollars (Hispanic Or Latino ,Median household income in the past 12 months (in 2023 inflation-adjusted dollars),37342,5840,286.0319166666667,52174.083914388335
B19013I_001,2016,"Big Stone Gap, VA Micro Area",13720,Median Household Income In The Past 12 Months (In 2023 Inflation-Adjusted Dollars (Hispanic Or Latino ,Median household income in the past 12 months (in 2023 inflation-adjusted dollars),57900,34921,296.8204166666667,77957.25658584245
B19013I_001,2016,"Blacksburg-Christiansburg-Radford, VA Metro Area",13980,Median Household Income In The Past 12 Months (In 2023 Inflation-Adjusted Dollars (Hispanic Or Latino ,Median household income in the past 12 months (in 2023 inflation-adjusted dollars),37500,10424,296.8204166666667,50490.45115663371
B19013I_001,2016,"Bluefield, WV-VA Micro Area",14140,Median Household Income In The Past 12 Months (In 2023 Inflation-Adjusted Dollars (Hispanic Or Latino ,Median household income in the past 12 months (in 2023 inflation-adjusted dollars),59107,38191,296.8204166666667,79582.37590707063
B19013I_001,2016,"Charlottesville, VA Metro Area",16820,Median Household Income In The Past 12 Months (In 2023 Inflation-Adjusted Dollars (Hispanic Or Latino ,Median household income in the past 12 months (in 2023 inflation-adjusted dollars),50640,5434,296.8204166666667,68182.30524191816
B19013I_001,2016,"Danville, VA Micro Area",19260,Median Household Income In The Past 12 Months (In 2023 Inflation-Adjusted Dollars (Hispanic Or Latino ,Median household income in the past 12 months (in 2023 inflation-adjusted dollars),37222,14753,296.8204166666667,50116.1486120592
B19013I_001,2016,"Harrisonburg, VA Metro Area",25500,Median Household Income In The Past 12 Months (In 2023 Inflation-Adjusted Dollars (Hispanic Or Latino ,Median household income in the past 12 months (in 2023 inflation-adjusted dollars),38992,5703,296.8204166666667,52499.29790665231
B19013I_001,2016,"Kingsport-Bristol-Bristol, TN-VA Metro Area",28700,Median Household Income In The Past 12 Months (In 2023 Inflation-Adjusted Dollars (Hispanic Or Latino ,Median household income in the past 12 months (in 2023 inflation-adjusted dollars),30390,7368,296.8204166666667,40917.46161733596
B19013I_001,2016,"Lynchburg, VA Metro Area",31340,Median Household Income In The Past 12 Months (In 2023 Inflation-Adjusted Dollars (Hispanic Or Latino ,Median household income in the past 12 months (in 2023 inflation-adjusted dollars),58068,6185,296.8204166666667,78183.45380702417
B19013I_001,2016,"Martinsville, VA Micro Area",32300,Median Household Income In The Past 12 Months (In 2023 Inflation-Adjusted Dollars (Hispanic Or Latino ,Median household income in the past 12 months (in 2023 inflation-adjusted dollars),36360,21175,296.8204166666667,48955.54144147204
B19013I_001,2016,"Richmond, VA Metro Area",40060,Median Household Income In The Past 12 Months (In 2023 Inflation-Adjusted Dollars (Hispanic Or Latino ,Median household income in the past 12 months (in 2023 inflation-adjusted dollars),49269,3239,296.8204166666667,66336.37434763163
B19013I_001,2016,"Roanoke, VA Metro Area",40220,Median Household Income In The Past 12 Months (In 2023 Inflation-Adjusted Dollars (Hispanic Or Latino ,Median household income in the past 12 months (in 2023 inflation-adjusted dollars),34039,5154,296.8204166666667,45830.519117884134
B19013I_001,2016,"Staunton-Waynesboro, VA Metro Area",44420,Median Household Income In The Past 12 Months (In 2023 Inflation-Adjusted Dollars (Hispanic Or Latino ,Median household income in the past 12 months (in 2023 inflation-adjusted dollars),45487,20891,296.8204166666667,61244.24404698127
B19013I_001,2016,"Virginia Beach-Norfolk-Newport News, VA-NC Metro Area",47260,Median Household Income In The Past 12 Months (In 2023 Inflation-Adjusted Dollars (Hispanic Or Latino ,Median household income in the past 12 months (in 2023 inflation-adjusted dollars),50686,1501,296.8204166666667,68244.24019533697
B19013I_001,2016,"Washington-Arlington-Alexandria, DC-VA-MD-WV Metro Area",47900,Median Household Income In The Past 12 Months (In 2023 Inflation-Adjusted Dollars (Hispanic Or Latino ,Median household income in the past 12 months (in 2023 inflation-adjusted dollars),68453,1094,296.8204166666667,92165.9427473346
B19013I_001,2016,"Winchester, VA-WV Metro Area",49020,Median Household Income In The Past 12 Months (In 2023 Inflation-Adjusted Dollars (Hispanic Or Latino ,Median household income in the past 12 months (in 2023 inflation-adjusted dollars),37555,6013,296.8204166666667,50564.50381833011
B19013I_001,2017,"Big Stone Gap, VA Micro Area",13720,Median Household Income In The Past 12 Months (In 2023 Inflation-Adjusted Dollars (Hispanic Or Latino ,Median household income in the past 12 months (in 2023 inflation-adjusted dollars),NA,NA,308.14258333333333,NA
B19013I_001,2017,"Blacksburg-Christiansburg-Radford, VA Metro Area",13980,Median Household Income In The Past 12 Months (In 2023 Inflation-Adjusted Dollars (Hispanic Or Latino ,Median household income in the past 12 months (in 2023 inflation-adjusted dollars),41707,13379,308.14258333333333,54091.495254420915
B19013I_001,2017,"Bluefield, WV-VA Micro Area",14140,Median Household Income In The Past 12 Months (In 2023 Inflation-Adjusted Dollars (Hispanic Or Latino ,Median household income in the past 12 months (in 2023 inflation-adjusted dollars),61771,35151,308.14258333333333,80113.30839813063
B19013I_001,2017,"Charlottesville, VA Metro Area",16820,Median Household Income In The Past 12 Months (In 2023 Inflation-Adjusted Dollars (Hispanic Or Latino ,Median household income in the past 12 months (in 2023 inflation-adjusted dollars),55387,7618,308.14258333333333,71833.64057967754
B19013I_001,2017,"Danville, VA Micro Area",19260,Median Household Income In The Past 12 Months (In 2023 Inflation-Adjusted Dollars (Hispanic Or Latino ,Median household income in the past 12 months (in 2023 inflation-adjusted dollars),45483,15157,308.14258333333333,58988.742385135025
B19013I_001,2017,"Harrisonburg, VA Metro Area",25500,Median Household Income In The Past 12 Months (In 2023 Inflation-Adjusted Dollars (Hispanic Or Latino ,Median household income in the past 12 months (in 2023 inflation-adjusted dollars),44366,3085,308.14258333333333,57540.05990499529
B19013I_001,2017,"Kingsport-Bristol-Bristol, TN-VA Metro Area",28700,Median Household Income In The Past 12 Months (In 2023 Inflation-Adjusted Dollars (Hispanic Or Latino ,Median household income in the past 12 months (in 2023 inflation-adjusted dollars),26759,7551,308.14258333333333,34704.829441413895
B19013I_001,2017,"Lynchburg, VA Metro Area",31340,Median Household Income In The Past 12 Months (In 2023 Inflation-Adjusted Dollars (Hispanic Or Latino ,Median household income in the past 12 months (in 2023 inflation-adjusted dollars),56923,15253,308.14258333333333,73825.74110742565
B19013I_001,2017,"Martinsville, VA Micro Area",32300,Median Household Income In The Past 12 Months (In 2023 Inflation-Adjusted Dollars (Hispanic Or Latino ,Median household income in the past 12 months (in 2023 inflation-adjusted dollars),32198,14443,308.14258333333333,41758.888536740706
B19013I_001,2017,"Richmond, VA Metro Area",40060,Median Household Income In The Past 12 Months (In 2023 Inflation-Adjusted Dollars (Hispanic Or Latino ,Median household income in the past 12 months (in 2023 inflation-adjusted dollars),50953,2066,308.14258333333333,66083.00663434216
B19013I_001,2017,"Roanoke, VA Metro Area",40220,Median Household Income In The Past 12 Months (In 2023 Inflation-Adjusted Dollars (Hispanic Or Latino ,Median household income in the past 12 months (in 2023 inflation-adjusted dollars),38261,4932,308.14258333333333,49622.238471465185
B19013I_001,2017,"Staunton-Waynesboro, VA Metro Area",44420,Median Household Income In The Past 12 Months (In 2023 Inflation-Adjusted Dollars (Hispanic Or Latino ,Median household income in the past 12 months (in 2023 inflation-adjusted dollars),45511,16270,308.14258333333333,59025.0567176721
B19013I_001,2017,"Virginia Beach-Norfolk-Newport News, VA-NC Metro Area",47260,Median Household Income In The Past 12 Months (In 2023 Inflation-Adjusted Dollars (Hispanic Or Latino ,Median household income in the past 12 months (in 2023 inflation-adjusted dollars),53191,1999,308.14258333333333,68985.55935641266
B19013I_001,2017,"Washington-Arlington-Alexandria, DC-VA-MD-WV Metro Area",47900,Median Household Income In The Past 12 Months (In 2023 Inflation-Adjusted Dollars (Hispanic Or Latino ,Median household income in the past 12 months (in 2023 inflation-adjusted dollars),71940,1088,308.14258333333333,93301.8958113276
B19013I_001,2017,"Winchester, VA-WV Metro Area",49020,Median Household Income In The Past 12 Months (In 2023 Inflation-Adjusted Dollars (Hispanic Or Latino ,Median household income in the past 12 months (in 2023 inflation-adjusted dollars),43942,6552,308.14258333333333,56990.15715514815
B19013I_001,2018,"Big Stone Gap, VA Micro Area",13720,Median Household Income In The Past 12 Months (In 2023 Inflation-Adjusted Dollars (Hispanic Or Latino ,Median household income in the past 12 months (in 2023 inflation-adjusted dollars),29671,26512,319.28875,37138.154699092906
B19013I_001,2018,"Blacksburg-Christiansburg-Radford, VA Metro Area",13980,Median Household Income In The Past 12 Months (In 2023 Inflation-Adjusted Dollars (Hispanic Or Latino ,Median household income in the past 12 months (in 2023 inflation-adjusted dollars),42220,10538,319.28875,52845.29983471074
B19013I_001,2018,"Bluefield, WV-VA Micro Area",14140,Median Household Income In The Past 12 Months (In 2023 Inflation-Adjusted Dollars (Hispanic Or Latino ,Median household income in the past 12 months (in 2023 inflation-adjusted dollars),NA,NA,319.28875,NA
B19013I_001,2018,"Charlottesville, VA Metro Area",16820,Median Household Income In The Past 12 Months (In 2023 Inflation-Adjusted Dollars (Hispanic Or Latino ,Median household income in the past 12 months (in 2023 inflation-adjusted dollars),62594,10405,319.28875,78346.72425044728
B19013I_001,2018,"Danville, VA Micro Area",19260,Median Household Income In The Past 12 Months (In 2023 Inflation-Adjusted Dollars (Hispanic Or Latino ,Median household income in the past 12 months (in 2023 inflation-adjusted dollars),34647,12247,319.28875,43366.440155689794
B19013I_001,2018,"Harrisonburg, VA Metro Area",25500,Median Household Income In The Past 12 Months (In 2023 Inflation-Adjusted Dollars (Hispanic Or Latino ,Median household income in the past 12 months (in 2023 inflation-adjusted dollars),44426,5256,319.28875,55606.4730093998
B19013I_001,2018,"Kingsport-Bristol-Bristol, TN-VA Metro Area",28700,Median Household Income In The Past 12 Months (In 2023 Inflation-Adjusted Dollars (Hispanic Or Latino ,Median household income in the past 12 months (in 2023 inflation-adjusted dollars),24439,5372,319.28875,30589.442981063377
B19013I_001,2018,"Lynchburg, VA Metro Area",31340,Median Household Income In The Past 12 Months (In 2023 Inflation-Adjusted Dollars (Hispanic Or Latino ,Median household income in the past 12 months (in 2023 inflation-adjusted dollars),51323,5159,319.28875,64239.207091825185
B19013I_001,2018,"Martinsville, VA Micro Area",32300,Median Household Income In The Past 12 Months (In 2023 Inflation-Adjusted Dollars (Hispanic Or Latino ,Median household income in the past 12 months (in 2023 inflation-adjusted dollars),32931,16054,319.28875,41218.58287202415
B19013I_001,2018,"Richmond, VA Metro Area",40060,Median Household Income In The Past 12 Months (In 2023 Inflation-Adjusted Dollars (Hispanic Or Latino ,Median household income in the past 12 months (in 2023 inflation-adjusted dollars),53345,3820,319.28875,66770.07389110954
B19013I_001,2018,"Roanoke, VA Metro Area",40220,Median Household Income In The Past 12 Months (In 2023 Inflation-Adjusted Dollars (Hispanic Or Latino ,Median household income in the past 12 months (in 2023 inflation-adjusted dollars),42574,6139,319.28875,53288.38927434806
B19013I_001,2018,"Staunton-Waynesboro, VA Metro Area",44420,Median Household Income In The Past 12 Months (In 2023 Inflation-Adjusted Dollars (Hispanic Or Latino ,Median household income in the past 12 months (in 2023 inflation-adjusted dollars),42339,15253,319.28875,52994.24797967357
B19013I_001,2018,"Virginia Beach-Norfolk-Newport News, VA-NC Metro Area",47260,Median Household Income In The Past 12 Months (In 2023 Inflation-Adjusted Dollars (Hispanic Or Latino ,Median household income in the past 12 months (in 2023 inflation-adjusted dollars),57060,2446,319.28875,71420.00967713394
B19013I_001,2018,"Washington-Arlington-Alexandria, DC-VA-MD-WV Metro Area",47900,Median Household Income In The Past 12 Months (In 2023 Inflation-Adjusted Dollars (Hispanic Or Latino ,Median household income in the past 12 months (in 2023 inflation-adjusted dollars),74795,1151,319.28875,93618.28993693013
B19013I_001,2018,"Winchester, VA-WV Metro Area",49020,Median Household Income In The Past 12 Months (In 2023 Inflation-Adjusted Dollars (Hispanic Or Latino ,Median household income in the past 12 months (in 2023 inflation-adjusted dollars),45063,7684,319.28875,56403.783667730226
B19013I_001,2019,"Big Stone Gap, VA Micro Area",13720,Median Household Income In The Past 12 Months (In 2023 Inflation-Adjusted Dollars (Hispanic Or Latino ,Median household income in the past 12 months (in 2023 inflation-adjusted dollars),35000,23429,331.12375,42242.48577759826
B19013I_001,2019,"Blacksburg-Christiansburg, VA Metro Area",13980,Median Household Income In The Past 12 Months (In 2023 Inflation-Adjusted Dollars (Hispanic Or Latino ,Median household income in the past 12 months (in 2023 inflation-adjusted dollars),56538,13573,331.12375,68237.30459696715
B19013I_001,2019,"Bluefield, WV-VA Micro Area",14140,Median Household Income In The Past 12 Months (In 2023 Inflation-Adjusted Dollars (Hispanic Or Latino ,Median household income in the past 12 months (in 2023 inflation-adjusted dollars),26569,8373,331.12375,32066.874417857376
B19013I_001,2019,"Charlottesville, VA Metro Area",16820,Median Household Income In The Past 12 Months (In 2023 Inflation-Adjusted Dollars (Hispanic Or Latino ,Median household income in the past 12 months (in 2023 inflation-adjusted dollars),57990,6513,331.12375,69989.76429265495
B19013I_001,2019,"Danville, VA Micro Area",19260,Median Household Income In The Past 12 Months (In 2023 Inflation-Adjusted Dollars (Hispanic Or Latino ,Median household income in the past 12 months (in 2023 inflation-adjusted dollars),49386,12508,331.12375,59605.35436035622
B19013I_001,2019,"Harrisonburg, VA Metro Area",25500,Median Household Income In The Past 12 Months (In 2023 Inflation-Adjusted Dollars (Hispanic Or Latino ,Median household income in the past 12 months (in 2023 inflation-adjusted dollars),46765,4441,331.12375,56441.99563969665
B19013I_001,2019,"Kingsport-Bristol, TN-VA Metro Area",28700,Median Household Income In The Past 12 Months (In 2023 Inflation-Adjusted Dollars (Hispanic Or Latino ,Median household income in the past 12 months (in 2023 inflation-adjusted dollars),30592,8302,331.12375,36922.34642595103
B19013I_001,2019,"Lynchburg, VA Metro Area",31340,Median Household Income In The Past 12 Months (In 2023 Inflation-Adjusted Dollars (Hispanic Or Latino ,Median household income in the past 12 months (in 2023 inflation-adjusted dollars),54133,10401,331.12375,65334.64235996362
B19013I_001,2019,"Martinsville, VA Micro Area",32300,Median Household Income In The Past 12 Months (In 2023 Inflation-Adjusted Dollars (Hispanic Or Latino ,Median household income in the past 12 months (in 2023 inflation-adjusted dollars),33696,18251,331.12375,40668.65145034146
B19013I_001,2019,"Richmond, VA Metro Area",40060,Median Household Income In The Past 12 Months (In 2023 Inflation-Adjusted Dollars (Hispanic Or Latino ,Median household income in the past 12 months (in 2023 inflation-adjusted dollars),54869,3510,331.12375,66222.94148945826
B19013I_001,2019,"Roanoke, VA Metro Area",40220,Median Household Income In The Past 12 Months (In 2023 Inflation-Adjusted Dollars (Hispanic Or Latino ,Median household income in the past 12 months (in 2023 inflation-adjusted dollars),40699,6343,331.12375,49120.769390356334
B19013I_001,2019,"Staunton, VA Metro Area",44420,Median Household Income In The Past 12 Months (In 2023 Inflation-Adjusted Dollars (Hispanic Or Latino ,Median household income in the past 12 months (in 2023 inflation-adjusted dollars),40523,7804,331.12375,48908.350033303264
B19013I_001,2019,"Virginia Beach-Norfolk-Newport News, VA-NC Metro Area",47260,Median Household Income In The Past 12 Months (In 2023 Inflation-Adjusted Dollars (Hispanic Or Latino ,Median household income in the past 12 months (in 2023 inflation-adjusted dollars),59402,2075,331.12375,71693.94686173977
B19013I_001,2019,"Washington-Arlington-Alexandria, DC-VA-MD-WV Metro Area",47900,Median Household Income In The Past 12 Months (In 2023 Inflation-Adjusted Dollars (Hispanic Or Latino ,Median household income in the past 12 months (in 2023 inflation-adjusted dollars),77673,1294,331.12375,93745.73136581114
B19013I_001,2019,"Winchester, VA-WV Metro Area",49020,Median Household Income In The Past 12 Months (In 2023 Inflation-Adjusted Dollars (Hispanic Or Latino ,Median household income in the past 12 months (in 2023 inflation-adjusted dollars),47448,6139,331.12375,57266.32757644235
B19013I_001,2020,"Big Stone Gap, VA Micro Area",13720,Median Household Income In The Past 12 Months (In 2023 Inflation-Adjusted Dollars (Hispanic Or Latino ,Median household income in the past 12 months (in 2023 inflation-adjusted dollars),65941,15151,341.46775,77175.16915661874
B19013I_001,2020,"Blacksburg-Christiansburg, VA Metro Area",13980,Median Household Income In The Past 12 Months (In 2023 Inflation-Adjusted Dollars (Hispanic Or Latino ,Median household income in the past 12 months (in 2023 inflation-adjusted dollars),37279,19320,341.46775,43630.11072003139
B19013I_001,2020,"Bluefield, WV-VA Micro Area",14140,Median Household Income In The Past 12 Months (In 2023 Inflation-Adjusted Dollars (Hispanic Or Latino ,Median household income in the past 12 months (in 2023 inflation-adjusted dollars),NA,NA,341.46775,NA
B19013I_001,2020,"Charlottesville, VA Metro Area",16820,Median Household Income In The Past 12 Months (In 2023 Inflation-Adjusted Dollars (Hispanic Or Latino ,Median household income in the past 12 months (in 2023 inflation-adjusted dollars),65397,6204,341.46775,76538.48951843914
B19013I_001,2020,"Danville, VA Micro Area",19260,Median Household Income In The Past 12 Months (In 2023 Inflation-Adjusted Dollars (Hispanic Or Latino ,Median household income in the past 12 months (in 2023 inflation-adjusted dollars),49855,12972,341.46775,58348.64588500671
B19013I_001,2020,"Harrisonburg, VA Metro Area",25500,Median Household Income In The Past 12 Months (In 2023 Inflation-Adjusted Dollars (Hispanic Or Latino ,Median household income in the past 12 months (in 2023 inflation-adjusted dollars),49285,3480,341.46775,57681.536705296465
B19013I_001,2020,"Kingsport-Bristol, TN-VA Metro Area",28700,Median Household Income In The Past 12 Months (In 2023 Inflation-Adjusted Dollars (Hispanic Or Latino ,Median household income in the past 12 months (in 2023 inflation-adjusted dollars),30625,12009,341.46775,35842.488822150844
B19013I_001,2020,"Lynchburg, VA Metro Area",31340,Median Household Income In The Past 12 Months (In 2023 Inflation-Adjusted Dollars (Hispanic Or Latino ,Median household income in the past 12 months (in 2023 inflation-adjusted dollars),61673,9552,341.46775,72180.0428776656
B19013I_001,2020,"Martinsville, VA Micro Area",32300,Median Household Income In The Past 12 Months (In 2023 Inflation-Adjusted Dollars (Hispanic Or Latino ,Median household income in the past 12 months (in 2023 inflation-adjusted dollars),39561,14046,341.46775,46300.88817283623
B19013I_001,2020,"Richmond, VA Metro Area",40060,Median Household Income In The Past 12 Months (In 2023 Inflation-Adjusted Dollars (Hispanic Or Latino ,Median household income in the past 12 months (in 2023 inflation-adjusted dollars),54815,4275,341.46775,64153.666115467706
B19013I_001,2020,"Roanoke, VA Metro Area",40220,Median Household Income In The Past 12 Months (In 2023 Inflation-Adjusted Dollars (Hispanic Or Latino ,Median household income in the past 12 months (in 2023 inflation-adjusted dollars),40878,10382,341.46775,47842.26148806146
B19013I_001,2020,"Staunton, VA Metro Area",44420,Median Household Income In The Past 12 Months (In 2023 Inflation-Adjusted Dollars (Hispanic Or Latino ,Median household income in the past 12 months (in 2023 inflation-adjusted dollars),45313,11659,341.46775,53032.83905299987
B19013I_001,2020,"Virginia Beach-Norfolk-Newport News, VA-NC Metro Area",47260,Median Household Income In The Past 12 Months (In 2023 Inflation-Adjusted Dollars (Hispanic Or Latino ,Median household income in the past 12 months (in 2023 inflation-adjusted dollars),62696,2107,341.46775,73377.32830019818
B19013I_001,2020,"Washington-Arlington-Alexandria, DC-VA-MD-WV Metro Area",47900,Median Household Income In The Past 12 Months (In 2023 Inflation-Adjusted Dollars (Hispanic Or Latino ,Median household income in the past 12 months (in 2023 inflation-adjusted dollars),80887,1070,341.46775,94667.47406881029
B19013I_001,2020,"Winchester, VA-WV Metro Area",49020,Median Household Income In The Past 12 Months (In 2023 Inflation-Adjusted Dollars (Hispanic Or Latino ,Median household income in the past 12 months (in 2023 inflation-adjusted dollars),47539,6529,341.46775,55638.07595481564
B19013I_001,2021,"Big Stone Gap, VA Micro Area",13720,Median Household Income In The Past 12 Months (In 2023 Inflation-Adjusted Dollars (Hispanic Or Latino ,Median household income in the past 12 months (in 2023 inflation-adjusted dollars),68447,10702,349.13466666666665,78348.95324037335
B19013I_001,2021,"Blacksburg-Christiansburg, VA Metro Area",13980,Median Household Income In The Past 12 Months (In 2023 Inflation-Adjusted Dollars (Hispanic Or Latino ,Median household income in the past 12 months (in 2023 inflation-adjusted dollars),37870,13550,349.13466666666665,43348.50116459361
B19013I_001,2021,"Bluefield, WV-VA Micro Area",14140,Median Household Income In The Past 12 Months (In 2023 Inflation-Adjusted Dollars (Hispanic Or Latino ,Median household income in the past 12 months (in 2023 inflation-adjusted dollars),NA,NA,349.13466666666665,NA
B19013I_001,2021,"Charlottesville, VA Metro Area",16820,Median Household Income In The Past 12 Months (In 2023 Inflation-Adjusted Dollars (Hispanic Or Latino ,Median household income in the past 12 months (in 2023 inflation-adjusted dollars),73298,12663,349.13466666666665,83901.72797365679
B19013I_001,2021,"Danville, VA Micro Area",19260,Median Household Income In The Past 12 Months (In 2023 Inflation-Adjusted Dollars (Hispanic Or Latino ,Median household income in the past 12 months (in 2023 inflation-adjusted dollars),52093,8858,349.13466666666665,59629.08558666953
B19013I_001,2021,"Harrisonburg, VA Metro Area",25500,Median Household Income In The Past 12 Months (In 2023 Inflation-Adjusted Dollars (Hispanic Or Latino ,Median household income in the past 12 months (in 2023 inflation-adjusted dollars),52259,3941,349.13466666666665,59819.10014154997
B19013I_001,2021,"Kingsport-Bristol, TN-VA Metro Area",28700,Median Household Income In The Past 12 Months (In 2023 Inflation-Adjusted Dollars (Hispanic Or Latino ,Median household income in the past 12 months (in 2023 inflation-adjusted dollars),37008,9374,349.13466666666665,42361.79907840719
B19013I_001,2021,"Lynchburg, VA Metro Area",31340,Median Household Income In The Past 12 Months (In 2023 Inflation-Adjusted Dollars (Hispanic Or Latino ,Median household income in the past 12 months (in 2023 inflation-adjusted dollars),57072,11195,349.13466666666665,65328.37756708969
B19013I_001,2021,"Martinsville, VA Micro Area",32300,Median Household Income In The Past 12 Months (In 2023 Inflation-Adjusted Dollars (Hispanic Or Latino ,Median household income in the past 12 months (in 2023 inflation-adjusted dollars),45632,8080,349.13466666666665,52233.3986042444
B19013I_001,2021,"Richmond, VA Metro Area",40060,Median Household Income In The Past 12 Months (In 2023 Inflation-Adjusted Dollars (Hispanic Or Latino ,Median household income in the past 12 months (in 2023 inflation-adjusted dollars),59229,3580,349.13466666666665,67797.42211454225
B19013I_001,2021,"Roanoke, VA Metro Area",40220,Median Household Income In The Past 12 Months (In 2023 Inflation-Adjusted Dollars (Hispanic Or Latino ,Median household income in the past 12 months (in 2023 inflation-adjusted dollars),43512,7547,349.13466666666665,49806.70669854231
B19013I_001,2021,"Staunton, VA Metro Area",44420,Median Household Income In The Past 12 Months (In 2023 Inflation-Adjusted Dollars (Hispanic Or Latino ,Median household income in the past 12 months (in 2023 inflation-adjusted dollars),46166,6525,349.13466666666665,52844.65024464295
B19013I_001,2021,"Virginia Beach-Norfolk-Newport News, VA-NC Metro Area",47260,Median Household Income In The Past 12 Months (In 2023 Inflation-Adjusted Dollars (Hispanic Or Latino ,Median household income in the past 12 months (in 2023 inflation-adjusted dollars),66296,2656,349.13466666666665,75886.77668888033
B19013I_001,2021,"Washington-Arlington-Alexandria, DC-VA-MD-WV Metro Area",47900,Median Household Income In The Past 12 Months (In 2023 Inflation-Adjusted Dollars (Hispanic Or Latino ,Median household income in the past 12 months (in 2023 inflation-adjusted dollars),86961,1495,349.13466666666665,99541.2994395095
B19013I_001,2021,"Winchester, VA-WV Metro Area",49020,Median Household Income In The Past 12 Months (In 2023 Inflation-Adjusted Dollars (Hispanic Or Latino ,Median household income in the past 12 months (in 2023 inflation-adjusted dollars),52306,7126,349.13466666666665,59872.89944323299
B19013I_001,2022,"Big Stone Gap, VA Micro Area",13720,Median Household Income In The Past 12 Months (In 2023 Inflation-Adjusted Dollars (Hispanic Or Latino ,Median household income in the past 12 months (in 2023 inflation-adjusted dollars),73662,757,370.199,79520.66787851938
B19013I_001,2022,"Blacksburg-Christiansburg, VA Metro Area",13980,Median Household Income In The Past 12 Months (In 2023 Inflation-Adjusted Dollars (Hispanic Or Latino ,Median household income in the past 12 months (in 2023 inflation-adjusted dollars),43155,18156,370.199,46587.30990602352
B19013I_001,2022,"Bluefield, WV-VA Micro Area",14140,Median Household Income In The Past 12 Months (In 2023 Inflation-Adjusted Dollars (Hispanic Or Latino ,Median household income in the past 12 months (in 2023 inflation-adjusted dollars),NA,NA,370.199,NA
B19013I_001,2022,"Charlottesville, VA Metro Area",16820,Median Household Income In The Past 12 Months (In 2023 Inflation-Adjusted Dollars (Hispanic Or Latino ,Median household income in the past 12 months (in 2023 inflation-adjusted dollars),84148,16469,370.199,90840.66629526281
B19013I_001,2022,"Danville, VA Micro Area",19260,Median Household Income In The Past 12 Months (In 2023 Inflation-Adjusted Dollars (Hispanic Or Latino ,Median household income in the past 12 months (in 2023 inflation-adjusted dollars),52879,15695,370.199,57084.7030592195
B19013I_001,2022,"Harrisonburg, VA Metro Area",25500,Median Household Income In The Past 12 Months (In 2023 Inflation-Adjusted Dollars (Hispanic Or Latino ,Median household income in the past 12 months (in 2023 inflation-adjusted dollars),57732,6294,370.199,62323.68382561811
B19013I_001,2022,"Kingsport-Bristol, TN-VA Metro Area",28700,Median Household Income In The Past 12 Months (In 2023 Inflation-Adjusted Dollars (Hispanic Or Latino ,Median household income in the past 12 months (in 2023 inflation-adjusted dollars),58007,16727,370.199,62620.555803932475
B19013I_001,2022,"Lynchburg, VA Metro Area",31340,Median Household Income In The Past 12 Months (In 2023 Inflation-Adjusted Dollars (Hispanic Or Latino ,Median household income in the past 12 months (in 2023 inflation-adjusted dollars),63401,12060,370.199,68443.56471676045
B19013I_001,2022,"Martinsville, VA Micro Area",32300,Median Household Income In The Past 12 Months (In 2023 Inflation-Adjusted Dollars (Hispanic Or Latino ,Median household income in the past 12 months (in 2023 inflation-adjusted dollars),56723,11887,370.199,61234.433548821034
B19013I_001,2022,"Richmond, VA Metro Area",40060,Median Household Income In The Past 12 Months (In 2023 Inflation-Adjusted Dollars (Hispanic Or Latino ,Median household income in the past 12 months (in 2023 inflation-adjusted dollars),66119,3259,370.199,71377.73939697297
B19013I_001,2022,"Roanoke, VA Metro Area",40220,Median Household Income In The Past 12 Months (In 2023 Inflation-Adjusted Dollars (Hispanic Or Latino ,Median household income in the past 12 months (in 2023 inflation-adjusted dollars),51143,5759,370.199,55210.6312252059
B19013I_001,2022,"Staunton, VA Metro Area",44420,Median Household Income In The Past 12 Months (In 2023 Inflation-Adjusted Dollars (Hispanic Or Latino ,Median household income in the past 12 months (in 2023 inflation-adjusted dollars),49515,8261,370.199,53453.149113584856
B19013I_001,2022,"Virginia Beach-Norfolk-Newport News, VA-NC Metro Area",47260,Median Household Income In The Past 12 Months (In 2023 Inflation-Adjusted Dollars (Hispanic Or Latino ,Median household income in the past 12 months (in 2023 inflation-adjusted dollars),69433,2125,370.199,74955.31661927774
B19013I_001,2022,"Washington-Arlington-Alexandria, DC-VA-MD-WV Metro Area",47900,Median Household Income In The Past 12 Months (In 2023 Inflation-Adjusted Dollars (Hispanic Or Latino ,Median household income in the past 12 months (in 2023 inflation-adjusted dollars),94458,1611,370.199,101970.66664588505
B19013I_001,2022,"Winchester, VA-WV Metro Area",49020,Median Household Income In The Past 12 Months (In 2023 Inflation-Adjusted Dollars (Hispanic Or Latino ,Median household income in the past 12 months (in 2023 inflation-adjusted dollars),58877,4466,370.199,63559.75078987247
B19013I_001,2023,"Blacksburg-Christiansburg-Radford, VA Metro Area",13980,Median Household Income In The Past 12 Months (In 2023 Inflation-Adjusted Dollars (Hispanic Or Latino ,Median household income in the past 12 months (in 2023 inflation-adjusted dollars),44063,28650,399.64258333333333,44062.999632479936
B19013I_001,2023,"Bluefield, WV-VA Micro Area",14140,Median Household Income In The Past 12 Months (In 2023 Inflation-Adjusted Dollars (Hispanic Or Latino ,Median household income in the past 12 months (in 2023 inflation-adjusted dollars),NA,NA,399.64258333333333,NA
B19013I_001,2023,"Charlottesville, VA Metro Area",16820,Median Household Income In The Past 12 Months (In 2023 Inflation-Adjusted Dollars (Hispanic Or Latino ,Median household income in the past 12 months (in 2023 inflation-adjusted dollars),87945,26841,399.64258333333333,87944.99926646956
B19013I_001,2023,"Danville, VA Micro Area",19260,Median Household Income In The Past 12 Months (In 2023 Inflation-Adjusted Dollars (Hispanic Or Latino ,Median household income in the past 12 months (in 2023 inflation-adjusted dollars),56154,11295,399.64258333333333,56153.999531631496
B19013I_001,2023,"Harrisonburg, VA Metro Area",25500,Median Household Income In The Past 12 Months (In 2023 Inflation-Adjusted Dollars (Hispanic Or Latino ,Median household income in the past 12 months (in 2023 inflation-adjusted dollars),63379,7131,399.64258333333333,63378.999471369316
B19013I_001,2023,"Kingsport-Bristol, TN-VA Metro Area",28700,Median Household Income In The Past 12 Months (In 2023 Inflation-Adjusted Dollars (Hispanic Or Latino ,Median household income in the past 12 months (in 2023 inflation-adjusted dollars),58084,5829,399.64258333333333,58083.999515533775
B19013I_001,2023,"Lake of the Woods, VA Micro Area",29470,Median Household Income In The Past 12 Months (In 2023 Inflation-Adjusted Dollars (Hispanic Or Latino ,Median household income in the past 12 months (in 2023 inflation-adjusted dollars),111063,68971,399.64258333333333,111062.99907364727
B19013I_001,2023,"Lynchburg, VA Metro Area",31340,Median Household Income In The Past 12 Months (In 2023 Inflation-Adjusted Dollars (Hispanic Or Latino ,Median household income in the past 12 months (in 2023 inflation-adjusted dollars),71232,13668,399.64258333333333,71231.99940586912
B19013I_001,2023,"Martinsville, VA Micro Area",32300,Median Household Income In The Past 12 Months (In 2023 Inflation-Adjusted Dollars (Hispanic Or Latino ,Median household income in the past 12 months (in 2023 inflation-adjusted dollars),57845,10085,399.64258333333333,57844.99951752723
B19013I_001,2023,"Richmond, VA Metro Area",40060,Median Household Income In The Past 12 Months (In 2023 Inflation-Adjusted Dollars (Hispanic Or Latino ,Median household income in the past 12 months (in 2023 inflation-adjusted dollars),69951,3984,399.64258333333333,69950.99941655366
B19013I_001,2023,"Roanoke, VA Metro Area",40220,Median Household Income In The Past 12 Months (In 2023 Inflation-Adjusted Dollars (Hispanic Or Latino ,Median household income in the past 12 months (in 2023 inflation-adjusted dollars),52689,7958,399.64258333333333,52688.99956053232
B19013I_001,2023,"Staunton-Stuarts Draft, VA Metro Area",44420,Median Household Income In The Past 12 Months (In 2023 Inflation-Adjusted Dollars (Hispanic Or Latino ,Median household income in the past 12 months (in 2023 inflation-adjusted dollars),55397,7332,399.64258333333333,55396.99953794547
B19013I_001,2023,"Virginia Beach-Chesapeake-Norfolk, VA-NC Metro Area",47260,Median Household Income In The Past 12 Months (In 2023 Inflation-Adjusted Dollars (Hispanic Or Latino ,Median household income in the past 12 months (in 2023 inflation-adjusted dollars),71373,1845,399.64258333333333,71372.99940469307
B19013I_001,2023,"Washington-Arlington-Alexandria, DC-VA-MD-WV Metro Area",47900,Median Household Income In The Past 12 Months (In 2023 Inflation-Adjusted Dollars (Hispanic Or Latino ,Median household income in the past 12 months (in 2023 inflation-adjusted dollars),99110,1831,399.64258333333333,99109.99917334468
B19013I_001,2023,"Winchester, VA-WV Metro Area",49020,Median Household Income In The Past 12 Months (In 2023 Inflation-Adjusted Dollars (Hispanic Or Latino ,Median household income in the past 12 months (in 2023 inflation-adjusted dollars),65286,6994,399.64258333333333,65285.99945546343
