variable,year,state,fips,tenure,estimate,moe,index,adjusted
B25119_001,2010,Alabama,01,All,42081,183,249.38541666666666,67435.21587494592
B25119_002,2010,Alabama,01,Owner occupied (dollars),52338,273,249.38541666666666,83872.15913269455
B25119_003,2010,Alabama,01,Renter occupied (dollars),23358,284,249.38541666666666,37431.42445300698
B25119_001,2010,Alaska,02,All,66521,642,249.38541666666666,106600.55595678043
B25119_002,2010,Alaska,02,Owner occupied (dollars),82387,936,249.38541666666666,132025.97681350654
B25119_003,2010,Alaska,02,Renter occupied (dollars),43761,863,249.38541666666666,70127.43237811621
B25119_001,2010,Arizona,04,All,50448,217,249.38541666666666,80843.41556662797
B25119_002,2010,Arizona,04,Owner occupied (dollars),61687,295,249.38541666666666,98854.02347087258
B25119_003,2010,Arizona,04,Renter occupied (dollars),32792,328,249.38541666666666,52549.50212616683
B25119_001,2010,Arkansas,05,All,39267,283,249.38541666666666,62925.75323213568
B25119_002,2010,Arkansas,05,Owner occupied (dollars),49224,355,249.38541666666666,78881.94354288961
B25119_003,2010,Arkansas,05,Renter occupied (dollars),23685,355,249.38541666666666,37955.4451652312
B25119_001,2010,California,06,All,60883,150,249.38541666666666,97565.6055729268
B25119_002,2010,California,06,Owner occupied (dollars),81243,173,249.38541666666666,130192.70557563344
B25119_003,2010,California,06,Renter occupied (dollars),40492,145,249.38541666666666,64888.827765697344
B25119_001,2010,Colorado,08,All,56456,309,249.38541666666666,90471.29458510841
B25119_002,2010,Colorado,08,Owner occupied (dollars),72151,372,249.38541666666666,115622.68626204754
B25119_003,2010,Colorado,08,Renter occupied (dollars),32321,269,249.38541666666666,51794.71999938516
B25119_001,2010,Connecticut,09,All,67740,381,249.38541666666666,108554.01543140221
B25119_002,2010,Connecticut,09,Owner occupied (dollars),86268,414,249.38541666666666,138245.31743779458
B25119_003,2010,Connecticut,09,Renter occupied (dollars),35157,529,249.38541666666666,56339.437858308345
B25119_001,2010,Delaware,10,All,57599,651,249.38541666666666,92302.9633131582
B25119_002,2010,Delaware,10,Owner occupied (dollars),68370,786,249.38541666666666,109563.59662009108
B25119_003,2010,Delaware,10,Renter occupied (dollars),34130,1049,249.38541666666666,54693.660269763175
B25119_001,2010,District of Columbia,11,All,58526,982,249.38541666666666,93788.4899193718
B25119_002,2010,District of Columbia,11,Owner occupied (dollars),97887,1668,249.38541666666666,156864.87907489916
B25119_003,2010,District of Columbia,11,Renter occupied (dollars),40030,860,249.38541666666666,64148.46822732552
B25119_001,2010,Florida,12,All,47661,173,249.38541666666666,76377.22068904724
B25119_002,2010,Florida,12,Owner occupied (dollars),56800,204,249.38541666666666,91022.55796432898
B25119_003,2010,Florida,12,Renter occupied (dollars),31977,170,249.38541666666666,51243.45662016458
B25119_001,2010,Georgia,13,All,49347,240,249.38541666666666,79079.05225115744
B25119_002,2010,Georgia,13,Owner occupied (dollars),62430,253,249.38541666666666,100044.6882695961
B25119_003,2010,Georgia,13,Renter occupied (dollars),29471,258,249.38541666666666,47227.56700293555
B25119_001,2010,Hawaii,15,All,66420,603,249.38541666666666,106438.70246462554
B25119_002,2010,Hawaii,15,Owner occupied (dollars),83058,1001,249.38541666666666,133101.26090495134
B25119_003,2010,Hawaii,15,Renter occupied (dollars),46425,967,249.38541666666666,74396.5185474291
B25119_001,2010,Idaho,16,All,46423,367,249.38541666666666,74393.31352778248
B25119_002,2010,Idaho,16,Owner occupied (dollars),55450,470,249.38541666666666,88859.16970285286
B25119_003,2010,Idaho,16,Renter occupied (dollars),28542,472,249.38541666666666,45738.83537707532
B25119_001,2010,Illinois,17,All,55735,210,249.38541666666666,89315.88500249782
B25119_002,2010,Illinois,17,Owner occupied (dollars),69816,232,249.38541666666666,111880.8258246055
B25119_003,2010,Illinois,17,Renter occupied (dollars),30882,183,249.38541666666666,49488.70836363394
B25119_001,2010,Indiana,18,All,47697,197,249.38541666666666,76434.91104268661
B25119_002,2010,Indiana,18,Owner occupied (dollars),58778,227,249.38541666666666,94192.32239484735
B25119_003,2010,Indiana,18,Renter occupied (dollars),26333,227,249.38541666666666,42198.89117737104
B25119_001,2010,Iowa,19,All,48872,269,249.38541666666666,78317.8600850825
B25119_002,2010,Iowa,19,Owner occupied (dollars),59178,308,249.38541666666666,94833.3263241736
B25119_003,2010,Iowa,19,Renter occupied (dollars),26729,306,249.38541666666666,42833.48506740404
B25119_001,2010,Kansas,20,All,49424,307,249.38541666666666,79202.44550755274
B25119_002,2010,Kansas,20,Owner occupied (dollars),61690,383,249.38541666666666,98858.83100034251
B25119_003,2010,Kansas,20,Renter occupied (dollars),29029,338,249.38541666666666,46519.25766103004
B25119_001,2010,Kentucky,21,All,41576,210,249.38541666666666,66625.94841417151
B25119_002,2010,Kentucky,21,Owner occupied (dollars),52134,279,249.38541666666666,83545.24712873816
B25119_003,2010,Kentucky,21,Renter occupied (dollars),23576,353,249.38541666666666,37780.771594489794
B25119_001,2010,Louisiana,22,All,43445,264,249.38541666666666,69621.03927394847
B25119_002,2010,Louisiana,22,Owner occupied (dollars),54596,348,249.38541666666666,87490.62631374129
B25119_003,2010,Louisiana,22,Renter occupied (dollars),25592,292,249.38541666666666,41011.431398294146
B25119_001,2010,Maine,23,All,46933,457,249.38541666666666,75210.59353767346
B25119_002,2010,Maine,23,Owner occupied (dollars),56604,477,249.38541666666666,90708.46603895912
B25119_003,2010,Maine,23,Renter occupied (dollars),25371,505,249.38541666666666,40657.276727341385
B25119_001,2010,Maryland,24,All,70647,262,249.38541666666666,113212.51148778081
B25119_002,2010,Maryland,24,Owner occupied (dollars),87834,442,249.38541666666666,140754.8478211069
B25119_003,2010,Maryland,24,Renter occupied (dollars),41904,406,249.38541666666666,67151.57163621904
B25119_001,2010,Massachusetts,25,All,64509,344,249.38541666666666,103376.30619226935
B25119_002,2010,Massachusetts,25,Owner occupied (dollars),84924,401,249.38541666666666,136091.54423525836
B25119_003,2010,Massachusetts,25,Renter occupied (dollars),34772,372,249.38541666666666,55722.47157633182
B25119_001,2010,Michigan,26,All,48432,168,249.38541666666666,77612.75576282362
B25119_002,2010,Michigan,26,Owner occupied (dollars),58850,214,249.38541666666666,94307.70310212608
B25119_003,2010,Michigan,26,Renter occupied (dollars),25003,207,249.38541666666666,40067.55311236122
B25119_001,2010,Minnesota,27,All,57243,187,249.38541666666666,91732.46981605783
B25119_002,2010,Minnesota,27,Owner occupied (dollars),69542,265,249.38541666666666,111441.73813301702
B25119_003,2010,Minnesota,27,Renter occupied (dollars),29190,326,249.38541666666666,46777.261742583854
B25119_001,2010,Mississippi,28,All,37881,333,249.38541666666666,60704.67461702018
B25119_002,2010,Mississippi,28,Owner occupied (dollars),46933,400,249.38541666666666,75210.59353767346
B25119_003,2010,Mississippi,28,Renter occupied (dollars),22196,379,249.38541666666666,35569.30803831419
B25119_001,2010,Missouri,29,All,46262,177,249.38541666666666,74135.30944622865
B25119_002,2010,Missouri,29,Owner occupied (dollars),57485,272,249.38541666666666,92120.27719330021
B25119_003,2010,Missouri,29,Renter occupied (dollars),26361,248,249.38541666666666,42243.76145242388
B25119_001,2010,Montana,30,All,43872,408,249.38541666666666,70305.31096850424
B25119_002,2010,Montana,30,Owner occupied (dollars),54043,536,249.38541666666666,86604.43838144773
B25119_003,2010,Montana,30,Renter occupied (dollars),26958,529,249.38541666666666,43200.45981694332
B25119_001,2010,Nebraska,31,All,49342,293,249.38541666666666,79071.03970204086
B25119_002,2010,Nebraska,31,Owner occupied (dollars),61448,354,249.38541666666666,98471.02362310013
B25119_003,2010,Nebraska,31,Renter occupied (dollars),28662,322,249.38541666666666,45931.13655587319
B25119_001,2010,Nevada,32,All,55726,395,249.38541666666666,89301.46241408798
B25119_002,2010,Nevada,32,Owner occupied (dollars),69608,563,249.38541666666666,111547.50378135584
B25119_003,2010,Nevada,32,Renter occupied (dollars),39088,584,249.38541666666666,62638.90397376217
B25119_001,2010,New Hampshire,33,All,63277,539,249.38541666666666,101402.01408994445
B25119_002,2010,New Hampshire,33,Owner occupied (dollars),76257,562,249.38541666666666,122202.59159658161
B25119_003,2010,New Hampshire,33,Renter occupied (dollars),35965,824,249.38541666666666,57634.26579554739
B25119_001,2010,New Jersey,34,All,69811,309,249.38541666666666,111872.81327548892
B25119_002,2010,New Jersey,34,Owner occupied (dollars),89398,381,249.38541666666666,143261.17318477258
B25119_003,2010,New Jersey,34,Renter occupied (dollars),40045,281,249.38541666666666,64172.505874675255
B25119_001,2010,New Mexico,35,All,43820,386,249.38541666666666,70221.98045769184
B25119_002,2010,New Mexico,35,Owner occupied (dollars),53366,532,249.38541666666666,85519.53923106304
B25119_003,2010,New Mexico,35,Renter occupied (dollars),27337,521,249.38541666666666,43807.811039979955
B25119_001,2010,New York,36,All,55603,178,249.38541666666666,89104.35370582015
B25119_002,2010,New York,36,Owner occupied (dollars),76158,245,249.38541666666666,122043.94312407337
B25119_003,2010,New York,36,Renter occupied (dollars),35602,164,249.38541666666666,57052.55472968381
B25119_001,2010,North Carolina,37,All,45570,206,249.38541666666666,73026.37264849423
B25119_002,2010,North Carolina,37,Owner occupied (dollars),56984,220,249.38541666666666,91317.41977181907
B25119_003,2010,North Carolina,37,Renter occupied (dollars),27643,236,249.38541666666666,44298.17904591455
B25119_001,2010,North Dakota,38,All,46781,452,249.38541666666666,74967.01204452947
B25119_002,2010,North Dakota,38,Owner occupied (dollars),60508,618,249.38541666666666,96964.66438918342
B25119_003,2010,North Dakota,38,Renter occupied (dollars),26734,539,249.38541666666666,42841.49761652062
B25119_001,2010,Ohio,39,All,47358,162,249.38541666666666,75891.6602125826
B25119_002,2010,Ohio,39,Owner occupied (dollars),60166,202,249.38541666666666,96416.60602960947
B25119_003,2010,Ohio,39,Renter occupied (dollars),25590,184,249.38541666666666,41008.226378647516
B25119_001,2010,Oklahoma,40,All,42979,265,249.38541666666666,68874.26969628337
B25119_002,2010,Oklahoma,40,Owner occupied (dollars),53881,320,249.38541666666666,86344.8317900706
B25119_003,2010,Oklahoma,40,Renter occupied (dollars),26162,258,249.38541666666666,41924.86199758406
B25119_001,2010,Oregon,41,All,49260,306,249.38541666666666,78939.63389652898
B25119_002,2010,Oregon,41,Owner occupied (dollars),63443,375,249.38541666666666,101668.03072061486
B25119_003,2010,Oregon,41,Renter occupied (dollars),30535,296,249.38541666666666,48932.63745494341
B25119_001,2010,Pennsylvania,42,All,50398,158,249.38541666666666,80763.29007546218
B25119_002,2010,Pennsylvania,42,Owner occupied (dollars),61948,184,249.38541666666666,99272.27853475796
B25119_003,2010,Pennsylvania,42,Renter occupied (dollars),28051,213,249.38541666666666,44952.00305382733
B25119_001,2010,Rhode Island,44,All,54902,645,249.38541666666666,87980.99431967588
B25119_002,2010,Rhode Island,44,Owner occupied (dollars),75553,782,249.38541666666666,121074.4246809674
B25119_003,2010,Rhode Island,44,Renter occupied (dollars),29864,829,249.38541666666666,47857.35336349861
B25119_001,2010,South Carolina,45,All,43939,271,249.38541666666666,70412.6791266664
B25119_002,2010,South Carolina,45,Owner occupied (dollars),53977,339,249.38541666666666,86498.6727331089
B25119_003,2010,South Carolina,45,Renter occupied (dollars),26769,335,249.38541666666666,42897.58546033667
B25119_001,2010,South Dakota,46,All,46369,395,249.38541666666666,74306.77799732343
B25119_002,2010,South Dakota,46,Owner occupied (dollars),57862,544,249.38541666666666,92724.42339669021
B25119_003,2010,South Dakota,46,Renter occupied (dollars),26152,502,249.38541666666666,41908.83689935091
B25119_001,2010,Tennessee,47,All,43314,190,249.38541666666666,69411.11048709412
B25119_002,2010,Tennessee,47,Owner occupied (dollars),53757,260,249.38541666666666,86146.12057197947
B25119_003,2010,Tennessee,47,Renter occupied (dollars),25401,271,249.38541666666666,40705.352022040854
B25119_001,2010,Texas,48,All,49646,145,249.38541666666666,79558.20268832882
B25119_002,2010,Texas,48,Owner occupied (dollars),63684,198,249.38541666666666,102054.23558803393
B25119_003,2010,Texas,48,Renter occupied (dollars),31041,155,249.38541666666666,49743.50742554113
B25119_001,2010,Utah,49,All,56330,330,249.38541666666666,90269.37834737063
B25119_002,2010,Utah,49,Owner occupied (dollars),67517,403,249.38541666666666,108196.65574080282
B25119_003,2010,Utah,49,Renter occupied (dollars),33742,516,249.38541666666666,54071.8864583167
B25119_001,2010,Vermont,50,All,51841,447,249.38541666666666,83075.71175050667
B25119_002,2010,Vermont,50,Owner occupied (dollars),62865,709,249.38541666666666,100741.7800427384
B25119_003,2010,Vermont,50,Renter occupied (dollars),29580,877,249.38541666666666,47402.240573676965
B25119_001,2010,Virginia,51,All,61406,235,249.38541666666666,98403.71821052088
B25119_002,2010,Virginia,51,Owner occupied (dollars),75331,279,249.38541666666666,120718.66750019132
B25119_003,2010,Virginia,51,Renter occupied (dollars),38683,318,249.38541666666666,61989.88749531934
B25119_001,2010,Washington,53,All,57244,261,249.38541666666666,91734.07232588113
B25119_002,2010,Washington,53,Owner occupied (dollars),72909,338,249.38541666666666,116837.38870812081
B25119_003,2010,Washington,53,Renter occupied (dollars),35132,273,249.38541666666666,56299.37511272546
B25119_001,2010,West Virginia,54,All,38380,329,249.38541666666666,61504.32701885469
B25119_002,2010,West Virginia,54,Owner occupied (dollars),45853,409,249.38541666666666,73479.88292849256
B25119_003,2010,West Virginia,54,Renter occupied (dollars),20506,386,249.38541666666666,32861.06643691074
B25119_001,2010,Wisconsin,55,All,51598,143,249.38541666666666,82686.30186344097
B25119_002,2010,Wisconsin,55,Owner occupied (dollars),64487,208,249.38541666666666,103341.0509761564
B25119_003,2010,Wisconsin,55,Renter occupied (dollars),28643,300,249.38541666666666,45900.688869230195
B25119_001,2010,Wyoming,56,All,53802,688,249.38541666666666,86218.23351402866
B25119_002,2010,Wyoming,56,Owner occupied (dollars),64489,751,249.38541666666666,103344.25599580303
B25119_003,2010,Wyoming,56,Renter occupied (dollars),33550,1040,249.38541666666666,53764.204572240094
B25119_001,2010,Puerto Rico,72,All,18791,158,249.38541666666666,30112.762089924403
B25119_002,2010,Puerto Rico,72,Owner occupied (dollars),22806,214,249.38541666666666,36546.83903053674
B25119_003,2010,Puerto Rico,72,Renter occupied (dollars),10604,165,249.38541666666666,16993.014166439167
B25119_001,2011,Alabama,01,All,42934,243,253.63816666666668,67648.55130130914
B25119_002,2011,Alabama,01,Owner occupied (dollars),53658,293,253.63816666666668,84545.72054142745
B25119_003,2011,Alabama,01,Renter occupied (dollars),23977,365,253.63816666666668,37779.13342692247
B25119_001,2011,Alaska,02,All,69014,793,253.63816666666668,108741.25680133575
B25119_002,2011,Alaska,02,Owner occupied (dollars),85222,1128,253.63816666666668,134279.2388084075
B25119_003,2011,Alaska,02,Renter occupied (dollars),45578,996,253.63816666666668,71814.54491105111
B25119_001,2011,Arizona,04,All,50752,212,253.63816666666668,79966.90910802725
B25119_002,2011,Arizona,04,Owner occupied (dollars),62338,300,253.63816666666668,98222.28050079213
B25119_003,2011,Arizona,04,Renter occupied (dollars),33325,296,253.63816666666668,52508.22127256084
B25119_001,2011,Arkansas,05,All,40149,265,253.63816666666668,63260.39237425492
B25119_002,2011,Arkansas,05,Owner occupied (dollars),50620,341,253.63816666666668,79758.9245556498
B25119_003,2011,Arkansas,05,Renter occupied (dollars),24138,369,253.63816666666668,38032.811555201006
B25119_001,2011,California,06,All,61632,169,253.63816666666668,97109.87827368252
B25119_002,2011,California,06,Owner occupied (dollars),82802,190,253.63816666666668,130466.18868148785
B25119_003,2011,California,06,Renter occupied (dollars),40955,151,253.63816666666668,64530.35865619593
B25119_001,2011,Colorado,08,All,57685,312,253.63816666666668,90890.82502948753
B25119_002,2011,Colorado,08,Owner occupied (dollars),73944,368,253.63816666666668,116509.1647045233
B25119_003,2011,Colorado,08,Renter occupied (dollars),33509,374,253.63816666666668,52798.139133450604
B25119_001,2011,Connecticut,09,All,69243,409,253.63816666666668,109102.07848689964
B25119_002,2011,Connecticut,09,Owner occupied (dollars),88727,450,253.63816666666668,139801.85893024775
B25119_003,2011,Connecticut,09,Renter occupied (dollars),35563,453,253.63816666666668,56034.50481968736
B25119_001,2011,Delaware,10,All,59317,623,253.63816666666668,93462.27040433582
B25119_002,2011,Delaware,10,Owner occupied (dollars),71076,766,253.63816666666668,111990.22761195902
B25119_003,2011,Delaware,10,Renter occupied (dollars),34836,996,253.63816666666668,54889.014141063155
B25119_001,2011,District of Columbia,11,All,61835,831,253.63816666666668,97429.73330499024
B25119_002,2011,District of Columbia,11,Owner occupied (dollars),102820,1426,253.63816666666668,162007.36117763558
B25119_003,2011,District of Columbia,11,Renter occupied (dollars),42100,847,253.63816666666668,66334.46708401536
B25119_001,2011,Florida,12,All,47827,164,253.63816666666668,75358.16050420908
B25119_002,2011,Florida,12,Owner occupied (dollars),57311,175,253.63816666666668,90301.53546441814
B25119_003,2011,Florida,12,Renter occupied (dollars),32143,156,253.63816666666668,50645.81414445381
B25119_001,2011,Georgia,13,All,49736,264,253.63816666666668,78366.05831094032
B25119_002,2011,Georgia,13,Owner occupied (dollars),63280,275,253.63816666666668,99706.53389730383
B25119_003,2011,Georgia,13,Renter occupied (dollars),29682,303,253.63816666666668,46768.162755053294
B25119_001,2011,Hawaii,15,All,67116,578,253.63816666666668,105750.69104063597
B25119_002,2011,Hawaii,15,Owner occupied (dollars),84566,901,253.63816666666668,133245.6186087136
B25119_003,2011,Hawaii,15,Renter occupied (dollars),46844,883,253.63816666666668,73809.30584521651
B25119_001,2011,Idaho,16,All,46890,381,253.63816666666668,73881.78531043895
B25119_002,2011,Idaho,16,Owner occupied (dollars),56339,507,253.63816666666668,88770.01285145702
B25119_003,2011,Idaho,16,Renter occupied (dollars),28566,479,253.63816666666668,45009.74790313497
B25119_001,2011,Illinois,17,All,56576,208,253.63816666666668,89143.43966140742
B25119_002,2011,Illinois,17,Owner occupied (dollars),71315,263,253.63816666666668,112366.80570300604
B25119_003,2011,Illinois,17,Renter occupied (dollars),31191,205,253.63816666666668,49145.80434245897
B25119_001,2011,Indiana,18,All,48393,212,253.63816666666668,76249.97305455475
B25119_002,2011,Indiana,18,Owner occupied (dollars),59811,245,253.63816666666668,94240.6368352029
B25119_003,2011,Indiana,18,Renter occupied (dollars),26864,249,253.63816666666668,42328.00768990471
B25119_001,2011,Iowa,19,All,50451,246,253.63816666666668,79492.64130298476
B25119_002,2011,Iowa,19,Owner occupied (dollars),61260,327,253.63816666666668,96523.73998970975
B25119_003,2011,Iowa,19,Renter occupied (dollars),27239,352,253.63816666666668,42918.87289552242
B25119_001,2011,Kansas,20,All,50594,272,253.63816666666668,79717.95790139365
B25119_002,2011,Kansas,20,Owner occupied (dollars),63518,337,253.63816666666668,100081.53634780254
B25119_003,2011,Kansas,20,Renter occupied (dollars),29730,419,253.63816666666668,46843.79350137236
B25119_001,2011,Kentucky,21,All,42248,227,253.63816666666668,66567.66188516581
B25119_002,2011,Kentucky,21,Owner occupied (dollars),53314,308,253.63816666666668,84003.70019280746
B25119_003,2011,Kentucky,21,Renter occupied (dollars),23905,299,253.63816666666668,37665.68730744387
B25119_001,2011,Louisiana,22,All,44086,263,253.63816666666668,69463.68921296677
B25119_002,2011,Louisiana,22,Owner occupied (dollars),56005,385,253.63816666666668,88243.74890832018
B25119_003,2011,Louisiana,22,Renter occupied (dollars),25811,272,253.63816666666668,40668.85819253017
B25119_001,2011,Maine,23,All,47898,418,253.63816666666668,75470.03098313937
B25119_002,2011,Maine,23,Owner occupied (dollars),58330,478,253.63816666666668,91907.11318315001
B25119_003,2011,Maine,23,Renter occupied (dollars),25801,452,253.63816666666668,40653.10178704703
B25119_001,2011,Maryland,24,All,72419,371,253.63816666666668,114106.3128683446
B25119_002,2011,Maryland,24,Owner occupied (dollars),90353,492,253.63816666666668,142363.85046180614
B25119_003,2011,Maryland,24,Renter occupied (dollars),42553,384,253.63816666666668,67048.23225240155
B25119_001,2011,Massachusetts,25,All,65981,328,253.63816666666668,103962.33901829968
B25119_002,2011,Massachusetts,25,Owner occupied (dollars),87425,390,253.63816666666668,137750.37493634303
B25119_003,2011,Massachusetts,25,Renter occupied (dollars),35624,426,253.63816666666668,56130.61889313451
B25119_001,2011,Michigan,26,All,48669,167,253.63816666666668,76684.84984588939
B25119_002,2011,Michigan,26,Owner occupied (dollars),59490,200,253.63816666666668,93734.85621919413
B25119_003,2011,Michigan,26,Renter occupied (dollars),25257,200,253.63816666666668,39795.95332876427
B25119_001,2011,Minnesota,27,All,58476,235,253.63816666666668,92137.15670320384
B25119_002,2011,Minnesota,27,Owner occupied (dollars),71323,242,253.63816666666668,112379.41082739255
B25119_003,2011,Minnesota,27,Renter occupied (dollars),29750,268,253.63816666666668,46875.30631233864
B25119_001,2011,Mississippi,28,All,38718,372,253.63816666666668,61005.65074961773
B25119_002,2011,Mississippi,28,Owner occupied (dollars),47881,483,253.63816666666668,75443.24509381803
B25119_003,2011,Mississippi,28,Renter occupied (dollars),22648,432,253.63816666666668,35685.107138213294
B25119_001,2011,Missouri,29,All,47202,185,253.63816666666668,74373.38516151288
B25119_002,2011,Missouri,29,Owner occupied (dollars),58914,240,253.63816666666668,92827.28726336533
B25119_003,2011,Missouri,29,Renter occupied (dollars),26997,211,253.63816666666668,42537.56788283046
B25119_001,2011,Montana,30,All,45324,418,253.63816666666668,71414.33221177937
B25119_002,2011,Montana,30,Owner occupied (dollars),55552,512,253.63816666666668,87529.98373993399
B25119_003,2011,Montana,30,Renter occupied (dollars),27944,609,253.63816666666668,44029.69948208373
B25119_001,2011,Nebraska,31,All,50695,319,253.63816666666668,79877.09759677335
B25119_002,2011,Nebraska,31,Owner occupied (dollars),63312,339,253.63816666666668,99756.95439484988
B25119_003,2011,Nebraska,31,Renter occupied (dollars),29713,547,253.63816666666668,46817.00761205102
B25119_001,2011,Nevada,32,All,55553,449,253.63816666666668,87531.5593804823
B25119_002,2011,Nevada,32,Owner occupied (dollars),69764,677,253.63816666666668,109922.98721257118
B25119_003,2011,Nevada,32,Renter occupied (dollars),39331,595,253.63816666666668,61971.51840573415
B25119_001,2011,New Hampshire,33,All,64664,516,253.63816666666668,101887.22041617027
B25119_002,2011,New Hampshire,33,Owner occupied (dollars),78166,718,253.63816666666668,123161.5190995046
B25119_003,2011,New Hampshire,33,Renter occupied (dollars),36409,828,253.63816666666668,57367.49672356092
B25119_001,2011,New Jersey,34,All,71180,323,253.63816666666668,112154.09422898367
B25119_002,2011,New Jersey,34,Owner occupied (dollars),91724,348,253.63816666666668,144524.0536535445
B25119_003,2011,New Jersey,34,Renter occupied (dollars),40439,309,253.63816666666668,63717.32813326595
B25119_001,2011,New Mexico,35,All,44631,391,253.63816666666668,70322.41331179783
B25119_002,2011,New Mexico,35,Owner occupied (dollars),54563,471,253.63816666666668,85971.67523765154
B25119_003,2011,New Mexico,35,Renter occupied (dollars),27861,638,253.63816666666668,43898.92131657367
B25119_001,2011,New York,36,All,56951,190,253.63816666666668,89734.30486702513
B25119_002,2011,New York,36,Owner occupied (dollars),78436,272,253.63816666666668,123586.94204754935
B25119_003,2011,New York,36,Renter occupied (dollars),36250,178,253.63816666666668,57116.969876379015
B25119_001,2011,North Carolina,37,All,46291,203,253.63816666666668,72937.97662199893
B25119_002,2011,North Carolina,37,Owner occupied (dollars),58290,277,253.63816666666668,91844.08756121746
B25119_003,2011,North Carolina,37,Renter occupied (dollars),27936,216,253.63816666666668,44017.09435769721
B25119_001,2011,North Dakota,38,All,49415,595,253.63816666666668,77860.27769493156
B25119_002,2011,North Dakota,38,Owner occupied (dollars),63714,649,253.63816666666668,100390.36189527207
B25119_003,2011,North Dakota,38,Renter occupied (dollars),28168,762,253.63816666666668,44382.642964906045
B25119_001,2011,Ohio,39,All,48071,185,253.63816666666668,75742.61679799767
B25119_002,2011,Ohio,39,Owner occupied (dollars),61376,183,253.63816666666668,96706.51429331416
B25119_003,2011,Ohio,39,Renter occupied (dollars),25897,165,253.63816666666668,40804.36327968517
B25119_001,2011,Oklahoma,40,All,44287,217,253.63816666666668,69780.39296317786
B25119_002,2011,Oklahoma,40,Owner occupied (dollars),55626,314,253.63816666666668,87646.58114050921
B25119_003,2011,Oklahoma,40,Renter occupied (dollars),27026,247,253.63816666666668,42583.26145873156
B25119_001,2011,Oregon,41,All,49850,311,253.63816666666668,78545.6813334481
B25119_002,2011,Oregon,41,Owner occupied (dollars),64717,334,253.63816666666668,101970.72936523092
B25119_003,2011,Oregon,41,Renter occupied (dollars),30866,273,253.63816666666668,48633.72116425695
B25119_001,2011,Pennsylvania,42,All,51651,148,253.63816666666668,81383.40996096145
B25119_002,2011,Pennsylvania,42,Owner occupied (dollars),63860,187,253.63816666666668,100620.40541532589
B25119_003,2011,Pennsylvania,42,Renter occupied (dollars),28782,227,253.63816666666668,45350.08626157078
B25119_001,2011,Rhode Island,44,All,55975,548,253.63816666666668,88196.47969187076
B25119_002,2011,Rhode Island,44,Owner occupied (dollars),77617,824,253.63816666666668,122296.49243848027
B25119_003,2011,Rhode Island,44,Renter occupied (dollars),30196,733,253.63816666666668,47578.04199688664
B25119_001,2011,South Carolina,45,All,44587,264,253.63816666666668,70253.08512767202
B25119_002,2011,South Carolina,45,Owner occupied (dollars),55081,346,253.63816666666668,86787.85704167813
B25119_003,2011,South Carolina,45,Renter occupied (dollars),26851,256,253.63816666666668,42307.52436277663
B25119_001,2011,South Dakota,46,All,48010,512,253.63816666666668,75646.50272455052
B25119_002,2011,South Dakota,46,Owner occupied (dollars),60463,658,253.63816666666668,95267.95447270357
B25119_003,2011,South Dakota,46,Renter occupied (dollars),27044,551,253.63816666666668,42611.622988601215
B25119_001,2011,Tennessee,47,All,43989,207,253.63816666666668,69310.8520797803
B25119_002,2011,Tennessee,47,Owner occupied (dollars),54985,242,253.63816666666668,86636.59554904
B25119_003,2011,Tennessee,47,Renter occupied (dollars),25816,245,253.63816666666668,40676.73639527174
B25119_001,2011,Texas,48,All,50920,133,253.63816666666668,80231.61672014398
B25119_002,2011,Texas,48,Owner occupied (dollars),65579,204,253.63816666666668,103328.9315178775
B25119_003,2011,Texas,48,Renter occupied (dollars),31897,133,253.63816666666668,50258.20656956859
B25119_001,2011,Utah,49,All,57783,371,253.63816666666668,91045.2378032223
B25119_002,2011,Utah,49,Owner occupied (dollars),69516,475,253.63816666666668,109532.22835658933
B25119_003,2011,Utah,49,Renter occupied (dollars),34174,478,253.63816666666668,53845.94009807935
B25119_001,2011,Vermont,50,All,53422,468,253.63816666666668,84173.86937202537
B25119_002,2011,Vermont,50,Owner occupied (dollars),64771,559,253.63816666666668,102055.81395483986
B25119_003,2011,Vermont,50,Renter occupied (dollars),30943,849,253.63816666666668,48755.045486477124
B25119_001,2011,Virginia,51,All,63302,265,253.63816666666668,99741.19798936673
B25119_002,2011,Virginia,51,Owner occupied (dollars),77854,339,253.63816666666668,122669.91924843067
B25119_003,2011,Virginia,51,Renter occupied (dollars),39749,357,253.63816666666668,62630.13615492936
B25119_001,2011,Washington,53,All,58890,240,253.63816666666668,92789.4718902058
B25119_002,2011,Washington,53,Owner occupied (dollars),74974,272,253.63816666666668,118132.07446928661
B25119_003,2011,Washington,53,Renter occupied (dollars),36132,273,253.63816666666668,56931.04429167797
B25119_001,2011,West Virginia,54,All,39550,356,253.63816666666668,62316.58368581489
B25119_002,2011,West Virginia,54,Owner occupied (dollars),47132,446,253.63816666666668,74263.0903231309
B25119_003,2011,West Virginia,54,Renter occupied (dollars),21155,280,253.63816666666668,33332.67579958063
B25119_001,2011,Wisconsin,55,All,52374,177,253.63816666666668,82522.5980773924
B25119_002,2011,Wisconsin,55,Owner occupied (dollars),65798,220,253.63816666666668,103673.99679795824
B25119_003,2011,Wisconsin,55,Renter occupied (dollars),29270,276,253.63816666666668,46118.99884914796
B25119_001,2011,Wyoming,56,All,56380,724,253.63816666666668,88834.61411393789
B25119_002,2011,Wyoming,56,Owner occupied (dollars),67219,821,253.63816666666668,105912.9820171123
B25119_003,2011,Wyoming,56,Renter occupied (dollars),34873,1045,253.63816666666668,54947.312841350766
B25119_001,2011,Puerto Rico,72,All,19122,139,253.63816666666668,30129.398564858468
B25119_002,2011,Puerto Rico,72,Owner occupied (dollars),23629,190,253.63816666666668,37230.81051610923
B25119_003,2011,Puerto Rico,72,Renter occupied (dollars),10818,170,253.63816666666668,17045.27945165981
B25119_001,2012,Alabama,01,All,43160,237,260.3668333333333,66247.20027499663
B25119_002,2012,Alabama,01,Owner occupied (dollars),54032,334,260.3668333333333,82934.86388458336
B25119_003,2012,Alabama,01,Renter occupied (dollars),24197,301,260.3668333333333,37140.48899569262
B25119_001,2012,Alaska,02,All,69917,738,260.3668333333333,107317.08761878914
B25119_002,2012,Alaska,02,Owner occupied (dollars),86280,1005,260.3668333333333,132433.0037008042
B25119_003,2012,Alaska,02,Renter occupied (dollars),45928,1077,260.3668333333333,70495.86223887964
B25119_001,2012,Arizona,04,All,50256,235,260.3668333333333,77139.00132113602
B25119_002,2012,Arizona,04,Owner occupied (dollars),61647,348,260.3668333333333,94623.28904895081
B25119_003,2012,Arizona,04,Renter occupied (dollars),33290,297,260.3668333333333,51097.527737595876
B25119_001,2012,Arkansas,05,All,40531,238,260.3668333333333,62211.89236204561
B25119_002,2012,Arkansas,05,Owner occupied (dollars),51169,342,260.3668333333333,78540.38440387633
B25119_003,2012,Arkansas,05,Renter occupied (dollars),24381,293,260.3668333333333,37422.9145019623
B25119_001,2012,California,06,All,61400,154,260.3668333333333,94244.16350520837
B25119_002,2012,California,06,Owner occupied (dollars),82899,220,260.3668333333333,127243.43502309883
B25119_003,2012,California,06,Renter occupied (dollars),41062,142,260.3668333333333,63026.93553503039
B25119_001,2012,Colorado,08,All,58244,315,260.3668333333333,89399.95210419147
B25119_002,2012,Colorado,08,Owner occupied (dollars),74794,373,260.3668333333333,114802.89845616539
B25119_003,2012,Colorado,08,Renter occupied (dollars),34469,363,260.3668333333333,52907.19986744344
B25119_001,2012,Connecticut,09,All,69519,414,260.3668333333333,106706.18896935799
B25119_002,2012,Connecticut,09,Owner occupied (dollars),89691,602,260.3668333333333,137668.62001540136
B25119_003,2012,Connecticut,09,Renter occupied (dollars),35471,535,260.3668333333333,54445.190939629414
B25119_001,2012,Delaware,10,All,60119,714,260.3668333333333,92277.92940992869
B25119_002,2012,Delaware,10,Owner occupied (dollars),71652,896,260.3668333333333,109980.17595236466
B25119_003,2012,Delaware,10,Renter occupied (dollars),35006,1006,260.3668333333333,53731.452567806584
B25119_001,2012,District of Columbia,11,All,64267,977,260.3668333333333,98644.7826708343
B25119_002,2012,District of Columbia,11,Owner occupied (dollars),106435,1405,260.3668333333333,163369.34108594223
B25119_003,2012,District of Columbia,11,Renter occupied (dollars),43794,805,260.3668333333333,67220.34033464325
B25119_001,2012,Florida,12,All,47309,189,260.3668333333333,72615.58845713196
B25119_002,2012,Florida,12,Owner occupied (dollars),56845,207,260.3668333333333,87252.59730380407
B25119_003,2012,Florida,12,Renter occupied (dollars),31906,182,260.3668333333333,48973.19675565437
B25119_001,2012,Georgia,13,All,49604,201,260.3668333333333,76138.23267935433
B25119_002,2012,Georgia,13,Owner occupied (dollars),63401,245,260.3668333333333,97315.54088589114
B25119_003,2012,Georgia,13,Renter occupied (dollars),29618,310,260.3668333333333,45461.29698204009
B25119_001,2012,Hawaii,15,All,67492,698,260.3668333333333,103594.90363670234
B25119_002,2012,Hawaii,15,Owner occupied (dollars),85155,938,260.3668333333333,130706.21731736186
B25119_003,2012,Hawaii,15,Renter occupied (dollars),47575,811,260.3668333333333,73023.87750423922
B25119_001,2012,Idaho,16,All,47015,441,260.3668333333333,72164.32161559237
B25119_002,2012,Idaho,16,Owner occupied (dollars),56669,420,260.3668333333333,86982.4511673722
B25119_003,2012,Idaho,16,Renter occupied (dollars),28647,486,260.3668333333333,43970.88846797564
B25119_001,2012,Illinois,17,All,56853,213,260.3668333333333,87264.87667364188
B25119_002,2012,Illinois,17,Owner occupied (dollars),71980,274,260.3668333333333,110483.63011571496
B25119_003,2012,Illinois,17,Renter occupied (dollars),31476,194,260.3668333333333,48313.18062687197
B25119_001,2012,Indiana,18,All,48374,204,260.3668333333333,74250.2795667907
B25119_002,2012,Indiana,18,Owner occupied (dollars),59986,281,260.3668333333333,92073.78488637507
B25119_003,2012,Indiana,18,Renter occupied (dollars),26906,223,260.3668333333333,41298.59060702177
B25119_001,2012,Iowa,19,All,51129,273,260.3668333333333,78478.98755468728
B25119_002,2012,Iowa,19,Owner occupied (dollars),62027,316,260.3668333333333,95206.55911624689
B25119_003,2012,Iowa,19,Renter occupied (dollars),27598,315,260.3668333333333,42360.75609799252
B25119_001,2012,Kansas,20,All,51273,259,260.3668333333333,78700.0162117679
B25119_002,2012,Kansas,20,Owner occupied (dollars),64317,312,260.3668333333333,98721.52873232063
B25119_003,2012,Kansas,20,Renter occupied (dollars),30395,316,260.3668333333333,46653.93077753759
B25119_001,2012,Kentucky,21,All,42610,238,260.3668333333333,65402.993598647045
B25119_002,2012,Kentucky,21,Owner occupied (dollars),54061,272,260.3668333333333,82979.37660024544
B25119_003,2012,Kentucky,21,Renter occupied (dollars),24100,284,260.3668333333333,36991.60163640915
B25119_001,2012,Louisiana,22,All,44673,254,260.3668333333333,68569.53609557285
B25119_002,2012,Louisiana,22,Owner occupied (dollars),56852,385,260.3668333333333,87263.34175241215
B25119_003,2012,Louisiana,22,Renter occupied (dollars),26202,273,260.3668333333333,40218.0060612943
B25119_001,2012,Maine,23,All,48219,446,260.3668333333333,74012.3667761831
B25119_002,2012,Maine,23,Owner occupied (dollars),58917,489,260.3668333333333,90432.95409179742
B25119_003,2012,Maine,23,Renter occupied (dollars),26214,490,260.3668333333333,40236.42511605101
B25119_001,2012,Maryland,24,All,72999,344,260.3668333333333,112047.71484880628
B25119_002,2012,Maryland,24,Owner occupied (dollars),91744,462,260.3668333333333,140819.8133000299
B25119_003,2012,Maryland,24,Renter occupied (dollars),43332,381,260.3668333333333,66511.2067265096
B25119_001,2012,Massachusetts,25,All,66658,306,260.3668333333333,102314.77933111042
B25119_002,2012,Massachusetts,25,Owner occupied (dollars),88739,405,260.3668333333333,136207.37500470172
B25119_003,2012,Massachusetts,25,Renter occupied (dollars),36246,389,260.3668333333333,55634.75489266747
B25119_001,2012,Michigan,26,All,48471,188,260.3668333333333,74399.16692607418
B25119_002,2012,Michigan,26,Owner occupied (dollars),59341,226,260.3668333333333,91083.76069320146
B25119_003,2012,Michigan,26,Renter occupied (dollars),25409,180,260.3668333333333,39000.813526121165
B25119_001,2012,Minnesota,27,All,59126,224,260.3668333333333,90753.75262881027
B25119_002,2012,Minnesota,27,Owner occupied (dollars),72431,256,260.3668333333333,111175.87959032162
B25119_003,2012,Minnesota,27,Renter occupied (dollars),30333,272,260.3668333333333,46558.76566129455
B25119_001,2012,Mississippi,28,All,38882,290,260.3668333333333,59680.80725422658
B25119_002,2012,Mississippi,28,Owner occupied (dollars),48433,413,260.3668333333333,74340.83991934458
B25119_003,2012,Mississippi,28,Renter occupied (dollars),22650,374,260.3668333333333,34765.96585330569
B25119_001,2012,Missouri,29,All,47333,208,260.3668333333333,72652.4265666454
B25119_002,2012,Missouri,29,Owner occupied (dollars),59287,273,260.3668333333333,91000.87494679623
B25119_003,2012,Missouri,29,Renter occupied (dollars),27123,210,260.3668333333333,41631.66851387242
B25119_001,2012,Montana,30,All,45456,512,260.3668333333333,69771.37941844872
B25119_002,2012,Montana,30,Owner occupied (dollars),56306,693,260.3668333333333,86425.27476098147
B25119_003,2012,Montana,30,Renter occupied (dollars),28252,539,260.3668333333333,43364.594582233665
B25119_001,2012,Nebraska,31,All,51381,286,260.3668333333333,78865.78770457835
B25119_002,2012,Nebraska,31,Owner occupied (dollars),64616,387,260.3668333333333,99180.47018000887
B25119_003,2012,Nebraska,31,Renter occupied (dollars),30216,383,260.3668333333333,46379.17987741655
B25119_001,2012,Nevada,32,All,54083,349,260.3668333333333,83013.14486729942
B25119_002,2012,Nevada,32,Owner occupied (dollars),68598,557,260.3668333333333,105292.52651677986
B25119_003,2012,Nevada,32,Renter occupied (dollars),38635,476,260.3668333333333,59301.681710484125
B25119_001,2012,New Hampshire,33,All,64925,565,260.3668333333333,99654.76083999436
B25119_002,2012,New Hampshire,33,Owner occupied (dollars),79390,722,260.3668333333333,121857.39642798848
B25119_003,2012,New Hampshire,33,Renter occupied (dollars),36593,759,260.3668333333333,56167.37255938257
B25119_001,2012,New Jersey,34,All,71637,324,260.3668333333333,109957.15213391876
B25119_002,2012,New Jersey,34,Owner occupied (dollars),92722,444,260.3668333333333,142320.96626270245
B25119_003,2012,New Jersey,34,Renter occupied (dollars),40517,328,260.3668333333333,62190.40346482944
B25119_001,2012,New Mexico,35,All,44886,358,260.3668333333333,68896.4743175046
B25119_002,2012,New Mexico,35,Owner occupied (dollars),54840,439,260.3668333333333,84175.0802382024
B25119_003,2012,New Mexico,35,Renter occupied (dollars),28149,576,260.3668333333333,43206.49769557183
B25119_001,2012,New York,36,All,57683,214,260.3668333333333,88538.86129431489
B25119_002,2012,New York,36,Owner occupied (dollars),79384,256,260.3668333333333,121848.18690061012
B25119_003,2012,New York,36,Renter occupied (dollars),36665,201,260.3668333333333,56277.88688792288
B25119_001,2012,North Carolina,37,All,46450,188,260.3668333333333,71297.09112079689
B25119_002,2012,North Carolina,37,Owner occupied (dollars),58736,220,260.3668333333333,90155.13334921692
B25119_003,2012,North Carolina,37,Renter occupied (dollars),28277,211,260.3668333333333,43402.96761297683
B25119_001,2012,North Dakota,38,All,51641,609,260.3668333333333,79264.86722430725
B25119_002,2012,North Dakota,38,Owner occupied (dollars),66359,769,260.3668333333333,101855.83788342218
B25119_003,2012,North Dakota,38,Renter occupied (dollars),30163,536,260.3668333333333,46297.829052241046
B25119_001,2012,Ohio,39,All,48246,160,260.3668333333333,74053.80964938572
B25119_002,2012,Ohio,39,Owner occupied (dollars),61772,174,260.3668333333333,94815.15420266663
B25119_003,2012,Ohio,39,Renter occupied (dollars),26167,177,260.3668333333333,40164.28381825387
B25119_001,2012,Oklahoma,40,All,44891,237,260.3668333333333,68904.14892365324
B25119_002,2012,Oklahoma,40,Owner occupied (dollars),56499,306,260.3668333333333,86721.5145583187
B25119_003,2012,Oklahoma,40,Renter occupied (dollars),27466,253,260.3668333333333,42158.14649566862
B25119_001,2012,Oregon,41,All,50036,338,260.3668333333333,76801.3186505962
B25119_002,2012,Oregon,41,Owner occupied (dollars),65076,346,260.3668333333333,99886.53394568306
B25119_003,2012,Oregon,41,Renter occupied (dollars),30993,330,260.3668333333333,47571.81367291405
B25119_001,2012,Pennsylvania,42,All,52267,157,260.3668333333333,80225.72791411605
B25119_002,2012,Pennsylvania,42,Owner occupied (dollars),64734,168,260.3668333333333,99361.59088511659
B25119_003,2012,Pennsylvania,42,Renter occupied (dollars),29197,213,260.3668333333333,44815.09514432523
B25119_001,2012,Rhode Island,44,All,56102,664,260.3668333333333,86112.15083011726
B25119_002,2012,Rhode Island,44,Owner occupied (dollars),77865,916,260.3668333333333,119516.64155265554
B25119_003,2012,Rhode Island,44,Renter occupied (dollars),30346,517,260.3668333333333,46578.719637281
B25119_001,2012,South Carolina,45,All,44623,253,260.3668333333333,68492.79003408653
B25119_002,2012,South Carolina,45,Owner occupied (dollars),55079,336,260.3668333333333,84541.92641210703
B25119_003,2012,South Carolina,45,Renter occupied (dollars),26856,306,260.3668333333333,41221.84454553544
B25119_001,2012,South Dakota,46,All,49091,470,260.3668333333333,75350.81808850463
B25119_002,2012,South Dakota,46,Owner occupied (dollars),61665,563,260.3668333333333,94650.9176310859
B25119_003,2012,South Dakota,46,Renter occupied (dollars),28042,704,260.3668333333333,43042.26112399109
B25119_001,2012,Tennessee,47,All,44140,230,260.3668333333333,67751.42308012862
B25119_002,2012,Tennessee,47,Owner occupied (dollars),55499,309,260.3668333333333,85186.59332859216
B25119_003,2012,Tennessee,47,Renter occupied (dollars),25986,226,260.3668333333333,39886.46307567337
B25119_001,2012,Texas,48,All,51563,138,260.3668333333333,79145.14336838858
B25119_002,2012,Texas,48,Owner occupied (dollars),66332,208,260.3668333333333,101814.39501021957
B25119_003,2012,Texas,48,Renter occupied (dollars),32377,136,260.3668333333333,49696.14465485556
B25119_001,2012,Utah,49,All,58164,350,260.3668333333333,89277.15840581334
B25119_002,2012,Utah,49,Owner occupied (dollars),70070,429,260.3668333333333,107551.9305669373
B25119_003,2012,Utah,49,Renter occupied (dollars),34268,546,260.3668333333333,52598.68070026841
B25119_001,2012,Vermont,50,All,54168,617,260.3668333333333,83143.61317182617
B25119_002,2012,Vermont,50,Owner occupied (dollars),65789,679,260.3668333333333,100980.93278247806
B25119_003,2012,Vermont,50,Renter occupied (dollars),31114,716,260.3668333333333,47757.539141710964
B25119_001,2012,Virginia,51,All,63636,250,260.3668333333333,97676.24737487687
B25119_002,2012,Virginia,51,Owner occupied (dollars),78720,316,260.3668333333333,120828.9992040717
B25119_003,2012,Virginia,51,Renter occupied (dollars),40242,297,260.3668333333333,61768.30012665464
B25119_001,2012,Washington,53,All,59374,263,260.3668333333333,91134.41309378244
B25119_002,2012,Washington,53,Owner occupied (dollars),75634,354,260.3668333333333,116092.23228913566
B25119_003,2012,Washington,53,Renter occupied (dollars),36778,313,260.3668333333333,56451.33298688198
B25119_001,2012,West Virginia,54,All,40400,328,260.3668333333333,62010.81768095143
B25119_002,2012,West Virginia,54,Owner occupied (dollars),48325,407,260.3668333333333,74175.06842653411
B25119_003,2012,West Virginia,54,Renter occupied (dollars),21487,389,260.3668333333333,32980.85246313375
B25119_001,2012,Wisconsin,55,All,52627,183,260.3668333333333,80778.2995568176
B25119_002,2012,Wisconsin,55,Owner occupied (dollars),66241,227,260.3668333333333,101674.71717831446
B25119_003,2012,Wisconsin,55,Renter occupied (dollars),29425,293,260.3668333333333,45165.05718470287
B25119_001,2012,Wyoming,56,All,56573,981,260.3668333333333,86835.09872931846
B25119_002,2012,Wyoming,56,Owner occupied (dollars),68003,970,260.3668333333333,104379.24838509258
B25119_003,2012,Wyoming,56,Renter occupied (dollars),34617,908,260.3668333333333,53134.36820944297
B25119_001,2012,Puerto Rico,72,All,19515,146,260.3668333333333,29953.987798113052
B25119_002,2012,Puerto Rico,72,Owner occupied (dollars),24263,202,260.3668333333333,37241.793796854574
B25119_003,2012,Puerto Rico,72,Renter occupied (dollars),11114,197,260.3668333333333,17059.11454718055
B25119_001,2013,Alabama,01,All,43253,241,267.7245833333333,64565.38393868077
B25119_002,2013,Alabama,01,Owner occupied (dollars),54099,282,267.7245833333333,80755.61708317783
B25119_003,2013,Alabama,01,Renter occupied (dollars),24529,330,267.7245833333333,36615.36315705039
B25119_001,2013,Alaska,02,All,70760,732,267.7245833333333,105626.11998014129
B25119_002,2013,Alaska,02,Owner occupied (dollars),87070,925,267.7245833333333,129972.67194277703
B25119_003,2013,Alaska,02,Renter occupied (dollars),47795,953,267.7245833333333,71345.39859314376
B25119_001,2013,Arizona,04,All,49774,253,267.7245833333333,74299.52651062114
B25119_002,2013,Arizona,04,Owner occupied (dollars),61132,316,267.7245833333333,91254.04135989255
B25119_003,2013,Arizona,04,Renter occupied (dollars),33497,369,267.7245833333333,50002.23489223845
B25119_001,2013,Arkansas,05,All,40768,330,267.7245833333333,60855.93074265687
B25119_002,2013,Arkansas,05,Owner occupied (dollars),51497,417,267.7245833333333,76871.51357571136
B25119_003,2013,Arkansas,05,Renter occupied (dollars),24647,330,267.7245833333333,36791.506206197606
B25119_001,2013,California,06,All,61094,157,267.7245833333333,91197.31732711634
B25119_002,2013,California,06,Owner occupied (dollars),82885,225,267.7245833333333,123725.56464886956
B25119_003,2013,California,06,Renter occupied (dollars),41007,136,267.7245833333333,61212.6950540652
B25119_001,2013,Colorado,08,All,58433,314,267.7245833333333,87225.14229507626
B25119_002,2013,Colorado,08,Owner occupied (dollars),75333,337,267.7245833333333,112452.40950344804
B25119_003,2013,Colorado,08,Renter occupied (dollars),35054,403,267.7245833333333,52326.427498358855
B25119_001,2013,Connecticut,09,All,69461,411,267.7245833333333,103687.05370181733
B25119_002,2013,Connecticut,09,Owner occupied (dollars),90185,452,267.7245833333333,134622.54989272248
B25119_003,2013,Connecticut,09,Renter occupied (dollars),35510,490,267.7245833333333,53007.11589167351
B25119_001,2013,Delaware,10,All,59878,714,267.7245833333333,89382.14827827728
B25119_002,2013,Delaware,10,Owner occupied (dollars),71437,973,267.7245833333333,106636.7034061808
B25119_003,2013,Delaware,10,Renter occupied (dollars),35370,1041,267.7245833333333,52798.132613024274
B25119_001,2013,District of Columbia,11,All,65830,1006,267.7245833333333,98266.92309627899
B25119_002,2013,District of Columbia,11,Owner occupied (dollars),108622,1619,267.7245833333333,162144.15495312194
B25119_003,2013,District of Columbia,11,Renter occupied (dollars),44771,1000,267.7245833333333,66831.35977432031
B25119_001,2013,Florida,12,All,46956,149,267.7245833333333,70092.991658953
B25119_002,2013,Florida,12,Owner occupied (dollars),56505,206,267.7245833333333,84347.14400053538
B25119_003,2013,Florida,12,Renter occupied (dollars),32052,159,267.7245833333333,47845.22890903743
B25119_001,2013,Georgia,13,All,49179,208,267.7245833333333,73411.3475763619
B25119_002,2013,Georgia,13,Owner occupied (dollars),63079,283,267.7245833333333,94160.40167082155
B25119_003,2013,Georgia,13,Renter occupied (dollars),29697,273,267.7245833333333,44329.83161461639
B25119_001,2013,Hawaii,15,All,67402,734,267.7245833333333,100613.50676796895
B25119_002,2013,Hawaii,15,Owner occupied (dollars),85655,927,267.7245833333333,127860.44809071513
B25119_003,2013,Hawaii,15,Renter occupied (dollars),48310,806,267.7245833333333,72114.15851103202
B25119_001,2013,Idaho,16,All,46767,413,267.7245833333333,69810.86423277654
B25119_002,2013,Idaho,16,Owner occupied (dollars),56707,501,267.7245833333333,84648.67701687213
B25119_003,2013,Idaho,16,Renter occupied (dollars),28529,560,267.7245833333333,42586.31397559993
B25119_001,2013,Illinois,17,All,56797,190,267.7245833333333,84783.0234102895
B25119_002,2013,Illinois,17,Owner occupied (dollars),72182,226,267.7245833333333,107748.79299613566
B25119_003,2013,Illinois,17,Renter occupied (dollars),31776,196,267.7245833333333,47433.23330255751
B25119_001,2013,Indiana,18,All,48248,198,267.7245833333333,72021.6087733445
B25119_002,2013,Indiana,18,Owner occupied (dollars),60041,215,267.7245833333333,89625.46452413317
B25119_003,2013,Indiana,18,Renter occupied (dollars),27005,228,267.7245833333333,40311.38171373255
B25119_001,2013,Iowa,19,All,51843,258,267.7245833333333,77388.0008215159
B25119_002,2013,Iowa,19,Owner occupied (dollars),63073,345,267.7245833333333,94151.44524459372
B25119_003,2013,Iowa,19,Renter occupied (dollars),28318,392,267.7245833333333,42271.34631992144
B25119_001,2013,Kansas,20,All,51332,304,267.7245833333333,76625.2118544462
B25119_002,2013,Kansas,20,Owner occupied (dollars),64749,363,267.7245833333333,96653.27363756597
B25119_003,2013,Kansas,20,Renter occupied (dollars),30690,298,267.7245833333333,45812.12015532132
B25119_001,2013,Kentucky,21,All,43036,250,267.7245833333333,64241.459856774454
B25119_002,2013,Kentucky,21,Owner occupied (dollars),54498,333,267.7245833333333,81351.21942732815
B25119_003,2013,Kentucky,21,Renter occupied (dollars),24453,217,267.7245833333333,36501.91509149795
B25119_001,2013,Louisiana,22,All,44874,251,267.7245833333333,66985.11175789798
B25119_002,2013,Louisiana,22,Owner occupied (dollars),57260,419,267.7245833333333,85474.1609675366
B25119_003,2013,Louisiana,22,Renter occupied (dollars),26281,293,267.7245833333333,39230.63961557509
B25119_001,2013,Maine,23,All,48453,521,267.7245833333333,72327.62000279517
B25119_002,2013,Maine,23,Owner occupied (dollars),59427,558,267.7245833333333,88708.92357348582
B25119_003,2013,Maine,23,Renter occupied (dollars),26416,437,267.7245833333333,39432.15920570114
B25119_001,2013,Maryland,24,All,73538,404,267.7245833333333,109772.94532362395
B25119_002,2013,Maryland,24,Owner occupied (dollars),92628,436,267.7245833333333,138269.3081051516
B25119_003,2013,Maryland,24,Renter occupied (dollars),44160,419,267.7245833333333,65919.29703678687
B25119_001,2013,Massachusetts,25,All,66866,318,267.7245833333333,99813.39935828332
B25119_002,2013,Massachusetts,25,Owner occupied (dollars),89668,473,267.7245833333333,133850.80449942494
B25119_003,2013,Massachusetts,25,Renter occupied (dollars),36588,347,267.7245833333333,54616.28713727261
B25119_001,2013,Michigan,26,All,48411,163,267.7245833333333,72264.9250192004
B25119_002,2013,Michigan,26,Owner occupied (dollars),59385,228,267.7245833333333,88646.22858989105
B25119_003,2013,Michigan,26,Renter occupied (dollars),25758,185,267.7245833333333,38449.93779604974
B25119_001,2013,Minnesota,27,All,59836,236,267.7245833333333,89319.4532946825
B25119_002,2013,Minnesota,27,Owner occupied (dollars),73314,310,267.7245833333333,109438.57207778517
B25119_003,2013,Minnesota,27,Renter occupied (dollars),30934,283,267.7245833333333,46176.34815525284
B25119_001,2013,Mississippi,28,All,39031,319,267.7245833333333,58263.04534970174
B25119_002,2013,Mississippi,28,Owner occupied (dollars),48616,411,267.7245833333333,72570.93624865107
B25119_003,2013,Mississippi,28,Renter occupied (dollars),23009,396,267.7245833333333,34346.401846001565
B25119_001,2013,Missouri,29,All,47380,216,267.7245833333333,70725.91244571925
B25119_002,2013,Missouri,29,Owner occupied (dollars),59548,251,267.7245833333333,88889.54483574694
B25119_003,2013,Missouri,29,Renter occupied (dollars),27362,230,267.7245833333333,40844.2890742881
B25119_001,2013,Montana,30,All,46230,453,267.7245833333333,69009.26408538625
B25119_002,2013,Montana,30,Owner occupied (dollars),57309,774,267.7245833333333,85547.30511506383
B25119_003,2013,Montana,30,Renter occupied (dollars),28113,636,267.7245833333333,41965.33509047078
B25119_001,2013,Nebraska,31,All,51672,325,267.7245833333333,77132.7426740229
B25119_002,2013,Nebraska,31,Owner occupied (dollars),65422,344,267.7245833333333,97657.88611278693
B25119_003,2013,Nebraska,31,Renter occupied (dollars),30799,412,267.7245833333333,45974.82856512679
B25119_001,2013,Nevada,32,All,52800,389,267.7245833333333,78816.55080485388
B25119_002,2013,Nevada,32,Owner occupied (dollars),67344,496,267.7245833333333,100526.92798109999
B25119_003,2013,Nevada,32,Renter occupied (dollars),37932,543,267.7245833333333,56622.52661230525
B25119_001,2013,New Hampshire,33,All,64916,611,267.7245833333333,96902.56083424042
B25119_002,2013,New Hampshire,33,Owner occupied (dollars),79589,802,267.7245833333333,118805.50117438476
B25119_003,2013,New Hampshire,33,Renter occupied (dollars),37326,831,267.7245833333333,55717.927563294994
B25119_001,2013,New Jersey,34,All,71629,303,267.7245833333333,106923.30904547118
B25119_002,2013,New Jersey,34,Owner occupied (dollars),93252,363,267.7245833333333,139200.77643284533
B25119_003,2013,New Jersey,34,Renter occupied (dollars),40456,308,267.7245833333333,60390.196578810006
B25119_001,2013,New Mexico,35,All,44927,432,267.7245833333333,67064.22685624375
B25119_002,2013,New Mexico,35,Owner occupied (dollars),55110,606,267.7245833333333,82264.77490256623
B25119_003,2013,New Mexico,35,Renter occupied (dollars),28046,538,267.7245833333333,41865.321664260075
B25119_001,2013,New York,36,All,58003,204,267.7245833333333,86583.26508208219
B25119_002,2013,New York,36,Owner occupied (dollars),80227,251,267.7245833333333,119757.86782994341
B25119_003,2013,New York,36,Renter occupied (dollars),36916,196,267.7245833333333,55105.90510439366
B25119_001,2013,North Carolina,37,All,46334,196,267.7245833333333,69164.50880666854
B25119_002,2013,North Carolina,37,Owner occupied (dollars),58683,276,267.7245833333333,87598.3267212356
B25119_003,2013,North Carolina,37,Renter occupied (dollars),28455,266,267.7245833333333,42475.851385456765
B25119_001,2013,North Dakota,38,All,53741,572,267.7245833333333,80221.21698491766
B25119_002,2013,North Dakota,38,Owner occupied (dollars),69315,814,267.7245833333333,103469.11399694027
B25119_003,2013,North Dakota,38,Renter occupied (dollars),30888,485,267.7245833333333,46107.68222083952
B25119_001,2013,Ohio,39,All,48308,197,267.7245833333333,72111.17303562275
B25119_002,2013,Ohio,39,Owner occupied (dollars),62005,194,267.7245833333333,92557.20137604099
B25119_003,2013,Ohio,39,Renter occupied (dollars),26404,183,267.7245833333333,39414.246353245486
B25119_001,2013,Oklahoma,40,All,45339,196,267.7245833333333,67679.23479055436
B25119_002,2013,Oklahoma,40,Owner occupied (dollars),56963,287,267.7245833333333,85030.8178692593
B25119_003,2013,Oklahoma,40,Renter occupied (dollars),28161,373,267.7245833333333,42036.98650029337
B25119_001,2013,Oregon,41,All,50229,278,267.7245833333333,74978.72216623116
B25119_002,2013,Oregon,41,Owner occupied (dollars),65771,342,267.7245833333333,98178.85157170538
B25119_003,2013,Oregon,41,Renter occupied (dollars),31300,335,267.7245833333333,46722.69015515012
B25119_001,2013,Pennsylvania,42,All,52548,165,267.7245833333333,78440.38090328526
B25119_002,2013,Pennsylvania,42,Owner occupied (dollars),65298,210,267.7245833333333,97472.7866374119
B25119_003,2013,Pennsylvania,42,Renter occupied (dollars),29472,231,267.7245833333333,43993.96563107298
B25119_001,2013,Rhode Island,44,All,56361,645,267.7245833333333,84132.1897710676
B25119_002,2013,Rhode Island,44,Owner occupied (dollars),78065,970,267.7245833333333,116530.56891251738
B25119_003,2013,Rhode Island,44,Renter occupied (dollars),30635,623,267.7245833333333,45730.01958156626
B25119_001,2013,South Carolina,45,All,44779,250,267.7245833333333,66843.30167595742
B25119_002,2013,South Carolina,45,Owner occupied (dollars),55187,367,267.7245833333333,82379.71570582331
B25119_003,2013,South Carolina,45,Renter occupied (dollars),26950,303,267.7245833333333,40229.281139977495
B25119_001,2013,South Dakota,46,All,49495,516,267.7245833333333,73883.05269102732
B25119_002,2013,South Dakota,46,Owner occupied (dollars),62485,625,267.7245833333333,93273.71547426694
B25119_003,2013,South Dakota,46,Renter occupied (dollars),28670,644,267.7245833333333,42796.789991953796
B25119_001,2013,Tennessee,47,All,44298,222,267.7245833333333,66125.29484002684
B25119_002,2013,Tennessee,47,Owner occupied (dollars),55788,262,267.7245833333333,83276.85106631038
B25119_003,2013,Tennessee,47,Renter occupied (dollars),26231,239,267.7245833333333,39156.00273034322
B25119_001,2013,Texas,48,All,51900,132,267.7245833333333,77473.08687068023
B25119_002,2013,Texas,48,Owner occupied (dollars),66924,213,267.7245833333333,99899.97814515229
B25119_003,2013,Texas,48,Renter occupied (dollars),33133,168,267.7245833333333,49458.87836775044
B25119_001,2013,Utah,49,All,58821,388,267.7245833333333,87804.32452447557
B25119_002,2013,Utah,49,Owner occupied (dollars),70777,449,267.7245833333333,105651.49652112012
B25119_003,2013,Utah,49,Renter occupied (dollars),34403,502,267.7245833333333,51354.655252639925
B25119_001,2013,Vermont,50,All,54267,548,267.7245833333333,81006.39701755691
B25119_002,2013,Vermont,50,Owner occupied (dollars),66057,732,267.7245833333333,98605.77455523168
B25119_003,2013,Vermont,50,Renter occupied (dollars),31244,730,267.7245833333333,46639.09684369042
B25119_001,2013,Virginia,51,All,63907,248,267.7245833333333,95396.38849026129
B25119_002,2013,Virginia,51,Owner occupied (dollars),79215,327,267.7245833333333,118247.21727285036
B25119_003,2013,Virginia,51,Renter occupied (dollars),40737,273,267.7245833333333,60809.65587381311
B25119_001,2013,Washington,53,All,59478,291,267.7245833333333,88785.05319642232
B25119_002,2013,Washington,53,Owner occupied (dollars),76022,306,267.7245833333333,113480.9057819432
B25119_003,2013,Washington,53,Renter occupied (dollars),37194,361,267.7245833333333,55520.886186282856
B25119_001,2013,West Virginia,54,All,41043,338,267.7245833333333,61266.43361143215
B25119_002,2013,West Virginia,54,Owner occupied (dollars),48905,517,267.7245833333333,73002.33744529127
B25119_003,2013,West Virginia,54,Renter occupied (dollars),21998,326,267.7245833333333,32837.244026613174
B25119_001,2013,Wisconsin,55,All,52413,173,267.7245833333333,78238.8613131592
B25119_002,2013,Wisconsin,55,Owner occupied (dollars),66444,225,267.7245833333333,99183.46404692634
B25119_003,2013,Wisconsin,55,Renter occupied (dollars),29504,227,267.7245833333333,44041.733237621374
B25119_001,2013,Wyoming,56,All,57406,841,267.7245833333333,85692.10067241367
B25119_002,2013,Wyoming,56,Owner occupied (dollars),69012,874,267.7245833333333,103016.81447243514
B25119_003,2013,Wyoming,56,Renter occupied (dollars),35740,897,267.7245833333333,53350.445563740104
B25119_001,2013,Puerto Rico,72,All,19624,137,267.7245833333333,29293.484715804025
B25119_002,2013,Puerto Rico,72,Owner occupied (dollars),24478,176,267.7245833333333,36539.23353411388
B25119_003,2013,Puerto Rico,72,Renter occupied (dollars),11345,171,267.7245833333333,16935.109259111123
B25119_001,2014,Alabama,01,All,43511,226,276.1619166666667,62966.13417326732
B25119_002,2014,Alabama,01,Owner occupied (dollars),54337,332,276.1619166666667,78632.77866683887
B25119_003,2014,Alabama,01,Renter occupied (dollars),25060,315,276.1619166666667,36265.112784860816
B25119_001,2014,Alaska,02,All,71829,735,276.1619166666667,103946.00104643924
B25119_002,2014,Alaska,02,Owner occupied (dollars),88221,934,276.1619166666667,127667.3788903913
B25119_003,2014,Alaska,02,Renter occupied (dollars),48624,1172,276.1619166666667,70365.31700123992
B25119_001,2014,Arizona,04,All,49928,244,276.1619166666667,72252.3763416812
B25119_002,2014,Arizona,04,Owner occupied (dollars),61328,343,276.1619166666667,88749.67425658196
B25119_003,2014,Arizona,04,Renter occupied (dollars),34148,325,276.1619166666667,49416.64291210802
B25119_001,2014,Arkansas,05,All,41264,239,276.1619166666667,59714.42992635661
B25119_002,2014,Arkansas,05,Owner occupied (dollars),51972,401,276.1619166666667,75210.31291519498
B25119_003,2014,Arkansas,05,Renter occupied (dollars),25473,312,276.1619166666667,36862.778051426954
B25119_001,2014,California,06,All,61489,154,276.1619166666667,88982.66241134504
B25119_002,2014,California,06,Owner occupied (dollars),83693,219,276.1619166666667,121114.76792910439
B25119_003,2014,California,06,Renter occupied (dollars),41358,117,276.1619166666667,59850.46027758474
B25119_001,2014,Colorado,08,All,59448,312,276.1619166666667,86029.06723201938
B25119_002,2014,Colorado,08,Owner occupied (dollars),76398,376,276.1619166666667,110557.94439496395
B25119_003,2014,Colorado,08,Renter occupied (dollars),36328,278,276.1619166666667,52571.389355483785
B25119_001,2014,Connecticut,09,All,69899,520,276.1619166666667,101153.03745207447
B25119_002,2014,Connecticut,09,Owner occupied (dollars),91087,527,276.1619166666667,131814.8574714532
B25119_003,2014,Connecticut,09,Renter occupied (dollars),35844,537,276.1619166666667,51870.97775979852
B25119_001,2014,Delaware,10,All,60231,601,276.1619166666667,87162.17111512178
B25119_002,2014,Delaware,10,Owner occupied (dollars),71990,743,276.1619166666667,104178.98920120232
B25119_003,2014,Delaware,10,Renter occupied (dollars),36658,1173,276.1619166666667,53048.94271617828
B25119_001,2014,District of Columbia,11,All,69235,1127,276.1619166666667,100192.14220510129
B25119_002,2014,District of Columbia,11,Owner occupied (dollars),111430,2643,276.1619166666667,161253.8514611748
B25119_003,2014,District of Columbia,11,Renter occupied (dollars),47000,1180,276.1619166666667,68015.17561406457
B25119_001,2014,Florida,12,All,47212,163,276.1619166666667,68321.96747002589
B25119_002,2014,Florida,12,Owner occupied (dollars),57046,205,276.1619166666667,82553.05761872187
B25119_003,2014,Florida,12,Renter occupied (dollars),32605,163,276.1619166666667,47183.71916801224
B25119_001,2014,Georgia,13,All,49342,215,276.1619166666667,71404.35734359945
B25119_002,2014,Georgia,13,Owner occupied (dollars),63671,286,276.1619166666667,92140.30311751289
B25119_003,2014,Georgia,13,Renter occupied (dollars),30345,289,276.1619166666667,43913.20221295297
B25119_001,2014,Hawaii,15,All,68201,682,276.1619166666667,98695.80834159188
B25119_002,2014,Hawaii,15,Owner occupied (dollars),86430,795,276.1619166666667,125075.56656007662
B25119_003,2014,Hawaii,15,Renter occupied (dollars),49477,801,276.1619166666667,71599.72008206538
B25119_001,2014,Idaho,16,All,47334,444,276.1619166666667,68498.51750034325
B25119_002,2014,Idaho,16,Owner occupied (dollars),57408,580,276.1619166666667,83076.91918408977
B25119_003,2014,Idaho,16,Renter occupied (dollars),29078,517,276.1619166666667,42079.68673416531
B25119_001,2014,Illinois,17,All,57166,203,276.1619166666667,82726.71338624714
B25119_002,2014,Illinois,17,Owner occupied (dollars),72851,261,276.1619166666667,105424.96933319613
B25119_003,2014,Illinois,17,Renter occupied (dollars),32466,213,276.1619166666667,46982.56790396214
B25119_001,2014,Indiana,18,All,48737,254,276.1619166666667,70528.84284899288
B25119_002,2014,Indiana,18,Owner occupied (dollars),60618,271,276.1619166666667,87722.21096539078
B25119_003,2014,Indiana,18,Renter occupied (dollars),27534,294,276.1619166666667,39845.31585867349
B25119_001,2014,Iowa,19,All,52716,271,276.1619166666667,76286.97867385167
B25119_002,2014,Iowa,19,Owner occupied (dollars),64199,348,276.1619166666667,92904.38849462407
B25119_003,2014,Iowa,19,Renter occupied (dollars),29226,423,276.1619166666667,42293.86218077981
B25119_001,2014,Kansas,20,All,51872,245,276.1619166666667,75065.59977559058
B25119_002,2014,Kansas,20,Owner occupied (dollars),65700,388,276.1619166666667,95076.53272008602
B25119_003,2014,Kansas,20,Renter occupied (dollars),31165,264,276.1619166666667,45099.84995770899
B25119_001,2014,Kentucky,21,All,43342,237,276.1619166666667,62721.568967335894
B25119_002,2014,Kentucky,21,Owner occupied (dollars),55166,284,276.1619166666667,79832.45059415928
B25119_003,2014,Kentucky,21,Renter occupied (dollars),24735,294,276.1619166666667,35794.79508114654
B25119_001,2014,Louisiana,22,All,44991,329,276.1619166666667,65107.888639412326
B25119_002,2014,Louisiana,22,Owner occupied (dollars),57681,532,276.1619166666667,83471.98605520977
B25119_003,2014,Louisiana,22,Renter occupied (dollars),26583,306,276.1619166666667,38469.09390103572
B25119_001,2014,Maine,23,All,48804,481,276.1619166666667,70625.80065252782
B25119_002,2014,Maine,23,Owner occupied (dollars),60154,514,276.1619166666667,87050.74199762639
B25119_003,2014,Maine,23,Renter occupied (dollars),26515,492,276.1619166666667,38370.68896610473
B25119_001,2014,Maryland,24,All,74149,395,276.1619166666667,107303.34588526115
B25119_002,2014,Maryland,24,Owner occupied (dollars),93724,438,276.1619166666667,135630.94296282102
B25119_003,2014,Maryland,24,Renter occupied (dollars),45116,417,276.1619166666667,65288.78006391782
B25119_001,2014,Massachusetts,25,All,67846,387,276.1619166666667,98182.07669599628
B25119_002,2014,Massachusetts,25,Owner occupied (dollars),91408,533,276.1619166666667,132279.3866495833
B25119_003,2014,Massachusetts,25,Renter occupied (dollars),37165,355,276.1619166666667,53782.63833397255
B25119_001,2014,Michigan,26,All,49087,192,276.1619166666667,71035.33883760826
B25119_002,2014,Michigan,26,Owner occupied (dollars),60317,192,276.1619166666667,87286.62441518155
B25119_003,2014,Michigan,26,Renter occupied (dollars),26554,173,276.1619166666667,38427.12709055044
B25119_001,2014,Minnesota,27,All,60828,240,276.1619166666667,88026.10855856
B25119_002,2014,Minnesota,27,Owner occupied (dollars),74687,297,276.1619166666667,108081.90257633278
B25119_003,2014,Minnesota,27,Renter occupied (dollars),31748,303,276.1619166666667,45943.5275616026
B25119_001,2014,Mississippi,28,All,39464,306,276.1619166666667,57109.59341347754
B25119_002,2014,Mississippi,28,Owner occupied (dollars),49112,428,276.1619166666667,71071.51712250935
B25119_003,2014,Mississippi,28,Renter occupied (dollars),23702,422,276.1619166666667,34299.90834903316
B25119_001,2014,Missouri,29,All,47764,234,276.1619166666667,69120.78400064213
B25119_002,2014,Missouri,29,Owner occupied (dollars),60313,270,276.1619166666667,87280.83588959738
B25119_003,2014,Missouri,29,Renter occupied (dollars),27902,282,276.1619166666667,40377.860212417654
B25119_001,2014,Montana,30,All,46766,502,276.1619166666667,67676.5468673903
B25119_002,2014,Montana,30,Owner occupied (dollars),58190,781,276.1619166666667,84208.57593579612
B25119_003,2014,Montana,30,Renter occupied (dollars),29167,729,276.1619166666667,42208.48142841322
B25119_001,2014,Nebraska,31,All,52400,334,276.1619166666667,75829.68515270179
B25119_002,2014,Nebraska,31,Owner occupied (dollars),66950,435,276.1619166666667,96885.44696514092
B25119_003,2014,Nebraska,31,Renter occupied (dollars),31539,371,276.1619166666667,45641.07709982942
B25119_001,2014,Nevada,32,All,52205,302,276.1619166666667,75547.49453047321
B25119_002,2014,Nevada,32,Owner occupied (dollars),66937,491,276.1619166666667,96866.63425699236
B25119_003,2014,Nevada,32,Renter occupied (dollars),37996,479,276.1619166666667,54985.20452408506
B25119_001,2014,New Hampshire,33,All,65986,546,276.1619166666667,95490.41229935458
B25119_002,2014,New Hampshire,33,Owner occupied (dollars),80867,611,276.1619166666667,117025.17460388425
B25119_003,2014,New Hampshire,33,Renter occupied (dollars),37949,785,276.1619166666667,54917.189348470994
B25119_001,2014,New Jersey,34,All,72062,330,276.1619166666667,104283.18266171748
B25119_002,2014,New Jersey,34,Owner occupied (dollars),94365,327,276.1619166666667,136558.5541876852
B25119_003,2014,New Jersey,34,Renter occupied (dollars),41062,308,276.1619166666667,59422.10938435574
B25119_001,2014,New Mexico,35,All,44968,419,276.1619166666667,65074.60461730332
B25119_002,2014,New Mexico,35,Owner occupied (dollars),55397,613,276.1619166666667,80166.73794664543
B25119_003,2014,New Mexico,35,Renter occupied (dollars),28298,598,276.1619166666667,40950.92424525105
B25119_001,2014,New York,36,All,58687,207,276.1619166666667,84927.80023962996
B25119_002,2014,New York,36,Owner occupied (dollars),81101,262,276.1619166666667,117363.80335055853
B25119_003,2014,New York,36,Renter occupied (dollars),37422,173,276.1619166666667,54154.55110275584
B25119_001,2014,North Carolina,37,All,46693,191,276.1619166666667,67570.9062754791
B25119_002,2014,North Carolina,37,Owner occupied (dollars),59204,277,276.1619166666667,85675.96717138466
B25119_003,2014,North Carolina,37,Renter occupied (dollars),29260,240,276.1619166666667,42343.06464824531
B25119_001,2014,North Dakota,38,All,55579,753,276.1619166666667,80430.11586072543
B25119_002,2014,North Dakota,38,Owner occupied (dollars),72034,817,276.1619166666667,104242.66298262824
B25119_003,2014,North Dakota,38,Renter occupied (dollars),32305,621,276.1619166666667,46749.57974919907
B25119_001,2014,Ohio,39,All,48849,162,276.1619166666667,70690.9215653498
B25119_002,2014,Ohio,39,Owner occupied (dollars),62909,193,276.1619166666667,91037.58899372742
B25119_003,2014,Ohio,39,Renter occupied (dollars),26950,161,276.1619166666667,39000.19112338384
B25119_001,2014,Oklahoma,40,All,46235,201,276.1619166666667,66908.12009609098
B25119_002,2014,Oklahoma,40,Owner occupied (dollars),57888,331,276.1619166666667,83771.54225419085
B25119_003,2014,Oklahoma,40,Renter occupied (dollars),29113,276,276.1619166666667,42130.336333026855
B25119_001,2014,Oregon,41,All,50521,266,276.1619166666667,73110.52525953525
B25119_002,2014,Oregon,41,Owner occupied (dollars),66256,364,276.1619166666667,95881.13777628644
B25119_003,2014,Oregon,41,Renter occupied (dollars),31756,365,276.1619166666667,45955.10461277095
B25119_001,2014,Pennsylvania,42,All,53115,159,276.1619166666667,76864.3841008732
B25119_002,2014,Pennsylvania,42,Owner occupied (dollars),66298,202,276.1619166666667,95941.91729492028
B25119_003,2014,Pennsylvania,42,Renter occupied (dollars),30128,204,276.1619166666667,43599.174700011434
B25119_001,2014,Rhode Island,44,All,56423,679,276.1619166666667,81651.4947589865
B25119_002,2014,Rhode Island,44,Owner occupied (dollars),78894,910,276.1619166666667,114169.9843594896
B25119_003,2014,Rhode Island,44,Renter occupied (dollars),30750,530,276.1619166666667,44499.29042835076
B25119_001,2014,South Carolina,45,All,45033,249,276.1619166666667,65168.668158046174
B25119_002,2014,South Carolina,45,Owner occupied (dollars),55527,369,276.1619166666667,80354.86502813114
B25119_003,2014,South Carolina,45,Renter occupied (dollars),27328,294,276.1619166666667,39547.20679108844
B25119_001,2014,South Dakota,46,All,50338,436,276.1619166666667,72845.70021405921
B25119_002,2014,South Dakota,46,Owner occupied (dollars),63903,644,276.1619166666667,92476.03760139507
B25119_003,2014,South Dakota,46,Renter occupied (dollars),29541,709,276.1619166666667,42749.70857053365
B25119_001,2014,Tennessee,47,All,44621,206,276.1619166666667,64572.45002287607
B25119_002,2014,Tennessee,47,Owner occupied (dollars),56400,270,276.1619166666667,81618.21073687749
B25119_003,2014,Tennessee,47,Renter occupied (dollars),26708,240,276.1619166666667,38649.98532554121
B25119_001,2014,Texas,48,All,52576,147,276.1619166666667,76084.38027840552
B25119_002,2014,Texas,48,Owner occupied (dollars),68067,214,276.1619166666667,98501.89273452199
B25119_003,2014,Texas,48,Renter occupied (dollars),34156,188,276.1619166666667,49428.21996327637
B25119_001,2014,Utah,49,All,59846,392,276.1619166666667,86605.02552764486
B25119_002,2014,Utah,49,Owner occupied (dollars),71918,447,276.1619166666667,104074.79574068716
B25119_003,2014,Utah,49,Renter occupied (dollars),35134,523,276.1619166666667,50843.51446860734
B25119_001,2014,Vermont,50,All,54447,555,276.1619166666667,78791.9631204037
B25119_002,2014,Vermont,50,Owner occupied (dollars),66471,635,276.1619166666667,96192.27102643588
B25119_003,2014,Vermont,50,Renter occupied (dollars),31595,570,276.1619166666667,45722.11645800788
B25119_001,2014,Virginia,51,All,64792,274,276.1619166666667,93762.53741247812
B25119_002,2014,Virginia,51,Owner occupied (dollars),80325,319,276.1619166666667,116240.82938722846
B25119_003,2014,Virginia,51,Renter occupied (dollars),41321,347,276.1619166666667,59796.91641593111
B25119_001,2014,Washington,53,All,60294,265,276.1619166666667,87253.34039307255
B25119_002,2014,Washington,53,Owner occupied (dollars),76673,290,276.1619166666667,110955.90552887603
B25119_003,2014,Washington,53,Renter occupied (dollars),38141,295,276.1619166666667,55195.038576511426
B25119_001,2014,West Virginia,54,All,41576,355,276.1619166666667,60165.934921922315
B25119_002,2014,West Virginia,54,Owner occupied (dollars),49643,434,276.1619166666667,71839.94389380868
B25119_003,2014,West Virginia,54,Renter occupied (dollars),22634,453,276.1619166666667,32754.372018058246
B25119_001,2014,Wisconsin,55,All,52738,201,276.1619166666667,76318.81556456463
B25119_002,2014,Wisconsin,55,Owner occupied (dollars),67186,230,276.1619166666667,97226.96997460729
B25119_003,2014,Wisconsin,55,Renter occupied (dollars),30207,215,276.1619166666667,43713.49808029891
B25119_001,2014,Wyoming,56,All,58252,788,276.1619166666667,84298.29808235084
B25119_002,2014,Wyoming,56,Owner occupied (dollars),70230,974,276.1619166666667,101632.037944165
B25119_003,2014,Wyoming,56,Renter occupied (dollars),36335,900,276.1619166666667,52581.51927525609
B25119_001,2014,Puerto Rico,72,All,19686,143,276.1619166666667,28488.22866252075
B25119_002,2014,Puerto Rico,72,Owner occupied (dollars),24732,199,276.1619166666667,35790.453686958404
B25119_003,2014,Puerto Rico,72,Renter occupied (dollars),11349,176,276.1619166666667,16423.49421370253
B25119_001,2015,Alabama,01,All,43623,281,286.0319166666667,60949.8704567876
B25119_002,2015,Alabama,01,Owner occupied (dollars),54695,332,286.0319166666667,76419.62186539205
B25119_003,2015,Alabama,01,Renter occupied (dollars),25326,300,286.0319166666667,35385.379712275695
B25119_001,2015,Alaska,02,All,72515,838,286.0319166666667,101317.65023437068
B25119_002,2015,Alaska,02,Owner occupied (dollars),88430,1173,286.0319166666667,123554.02068848375
B25119_003,2015,Alaska,02,Renter occupied (dollars),49548,1370,286.0319166666667,69228.25531010961
B25119_001,2015,Arizona,04,All,50255,211,286.0319166666667,70216.07270948491
B25119_002,2015,Arizona,04,Owner occupied (dollars),61644,290,286.0319166666667,86128.73517268905
B25119_003,2015,Arizona,04,Renter occupied (dollars),34710,356,286.0319166666667,48496.66468503077
B25119_001,2015,Arkansas,05,All,41371,247,286.0319166666667,57803.38561464731
B25119_002,2015,Arkansas,05,Owner occupied (dollars),52096,316,286.0319166666667,72788.31009597704
B25119_003,2015,Arkansas,05,Renter occupied (dollars),25690,321,286.0319166666667,35893.958967399616
B25119_001,2015,California,06,All,61818,156,286.0319166666667,86371.84723420432
B25119_002,2015,California,06,Owner occupied (dollars),84199,242,286.0319166666667,117642.48544554613
B25119_003,2015,California,06,Renter occupied (dollars),41788,151,286.0319166666667,58386.016244830476
B25119_001,2015,Colorado,08,All,60629,252,286.0319166666667,84710.58148051659
B25119_002,2015,Colorado,08,Owner occupied (dollars),77428,362,286.0319166666667,108182.07298278775
B25119_003,2015,Colorado,08,Renter occupied (dollars),37592,336,286.0319166666667,52523.38285334707
B25119_001,2015,Connecticut,09,All,70331,409,286.0319166666667,98266.17470362717
B25119_002,2015,Connecticut,09,Owner occupied (dollars),92047,544,286.0319166666667,128607.67773733873
B25119_003,2015,Connecticut,09,Renter occupied (dollars),36407,481,286.0319166666667,50867.70588268267
B25119_001,2015,Delaware,10,All,60509,595,286.0319166666667,84542.9179898164
B25119_002,2015,Delaware,10,Owner occupied (dollars),71856,721,286.0319166666667,100396.89823127547
B25119_003,2015,Delaware,10,Renter occupied (dollars),37723,995,286.0319166666667,52706.41549736145
B25119_001,2015,District of Columbia,11,All,70848,843,286.0319166666667,98988.52490939385
B25119_002,2015,District of Columbia,11,Owner occupied (dollars),113632,1885,286.0319166666667,158766.1481270359
B25119_003,2015,District of Columbia,11,Renter occupied (dollars),47802,1340,286.0319166666667,66788.7515204218
B25119_001,2015,Florida,12,All,47507,202,286.0319166666667,66376.5787724505
B25119_002,2015,Florida,12,Owner occupied (dollars),57539,267,286.0319166666667,80393.24659498662
B25119_003,2015,Florida,12,Renter occupied (dollars),33153,191,286.0319166666667,46321.230893195774
B25119_001,2015,Georgia,13,All,49620,245,286.0319166666667,69328.85340452973
B25119_002,2015,Georgia,13,Owner occupied (dollars),63965,273,286.0319166666667,89371.62652198195
B25119_003,2015,Georgia,13,Renter occupied (dollars),30982,248,286.0319166666667,43287.918907278116
B25119_001,2015,Hawaii,15,All,69515,725,286.0319166666667,97126.06296686587
B25119_002,2015,Hawaii,15,Owner occupied (dollars),87777,1099,286.0319166666667,122641.65185992354
B25119_003,2015,Hawaii,15,Renter occupied (dollars),50775,610,286.0319166666667,70942.61450251909
B25119_001,2015,Idaho,16,All,47583,494,286.0319166666667,66482.76564989396
B25119_002,2015,Idaho,16,Owner occupied (dollars),57628,626,286.0319166666667,80517.59701725593
B25119_003,2015,Idaho,16,Renter occupied (dollars),29589,608,286.0319166666667,41341.62521940004
B25119_001,2015,Illinois,17,All,57574,247,286.0319166666667,80442.14844644084
B25119_002,2015,Illinois,17,Owner occupied (dollars),73408,254,286.0319166666667,102565.3460443313
B25119_003,2015,Illinois,17,Renter occupied (dollars),32941,290,286.0319166666667,46025.02539295876
B25119_001,2015,Indiana,18,All,49255,221,286.0319166666667,68818.87695364997
B25119_002,2015,Indiana,18,Owner occupied (dollars),61173,240,286.0319166666667,85470.6559716908
B25119_003,2015,Indiana,18,Renter occupied (dollars),28216,271,286.0319166666667,39423.27544663867
B25119_001,2015,Iowa,19,All,53183,313,286.0319166666667,74307.06188256963
B25119_002,2015,Iowa,19,Owner occupied (dollars),64778,355,286.0319166666667,90507.54667147575
B25119_003,2015,Iowa,19,Renter occupied (dollars),29804,405,286.0319166666667,41642.02230690455
B25119_001,2015,Kansas,20,All,52205,232,286.0319166666667,72940.60443336306
B25119_002,2015,Kansas,20,Owner occupied (dollars),66166,361,286.0319166666667,92446.85438057464
B25119_003,2015,Kansas,20,Renter occupied (dollars),31894,321,286.0319166666667,44562.161436599585
B25119_001,2015,Kentucky,21,All,43740,302,286.0319166666667,61113.34236022028
B25119_002,2015,Kentucky,21,Owner occupied (dollars),55688,366,286.0319166666667,77807.03725093615
B25119_003,2015,Kentucky,21,Renter occupied (dollars),25410,240,286.0319166666667,35502.74415576583
B25119_001,2015,Louisiana,22,All,45047,315,286.0319166666667,62939.47721309655
B25119_002,2015,Louisiana,22,Owner occupied (dollars),58260,461,286.0319166666667,81400.62473494362
B25119_003,2015,Louisiana,22,Renter occupied (dollars),26607,276,286.0319166666667,37175.18747550025
B25119_001,2015,Maine,23,All,49331,512,286.0319166666667,68925.06383109343
B25119_002,2015,Maine,23,Owner occupied (dollars),60643,385,286.0319166666667,84730.14222109827
B25119_003,2015,Maine,23,Renter occupied (dollars),26753,597,286.0319166666667,37379.17805585216
B25119_001,2015,Maryland,24,All,74551,370,286.0319166666667,104162.34079325062
B25119_002,2015,Maryland,24,Owner occupied (dollars),94111,394,286.0319166666667,131491.48977738206
B25119_003,2015,Maryland,24,Renter occupied (dollars),45793,403,286.0319166666667,63981.78524694942
B25119_001,2015,Massachusetts,25,All,68563,384,286.0319166666667,95795.932607311
B25119_002,2015,Massachusetts,25,Owner occupied (dollars),92207,420,286.0319166666667,128831.22905827232
B25119_003,2015,Massachusetts,25,Renter occupied (dollars),37780,425,286.0319166666667,52786.05565544404
B25119_001,2015,Michigan,26,All,49576,186,286.0319166666667,69267.376791273
B25119_002,2015,Michigan,26,Owner occupied (dollars),60899,193,286.0319166666667,85087.82433459202
B25119_003,2015,Michigan,26,Renter occupied (dollars),27249,197,286.0319166666667,38072.187150746286
B25119_001,2015,Minnesota,27,All,61492,226,286.0319166666667,85916.36141780214
B25119_002,2015,Minnesota,27,Owner occupied (dollars),75507,242,286.0319166666667,105498.05993582883
B25119_003,2015,Minnesota,27,Renter occupied (dollars),32602,348,286.0319166666667,45551.37603173072
B25119_001,2015,Mississippi,28,All,39665,341,286.0319166666667,55419.769655192904
B25119_002,2015,Mississippi,28,Owner occupied (dollars),49283,458,286.0319166666667,68857.99843481336
B25119_003,2015,Mississippi,28,Renter occupied (dollars),24024,400,286.0319166666667,33566.2308381786
B25119_001,2015,Missouri,29,All,48173,250,286.0319166666667,67307.11114583658
B25119_002,2015,Missouri,29,Owner occupied (dollars),60797,274,286.0319166666667,84945.31036749686
B25119_003,2015,Missouri,29,Renter occupied (dollars),28664,291,286.0319166666667,40049.219145252726
B25119_001,2015,Montana,30,All,47169,490,286.0319166666667,65904.3266069783
B25119_002,2015,Montana,30,Owner occupied (dollars),59004,685,286.0319166666667,82440.1383772848
B25119_003,2015,Montana,30,Renter occupied (dollars),29621,665,286.0319166666667,41386.335483586765
B25119_001,2015,Nebraska,31,All,52997,347,286.0319166666667,74047.18347198432
B25119_002,2015,Nebraska,31,Owner occupied (dollars),67891,438,286.0319166666667,94857.01705938992
B25119_003,2015,Nebraska,31,Renter occupied (dollars),31892,333,286.0319166666667,44559.367045087914
B25119_001,2015,Nevada,32,All,51847,351,286.0319166666667,72440.40835277415
B25119_002,2015,Nevada,32,Owner occupied (dollars),66673,591,286.0319166666667,93155.23262878296
B25119_003,2015,Nevada,32,Renter occupied (dollars),37985,528,286.0319166666667,53072.4807853902
B25119_001,2015,New Hampshire,33,All,66779,537,286.0319166666667,93303.33537890147
B25119_002,2015,New Hampshire,33,Owner occupied (dollars),81842,716,286.0319166666667,114349.29504904317
B25119_003,2015,New Hampshire,33,Renter occupied (dollars),38560,825,286.0319166666667,53875.868344995295
B25119_001,2015,New Jersey,34,All,72093,286,286.0319166666667,100728.03362540834
B25119_002,2015,New Jersey,34,Owner occupied (dollars),95042,348,286.0319166666667,132792.27902606438
B25119_003,2015,New Jersey,34,Renter occupied (dollars),41114,267,286.0319166666667,57444.30630539773
B25119_001,2015,New Mexico,35,All,44963,440,286.0319166666667,62822.112769606414
B25119_002,2015,New Mexico,35,Owner occupied (dollars),55284,584,286.0319166666667,77242.57016557883
B25119_003,2015,New Mexico,35,Renter occupied (dollars),28465,553,286.0319166666667,39771.17718984157
B25119_001,2015,New York,36,All,59269,235,286.0319166666667,82810.39525258107
B25119_002,2015,New York,36,Owner occupied (dollars),81547,273,286.0319166666667,113937.12230107187
B25119_003,2015,New York,36,Renter occupied (dollars),37668,216,286.0319166666667,52629.56973079053
B25119_001,2015,North Carolina,37,All,46868,206,286.0319166666667,65483.77068447197
B25119_002,2015,North Carolina,37,Owner occupied (dollars),59651,305,286.0319166666667,83344.12403131001
B25119_003,2015,North Carolina,37,Renter occupied (dollars),29892,236,286.0319166666667,41764.97553341803
B25119_001,2015,North Dakota,38,All,57181,678,286.0319166666667,79893.0505143977
B25119_002,2015,North Dakota,38,Owner occupied (dollars),73803,912,286.0319166666667,103117.2383678861
B25119_003,2015,North Dakota,38,Renter occupied (dollars),34231,715,286.0319166666667,47827.40791798584
B25119_001,2015,Ohio,39,All,49429,179,286.0319166666667,69061.98901516525
B25119_002,2015,Ohio,39,Owner occupied (dollars),63617,188,286.0319166666667,88885.40239895138
B25119_003,2015,Ohio,39,Renter occupied (dollars),27501,242,286.0319166666667,38424.28048121669
B25119_001,2015,Oklahoma,40,All,46879,216,286.0319166666667,65499.13983778616
B25119_002,2015,Oklahoma,40,Owner occupied (dollars),58564,330,286.0319166666667,81825.37224471744
B25119_003,2015,Oklahoma,40,Renter occupied (dollars),29947,259,286.0319166666667,41841.82129998895
B25119_001,2015,Oregon,41,All,51243,271,286.0319166666667,71596.50211624985
B25119_002,2015,Oregon,41,Owner occupied (dollars),67070,400,286.0319166666667,93709.91934384944
B25119_003,2015,Oregon,41,Renter occupied (dollars),32513,353,286.0319166666667,45427.02560946141
B25119_001,2015,Pennsylvania,42,All,53599,173,286.0319166666667,74888.29531699696
B25119_002,2015,Pennsylvania,42,Owner occupied (dollars),66959,160,286.0319166666667,93554.83061495176
B25119_003,2015,Pennsylvania,42,Renter occupied (dollars),30644,202,286.0319166666667,42815.66674180591
B25119_001,2015,Rhode Island,44,All,56852,678,286.0319166666667,79433.37311072802
B25119_002,2015,Rhode Island,44,Owner occupied (dollars),80080,940,286.0319166666667,111887.436127262
B25119_003,2015,Rhode Island,44,Renter occupied (dollars),30934,576,286.0319166666667,43220.85351099804
B25119_001,2015,South Carolina,45,All,45483,272,286.0319166666667,63548.654562640586
B25119_002,2015,South Carolina,45,Owner occupied (dollars),55906,360,286.0319166666667,78111.62592570817
B25119_003,2015,South Carolina,45,Renter occupied (dollars),28012,361,286.0319166666667,39138.247512448346
B25119_001,2015,South Dakota,46,All,50957,461,286.0319166666667,71196.90413008105
B25119_002,2015,South Dakota,46,Owner occupied (dollars),64701,571,286.0319166666667,90399.96259827647
B25119_003,2015,South Dakota,46,Renter occupied (dollars),29965,683,286.0319166666667,41866.97082359398
B25119_001,2015,Tennessee,47,All,45219,243,286.0319166666667,63179.794883100156
B25119_002,2015,Tennessee,47,Owner occupied (dollars),57029,248,286.0319166666667,79680.6767595108
B25119_003,2015,Tennessee,47,Renter occupied (dollars),27382,241,286.0319166666667,38258.01418627233
B25119_001,2015,Texas,48,All,53207,174,286.0319166666667,74340.59458070966
B25119_002,2015,Texas,48,Owner occupied (dollars),69068,239,286.0319166666667,96501.51646400764
B25119_003,2015,Texas,48,Renter occupied (dollars),35034,177,286.0319166666667,48949.3561099213
B25119_001,2015,Utah,49,All,60727,329,286.0319166666667,84847.5066645884
B25119_002,2015,Utah,49,Owner occupied (dollars),72981,462,286.0319166666667,101968.74345658977
B25119_003,2015,Utah,49,Renter occupied (dollars),36255,494,286.0319166666667,50655.33212779576
B25119_001,2015,Vermont,50,All,55176,561,286.0319166666667,77091.67302394866
B25119_002,2015,Vermont,50,Owner occupied (dollars),66833,687,286.0319166666667,93378.78394971656
B25119_003,2015,Vermont,50,Renter occupied (dollars),32276,689,286.0319166666667,45095.89021532853
B25119_001,2015,Virginia,51,All,65015,270,286.0319166666667,90838.68206560863
B25119_002,2015,Virginia,51,Owner occupied (dollars),80615,274,286.0319166666667,112634.9358566337
B25119_003,2015,Virginia,51,Renter occupied (dollars),41637,329,286.0319166666667,58175.039685699405
B25119_001,2015,Washington,53,All,61062,228,286.0319166666667,85315.56724279311
B25119_002,2015,Washington,53,Owner occupied (dollars),77441,329,286.0319166666667,108200.2365276136
B25119_003,2015,Washington,53,Renter occupied (dollars),39396,325,286.0319166666667,55043.9239968733
B25119_001,2015,West Virginia,54,All,41751,433,286.0319166666667,58334.32000186459
B25119_002,2015,West Virginia,54,Owner occupied (dollars),49830,524,286.0319166666667,69622.26451325507
B25119_003,2015,West Virginia,54,Renter occupied (dollars),23326,552,286.0319166666667,32590.988200605814
B25119_001,2015,Wisconsin,55,All,53357,195,286.0319166666667,74550.1739440849
B25119_002,2015,Wisconsin,55,Owner occupied (dollars),67795,268,286.0319166666667,94722.88626682977
B25119_003,2015,Wisconsin,55,Renter occupied (dollars),30841,203,286.0319166666667,43090.91430570539
B25119_001,2015,Wyoming,56,All,58840,934,286.0319166666667,82210.99827332787
B25119_002,2015,Wyoming,56,Owner occupied (dollars),71157,1064,286.0319166666667,99420.25839794683
B25119_003,2015,Wyoming,56,Renter occupied (dollars),37119,1063,286.0319166666667,51862.50926083714
B25119_001,2015,Puerto Rico,72,All,19350,160,286.0319166666667,27035.737875406092
B25119_002,2015,Puerto Rico,72,Owner occupied (dollars),24456,201,286.0319166666667,34169.819404699294
B25119_003,2015,Puerto Rico,72,Renter occupied (dollars),11066,162,286.0319166666667,15461.368234069449
B25119_001,2016,Alabama,01,All,44758,314,296.8204166666667,60262.70967649631
B25119_002,2016,Alabama,01,Owner occupied (dollars),55873,351,296.8204166666667,75228.07939932254
B25119_003,2016,Alabama,01,Renter occupied (dollars),25999,321,296.8204166666667,35005.366389901865
B25119_001,2016,Alaska,02,All,74444,809,296.8204166666667,100232.2972241184
B25119_002,2016,Alaska,02,Owner occupied (dollars),90966,1214,296.8204166666667,122477.7167977158
B25119_003,2016,Alaska,02,Renter occupied (dollars),51397,974,296.8204166666667,69201.53914926674
B25119_001,2016,Arizona,04,All,51340,231,296.8204166666667,69124.79366350867
B25119_002,2016,Arizona,04,Owner occupied (dollars),63012,352,296.8204166666667,84840.11488751476
B25119_003,2016,Arizona,04,Renter occupied (dollars),35905,309,296.8204166666667,48342.923967438226
B25119_001,2016,Arkansas,05,All,42336,234,296.8204166666667,57001.6997377932
B25119_002,2016,Arkansas,05,Owner occupied (dollars),53342,405,296.8204166666667,71820.31054925748
B25119_003,2016,Arkansas,05,Renter occupied (dollars),26724,288,296.8204166666667,35981.51511226345
B25119_001,2016,California,06,All,63783,188,296.8204166666667,85878.19856329515
B25119_002,2016,California,06,Owner occupied (dollars),86568,240,296.8204166666667,116556.19668606578
B25119_003,2016,California,06,Renter occupied (dollars),43419,166,296.8204166666667,58459.863967196776
B25119_001,2016,Colorado,08,All,62520,287,296.8204166666667,84177.68016833972
B25119_002,2016,Colorado,08,Owner occupied (dollars),79776,376,296.8204166666667,107411.3661725763
B25119_003,2016,Colorado,08,Renter occupied (dollars),39538,407,296.8204166666667,53234.438875492895
B25119_001,2016,Connecticut,09,All,71755,473,296.8204166666667,96611.79527318005
B25119_002,2016,Connecticut,09,Owner occupied (dollars),94523,616,296.8204166666667,127266.90439142636
B25119_003,2016,Connecticut,09,Renter occupied (dollars),37585,483,296.8204166666667,50604.89617925542
B25119_001,2016,Delaware,10,All,61017,723,296.8204166666667,82154.02288598185
B25119_002,2016,Delaware,10,Owner occupied (dollars),72470,828,296.8204166666667,97574.4798752332
B25119_003,2016,Delaware,10,Renter occupied (dollars),38152,1156,296.8204166666667,51368.311800743715
B25119_001,2016,District of Columbia,11,All,72935,1164,296.8204166666667,98200.56146957546
B25119_002,2016,District of Columbia,11,Owner occupied (dollars),118203,2464,296.8204166666667,159149.941281802
B25119_003,2016,District of Columbia,11,Renter occupied (dollars),49113,1409,296.8204166666667,66126.33407082004
B25119_001,2016,Florida,12,All,48900,200,296.8204166666667,65839.54830825036
B25119_002,2016,Florida,12,Owner occupied (dollars),59209,262,296.8204166666667,79719.70993421668
B25119_003,2016,Florida,12,Renter occupied (dollars),34622,234,296.8204166666667,46615.47733186593
B25119_001,2016,Georgia,13,All,51037,182,296.8204166666667,68716.83081816306
B25119_002,2016,Georgia,13,Owner occupied (dollars),65914,311,296.8204166666667,88747.40260102278
B25119_003,2016,Georgia,13,Renter occupied (dollars),32100,211,296.8204166666667,43219.82619007846
B25119_001,2016,Hawaii,15,All,71977,663,296.8204166666667,96910.69874402732
B25119_002,2016,Hawaii,15,Owner occupied (dollars),90877,852,296.8204166666667,122357.88612697071
B25119_003,2016,Hawaii,15,Renter occupied (dollars),52188,602,296.8204166666667,70266.55106566401
B25119_001,2016,Idaho,16,All,49174,425,296.8204166666667,66208.4652047015
B25119_002,2016,Idaho,16,Owner occupied (dollars),59554,524,296.8204166666667,80184.22208485771
B25119_003,2016,Idaho,16,Renter occupied (dollars),30762,517,296.8204166666667,41418.32689280977
B25119_001,2016,Illinois,17,All,59196,236,296.8204166666667,79702.20657781571
B25119_002,2016,Illinois,17,Owner occupied (dollars),75354,252,296.8204166666667,101457.53217218605
B25119_003,2016,Illinois,17,Renter occupied (dollars),34488,282,296.8204166666667,46435.058119732894
B25119_001,2016,Indiana,18,All,50433,195,296.8204166666667,67903.59795153355
B25119_002,2016,Indiana,18,Owner occupied (dollars),62593,289,296.8204166666667,84275.9682465913
B25119_003,2016,Indiana,18,Renter occupied (dollars),29285,277,296.8204166666667,39429.67632325382
B25119_001,2016,Iowa,19,All,54570,300,296.8204166666667,73473.70452313338
B25119_002,2016,Iowa,19,Owner occupied (dollars),66527,352,296.8204166666667,89572.75317592989
B25119_003,2016,Iowa,19,Renter occupied (dollars),30828,316,296.8204166666667,41507.19008684544
B25119_001,2016,Kansas,20,All,53571,305,296.8204166666667,72128.63890432066
B25119_002,2016,Kansas,20,Owner occupied (dollars),67823,419,296.8204166666667,91317.70316790315
B25119_003,2016,Kansas,20,Renter occupied (dollars),32780,459,296.8204166666667,44135.38637105208
B25119_001,2016,Kentucky,21,All,44811,312,296.8204166666667,60334.06951413102
B25119_002,2016,Kentucky,21,Owner occupied (dollars),56922,365,296.8204166666667,76640.46561967744
B25119_003,2016,Kentucky,21,Renter occupied (dollars),26529,279,296.8204166666667,35718.96476624895
B25119_001,2016,Louisiana,22,All,45652,316,296.8204166666667,61466.40203207046
B25119_002,2016,Louisiana,22,Owner occupied (dollars),59392,614,296.8204166666667,79966.10333586104
B25119_003,2016,Louisiana,22,Renter occupied (dollars),27113,299,296.8204166666667,36505.269392261594
B25119_001,2016,Maine,23,All,50826,425,296.8204166666667,68432.73787965506
B25119_002,2016,Maine,23,Owner occupied (dollars),61950,502,296.8204166666667,83410.22531075889
B25119_003,2016,Maine,23,Renter occupied (dollars),28066,788,296.8204166666667,37788.40005765551
B25119_001,2016,Maryland,24,All,76067,423,296.8204166666667,102417.5239501775
B25119_002,2016,Maryland,24,Owner occupied (dollars),95994,455,296.8204166666667,129247.47648879724
B25119_003,2016,Maryland,24,Renter occupied (dollars),47333,376,296.8204166666667,63729.72065591849
B25119_001,2016,Massachusetts,25,All,70954,343,296.8204166666667,95533.31923647436
B25119_002,2016,Massachusetts,25,Owner occupied (dollars),95052,429,296.8204166666667,127979.1563557426
B25119_003,2016,Massachusetts,25,Renter occupied (dollars),39116,393,296.8204166666667,52666.25299847691
B25119_001,2016,Michigan,26,All,50803,162,296.8204166666667,68401.77040294567
B25119_002,2016,Michigan,26,Owner occupied (dollars),62251,180,296.8204166666667,83815.4953320428
B25119_003,2016,Michigan,26,Renter occupied (dollars),28598,255,296.8204166666667,38504.69125806429
B25119_001,2016,Minnesota,27,All,63217,225,296.8204166666667,85116.12935383769
B25119_002,2016,Minnesota,27,Owner occupied (dollars),77618,275,296.8204166666667,104505.80901001587
B25119_003,2016,Minnesota,27,Renter occupied (dollars),34348,316,296.8204166666667,46246.560435414794
B25119_001,2016,Mississippi,28,All,40528,258,296.8204166666667,54567.38678602803
B25119_002,2016,Mississippi,28,Owner occupied (dollars),50403,343,296.8204166666667,67863.20559060824
B25119_003,2016,Mississippi,28,Renter occupied (dollars),24844,476,296.8204166666667,33450.26049427754
B25119_001,2016,Missouri,29,All,49593,259,296.8204166666667,66772.61184562495
B25119_002,2016,Missouri,29,Owner occupied (dollars),62242,262,296.8204166666667,83803.37762376522
B25119_003,2016,Missouri,29,Renter occupied (dollars),30016,281,296.8204166666667,40413.90351780046
B25119_001,2016,Montana,30,All,48380,532,296.8204166666667,65139.41405221171
B25119_002,2016,Montana,30,Owner occupied (dollars),60564,624,296.8204166666667,81544.09823600971
B25119_003,2016,Montana,30,Renter occupied (dollars),30651,464,296.8204166666667,41268.87515738613
B25119_001,2016,Nebraska,31,All,54384,314,296.8204166666667,73223.27188539648
B25119_002,2016,Nebraska,31,Owner occupied (dollars),69541,395,296.8204166666667,93630.8390368924
B25119_003,2016,Nebraska,31,Renter occupied (dollars),32466,403,296.8204166666667,43712.612993367205
B25119_001,2016,Nevada,32,All,53094,378,296.8204166666667,71486.40036560828
B25119_002,2016,Nevada,32,Owner occupied (dollars),68369,550,296.8204166666667,92052.84413674373
B25119_003,2016,Nevada,32,Renter occupied (dollars),38963,507,296.8204166666667,52460.25195775785
B25119_001,2016,New Hampshire,33,All,68485,579,296.8204166666667,92209.0279323216
B25119_002,2016,New Hampshire,33,Owner occupied (dollars),83641,699,296.8204166666667,112615.24867178667
B25119_003,2016,New Hampshire,33,Renter occupied (dollars),40305,709,296.8204166666667,54267.13690314991
B25119_001,2016,New Jersey,34,All,73702,377,296.8204166666667,99233.25949723247
B25119_002,2016,New Jersey,34,Owner occupied (dollars),97281,493,296.8204166666667,130980.3087724929
B25119_003,2016,New Jersey,34,Renter occupied (dollars),42169,315,296.8204166666667,56776.84892864232
B25119_001,2016,New Mexico,35,All,45674,350,296.8204166666667,61496.02309674902
B25119_002,2016,New Mexico,35,Owner occupied (dollars),55941,552,296.8204166666667,75319.63541741991
B25119_003,2016,New Mexico,35,Renter occupied (dollars),29282,563,296.8204166666667,39425.63708716129
B25119_001,2016,New York,36,All,60741,209,296.8204166666667,81782.41316546901
B25119_002,2016,New York,36,Owner occupied (dollars),83277,344,296.8204166666667,112125.15469255962
B25119_003,2016,New York,36,Renter occupied (dollars),38983,238,296.8204166666667,52487.18019837472
B25119_001,2016,North Carolina,37,All,48256,229,296.8204166666667,64972.458960387106
B25119_002,2016,North Carolina,37,Owner occupied (dollars),61102,247,296.8204166666667,82268.46790860355
B25119_003,2016,North Carolina,37,Renter occupied (dollars),31027,175,296.8204166666667,41775.12608098331
B25119_001,2016,North Dakota,38,All,59114,853,296.8204166666667,79591.80079128654
B25119_002,2016,North Dakota,38,Owner occupied (dollars),76410,781,296.8204166666667,102879.34327675684
B25119_003,2016,North Dakota,38,Renter occupied (dollars),36149,796,296.8204166666667,48671.44850296406
B25119_001,2016,Ohio,39,All,50674,157,296.8204166666667,68228.08325096684
B25119_002,2016,Ohio,39,Owner occupied (dollars),65077,256,296.8204166666667,87620.45573120672
B25119_003,2016,Ohio,39,Renter occupied (dollars),28832,206,296.8204166666667,38819.75167328169
B25119_001,2016,Oklahoma,40,All,48038,247,296.8204166666667,64678.941137663205
B25119_002,2016,Oklahoma,40,Owner occupied (dollars),60309,268,296.8204166666667,81200.76316814461
B25119_003,2016,Oklahoma,40,Renter occupied (dollars),30832,230,296.8204166666667,41512.575734968814
B25119_001,2016,Oregon,41,All,53270,327,296.8204166666667,71723.36888303675
B25119_002,2016,Oregon,41,Owner occupied (dollars),69328,404,296.8204166666667,93344.05327432272
B25119_003,2016,Oregon,41,Renter occupied (dollars),34215,360,296.8204166666667,46067.4876353126
B25119_001,2016,Pennsylvania,42,All,54895,185,296.8204166666667,73911.28843315753
B25119_002,2016,Pennsylvania,42,Owner occupied (dollars),68587,235,296.8204166666667,92346.36195946764
B25119_003,2016,Pennsylvania,42,Renter occupied (dollars),31605,186,296.8204166666667,42553.35223481089
B25119_001,2016,Rhode Island,44,All,58387,712,296.8204166666667,78612.95924486326
B25119_002,2016,Rhode Island,44,Owner occupied (dollars),82124,831,296.8204166666667,110572.74162099698
B25119_003,2016,Rhode Island,44,Renter occupied (dollars),31519,582,296.8204166666667,42437.560800158346
B25119_001,2016,South Carolina,45,All,46898,307,296.8204166666667,63144.03142250154
B25119_002,2016,South Carolina,45,Owner occupied (dollars),57389,387,296.8204166666667,77269.24003808139
B25119_003,2016,South Carolina,45,Renter occupied (dollars),29505,419,296.8204166666667,39725.886970039406
B25119_001,2016,South Dakota,46,All,52078,508,296.8204166666667,70118.44574227121
B25119_002,2016,South Dakota,46,Owner occupied (dollars),66299,580,296.8204166666667,89265.77123289756
B25119_003,2016,South Dakota,46,Renter occupied (dollars),30800,415,296.8204166666667,41469.49054998182
B25119_001,2016,Tennessee,47,All,46574,206,296.8204166666667,62707.79392450822
B25119_002,2016,Tennessee,47,Owner occupied (dollars),58570,275,296.8204166666667,78859.35264650764
B25119_003,2016,Tennessee,47,Renter occupied (dollars),28937,299,296.8204166666667,38961.12493652026
B25119_001,2016,Texas,48,All,54727,165,296.8204166666667,73685.09121197581
B25119_002,2016,Texas,48,Owner occupied (dollars),70980,244,296.8204166666667,95568.32594927629
B25119_003,2016,Texas,48,Renter occupied (dollars),36330,172,296.8204166666667,48915.14908054674
B25119_001,2016,Utah,49,All,62518,349,296.8204166666667,84174.98734427804
B25119_002,2016,Utah,49,Owner occupied (dollars),75170,442,296.8204166666667,101209.79235851084
B25119_003,2016,Utah,49,Renter occupied (dollars),38196,622,296.8204166666667,51427.55393010083
B25119_001,2016,Vermont,50,All,56104,793,296.8204166666667,75539.10057844741
B25119_002,2016,Vermont,50,Owner occupied (dollars),67938,803,296.8204166666667,91472.54055145016
B25119_003,2016,Vermont,50,Renter occupied (dollars),32858,763,296.8204166666667,44240.40650945788
B25119_001,2016,Virginia,51,All,66149,285,296.8204166666667,89063.80942827102
B25119_002,2016,Virginia,51,Owner occupied (dollars),82180,294,296.8204166666667,110648.14069472422
B25119_003,2016,Virginia,51,Renter occupied (dollars),42481,301,296.8204166666667,57196.929482265514
B25119_001,2016,Washington,53,All,62848,343,296.8204166666667,84619.30331445641
B25119_002,2016,Washington,53,Owner occupied (dollars),79796,386,296.8204166666667,107438.29441319316
B25119_003,2016,Washington,53,Renter occupied (dollars),41061,313,296.8204166666667,55285.02439846765
B25119_001,2016,West Virginia,54,All,42644,410,296.8204166666667,57416.39464329301
B25119_002,2016,West Virginia,54,Owner occupied (dollars),51051,475,296.8204166666667,68735.68058659487
B25119_003,2016,West Virginia,54,Renter occupied (dollars),24321,500,296.8204166666667,32746.08700214636
B25119_001,2016,Wisconsin,55,All,54610,201,296.8204166666667,73527.56100436712
B25119_002,2016,Wisconsin,55,Owner occupied (dollars),69544,298,296.8204166666667,93634.87827298493
B25119_003,2016,Wisconsin,55,Renter occupied (dollars),31736,188,296.8204166666667,42729.7322108514
B25119_001,2016,Wyoming,56,All,59143,896,296.8204166666667,79630.846740181
B25119_002,2016,Wyoming,56,Owner occupied (dollars),71791,850,296.8204166666667,96660.26610629042
B25119_003,2016,Wyoming,56,Renter occupied (dollars),37959,1208,296.8204166666667,51108.45427879091
B25119_001,2016,Puerto Rico,72,All,19606,168,296.8204166666667,26397.754276718948
B25119_002,2016,Puerto Rico,72,Owner occupied (dollars),24753,234,296.8204166666667,33327.73699947078
B25119_003,2016,Puerto Rico,72,Renter occupied (dollars),11236,202,296.8204166666667,15128.285578558303
B25119_001,2017,Alabama,01,All,46472,301,308.14258333333333,60271.41648796242
B25119_002,2017,Alabama,01,Owner occupied (dollars),57820,404,308.14258333333333,74989.0966890598
B25119_003,2017,Alabama,01,Renter occupied (dollars),26957,293,308.14258333333333,34961.62365006893
B25119_001,2017,Alaska,02,All,76114,979,308.14258333333333,98715.32524024729
B25119_002,2017,Alaska,02,Owner occupied (dollars),92952,1267,308.14258333333333,120553.20849950687
B25119_003,2017,Alaska,02,Renter occupied (dollars),53370,1106,308.14258333333333,69217.7116965604
B25119_001,2017,Arizona,04,All,53510,259,308.14258333333333,69399.28335924576
B25119_002,2017,Arizona,04,Owner occupied (dollars),65845,336,308.14258333333333,85397.04378227504
B25119_003,2017,Arizona,04,Renter occupied (dollars),37292,298,308.14258333333333,48365.503177592844
B25119_001,2017,Arkansas,05,All,43813,401,308.14258333333333,56822.85183738805
B25119_002,2017,Arkansas,05,Owner occupied (dollars),54979,468,308.14258333333333,71304.48887699445
B25119_003,2017,Arkansas,05,Renter occupied (dollars),28079,445,308.14258333333333,36416.79083244743
B25119_001,2017,California,06,All,67169,192,308.14258333333333,87114.19293509959
B25119_002,2017,California,06,Owner occupied (dollars),90735,239,308.14258333333333,117677.89152683919
B25119_003,2017,California,06,Renter occupied (dollars),46062,163,308.14258333333333,59739.67090438383
B25119_001,2017,Colorado,08,All,65458,317,308.14258333333333,84895.12782899475
B25119_002,2017,Colorado,08,Owner occupied (dollars),82905,379,308.14258333333333,107522.84782093571
B25119_003,2017,Colorado,08,Renter occupied (dollars),41660,344,308.14258333333333,54030.53905337654
B25119_001,2017,Connecticut,09,All,73781,450,308.14258333333333,95689.56317564029
B25119_002,2017,Connecticut,09,Owner occupied (dollars),97169,583,308.14258333333333,126022.40636767991
B25119_003,2017,Connecticut,09,Renter occupied (dollars),39110,630,308.14258333333333,50723.340911607214
B25119_001,2017,Delaware,10,All,63036,738,308.14258333333333,81753.93806453777
B25119_002,2017,Delaware,10,Owner occupied (dollars),74688,852,308.14258333333333,96865.88816175197
B25119_003,2017,Delaware,10,Renter occupied (dollars),39108,1370,308.14258333333333,50720.747030711704
B25119_001,2017,District of Columbia,11,All,77649,1075,308.14258333333333,100706.12882754764
B25119_002,2017,District of Columbia,11,Owner occupied (dollars),122552,2324,308.14258333333333,158942.6457529861
B25119_003,2017,District of Columbia,11,Renter occupied (dollars),51838,1099,308.14258333333333,67230.79893060328
B25119_001,2017,Florida,12,All,50883,140,308.14258333333333,65992.22080299948
B25119_002,2017,Florida,12,Owner occupied (dollars),61468,192,308.14258333333333,79720.33544246157
B25119_003,2017,Florida,12,Renter occupied (dollars),36189,165,308.14258333333333,46934.977863721644
B25119_001,2017,Georgia,13,All,52977,282,308.14258333333333,68708.01410059359
B25119_002,2017,Georgia,13,Owner occupied (dollars),68343,435,308.14258333333333,88636.80102076122
B25119_003,2017,Georgia,13,Renter occupied (dollars),34176,289,308.14258333333333,44324.2367423955
B25119_001,2017,Hawaii,15,All,74923,736,308.14258333333333,97170.66916697385
B25119_002,2017,Hawaii,15,Owner occupied (dollars),94123,936,308.14258333333333,122071.92576382525
B25119_003,2017,Hawaii,15,Renter occupied (dollars),54216,933,308.14258333333333,70314.92331535915
B25119_001,2017,Idaho,16,All,50985,368,308.14258333333333,66124.50872867026
B25119_002,2017,Idaho,16,Owner occupied (dollars),61658,550,308.14258333333333,79966.75412753459
B25119_003,2017,Idaho,16,Renter occupied (dollars),31998,478,308.14258333333333,41499.50044719017
B25119_001,2017,Illinois,17,All,61229,190,308.14258333333333,79410.36667544868
B25119_002,2017,Illinois,17,Owner occupied (dollars),77913,250,308.14258333333333,101048.52110575435
B25119_003,2017,Illinois,17,Renter occupied (dollars),35889,211,308.14258333333333,46545.89572939584
B25119_001,2017,Indiana,18,All,52182,200,308.14258333333333,67676.94644463022
B25119_002,2017,Indiana,18,Owner occupied (dollars),64779,271,308.14258333333333,84014.50526497069
B25119_003,2017,Indiana,18,Renter occupied (dollars),30541,223,308.14258333333333,39609.85821481452
B25119_001,2017,Iowa,19,All,56570,303,308.14258333333333,73367.92112936896
B25119_002,2017,Iowa,19,Owner occupied (dollars),69105,339,308.14258333333333,89625.06964194876
B25119_003,2017,Iowa,19,Renter occupied (dollars),31975,261,308.14258333333333,41469.670816891856
B25119_001,2017,Kansas,20,All,55477,401,308.14258333333333,71950.36521997528
B25119_002,2017,Kansas,20,Owner occupied (dollars),70126,545,308.14258333333333,90949.24583910425
B25119_003,2017,Kansas,20,Renter occupied (dollars),34059,420,308.14258333333333,44172.49471000844
B25119_001,2017,Kentucky,21,All,46535,288,308.14258333333333,60353.12373617084
B25119_002,2017,Kentucky,21,Owner occupied (dollars),59071,356,308.14258333333333,76611.5691891984
B25119_003,2017,Kentucky,21,Renter occupied (dollars),27888,447,308.14258333333333,36169.07520692667
B25119_001,2017,Louisiana,22,All,46710,353,308.14258333333333,60580.08831452756
B25119_002,2017,Louisiana,22,Owner occupied (dollars),60968,404,308.14258333333333,79071.86521858523
B25119_003,2017,Louisiana,22,Renter occupied (dollars),27400,359,308.14258333333333,35536.16826842336
B25119_001,2017,Maine,23,All,53024,513,308.14258333333333,68768.97030163796
B25119_002,2017,Maine,23,Owner occupied (dollars),64679,527,308.14258333333333,83884.81122019542
B25119_003,2017,Maine,23,Renter occupied (dollars),29350,695,308.14258333333333,38065.20214154108
B25119_001,2017,Maryland,24,All,78916,380,308.14258333333333,102349.35237485029
B25119_002,2017,Maryland,24,Owner occupied (dollars),99209,465,308.14258333333333,128668.16488109536
B25119_003,2017,Maryland,24,Renter occupied (dollars),48919,437,308.14258333333333,63445.029763613224
B25119_001,2017,Massachusetts,25,All,74167,380,308.14258333333333,96190.18218847283
B25119_002,2017,Massachusetts,25,Owner occupied (dollars),99031,438,308.14258333333333,128437.3094813954
B25119_003,2017,Massachusetts,25,Renter occupied (dollars),40760,321,308.14258333333333,52863.292650399126
B25119_001,2017,Michigan,26,All,52668,180,308.14258333333333,68307.25950223801
B25119_002,2017,Michigan,26,Owner occupied (dollars),64620,222,308.14258333333333,83808.29173377801
B25119_003,2017,Michigan,26,Renter occupied (dollars),30356,185,308.14258333333333,39369.92423198027
B25119_001,2017,Minnesota,27,All,65699,249,308.14258333333333,85207.69047690315
B25119_002,2017,Minnesota,27,Owner occupied (dollars),80592,298,308.14258333333333,104523.02456528378
B25119_003,2017,Minnesota,27,Renter occupied (dollars),35964,310,308.14258333333333,46643.16626297729
B25119_001,2017,Mississippi,28,All,42009,278,308.14258333333333,54483.171269642226
B25119_002,2017,Mississippi,28,Owner occupied (dollars),52069,419,308.14258333333333,67530.39217403416
B25119_003,2017,Mississippi,28,Renter occupied (dollars),26144,470,308.14258333333333,33907.211066045995
B25119_001,2017,Missouri,29,All,51542,215,308.14258333333333,66846.90455806849
B25119_002,2017,Missouri,29,Owner occupied (dollars),64564,309,308.14258333333333,83735.66306870386
B25119_003,2017,Missouri,29,Renter occupied (dollars),31469,223,308.14258333333333,40813.418950329
B25119_001,2017,Montana,30,All,50801,479,308.14258333333333,65885.87168628376
B25119_002,2017,Montana,30,Owner occupied (dollars),62747,621,308.14258333333333,81379.12227513724
B25119_003,2017,Montana,30,Renter occupied (dollars),31618,474,308.14258333333333,41006.663077044155
B25119_001,2017,Nebraska,31,All,56675,392,308.14258333333333,73504.09987638298
B25119_002,2017,Nebraska,31,Owner occupied (dollars),72289,419,308.14258333333333,93754.52802759329
B25119_003,2017,Nebraska,31,Renter occupied (dollars),34629,533,308.14258333333333,44911.750765227465
B25119_001,2017,Nevada,32,All,55434,349,308.14258333333333,71894.59678072191
B25119_002,2017,Nevada,32,Owner occupied (dollars),70797,493,308.14258333333333,91819.4928795463
B25119_003,2017,Nevada,32,Renter occupied (dollars),40528,356,308.14258333333333,52562.40246652051
B25119_001,2017,New Hampshire,33,All,71305,733,308.14258333333333,92478.33862700466
B25119_002,2017,New Hampshire,33,Owner occupied (dollars),87002,956,308.14258333333333,112836.41283537843
B25119_003,2017,New Hampshire,33,Renter occupied (dollars),41638,839,308.14258333333333,54002.00636352598
B25119_001,2017,New Jersey,34,All,76475,425,308.14258333333333,99183.52074188601
B25119_002,2017,New Jersey,34,Owner occupied (dollars),101103,450,308.14258333333333,131124.57008913893
B25119_003,2017,New Jersey,34,Renter occupied (dollars),43991,421,308.14258333333333,57053.70723708803
B25119_001,2017,New Mexico,35,All,46718,408,308.14258333333333,60590.46383810958
B25119_002,2017,New Mexico,35,Owner occupied (dollars),56930,656,308.14258333333333,73834.81969055992
B25119_003,2017,New Mexico,35,Renter occupied (dollars),30085,583,308.14258333333333,39018.4533706393
B25119_001,2017,New York,36,All,62765,225,308.14258333333333,81402.4672031968
B25119_002,2017,New York,36,Owner occupied (dollars),86275,323,308.14258333333333,111893.53712986223
B25119_003,2017,New York,36,Renter occupied (dollars),40357,185,308.14258333333333,52340.6256499548
B25119_001,2017,North Carolina,37,All,50320,204,308.14258333333333,65262.04333091473
B25119_002,2017,North Carolina,37,Owner occupied (dollars),63390,288,308.14258333333333,82213.05498304222
B25119_003,2017,North Carolina,37,Renter occupied (dollars),32220,180,308.14258333333333,41787.421226591265
B25119_001,2017,North Dakota,38,All,61285,669,308.14258333333333,79482.99534052283
B25119_002,2017,North Dakota,38,Owner occupied (dollars),78946,833,308.14258333333333,102388.26058828286
B25119_003,2017,North Dakota,38,Renter occupied (dollars),37233,854,308.14258333333333,48288.98369117544
B25119_001,2017,Ohio,39,All,52407,153,308.14258333333333,67968.75804537456
B25119_002,2017,Ohio,39,Owner occupied (dollars),67426,220,308.14258333333333,87447.50663017202
B25119_003,2017,Ohio,39,Renter occupied (dollars),30375,175,308.14258333333333,39394.56610048757
B25119_001,2017,Oklahoma,40,All,49767,240,308.14258333333333,64544.8352633075
B25119_002,2017,Oklahoma,40,Owner occupied (dollars),61988,227,308.14258333333333,80394.74447529296
B25119_003,2017,Oklahoma,40,Renter occupied (dollars),31826,243,308.14258333333333,41276.42669017671
B25119_001,2017,Oregon,41,All,56119,370,308.14258333333333,72783.0009874325
B25119_002,2017,Oregon,41,Owner occupied (dollars),72625,425,308.14258333333333,94190.3000180382
B25119_003,2017,Oregon,41,Renter occupied (dollars),36295,352,308.14258333333333,47072.453551183426
B25119_001,2017,Pennsylvania,42,All,56951,205,308.14258333333333,73862.05543996273
B25119_002,2017,Pennsylvania,42,Owner occupied (dollars),71113,251,308.14258333333333,92229.32606103615
B25119_003,2017,Pennsylvania,42,Renter occupied (dollars),32610,246,308.14258333333333,42293.22800121481
B25119_001,2017,Rhode Island,44,All,61043,763,308.14258333333333,79169.13575216668
B25119_002,2017,Rhode Island,44,Owner occupied (dollars),85025,931,308.14258333333333,110272.36157017139
B25119_003,2017,Rhode Island,44,Renter occupied (dollars),32361,807,308.14258333333333,41970.289829724396
B25119_001,2017,South Carolina,45,All,48781,288,308.14258333333333,63266.05198182335
B25119_002,2017,South Carolina,45,Owner occupied (dollars),59583,390,308.14258333333333,77275.60269844778
B25119_003,2017,South Carolina,45,Renter occupied (dollars),30814,272,308.14258333333333,39963.922957051
B25119_001,2017,South Dakota,46,All,54126,531,308.14258333333333,70198.19867506142
B25119_002,2017,South Dakota,46,Owner occupied (dollars),68701,728,308.14258333333333,89101.10570105669
B25119_003,2017,South Dakota,46,Renter occupied (dollars),31487,571,308.14258333333333,40836.76387838855
B25119_001,2017,Tennessee,47,All,48708,242,308.14258333333333,63171.37532913741
B25119_002,2017,Tennessee,47,Owner occupied (dollars),60787,305,308.14258333333333,78837.118997542
B25119_003,2017,Tennessee,47,Renter occupied (dollars),30580,261,308.14258333333333,39660.43889227687
B25119_001,2017,Texas,48,All,57051,183,308.14258333333333,73991.749484738
B25119_002,2017,Texas,48,Owner occupied (dollars),73712,214,308.14258333333333,95600.07428474535
B25119_003,2017,Texas,48,Renter occupied (dollars),37958,208,308.14258333333333,49229.26551579613
B25119_001,2017,Utah,49,All,65325,407,308.14258333333333,84722.63474944365
B25119_002,2017,Utah,49,Owner occupied (dollars),78530,440,308.14258333333333,101848.73336201775
B25119_003,2017,Utah,49,Renter occupied (dollars),40217,471,308.14258333333333,52159.05398726943
B25119_001,2017,Vermont,50,All,57808,741,308.14258333333333,74973.53340368677
B25119_002,2017,Vermont,50,Owner occupied (dollars),70252,885,308.14258333333333,91112.66033552108
B25119_003,2017,Vermont,50,Renter occupied (dollars),33949,1099,308.14258333333333,44029.83126075564
B25119_001,2017,Virginia,51,All,68766,319,308.14258333333333,89185.40683016062
B25119_002,2017,Virginia,51,Owner occupied (dollars),84866,366,308.14258333333333,110066.14803897872
B25119_003,2017,Virginia,51,Renter occupied (dollars),44221,381,308.14258333333333,57352.00354007114
B25119_001,2017,Washington,53,All,66174,272,308.14258333333333,85823.73718958568
B25119_002,2017,Washington,53,Owner occupied (dollars),83343,319,308.14258333333333,108090.90773705138
B25119_003,2017,Washington,53,Renter occupied (dollars),43114,367,308.14258333333333,55916.29046440893
B25119_001,2017,West Virginia,54,All,44061,439,308.14258333333333,57144.49306843072
B25119_002,2017,West Virginia,54,Owner occupied (dollars),52488,469,308.14258333333333,68073.81022164253
B25119_003,2017,West Virginia,54,Renter occupied (dollars),25140,490,308.14258333333333,32605.082856502308
B25119_001,2017,Wisconsin,55,All,56759,213,308.14258333333333,73613.04287399421
B25119_002,2017,Wisconsin,55,Owner occupied (dollars),72067,260,308.14258333333333,93466.6072481922
B25119_003,2017,Wisconsin,55,Renter occupied (dollars),33237,296,308.14258333333333,43106.40966195574
B25119_001,2017,Wyoming,56,All,60938,836,308.14258333333333,79032.95700515265
B25119_002,2017,Wyoming,56,Owner occupied (dollars),73175,1018,308.14258333333333,94903.61726430217
B25119_003,2017,Wyoming,56,Renter occupied (dollars),38842,1309,308.14258333333333,50375.76087160949
B25119_001,2017,Puerto Rico,72,All,19775,176,308.14258333333333,25646.997354309195
B25119_002,2017,Puerto Rico,72,Owner occupied (dollars),24903,225,308.14258333333333,32297.707970384923
B25119_003,2017,Puerto Rico,72,Renter occupied (dollars),11356,198,308.14258333333333,14728.055724679403
B25119_001,2018,Alabama,01,All,48486,364,319.28875,60688.23324930803
B25119_002,2018,Alabama,01,Owner occupied (dollars),60448,425,319.28875,75660.6509807815
B25119_003,2018,Alabama,01,Renter occupied (dollars),28048,418,319.28875,35106.70226821333
B25119_001,2018,Alaska,02,All,76715,894,319.28875,96021.48689767491
B25119_002,2018,Alaska,02,Owner occupied (dollars),94028,1425,319.28875,117691.56449214074
B25119_003,2018,Alaska,02,Renter occupied (dollars),54067,1087,319.28875,67673.77608155627
B25119_001,2018,Arizona,04,All,56213,275,319.28875,70359.84935122204
B25119_002,2018,Arizona,04,Owner occupied (dollars),68830,413,319.28875,86152.10771253293
B25119_003,2018,Arizona,04,Renter occupied (dollars),39609,376,319.28875,49577.20230111459
B25119_001,2018,Arkansas,05,All,45726,350,319.28875,57233.63761823741
B25119_002,2018,Arkansas,05,Owner occupied (dollars),57146,542,319.28875,71527.65287433397
B25119_003,2018,Arkansas,05,Renter occupied (dollars),29323,319,319.28875,36702.57524995791
B25119_001,2018,California,06,All,71228,217,319.28875,89153.60058329646
B25119_002,2018,California,06,Owner occupied (dollars),95072,244,319.28875,118998.30283954571
B25119_003,2018,California,06,Renter occupied (dollars),49294,171,319.28875,61699.57863695479
B25119_001,2018,Colorado,08,All,68811,364,319.28875,86128.32607594223
B25119_002,2018,Colorado,08,Owner occupied (dollars),86228,415,319.28875,107928.57683911506
B25119_003,2018,Colorado,08,Renter occupied (dollars),44327,445,319.28875,55482.5581661114
B25119_001,2018,Connecticut,09,All,76106,552,319.28875,95259.22286168867
B25119_002,2018,Connecticut,09,Owner occupied (dollars),100809,581,319.28875,126179.10542485445
B25119_003,2018,Connecticut,09,Renter occupied (dollars),40516,460,319.28875,50712.46253204975
B25119_001,2018,Delaware,10,All,65627,768,319.28875,82143.0244493738
B25119_002,2018,Delaware,10,Owner occupied (dollars),77854,974,319.28875,97447.1334280334
B25119_003,2018,Delaware,10,Renter occupied (dollars),40731,977,319.28875,50981.570525049814
B25119_001,2018,District of Columbia,11,All,82604,1081,319.28875,103392.54257570929
B25119_002,2018,District of Columbia,11,Owner occupied (dollars),128264,2234,319.28875,160543.5702984211
B25119_003,2018,District of Columbia,11,Renter occupied (dollars),54874,1445,319.28875,68683.86980411931
B25119_001,2018,Florida,12,All,53267,181,319.28875,66672.44401457928
B25119_002,2018,Florida,12,Owner occupied (dollars),64206,226,319.28875,80364.40836540592
B25119_003,2018,Florida,12,Renter occupied (dollars),38124,206,319.28875,47718.47965178854
B25119_001,2018,Georgia,13,All,55679,243,319.28875,69691.4601965149
B25119_002,2018,Georgia,13,Owner occupied (dollars),71659,349,319.28875,89693.06823438032
B25119_003,2018,Georgia,13,Renter occupied (dollars),36293,259,319.28875,45426.680883494955
B25119_001,2018,Hawaii,15,All,78084,607,319.28875,97735.01639728929
B25119_002,2018,Hawaii,15,Owner occupied (dollars),97826,1063,319.28875,122445.388480114
B25119_003,2018,Hawaii,15,Renter occupied (dollars),56215,1013,319.28875,70362.35268138949
B25119_001,2018,Idaho,16,All,53089,400,319.28875,66449.6476296769
B25119_002,2018,Idaho,16,Owner occupied (dollars),64212,540,319.28875,80371.91835590824
B25119_003,2018,Idaho,16,Renter occupied (dollars),33567,731,319.28875,42014.64186527085
B25119_001,2018,Illinois,17,All,63575,187,319.28875,79574.60769757781
B25119_002,2018,Illinois,17,Owner occupied (dollars),80931,245,319.28875,101298.50689064365
B25119_003,2018,Illinois,17,Renter occupied (dollars),37410,249,319.28875,46824.79078201158
B25119_001,2018,Indiana,18,All,54325,230,319.28875,67996.70567315635
B25119_002,2018,Indiana,18,Owner occupied (dollars),67416,282,319.28875,84382.2532841511
B25119_003,2018,Indiana,18,Renter occupied (dollars),31650,227,319.28875,39615.19989977724
B25119_001,2018,Iowa,19,All,58580,313,319.28875,73322.54060439022
B25119_002,2018,Iowa,19,Owner occupied (dollars),71393,417,319.28875,89360.12532211047
B25119_003,2018,Iowa,19,Renter occupied (dollars),33130,450,319.28875,41467.664223684675
B25119_001,2018,Kansas,20,All,57422,337,319.28875,71873.11243744103
B25119_002,2018,Kansas,20,Owner occupied (dollars),72526,409,319.28875,90778.26186196663
B25119_003,2018,Kansas,20,Renter occupied (dollars),35411,475,319.28875,44322.71227965282
B25119_001,2018,Kentucky,21,All,48392,291,319.28875,60570.57673143823
B25119_002,2018,Kentucky,21,Owner occupied (dollars),61141,349,319.28875,76528.05488380032
B25119_003,2018,Kentucky,21,Renter occupied (dollars),29679,366,319.28875,37148.16801976268
B25119_001,2018,Louisiana,22,All,47942,363,319.28875,60007.32744376368
B25119_002,2018,Louisiana,22,Owner occupied (dollars),62766,452,319.28875,78562.01064484734
B25119_003,2018,Louisiana,22,Renter occupied (dollars),28068,378,319.28875,35131.73556988776
B25119_001,2018,Maine,23,All,55425,588,319.28875,69373.53726524972
B25119_002,2018,Maine,23,Owner occupied (dollars),67513,564,319.28875,84503.66479727205
B25119_003,2018,Maine,23,Renter occupied (dollars),30739,605,319.28875,38474.933008507185
B25119_001,2018,Maryland,24,All,81868,431,319.28875,102471.31707409046
B25119_002,2018,Maryland,24,Owner occupied (dollars),102696,442,319.28875,128540.99743783644
B25119_003,2018,Maryland,24,Renter occupied (dollars),50423,350,319.28875,63112.70851647607
B25119_001,2018,Massachusetts,25,All,77378,425,319.28875,96851.3408481821
B25119_002,2018,Massachusetts,25,Owner occupied (dollars),103235,498,319.28875,129215.64491796218
B25119_003,2018,Massachusetts,25,Renter occupied (dollars),42606,376,319.28875,53328.44255702714
B25119_001,2018,Michigan,26,All,54938,166,319.28875,68763.97636947747
B25119_002,2018,Michigan,26,Owner occupied (dollars),67364,242,319.28875,84317.1666997976
B25119_003,2018,Michigan,26,Renter occupied (dollars),31565,181,319.28875,39508.80836766093
B25119_001,2018,Minnesota,27,All,68411,276,319.28875,85627.66004245373
B25119_002,2018,Minnesota,27,Owner occupied (dollars),83692,301,319.28875,104754.354186798
B25119_003,2018,Minnesota,27,Renter occupied (dollars),37686,333,319.28875,47170.25034511864
B25119_001,2018,Mississippi,28,All,43567,395,319.28875,54531.29270248325
B25119_002,2018,Mississippi,28,Owner occupied (dollars),54078,502,319.28875,67687.5443974772
B25119_003,2018,Mississippi,28,Renter occupied (dollars),26980,366,319.28875,33769.923958799045
B25119_001,2018,Missouri,29,All,53560,221,319.28875,67039.1818841096
B25119_002,2018,Missouri,29,Owner occupied (dollars),67274,329,319.28875,84204.51684226269
B25119_003,2018,Missouri,29,Renter occupied (dollars),32673,284,319.28875,40895.65328042406
B25119_001,2018,Montana,30,All,52559,587,319.28875,65786.26513530464
B25119_002,2018,Montana,30,Owner occupied (dollars),64259,656,319.28875,80430.74661484314
B25119_003,2018,Montana,30,Renter occupied (dollars),33235,800,319.28875,41599.0890574754
B25119_001,2018,Nebraska,31,All,59116,346,319.28875,73993.43308926481
B25119_002,2018,Nebraska,31,Owner occupied (dollars),74926,472,319.28875,93782.25806289761
B25119_003,2018,Nebraska,31,Renter occupied (dollars),36135,397,319.28875,45228.917800267
B25119_001,2018,Nevada,32,All,57598,408,319.28875,72093.40549217597
B25119_002,2018,Nevada,32,Owner occupied (dollars),73882,552,319.28875,92475.51971549263
B25119_003,2018,Nevada,32,Renter occupied (dollars),41435,396,319.28875,51862.74274398957
B25119_001,2018,New Hampshire,33,All,74057,714,319.28875,92694.56110514385
B25119_002,2018,New Hampshire,33,Owner occupied (dollars),90782,755,319.28875,113628.65963038159
B25119_003,2018,New Hampshire,33,Renter occupied (dollars),42486,692,319.28875,53178.24274698059
B25119_001,2018,New Jersey,34,All,79363,386,319.28875,99335.89603936874
B25119_002,2018,New Jersey,34,Owner occupied (dollars),104743,478,319.28875,131103.15586421383
B25119_003,2018,New Jersey,34,Renter occupied (dollars),46034,450,319.28875,57619.15046402355
B25119_001,2018,New Mexico,35,All,48059,438,319.28875,60153.77225855906
B25119_002,2018,New Mexico,35,Owner occupied (dollars),58417,653,319.28875,73118.51919574366
B25119_003,2018,New Mexico,35,Renter occupied (dollars),30871,409,319.28875,38640.15279955839
B25119_001,2018,New York,36,All,65323,270,319.28875,81762.51826392254
B25119_002,2018,New York,36,Owner occupied (dollars),89808,331,319.28875,112409.5378388371
B25119_003,2018,New York,36,Renter occupied (dollars),41908,205,319.28875,52454.78032858972
B25119_001,2018,North Carolina,37,All,52413,224,319.28875,65603.52203308133
B25119_002,2018,North Carolina,37,Owner occupied (dollars),65961,325,319.28875,82561.08058733669
B25119_003,2018,North Carolina,37,Renter occupied (dollars),33968,247,319.28875,42516.559563843075
B25119_001,2018,North Dakota,38,All,63473,688,319.28875,79446.93785903825
B25119_002,2018,North Dakota,38,Owner occupied (dollars),81995,768,319.28875,102630.27853972305
B25119_003,2018,North Dakota,38,Renter occupied (dollars),39958,893,319.28875,50014.033415333295
B25119_001,2018,Ohio,39,All,54533,167,319.28875,68257.05201057036
B25119_002,2018,Ohio,39,Owner occupied (dollars),70168,235,319.28875,87826.83559455194
B25119_003,2018,Ohio,39,Renter occupied (dollars),31612,151,319.28875,39567.63662659583
B25119_001,2018,Oklahoma,40,All,51424,213,319.28875,64365.625265281036
B25119_002,2018,Oklahoma,40,Owner occupied (dollars),64003,270,319.28875,80110.32035341051
B25119_003,2018,Oklahoma,40,Renter occupied (dollars),33016,423,319.28875,41324.97440414045
B25119_001,2018,Oregon,41,All,59393,384,319.28875,74340.14431745559
B25119_002,2018,Oregon,41,Owner occupied (dollars),75804,435,319.28875,94881.22000640485
B25119_003,2018,Oregon,41,Renter occupied (dollars),38803,494,319.28875,48568.36024363527
B25119_001,2018,Pennsylvania,42,All,59445,234,319.28875,74405.2309018091
B25119_002,2018,Pennsylvania,42,Owner occupied (dollars),73783,250,319.28875,92351.60487220423
B25119_003,2018,Pennsylvania,42,Renter occupied (dollars),34522,252,319.28875,43209.98202022464
B25119_001,2018,Rhode Island,44,All,63296,705,319.28875,79225.3931392196
B25119_002,2018,Rhode Island,44,Owner occupied (dollars),88027,928,319.28875,110180.32232472957
B25119_003,2018,Rhode Island,44,Renter occupied (dollars),34255,878,319.28875,42875.78744287107
B25119_001,2018,South Carolina,45,All,51015,271,319.28875,63853.69424603905
B25119_002,2018,South Carolina,45,Owner occupied (dollars),62093,356,319.28875,77719.64004350294
B25119_003,2018,South Carolina,45,Renter occupied (dollars),32068,285,319.28875,40138.39590477272
B25119_001,2018,South Dakota,46,All,56499,508,319.28875,70717.82556516632
B25119_002,2018,South Dakota,46,Owner occupied (dollars),71503,843,319.28875,89497.80848131981
B25119_003,2018,South Dakota,46,Renter occupied (dollars),32510,685,319.28875,40691.63187177751
B25119_001,2018,Tennessee,47,All,50972,250,319.28875,63799.872647439035
B25119_002,2018,Tennessee,47,Owner occupied (dollars),63411,323,319.28875,79369.33462384754
B25119_003,2018,Tennessee,47,Renter occupied (dollars),32090,257,319.28875,40165.932536614586
B25119_001,2018,Texas,48,All,59570,209,319.28875,74561.68903727425
B25119_002,2018,Texas,48,Owner occupied (dollars),76645,278,319.28875,95933.87034181441
B25119_003,2018,Texas,48,Renter occupied (dollars),40039,184,319.28875,50115.41828711472
B25119_001,2018,Utah,49,All,68374,437,319.28875,85581.34843435604
B25119_002,2018,Utah,49,Owner occupied (dollars),81988,612,319.28875,102621.516884137
B25119_003,2018,Utah,49,Renter occupied (dollars),41832,469,319.28875,52359.6537822269
B25119_001,2018,Vermont,50,All,60076,656,319.28875,75195.0315696372
B25119_002,2018,Vermont,50,Owner occupied (dollars),72439,773,319.28875,90669.36699968288
B25119_003,2018,Vermont,50,Renter occupied (dollars),35759,860,319.28875,44758.291728787815
B25119_001,2018,Virginia,51,All,71564,326,319.28875,89574.1600514268
B25119_002,2018,Virginia,51,Owner occupied (dollars),88087,396,319.28875,110255.42222975285
B25119_003,2018,Virginia,51,Renter occupied (dollars),46029,376,319.28875,57612.89213860495
B25119_001,2018,Washington,53,All,70116,308,319.28875,87761.74901019844
B25119_002,2018,Washington,53,Owner occupied (dollars),87309,380,319.28875,109281.62679461772
B25119_003,2018,Washington,53,Renter occupied (dollars),46576,358,319.28875,58297.55293940046
B25119_001,2018,West Virginia,54,All,44921,470,319.28875,56226.04722584181
B25119_002,2018,West Virginia,54,Owner occupied (dollars),53410,486,319.28875,66851.43212155142
B25119_003,2018,West Virginia,54,Renter occupied (dollars),26160,549,319.28875,32743.558590147633
B25119_001,2018,Wisconsin,55,All,59209,236,319.28875,74109.83794205089
B25119_002,2018,Wisconsin,55,Owner occupied (dollars),74688,252,319.28875,93484.36177297196
B25119_003,2018,Wisconsin,55,Renter occupied (dollars),35139,279,319.28875,43982.25937688064
B25119_001,2018,Wyoming,56,All,62268,932,319.28875,77938.68143315415
B25119_002,2018,Wyoming,56,Owner occupied (dollars),74990,1088,319.28875,93862.36462825577
B25119_003,2018,Wyoming,56,Renter occupied (dollars),39530,1354,319.28875,49478.32075950061
B25119_001,2018,Puerto Rico,72,All,20166,190,319.28875,25241.07807832252
B25119_002,2018,Puerto Rico,72,Owner occupied (dollars),25493,234,319.28875,31908.697979305565
B25119_003,2018,Puerto Rico,72,Renter occupied (dollars),11631,187,319.28875,14558.116588761739
B25119_001,2019,Alabama,01,All,50536,304,331.12375,60993.32175019159
B25119_002,2019,Alabama,01,Owner occupied (dollars),62629,311,331.12375,75588.70405043433
B25119_003,2019,Alabama,01,Renter occupied (dollars),29540,430,331.12375,35652.65799629293
B25119_001,2019,Alaska,02,All,77640,1015,331.12375,93705.90273636369
B25119_002,2019,Alaska,02,Owner occupied (dollars),95334,1272,331.12375,115061.28968918722
B25119_003,2019,Alaska,02,Renter occupied (dollars),54661,1088,331.12375,65971.90043112282
B25119_001,2019,Arizona,04,All,58945,266,331.12375,71142.38069030085
B25119_002,2019,Arizona,04,Owner occupied (dollars),71923,365,331.12375,86805.89441663428
B25119_003,2019,Arizona,04,Renter occupied (dollars),41419,323,331.12375,49989.75766920979
B25119_001,2019,Arkansas,05,All,47597,328,331.12375,57446.159873038414
B25119_002,2019,Arkansas,05,Owner occupied (dollars),59408,487,331.12375,71701.18843073021
B25119_003,2019,Arkansas,05,Renter occupied (dollars),30511,337,331.12375,36824.58524458002
B25119_001,2019,California,06,All,75235,232,331.12375,90803.24049936015
B25119_002,2019,California,06,Owner occupied (dollars),99734,281,331.12375,120371.77361551386
B25119_003,2019,California,06,Renter occupied (dollars),52167,160,331.12375,62961.82158742767
B25119_001,2019,Colorado,08,All,72331,370,331.12375,87298.32110798456
B25119_002,2019,Colorado,08,Owner occupied (dollars),90194,440,331.12375,108857.67892070564
B25119_003,2019,Colorado,08,Renter occupied (dollars),47251,482,331.12375,57028.56272792273
B25119_001,2019,Connecticut,09,All,78444,553,331.12375,94676.27298108337
B25119_002,2019,Connecticut,09,Owner occupied (dollars),103671,655,331.12375,125123.44980141113
B25119_003,2019,Connecticut,09,Renter occupied (dollars),41866,433,331.12375,50529.25455899796
B25119_001,2019,Delaware,10,All,68287,696,331.12375,82417.50360842436
B25119_002,2019,Delaware,10,Owner occupied (dollars),81136,1023,331.12375,97925.32360146321
B25119_003,2019,Delaware,10,Renter occupied (dollars),41984,1158,331.12375,50671.672082476725
B25119_001,2019,District of Columbia,11,All,86420,1008,331.12375,104302.73202571548
B25119_002,2019,District of Columbia,11,Owner occupied (dollars),136208,3074,331.12375,164393.27150843156
B25119_003,2019,District of Columbia,11,Renter occupied (dollars),57963,1613,331.12375,69957.17723219795
B25119_001,2019,Florida,12,All,55660,220,331.12375,67177.62166803198
B25119_002,2019,Florida,12,Owner occupied (dollars),67113,292,331.12375,81000.5699426272
B25119_003,2019,Florida,12,Renter occupied (dollars),40113,243,331.12375,48413.50948562283
B25119_001,2019,Georgia,13,All,58700,294,331.12375,70846.68328985765
B25119_002,2019,Georgia,13,Owner occupied (dollars),74851,378,331.12375,90339.78008397164
B25119_003,2019,Georgia,13,Renter occupied (dollars),38345,328,331.12375,46279.66048977158
B25119_001,2019,Hawaii,15,All,81275,780,331.12375,98093.08661640853
B25119_002,2019,Hawaii,15,Owner occupied (dollars),101056,1066,331.12375,121967.332649742
B25119_003,2019,Hawaii,15,Renter occupied (dollars),58535,1153,331.12375,70647.5401426204
B25119_001,2019,Idaho,16,All,55785,539,331.12375,67328.48768866625
B25119_002,2019,Idaho,16,Owner occupied (dollars),67135,550,331.12375,81027.12236225884
B25119_003,2019,Idaho,16,Renter occupied (dollars),35175,710,331.12375,42453.69820648625
B25119_001,2019,Illinois,17,All,65886,283,331.12375,79519.66908408112
B25119_002,2019,Illinois,17,Owner occupied (dollars),83984,294,331.12375,101362.65501559465
B25119_003,2019,Illinois,17,Renter occupied (dollars),38964,265,331.12375,47026.749023952536
B25119_001,2019,Indiana,18,All,56303,271,331.12375,67953.67647817472
B25119_002,2019,Indiana,18,Owner occupied (dollars),70209,320,331.12375,84737.21954169704
B25119_003,2019,Indiana,18,Renter occupied (dollars),32634,351,331.12375,39386.89373903262
B25119_001,2019,Iowa,19,All,60523,321,331.12375,73046.91333478798
B25119_002,2019,Iowa,19,Owner occupied (dollars),73907,388,331.12375,89200.43989614156
B25119_003,2019,Iowa,19,Renter occupied (dollars),34470,499,331.12375,41602.81385010892
B25119_001,2019,Kansas,20,All,59597,337,331.12375,71929.29785392925
B25119_002,2019,Kansas,20,Owner occupied (dollars),75035,419,331.12375,90561.8548663453
B25119_003,2019,Kansas,20,Renter occupied (dollars),36860,425,331.12375,44487.37216463634
B25119_001,2019,Kentucky,21,All,50589,294,331.12375,61057.288942940526
B25119_002,2019,Kentucky,21,Owner occupied (dollars),63344,373,331.12375,76451.65768846241
B25119_003,2019,Kentucky,21,Renter occupied (dollars),31166,301,331.12375,37615.12319270364
B25119_001,2019,Louisiana,22,All,49469,392,331.12375,59705.529398057384
B25119_002,2019,Louisiana,22,Owner occupied (dollars),64350,405,331.12375,77665.82742252709
B25119_003,2019,Louisiana,22,Renter occupied (dollars),28463,411,331.12375,34352.79636250798
B25119_001,2019,Maine,23,All,57918,496,331.12375,69902.86546476961
B25119_002,2019,Maine,23,Owner occupied (dollars),70344,494,331.12375,84900.15484398206
B25119_003,2019,Maine,23,Renter occupied (dollars),32235,603,331.12375,38905.329401168
B25119_001,2019,Maryland,24,All,84805,465,331.12375,102353.54303912059
B25119_002,2019,Maryland,24,Owner occupied (dollars),105796,415,331.12375,127688.17215219387
B25119_003,2019,Maryland,24,Renter occupied (dollars),51837,437,331.12375,62563.53529295317
B25119_001,2019,Massachusetts,25,All,81215,429,331.12375,98020.67092650408
B25119_002,2019,Massachusetts,25,Owner occupied (dollars),107223,433,331.12375,129410.45864375481
B25119_003,2019,Massachusetts,25,Renter occupied (dollars),45195,412,331.12375,54547.118420530096
B25119_001,2019,Michigan,26,All,57144,216,331.12375,68968.70306500215
B25119_002,2019,Michigan,26,Owner occupied (dollars),70014,241,331.12375,84501.86854950756
B25119_003,2019,Michigan,26,Renter occupied (dollars),32701,295,331.12375,39467.75792609259
B25119_001,2019,Minnesota,27,All,71306,262,331.12375,86061.21973878347
B25119_002,2019,Minnesota,27,Owner occupied (dollars),86805,269,331.12375,104767.39936926906
B25119_003,2019,Minnesota,27,Renter occupied (dollars),39637,337,331.12375,47839.01167904749
B25119_001,2019,Mississippi,28,All,45081,385,331.12375,54409.52860971163
B25119_002,2019,Mississippi,28,Owner occupied (dollars),55904,547,331.12375,67472.1121403101
B25119_003,2019,Mississippi,28,Renter occupied (dollars),27460,590,331.12375,33142.24741293852
B25119_001,2019,Missouri,29,All,55461,294,331.12375,66937.44296318221
B25119_002,2019,Missouri,29,Owner occupied (dollars),69994,337,331.12375,84477.72998620608
B25119_003,2019,Missouri,29,Renter occupied (dollars),34153,381,331.12375,41220.217621780386
B25119_001,2019,Montana,30,All,54970,606,331.12375,66344.84123413076
B25119_002,2019,Montana,30,Owner occupied (dollars),66978,783,331.12375,80837.63464034218
B25119_003,2019,Montana,30,Renter occupied (dollars),34917,711,331.12375,42142.3107398971
B25119_001,2019,Nebraska,31,All,61439,416,331.12375,74152.45953399599
B25119_002,2019,Nebraska,31,Owner occupied (dollars),77553,489,331.12375,93600.89998600223
B25119_003,2019,Nebraska,31,Renter occupied (dollars),37464,440,331.12375,45216.35677634118
B25119_001,2019,Nevada,32,All,60365,409,331.12375,72856.21868470625
B25119_002,2019,Nevada,32,Owner occupied (dollars),77431,600,331.12375,93453.65474986317
B25119_003,2019,Nevada,32,Renter occupied (dollars),42949,577,331.12375,51836.35776177337
B25119_001,2019,New Hampshire,33,All,76768,728,331.12375,92653.46137641896
B25119_002,2019,New Hampshire,33,Owner occupied (dollars),94343,897,331.12375,113865.22387759865
B25119_003,2019,New Hampshire,33,Renter occupied (dollars),44060,1134,331.12375,53177.25495317084
B25119_001,2019,New Jersey,34,All,82545,400,331.12375,99625.88538605282
B25119_002,2019,New Jersey,34,Owner occupied (dollars),108325,411,331.12375,130740.49348166662
B25119_003,2019,New Jersey,34,Renter occupied (dollars),48156,425,331.12375,58120.83271731491
B25119_001,2019,New Mexico,35,All,49754,430,331.12375,60049.50392510354
B25119_002,2019,New Mexico,35,Owner occupied (dollars),60492,724,331.12375,73009.49856167068
B25119_003,2019,New Mexico,35,Renter occupied (dollars),31881,469,331.12375,38478.07683073172
B25119_001,2019,New York,36,All,68486,313,331.12375,82657.68231327413
B25119_002,2019,New York,36,Owner occupied (dollars),93406,385,331.12375,112734.33218692409
B25119_003,2019,New York,36,Renter occupied (dollars),44316,237,331.12375,53486.228563429846
B25119_001,2019,North Carolina,37,All,54602,231,331.12375,65900.69166938344
B25119_002,2019,North Carolina,37,Owner occupied (dollars),68842,335,331.12375,83087.34874004056
B25119_003,2019,North Carolina,37,Renter occupied (dollars),35826,242,331.12375,43239.40844194958
B25119_001,2019,North Dakota,38,All,64894,813,331.12375,78322.39634432747
B25119_002,2019,North Dakota,38,Owner occupied (dollars),84670,1072,331.12375,102190.60773683556
B25119_003,2019,North Dakota,38,Renter occupied (dollars),40745,876,331.12375,49176.288085949745
B25119_001,2019,Ohio,39,All,56602,213,331.12375,68314.5479995319
B25119_002,2019,Ohio,39,Owner occupied (dollars),72564,236,331.12375,87579.53537044687
B25119_003,2019,Ohio,39,Renter occupied (dollars),32776,257,331.12375,39558.27753847316
B25119_001,2019,Oklahoma,40,All,52919,225,331.12375,63869.4315675635
B25119_002,2019,Oklahoma,40,Owner occupied (dollars),65992,361,331.12375,79647.60346957899
B25119_003,2019,Oklahoma,40,Renter occupied (dollars),34357,414,331.12375,41466.430967455526
B25119_001,2019,Oregon,41,All,62818,304,331.12375,75816.81347363336
B25119_002,2019,Oregon,41,Owner occupied (dollars),79569,457,331.12375,96034.0671667919
B25119_003,2019,Oregon,41,Renter occupied (dollars),41372,408,331.12375,49933.03204545129
B25119_001,2019,Pennsylvania,42,All,61744,189,331.12375,74520.57262434364
B25119_002,2019,Pennsylvania,42,Owner occupied (dollars),76553,226,331.12375,92393.971820928
B25119_003,2019,Pennsylvania,42,Renter occupied (dollars),36056,260,331.12375,43517.001919916656
B25119_001,2019,Rhode Island,44,All,67167,958,331.12375,81065.74406354122
B25119_002,2019,Rhode Island,44,Owner occupied (dollars),91578,1029,331.12375,110528.06750116839
B25119_003,2019,Rhode Island,44,Renter occupied (dollars),36078,859,331.12375,43543.55433954829
B25119_001,2019,South Carolina,45,All,53199,276,331.12375,64207.37145378428
B25119_002,2019,South Carolina,45,Owner occupied (dollars),64561,351,331.12375,77920.48926535776
B25119_003,2019,South Carolina,45,Renter occupied (dollars),33480,391,331.12375,40407.95496668542
B25119_001,2019,South Dakota,46,All,58275,643,331.12375,70333.7388197011
B25119_002,2019,South Dakota,46,Owner occupied (dollars),73860,859,331.12375,89143.71427238308
B25119_003,2019,South Dakota,46,Renter occupied (dollars),34206,762,331.12375,41284.18481452932
B25119_001,2019,Tennessee,47,All,53320,260,331.12375,64353.40976175827
B25119_002,2019,Tennessee,47,Owner occupied (dollars),66348,378,331.12375,80077.26989634542
B25119_003,2019,Tennessee,47,Renter occupied (dollars),34149,381,331.12375,41215.38990912009
B25119_001,2019,Texas,48,All,61874,208,331.12375,74677.47328580328
B25119_002,2019,Texas,48,Owner occupied (dollars),79621,298,331.12375,96096.82743137574
B25119_003,2019,Texas,48,Renter occupied (dollars),41783,186,331.12375,50429.07952129681
B25119_001,2019,Utah,49,All,71621,447,331.12375,86441.40211078186
B25119_002,2019,Utah,49,Owner occupied (dollars),85754,486,331.12375,103498.91786777604
B25119_003,2019,Utah,49,Renter occupied (dollars),44201,598,331.12375,53347.43182444631
B25119_001,2019,Vermont,50,All,61973,662,331.12375,74796.95917414562
B25119_002,2019,Vermont,50,Owner occupied (dollars),75634,907,331.12375,91284.80483722477
B25119_003,2019,Vermont,50,Renter occupied (dollars),35969,926,331.12375,43411.999169555194
B25119_001,2019,Virginia,51,All,74222,341,331.12375,89580.62226813995
B25119_002,2019,Virginia,51,Owner occupied (dollars),91110,434,331.12375,109963.22511991365
B25119_003,2019,Virginia,51,Renter occupied (dollars),48085,367,331.12375,58035.14081759464
B25119_001,2019,Washington,53,All,73775,298,331.12375,89041.12537835176
B25119_002,2019,Washington,53,Owner occupied (dollars),91636,398,331.12375,110598.0693347427
B25119_003,2019,Washington,53,Renter occupied (dollars),49330,393,331.12375,59537.766383112066
B25119_001,2019,West Virginia,54,All,46711,492,331.12375,56376.82151878264
B25119_002,2019,West Virginia,54,Owner occupied (dollars),55286,557,331.12375,66726.23053429421
B25119_003,2019,West Virginia,54,Renter occupied (dollars),26685,547,331.12375,32206.87808500599
B25119_001,2019,Wisconsin,55,All,61747,204,331.12375,74524.19340883885
B25119_002,2019,Wisconsin,55,Owner occupied (dollars),77640,314,331.12375,93705.90273636369
B25119_003,2019,Wisconsin,55,Renter occupied (dollars),36712,297,331.12375,44308.746796205356
B25119_001,2019,Wyoming,56,All,64049,707,331.12375,77302.54204483975
B25119_002,2019,Wyoming,56,Owner occupied (dollars),77153,851,331.12375,93118.12871997253
B25119_003,2019,Wyoming,56,Renter occupied (dollars),40313,1365,331.12375,48654.89511863768
B25119_001,2019,Puerto Rico,72,All,20539,185,331.12375,24789.097582459734
B25119_002,2019,Puerto Rico,72,Owner occupied (dollars),25852,225,331.12375,31201.50692349915
B25119_003,2019,Puerto Rico,72,Renter occupied (dollars),11796,192,331.12375,14236.924635215688
B25119_001,2020,Alabama,01,All,52035,377,341.46775,60900.04590565287
B25119_002,2020,Alabama,01,Owner occupied (dollars),64405,442,341.46775,75377.48547234695
B25119_003,2020,Alabama,01,Renter occupied (dollars),30498,342,341.46775,35693.852215443476
B25119_001,2020,Alaska,02,All,77790,1134,341.46775,91042.84752571801
B25119_002,2020,Alaska,02,Owner occupied (dollars),95486,1289,341.46775,111753.66163826597
B25119_003,2020,Alaska,02,Renter occupied (dollars),55483,1689,341.46775,64935.47125940883
B25119_001,2020,Arizona,04,All,61529,286,341.46775,72011.51003226511
B25119_002,2020,Arizona,04,Owner occupied (dollars),74539,423,341.46775,87237.98446740577
B25119_003,2020,Arizona,04,Renter occupied (dollars),43578,396,341.46775,51002.252339320476
B25119_001,2020,Arkansas,05,All,49475,431,341.46775,57903.90643186655
B25119_002,2020,Arkansas,05,Owner occupied (dollars),61525,533,341.46775,72006.82856433732
B25119_003,2020,Arkansas,05,Renter occupied (dollars),31801,428,341.46775,37218.84039292143
B25119_001,2020,California,06,All,78672,270,341.46775,92075.11120379595
B25119_002,2020,California,06,Owner occupied (dollars),102875,303,341.46775,120401.50326787814
B25119_003,2020,California,06,Renter occupied (dollars),55241,243,341.46775,64652.24244977746
B25119_001,2020,Colorado,08,All,75231,379,341.46775,88047.87841891363
B25119_002,2020,Colorado,08,Owner occupied (dollars),93227,601,341.46775,109109.80262604593
B25119_003,2020,Colorado,08,Renter occupied (dollars),49773,536,341.46775,58252.67579248699
B25119_001,2020,Connecticut,09,All,79855,587,341.46775,93459.65534344019
B25119_002,2020,Connecticut,09,Owner occupied (dollars),105170,652,341.46775,123087.4954914483
B25119_003,2020,Connecticut,09,Renter occupied (dollars),42707,704,341.46775,49982.86269804395
B25119_001,2020,Delaware,10,All,69110,1112,341.46775,80884.06212241125
B25119_002,2020,Delaware,10,Owner occupied (dollars),82569,1265,341.46775,96636.03133244647
B25119_003,2020,Delaware,10,Renter occupied (dollars),42414,1472,341.46775,49639.94517233325
B25119_001,2020,District of Columbia,11,All,90842,1580,341.46775,106318.47737410048
B25119_002,2020,District of Columbia,11,Owner occupied (dollars),140459,4300,341.46775,164388.5759174036
B25119_003,2020,District of Columbia,11,Renter occupied (dollars),61871,1611,341.46775,72411.77554009126
B25119_001,2020,Florida,12,All,57703,269,341.46775,67533.6859593329
B25119_002,2020,Florida,12,Owner occupied (dollars),69195,361,341.46775,80983.54331587683
B25119_003,2020,Florida,12,Renter occupied (dollars),41645,237,341.46775,48739.93296321541
B25119_001,2020,Georgia,13,All,61224,306,341.46775,71654.54810277105
B25119_002,2020,Georgia,13,Owner occupied (dollars),77223,372,341.46775,90379.24944695362
B25119_003,2020,Georgia,13,Renter occupied (dollars),39636,336,341.46775,46388.66569648231
B25119_001,2020,Hawaii,15,All,83173,983,341.46775,97342.93298954293
B25119_002,2020,Hawaii,15,Owner occupied (dollars),103240,1386,341.46775,120828.68721628908
B25119_003,2020,Hawaii,15,Renter occupied (dollars),60255,929,341.46775,70520.46249726364
B25119_001,2020,Idaho,16,All,58915,599,341.46775,68952.17074145362
B25119_002,2020,Idaho,16,Owner occupied (dollars),69775,818,341.46775,81662.35616540654
B25119_003,2020,Idaho,16,Renter occupied (dollars),38067,744,341.46775,44552.359901806245
B25119_001,2020,Illinois,17,All,68428,267,341.46775,80085.87184072287
B25119_002,2020,Illinois,17,Owner occupied (dollars),86167,259,341.46775,100847.01173349458
B25119_003,2020,Illinois,17,Renter occupied (dollars),40983,239,341.46775,47965.15002116597
B25119_001,2020,Indiana,18,All,58235,305,341.46775,68156.32119372912
B25119_002,2020,Indiana,18,Owner occupied (dollars),72082,342,341.46775,84362.39279276007
B25119_003,2020,Indiana,18,Renter occupied (dollars),34078,310,341.46775,39883.76601081654
B25119_001,2020,Iowa,19,All,61836,294,341.46775,72370.81269572309
B25119_002,2020,Iowa,19,Owner occupied (dollars),75810,431,341.46775,88725.52090146141
B25119_003,2020,Iowa,19,Renter occupied (dollars),35685,511,341.46775,41764.545750806625
B25119_001,2020,Kansas,20,All,61091,354,341.46775,71498.889294172
B25119_002,2020,Kansas,20,Owner occupied (dollars),76680,481,341.46775,89743.74017575597
B25119_003,2020,Kansas,20,Renter occupied (dollars),38013,503,341.46775,44489.16008478106
B25119_001,2020,Kentucky,21,All,52238,300,341.46775,61137.630402988274
B25119_002,2020,Kentucky,21,Owner occupied (dollars),64909,476,341.46775,75967.35043124862
B25119_003,2020,Kentucky,21,Renter occupied (dollars),32604,431,341.46775,38158.64507942551
B25119_001,2020,Louisiana,22,All,50800,360,341.46775,59454.64268294736
B25119_002,2020,Louisiana,22,Owner occupied (dollars),65581,621,341.46775,76753.83704311753
B25119_003,2020,Louisiana,22,Renter occupied (dollars),29062,487,341.46775,34013.20522936646
B25119_001,2020,Maine,23,All,59489,682,341.46775,69623.96138909164
B25119_002,2020,Maine,23,Owner occupied (dollars),71717,584,341.46775,83935.20884434912
B25119_003,2020,Maine,23,Renter occupied (dollars),34018,729,341.46775,39813.54399189967
B25119_001,2020,Maryland,24,All,87063,391,341.46775,101895.6605493198
B25119_002,2020,Maryland,24,Owner occupied (dollars),108428,495,341.46775,126900.55111863418
B25119_003,2020,Maryland,24,Renter occupied (dollars),52846,645,341.46775,61849.21352801252
B25119_001,2020,Massachusetts,25,All,84385,511,341.46775,98761.41777166363
B25119_002,2020,Massachusetts,25,Owner occupied (dollars),110315,583,341.46775,129109.03361356964
B25119_003,2020,Massachusetts,25,Renter occupied (dollars),47842,599,341.46775,55992.69715034582
B25119_001,2020,Michigan,26,All,59234,218,341.46775,69325.51780869496
B25119_002,2020,Michigan,26,Owner occupied (dollars),71980,250,341.46775,84243.01536060139
B25119_003,2020,Michigan,26,Renter occupied (dollars),34034,293,341.46775,39832.26986361083
B25119_001,2020,Minnesota,27,All,73382,297,341.46775,85883.86986929219
B25119_002,2020,Minnesota,27,Owner occupied (dollars),89352,382,341.46775,104574.63057099827
B25119_003,2020,Minnesota,27,Renter occupied (dollars),41254,371,341.46775,48282.31947327383
B25119_001,2020,Mississippi,28,All,46511,373,341.46775,54434.93869737332
B25119_002,2020,Mississippi,28,Owner occupied (dollars),57494,617,341.46775,67289.07926010582
B25119_003,2020,Mississippi,28,Renter occupied (dollars),28204,533,341.46775,33009.03035885526
B25119_001,2020,Missouri,29,All,57290,288,341.46775,67050.32439578847
B25119_002,2020,Missouri,29,Owner occupied (dollars),71914,432,341.46775,84165.77113979284
B25119_003,2020,Missouri,29,Renter occupied (dollars),35379,350,341.46775,41406.4134543306
B25119_001,2020,Montana,30,All,56539,637,341.46775,66171.37879234568
B25119_002,2020,Montana,30,Owner occupied (dollars),68265,809,341.46775,79895.10202266538
B25119_003,2020,Montana,30,Renter occupied (dollars),36380,720,341.46775,42577.95080326033
B25119_001,2020,Nebraska,31,All,63015,563,341.46775,73750.67536743953
B25119_002,2020,Nebraska,31,Owner occupied (dollars),79022,766,341.46775,92484.73964747768
B25119_003,2020,Nebraska,31,Renter occupied (dollars),39376,603,341.46775,46084.37028117589
B25119_001,2020,Nevada,32,All,62043,445,341.46775,72613.07866098628
B25119_002,2020,Nevada,32,Owner occupied (dollars),79514,682,341.46775,93060.560202596
B25119_003,2020,Nevada,32,Renter occupied (dollars),44624,583,341.46775,52226.456202437854
B25119_001,2020,New Hampshire,33,All,77923,846,341.46775,91198.50633431706
B25119_002,2020,New Hampshire,33,Owner occupied (dollars),94989,918,341.46775,111171.98924823792
B25119_003,2020,New Hampshire,33,Renter occupied (dollars),45468,1046,341.46775,53214.24593520178
B25119_001,2020,New Jersey,34,All,85245,402,341.46775,99767.93337613874
B25119_002,2020,New Jersey,34,Owner occupied (dollars),110770,549,341.46775,129641.55059035588
B25119_003,2020,New Jersey,34,Renter occupied (dollars),50532,473,341.46775,59140.98433178535
B25119_001,2020,New Mexico,35,All,51243,514,341.46775,59973.11525595023
B25119_002,2020,New Mexico,35,Owner occupied (dollars),61803,781,341.46775,72332.190585318807
B25119_003,2020,New Mexico,35,Renter occupied (dollars),32900,781,341.46775,38505.07370608205
B25119_001,2020,New York,36,All,71117,266,341.46775,83232.98865518047
B25119_002,2020,New York,36,Owner occupied (dollars),95801,367,341.46775,112122.32723757952
B25119_003,2020,New York,36,Renter occupied (dollars),46863,346,341.46775,54846.90787501894
B25119_001,2020,North Carolina,37,All,56642,280,341.46775,66291.9265914863
B25119_002,2020,North Carolina,37,Owner occupied (dollars),70891,424,341.46775,82968.48571726026
B25119_003,2020,North Carolina,37,Renter occupied (dollars),37148,301,341.46775,43476.79264539623
B25119_001,2020,North Dakota,38,All,65315,840,341.46775,76442.51942591942
B25119_002,2020,North Dakota,38,Owner occupied (dollars),84934,1052,341.46775,99403.94924475298
B25119_003,2020,North Dakota,38,Renter occupied (dollars),41078,867,341.46775,48076.33488445102
B25119_001,2020,Ohio,39,All,58116,228,341.46775,68017.04752287734
B25119_002,2020,Ohio,39,Owner occupied (dollars),73885,296,341.46775,86472.56446121192
B25119_003,2020,Ohio,39,Renter occupied (dollars),34459,276,341.46775,40329.67583093864
B25119_001,2020,Oklahoma,40,All,53840,375,341.46775,63012.55830806862
B25119_002,2020,Oklahoma,40,Owner occupied (dollars),67632,532,341.46775,79154.25972309244
B25119_003,2020,Oklahoma,40,Renter occupied (dollars),35010,449,341.46775,40974.54803799187
B25119_001,2020,Oregon,41,All,65667,390,341.46775,76854.48860356504
B25119_002,2020,Oregon,41,Owner occupied (dollars),82264,500,341.46775,96279.06940295239
B25119_003,2020,Oregon,41,Renter occupied (dollars),43802,600,341.46775,51264.41454327678
B25119_001,2020,Pennsylvania,42,All,63627,256,341.46775,74466.93996039157
B25119_002,2020,Pennsylvania,42,Owner occupied (dollars),78737,311,341.46775,92151.18505762257
B25119_003,2020,Pennsylvania,42,Renter occupied (dollars),37702,337,341.46775,44125.1759533953
B25119_001,2020,Rhode Island,44,All,70305,949,341.46775,82282.65066583885
B25119_002,2020,Rhode Island,44,Owner occupied (dollars),94183,1203,341.46775,110228.67346078802
B25119_003,2020,Rhode Island,44,Renter occupied (dollars),38339,1179,341.46775,44870.69972089604
B25119_001,2020,South Carolina,45,All,54864,343,341.46775,64211.014097583145
B25119_002,2020,South Carolina,45,Owner occupied (dollars),66372,460,341.46775,77679.59732583823
B25119_003,2020,South Carolina,45,Renter occupied (dollars),34937,542,341.46775,40889.11124830968
B25119_001,2020,South Dakota,46,All,59896,725,341.46775,70100.30075074438
B25119_002,2020,South Dakota,46,Owner occupied (dollars),75279,889,341.46775,88104.05603404713
B25119_003,2020,South Dakota,46,Renter occupied (dollars),36036,1015,341.46775,42175.344561470294
B25119_001,2020,Tennessee,47,All,54833,285,341.46775,64174.73272114277
B25119_002,2020,Tennessee,47,Owner occupied (dollars),68195,402,341.46775,79813.17633392903
B25119_003,2020,Tennessee,47,Renter occupied (dollars),35701,352,341.46775,41783.27162251779
B25119_001,2020,Texas,48,All,63826,218,341.46775,74699.84298979917
B25119_002,2020,Texas,48,Owner occupied (dollars),81913,291,341.46775,95868.27059228873
B25119_003,2020,Texas,48,Renter occupied (dollars),43161,241,341.46775,50514.20930784825
B25119_001,2020,Utah,49,All,74197,508,341.46775,86837.71895957964
B25119_002,2020,Utah,49,Owner occupied (dollars),88471,703,341.46775,103543.53725990228
B25119_003,2020,Utah,49,Renter occupied (dollars),46388,558,341.46775,54290.98355859374
B25119_001,2020,Vermont,50,All,63477,710,341.46775,74291.3849130994
B25119_002,2020,Vermont,50,Owner occupied (dollars),77648,1161,341.46775,90876.65541428143
B25119_003,2020,Vermont,50,Renter occupied (dollars),37210,1089,341.46775,43549.355398276995
B25119_001,2020,Virginia,51,All,76398,361,341.46775,89413.6966868467
B25119_002,2020,Virginia,51,Owner occupied (dollars),93683,479,341.46775,109643.48996981412
B25119_003,2020,Virginia,51,Renter occupied (dollars),49613,444,341.46775,58065.41707537534
B25119_001,2020,Washington,53,All,77006,296,341.46775,90125.27981187095
B25119_002,2020,Washington,53,Owner occupied (dollars),95075,442,341.46775,111272.64080868544
B25119_003,2020,Washington,53,Renter occupied (dollars),52022,458,341.46775,60884.83113488755
B25119_001,2020,West Virginia,54,All,48037,616,341.46775,56220.91871182564
B25119_002,2020,West Virginia,54,Owner occupied (dollars),57072,625,341.46775,66795.18439372386
B25119_003,2020,West Virginia,54,Renter occupied (dollars),27013,639,341.46775,31615.123283355453
B25119_001,2020,Wisconsin,55,All,63293,303,341.46775,74076.03738842101
B25119_002,2020,Wisconsin,55,Owner occupied (dollars),79463,391,341.46775,93000.87148651665
B25119_003,2020,Wisconsin,55,Renter occupied (dollars),38287,420,341.46775,44809.84063783476
B25119_001,2020,Wyoming,56,All,65304,1056,341.46775,76429.645389118
B25119_002,2020,Wyoming,56,Owner occupied (dollars),77921,1195,341.46775,91196.16560035317
B25119_003,2020,Wyoming,56,Renter occupied (dollars),40406,1029,341.46775,47289.84827258211
B25119_001,2020,Puerto Rico,72,All,21058,186,341.46775,24645.587905856406
B25119_002,2020,Puerto Rico,72,Owner occupied (dollars),26330,233,341.46775,30815.762634685118
B25119_003,2020,Puerto Rico,72,Renter occupied (dollars),12263,230,341.46775,14352.210299625658
B25119_001,2021,Alabama,01,All,54943,377,349.13466666666665,62891.38366744829
B25119_002,2021,Alabama,01,Owner occupied (dollars),68239,503,349.13466666666665,78110.86271377617
B25119_003,2021,Alabama,01,Renter occupied (dollars),32274,394,349.13466666666665,36942.95026633467
B25119_001,2021,Alaska,02,All,80287,1113,349.13466666666665,91901.79860052092
B25119_002,2021,Alaska,02,Owner occupied (dollars),98735,1680,349.13466666666665,113018.5968441022
B25119_003,2021,Alaska,02,Renter occupied (dollars),55973,1201,349.13466666666665,64070.389640501664
B25119_001,2021,Arizona,04,All,65913,387,349.13466666666665,75448.3696134634
B25119_002,2021,Arizona,04,Owner occupied (dollars),79873,528,349.13466666666665,91427.90687931306
B25119_003,2021,Arizona,04,Renter occupied (dollars),46290,474,349.13466666666665,52986.588827806656
B25119_001,2021,Arkansas,05,All,52123,458,349.13466666666665,59663.425566467195
B25119_002,2021,Arkansas,05,Owner occupied (dollars),65147,575,349.13466666666665,74571.55546262952
B25119_003,2021,Arkansas,05,Renter occupied (dollars),33562,532,349.13466666666665,38417.280065648025
B25119_001,2021,California,06,All,84097,236,349.13466666666665,96262.97603482516
B25119_002,2021,California,06,Owner occupied (dollars),109195,325,349.13466666666665,124991.80313355688
B25119_003,2021,California,06,Renter occupied (dollars),59530,254,349.13466666666665,68141.96657851222
B25119_001,2021,Colorado,08,All,80184,450,349.13466666666665,91783.89800321558
B25119_002,2021,Colorado,08,Owner occupied (dollars),99715,683,349.13466666666665,114140.36951749279
B25119_003,2021,Colorado,08,Renter occupied (dollars),53087,439,349.13466666666665,60766.8835839657
B25119_001,2021,Connecticut,09,All,83572,568,349.13466666666665,95662.0263883659
B25119_002,2021,Connecticut,09,Owner occupied (dollars),109752,865,349.13466666666665,125629.38209180032
B25119_003,2021,Connecticut,09,Renter occupied (dollars),44569,602,349.13466666666665,51016.618653413585
B25119_001,2021,Delaware,10,All,72724,1127,349.13466666666665,83244.68969352801
B25119_002,2021,Delaware,10,Owner occupied (dollars),86678,1200,349.13466666666665,99217.35896341814
B25119_003,2021,Delaware,10,Renter occupied (dollars),45396,1565,349.13466666666665,51963.257429836056
B25119_001,2021,District of Columbia,11,All,93547,1718,349.13466666666665,107080.06967109158
B25119_002,2021,District of Columbia,11,Owner occupied (dollars),146967,4021,349.13466666666665,168228.12703081145
B25119_003,2021,District of Columbia,11,Renter occupied (dollars),64645,1795,349.13466666666665,73996.93313401515
B25119_001,2021,Florida,12,All,61777,263,349.13466666666665,70714.03106535779
B25119_002,2021,Florida,12,Owner occupied (dollars),73892,313,349.13466666666665,84581.65957365067
B25119_003,2021,Florida,12,Renter occupied (dollars),44134,282,349.13466666666665,50518.688946347356
B25119_001,2021,Georgia,13,All,65030,355,349.13466666666665,74437.6295414186
B25119_002,2021,Georgia,13,Owner occupied (dollars),82152,463,349.13466666666665,94036.60067794281
B25119_003,2021,Georgia,13,Renter occupied (dollars),41867,345,349.13466666666665,47923.73113963667
B25119_001,2021,Hawaii,15,All,88005,761,349.13466666666665,100736.33073646846
B25119_002,2021,Hawaii,15,Owner occupied (dollars),107464,1577,349.13466666666665,123010.38629923125
B25119_003,2021,Hawaii,15,Renter occupied (dollars),63567,1117,349.13466666666665,72762.9831932855
B25119_001,2021,Idaho,16,All,63377,614,349.13466666666665,72545.49665456692
B25119_002,2021,Idaho,16,Owner occupied (dollars),74360,896,349.13466666666665,85117.36325849434
B25119_003,2021,Idaho,16,Renter occupied (dollars),41161,886,349.13466666666665,47115.59694839814
B25119_001,2021,Illinois,17,All,72563,319,349.13466666666665,83060.39846861384
B25119_002,2021,Illinois,17,Owner occupied (dollars),91013,398,349.13466666666665,104179.48604418163
B25119_003,2021,Illinois,17,Renter occupied (dollars),43099,334,349.13466666666665,49333.9596433277
B25119_001,2021,Indiana,18,All,61944,284,349.13466666666665,70905.19028623149
B25119_002,2021,Indiana,18,Owner occupied (dollars),76245,356,349.13466666666665,87275.05865578135
B25119_003,2021,Indiana,18,Renter occupied (dollars),36140,317,349.13466666666665,41368.228996261234
B25119_001,2021,Iowa,19,All,65429,397,349.13466666666665,74894.35127272762
B25119_002,2021,Iowa,19,Owner occupied (dollars),79987,501,349.13466666666665,91558.39880254421
B25119_003,2021,Iowa,19,Renter occupied (dollars),37573,577,349.13466666666665,43008.53536459667
B25119_001,2021,Kansas,20,All,64521,344,349.13466666666665,73854.99455085145
B25119_002,2021,Kansas,20,Owner occupied (dollars),80757,610,349.13466666666665,92439.7916173511
B25119_003,2021,Kansas,20,Renter occupied (dollars),40280,584,349.13466666666665,46107.146208339866
B25119_001,2021,Kentucky,21,All,55454,389,349.13466666666665,63476.30799000195
B25119_002,2021,Kentucky,21,Owner occupied (dollars),68964,540,349.13466666666665,78940.74555888656
B25119_003,2021,Kentucky,21,Renter occupied (dollars),34442,444,349.13466666666665,39424.58613971305
B25119_001,2021,Louisiana,22,All,53571,378,349.13466666666665,61320.90192470146
B25119_002,2021,Louisiana,22,Owner occupied (dollars),69198,614,349.13466666666665,79208.59740130839
B25119_003,2021,Louisiana,22,Renter occupied (dollars),30675,390,349.13466666666665,35112.6293431188
B25119_001,2021,Maine,23,All,63182,651,349.13466666666665,72322.28678588205
B25119_002,2021,Maine,23,Owner occupied (dollars),76346,886,349.13466666666665,87390.66992110018
B25119_003,2021,Maine,23,Renter occupied (dollars),36249,922,349.13466666666665,41492.99758952611
B25119_001,2021,Maryland,24,All,91431,570,349.13466666666665,104657.95642936252
B25119_002,2021,Maryland,24,Owner occupied (dollars),114039,735,349.13466666666665,130536.56520488752
B25119_003,2021,Maryland,24,Renter occupied (dollars),54724,636,349.13466666666665,62640.70181492529
B25119_001,2021,Massachusetts,25,All,89026,495,349.13466666666665,101905.03471558254
B25119_002,2021,Massachusetts,25,Owner occupied (dollars),117036,715,349.13466666666665,133967.12918667487
B25119_003,2021,Massachusetts,25,Renter occupied (dollars),50644,517,349.13466666666665,57970.46456244201
B25119_001,2021,Michigan,26,All,63202,242,349.13466666666665,72345.18010574717
B25119_002,2021,Michigan,26,Owner occupied (dollars),76347,321,349.13466666666665,87391.81458709344
B25119_003,2021,Michigan,26,Renter occupied (dollars),36257,330,349.13466666666665,41502.15491747215
B25119_001,2021,Minnesota,27,All,77706,350,349.13466666666665,88947.41567192794
B25119_002,2021,Minnesota,27,Owner occupied (dollars),94278,417,349.13466666666665,107916.8205121615
B25119_003,2021,Minnesota,27,Renter occupied (dollars),43661,382,349.13466666666665,49977.2619315374
B25119_001,2021,Mississippi,28,All,49111,447,349.13466666666665,56215.691594781005
B25119_002,2021,Mississippi,28,Owner occupied (dollars),61266,668,349.13466666666665,70129.10674280413
B25119_003,2021,Mississippi,28,Renter occupied (dollars),29498,472,349.13466666666665,33765.357469056835
B25119_001,2021,Missouri,29,All,61043,316,349.13466666666665,69873.8462263081
B25119_002,2021,Missouri,29,Owner occupied (dollars),76449,434,349.13466666666665,87508.57051840551
B25119_003,2021,Missouri,29,Renter occupied (dollars),37121,432,349.13466666666665,42491.146335645084
B25119_001,2021,Montana,30,All,60560,730,349.13466666666665,69320.97255156559
B25119_002,2021,Montana,30,Owner occupied (dollars),72203,948,349.13466666666665,82648.31871104178
B25119_003,2021,Montana,30,Renter occupied (dollars),38917,791,349.13466666666665,44546.966459532334
B25119_001,2021,Nebraska,31,All,66644,429,349.13466666666665,76285.12045453332
B25119_002,2021,Nebraska,31,Owner occupied (dollars),83791,593,349.13466666666665,95912.70824088891
B25119_003,2021,Nebraska,31,Renter occupied (dollars),41441,565,349.13466666666665,47436.10342650974
B25119_001,2021,Nevada,32,All,65686,488,349.13466666666665,75188.53043299435
B25119_002,2021,Nevada,32,Owner occupied (dollars),84425,681,349.13466666666665,96638.42648061304
B25119_003,2021,Nevada,32,Renter occupied (dollars),46624,552,349.13466666666665,53368.90726955407
B25119_001,2021,New Hampshire,33,All,83449,773,349.13466666666665,95521.23247119546
B25119_002,2021,New Hampshire,33,Owner occupied (dollars),101686,1245,349.13466666666665,116396.50619019978
B25119_003,2021,New Hampshire,33,Renter occupied (dollars),48480,1292,349.13466666666665,55493.40735303666
B25119_001,2021,New Jersey,34,All,89703,507,349.13466666666665,102679.97359301665
B25119_002,2021,New Jersey,34,Owner occupied (dollars),116792,500,349.13466666666665,133687.83068432048
B25119_003,2021,New Jersey,34,Renter occupied (dollars),53306,463,349.13466666666665,61017.565436488694
B25119_001,2021,New Mexico,35,All,54020,484,349.13466666666665,61834.85695567327
B25119_002,2021,New Mexico,35,Owner occupied (dollars),65524,686,349.13466666666665,75003.09454208692
B25119_003,2021,New Mexico,35,Renter occupied (dollars),34837,754,349.13466666666665,39876.72920704905
B25119_001,2021,New York,36,All,75157,322,349.13466666666665,86029.66205511914
B25119_002,2021,New York,36,Owner occupied (dollars),101114,437,349.13466666666665,115741.75724205752
B25119_003,2021,New York,36,Renter occupied (dollars),49674,356,349.13466666666665,56860.138548983974
B25119_001,2021,North Carolina,37,All,60516,353,349.13466666666665,69270.60724786234
B25119_002,2021,North Carolina,37,Owner occupied (dollars),75542,399,349.13466666666665,86470.35846252259
B25119_003,2021,North Carolina,37,Renter occupied (dollars),39414,281,349.13466666666665,45115.86545818042
B25119_001,2021,North Dakota,38,All,68131,1030,349.13466666666665,77987.23878650455
B25119_002,2021,North Dakota,38,Owner occupied (dollars),88812,1151,349.13466666666665,101660.07619302582
B25119_003,2021,North Dakota,38,Renter occupied (dollars),42081,1318,349.13466666666665,48168.68966219339
B25119_001,2021,Ohio,39,All,61938,252,349.13466666666665,70898.32229027196
B25119_002,2021,Ohio,39,Owner occupied (dollars),78517,284,349.13466666666665,89875.73979245832
B25119_003,2021,Ohio,39,Renter occupied (dollars),36609,293,349.13466666666665,41905.077347098166
B25119_001,2021,Oklahoma,40,All,56956,382,349.13466666666665,65195.596311872025
B25119_002,2021,Oklahoma,40,Owner occupied (dollars),71259,532,349.13466666666665,81567.7540134084
B25119_003,2021,Oklahoma,40,Renter occupied (dollars),37201,389,349.13466666666665,42582.71961510554
B25119_001,2021,Oregon,41,All,70084,505,349.13466666666665,80222.77147133295
B25119_002,2021,Oregon,41,Owner occupied (dollars),87549,646,349.13466666666665,100214.36304354385
B25119_003,2021,Oregon,41,Renter occupied (dollars),46942,639,349.13466666666665,53732.91105540938
B25119_001,2021,Pennsylvania,42,All,67587,271,349.13466666666665,77364.54048617344
B25119_002,2021,Pennsylvania,42,Owner occupied (dollars),83453,335,349.13466666666665,95525.81113516848
B25119_003,2021,Pennsylvania,42,Renter occupied (dollars),40098,311,349.13466666666665,45898.81699756732
B25119_001,2021,Rhode Island,44,All,74489,1058,349.13466666666665,85265.02517162434
B25119_002,2021,Rhode Island,44,Owner occupied (dollars),98975,1256,349.13466666666665,113293.31668248356
B25119_003,2021,Rhode Island,44,Renter occupied (dollars),41277,1291,349.13466666666665,47248.3782036158
B25119_001,2021,South Carolina,45,All,58234,482,349.13466666666665,66658.47945125282
B25119_002,2021,South Carolina,45,Owner occupied (dollars),70349,536,349.13466666666665,80526.1079595457
B25119_003,2021,South Carolina,45,Renter occupied (dollars),36772,492,349.13466666666665,42091.65790399884
B25119_001,2021,South Dakota,46,All,63920,695,349.13466666666665,73167.05028890476
B25119_002,2021,South Dakota,46,Owner occupied (dollars),79580,861,349.13466666666665,91092.51974328913
B25119_003,2021,South Dakota,46,Renter occupied (dollars),38662,1072,349.13466666666665,44255.07663125213
B25119_001,2021,Tennessee,47,All,58516,363,349.13466666666665,66981.27526135092
B25119_002,2021,Tennessee,47,Owner occupied (dollars),72405,470,349.13466666666665,82879.54124167944
B25119_003,2021,Tennessee,47,Renter occupied (dollars),37929,317,349.13466666666665,43416.0364581957
B25119_001,2021,Texas,48,All,67321,214,349.13466666666665,77060.05933196742
B25119_002,2021,Texas,48,Owner occupied (dollars),86627,342,349.13466666666665,99158.98099776209
B25119_003,2021,Texas,48,Renter occupied (dollars),45149,262,349.13466666666665,51680.524929501895
B25119_001,2021,Utah,49,All,79133,556,349.13466666666665,90580.85404430384
B25119_002,2021,Utah,49,Owner occupied (dollars),94890,586,349.13466666666665,108617.356100034
B25119_003,2021,Utah,49,Renter occupied (dollars),49237,726,349.13466666666665,56359.91950993123
B25119_001,2021,Vermont,50,All,67674,896,349.13466666666665,77464.12642758669
B25119_002,2021,Vermont,50,Owner occupied (dollars),82927,1041,349.13466666666665,94923.71682271599
B25119_003,2021,Vermont,50,Renter occupied (dollars),39931,1061,349.13466666666665,45707.657776693624
B25119_001,2021,Virginia,51,All,80615,377,349.13466666666665,92277.24904630879
B25119_002,2021,Virginia,51,Owner occupied (dollars),99453,490,349.13466666666665,113840.46702725979
B25119_003,2021,Virginia,51,Renter occupied (dollars),52109,362,349.13466666666665,59647.40024256161
B25119_001,2021,Washington,53,All,82400,397,349.13466666666665,94320.47784427022
B25119_002,2021,Washington,53,Owner occupied (dollars),101514,555,349.13466666666665,116199.62363935981
B25119_003,2021,Washington,53,Renter occupied (dollars),55342,593,349.13466666666665,63348.10539875732
B25119_001,2021,West Virginia,54,All,50884,550,349.13466666666665,58245.184400823375
B25119_002,2021,West Virginia,54,Owner occupied (dollars),60497,699,349.13466666666665,69248.85859399049
B25119_003,2021,West Virginia,54,Renter occupied (dollars),27889,708,349.13466666666665,31923.5898859084
B25119_001,2021,Wisconsin,55,All,67080,329,349.13466666666665,76784.1948275928
B25119_002,2021,Wisconsin,55,Owner occupied (dollars),83780,406,349.13466666666665,95900.1169149631
B25119_003,2021,Wisconsin,55,Renter occupied (dollars),41179,388,349.13466666666665,47136.20093627674
B25119_001,2021,Wyoming,56,All,68002,1091,349.13466666666665,77839.57687337456
B25119_002,2021,Wyoming,56,Owner occupied (dollars),81875,1178,349.13466666666665,93719.52819781099
B25119_003,2021,Wyoming,56,Renter occupied (dollars),39506,1490,349.13466666666665,45221.17472955995
B25119_001,2021,Puerto Rico,72,All,21967,175,349.13466666666665,25144.87787384811
B25119_002,2021,Puerto Rico,72,Owner occupied (dollars),27276,247,349.13466666666665,31221.909632042654
B25119_003,2021,Puerto Rico,72,Renter occupied (dollars),13146,255,349.13466666666665,15047.77914733952
B25119_001,2022,Alabama,01,All,59609,377,370.199,64349.970019421984
B25119_002,2022,Alabama,01,Owner occupied (dollars),74218,564,370.199,80120.88904194771
B25119_003,2022,Alabama,01,Renter occupied (dollars),34876,406,370.199,37649.8440570612
B25119_001,2022,Alaska,02,All,86370,1083,370.199,93239.3918800429
B25119_002,2022,Alaska,02,Owner occupied (dollars),105120,1488,370.199,113480.66312874967
B25119_003,2022,Alaska,02,Renter occupied (dollars),60188,1473,370.199,64975.020475582045
B25119_001,2022,Arizona,04,All,72581,450,370.199,78353.69112012727
B25119_002,2022,Arizona,04,Owner occupied (dollars),87251,536,370.199,94190.46174511546
B25119_003,2022,Arizona,04,Renter occupied (dollars),51628,546,370.199,55734.20544150578
B25119_001,2022,Arkansas,05,All,56335,422,370.199,60815.574175781134
B25119_002,2022,Arkansas,05,Owner occupied (dollars),70507,615,370.199,76114.73663640366
B25119_003,2022,Arkansas,05,Renter occupied (dollars),36358,570,370.199,39249.714136558985
B25119_001,2022,California,06,All,91905,277,370.199,99214.61515266114
B25119_002,2022,California,06,Owner occupied (dollars),118739,326,370.199,128182.84302934367
B25119_003,2022,California,06,Renter occupied (dollars),65443,279,370.199,70647.97409755293
B25119_001,2022,Colorado,08,All,87598,508,370.199,94565.06020502486
B25119_002,2022,Colorado,08,Owner occupied (dollars),108464,663,370.199,117090.62638505235
B25119_003,2022,Colorado,08,Renter occupied (dollars),58178,503,370.199,62805.15619772068
B25119_001,2022,Connecticut,09,All,90213,730,370.199,97388.04283517782
B25119_002,2022,Connecticut,09,Owner occupied (dollars),118086,807,370.199,127477.90702265537
B25119_003,2022,Connecticut,09,Renter occupied (dollars),48519,832,370.199,52377.93278485355
B25119_001,2022,Delaware,10,All,79325,1227,370.199,85634.07156286213
B25119_002,2022,Delaware,10,Owner occupied (dollars),93936,1241,370.199,101407.14965432105
B25119_003,2022,Delaware,10,Renter occupied (dollars),48812,1624,370.199,52694.23638356668
B25119_001,2022,District of Columbia,11,All,101722,1569,370.199,109812.4050112507
B25119_002,2022,District of Columbia,11,Owner occupied (dollars),162153,3315,370.199,175049.75236221598
B25119_003,2022,District of Columbia,11,Renter occupied (dollars),70667,1793,370.199,76287.46215105928
B25119_001,2022,Florida,12,All,67917,259,370.199,73318.74236791563
B25119_002,2022,Florida,12,Owner occupied (dollars),80831,349,370.199,87259.85046955827
B25119_003,2022,Florida,12,Renter occupied (dollars),48731,319,370.199,52606.79409177226
B25119_001,2022,Georgia,13,All,71355,353,370.199,77030.1818640785
B25119_002,2022,Georgia,13,Owner occupied (dollars),89613,497,370.199,96740.32215521921
B25119_003,2022,Georgia,13,Renter occupied (dollars),45850,399,370.199,49496.6552935043
B25119_001,2022,Hawaii,15,All,94814,994,370.199,102354.98091599383
B25119_002,2022,Hawaii,15,Owner occupied (dollars),115117,1273,370.199,124272.76919132682
B25119_003,2022,Hawaii,15,Renter occupied (dollars),68052,1285,370.199,73464.47952090632
B25119_001,2022,Idaho,16,All,70214,715,370.199,75798.43303769054
B25119_002,2022,Idaho,16,Owner occupied (dollars),82065,810,370.199,88591.99600133981
B25119_003,2022,Idaho,16,Renter occupied (dollars),46333,906,370.199,50018.070440870986
B25119_001,2022,Illinois,17,All,78433,297,370.199,84671.126818657
B25119_002,2022,Illinois,17,Owner occupied (dollars),98157,415,370.199,105963.86463782992
B25119_003,2022,Illinois,17,Renter occupied (dollars),46750,348,370.199,50468.23631344223
B25119_001,2022,Indiana,18,All,67173,383,370.199,72515.56872476694
B25119_002,2022,Indiana,18,Owner occupied (dollars),82378,431,370.199,88929.8902893849
B25119_003,2022,Indiana,18,Renter occupied (dollars),39387,428,370.199,42519.624035883404
B25119_001,2022,Iowa,19,All,70571,395,370.199,76183.82684226592
B25119_002,2022,Iowa,19,Owner occupied (dollars),86339,553,370.199,93205.92631157837
B25119_003,2022,Iowa,19,Renter occupied (dollars),40464,682,370.199,43682.282656409116
B25119_001,2022,Kansas,20,All,69747,479,370.199,75294.29044178942
B25119_002,2022,Kansas,20,Owner occupied (dollars),87226,690,370.199,94163.47338345052
B25119_003,2022,Kansas,20,Renter occupied (dollars),43616,704,370.199,47084.97529512505
B25119_001,2022,Kentucky,21,All,60183,443,370.199,64969.62280324906
B25119_002,2022,Kentucky,21,Owner occupied (dollars),74737,532,370.199,80681.1674301119
B25119_003,2022,Kentucky,21,Renter occupied (dollars),37471,515,370.199,40451.23599788222
B25119_001,2022,Louisiana,22,All,57852,468,370.199,62453.22796160983
B25119_002,2022,Louisiana,22,Owner occupied (dollars),74757,660,370.199,80702.75811944387
B25119_003,2022,Louisiana,22,Renter occupied (dollars),33405,416,370.199,36061.84885669599
B25119_001,2022,Maine,23,All,68251,611,370.199,73679.30687975926
B25119_002,2022,Maine,23,Owner occupied (dollars),82318,814,370.199,88865.11822138903
B25119_003,2022,Maine,23,Renter occupied (dollars),39837,815,370.199,43005.41454585236
B25119_001,2022,Maryland,24,All,98461,511,370.199,106292.04311567562
B25119_002,2022,Maryland,24,Owner occupied (dollars),122521,681,370.199,132265.64238201614
B25119_003,2022,Maryland,24,Renter occupied (dollars),59118,613,370.199,63819.91859632252
B25119_001,2022,Massachusetts,25,All,96505,551,370.199,104180.47369901053
B25119_002,2022,Massachusetts,25,Owner occupied (dollars),126341,683,370.199,136389.46404441935
B25119_003,2022,Massachusetts,25,Renter occupied (dollars),56051,531,370.199,60508.98638726739
B25119_001,2022,Michigan,26,All,68505,307,370.199,73953.50863427507
B25119_002,2022,Michigan,26,Owner occupied (dollars),82420,327,370.199,88975.23073698199
B25119_003,2022,Michigan,26,Renter occupied (dollars),39507,328,370.199,42649.16817187513
B25119_001,2022,Minnesota,27,All,84313,348,370.199,91018.78948225144
B25119_002,2022,Minnesota,27,Owner occupied (dollars),102334,424,370.199,110473.08010480848
B25119_003,2022,Minnesota,27,Renter occupied (dollars),47421,441,370.199,51192.60394052928
B25119_001,2022,Mississippi,28,All,52985,527,370.199,57199.13371267886
B25119_002,2022,Mississippi,28,Owner occupied (dollars),65530,839,370.199,70741.89359614694
B25119_003,2022,Mississippi,28,Renter occupied (dollars),32166,598,370.199,34724.305652581446
B25119_001,2022,Missouri,29,All,65920,361,370.199,71162.91203812003
B25119_002,2022,Missouri,29,Owner occupied (dollars),82642,504,370.199,89214.88738856668
B25119_003,2022,Missouri,29,Renter occupied (dollars),40179,370,370.199,43374.615333428774
B25119_001,2022,Montana,30,All,66341,748,370.199,71617.39604855767
B25119_002,2022,Montana,30,Owner occupied (dollars),78701,935,370.199,84960.44205570516
B25119_003,2022,Montana,30,Renter occupied (dollars),43178,1179,370.199,46612.13919875526
B25119_001,2022,Nebraska,31,All,71722,577,370.199,77426.37101331986
B25119_002,2022,Nebraska,31,Owner occupied (dollars),91126,657,370.199,98373.65780318153
B25119_003,2022,Nebraska,31,Renter occupied (dollars),44243,759,370.199,47761.84340568181
B25119_001,2022,Nevada,32,All,71646,495,370.199,77344.32639385843
B25119_002,2022,Nevada,32,Owner occupied (dollars),91699,746,370.199,98992.231052542
B25119_003,2022,Nevada,32,Renter occupied (dollars),51259,708,370.199,55335.85722333123
B25119_001,2022,New Hampshire,33,All,90845,966,370.199,98070.30861806757
B25119_002,2022,New Hampshire,33,Owner occupied (dollars),109809,1192,370.199,118542.60024262626
B25119_003,2022,New Hampshire,33,Renter occupied (dollars),53472,1212,370.199,57724.86699791193
B25119_001,2022,New Jersey,34,All,97126,605,370.199,104850.8646027677
B25119_002,2022,New Jersey,34,Owner occupied (dollars),125945,696,370.199,135961.96839564666
B25119_003,2022,New Jersey,34,Renter occupied (dollars),57953,484,370.199,62562.260942736204
B25119_001,2022,New Mexico,35,All,58722,581,370.199,63392.42294754983
B25119_002,2022,New Mexico,35,Owner occupied (dollars),71505,879,370.199,77192.11203406817
B25119_003,2022,New Mexico,35,Renter occupied (dollars),37408,738,370.199,40383.225326486565
B25119_001,2022,New York,36,All,81386,350,370.199,87858.99209851999
B25119_002,2022,New York,36,Owner occupied (dollars),109234,446,370.199,117921.86792433259
B25119_003,2022,New York,36,Renter occupied (dollars),54045,409,370.199,58343.44024727241
B25119_001,2022,North Carolina,37,All,66186,380,370.199,71450.06820623502
B25119_002,2022,North Carolina,37,Owner occupied (dollars),82378,482,370.199,88929.8902893849
B25119_003,2022,North Carolina,37,Renter occupied (dollars),43309,379,370.199,46753.55821387956
B25119_001,2022,North Dakota,38,All,73959,1131,370.199,79841.2896150989
B25119_002,2022,North Dakota,38,Owner occupied (dollars),95767,1325,370.199,103383.77726266143
B25119_003,2022,North Dakota,38,Renter occupied (dollars),46353,1062,370.199,50039.66113020294
B25119_001,2022,Ohio,39,All,66990,272,370.199,72318.01391737956
B25119_002,2022,Ohio,39,Owner occupied (dollars),84808,330,370.199,91553.1590432173
B25119_003,2022,Ohio,39,Renter occupied (dollars),39786,286,370.199,42950.35828805588
B25119_001,2022,Oklahoma,40,All,61364,451,370.199,66244.55300830094
B25119_002,2022,Oklahoma,40,Owner occupied (dollars),77038,586,370.199,83165.1762377532
B25119_003,2022,Oklahoma,40,Renter occupied (dollars),40376,438,370.199,43587.28362334852
B25119_001,2022,Oregon,41,All,76632,539,370.199,82726.88524431454
B25119_002,2022,Oregon,41,Owner occupied (dollars),95907,835,370.199,103534.91208798511
B25119_003,2022,Oregon,41,Renter occupied (dollars),51404,599,370.199,55492.3897209879
B25119_001,2022,Pennsylvania,42,All,73170,347,370.199,78989.53692095332
B25119_002,2022,Pennsylvania,42,Owner occupied (dollars),90350,350,370.199,97535.93905710171
B25119_003,2022,Pennsylvania,42,Renter occupied (dollars),43796,373,370.199,47279.29149911264
B25119_001,2022,Rhode Island,44,All,81370,1213,370.199,87841.71954705442
B25119_002,2022,Rhode Island,44,Owner occupied (dollars),107452,1716,370.199,115998.13750485549
B25119_003,2022,Rhode Island,44,Renter occupied (dollars),45560,1200,370.199,49183.59029819097
B25119_001,2022,South Carolina,45,All,63623,486,370.199,68683.22136834513
B25119_002,2022,South Carolina,45,Owner occupied (dollars),76393,545,370.199,82468.8765067977
B25119_003,2022,South Carolina,45,Renter occupied (dollars),40267,510,370.199,43469.614366489375
B25119_001,2022,South Dakota,46,All,69457,788,370.199,74981.22544647608
B25119_002,2022,South Dakota,46,Owner occupied (dollars),86384,961,370.199,93254.50536257526
B25119_003,2022,South Dakota,46,Renter occupied (dollars),42339,1088,370.199,45706.4097812798
B25119_001,2022,Tennessee,47,All,64035,350,370.199,69127.98956858338
B25119_002,2022,Tennessee,47,Owner occupied (dollars),78955,403,370.199,85234.64381022098
B25119_003,2022,Tennessee,47,Renter occupied (dollars),41763,385,370.199,45084.59792851952
B25119_001,2022,Texas,48,All,73035,227,370.199,78843.79976796263
B25119_002,2022,Texas,48,Owner occupied (dollars),93779,378,370.199,101237.66274306522
B25119_003,2022,Texas,48,Renter occupied (dollars),49306,270,370.199,53227.52641006593
B25119_001,2022,Utah,49,All,86833,674,370.199,93739.21633807762
B25119_002,2022,Utah,49,Owner occupied (dollars),103981,842,370.199,112251.07337129489
B25119_003,2022,Utah,49,Renter occupied (dollars),54512,763,370.199,58847.582843173535
B25119_001,2022,Vermont,50,All,74014,1049,370.199,79900.66401076177
B25119_002,2022,Vermont,50,Owner occupied (dollars),90311,1145,370.199,97493.8372129044
B25119_003,2022,Vermont,50,Renter occupied (dollars),43102,1372,370.199,46530.09457929384
B25119_001,2022,Virginia,51,All,87249,428,370.199,94188.30267618227
B25119_002,2022,Virginia,51,Owner occupied (dollars),107589,560,370.199,116146.03372677938
B25119_003,2022,Virginia,51,Renter occupied (dollars),56186,428,370.199,60654.72354025808
B25119_001,2022,Washington,53,All,90325,433,370.199,97508.95069543677
B25119_002,2022,Washington,53,Owner occupied (dollars),110930,635,370.199,119752.75837968227
B25119_003,2022,Washington,53,Renter occupied (dollars),60941,709,370.199,65787.90992893011
B25119_001,2022,West Virginia,54,All,55217,577,370.199,59608.65464212491
B25119_002,2022,West Virginia,54,Owner occupied (dollars),65608,780,370.199,70826.09728454155
B25119_003,2022,West Virginia,54,Renter occupied (dollars),30531,788,370.199,32959.26679969422
B25119_001,2022,Wisconsin,55,All,72458,372,370.199,78220.90838073577
B25119_002,2022,Wisconsin,55,Owner occupied (dollars),90239,477,370.199,97416.11073130937
B25119_003,2022,Wisconsin,55,Renter occupied (dollars),44856,520,370.199,48423.59803370619
B25119_001,2022,Wyoming,56,All,72495,1201,370.199,78260.85115599987
B25119_002,2022,Wyoming,56,Owner occupied (dollars),87796,1245,370.199,94778.8080294112
B25119_003,2022,Wyoming,56,Renter occupied (dollars),42082,1849,370.199,45428.969423364186
B25119_001,2022,Puerto Rico,72,All,24002,222,370.199,25910.98626727787
B25119_002,2022,Puerto Rico,72,Owner occupied (dollars),29625,262,370.199,31981.208572956704
B25119_003,2022,Puerto Rico,72,Renter occupied (dollars),14738,261,370.199,15910.178968716824
B25119_001,2023,Alabama,01,All,62027,400,399.64258333333333,62026.99948264605
B25119_002,2023,Alabama,01,Owner occupied (dollars),76927,621,399.64258333333333,76926.99935836834
B25119_003,2023,Alabama,01,Renter occupied (dollars),36508,499,399.64258333333333,36507.99969549458
B25119_001,2023,Alaska,02,All,89336,1374,399.64258333333333,89335.99925486752
B25119_002,2023,Alaska,02,Owner occupied (dollars),108659,1777,399.64258333333333,108658.99909369851
B25119_003,2023,Alaska,02,Renter occupied (dollars),61255,1643,399.64258333333333,61254.999489085145
B25119_001,2023,Arizona,04,All,76872,414,399.64258333333333,76871.99935882709
B25119_002,2023,Arizona,04,Owner occupied (dollars),91561,587,399.64258333333333,91560.99923630928
B25119_003,2023,Arizona,04,Renter occupied (dollars),54757,569,399.64258333333333,54756.99954328357
B25119_001,2023,Arkansas,05,All,58773,503,399.64258333333333,58772.999509786976
B25119_002,2023,Arkansas,05,Owner occupied (dollars),73327,728,399.64258333333333,73326.99938839517
B25119_003,2023,Arkansas,05,Renter occupied (dollars),37775,731,399.64258333333333,37774.9996849268
B25119_001,2023,California,06,All,96334,298,399.64258333333333,96333.9991964987
B25119_002,2023,California,06,Owner occupied (dollars),124150,353,399.64258333333333,124149.9989644914
B25119_003,2023,California,06,Renter occupied (dollars),69075,281,399.64258333333333,69074.9994238602
B25119_001,2023,Colorado,08,All,92470,483,399.64258333333333,92469.99922872751
B25119_002,2023,Colorado,08,Owner occupied (dollars),114071,654,399.64258333333333,114070.99904855818
B25119_003,2023,Colorado,08,Renter occupied (dollars),61610,529,399.64258333333333,61609.999486124165
B25119_001,2023,Connecticut,09,All,93760,669,399.64258333333333,93759.9992179679
B25119_002,2023,Connecticut,09,Owner occupied (dollars),122250,797,399.64258333333333,122249.99898033889
B25119_003,2023,Connecticut,09,Renter occupied (dollars),50825,852,399.64258333333333,50824.99957607954
B25119_001,2023,Delaware,10,All,82855,1234,399.64258333333333,82854.99930892416
B25119_002,2023,Delaware,10,Owner occupied (dollars),97987,1397,399.64258333333333,97986.99918271138
B25119_003,2023,Delaware,10,Renter occupied (dollars),51592,1693,399.64258333333333,51591.99956968216
B25119_001,2023,District of Columbia,11,All,106287,1803,399.64258333333333,106286.99911348286
B25119_002,2023,District of Columbia,11,Owner occupied (dollars),170622,3967,399.64258333333333,170621.9985768784
B25119_003,2023,District of Columbia,11,Renter occupied (dollars),74685,2446,399.64258333333333,74684.99937706838
B25119_001,2023,Florida,12,All,71711,282,399.64258333333333,71710.99940187388
B25119_002,2023,Florida,12,Owner occupied (dollars),84813,382,399.64258333333333,84812.9992925929
B25119_003,2023,Florida,12,Renter occupied (dollars),51662,345,399.64258333333333,51661.999569098305
B25119_001,2023,Georgia,13,All,74664,431,399.64258333333333,74663.99937724354
B25119_002,2023,Georgia,13,Owner occupied (dollars),93438,524,399.64258333333333,93437.99922065363
B25119_003,2023,Georgia,13,Renter occupied (dollars),47819,455,399.64258333333333,47818.99960115195
B25119_001,2023,Hawaii,15,All,98317,980,399.64258333333333,98316.99917995892
B25119_002,2023,Hawaii,15,Owner occupied (dollars),118775,1291,399.64258333333333,118774.99900932312
B25119_003,2023,Hawaii,15,Renter occupied (dollars),70826,1070,399.64258333333333,70825.99940925548
B25119_001,2023,Idaho,16,All,74636,877,399.64258333333333,74635.99937747708
B25119_002,2023,Idaho,16,Owner occupied (dollars),86874,1057,399.64258333333333,86873.99927540254
B25119_003,2023,Idaho,16,Renter occupied (dollars),49651,1025,399.64258333333333,49650.99958587163
B25119_001,2023,Illinois,17,All,81702,363,399.64258333333333,81701.99931854109
B25119_002,2023,Illinois,17,Owner occupied (dollars),101665,386,399.64258333333333,101664.99915203397
B25119_003,2023,Illinois,17,Renter occupied (dollars),49237,410,399.64258333333333,49236.99958932471
B25119_001,2023,Indiana,18,All,70051,293,399.64258333333333,70050.99941571959
B25119_002,2023,Indiana,18,Owner occupied (dollars),85374,416,399.64258333333333,85373.99928791373
B25119_003,2023,Indiana,18,Renter occupied (dollars),41332,370,399.64258333333333,41331.99965525862
B25119_001,2023,Iowa,19,All,73147,438,399.64258333333333,73146.99938989652
B25119_002,2023,Iowa,19,Owner occupied (dollars),89471,635,399.64258333333333,89470.99925374152
B25119_003,2023,Iowa,19,Renter occupied (dollars),42188,470,399.64258333333333,42187.999648118916
B25119_001,2023,Kansas,20,All,72639,453,399.64258333333333,72638.99939413363
B25119_002,2023,Kansas,20,Owner occupied (dollars),90565,618,399.64258333333333,90564.9992446167
B25119_003,2023,Kansas,20,Renter occupied (dollars),45871,609,399.64258333333333,45870.9996173998
B25119_001,2023,Kentucky,21,All,62417,401,399.64258333333333,62416.99947939315
B25119_002,2023,Kentucky,21,Owner occupied (dollars),77341,510,399.64258333333333,77340.99935491526
B25119_003,2023,Kentucky,21,Renter occupied (dollars),38672,534,399.64258333333333,38671.999677445114
B25119_001,2023,Louisiana,22,All,60023,491,399.64258333333333,60022.999499360994
B25119_002,2023,Louisiana,22,Owner occupied (dollars),77037,697,399.64258333333333,77036.99935745086
B25119_003,2023,Louisiana,22,Renter occupied (dollars),34931,567,399.64258333333333,34930.999708648
B25119_001,2023,Maine,23,All,71773,660,399.64258333333333,71772.99940135675
B25119_002,2023,Maine,23,Owner occupied (dollars),85664,1065,399.64258333333333,85663.9992854949
B25119_003,2023,Maine,23,Renter occupied (dollars),42304,1010,399.64258333333333,42303.99964715138
B25119_001,2023,Maryland,24,All,101652,518,399.64258333333333,101651.99915214241
B25119_002,2023,Maryland,24,Owner occupied (dollars),126646,775,399.64258333333333,126645.99894367279
B25119_003,2023,Maryland,24,Renter occupied (dollars),61185,605,399.64258333333333,61184.999489669
B25119_001,2023,Massachusetts,25,All,101341,539,399.64258333333333,101340.99915473639
B25119_002,2023,Massachusetts,25,Owner occupied (dollars),132085,796,399.64258333333333,132084.99889830727
B25119_003,2023,Massachusetts,25,Renter occupied (dollars),58815,686,399.64258333333333,58814.99950943666
B25119_001,2023,Michigan,26,All,71149,286,399.64258333333333,71148.9994065614
B25119_002,2023,Michigan,26,Owner occupied (dollars),85243,381,399.64258333333333,85242.99928900636
B25119_003,2023,Michigan,26,Renter occupied (dollars),41174,335,399.64258333333333,41173.99965657647
B25119_001,2023,Minnesota,27,All,87556,396,399.64258333333333,87555.99926971413
B25119_002,2023,Minnesota,27,Owner occupied (dollars),106057,435,399.64258333333333,106056.99911540124
B25119_003,2023,Minnesota,27,Renter occupied (dollars),49949,483,399.64258333333333,49948.999583386074
B25119_001,2023,Mississippi,28,All,54915,586,399.64258333333333,54914.99954196573
B25119_002,2023,Mississippi,28,Owner occupied (dollars),67712,925,399.64258333333333,67711.99943522869
B25119_003,2023,Mississippi,28,Renter occupied (dollars),33640,653,399.64258333333333,33639.99971941595
B25119_001,2023,Missouri,29,All,68920,368,399.64258333333333,68919.99942515302
B25119_002,2023,Missouri,29,Owner occupied (dollars),85660,514,399.64258333333333,85659.99928552826
B25119_003,2023,Missouri,29,Renter occupied (dollars),42042,372,399.64258333333333,42041.99964933667
B25119_001,2023,Montana,30,All,69922,768,399.64258333333333,69921.99941679554
B25119_002,2023,Montana,30,Owner occupied (dollars),82282,1030,399.64258333333333,82281.99931370343
B25119_003,2023,Montana,30,Renter occupied (dollars),45625,999,399.64258333333333,45624.99961945163
B25119_001,2023,Nebraska,31,All,74985,575,399.64258333333333,74984.99937456615
B25119_002,2023,Nebraska,31,Owner occupied (dollars),94976,761,399.64258333333333,94975.99920782549
B25119_003,2023,Nebraska,31,Renter occupied (dollars),46163,644,399.64258333333333,46162.99961496429
B25119_001,2023,Nevada,32,All,75561,714,399.64258333333333,75560.99936976186
B25119_002,2023,Nevada,32,Owner occupied (dollars),95634,987,399.64258333333333,95633.99920233726
B25119_003,2023,Nevada,32,Renter occupied (dollars),54116,803,399.64258333333333,54115.99954863002
B25119_001,2023,New Hampshire,33,All,95628,1073,399.64258333333333,95627.9992023873
B25119_002,2023,New Hampshire,33,Owner occupied (dollars),115080,1255,399.64258333333333,115079.99904014233
B25119_003,2023,New Hampshire,33,Renter occupied (dollars),56305,1463,399.64258333333333,56304.999530372035
B25119_001,2023,New Jersey,34,All,101050,527,399.64258333333333,101049.99915716356
B25119_002,2023,New Jersey,34,Owner occupied (dollars),130867,643,399.64258333333333,130866.99890846634
B25119_003,2023,New Jersey,34,Renter occupied (dollars),60908,569,399.64258333333333,60907.9994919794
B25119_001,2023,New Mexico,35,All,62125,608,399.64258333333333,62124.99948182866
B25119_002,2023,New Mexico,35,Owner occupied (dollars),75254,835,399.64258333333333,75253.99937232248
B25119_003,2023,New Mexico,35,Renter occupied (dollars),39215,1026,399.64258333333333,39214.99967291607
B25119_001,2023,New York,36,All,84578,372,399.64258333333333,84577.99929455298
B25119_002,2023,New York,36,Owner occupied (dollars),113043,506,399.64258333333333,113042.9990571325
B25119_003,2023,New York,36,Renter occupied (dollars),56792,423,399.64258333333333,56791.99952631007
B25119_001,2023,North Carolina,37,All,69904,346,399.64258333333333,69903.99941694568
B25119_002,2023,North Carolina,37,Owner occupied (dollars),86146,430,399.64258333333333,86145.99928147464
B25119_003,2023,North Carolina,37,Renter occupied (dollars),45970,363,399.64258333333333,45969.99961657406
B25119_001,2023,North Dakota,38,All,75949,1002,399.64258333333333,75948.99936652563
B25119_002,2023,North Dakota,38,Owner occupied (dollars),98374,1356,399.64258333333333,98373.99917948351
B25119_003,2023,North Dakota,38,Renter occupied (dollars),47031,1449,399.64258333333333,47030.99960772449
B25119_001,2023,Ohio,39,All,69680,287,399.64258333333333,69679.99941881403
B25119_002,2023,Ohio,39,Owner occupied (dollars),88152,325,399.64258333333333,88151.99926474302
B25119_003,2023,Ohio,39,Renter occupied (dollars),41481,278,399.64258333333333,41480.999654015846
B25119_001,2023,Oklahoma,40,All,63603,419,399.64258333333333,63602.999469500974
B25119_002,2023,Oklahoma,40,Owner occupied (dollars),80283,588,399.64258333333333,80282.99933037667
B25119_003,2023,Oklahoma,40,Renter occupied (dollars),41653,411,399.64258333333333,41652.99965258123
B25119_001,2023,Oregon,41,All,80426,573,399.64258333333333,80425.99932918393
B25119_002,2023,Oregon,41,Owner occupied (dollars),100834,764,399.64258333333333,100833.99915896516
B25119_003,2023,Oregon,41,Renter occupied (dollars),53717,613,399.64258333333333,53716.99955195799
B25119_001,2023,Pennsylvania,42,All,76081,310,399.64258333333333,76080.99936542465
B25119_002,2023,Pennsylvania,42,Owner occupied (dollars),93771,414,399.64258333333333,93770.99921787615
B25119_003,2023,Pennsylvania,42,Renter occupied (dollars),46003,336,399.64258333333333,46002.99961629882
B25119_001,2023,Rhode Island,44,All,86372,1274,399.64258333333333,86371.99927958961
B25119_002,2023,Rhode Island,44,Owner occupied (dollars),112858,1666,399.64258333333333,112857.99905867556
B25119_003,2023,Rhode Island,44,Renter occupied (dollars),48434,1352,399.64258333333333,48433.99959602236
B25119_001,2023,South Carolina,45,All,66818,504,399.64258333333333,66817.99944268535
B25119_002,2023,South Carolina,45,Owner occupied (dollars),79882,611,399.64258333333333,79881.99933372132
B25119_003,2023,South Carolina,45,Renter occupied (dollars),42174,559,399.64258333333333,42173.99964823569
B25119_001,2023,South Dakota,46,All,72421,805,399.64258333333333,72420.99939595192
B25119_002,2023,South Dakota,46,Owner occupied (dollars),89726,1002,399.64258333333333,89725.99925161462
B25119_003,2023,South Dakota,46,Renter occupied (dollars),44305,1118,399.64258333333333,44304.99963046147
B25119_001,2023,Tennessee,47,All,67097,360,399.64258333333333,67096.99944035827
B25119_002,2023,Tennessee,47,Owner occupied (dollars),82398,458,399.64258333333333,82397.9993127359
B25119_003,2023,Tennessee,47,Renter occupied (dollars),44521,416,399.64258333333333,44520.99962865986
B25119_001,2023,Texas,48,All,76292,265,399.64258333333333,76291.99936366474
B25119_002,2023,Texas,48,Owner occupied (dollars),97699,399,399.64258333333333,97698.99918511353
B25119_003,2023,Texas,48,Renter occupied (dollars),51840,283,399.64258333333333,51839.999567613646
B25119_001,2023,Utah,49,All,91750,634,399.64258333333333,91749.99923473287
B25119_002,2023,Utah,49,Owner occupied (dollars),109588,743,399.64258333333333,109587.99908594992
B25119_003,2023,Utah,49,Renter occupied (dollars),58038,1070,399.64258333333333,58037.99951591745
B25119_001,2023,Vermont,50,All,78024,1357,399.64258333333333,78023.9993492185
B25119_002,2023,Vermont,50,Owner occupied (dollars),95163,1136,399.64258333333333,95162.99920626577
B25119_003,2023,Vermont,50,Renter occupied (dollars),45289,1364,399.64258333333333,45288.99962225414
B25119_001,2023,Virginia,51,All,90974,485,399.64258333333333,90973.99924120533
B25119_002,2023,Virginia,51,Owner occupied (dollars),111554,553,399.64258333333333,111553.99906955194
B25119_003,2023,Virginia,51,Renter occupied (dollars),58638,544,399.64258333333333,58637.99951091298
B25119_001,2023,Washington,53,All,94952,476,399.64258333333333,94951.99920802568
B25119_002,2023,Washington,53,Owner occupied (dollars),116170,595,399.64258333333333,116169.99903105087
B25119_003,2023,Washington,53,Renter occupied (dollars),64262,698,399.64258333333333,64261.9994640044
B25119_001,2023,West Virginia,54,All,57917,607,399.64258333333333,57916.999516926684
B25119_002,2023,West Virginia,54,Owner occupied (dollars),69026,836,399.64258333333333,69025.9994242689
B25119_003,2023,West Virginia,54,Renter occupied (dollars),32114,680,399.64258333333333,32113.99973214399
B25119_001,2023,Wisconsin,55,All,75670,402,399.64258333333333,75669.99936885272
B25119_002,2023,Wisconsin,55,Owner occupied (dollars),93867,510,399.64258333333333,93866.99921707543
B25119_003,2023,Wisconsin,55,Renter occupied (dollars),46920,409,399.64258333333333,46919.999608650316
B25119_001,2023,Wyoming,56,All,74815,1225,399.64258333333333,74814.99937598409
B25119_002,2023,Wyoming,56,Owner occupied (dollars),89942,1448,399.64258333333333,89941.99924981302
B25119_003,2023,Wyoming,56,Renter occupied (dollars),44433,1600,399.64258333333333,44432.999629393846
B25119_001,2023,Puerto Rico,72,All,25096,232,399.64258333333333,25095.99979067963
B25119_002,2023,Puerto Rico,72,Owner occupied (dollars),30906,271,399.64258333333333,30905.99974221966
B25119_003,2023,Puerto Rico,72,Renter occupied (dollars),15661,330,399.64258333333333,15660.999869374948
