variable,year,locality,fips,tenure,estimate,moe,index,adjusted
B25119_001,2010,"Accomack County, Virginia",51001,All,41372,1614,249.38541666666666,66299.03641021512
B25119_002,2010,"Accomack County, Virginia",51001,Owner occupied (dollars),43889,1598,249.38541666666666,70332.55363550062
B25119_003,2010,"Accomack County, Virginia",51001,Renter occupied (dollars),31322,3808,249.38541666666666,50193.81268589282
B25119_001,2010,"Albemarle County, Virginia",51003,All,64847,2443,249.38541666666666,103917.95451255003
B25119_002,2010,"Albemarle County, Virginia",51003,Owner occupied (dollars),84401,2798,249.38541666666666,135253.43159766428
B25119_003,2010,"Albemarle County, Virginia",51003,Renter occupied (dollars),40590,2039,249.38541666666666,65045.87372838228
B25119_001,2010,"Alleghany County, Virginia",51005,All,43160,2560,249.38541666666666,69164.32397430351
B25119_002,2010,"Alleghany County, Virginia",51005,Owner occupied (dollars),48696,2448,249.38541666666666,78035.81835617895
B25119_003,2010,"Alleghany County, Virginia",51005,Renter occupied (dollars),18279,1738,249.38541666666666,29292.277060386787
B25119_001,2010,"Amelia County, Virginia",51007,All,50135,4590,249.38541666666666,80341.82999193016
B25119_002,2010,"Amelia County, Virginia",51007,Owner occupied (dollars),55404,4798,249.38541666666666,88785.45425098034
B25119_003,2010,"Amelia County, Virginia",51007,Renter occupied (dollars),39866,4368,249.38541666666666,63885.65661630175
B25119_001,2010,"Amherst County, Virginia",51009,All,44757,2542,249.38541666666666,71723.5321621386
B25119_002,2010,"Amherst County, Virginia",51009,Owner occupied (dollars),51873,3065,249.38541666666666,83126.99206485278
B25119_003,2010,"Amherst County, Virginia",51009,Renter occupied (dollars),29118,2639,249.38541666666666,46661.88103530513
B25119_001,2010,"Appomattox County, Virginia",51011,All,49224,3188,249.38541666666666,78881.94354288961
B25119_002,2010,"Appomattox County, Virginia",51011,Owner occupied (dollars),57025,5146,249.38541666666666,91383.122674575
B25119_003,2010,"Appomattox County, Virginia",51011,Renter occupied (dollars),24413,5145,249.38541666666666,39122.072316604994
B25119_001,2010,"Arlington County, Virginia",51013,All,94880,2016,249.38541666666666,152046.132036189
B25119_002,2010,"Arlington County, Virginia",51013,Owner occupied (dollars),128653,3728,249.38541666666666,206167.69629902847
B25119_003,2010,"Arlington County, Virginia",51013,Renter occupied (dollars),73013,2465,249.38541666666666,117004.04972974565
B25119_001,2010,"Augusta County, Virginia",51015,All,50612,1706,249.38541666666666,81106.22717765173
B25119_002,2010,"Augusta County, Virginia",51015,Owner occupied (dollars),56326,1734,249.38541666666666,90262.96830807737
B25119_003,2010,"Augusta County, Virginia",51015,Renter occupied (dollars),31700,2406,249.38541666666666,50799.56139910614
B25119_001,2010,"Bath County, Virginia",51017,All,50589,6470,249.38541666666666,81069.36945171548
B25119_002,2010,"Bath County, Virginia",51017,Owner occupied (dollars),51039,4332,249.38541666666666,81790.49887220752
B25119_003,2010,"Bath County, Virginia",51017,Renter occupied (dollars),39167,29026,249.38541666666666,62765.50224980411
B25119_001,2010,"Bedford County, Virginia",51019,All,54110,2469,249.38541666666666,86711.80653960988
B25119_002,2010,"Bedford County, Virginia",51019,Owner occupied (dollars),61244,1825,249.38541666666666,98144.11161914375
B25119_003,2010,"Bedford County, Virginia",51019,Renter occupied (dollars),29359,1937,249.38541666666666,47048.085902724204
B25119_001,2010,"Bland County, Virginia",51021,All,41552,2093,249.38541666666666,66587.48817841194
B25119_002,2010,"Bland County, Virginia",51021,Owner occupied (dollars),44684,3424,249.38541666666666,71606.54894503656
B25119_003,2010,"Bland County, Virginia",51021,Renter occupied (dollars),23652,4712,249.38541666666666,37902.562341061785
B25119_001,2010,"Botetourt County, Virginia",51023,All,64724,3600,249.38541666666666,103720.8458042822
B25119_002,2010,"Botetourt County, Virginia",51023,Owner occupied (dollars),67623,2442,249.38541666666666,108366.52178207428
B25119_003,2010,"Botetourt County, Virginia",51023,Renter occupied (dollars),37946,5293,249.38541666666666,60808.8377555357
B25119_001,2010,"Brunswick County, Virginia",51025,All,35184,2884,249.38541666666666,56382.70562353787
B25119_002,2010,"Brunswick County, Virginia",51025,Owner occupied (dollars),44922,5114,249.38541666666666,71987.94628298568
B25119_003,2010,"Brunswick County, Virginia",51025,Renter occupied (dollars),22067,4661,249.38541666666666,35362.584271106476
B25119_001,2010,"Buchanan County, Virginia",51027,All,29183,2181,249.38541666666666,46766.04417382065
B25119_002,2010,"Buchanan County, Virginia",51027,Owner occupied (dollars),32493,3320,249.38541666666666,52070.351688995455
B25119_003,2010,"Buchanan County, Virginia",51027,Renter occupied (dollars),14659,2378,249.38541666666666,23491.191499984132
B25119_001,2010,"Buckingham County, Virginia",51029,All,34720,4849,249.38541666666666,55639.14106551941
B25119_002,2010,"Buckingham County, Virginia",51029,Owner occupied (dollars),37183,6639,249.38541666666666,59586.12276034586
B25119_003,2010,"Buckingham County, Virginia",51029,Renter occupied (dollars),31972,10438,249.38541666666666,51235.444071048
B25119_001,2010,"Campbell County, Virginia",51031,All,43478,1227,249.38541666666666,69673.92209811788
B25119_002,2010,"Campbell County, Virginia",51031,Owner occupied (dollars),51181,2001,249.38541666666666,82018.05526711834
B25119_003,2010,"Campbell County, Virginia",51031,Renter occupied (dollars),23512,2436,249.38541666666666,37678.21096579759
B25119_001,2010,"Caroline County, Virginia",51033,All,57690,2746,249.38541666666666,92448.79170707992
B25119_002,2010,"Caroline County, Virginia",51033,Owner occupied (dollars),63648,3982,249.38541666666666,101996.54523439457
B25119_003,2010,"Caroline County, Virginia",51033,Renter occupied (dollars),36197,5461,249.38541666666666,58006.048074556624
B25119_001,2010,"Carroll County, Virginia",51035,All,36142,2348,249.38541666666666,57917.91003427427
B25119_002,2010,"Carroll County, Virginia",51035,Owner occupied (dollars),40797,2263,249.38541666666666,65377.59326180862
B25119_003,2010,"Carroll County, Virginia",51035,Renter occupied (dollars),24500,5554,249.38541666666666,39261.490671233456
B25119_001,2010,"Charles City County, Virginia",51036,All,46337,3910,249.38541666666666,74255.49768297732
B25119_002,2010,"Charles City County, Virginia",51036,Owner occupied (dollars),49861,4781,249.38541666666666,79902.74230034168
B25119_003,2010,"Charles City County, Virginia",51036,Renter occupied (dollars),38188,9750,249.38541666666666,61196.64513277809
B25119_001,2010,"Charlotte County, Virginia",51037,All,34881,3431,249.38541666666666,55897.14514707323
B25119_002,2010,"Charlotte County, Virginia",51037,Owner occupied (dollars),42716,7248,249.38541666666666,68452.80961275136
B25119_003,2010,"Charlotte County, Virginia",51037,Renter occupied (dollars),18438,5872,249.38541666666666,29547.076122293976
B25119_001,2010,"Chesterfield County, Virginia",51041,All,71321,1171,249.38541666666666,114292.60310869556
B25119_002,2010,"Chesterfield County, Virginia",51041,Owner occupied (dollars),81973,1428,249.38541666666666,131362.53774665386
B25119_003,2010,"Chesterfield County, Virginia",51041,Renter occupied (dollars),41500,1363,249.38541666666666,66504.15766759952
B25119_001,2010,"Clarke County, Virginia",51043,All,73244,7456,249.38541666666666,117374.22949893156
B25119_002,2010,"Clarke County, Virginia",51043,Owner occupied (dollars),85056,4717,249.38541666666666,136303.07553193602
B25119_003,2010,"Clarke County, Virginia",51043,Renter occupied (dollars),40676,6028,249.38541666666666,65183.689573187425
B25119_001,2010,"Craig County, Virginia",51045,All,51291,3188,249.38541666666666,82194.33134768307
B25119_002,2010,"Craig County, Virginia",51045,Owner occupied (dollars),54408,12161,249.38541666666666,87189.35446695794
B25119_003,2010,"Craig County, Virginia",51045,Renter occupied (dollars),46307,7920,249.38541666666666,74207.42238827786
B25119_001,2010,"Culpeper County, Virginia",51047,All,65132,3080,249.38541666666666,104374.66981219499
B25119_002,2010,"Culpeper County, Virginia",51047,Owner occupied (dollars),77775,3603,249.38541666666666,124635.20150837477
B25119_003,2010,"Culpeper County, Virginia",51047,Renter occupied (dollars),37691,2642,249.38541666666666,60400.19775059021
B25119_001,2010,"Cumberland County, Virginia",51049,All,40143,5067,249.38541666666666,64329.55183736019
B25119_002,2010,"Cumberland County, Virginia",51049,Owner occupied (dollars),43367,3437,249.38541666666666,69496.04350772985
B25119_003,2010,"Cumberland County, Virginia",51049,Renter occupied (dollars),26250,7683,249.38541666666666,42065.88286203584
B25119_001,2010,"Dickenson County, Virginia",51051,All,29080,2035,249.38541666666666,46600.985662019135
B25119_002,2010,"Dickenson County, Virginia",51051,Owner occupied (dollars),31698,1831,249.38541666666666,50796.35637945951
B25119_003,2010,"Dickenson County, Virginia",51051,Renter occupied (dollars),16667,3041,249.38541666666666,26709.031225201958
B25119_001,2010,"Dinwiddie County, Virginia",51053,All,51459,3195,249.38541666666666,82463.55299800009
B25119_002,2010,"Dinwiddie County, Virginia",51053,Owner occupied (dollars),58799,2982,249.38541666666666,94225.97510113697
B25119_003,2010,"Dinwiddie County, Virginia",51053,Renter occupied (dollars),36875,2854,249.38541666666666,59092.54973476464
B25119_001,2010,"Essex County, Virginia",51057,All,46235,3274,249.38541666666666,74092.04168099913
B25119_002,2010,"Essex County, Virginia",51057,Owner occupied (dollars),51602,4241,249.38541666666666,82692.71190273423
B25119_003,2010,"Essex County, Virginia",51057,Renter occupied (dollars),36781,4832,249.38541666666666,58941.913811372964
B25119_001,2010,"Fairfax County, Virginia",51059,All,105416,785,249.38541666666666,168930.17553464268
B25119_002,2010,"Fairfax County, Virginia",51059,Owner occupied (dollars),126075,1089,249.38541666666666,202036.4259745207
B25119_003,2010,"Fairfax County, Virginia",51059,Renter occupied (dollars),64767,1655,249.38541666666666,103789.75372668478
B25119_001,2010,"Fauquier County, Virginia",51061,All,83877,3262,249.38541666666666,134413.71645024687
B25119_002,2010,"Fauquier County, Virginia",51061,Owner occupied (dollars),99473,5132,249.38541666666666,159406.45965467778
B25119_003,2010,"Fauquier County, Virginia",51061,Renter occupied (dollars),43283,3081,249.38541666666666,69361.43268257134
B25119_001,2010,"Floyd County, Virginia",51063,All,42044,4653,249.38541666666666,67375.92301148323
B25119_002,2010,"Floyd County, Virginia",51063,Owner occupied (dollars),46771,4518,249.38541666666666,74950.98694629633
B25119_003,2010,"Floyd County, Virginia",51063,Renter occupied (dollars),32297,11930,249.38541666666666,51756.25976362559
B25119_001,2010,"Fluvanna County, Virginia",51065,All,68223,6451,249.38541666666666,109328.02767606368
B25119_002,2010,"Fluvanna County, Virginia",51065,Owner occupied (dollars),71552,3462,249.38541666666666,114662.78287788147
B25119_003,2010,"Fluvanna County, Virginia",51065,Renter occupied (dollars),38140,6253,249.38541666666666,61119.72466125894
B25119_001,2010,"Franklin County, Virginia",51067,All,45555,2005,249.38541666666666,73002.33500114449
B25119_002,2010,"Franklin County, Virginia",51067,Owner occupied (dollars),49808,3023,249.38541666666666,79817.80927970595
B25119_003,2010,"Franklin County, Virginia",51067,Renter occupied (dollars),33094,3864,249.38541666666666,53033.460092808156
B25119_001,2010,"Frederick County, Virginia",51069,All,61973,2361,249.38541666666666,99312.34128034086
B25119_002,2010,"Frederick County, Virginia",51069,Owner occupied (dollars),68279,2696,249.38541666666666,109417.76822616934
B25119_003,2010,"Frederick County, Virginia",51069,Renter occupied (dollars),42714,5436,249.38541666666666,68449.60459310473
B25119_001,2010,"Giles County, Virginia",51071,All,41186,2516,249.38541666666666,66000.9695830784
B25119_002,2010,"Giles County, Virginia",51071,Owner occupied (dollars),47228,3928,249.38541666666666,75683.33393555158
B25119_003,2010,"Giles County, Virginia",51071,Renter occupied (dollars),21527,2599,249.38541666666666,34497.22896651602
B25119_001,2010,"Gloucester County, Virginia",51073,All,59331,3533,249.38541666666666,95078.5103271409
B25119_002,2010,"Gloucester County, Virginia",51073,Owner occupied (dollars),66457,4312,249.38541666666666,106497.99532808823
B25119_003,2010,"Gloucester County, Virginia",51073,Renter occupied (dollars),34013,5679,249.38541666666666,54506.166620435244
B25119_001,2010,"Goochland County, Virginia",51075,All,79574,6645,249.38541666666666,127518.11668051963
B25119_002,2010,"Goochland County, Virginia",51075,Owner occupied (dollars),86496,8955,249.38541666666666,138610.68967751056
B25119_003,2010,"Goochland County, Virginia",51075,Renter occupied (dollars),44688,19457,249.38541666666666,71612.95898432982
B25119_001,2010,"Grayson County, Virginia",51077,All,32178,2494,249.38541666666666,51565.56109465102
B25119_002,2010,"Grayson County, Virginia",51077,Owner occupied (dollars),35131,2685,249.38541666666666,56297.77260290214
B25119_003,2010,"Grayson County, Virginia",51077,Renter occupied (dollars),17757,4708,249.38541666666666,28455.766932616018
B25119_001,2010,"Greene County, Virginia",51079,All,54307,3231,249.38541666666666,87027.50097480307
B25119_002,2010,"Greene County, Virginia",51079,Owner occupied (dollars),59295,4806,249.38541666666666,95020.81997350154
B25119_003,2010,"Greene County, Virginia",51079,Renter occupied (dollars),30568,2201,249.38541666666666,48985.520279112825
B25119_001,2010,"Greensville County, Virginia",51081,All,38574,2229,249.38541666666666,61815.213924577925
B25119_002,2010,"Greensville County, Virginia",51081,Owner occupied (dollars),43438,8042,249.38541666666666,69609.82170518526
B25119_003,2010,"Greensville County, Virginia",51081,Renter occupied (dollars),25547,6887,249.38541666666666,40939.31845624494
B25119_001,2010,"Halifax County, Virginia",51083,All,34705,2126,249.38541666666666,55615.103418169674
B25119_002,2010,"Halifax County, Virginia",51083,Owner occupied (dollars),40594,2940,249.38541666666666,65052.283767675544
B25119_003,2010,"Halifax County, Virginia",51083,Renter occupied (dollars),20852,1651,249.38541666666666,33415.53483577796
B25119_001,2010,"Hanover County, Virginia",51085,All,76425,2039,249.38541666666666,122471.81324689864
B25119_002,2010,"Hanover County, Virginia",51085,Owner occupied (dollars),85208,2618,249.38541666666666,136546.65702508
B25119_003,2010,"Hanover County, Virginia",51085,Renter occupied (dollars),44512,4610,249.38541666666666,71330.91725542626
B25119_001,2010,"Henrico County, Virginia",51087,All,60114,957,249.38541666666666,96333.27551879706
B25119_002,2010,"Henrico County, Virginia",51087,Owner occupied (dollars),76660,1195,249.38541666666666,122848.40305537781
B25119_003,2010,"Henrico County, Virginia",51087,Renter occupied (dollars),37357,1075,249.38541666666666,59864.95946960278
B25119_001,2010,"Henry County, Virginia",51089,All,34086,1699,249.38541666666666,54623.14983753728
B25119_002,2010,"Henry County, Virginia",51089,Owner occupied (dollars),38860,1525,249.38541666666666,62273.531734046206
B25119_003,2010,"Henry County, Virginia",51089,Renter occupied (dollars),23968,2011,249.38541666666666,38408.95544522953
B25119_001,2010,"Highland County, Virginia",51091,All,43481,3442,249.38541666666666,69678.72962758783
B25119_002,2010,"Highland County, Virginia",51091,Owner occupied (dollars),47609,9912,249.38541666666666,76293.89017823484
B25119_003,2010,"Highland County, Virginia",51091,Renter occupied (dollars),34286,17235,249.38541666666666,54943.65180220042
B25119_001,2010,"Isle of Wight County, Virginia",51093,All,62242,2875,249.38541666666666,99743.41642281276
B25119_002,2010,"Isle of Wight County, Virginia",51093,Owner occupied (dollars),69784,2405,249.38541666666666,111829.5455102594
B25119_003,2010,"Isle of Wight County, Virginia",51093,Renter occupied (dollars),29052,5883,249.38541666666666,46556.115386966296
B25119_001,2010,"James City County, Virginia",51095,All,73903,2649,249.38541666666666,118430.28347249657
B25119_002,2010,"James City County, Virginia",51095,Owner occupied (dollars),86128,3646,249.38541666666666,138020.9660625304
B25119_003,2010,"James City County, Virginia",51095,Renter occupied (dollars),44701,3684,249.38541666666666,71633.79161203292
B25119_001,2010,"King and Queen County, Virginia",51097,All,44442,6668,249.38541666666666,71218.74156779418
B25119_002,2010,"King and Queen County, Virginia",51097,Owner occupied (dollars),47672,7797,249.38541666666666,76394.84829710372
B25119_003,2010,"King and Queen County, Virginia",51097,Renter occupied (dollars),38869,5735,249.38541666666666,62287.95432245605
B25119_001,2010,"King George County, Virginia",51099,All,76241,5114,249.38541666666666,122176.95143940856
B25119_002,2010,"King George County, Virginia",51099,Owner occupied (dollars),91468,4115,249.38541666666666,146578.36851903598
B25119_003,2010,"King George County, Virginia",51099,Renter occupied (dollars),42335,3662,249.38541666666666,67842.2533700681
B25119_001,2010,"King William County, Virginia",51101,All,64946,4739,249.38541666666666,104076.60298505829
B25119_002,2010,"King William County, Virginia",51101,Owner occupied (dollars),73343,5274,249.38541666666666,117532.8779714398
B25119_003,2010,"King William County, Virginia",51101,Renter occupied (dollars),31645,13956,249.38541666666666,50711.423358823784
B25119_001,2010,"Lancaster County, Virginia",51103,All,45209,3209,249.38541666666666,72447.86660227727
B25119_002,2010,"Lancaster County, Virginia",51103,Owner occupied (dollars),53650,7085,249.38541666666666,85974.65202088469
B25119_003,2010,"Lancaster County, Virginia",51103,Renter occupied (dollars),32995,7938,249.38541666666666,52874.81162029991
B25119_001,2010,"Lee County, Virginia",51105,All,31352,1958,249.38541666666666,50241.8879805923
B25119_002,2010,"Lee County, Virginia",51105,Owner occupied (dollars),36867,2736,249.38541666666666,59079.72965617811
B25119_003,2010,"Lee County, Virginia",51105,Renter occupied (dollars),17426,2519,249.38541666666666,27925.336181098537
B25119_001,2010,"Loudoun County, Virginia",51107,All,115574,1662,249.38541666666666,185208.47031988308
B25119_002,2010,"Loudoun County, Virginia",51107,Owner occupied (dollars),128352,1485,249.38541666666666,205685.34084221045
B25119_003,2010,"Loudoun County, Virginia",51107,Renter occupied (dollars),64218,1914,249.38541666666666,102909.97583368448
B25119_001,2010,"Louisa County, Virginia",51109,All,54257,3385,249.38541666666666,86947.37548363728
B25119_002,2010,"Louisa County, Virginia",51109,Owner occupied (dollars),61681,2760,249.38541666666666,98844.40841193269
B25119_003,2010,"Louisa County, Virginia",51109,Renter occupied (dollars),31293,4911,249.38541666666666,50147.33990101667
B25119_001,2010,"Lunenburg County, Virginia",51111,All,37424,3372,249.38541666666666,59972.32762776493
B25119_002,2010,"Lunenburg County, Virginia",51111,Owner occupied (dollars),41085,3891,249.38541666666666,65839.11609092353
B25119_003,2010,"Lunenburg County, Virginia",51111,Renter occupied (dollars),24138,5248,249.38541666666666,38681.38211519319
B25119_001,2010,"Madison County, Virginia",51113,All,56608,4992,249.38541666666666,90714.876078252375
B25119_002,2010,"Madison County, Virginia",51113,Owner occupied (dollars),56858,6631,249.38541666666666,91115.50353408129
B25119_003,2010,"Madison County, Virginia",51113,Renter occupied (dollars),54828,12026,249.38541666666666,87862.40859275052
B25119_001,2010,"Mathews County, Virginia",51115,All,47435,7277,249.38541666666666,76015.05346897792
B25119_002,2010,"Mathews County, Virginia",51115,Owner occupied (dollars),53698,4968,249.38541666666666,86051.57249240384
B25119_003,2010,"Mathews County, Virginia",51115,Renter occupied (dollars),28852,8055,249.38541666666666,46235.61342230317
B25119_001,2010,"Mecklenburg County, Virginia",51117,All,36431,2048,249.38541666666666,58381.035373212486
B25119_002,2010,"Mecklenburg County, Virginia",51117,Owner occupied (dollars),41638,3039,249.38541666666666,66725.30402321709
B25119_003,2010,"Mecklenburg County, Virginia",51117,Renter occupied (dollars),23880,3127,249.38541666666666,38267.93458077775
B25119_001,2010,"Middlesex County, Virginia",51119,All,50207,6804,249.38541666666666,80457.2106992089
B25119_002,2010,"Middlesex County, Virginia",51119,Owner occupied (dollars),55146,8086,249.38541666666666,88372.0067165649
B25119_003,2010,"Middlesex County, Virginia",51119,Renter occupied (dollars),34063,10196,249.38541666666666,54586.292111601026
B25119_001,2010,"Montgomery County, Virginia",51121,All,43229,2004,249.38541666666666,69274.89715211229
B25119_002,2010,"Montgomery County, Virginia",51121,Owner occupied (dollars),66182,2553,249.38541666666666,106057.30512667642
B25119_003,2010,"Montgomery County, Virginia",51121,Renter occupied (dollars),22676,2091,249.38541666666666,36338.5127535057
B25119_001,2010,"Nelson County, Virginia",51125,All,48118,2742,249.38541666666666,77109.5676783025
B25119_002,2010,"Nelson County, Virginia",51125,Owner occupied (dollars),55097,4439,249.38541666666666,88293.48373522243
B25119_003,2010,"Nelson County, Virginia",51125,Renter occupied (dollars),36939,8354,249.38541666666666,59195.110363456835
B25119_001,2010,"New Kent County, Virginia",51127,All,70590,3153,249.38541666666666,113121.16842785182
B25119_002,2010,"New Kent County, Virginia",51127,Owner occupied (dollars),73446,4935,249.38541666666666,117697.93648324131
B25119_003,2010,"New Kent County, Virginia",51127,Renter occupied (dollars),36676,3288,249.38541666666666,58773.65027992482
B25119_001,2010,"Northampton County, Virginia",51131,All,35760,2783,249.38541666666666,57305.75128176768
B25119_002,2010,"Northampton County, Virginia",51131,Owner occupied (dollars),45359,7074,249.38541666666666,72688.24307577462
B25119_003,2010,"Northampton County, Virginia",51131,Renter occupied (dollars),21508,3177,249.38541666666666,34466.78127987302
B25119_001,2010,"Northumberland County, Virginia",51133,All,51944,5359,249.38541666666666,83240.77026230819
B25119_002,2010,"Northumberland County, Virginia",51133,Owner occupied (dollars),56613,3987,249.38541666666666,90722.88862736896
B25119_003,2010,"Northumberland County, Virginia",51133,Renter occupied (dollars),29238,14127,249.38541666666666,46854.182214103006
B25119_001,2010,"Nottoway County, Virginia",51135,All,37344,4315,249.38541666666666,59844.12684189968
B25119_002,2010,"Nottoway County, Virginia",51135,Owner occupied (dollars),48145,5679,249.38541666666666,77152.83544353202
B25119_003,2010,"Nottoway County, Virginia",51135,Renter occupied (dollars),29784,7272,249.38541666666666,47729.15257763335
B25119_001,2010,"Orange County, Virginia",51137,All,54916,2589,249.38541666666666,88003.4294572023
B25119_002,2010,"Orange County, Virginia",51137,Owner occupied (dollars),59395,4245,249.38541666666666,95181.0709558331
B25119_003,2010,"Orange County, Virginia",51137,Renter occupied (dollars),38983,6551,249.38541666666666,62470.64044231403
B25119_001,2010,"Page County, Virginia",51139,All,41617,2708,249.38541666666666,66691.65131692745
B25119_002,2010,"Page County, Virginia",51139,Owner occupied (dollars),47891,4318,249.38541666666666,76745.79794840985
B25119_003,2010,"Page County, Virginia",51139,Renter occupied (dollars),26502,2703,249.38541666666666,42469.715337511385
B25119_001,2010,"Patrick County, Virginia",51141,All,35813,2943,249.38541666666666,57390.68430240342
B25119_002,2010,"Patrick County, Virginia",51141,Owner occupied (dollars),38225,2137,249.38541666666666,61255.93799624077
B25119_003,2010,"Patrick County, Virginia",51141,Renter occupied (dollars),22395,5804,249.38541666666666,35888.207493154005
B25119_001,2010,"Pittsylvania County, Virginia",51143,All,39224,1685,249.38541666666666,62856.8453097331
B25119_002,2010,"Pittsylvania County, Virginia",51143,Owner occupied (dollars),44004,1396,249.38541666666666,70516.84226518191
B25119_003,2010,"Pittsylvania County, Virginia",51143,Renter occupied (dollars),23821,3754,249.38541666666666,38173.38650120213
B25119_001,2010,"Powhatan County, Virginia",51145,All,73593,4504,249.38541666666666,117933.50542726871
B25119_002,2010,"Powhatan County, Virginia",51145,Owner occupied (dollars),78712,4125,249.38541666666666,126136.75321282154
B25119_003,2010,"Powhatan County, Virginia",51145,Renter occupied (dollars),39932,5018,249.38541666666666,63991.42226464058
B25119_001,2010,"Prince Edward County, Virginia",51147,All,36191,3509,249.38541666666666,57996.433015616734
B25119_002,2010,"Prince Edward County, Virginia",51147,Owner occupied (dollars),48545,2740,249.38541666666666,77793.83937285829
B25119_003,2010,"Prince Edward County, Virginia",51147,Renter occupied (dollars),25735,3599,249.38541666666666,41240.590303028286
B25119_001,2010,"Prince George County, Virginia",51149,All,64171,4849,249.38541666666666,102834.65787198865
B25119_002,2010,"Prince George County, Virginia",51149,Owner occupied (dollars),74975,3651,249.38541666666666,120148.17400309094
B25119_003,2010,"Prince George County, Virginia",51149,Renter occupied (dollars),42029,2767,249.38541666666666,67351.8853641335
B25119_001,2010,"Prince William County, Virginia",51153,All,91098,1303,249.38541666666666,145985.4398844092
B25119_002,2010,"Prince William County, Virginia",51153,Owner occupied (dollars),106305,1901,249.38541666666666,170354.8067675703
B25119_003,2010,"Prince William County, Virginia",51153,Renter occupied (dollars),54236,1880,249.38541666666666,86913.72277734766
B25119_001,2010,"Pulaski County, Virginia",51155,All,41163,1982,249.38541666666666,65964.11185714215
B25119_002,2010,"Pulaski County, Virginia",51155,Owner occupied (dollars),48454,2849,249.38541666666666,77648.01097893657
B25119_003,2010,"Pulaski County, Virginia",51155,Renter occupied (dollars),24148,4591,249.38541666666666,38697.40721342635
B25119_001,2010,"Rappahannock County, Virginia",51157,All,62117,10447,249.38541666666666,99543.1026948983
B25119_002,2010,"Rappahannock County, Virginia",51157,Owner occupied (dollars),76411,7735,249.38541666666666,122449.37810937222
B25119_003,2010,"Rappahannock County, Virginia",51157,Renter occupied (dollars),39306,12835,249.38541666666666,62988.25111524499
B25119_001,2010,"Richmond County, Virginia",51159,All,42182,4104,249.38541666666666,67597.0693671008
B25119_002,2010,"Richmond County, Virginia",51159,Owner occupied (dollars),45585,6409,249.38541666666666,73050.41029584396
B25119_003,2010,"Richmond County, Virginia",51159,Renter occupied (dollars),30212,13388,249.38541666666666,48415.02678201245
B25119_001,2010,"Roanoke County, Virginia",51161,All,59446,2044,249.38541666666666,95262.7989568222
B25119_002,2010,"Roanoke County, Virginia",51161,Owner occupied (dollars),68839,2965,249.38541666666666,110315.17372722611
B25119_003,2010,"Roanoke County, Virginia",51161,Renter occupied (dollars),38625,3525,249.38541666666666,61896.94192556703
B25119_001,2010,"Rockbridge County, Virginia",51163,All,44417,3422,249.38541666666666,71178.67882221128
B25119_002,2010,"Rockbridge County, Virginia",51163,Owner occupied (dollars),49836,3581,249.38541666666666,79862.6795547588
B25119_003,2010,"Rockbridge County, Virginia",51163,Renter occupied (dollars),24246,2546,249.38541666666666,38854.45317611128
B25119_001,2010,"Rockingham County, Virginia",51165,All,49930,1476,249.38541666666666,80013.31547815046
B25119_002,2010,"Rockingham County, Virginia",51165,Owner occupied (dollars),56952,1793,249.38541666666666,91266.13945747296
B25119_003,2010,"Rockingham County, Virginia",51165,Renter occupied (dollars),32829,2725,249.38541666666666,52608.79498962951
B25119_001,2010,"Russell County, Virginia",51167,All,32780,3280,249.38541666666666,52530.272008287044
B25119_002,2010,"Russell County, Virginia",51167,Owner occupied (dollars),38011,2509,249.38541666666666,60913.00089405122
B25119_003,2010,"Russell County, Virginia",51167,Renter occupied (dollars),15097,2063,249.38541666666666,24193.090802596387
B25119_001,2010,"Scott County, Virginia",51169,All,34250,4008,249.38541666666666,54885.96144856105
B25119_002,2010,"Scott County, Virginia",51169,Owner occupied (dollars),38806,2853,249.38541666666666,62186.99620358716
B25119_003,2010,"Scott County, Virginia",51169,Renter occupied (dollars),18339,4797,249.38541666666666,29388.427649785728
B25119_001,2010,"Shenandoah County, Virginia",51171,All,50171,2173,249.38541666666666,80399.52034556953
B25119_002,2010,"Shenandoah County, Virginia",51171,Owner occupied (dollars),60607,3410,249.38541666666666,97123.31286169167
B25119_003,2010,"Shenandoah County, Virginia",51171,Renter occupied (dollars),31863,4226,249.38541666666666,51060.77050030659
B25119_001,2010,"Smyth County, Virginia",51173,All,34864,1846,249.38541666666666,55869.90248007686
B25119_002,2010,"Smyth County, Virginia",51173,Owner occupied (dollars),41942,1936,249.38541666666666,67212.46700950504
B25119_003,2010,"Smyth County, Virginia",51173,Renter occupied (dollars),20658,3123,249.38541666666666,33104.64793005472
B25119_001,2010,"Southampton County, Virginia",51175,All,45426,3892,249.38541666666666,72795.61123393677
B25119_002,2010,"Southampton County, Virginia",51175,Owner occupied (dollars),55694,5715,249.38541666666666,89250.18209974188
B25119_003,2010,"Southampton County, Virginia",51175,Renter occupied (dollars),23570,2501,249.38541666666666,37771.1565355499
B25119_001,2010,"Spotsylvania County, Virginia",51177,All,76574,2144,249.38541666666666,122710.58721057267
B25119_002,2010,"Spotsylvania County, Virginia",51177,Owner occupied (dollars),86866,1802,249.38541666666666,139203.61831213735
B25119_003,2010,"Spotsylvania County, Virginia",51177,Renter occupied (dollars),44544,3912,249.38541666666666,71382.19756977237
B25119_001,2010,"Stafford County, Virginia",51179,All,93065,2009,249.38541666666666,149137.57670687107
B25119_002,2010,"Stafford County, Virginia",51179,Owner occupied (dollars),104561,2554,249.38541666666666,167560.0296357078
B25119_003,2010,"Stafford County, Virginia",51179,Renter occupied (dollars),54321,2781,249.38541666666666,87049.93611232948
B25119_001,2010,"Surry County, Virginia",51181,All,55030,6767,249.38541666666666,88186.11557706028
B25119_002,2010,"Surry County, Virginia",51181,Owner occupied (dollars),63084,5701,249.38541666666666,101092.72969404454
B25119_003,2010,"Surry County, Virginia",51181,Renter occupied (dollars),35341,9172,249.38541666666666,56634.299665798426
B25119_001,2010,"Sussex County, Virginia",51183,All,37978,2893,249.38541666666666,60860.1180698818
B25119_002,2010,"Sussex County, Virginia",51183,Owner occupied (dollars),43896,6504,249.38541666666666,70343.77120426383
B25119_003,2010,"Sussex County, Virginia",51183,Renter occupied (dollars),30313,9327,249.38541666666666,48576.880274167335
B25119_001,2010,"Tazewell County, Virginia",51185,All,35215,2231,249.38541666666666,56432.38342806065
B25119_002,2010,"Tazewell County, Virginia",51185,Owner occupied (dollars),42071,2374,249.38541666666666,67419.19077671276
B25119_003,2010,"Tazewell County, Virginia",51185,Renter occupied (dollars),18873,3004,249.38541666666666,30244.167895436283
B25119_001,2010,"Warren County, Virginia",51187,All,60522,2299,249.38541666666666,96987.09952670983
B25119_002,2010,"Warren County, Virginia",51187,Owner occupied (dollars),71929,4332,249.38541666666666,115266.92908127148
B25119_003,2010,"Warren County, Virginia",51187,Renter occupied (dollars),36309,3504,249.38541666666666,58185.52917476798
B25119_001,2010,"Washington County, Virginia",51191,All,40422,1680,249.38541666666666,64776.65207806525
B25119_002,2010,"Washington County, Virginia",51191,Owner occupied (dollars),47720,2464,249.38541666666666,76471.76876862287
B25119_003,2010,"Washington County, Virginia",51191,Renter occupied (dollars),27188,2386,249.38541666666666,43569.037076305925
B25119_001,2010,"Westmoreland County, Virginia",51193,All,52990,2109,249.38541666666666,84916.99553749636
B25119_002,2010,"Westmoreland County, Virginia",51193,Owner occupied (dollars),55260,3426,249.38541666666666,88554.69283642288
B25119_003,2010,"Westmoreland County, Virginia",51193,Renter occupied (dollars),39125,2467,249.38541666666666,62698.19683722485
B25119_001,2010,"Wise County, Virginia",51195,All,33608,1758,249.38541666666666,53857.1501419924
B25119_002,2010,"Wise County, Virginia",51195,Owner occupied (dollars),39783,3803,249.38541666666666,63752.64830096655
B25119_003,2010,"Wise County, Virginia",51195,Renter occupied (dollars),20910,2894,249.38541666666666,33508.48040553027
B25119_001,2010,"Wythe County, Virginia",51197,All,38948,2206,249.38541666666666,62414.55259849798
B25119_002,2010,"Wythe County, Virginia",51197,Owner occupied (dollars),44011,2279,249.38541666666666,70528.05983394512
B25119_003,2010,"Wythe County, Virginia",51197,Renter occupied (dollars),23954,3644,249.38541666666666,38386.52030770311
B25119_001,2010,"York County, Virginia",51199,All,81055,2581,249.38541666666666,129891.43372885011
B25119_002,2010,"York County, Virginia",51199,Owner occupied (dollars),92526,2361,249.38541666666666,148273.82391210395
B25119_003,2010,"York County, Virginia",51199,Renter occupied (dollars),50967,2940,249.38541666666666,81675.11816492879
B25119_001,2010,"Alexandria city, Virginia",51510,All,80847,1300,249.38541666666666,129558.11168560045
B25119_002,2010,"Alexandria city, Virginia",51510,Owner occupied (dollars),118080,2693,249.38541666666666,189224.35993711208
B25119_003,2010,"Alexandria city, Virginia",51510,Renter occupied (dollars),59722,1727,249.38541666666666,95705.09166805731
B25119_001,2010,"Bedford city, Virginia",51515,All,32262,5742,249.38541666666666,51700.17191980954
B25119_002,2010,"Bedford city, Virginia",51515,Owner occupied (dollars),44267,8584,249.38541666666666,70938.30234871393
B25119_003,2010,"Bedford city, Virginia",51515,Renter occupied (dollars),13958,7194,249.38541666666666,22367.83211383986
B25119_001,2010,"Bristol city, Virginia",51520,All,32079,3798,249.38541666666666,51406.91262214277
B25119_002,2010,"Bristol city, Virginia",51520,Owner occupied (dollars),40396,4194,249.38541666666666,64734.98682265905
B25119_003,2010,"Bristol city, Virginia",51520,Renter occupied (dollars),16152,4595,249.38541666666666,25883.738666194397
B25119_001,2010,"Buena Vista city, Virginia",51530,All,39955,4458,249.38541666666666,64028.27999057684
B25119_002,2010,"Buena Vista city, Virginia",51530,Owner occupied (dollars),46475,7151,249.38541666666666,74476.6440385949
B25119_003,2010,"Buena Vista city, Virginia",51530,Renter occupied (dollars),21964,7336,249.38541666666666,35197.52575930496
B25119_001,2010,"Charlottesville city, Virginia",51540,All,42240,2176,249.38541666666666,67690.0149368531
B25119_002,2010,"Charlottesville city, Virginia",51540,Owner occupied (dollars),67400,3192,249.38541666666666,108009.1620914749
B25119_003,2010,"Charlottesville city, Virginia",51540,Renter occupied (dollars),27675,2896,249.38541666666666,44349.45936026065
B25119_001,2010,"Chesapeake city, Virginia",51550,All,67855,1559,249.38541666666666,108738.30406108352
B25119_002,2010,"Chesapeake city, Virginia",51550,Owner occupied (dollars),79416,1680,249.38541666666666,127264.92012843576
B25119_003,2010,"Chesapeake city, Virginia",51550,Renter occupied (dollars),37607,2232,249.38541666666666,60265.58692543169
B25119_001,2010,"Colonial Heights city, Virginia",51570,All,50571,4192,249.38541666666666,81040.5242748958
B25119_002,2010,"Colonial Heights city, Virginia",51570,Owner occupied (dollars),62632,3768,249.38541666666666,100368.39525390587
B25119_003,2010,"Colonial Heights city, Virginia",51570,Renter occupied (dollars),38367,6567,249.38541666666666,61483.49439115159
B25119_001,2010,"Covington city, Virginia",51580,All,35277,3135,249.38541666666666,56531.73903710623
B25119_002,2010,"Covington city, Virginia",51580,Owner occupied (dollars),39595,8121,249.38541666666666,63451.376454183206
B25119_003,2010,"Covington city, Virginia",51580,Renter occupied (dollars),27630,13987,249.38541666666666,44277.34641821144
B25119_001,2010,"Danville city, Virginia",51590,All,29936,1633,249.38541666666666,47972.73407077733
B25119_002,2010,"Danville city, Virginia",51590,Owner occupied (dollars),42108,2169,249.38541666666666,67478.48364017544
B25119_003,2010,"Danville city, Virginia",51590,Renter occupied (dollars),18693,1072,249.38541666666666,29955.716127239466
B25119_001,2010,"Emporia city, Virginia",51595,All,32788,3857,249.38541666666666,52543.09208687357
B25119_002,2010,"Emporia city, Virginia",51595,Owner occupied (dollars),43864,11133,249.38541666666666,70292.49088991772
B25119_003,2010,"Emporia city, Virginia",51595,Renter occupied (dollars),23026,8576,249.38541666666666,36899.39119166618
B25119_001,2010,"Fairfax city, Virginia",51600,All,97900,6198,249.38541666666666,156885.71170260225
B25119_002,2010,"Fairfax city, Virginia",51600,Owner occupied (dollars),112531,4981,249.38541666666666,180332.03292753355
B25119_003,2010,"Fairfax city, Virginia",51600,Renter occupied (dollars),62532,9339,249.38541666666666,100208.1442715743
B25119_001,2010,"Falls Church city, Virginia",51610,All,114409,7073,249.38541666666666,183341.54637572033
B25119_002,2010,"Falls Church city, Virginia",51610,Owner occupied (dollars),141906,7514,249.38541666666666,227405.7589874308
B25119_003,2010,"Falls Church city, Virginia",51610,Renter occupied (dollars),66058,6839,249.38541666666666,105858.59390858529
B25119_001,2010,"Franklin city, Virginia",51620,All,33174,2271,249.38541666666666,53161.660878673414
B25119_002,2010,"Franklin city, Virginia",51620,Owner occupied (dollars),67284,7403,249.38541666666666,107823.27095197028
B25119_003,2010,"Franklin city, Virginia",51620,Renter occupied (dollars),23268,2411,249.38541666666666,37287.19856890857
B25119_001,2010,"Fredericksburg city, Virginia",51630,All,43558,2589,249.38541666666666,69802.12288398313
B25119_002,2010,"Fredericksburg city, Virginia",51630,Owner occupied (dollars),82813,8631,249.38541666666666,132708.64599823902
B25119_003,2010,"Fredericksburg city, Virginia",51630,Renter occupied (dollars),30727,3526,249.38541666666666,49240.31934102001
B25119_001,2010,"Galax city, Virginia",51640,All,22333,7377,249.38541666666666,35788.85188410844
B25119_002,2010,"Galax city, Virginia",51640,Owner occupied (dollars),34225,13007,249.38541666666666,54845.898702978164
B25119_003,2010,"Galax city, Virginia",51640,Renter occupied (dollars),15848,5373,249.38541666666666,25396.57567990644
B25119_001,2010,"Hampton city, Virginia",51650,All,49815,1011,249.38541666666666,79829.02684846916
B25119_002,2010,"Hampton city, Virginia",51650,Owner occupied (dollars),64101,1475,249.38541666666666,102722.48218435656
B25119_003,2010,"Hampton city, Virginia",51650,Renter occupied (dollars),33727,1414,249.38541666666666,54047.84881096697
B25119_001,2010,"Harrisonburg city, Virginia",51660,All,37235,3082,249.38541666666666,59669.45327115827
B25119_002,2010,"Harrisonburg city, Virginia",51660,Owner occupied (dollars),60177,4900,249.38541666666666,96434.23363766594
B25119_003,2010,"Harrisonburg city, Virginia",51660,Renter occupied (dollars),25319,2414,249.38541666666666,40573.94621652897
B25119_001,2010,"Hopewell city, Virginia",51670,All,37789,2954,249.38541666666666,60557.243713275144
B25119_002,2010,"Hopewell city, Virginia",51670,Owner occupied (dollars),48071,3976,249.38541666666666,77034.24971660666
B25119_003,2010,"Hopewell city, Virginia",51670,Renter occupied (dollars),29129,2943,249.38541666666666,46679.5086433616
B25119_001,2010,"Lexington city, Virginia",51678,All,31571,9820,249.38541666666666,50592.83763189842
B25119_002,2010,"Lexington city, Virginia",51678,Owner occupied (dollars),61615,24794,249.38541666666666,98738.64276359385
B25119_003,2010,"Lexington city, Virginia",51678,Renter occupied (dollars),12455,5824,249.38541666666666,19959.259849396436
B25119_001,2010,"Lynchburg city, Virginia",51680,All,37058,1718,249.38541666666666,59385.8090324314
B25119_002,2010,"Lynchburg city, Virginia",51680,Owner occupied (dollars),52200,3232,249.38541666666666,83651.01277707699
B25119_003,2010,"Lynchburg city, Virginia",51680,Renter occupied (dollars),24523,1957,249.38541666666666,39298.34839716971
B25119_001,2010,"Manassas city, Virginia",51683,All,75173,4179,249.38541666666666,120465.47094810744
B25119_002,2010,"Manassas city, Virginia",51683,Owner occupied (dollars),93560,3439,249.38541666666666,149930.81906941233
B25119_003,2010,"Manassas city, Virginia",51683,Renter occupied (dollars),42406,5551,249.38541666666666,67956.0315675235
B25119_001,2010,"Manassas Park city, Virginia",51685,All,70299,3757,249.38541666666666,112654.83806926696
B25119_002,2010,"Manassas Park city, Virginia",51685,Owner occupied (dollars),80875,10090,249.38541666666666,129602.98196065328
B25119_003,2010,"Manassas Park city, Virginia",51685,Renter occupied (dollars),51797,10944,249.38541666666666,83005.20131828079
B25119_001,2010,"Martinsville city, Virginia",51690,All,32408,2272,249.38541666666666,51934.13835401362
B25119_002,2010,"Martinsville city, Virginia",51690,Owner occupied (dollars),44014,3776,249.38541666666666,70532.86736341508
B25119_003,2010,"Martinsville city, Virginia",51690,Renter occupied (dollars),16496,2825,249.38541666666666,26435.00204541498
B25119_001,2010,"Newport News city, Virginia",51700,All,49562,1194,249.38541666666666,79423.59186317031
B25119_002,2010,"Newport News city, Virginia",51700,Owner occupied (dollars),65105,1384,249.38541666666666,104331.40204696546
B25119_003,2010,"Newport News city, Virginia",51700,Renter occupied (dollars),35108,1337,249.38541666666666,56260.91487696588
B25119_001,2010,"Norfolk city, Virginia",51710,All,42677,989,249.38541666666666,68390.31172964204
B25119_002,2010,"Norfolk city, Virginia",51710,Owner occupied (dollars),62823,1640,249.38541666666666,100674.47463015915
B25119_003,2010,"Norfolk city, Virginia",51710,Renter occupied (dollars),31355,844,249.38541666666666,50246.69551006224
B25119_001,2010,"Norton city, Virginia",51720,All,33944,11189,249.38541666666666,54395.593442626465
B25119_002,2010,"Norton city, Virginia",51720,Owner occupied (dollars),52586,8633,249.38541666666666,84269.58156887683
B25119_003,2010,"Norton city, Virginia",51720,Renter occupied (dollars),17465,8875,249.38541666666666,27987.834064207847
B25119_001,2010,"Petersburg city, Virginia",51730,All,36449,1987,249.38541666666666,58409.88055003217
B25119_002,2010,"Petersburg city, Virginia",51730,Owner occupied (dollars),46703,2670,249.38541666666666,74842.01627831085
B25119_003,2010,"Petersburg city, Virginia",51730,Renter occupied (dollars),28134,2408,249.38541666666666,45085.01136916253
B25119_001,2010,"Poquoson city, Virginia",51735,All,84315,9301,249.38541666666666,135115.61575285913
B25119_002,2010,"Poquoson city, Virginia",51735,Owner occupied (dollars),91962,5966,249.38541666666666,147370.0083717539
B25119_003,2010,"Poquoson city, Virginia",51735,Renter occupied (dollars),36821,12128,249.38541666666666,59006.01420430559
B25119_001,2010,"Portsmouth city, Virginia",51740,All,45488,1462,249.38541666666666,72894.96684298234
B25119_002,2010,"Portsmouth city, Virginia",51740,Owner occupied (dollars),56724,2276,249.38541666666666,90900.76721775699
B25119_003,2010,"Portsmouth city, Virginia",51740,Renter occupied (dollars),30881,1426,249.38541666666666,49487.10585381062
B25119_001,2010,"Radford city, Virginia",51750,All,29155,3646,249.38541666666666,46721.17389876781
B25119_002,2010,"Radford city, Virginia",51750,Owner occupied (dollars),53847,6549,249.38541666666666,86290.34645607787
B25119_003,2010,"Radford city, Virginia",51750,Renter occupied (dollars),17076,1499,249.38541666666666,27364.45774293806
B25119_001,2010,"Richmond city, Virginia",51760,All,38266,876,249.38541666666666,61321.64089899671
B25119_002,2010,"Richmond city, Virginia",51760,Owner occupied (dollars),61403,1323,249.38541666666666,98398.91068105093
B25119_003,2010,"Richmond city, Virginia",51760,Renter occupied (dollars),25183,895,249.38541666666666,40356.004880558045
B25119_001,2010,"Roanoke city, Virginia",51770,All,36422,1381,249.38541666666666,58366.612784802644
B25119_002,2010,"Roanoke city, Virginia",51770,Owner occupied (dollars),48191,1465,249.38541666666666,77226.55089540455
B25119_003,2010,"Roanoke city, Virginia",51770,Renter occupied (dollars),24345,1660,249.38541666666666,39013.10164861953
B25119_001,2010,"Salem city, Virginia",51775,All,48828,3216,249.38541666666666,78247.34965285662
B25119_002,2010,"Salem city, Virginia",51775,Owner occupied (dollars),59726,3321,249.38541666666666,95711.50170735059
B25119_003,2010,"Salem city, Virginia",51775,Renter occupied (dollars),32488,2775,249.38541666666666,52062.33913987887
B25119_001,2010,"Staunton city, Virginia",51790,All,42724,3117,249.38541666666666,68465.62969133788
B25119_002,2010,"Staunton city, Virginia",51790,Owner occupied (dollars),55217,3523,249.38541666666666,88485.78491402032
B25119_003,2010,"Staunton city, Virginia",51790,Renter occupied (dollars),25946,3742,249.38541666666666,41578.719875747884
B25119_001,2010,"Suffolk city, Virginia",51800,All,65104,2834,249.38541666666666,104329.79953714216
B25119_002,2010,"Suffolk city, Virginia",51800,Owner occupied (dollars),78898,2009,249.38541666666666,126434.82003995824
B25119_003,2010,"Suffolk city, Virginia",51800,Renter occupied (dollars),30599,3330,249.38541666666666,49035.19808363561
B25119_001,2010,"Virginia Beach city, Virginia",51810,All,64618,1005,249.38541666666666,103550.97976301075
B25119_002,2010,"Virginia Beach city, Virginia",51810,Owner occupied (dollars),76975,1197,249.38541666666666,123353.19364972225
B25119_003,2010,"Virginia Beach city, Virginia",51810,Renter occupied (dollars),45642,1149,249.38541666666666,73141.75335577295
B25119_001,2010,"Waynesboro city, Virginia",51820,All,40977,2511,249.38541666666666,65666.04503000544
B25119_002,2010,"Waynesboro city, Virginia",51820,Owner occupied (dollars),53180,2968,249.38541666666666,85221.47240392632
B25119_003,2010,"Waynesboro city, Virginia",51820,Renter occupied (dollars),23470,2490,249.38541666666666,37610.905553218334
B25119_001,2010,"Williamsburg city, Virginia",51830,All,50794,5115,249.38541666666666,81397.88396549519
B25119_002,2010,"Williamsburg city, Virginia",51830,Owner occupied (dollars),69290,6688,249.38541666666666,111037.90565754147
B25119_003,2010,"Williamsburg city, Virginia",51830,Renter occupied (dollars),40700,1516,249.38541666666666,65222.149808947004
B25119_001,2010,"Winchester city, Virginia",51840,All,44873,2868,249.38541666666666,71909.42330164321
B25119_002,2010,"Winchester city, Virginia",51840,Owner occupied (dollars),65443,7975,249.38541666666666,104873.05036724616
B25119_003,2010,"Winchester city, Virginia",51840,Renter occupied (dollars),33013,4951,249.38541666666666,52903.65679711959
B25119_001,2011,"Accomack County, Virginia",51001,All,41595,2223,253.63816666666668,65538.76860711683
B25119_002,2011,"Accomack County, Virginia",51001,Owner occupied (dollars),44932,2564,253.63816666666668,70796.68111684032
B25119_003,2011,"Accomack County, Virginia",51001,Renter occupied (dollars),31250,5509,253.63816666666668,49238.767134809495
B25119_001,2011,"Albemarle County, Virginia",51003,All,65934,3178,253.63816666666668,103888.28391252893
B25119_002,2011,"Albemarle County, Virginia",51003,Owner occupied (dollars),86989,2487,253.63816666666668,137063.39565727816
B25119_003,2011,"Albemarle County, Virginia",51003,Renter occupied (dollars),40423,2435,253.63816666666668,63692.11788449293
B25119_001,2011,"Alleghany County, Virginia",51005,All,44329,2864,253.63816666666668,69846.56986620704
B25119_002,2011,"Alleghany County, Virginia",51005,Owner occupied (dollars),50505,3237,253.63816666666668,79577.7258925937
B25119_003,2011,"Alleghany County, Virginia",51005,Renter occupied (dollars),19219,5363,253.63816666666668,30282.235698044915
B25119_001,2011,"Amelia County, Virginia",51007,All,51540,3363,253.63816666666668,81208.5138600986
B25119_002,2011,"Amelia County, Virginia",51007,Owner occupied (dollars),57147,4598,253.63816666666668,90043.13041449466
B25119_003,2011,"Amelia County, Virginia",51007,Renter occupied (dollars),36082,8050,253.63816666666668,56852.262264262274
B25119_001,2011,"Amherst County, Virginia",51009,All,44383,3254,253.63816666666668,69931.654455816
B25119_002,2011,"Amherst County, Virginia",51009,Owner occupied (dollars),51840,4013,253.63816666666668,81681.20602459277
B25119_003,2011,"Amherst County, Virginia",51009,Renter occupied (dollars),29708,3269,253.63816666666668,46809.129409309455
B25119_001,2011,"Appomattox County, Virginia",51011,All,47992,4743,253.63816666666668,75618.14119468087
B25119_002,2011,"Appomattox County, Virginia",51011,Owner occupied (dollars),54986,7257,253.63816666666668,86638.1711895883
B25119_003,2011,"Appomattox County, Virginia",51011,Renter occupied (dollars),21972,6374,253.63816666666668,34619.97412755309
B25119_001,2011,"Arlington County, Virginia",51013,All,99651,2368,253.63816666666668,157014.15628002884
B25119_002,2011,"Arlington County, Virginia",51013,Owner occupied (dollars),135929,2249,253.63816666666668,214175.24409176063
B25119_003,2011,"Arlington County, Virginia",51013,Renter occupied (dollars),77567,2122,253.63816666666668,122217.71041106457
B25119_001,2011,"Augusta County, Virginia",51015,All,51719,1979,253.63816666666668,81490.55351824679
B25119_002,2011,"Augusta County, Virginia",51015,Owner occupied (dollars),58213,2021,253.63816666666668,91722.76323899729
B25119_003,2011,"Augusta County, Virginia",51015,Renter occupied (dollars),31833,3860,253.63816666666668,50157.3655744765
B25119_001,2011,"Bath County, Virginia",51017,All,52500,4199,253.63816666666668,82721.12878647995
B25119_002,2011,"Bath County, Virginia",51017,Owner occupied (dollars),52715,3557,253.63816666666668,83059.89150436744
B25119_003,2011,"Bath County, Virginia",51017,Renter occupied (dollars),42417,32350,253.63816666666668,66833.94513783086
B25119_001,2011,"Bedford County, Virginia",51019,All,56021,3050,253.63816666666668,88268.95915709321
B25119_002,2011,"Bedford County, Virginia",51019,Owner occupied (dollars),62873,2152,253.63816666666668,99065.24819414008
B25119_003,2011,"Bedford County, Virginia",51019,Renter occupied (dollars),29230,2156,253.63816666666668,46055.97322721541
B25119_001,2011,"Bland County, Virginia",51021,All,42864,3021,253.63816666666668,67538.25646292717
B25119_002,2011,"Bland County, Virginia",51021,Owner occupied (dollars),45471,3932,253.63816666666668,71645.95137238152
B25119_003,2011,"Bland County, Virginia",51021,Renter occupied (dollars),24591,6118,253.63816666666668,38746.576723587204
B25119_001,2011,"Botetourt County, Virginia",51023,All,65633,3250,253.63816666666668,103414.01610748644
B25119_002,2011,"Botetourt County, Virginia",51023,Owner occupied (dollars),69770,3007,253.63816666666668,109932.44105586107
B25119_003,2011,"Botetourt County, Virginia",51023,Renter occupied (dollars),38585,5247,253.63816666666668,60796.090556691976
B25119_001,2011,"Brunswick County, Virginia",51025,All,34170,2639,253.63816666666668,53839.63753588609
B25119_002,2011,"Brunswick County, Virginia",51025,Owner occupied (dollars),44186,4431,253.63816666666668,69621.25326779815
B25119_003,2011,"Brunswick County, Virginia",51025,Renter occupied (dollars),20463,6009,253.63816666666668,32242.332540147414
B25119_001,2011,"Buchanan County, Virginia",51027,All,30606,2412,253.63816666666668,48224.05462169534
B25119_002,2011,"Buchanan County, Virginia",51027,Owner occupied (dollars),36512,2475,253.63816666666668,57529.787700037254
B25119_003,2011,"Buchanan County, Virginia",51027,Renter occupied (dollars),15940,1647,253.63816666666668,25115.710340123627
B25119_001,2011,"Buckingham County, Virginia",51029,All,36378,3276,253.63816666666668,57318.65186656319
B25119_002,2011,"Buckingham County, Virginia",51029,Owner occupied (dollars),38410,5311,253.63816666666668,60520.353460737046
B25119_003,2011,"Buckingham County, Virginia",51029,Renter occupied (dollars),30803,5418,253.63816666666668,48534.45580971318
B25119_001,2011,"Campbell County, Virginia",51031,All,45992,2106,253.63816666666668,72466.86009805306
B25119_002,2011,"Campbell County, Virginia",51031,Owner occupied (dollars),53820,2087,253.63816666666668,84800.9743102543
B25119_003,2011,"Campbell County, Virginia",51031,Renter occupied (dollars),23651,2498,253.63816666666668,37265.47460817214
B25119_001,2011,"Caroline County, Virginia",51033,All,58707,4260,253.63816666666668,92501.12966986434
B25119_002,2011,"Caroline County, Virginia",51033,Owner occupied (dollars),65908,3263,253.63816666666668,103847.31725827277
B25119_003,2011,"Caroline County, Virginia",51033,Renter occupied (dollars),37991,4678,253.63816666666668,59860.160070993516
B25119_001,2011,"Carroll County, Virginia",51035,All,35841,2497,253.63816666666668,56472.53289211862
B25119_002,2011,"Carroll County, Virginia",51035,Owner occupied (dollars),42294,3234,253.63816666666668,66640.14135038825
B25119_003,2011,"Carroll County, Virginia",51035,Renter occupied (dollars),21952,1973,253.63816666666668,34588.461316586814
B25119_001,2011,"Charles City County, Virginia",51036,All,47093,3456,253.63816666666668,74201.64034174666
B25119_002,2011,"Charles City County, Virginia",51036,Owner occupied (dollars),52138,4671,253.63816666666668,82150.74690799031
B25119_003,2011,"Charles City County, Virginia",51036,Renter occupied (dollars),35577,8437,253.63816666666668,56056.56378736375
B25119_001,2011,"Charlotte County, Virginia",51037,All,37173,5132,253.63816666666668,58571.286102472746
B25119_002,2011,"Charlotte County, Virginia",51037,Owner occupied (dollars),47131,8574,253.63816666666668,74261.5146825826
B25119_003,2011,"Charlotte County, Virginia",51037,Renter occupied (dollars),19350,6644,253.63816666666668,30488.644609874038
B25119_001,2011,"Chesterfield County, Virginia",51041,All,72886,1094,253.63816666666668,114842.1370044072
B25119_002,2011,"Chesterfield County, Virginia",51041,Owner occupied (dollars),83314,1774,253.63816666666668,131272.9166422246
B25119_003,2011,"Chesterfield County, Virginia",51041,Renter occupied (dollars),42628,1498,253.63816666666668,67166.4052935251
B25119_001,2011,"Clarke County, Virginia",51043,All,77048,7572,253.63816666666668,121399.95296648965
B25119_002,2011,"Clarke County, Virginia",51043,Owner occupied (dollars),87408,6053,253.63816666666668,137723.5890470217
B25119_003,2011,"Clarke County, Virginia",51043,Renter occupied (dollars),46660,8101,253.63816666666668,73519.38798432675
B25119_001,2011,"Craig County, Virginia",51045,All,54120,8369,253.63816666666668,85273.66647474848
B25119_002,2011,"Craig County, Virginia",51045,Owner occupied (dollars),58010,11023,253.63816666666668,91402.90820768956
B25119_003,2011,"Craig County, Virginia",51045,Renter occupied (dollars),46000,13511,253.63816666666668,72479.46522243957
B25119_001,2011,"Culpeper County, Virginia",51047,All,66458,3224,253.63816666666668,104713.91955984541
B25119_002,2011,"Culpeper County, Virginia",51047,Owner occupied (dollars),80688,4302,253.63816666666668,127135.28456235227
B25119_003,2011,"Culpeper County, Virginia",51047,Renter occupied (dollars),39093,3537,253.63816666666668,61596.51595523544
B25119_001,2011,"Cumberland County, Virginia",51049,All,45184,4865,253.63816666666668,71193.74253501542
B25119_002,2011,"Cumberland County, Virginia",51049,Owner occupied (dollars),47210,5404,253.63816666666668,74385.9902858994
B25119_003,2011,"Cumberland County, Virginia",51049,Renter occupied (dollars),29071,6850,253.63816666666668,45805.4463800335
B25119_001,2011,"Dickenson County, Virginia",51051,All,30556,1975,253.63816666666668,48145.272594279646
B25119_002,2011,"Dickenson County, Virginia",51051,Owner occupied (dollars),33348,1586,253.63816666666668,52544.46100517206
B25119_003,2011,"Dickenson County, Virginia",51051,Renter occupied (dollars),17100,4745,253.63816666666668,26943.453376167756
B25119_001,2011,"Dinwiddie County, Virginia",51053,All,50583,3104,253.63816666666668,79700.62585536219
B25119_002,2011,"Dinwiddie County, Virginia",51053,Owner occupied (dollars),59941,3632,253.63816666666668,94445.4701064837
B25119_003,2011,"Dinwiddie County, Virginia",51053,Renter occupied (dollars),37912,6513,253.63816666666668,59735.68446767672
B25119_001,2011,"Essex County, Virginia",51057,All,44581,3499,253.63816666666668,70243.63128438215
B25119_002,2011,"Essex County, Virginia",51057,Owner occupied (dollars),51044,3644,253.63816666666668,80426.9961481349
B25119_003,2011,"Essex County, Virginia",51057,Renter occupied (dollars),27245,5779,253.63816666666668,42928.326738812306
B25119_001,2011,"Fairfax County, Virginia",51059,All,108439,1018,253.63816666666668,170860.8854186114
B25119_002,2011,"Fairfax County, Virginia",51059,Owner occupied (dollars),131312,1248,253.63816666666668,206900.51168019534
B25119_003,2011,"Fairfax County, Virginia",51059,Renter occupied (dollars),67783,2020,253.63816666666668,106801.64328636134
B25119_001,2011,"Fauquier County, Virginia",51061,All,87958,3763,253.63816666666668,138590.19134859435
B25119_002,2011,"Fauquier County, Virginia",51061,Owner occupied (dollars),104680,5962,253.63816666666668,164938.05259749945
B25119_003,2011,"Fauquier County, Virginia",51061,Renter occupied (dollars),45560,4169,253.63816666666668,71786.18338118146
B25119_001,2011,"Floyd County, Virginia",51063,All,40761,4699,253.63816666666668,64224.68438982303
B25119_002,2011,"Floyd County, Virginia",51063,Owner occupied (dollars),43350,5727,253.63816666666668,68304.01776940773
B25119_003,2011,"Floyd County, Virginia",51063,Renter occupied (dollars),36381,7836,253.63816666666668,57323.37878820813
B25119_001,2011,"Fluvanna County, Virginia",51065,All,68615,7846,253.63816666666668,108112.5762225585
B25119_002,2011,"Fluvanna County, Virginia",51065,Owner occupied (dollars),72842,3400,253.63816666666668,114772.80882028138
B25119_003,2011,"Fluvanna County, Virginia",51065,Renter occupied (dollars),38934,7324,253.63816666666668,61345.98910805353
B25119_001,2011,"Franklin County, Virginia",51067,All,47606,2144,253.63816666666668,75009.9439430317
B25119_002,2011,"Franklin County, Virginia",51067,Owner occupied (dollars),52431,2163,253.63816666666668,82612.40958864629
B25119_003,2011,"Franklin County, Virginia",51067,Renter occupied (dollars),30908,2732,253.63816666666668,48699.898067286136
B25119_001,2011,"Frederick County, Virginia",51069,All,66440,2923,253.63816666666668,104685.55802997577
B25119_002,2011,"Frederick County, Virginia",51069,Owner occupied (dollars),72500,2797,253.63816666666668,114233.93975275803
B25119_003,2011,"Frederick County, Virginia",51069,Renter occupied (dollars),43352,4748,253.63816666666668,68307.16905050435
B25119_001,2011,"Giles County, Virginia",51071,All,43012,2835,253.63816666666668,67771.45126407762
B25119_002,2011,"Giles County, Virginia",51071,Owner occupied (dollars),49388,2827,253.63816666666668,77817.73540012707
B25119_003,2011,"Giles County, Virginia",51071,Renter occupied (dollars),24019,2268,253.63816666666668,37845.31032995165
B25119_001,2011,"Gloucester County, Virginia",51073,All,62067,3108,253.63816666666668,97795.28191219906
B25119_002,2011,"Gloucester County, Virginia",51073,Owner occupied (dollars),67487,5400,253.63816666666668,106335.25368406043
B25119_003,2011,"Gloucester County, Virginia",51073,Renter occupied (dollars),36307,6872,253.63816666666668,57206.7813876329
B25119_001,2011,"Goochland County, Virginia",51075,All,81288,6215,253.63816666666668,128080.66889134061
B25119_002,2011,"Goochland County, Virginia",51075,Owner occupied (dollars),86378,5771,253.63816666666668,136100.67928225838
B25119_003,2011,"Goochland County, Virginia",51075,Renter occupied (dollars),48322,20854,253.63816666666668,76138.10257562446
B25119_001,2011,"Grayson County, Virginia",51077,All,31599,2013,253.63816666666668,49788.66568617104
B25119_002,2011,"Grayson County, Virginia",51077,Owner occupied (dollars),34693,3837,253.63816666666668,54663.69754265426
B25119_003,2011,"Grayson County, Virginia",51077,Renter occupied (dollars),19212,4237,253.63816666666668,30271.20621420672
B25119_001,2011,"Greene County, Virginia",51079,All,58550,3277,253.63816666666668,92253.75410377907
B25119_002,2011,"Greene County, Virginia",51079,Owner occupied (dollars),62904,4788,253.63816666666668,99114.0930511378
B25119_003,2011,"Greene County, Virginia",51079,Renter occupied (dollars),32196,4146,253.63816666666668,50729.323093514446
B25119_001,2011,"Greensville County, Virginia",51081,All,42000,4510,253.63816666666668,66176.90302918396
B25119_002,2011,"Greensville County, Virginia",51081,Owner occupied (dollars),47852,7621,253.63816666666668,75397.55151791692
B25119_003,2011,"Greensville County, Virginia",51081,Renter occupied (dollars),28611,11354,253.63816666666668,45080.6517278091
B25119_001,2011,"Halifax County, Virginia",51083,All,34889,2455,253.63816666666668,54972.52309012379
B25119_002,2011,"Halifax County, Virginia",51083,Owner occupied (dollars),41509,2728,253.63816666666668,65403.26351996183
B25119_003,2011,"Halifax County, Virginia",51083,Renter occupied (dollars),19640,2325,253.63816666666668,30945.58036888507
B25119_001,2011,"Hanover County, Virginia",51085,All,77506,2228,253.63816666666668,122121.59633761742
B25119_002,2011,"Hanover County, Virginia",51085,Owner occupied (dollars),86527,2654,253.63816666666668,136335.44972395716
B25119_003,2011,"Hanover County, Virginia",51085,Renter occupied (dollars),42016,4919,253.63816666666668,66202.11327795697
B25119_001,2011,"Henrico County, Virginia",51087,All,61206,1096,253.63816666666668,96438.65540010079
B25119_002,2011,"Henrico County, Virginia",51087,Owner occupied (dollars),78047,1544,253.63816666666668,122974.01787425525
B25119_003,2011,"Henrico County, Virginia",51087,Renter occupied (dollars),38761,1226,253.63816666666668,61073.403293195224
B25119_001,2011,"Henry County, Virginia",51089,All,33695,1287,253.63816666666668,53091.208275436984
B25119_002,2011,"Henry County, Virginia",51089,Owner occupied (dollars),39275,1667,253.63816666666668,61883.28253502857
B25119_003,2011,"Henry County, Virginia",51089,Renter occupied (dollars),23258,2860,253.63816666666668,36646.24787268478
B25119_001,2011,"Highland County, Virginia",51091,All,43045,3704,253.63816666666668,67823.447402172
B25119_002,2011,"Highland County, Virginia",51091,Owner occupied (dollars),46731,9168,253.63816666666668,73631.25846325704
B25119_003,2011,"Highland County, Virginia",51091,Renter occupied (dollars),21429,20414,253.63816666666668,33764.40130981864
B25119_001,2011,"Isle of Wight County, Virginia",51093,All,64925,3459,253.63816666666668,102298.4625992802
B25119_002,2011,"Isle of Wight County, Virginia",51093,Owner occupied (dollars),73154,2520,253.63816666666668,115264.40867135531
B25119_003,2011,"Isle of Wight County, Virginia",51093,Renter occupied (dollars),25948,4420,253.63816666666668,40884.72094764918
B25119_001,2011,"James City County, Virginia",51095,All,75938,2459,253.63816666666668,119650.99195786122
B25119_002,2011,"James City County, Virginia",51095,Owner occupied (dollars),88396,3364,253.63816666666668,139280.32190875584
B25119_003,2011,"James City County, Virginia",51095,Renter occupied (dollars),47062,5167,253.63816666666668,74152.79548474895
B25119_001,2011,"King and Queen County, Virginia",51097,All,48170,6058,253.63816666666668,75898.60521228075
B25119_002,2011,"King and Queen County, Virginia",51097,Owner occupied (dollars),51107,5218,253.63816666666668,80526.26150267868
B25119_003,2011,"King and Queen County, Virginia",51097,Renter occupied (dollars),42353,8650,253.63816666666668,66733.10414273877
B25119_001,2011,"King George County, Virginia",51099,All,82173,6210,253.63816666666668,129475.11077659842
B25119_002,2011,"King George County, Virginia",51099,Owner occupied (dollars),95572,6214,253.63816666666668,150587.1184834564
B25119_003,2011,"King George County, Virginia",51099,Renter occupied (dollars),47295,5263,253.63816666666668,74519.91973250608
B25119_001,2011,"King William County, Virginia",51101,All,64982,5617,253.63816666666668,102388.2741105341
B25119_002,2011,"King William County, Virginia",51101,Owner occupied (dollars),75569,6500,253.63816666666668,119069.58059553339
B25119_003,2011,"King William County, Virginia",51101,Renter occupied (dollars),36400,14779,253.63816666666668,57353.315958626095
B25119_001,2011,"Lancaster County, Virginia",51103,All,46625,2702,253.63816666666668,73464.24056513577
B25119_002,2011,"Lancaster County, Virginia",51103,Owner occupied (dollars),54573,5847,253.63816666666668,85987.43164313467
B25119_003,2011,"Lancaster County, Virginia",51103,Renter occupied (dollars),34776,4631,253.63816666666668,54794.47570816432
B25119_001,2011,"Lee County, Virginia",51105,All,32588,2306,253.63816666666668,51346.974188453496
B25119_002,2011,"Lee County, Virginia",51105,Owner occupied (dollars),37530,2812,253.63816666666668,59133.78977822081
B25119_003,2011,"Lee County, Virginia",51105,Renter occupied (dollars),16306,2394,253.63816666666668,25692.394780806513
B25119_001,2011,"Loudoun County, Virginia",51107,All,120096,1831,253.63816666666668,189228.12729030658
B25119_002,2011,"Loudoun County, Virginia",51107,Owner occupied (dollars),134002,1272,253.63816666666668,211138.98475515973
B25119_003,2011,"Loudoun County, Virginia",51107,Renter occupied (dollars),67403,2551,253.63816666666668,106202.89987800205
B25119_001,2011,"Louisa County, Virginia",51109,All,56502,4224,253.63816666666668,89026.84226083219
B25119_002,2011,"Louisa County, Virginia",51109,Owner occupied (dollars),64092,4046,253.63816666666668,100985.95402253472
B25119_003,2011,"Louisa County, Virginia",51109,Renter occupied (dollars),31094,3418,253.63816666666668,48992.96720927252
B25119_001,2011,"Lunenburg County, Virginia",51111,All,35210,2840,253.63816666666668,55478.30370613255
B25119_002,2011,"Lunenburg County, Virginia",51111,Owner occupied (dollars),39170,3707,253.63816666666668,61717.84027745561
B25119_003,2011,"Lunenburg County, Virginia",51111,Renter occupied (dollars),20112,4675,253.63816666666668,31689.28270768923
B25119_001,2011,"Madison County, Virginia",51113,All,59734,5208,253.63816666666668,94119.31251298272
B25119_002,2011,"Madison County, Virginia",51113,Owner occupied (dollars),63333,5768,253.63816666666668,99790.04284636446
B25119_003,2011,"Madison County, Virginia",51113,Renter occupied (dollars),47596,21549,253.63816666666668,74994.18753754857
B25119_001,2011,"Mathews County, Virginia",51115,All,54118,7739,253.63816666666668,85270.51519365184
B25119_002,2011,"Mathews County, Virginia",51115,Owner occupied (dollars),59743,6783,253.63816666666668,94133.49327791756
B25119_003,2011,"Mathews County, Virginia",51115,Renter occupied (dollars),24935,16980,253.63816666666668,39288.59707220719
B25119_001,2011,"Mecklenburg County, Virginia",51117,All,36069,2730,253.63816666666668,56831.77893713419
B25119_002,2011,"Mecklenburg County, Virginia",51117,Owner occupied (dollars),42052,3249,253.63816666666668,66258.83633769628
B25119_003,2011,"Mecklenburg County, Virginia",51117,Renter occupied (dollars),23417,2345,253.63816666666668,36896.774719866684
B25119_001,2011,"Middlesex County, Virginia",51119,All,53615,7237,253.63816666666668,84477.96799784995
B25119_002,2011,"Middlesex County, Virginia",51119,Owner occupied (dollars),62229,6600,253.63816666666668,98050.53568102591
B25119_003,2011,"Middlesex County, Virginia",51119,Renter occupied (dollars),33250,8964,253.63816666666668,52390.0482314373
B25119_001,2011,"Montgomery County, Virginia",51121,All,44231,1557,253.63816666666668,69692.15709247228
B25119_002,2011,"Montgomery County, Virginia",51121,Owner occupied (dollars),69770,2621,253.63816666666668,109932.44105586107
B25119_003,2011,"Montgomery County, Virginia",51121,Renter occupied (dollars),23580,2539,253.63816666666668,37153.60412924185
B25119_001,2011,"Nelson County, Virginia",51125,All,47426,3930,253.63816666666668,74726.3286443352
B25119_002,2011,"Nelson County, Virginia",51125,Owner occupied (dollars),55750,4925,253.63816666666668,87841.96056850013
B25119_003,2011,"Nelson County, Virginia",51125,Renter occupied (dollars),35096,11270,253.63816666666668,55298.68068362476
B25119_001,2011,"New Kent County, Virginia",51127,All,71198,3353,253.63816666666668,112182.45575885332
B25119_002,2011,"New Kent County, Virginia",51127,Owner occupied (dollars),73303,4309,253.63816666666668,115499.17911305408
B25119_003,2011,"New Kent County, Virginia",51127,Renter occupied (dollars),39688,8207,253.63816666666668,62534.02208148221
B25119_001,2011,"Northampton County, Virginia",51131,All,36965,3216,253.63816666666668,58243.55286842345
B25119_002,2011,"Northampton County, Virginia",51131,Owner occupied (dollars),47665,13950,253.63816666666668,75102.90673538222
B25119_003,2011,"Northampton County, Virginia",51131,Renter occupied (dollars),21288,2531,253.63816666666668,33542.23599250639
B25119_001,2011,"Northumberland County, Virginia",51133,All,51256,5014,253.63816666666668,80761.03194437745
B25119_002,2011,"Northumberland County, Virginia",51133,Owner occupied (dollars),56976,4773,253.63816666666668,89773.69588073298
B25119_003,2011,"Northumberland County, Virginia",51133,Renter occupied (dollars),31504,12856,253.63816666666668,49638.97983408123
B25119_001,2011,"Nottoway County, Virginia",51135,All,37507,3425,253.63816666666668,59097.55004560959
B25119_002,2011,"Nottoway County, Virginia",51135,Owner occupied (dollars),46612,8397,253.63816666666668,73443.75723800769
B25119_003,2011,"Nottoway County, Virginia",51135,Renter occupied (dollars),30096,7444,253.63816666666668,47420.47794205525
B25119_001,2011,"Orange County, Virginia",51137,All,56837,3429,253.63816666666668,89554.68184451734
B25119_002,2011,"Orange County, Virginia",51137,Owner occupied (dollars),62042,5403,253.63816666666668,97755.89089849121
B25119_003,2011,"Orange County, Virginia",51137,Renter occupied (dollars),39583,9033,253.63816666666668,62368.579823909255
B25119_001,2011,"Page County, Virginia",51139,All,43435,3818,253.63816666666668,68437.9472160144
B25119_002,2011,"Page County, Virginia",51139,Owner occupied (dollars),50831,3049,253.63816666666668,80091.38471134404
B25119_003,2011,"Page County, Virginia",51139,Renter occupied (dollars),26790,3847,253.63816666666668,42211.410289329484
B25119_001,2011,"Patrick County, Virginia",51141,All,36057,2577,253.63816666666668,56812.871250554424
B25119_002,2011,"Patrick County, Virginia",51141,Owner occupied (dollars),39611,3050,253.63816666666668,62412.69775926204
B25119_003,2011,"Patrick County, Virginia",51141,Renter occupied (dollars),21017,2931,253.63816666666668,33115.237403913314
B25119_001,2011,"Pittsylvania County, Virginia",51143,All,40333,1551,253.63816666666668,63550.31023514468
B25119_002,2011,"Pittsylvania County, Virginia",51143,Owner occupied (dollars),45663,2187,253.63816666666668,71948.47435765779
B25119_003,2011,"Pittsylvania County, Virginia",51143,Renter occupied (dollars),26061,3495,253.63816666666668,41062.76832960865
B25119_001,2011,"Powhatan County, Virginia",51145,All,76235,3072,253.63816666666668,120118.95720071046
B25119_002,2011,"Powhatan County, Virginia",51145,Owner occupied (dollars),81960,4611,253.63816666666668,129139.49933980755
B25119_003,2011,"Powhatan County, Virginia",51145,Renter occupied (dollars),40911,3406,253.63816666666668,64461.03047207012
B25119_001,2011,"Prince Edward County, Virginia",51147,All,36789,3431,253.63816666666668,57966.2401319202
B25119_002,2011,"Prince Edward County, Virginia",51147,Owner occupied (dollars),49781,3775,253.63816666666668,78436.96213561445
B25119_003,2011,"Prince Edward County, Virginia",51147,Renter occupied (dollars),23958,3884,253.63816666666668,37749.1962565045
B25119_001,2011,"Prince George County, Virginia",51149,All,62924,2942,253.63816666666668,99145.60586210409
B25119_002,2011,"Prince George County, Virginia",51149,Owner occupied (dollars),73668,3701,253.63816666666668,116074.28791318866
B25119_003,2011,"Prince George County, Virginia",51149,Renter occupied (dollars),44253,4463,253.63816666666668,69726.82118453518
B25119_001,2011,"Prince William County, Virginia",51153,All,95531,1370,253.63816666666668,150522.51722097554
B25119_002,2011,"Prince William County, Virginia",51153,Owner occupied (dollars),111631,1577,253.63816666666668,175890.3300488294
B25119_003,2011,"Prince William County, Virginia",51153,Renter occupied (dollars),56660,1993,253.63816666666668,89275.79346746579
B25119_001,2011,"Pulaski County, Virginia",51155,All,40987,2671,253.63816666666668,64580.779153741976
B25119_002,2011,"Pulaski County, Virginia",51155,Owner occupied (dollars),49798,3130,253.63816666666668,78463.74802493578
B25119_003,2011,"Pulaski County, Virginia",51155,Renter occupied (dollars),23968,2309,253.63816666666668,37764.95266198765
B25119_001,2011,"Rappahannock County, Virginia",51157,All,64113,8445,253.63816666666668,101019.04247404932
B25119_002,2011,"Rappahannock County, Virginia",51157,Owner occupied (dollars),76912,8722,253.63816666666668,121185.66585191897
B25119_003,2011,"Rappahannock County, Virginia",51157,Renter occupied (dollars),45309,10592,253.63816666666668,71390.69760355467
B25119_001,2011,"Richmond County, Virginia",51159,All,46456,4614,253.63816666666668,73197.95731247071
B25119_002,2011,"Richmond County, Virginia",51159,Owner occupied (dollars),52785,7555,253.63816666666668,83170.18634274941
B25119_003,2011,"Richmond County, Virginia",51159,Renter occupied (dollars),33547,2117,253.63816666666668,52858.01347428653
B25119_001,2011,"Roanoke County, Virginia",51161,All,62895,2529,253.63816666666668,99099.91228620298
B25119_002,2011,"Roanoke County, Virginia",51161,Owner occupied (dollars),72753,2717,253.63816666666668,114632.57681148144
B25119_003,2011,"Roanoke County, Virginia",51161,Renter occupied (dollars),38962,4304,253.63816666666668,61390.107043406315
B25119_001,2011,"Rockbridge County, Virginia",51163,All,45489,3737,253.63816666666668,71674.31290225117
B25119_002,2011,"Rockbridge County, Virginia",51163,Owner occupied (dollars),51412,3009,253.63816666666668,81006.83186991441
B25119_003,2011,"Rockbridge County, Virginia",51163,Renter occupied (dollars),26450,5083,253.63816666666668,41675.692502902755
B25119_001,2011,"Rockingham County, Virginia",51165,All,51775,1283,253.63816666666668,81578.78938895237
B25119_002,2011,"Rockingham County, Virginia",51165,Owner occupied (dollars),58449,2598,253.63816666666668,92094.61440839936
B25119_003,2011,"Rockingham County, Virginia",51165,Renter occupied (dollars),35212,3655,253.63816666666668,55481.45498722918
B25119_001,2011,"Russell County, Virginia",51167,All,32555,3771,253.63816666666668,51294.97805035914
B25119_002,2011,"Russell County, Virginia",51167,Owner occupied (dollars),38338,2616,253.63816666666668,60406.90734125844
B25119_003,2011,"Russell County, Virginia",51167,Renter occupied (dollars),14040,1444,253.63816666666668,22121.99329832721
B25119_001,2011,"Scott County, Virginia",51169,All,35846,2525,253.63816666666668,56480.411094860196
B25119_002,2011,"Scott County, Virginia",51169,Owner occupied (dollars),40005,2576,253.63816666666668,63033.50013529772
B25119_003,2011,"Scott County, Virginia",51169,Renter occupied (dollars),18929,5045,253.63816666666668,29825.299939033885
B25119_001,2011,"Shenandoah County, Virginia",51171,All,50535,1963,253.63816666666668,79624.99510904313
B25119_002,2011,"Shenandoah County, Virginia",51171,Owner occupied (dollars),61901,2442,253.63816666666668,97533.72558117895
B25119_003,2011,"Shenandoah County, Virginia",51171,Renter occupied (dollars),31611,2964,253.63816666666668,49807.57337275081
B25119_001,2011,"Smyth County, Virginia",51173,All,34533,2130,253.63816666666668,54411.59505492404
B25119_002,2011,"Smyth County, Virginia",51173,Owner occupied (dollars),41981,2057,253.63816666666668,66146.965858766
B25119_003,2011,"Smyth County, Virginia",51173,Renter occupied (dollars),21650,3374,253.63816666666668,34112.617870996015
B25119_001,2011,"Southampton County, Virginia",51175,All,46733,2451,253.63816666666668,73634.40974435366
B25119_002,2011,"Southampton County, Virginia",51175,Owner occupied (dollars),56765,4925,253.63816666666668,89441.23572503874
B25119_003,2011,"Southampton County, Virginia",51175,Renter occupied (dollars),27092,3531,253.63816666666668,42687.25373492028
B25119_001,2011,"Spotsylvania County, Virginia",51177,All,78299,2850,253.63816666666668,123371.07929243035
B25119_002,2011,"Spotsylvania County, Virginia",51177,Owner occupied (dollars),89579,2689,253.63816666666668,141144.3046774112
B25119_003,2011,"Spotsylvania County, Virginia",51177,Renter occupied (dollars),48462,4529,253.63816666666668,76358.6922523884
B25119_001,2011,"Stafford County, Virginia",51179,All,94658,2586,253.63816666666668,149146.9830222975
B25119_002,2011,"Stafford County, Virginia",51179,Owner occupied (dollars),107169,2707,253.63816666666668,168859.82192225274
B25119_003,2011,"Stafford County, Virginia",51179,Renter occupied (dollars),54410,3386,253.63816666666668,85730.6022337595
B25119_001,2011,"Surry County, Virginia",51181,All,53505,10154,253.63816666666668,84304.64753753542
B25119_002,2011,"Surry County, Virginia",51181,Owner occupied (dollars),63816,6559,253.63816666666668,100551.07723120008
B25119_003,2011,"Surry County, Virginia",51181,Renter occupied (dollars),33068,11134,253.63816666666668,52103.28165164417
B25119_001,2011,"Sussex County, Virginia",51183,All,40088,4282,253.63816666666668,63164.278300807775
B25119_002,2011,"Sussex County, Virginia",51183,Owner occupied (dollars),48004,5997,253.63816666666668,75637.04888126063
B25119_003,2011,"Sussex County, Virginia",51183,Renter occupied (dollars),30685,5949,253.63816666666668,48348.53022501214
B25119_001,2011,"Tazewell County, Virginia",51185,All,36436,1964,253.63816666666668,57410.039018365394
B25119_002,2011,"Tazewell County, Virginia",51185,Owner occupied (dollars),44632,2910,253.63816666666668,70323.98895234615
B25119_003,2011,"Tazewell County, Virginia",51185,Renter occupied (dollars),19577,2775,253.63816666666668,30846.315014341293
B25119_001,2011,"Warren County, Virginia",51187,All,61379,3293,253.63816666666668,96711.2412149591
B25119_002,2011,"Warren County, Virginia",51187,Owner occupied (dollars),72500,3985,253.63816666666668,114233.93975275803
B25119_003,2011,"Warren County, Virginia",51187,Renter occupied (dollars),36442,4644,253.63816666666668,57419.49286165528
B25119_001,2011,"Washington County, Virginia",51191,All,41526,2385,253.63816666666668,65430.049409283165
B25119_002,2011,"Washington County, Virginia",51191,Owner occupied (dollars),49350,2294,253.63816666666668,77757.86105929116
B25119_003,2011,"Washington County, Virginia",51191,Renter occupied (dollars),28348,2223,253.63816666666668,44666.25826360255
B25119_001,2011,"Westmoreland County, Virginia",51193,All,52258,3914,253.63816666666668,82339.82377378798
B25119_002,2011,"Westmoreland County, Virginia",51193,Owner occupied (dollars),55444,2909,253.63816666666668,87359.81456071608
B25119_003,2011,"Westmoreland County, Virginia",51193,Renter occupied (dollars),38808,7358,253.63816666666668,61147.45839896598
B25119_001,2011,"Wise County, Virginia",51195,All,34717,1717,253.63816666666668,54701.5129158138
B25119_002,2011,"Wise County, Virginia",51195,Owner occupied (dollars),42117,4031,253.63816666666668,66361.25297333668
B25119_003,2011,"Wise County, Virginia",51195,Renter occupied (dollars),20526,3270,253.63816666666668,32341.59789469119
B25119_001,2011,"Wythe County, Virginia",51197,All,40920,2898,253.63816666666668,64475.21123700494
B25119_002,2011,"Wythe County, Virginia",51197,Owner occupied (dollars),47802,4795,253.63816666666668,75318.76949050123
B25119_003,2011,"Wythe County, Virginia",51197,Renter occupied (dollars),27166,4424,253.63816666666668,42803.85113549551
B25119_001,2011,"York County, Virginia",51199,All,83747,2780,253.63816666666668,131955.1689996445
B25119_002,2011,"York County, Virginia",51199,Owner occupied (dollars),95487,2667,253.63816666666668,150453.18903684974
B25119_003,2011,"York County, Virginia",51199,Renter occupied (dollars),51750,2323,253.63816666666668,81539.39837524452
B25119_001,2011,"Alexandria city, Virginia",51510,All,82899,2058,253.63816666666668,130619.02581467431
B25119_002,2011,"Alexandria city, Virginia",51510,Owner occupied (dollars),123687,3675,253.63816666666668,194886.2524993018
B25119_003,2011,"Alexandria city, Virginia",51510,Renter occupied (dollars),61254,1931,253.63816666666668,96514.28614641986
B25119_001,2011,"Bedford city, Virginia",51515,All,34647,6988,253.63816666666668,54591.218077431826
B25119_002,2011,"Bedford city, Virginia",51515,Owner occupied (dollars),48713,10473,253.63816666666668,76754.17803001519
B25119_003,2011,"Bedford city, Virginia",51515,Renter occupied (dollars),22949,8036,253.63816666666668,36159.374943255774
B25119_001,2011,"Bristol city, Virginia",51520,All,32122,4468,253.63816666666668,50612.72569293922
B25119_002,2011,"Bristol city, Virginia",51520,Owner occupied (dollars),40893,3722,253.63816666666668,64432.668942200464
B25119_003,2011,"Bristol city, Virginia",51520,Renter occupied (dollars),20500,3412,253.63816666666668,32300.63124043503
B25119_001,2011,"Buena Vista city, Virginia",51530,All,35426,6316,253.63816666666668,55818.642064568354
B25119_002,2011,"Buena Vista city, Virginia",51530,Owner occupied (dollars),43015,5469,253.63816666666668,67776.17818572257
B25119_003,2011,"Buena Vista city, Virginia",51530,Renter occupied (dollars),20211,10138,253.63816666666668,31845.27112197231
B25119_001,2011,"Charlottesville city, Virginia",51540,All,43980,2536,253.63816666666668,69296.67131484549
B25119_002,2011,"Charlottesville city, Virginia",51540,Owner occupied (dollars),69837,5110,253.63816666666668,110038.0089725981
B25119_003,2011,"Charlottesville city, Virginia",51540,Renter occupied (dollars),28671,2611,253.63816666666668,45175.190160707934
B25119_001,2011,"Chesapeake city, Virginia",51550,All,70115,1721,253.63816666666668,110476.03704502936
B25119_002,2011,"Chesapeake city, Virginia",51550,Owner occupied (dollars),81629,1821,253.63816666666668,128617.96231831565
B25119_003,2011,"Chesapeake city, Virginia",51550,Renter occupied (dollars),39139,2477,253.63816666666668,61668.99542045788
B25119_001,2011,"Colonial Heights city, Virginia",51570,All,51396,2641,253.63816666666668,80981.6216211414
B25119_002,2011,"Colonial Heights city, Virginia",51570,Owner occupied (dollars),62361,3537,253.63816666666668,98258.52023340335
B25119_003,2011,"Colonial Heights city, Virginia",51570,Renter occupied (dollars),40819,3512,253.63816666666668,64316.071541625235
B25119_001,2011,"Covington city, Virginia",51580,All,36242,2496,253.63816666666668,57104.3647519925
B25119_002,2011,"Covington city, Virginia",51580,Owner occupied (dollars),39889,6331,253.63816666666668,62850.72583169331
B25119_003,2011,"Covington city, Virginia",51580,Renter occupied (dollars),28722,10520,253.63816666666668,45255.547828671944
B25119_001,2011,"Danville city, Virginia",51590,All,31011,1338,253.63816666666668,48862.18904376247
B25119_002,2011,"Danville city, Virginia",51590,Owner occupied (dollars),41652,2129,253.63816666666668,65628.58011837072
B25119_003,2011,"Danville city, Virginia",51590,Renter occupied (dollars),18789,1459,253.63816666666668,29604.71026226994
B25119_001,2011,"Emporia city, Virginia",51595,All,30481,3691,253.63816666666668,48027.0995531561
B25119_002,2011,"Emporia city, Virginia",51595,Owner occupied (dollars),42321,13740,253.63816666666668,66682.68364519272
B25119_003,2011,"Emporia city, Virginia",51595,Renter occupied (dollars),20957,5610,253.63816666666668,33020.698971014484
B25119_001,2011,"Fairfax city, Virginia",51600,All,99300,6555,253.63816666666668,156461.10644757064
B25119_002,2011,"Fairfax city, Virginia",51600,Owner occupied (dollars),118925,6910,253.63816666666668,187383.052208231
B25119_003,2011,"Fairfax city, Virginia",51600,Renter occupied (dollars),62802,4874,253.63816666666668,98953.37771520979
B25119_001,2011,"Falls Church city, Virginia",51610,All,120332,6622,253.63816666666668,189599.97845970865
B25119_002,2011,"Falls Church city, Virginia",51610,Owner occupied (dollars),152394,10136,253.63816666666668,240118.16571974906
B25119_003,2011,"Falls Church city, Virginia",51610,Renter occupied (dollars),71065,9474,253.63816666666668,111972.89556592757
B25119_001,2011,"Franklin city, Virginia",51620,All,33956,3047,253.63816666666668,53502.45045854692
B25119_002,2011,"Franklin city, Virginia",51620,Owner occupied (dollars),65699,11618,253.63816666666668,103518.00838367516
B25119_003,2011,"Franklin city, Virginia",51620,Renter occupied (dollars),24234,2603,253.63816666666668,38184.07304783914
B25119_001,2011,"Fredericksburg city, Virginia",51630,All,44498,2703,253.63816666666668,70112.8531188721
B25119_002,2011,"Fredericksburg city, Virginia",51630,Owner occupied (dollars),86537,8431,253.63816666666668,136351.20612944028
B25119_003,2011,"Fredericksburg city, Virginia",51630,Renter occupied (dollars),32449,3003,253.63816666666668,51127.960152237865
B25119_001,2011,"Galax city, Virginia",51640,All,24711,7479,253.63816666666668,38935.65358938488
B25119_002,2011,"Galax city, Virginia",51640,Owner occupied (dollars),29201,6942,253.63816666666668,46010.279651314304
B25119_003,2011,"Galax city, Virginia",51640,Renter occupied (dollars),16481,9393,253.63816666666668,25968.131876761447
B25119_001,2011,"Hampton city, Virginia",51650,All,51083,889,253.63816666666668,80488.44612951914
B25119_002,2011,"Hampton city, Virginia",51650,Owner occupied (dollars),66419,1667,253.63816666666668,104652.46957846117
B25119_003,2011,"Hampton city, Virginia",51650,Renter occupied (dollars),33358,1386,253.63816666666668,52560.217410655205
B25119_001,2011,"Harrisonburg city, Virginia",51660,All,37850,3693,253.63816666666668,59637.994753681254
B25119_002,2011,"Harrisonburg city, Virginia",51660,Owner occupied (dollars),62430,5024,253.63816666666668,98367.23943123702
B25119_003,2011,"Harrisonburg city, Virginia",51660,Renter occupied (dollars),26287,1464,253.63816666666668,41418.86309352759
B25119_001,2011,"Hopewell city, Virginia",51670,All,36477,1914,253.63816666666668,57474.640280846266
B25119_002,2011,"Hopewell city, Virginia",51670,Owner occupied (dollars),51159,4662,253.63816666666668,80608.194811191
B25119_003,2011,"Hopewell city, Virginia",51670,Renter occupied (dollars),28955,2734,253.63816666666668,45622.67207642908
B25119_001,2011,"Lexington city, Virginia",51678,All,33670,5545,253.63816666666668,53051.81726172914
B25119_002,2011,"Lexington city, Virginia",51678,Owner occupied (dollars),51371,10746,253.63816666666668,80942.23060743355
B25119_003,2011,"Lexington city, Virginia",51678,Renter occupied (dollars),18950,10721,253.63816666666668,29858.388390548476
B25119_001,2011,"Lynchburg city, Virginia",51680,All,37733,1631,253.63816666666668,59453.64480952853
B25119_002,2011,"Lynchburg city, Virginia",51680,Owner occupied (dollars),55278,2702,253.63816666666668,87098.25822969597
B25119_003,2011,"Lynchburg city, Virginia",51680,Renter occupied (dollars),23530,2031,253.63816666666668,37074.822101826154
B25119_001,2011,"Manassas city, Virginia",51683,All,73091,2867,253.63816666666668,115165.14331681155
B25119_002,2011,"Manassas city, Virginia",51683,Owner occupied (dollars),94037,4344,253.63816666666668,148168.51024179457
B25119_003,2011,"Manassas city, Virginia",51683,Renter occupied (dollars),43734,7317,253.63816666666668,68909.06373996027
B25119_001,2011,"Manassas Park city, Virginia",51685,All,70137,5740,253.63816666666668,110510.70113709227
B25119_002,2011,"Manassas Park city, Virginia",51685,Owner occupied (dollars),83523,11648,253.63816666666668,131602.2255168222
B25119_003,2011,"Manassas Park city, Virginia",51685,Renter occupied (dollars),53042,9057,253.63816666666668,83575.12596366608
B25119_001,2011,"Martinsville city, Virginia",51690,All,32440,2502,253.63816666666668,51113.77938730304
B25119_002,2011,"Martinsville city, Virginia",51690,Owner occupied (dollars),45787,4093,253.63816666666668,72143.85378564871
B25119_003,2011,"Martinsville city, Virginia",51690,Renter occupied (dollars),17326,3357,253.63816666666668,27299.548140086696
B25119_001,2011,"Newport News city, Virginia",51700,All,50942,1254,253.63816666666668,80266.28081220688
B25119_002,2011,"Newport News city, Virginia",51700,Owner occupied (dollars),68003,1879,253.63816666666668,107148.2842069904
B25119_003,2011,"Newport News city, Virginia",51700,Renter occupied (dollars),36211,1434,253.63816666666668,57055.519894994766
B25119_001,2011,"Norfolk city, Virginia",51710,All,43914,790,253.63816666666668,69192.67903865677
B25119_002,2011,"Norfolk city, Virginia",51710,Owner occupied (dollars),63773,1491,253.63816666666668,100483.32468762259
B25119_003,2011,"Norfolk city, Virginia",51710,Renter occupied (dollars),32018,708,253.63816666666668,50448.859075914574
B25119_001,2011,"Norton city, Virginia",51720,All,36944,13373,253.63816666666668,58210.464416908864
B25119_002,2011,"Norton city, Virginia",51720,Owner occupied (dollars),49904,12458,253.63816666666668,78630.76592305706
B25119_003,2011,"Norton city, Virginia",51720,Renter occupied (dollars),19366,15464,253.63816666666668,30513.85485864706
B25119_001,2011,"Petersburg city, Virginia",51730,All,36289,1982,253.63816666666668,57178.419857763256
B25119_002,2011,"Petersburg city, Virginia",51730,Owner occupied (dollars),47362,2612,253.63816666666668,74625.4876492431
B25119_003,2011,"Petersburg city, Virginia",51730,Renter occupied (dollars),27275,2417,253.63816666666668,42975.59595526173
B25119_001,2011,"Poquoson city, Virginia",51735,All,86611,10015,253.63816666666668,136467.80353001552
B25119_002,2011,"Poquoson city, Virginia",51735,Owner occupied (dollars),95840,6871,253.63816666666668,151009.39015040454
B25119_003,2011,"Poquoson city, Virginia",51735,Renter occupied (dollars),39875,16573,253.63816666666668,62828.666864016915
B25119_001,2011,"Portsmouth city, Virginia",51740,All,46340,1273,253.63816666666668,73015.1830088663
B25119_002,2011,"Portsmouth city, Virginia",51740,Owner occupied (dollars),59044,2448,253.63816666666668,93032.12053464614
B25119_003,2011,"Portsmouth city, Virginia",51740,Renter occupied (dollars),29548,2034,253.63816666666668,46557.02692157923
B25119_001,2011,"Radford city, Virginia",51750,All,29101,3920,253.63816666666668,45852.715596482914
B25119_002,2011,"Radford city, Virginia",51750,Owner occupied (dollars),60443,8686,253.63816666666668,95236.44166173729
B25119_003,2011,"Radford city, Virginia",51750,Renter occupied (dollars),16946,2241,253.63816666666668,26700.804731727414
B25119_001,2011,"Richmond city, Virginia",51760,All,39201,985,253.63816666666668,61766.68513445334
B25119_002,2011,"Richmond city, Virginia",51760,Owner occupied (dollars),63885,1619,253.63816666666668,100659.79642903374
B25119_003,2011,"Richmond city, Virginia",51760,Renter occupied (dollars),25823,933,253.63816666666668,40687.76587910994
B25119_001,2011,"Roanoke city, Virginia",51770,All,37753,1299,253.63816666666668,59485.15762049481
B25119_002,2011,"Roanoke city, Virginia",51770,Owner occupied (dollars),49681,1644,253.63816666666668,78279.39808078305
B25119_003,2011,"Roanoke city, Virginia",51770,Renter occupied (dollars),25154,1421,253.63816666666668,39633.66235228794
B25119_001,2011,"Salem city, Virginia",51775,All,48050,1817,253.63816666666668,75709.52834648307
B25119_002,2011,"Salem city, Virginia",51775,Owner occupied (dollars),56419,4255,253.63816666666668,88896.06409532213
B25119_003,2011,"Salem city, Virginia",51775,Renter occupied (dollars),34458,4157,253.63816666666668,54293.4220138005
B25119_001,2011,"Staunton city, Virginia",51790,All,42757,2498,253.63816666666668,67369.66292425759
B25119_002,2011,"Staunton city, Virginia",51790,Owner occupied (dollars),56027,2767,253.63816666666668,88278.41300038308
B25119_003,2011,"Staunton city, Virginia",51790,Renter occupied (dollars),24027,4243,253.63816666666668,37857.91545433817
B25119_001,2011,"Suffolk city, Virginia",51800,All,65351,2257,253.63816666666668,102969.68547286192
B25119_002,2011,"Suffolk city, Virginia",51800,Owner occupied (dollars),80954,2050,253.63816666666668,127554.40494820377
B25119_003,2011,"Suffolk city, Virginia",51800,Renter occupied (dollars),32227,3094,253.63816666666668,50778.16795051218
B25119_001,2011,"Virginia Beach city, Virginia",51810,All,65910,866,253.63816666666668,103850.4685393694
B25119_002,2011,"Virginia Beach city, Virginia",51810,Owner occupied (dollars),79602,1274,253.63816666666668,125424.13892688337
B25119_003,2011,"Virginia Beach city, Virginia",51810,Renter occupied (dollars),46514,1025,253.63816666666668,73289.34446427292
B25119_001,2011,"Waynesboro city, Virginia",51820,All,43605,2447,253.63816666666668,68705.80610922778
B25119_002,2011,"Waynesboro city, Virginia",51820,Owner occupied (dollars),56540,4208,253.63816666666668,89086.71660166811
B25119_003,2011,"Waynesboro city, Virginia",51820,Renter occupied (dollars),21364,3643,253.63816666666668,33661.98467417824
B25119_001,2011,"Williamsburg city, Virginia",51830,All,50742,5472,253.63816666666668,79951.1527025441
B25119_002,2011,"Williamsburg city, Virginia",51830,Owner occupied (dollars),71406,9292,253.63816666666668,112510.18899290261
B25119_003,2011,"Williamsburg city, Virginia",51830,Renter occupied (dollars),40842,3407,253.63816666666668,64352.31127423646
B25119_001,2011,"Winchester city, Virginia",51840,All,46065,3082,253.63816666666668,72581.88185807997
B25119_002,2011,"Winchester city, Virginia",51840,Owner occupied (dollars),68253,7199,253.63816666666668,107542.19434406888
B25119_003,2011,"Winchester city, Virginia",51840,Renter occupied (dollars),35295,5415,253.63816666666668,55612.23315273923
B25119_001,2012,"Accomack County, Virginia",51001,All,40780,2248,260.3668333333333,62594.08774824751
B25119_002,2012,"Accomack County, Virginia",51001,Owner occupied (dollars),44217,2924,260.3668333333333,67869.61201481757
B25119_003,2012,"Accomack County, Virginia",51001,Renter occupied (dollars),30481,5076,260.3668333333333,46785.934003294075
B25119_001,2012,"Albemarle County, Virginia",51003,All,67797,2442,260.3668333333333,104063.05461176892
B25119_002,2012,"Albemarle County, Virginia",51003,Owner occupied (dollars),89030,2571,260.3668333333333,136654.03708255212
B25119_003,2012,"Albemarle County, Virginia",51003,Renter occupied (dollars),41362,2233,260.3668333333333,63487.41190394835
B25119_001,2012,"Alleghany County, Virginia",51005,All,46133,3214,260.3668333333333,70810.52109097358
B25119_002,2012,"Alleghany County, Virginia",51005,Owner occupied (dollars),51853,2422,260.3668333333333,79590.27052500927
B25119_003,2012,"Alleghany County, Virginia",51005,Renter occupied (dollars),22255,8751,260.3668333333333,34159.671967563714
B25119_001,2012,"Amelia County, Virginia",51007,All,50596,5072,260.3668333333333,77660.87453924304
B25119_002,2012,"Amelia County, Virginia",51007,Owner occupied (dollars),55168,6029,260.3668333333333,84678.5344015527
B25119_003,2012,"Amelia County, Virginia",51007,Renter occupied (dollars),37039,7999,260.3668333333333,56851.9474278406
B25119_001,2012,"Amherst County, Virginia",51009,All,45020,2482,260.3668333333333,69102.15376228796
B25119_002,2012,"Amherst County, Virginia",51009,Owner occupied (dollars),51019,4010,260.3668333333333,78310.14621941737
B25119_003,2012,"Amherst County, Virginia",51009,Renter occupied (dollars),31661,6759,260.3668333333333,48597.14105437137
B25119_001,2012,"Appomattox County, Virginia",51011,All,50092,4828,260.3668333333333,76887.27423946088
B25119_002,2012,"Appomattox County, Virginia",51011,Owner occupied (dollars),58013,5204,260.3668333333333,89045.38530012465
B25119_003,2012,"Appomattox County, Virginia",51011,Renter occupied (dollars),21382,4600,260.3668333333333,32819.68573401246
B25119_001,2012,"Arlington County, Virginia",51013,All,102459,1899,260.3668333333333,157266.49427654958
B25119_002,2012,"Arlington County, Virginia",51013,Owner occupied (dollars),139192,2818,260.3668333333333,213648.75580809388
B25119_003,2012,"Arlington County, Virginia",51013,Renter occupied (dollars),79831,1978,260.3668333333333,122534.29669029787
B25119_001,2012,"Augusta County, Virginia",51015,All,50971,2225,260.3668333333333,78236.47000039049
B25119_002,2012,"Augusta County, Virginia",51015,Owner occupied (dollars),56286,2550,260.3668333333333,86394.57633638695
B25119_003,2012,"Augusta County, Virginia",51015,Renter occupied (dollars),31148,4563,260.3668333333333,47809.72646352166
B25119_001,2012,"Bath County, Virginia",51017,All,51528,4849,260.3668333333333,79091.42112534816
B25119_002,2012,"Bath County, Virginia",51017,Owner occupied (dollars),52721,4286,260.3668333333333,80922.5821524119
B25119_003,2012,"Bath County, Virginia",51017,Renter occupied (dollars),42500,21677,260.3668333333333,65234.15226337713
B25119_001,2012,"Bedford County, Virginia",51019,All,56906,2648,260.3668333333333,87346.22749881739
B25119_002,2012,"Bedford County, Virginia",51019,Owner occupied (dollars),64269,3073,260.3668333333333,98647.85251329375
B25119_003,2012,"Bedford County, Virginia",51019,Renter occupied (dollars),31294,2919,260.3668333333333,48033.824963061736
B25119_001,2012,"Bland County, Virginia",51021,All,42658,3237,260.3668333333333,65476.669817673916
B25119_002,2012,"Bland County, Virginia",51021,Owner occupied (dollars),45914,4372,260.3668333333333,70474.37334166346
B25119_003,2012,"Bland County, Virginia",51021,Renter occupied (dollars),25234,12117,260.3668333333333,38732.20231091902
B25119_001,2012,"Botetourt County, Virginia",51023,All,66053,2737,260.3668333333333,101386.15198712586
B25119_002,2012,"Botetourt County, Virginia",51023,Owner occupied (dollars),70973,3719,260.3668333333333,108937.96443738035
B25119_003,2012,"Botetourt County, Virginia",51023,Renter occupied (dollars),38980,5382,260.3668333333333,59831.229534739774
B25119_001,2012,"Brunswick County, Virginia",51025,All,33859,2737,260.3668333333333,51970.89791731026
B25119_002,2012,"Brunswick County, Virginia",51025,Owner occupied (dollars),43986,6664,260.3668333333333,67515.04521075074
B25119_003,2012,"Brunswick County, Virginia",51025,Renter occupied (dollars),18729,3569,260.3668333333333,28747.539711548005
B25119_001,2012,"Buchanan County, Virginia",51027,All,29821,2487,260.3668333333333,45772.88599167457
B25119_002,2012,"Buchanan County, Virginia",51027,Owner occupied (dollars),35159,3590,260.3668333333333,53966.29551595474
B25119_003,2012,"Buchanan County, Virginia",51027,Renter occupied (dollars),17486,3738,260.3668333333333,26839.632622997942
B25119_001,2012,"Buckingham County, Virginia",51029,All,37843,3950,260.3668333333333,58086.02409654072
B25119_002,2012,"Buckingham County, Virginia",51029,Owner occupied (dollars),40765,5057,260.3668333333333,62571.06392980162
B25119_003,2012,"Buckingham County, Virginia",51029,Renter occupied (dollars),31226,9149,260.3668333333333,47929.45031944034
B25119_001,2012,"Campbell County, Virginia",51031,All,45432,2467,260.3668333333333,69734.54130893528
B25119_002,2012,"Campbell County, Virginia",51031,Owner occupied (dollars),52524,2013,260.3668333333333,80620.20267015578
B25119_003,2012,"Campbell County, Virginia",51031,Renter occupied (dollars),24897,3944,260.3668333333333,38214.933856501186
B25119_001,2012,"Caroline County, Virginia",51033,All,58044,3515,260.3668333333333,89092.96785824616
B25119_002,2012,"Caroline County, Virginia",51033,Owner occupied (dollars),63552,3924,260.3668333333333,97547.31399157984
B25119_003,2012,"Caroline County, Virginia",51033,Renter occupied (dollars),40243,5866,260.3668333333333,61769.83504788437
B25119_001,2012,"Carroll County, Virginia",51035,All,33600,2648,260.3668333333333,51573.353318811096
B25119_002,2012,"Carroll County, Virginia",51035,Owner occupied (dollars),40872,4428,260.3668333333333,62735.30050138235
B25119_003,2012,"Carroll County, Virginia",51035,Renter occupied (dollars),20313,2730,260.3668333333333,31178.854939434816
B25119_001,2012,"Charles City County, Virginia",51036,All,48208,3235,260.3668333333333,73995.4826426561
B25119_002,2012,"Charles City County, Virginia",51036,Owner occupied (dollars),53995,5075,260.3668333333333,82878.07179908348
B25119_003,2012,"Charles City County, Virginia",51036,Renter occupied (dollars),34219,9183,260.3668333333333,52523.469560011814
B25119_001,2012,"Charlotte County, Virginia",51037,All,33562,3645,260.3668333333333,51515.026312081485
B25119_002,2012,"Charlotte County, Virginia",51037,Owner occupied (dollars),39281,4246,260.3668333333333,60293.240824887456
B25119_003,2012,"Charlotte County, Virginia",51037,Renter occupied (dollars),21648,2129,260.3668333333333,33227.97478111972
B25119_001,2012,"Chesterfield County, Virginia",51041,All,72363,1178,260.3668333333333,111071.50494670021
B25119_002,2012,"Chesterfield County, Virginia",51041,Owner occupied (dollars),83062,1740,260.3668333333333,127493.62718354426
B25119_003,2012,"Chesterfield County, Virginia",51041,Renter occupied (dollars),41841,1726,260.3668333333333,64222.63917298735
B25119_001,2012,"Clarke County, Virginia",51043,All,80186,9423,260.3668333333333,123079.19372685079
B25119_002,2012,"Clarke County, Virginia",51043,Owner occupied (dollars),90779,8473,260.3668333333333,139338.61431334383
B25119_003,2012,"Clarke County, Virginia",51043,Renter occupied (dollars),46975,9181,260.3668333333333,72102.9247664033
B25119_001,2012,"Craig County, Virginia",51045,All,47691,6536,260.3668333333333,73201.9283668875
B25119_002,2012,"Craig County, Virginia",51045,Owner occupied (dollars),48102,6602,260.3668333333333,73832.7809923051
B25119_003,2012,"Craig County, Virginia",51045,Renter occupied (dollars),41544,21067,260.3668333333333,63766.76756775857
B25119_001,2012,"Culpeper County, Virginia",51047,All,65567,3292,260.3668333333333,100640.18026947878
B25119_002,2012,"Culpeper County, Virginia",51047,Owner occupied (dollars),80905,4695,260.3668333333333,124182.80209102416
B25119_003,2012,"Culpeper County, Virginia",51047,Renter occupied (dollars),37266,3296,260.3668333333333,57200.37454698852
B25119_001,2012,"Cumberland County, Virginia",51049,All,43137,8878,260.3668333333333,66211.89708671292
B25119_002,2012,"Cumberland County, Virginia",51049,Owner occupied (dollars),45830,5669,260.3668333333333,70345.43995836645
B25119_003,2012,"Cumberland County, Virginia",51049,Renter occupied (dollars),29375,8904,260.3668333333333,45088.31112321655
B25119_001,2012,"Dickenson County, Virginia",51051,All,32622,1729,260.3668333333333,50072.20035613856
B25119_002,2012,"Dickenson County, Virginia",51051,Owner occupied (dollars),35805,2987,260.3668333333333,54957.85463035807
B25119_003,2012,"Dickenson County, Virginia",51051,Renter occupied (dollars),18415,4036,260.3668333333333,28265.574445413877
B25119_001,2012,"Dinwiddie County, Virginia",51053,All,51582,2271,260.3668333333333,79174.30687175339
B25119_002,2012,"Dinwiddie County, Virginia",51053,Owner occupied (dollars),60430,3540,260.3668333333333,92755.28991237364
B25119_003,2012,"Dinwiddie County, Virginia",51053,Renter occupied (dollars),38590,5571,260.3668333333333,59232.610255146436
B25119_001,2012,"Essex County, Virginia",51057,All,42446,4163,260.3668333333333,65151.2665169719
B25119_002,2012,"Essex County, Virginia",51057,Owner occupied (dollars),51021,3015,260.3668333333333,78313.21606187681
B25119_003,2012,"Essex County, Virginia",51057,Renter occupied (dollars),29426,3996,260.3668333333333,45166.5921059326
B25119_001,2012,"Fairfax County, Virginia",51059,All,109383,1136,260.3668333333333,167894.28887117602
B25119_002,2012,"Fairfax County, Virginia",51059,Owner occupied (dollars),134021,1158,260.3668333333333,205711.67812917804
B25119_003,2012,"Fairfax County, Virginia",51059,Renter occupied (dollars),68430,1371,260.3668333333333,105034.6597501858
B25119_001,2012,"Fauquier County, Virginia",51061,All,88687,3564,260.3668333333333,136127.55910075593
B25119_002,2012,"Fauquier County, Virginia",51061,Owner occupied (dollars),104315,4302,260.3668333333333,160115.308078922
B25119_003,2012,"Fauquier County, Virginia",51061,Renter occupied (dollars),46429,4276,260.3668333333333,71264.85777497262
B25119_001,2012,"Floyd County, Virginia",51063,All,44038,3428,260.3668333333333,67594.86111469651
B25119_002,2012,"Floyd County, Virginia",51063,Owner occupied (dollars),46426,6417,260.3668333333333,71260.25301128345
B25119_003,2012,"Floyd County, Virginia",51063,Renter occupied (dollars),40043,4506,260.3668333333333,61462.850801939065
B25119_001,2012,"Fluvanna County, Virginia",51065,All,71181,5405,260.3668333333333,109257.22805316348
B25119_002,2012,"Fluvanna County, Virginia",51065,Owner occupied (dollars),75721,2294,260.3668333333333,116225.77043612188
B25119_003,2012,"Fluvanna County, Virginia",51065,Renter occupied (dollars),38275,7472,260.3668333333333,58749.11006778258
B25119_001,2012,"Franklin County, Virginia",51067,All,45049,2108,260.3668333333333,69146.66647795003
B25119_002,2012,"Franklin County, Virginia",51067,Owner occupied (dollars),52002,2316,260.3668333333333,79818.97378823852
B25119_003,2012,"Franklin County, Virginia",51067,Renter occupied (dollars),26704,3745,260.3668333333333,40988.53651861701
B25119_001,2012,"Frederick County, Virginia",51069,All,67694,3541,260.3668333333333,103904.95772510709
B25119_002,2012,"Frederick County, Virginia",51069,Owner occupied (dollars),75841,2136,260.3668333333333,116409.96098368906
B25119_003,2012,"Frederick County, Virginia",51069,Renter occupied (dollars),42170,4363,260.3668333333333,64727.628257567376
B25119_001,2012,"Giles County, Virginia",51071,All,45231,3124,260.3668333333333,69426.02214176026
B25119_002,2012,"Giles County, Virginia",51071,Owner occupied (dollars),51293,2123,260.3668333333333,78730.71463636242
B25119_003,2012,"Giles County, Virginia",51071,Renter occupied (dollars),25417,3536,260.3668333333333,39013.09289595897
B25119_001,2012,"Gloucester County, Virginia",51073,All,60752,3483,260.3668333333333,93249.53454834559
B25119_002,2012,"Gloucester County, Virginia",51073,Owner occupied (dollars),68171,4345,260.3668333333333,104637.11515168664
B25119_003,2012,"Gloucester County, Virginia",51073,Renter occupied (dollars),34921,6372,260.3668333333333,53600.98426327983
B25119_001,2012,"Goochland County, Virginia",51075,All,82683,6260,260.3668333333333,126911.89203747791
B25119_002,2012,"Goochland County, Virginia",51075,Owner occupied (dollars),89123,3884,260.3668333333333,136796.7847569167
B25119_003,2012,"Goochland County, Virginia",51075,Renter occupied (dollars),45000,18012,260.3668333333333,69071.45533769343
B25119_001,2012,"Grayson County, Virginia",51077,All,31931,2865,260.3668333333333,49011.56978639753
B25119_002,2012,"Grayson County, Virginia",51077,Owner occupied (dollars),35951,3716,260.3668333333333,55181.953129898146
B25119_003,2012,"Grayson County, Virginia",51077,Renter occupied (dollars),20550,4414,260.3668333333333,31542.63127088
B25119_001,2012,"Greene County, Virginia",51079,All,58804,4905,260.3668333333333,90259.50799283832
B25119_002,2012,"Greene County, Virginia",51079,Owner occupied (dollars),68116,7611,260.3668333333333,104552.69448405168
B25119_003,2012,"Greene County, Virginia",51079,Renter occupied (dollars),36456,4853,260.3668333333333,55957.08835091004
B25119_001,2012,"Greensville County, Virginia",51081,All,38423,5181,260.3668333333333,58976.278409782106
B25119_002,2012,"Greensville County, Virginia",51081,Owner occupied (dollars),48036,5698,260.3668333333333,73731.47619114314
B25119_003,2012,"Greensville County, Virginia",51081,Renter occupied (dollars),21250,4785,260.3668333333333,32617.076131688566
B25119_001,2012,"Halifax County, Virginia",51083,All,35191,2498,260.3668333333333,54015.41299530599
B25119_002,2012,"Halifax County, Virginia",51083,Owner occupied (dollars),42736,2242,260.3668333333333,65596.39367359258
B25119_003,2012,"Halifax County, Virginia",51083,Renter occupied (dollars),19980,2872,260.3668333333333,30667.726169935882
B25119_001,2012,"Hanover County, Virginia",51085,All,76719,1950,260.3668333333333,117757.62182338894
B25119_002,2012,"Hanover County, Virginia",51085,Owner occupied (dollars),85815,2358,260.3668333333333,131719.26532898136
B25119_003,2012,"Hanover County, Virginia",51085,Renter occupied (dollars),39057,2371,260.3668333333333,59949.41846942872
B25119_001,2012,"Henrico County, Virginia",51087,All,61300,1045,260.3668333333333,94090.67138223571
B25119_002,2012,"Henrico County, Virginia",51087,Owner occupied (dollars),78258,1597,260.3668333333333,120119.86559593806
B25119_003,2012,"Henrico County, Virginia",51087,Renter occupied (dollars),39846,1214,260.3668333333333,61160.47131968294
B25119_001,2012,"Henry County, Virginia",51089,All,34373,1196,260.3668333333333,52759.847429389694
B25119_002,2012,"Henry County, Virginia",51089,Owner occupied (dollars),38723,1866,260.3668333333333,59436.75477870006
B25119_003,2012,"Henry County, Virginia",51089,Renter occupied (dollars),23059,3489,260.3668333333333,35393.74863626384
B25119_001,2012,"Highland County, Virginia",51091,All,50136,8446,260.3668333333333,76954.81077356884
B25119_002,2012,"Highland County, Virginia",51091,Owner occupied (dollars),51523,6475,260.3668333333333,79083.74651919953
B25119_003,2012,"Highland County, Virginia",51091,Renter occupied (dollars),38250,25073,260.3668333333333,58710.73703703941
B25119_001,2012,"Isle of Wight County, Virginia",51093,All,64491,2704,260.3668333333333,98988.60502629305
B25119_002,2012,"Isle of Wight County, Virginia",51093,Owner occupied (dollars),73522,3714,260.3668333333333,112850.47865195325
B25119_003,2012,"Isle of Wight County, Virginia",51093,Renter occupied (dollars),30403,5849,260.3668333333333,46666.21014737541
B25119_001,2012,"James City County, Virginia",51095,All,76767,2882,260.3668333333333,117831.29804241582
B25119_002,2012,"James City County, Virginia",51095,Owner occupied (dollars),86975,3871,260.3668333333333,133499.77395546413
B25119_003,2012,"James City County, Virginia",51095,Renter occupied (dollars),46250,5200,260.3668333333333,70990.10687485158
B25119_001,2012,"King and Queen County, Virginia",51097,All,49410,4105,260.3668333333333,75840.45796078739
B25119_002,2012,"King and Queen County, Virginia",51097,Owner occupied (dollars),50984,4728,260.3668333333333,78256.42397637693
B25119_003,2012,"King and Queen County, Virginia",51097,Renter occupied (dollars),46738,7337,260.3668333333333,71739.14843495813
B25119_001,2012,"King George County, Virginia",51099,All,82195,8030,260.3668333333333,126162.85047737136
B25119_002,2012,"King George County, Virginia",51099,Owner occupied (dollars),100121,7293,260.3668333333333,153677.84844144896
B25119_003,2012,"King George County, Virginia",51099,Renter occupied (dollars),52826,8878,260.3668333333333,81083.74888153317
B25119_001,2012,"King William County, Virginia",51101,All,63151,4716,260.3668333333333,96931.81057845951
B25119_002,2012,"King William County, Virginia",51101,Owner occupied (dollars),73555,8534,260.3668333333333,112901.13105253423
B25119_003,2012,"King William County, Virginia",51101,Renter occupied (dollars),32679,9040,260.3668333333333,50159.690866232966
B25119_001,2012,"Lancaster County, Virginia",51103,All,49516,5289,260.3668333333333,76003.1596111384
B25119_002,2012,"Lancaster County, Virginia",51103,Owner occupied (dollars),56980,4584,260.3668333333333,87459.81166981715
B25119_003,2012,"Lancaster County, Virginia",51103,Renter occupied (dollars),32636,12608,260.3668333333333,50093.68925335473
B25119_001,2012,"Lee County, Virginia",51105,All,31729,2394,260.3668333333333,48701.51569799278
B25119_002,2012,"Lee County, Virginia",51105,Owner occupied (dollars),39115,3265,260.3668333333333,60038.443900752856
B25119_003,2012,"Lee County, Virginia",51105,Renter occupied (dollars),17248,3111,260.3668333333333,26474.32137032303
B25119_001,2012,"Loudoun County, Virginia",51107,All,122068,1475,260.3668333333333,187364.76467025693
B25119_002,2012,"Loudoun County, Virginia",51107,Owner occupied (dollars),136730,1528,260.3668333333333,209869.77974050716
B25119_003,2012,"Loudoun County, Virginia",51107,Renter occupied (dollars),69111,2472,260.3668333333333,106079.94110762957
B25119_001,2012,"Louisa County, Virginia",51109,All,55765,3814,260.3668333333333,85594.88237569942
B25119_002,2012,"Louisa County, Virginia",51109,Owner occupied (dollars),61546,3620,260.3668333333333,94468.26200474844
B25119_003,2012,"Louisa County, Virginia",51109,Renter occupied (dollars),32227,8223,260.3668333333333,49465.906470396585
B25119_001,2012,"Lunenburg County, Virginia",51111,All,34455,4517,260.3668333333333,52885.71097022727
B25119_002,2012,"Lunenburg County, Virginia",51111,Owner occupied (dollars),41239,3576,260.3668333333333,63298.616592691986
B25119_003,2012,"Lunenburg County, Virginia",51111,Renter occupied (dollars),20803,2534,260.3668333333333,31930.96634200081
B25119_001,2012,"Madison County, Virginia",51113,All,54510,4811,260.3668333333333,83668.55623239264
B25119_002,2012,"Madison County, Virginia",51113,Owner occupied (dollars),57517,6320,260.3668333333333,88284.06437018029
B25119_003,2012,"Madison County, Virginia",51113,Renter occupied (dollars),46406,20127,260.3668333333333,71229.55458668892
B25119_001,2012,"Mathews County, Virginia",51115,All,55590,8643,260.3668333333333,85326.27116049729
B25119_002,2012,"Mathews County, Virginia",51115,Owner occupied (dollars),63425,8959,260.3668333333333,97352.37899540458
B25119_003,2012,"Mathews County, Virginia",51115,Renter occupied (dollars),25608,16118,260.3668333333333,39306.26285083674
B25119_001,2012,"Mecklenburg County, Virginia",51117,All,35399,2236,260.3668333333333,54334.676611089104
B25119_002,2012,"Mecklenburg County, Virginia",51117,Owner occupied (dollars),43847,2999,260.3668333333333,67301.69115981876
B25119_003,2012,"Mecklenburg County, Virginia",51117,Renter occupied (dollars),21374,1900,260.3668333333333,32807.406364174654
B25119_001,2012,"Middlesex County, Virginia",51119,All,55625,6318,260.3668333333333,85379.99340353771
B25119_002,2012,"Middlesex County, Virginia",51119,Owner occupied (dollars),66282,10292,260.3668333333333,101737.64894873324
B25119_003,2012,"Middlesex County, Virginia",51119,Renter occupied (dollars),33086,6364,260.3668333333333,50784.403806731665
B25119_001,2012,"Montgomery County, Virginia",51121,All,44166,1470,260.3668333333333,67791.33103210152
B25119_002,2012,"Montgomery County, Virginia",51121,Owner occupied (dollars),69921,2297,260.3668333333333,107323.22730370804
B25119_003,2012,"Montgomery County, Virginia",51121,Renter occupied (dollars),23059,2417,260.3668333333333,35393.74863626384
B25119_001,2012,"Nelson County, Virginia",51125,All,48888,5056,260.3668333333333,75039.22907887014
B25119_002,2012,"Nelson County, Virginia",51125,Owner occupied (dollars),57616,6296,260.3668333333333,88436.02157192322
B25119_003,2012,"Nelson County, Virginia",51125,Renter occupied (dollars),33478,13893,260.3668333333333,51386.092928784456
B25119_001,2012,"New Kent County, Virginia",51127,All,70978,3386,260.3668333333333,108945.63904352898
B25119_002,2012,"New Kent County, Virginia",51127,Owner occupied (dollars),72922,2987,260.3668333333333,111929.52591411734
B25119_003,2012,"New Kent County, Virginia",51127,Renter occupied (dollars),41844,11567,260.3668333333333,64227.24393667653
B25119_001,2012,"Northampton County, Virginia",51131,All,34304,5075,260.3668333333333,52653.937864538566
B25119_002,2012,"Northampton County, Virginia",51131,Owner occupied (dollars),41182,5568,260.3668333333333,63211.12608259758
B25119_003,2012,"Northampton County, Virginia",51131,Renter occupied (dollars),20945,3249,260.3668333333333,32148.925156621975
B25119_001,2012,"Northumberland County, Virginia",51133,All,51911,5817,260.3668333333333,79679.29595633342
B25119_002,2012,"Northumberland County, Virginia",51133,Owner occupied (dollars),58295,3508,260.3668333333333,89478.23308690752
B25119_003,2012,"Northumberland County, Virginia",51133,Renter occupied (dollars),30982,17041,260.3668333333333,47554.92953938706
B25119_001,2012,"Nottoway County, Virginia",51135,All,38209,3521,260.3668333333333,58647.80526662063
B25119_002,2012,"Nottoway County, Virginia",51135,Owner occupied (dollars),46908,7461,260.3668333333333,72000.08504401163
B25119_003,2012,"Nottoway County, Virginia",51135,Renter occupied (dollars),30206,6638,260.3668333333333,46363.83066511928
B25119_001,2012,"Orange County, Virginia",51137,All,59501,2922,260.3668333333333,91329.34808995771
B25119_002,2012,"Orange County, Virginia",51137,Owner occupied (dollars),65596,3160,260.3668333333333,100684.69298514085
B25119_003,2012,"Orange County, Virginia",51137,Renter occupied (dollars),36949,6178,260.3668333333333,56713.80451716521
B25119_001,2012,"Page County, Virginia",51139,All,43745,2944,260.3668333333333,67145.12919438665
B25119_002,2012,"Page County, Virginia",51139,Owner occupied (dollars),52239,3417,260.3668333333333,80182.75011968371
B25119_003,2012,"Page County, Virginia",51139,Renter occupied (dollars),28407,2569,260.3668333333333,43602.507372841275
B25119_001,2012,"Patrick County, Virginia",51141,All,35599,1922,260.3668333333333,54641.66085703441
B25119_002,2012,"Patrick County, Virginia",51141,Owner occupied (dollars),38048,2908,260.3668333333333,58400.68294863466
B25119_003,2012,"Patrick County, Virginia",51141,Renter occupied (dollars),22053,3814,260.3668333333333,33849.61787915896
B25119_001,2012,"Pittsylvania County, Virginia",51143,All,42229,1773,260.3668333333333,64818.188610121244
B25119_002,2012,"Pittsylvania County, Virginia",51143,Owner occupied (dollars),47227,1786,260.3668333333333,72489.72491629439
B25119_003,2012,"Pittsylvania County, Virginia",51143,Renter occupied (dollars),27036,2891,260.3668333333333,41498.13036688622
B25119_001,2012,"Powhatan County, Virginia",51145,All,76495,5362,260.3668333333333,117413.79946793019
B25119_002,2012,"Powhatan County, Virginia",51145,Owner occupied (dollars),83599,4828,260.3668333333333,128317.8798839074
B25119_003,2012,"Powhatan County, Virginia",51145,Renter occupied (dollars),41324,3679,260.3668333333333,63429.08489721874
B25119_001,2012,"Prince Edward County, Virginia",51147,All,36743,2230,260.3668333333333,56397.61074384155
B25119_002,2012,"Prince Edward County, Virginia",51147,Owner occupied (dollars),48142,5494,260.3668333333333,73894.17784149417
B25119_003,2012,"Prince Edward County, Virginia",51147,Renter occupied (dollars),23107,5180,260.3668333333333,35467.424855290716
B25119_001,2012,"Prince George County, Virginia",51149,All,63031,3048,260.3668333333333,96747.62003089233
B25119_002,2012,"Prince George County, Virginia",51149,Owner occupied (dollars),74426,4106,260.3668333333333,114238.04744362603
B25119_003,2012,"Prince George County, Virginia",51149,Renter occupied (dollars),47094,2883,260.3668333333333,72285.58039274077
B25119_001,2012,"Prince William County, Virginia",51153,All,96160,1534,260.3668333333333,147598.02545050223
B25119_002,2012,"Prince William County, Virginia",51153,Owner occupied (dollars),114199,1984,260.3668333333333,175286.46951353893
B25119_003,2012,"Prince William County, Virginia",51153,Renter occupied (dollars),58810,1754,260.3668333333333,90268.71752021668
B25119_001,2012,"Pulaski County, Virginia",51155,All,43072,2104,260.3668333333333,66112.1272067807
B25119_002,2012,"Pulaski County, Virginia",51155,Owner occupied (dollars),52699,2076,260.3668333333333,80888.81388535791
B25119_003,2012,"Pulaski County, Virginia",51155,Renter occupied (dollars),23318,2959,260.3668333333333,35791.29323476301
B25119_001,2012,"Rappahannock County, Virginia",51157,All,57837,4386,260.3668333333333,88775.23916369278
B25119_002,2012,"Rappahannock County, Virginia",51157,Owner occupied (dollars),67578,9696,260.3668333333333,103726.90686245881
B25119_003,2012,"Rappahannock County, Virginia",51157,Renter occupied (dollars),44474,7871,260.3668333333333,68264.08677085728
B25119_001,2012,"Richmond County, Virginia",51159,All,48958,8662,260.3668333333333,75146.673564951
B25119_002,2012,"Richmond County, Virginia",51159,Owner occupied (dollars),55500,8920,260.3668333333333,85188.1282498219
B25119_003,2012,"Richmond County, Virginia",51159,Renter occupied (dollars),33125,14843,260.3668333333333,50844.265734691
B25119_001,2012,"Roanoke County, Virginia",51161,All,61686,2057,260.3668333333333,94683.15097691015
B25119_002,2012,"Roanoke County, Virginia",51161,Owner occupied (dollars),71684,1870,260.3668333333333,110029.29343171591
B25119_003,2012,"Roanoke County, Virginia",51161,Renter occupied (dollars),37634,3964,260.3668333333333,57765.22555952788
B25119_001,2012,"Rockbridge County, Virginia",51163,All,45859,3637,260.3668333333333,70389.95267402851
B25119_002,2012,"Rockbridge County, Virginia",51163,Owner occupied (dollars),52100,2449,260.3668333333333,79969.39606875172
B25119_003,2012,"Rockbridge County, Virginia",51163,Renter occupied (dollars),29645,4848,260.3668333333333,45502.739855242704
B25119_001,2012,"Rockingham County, Virginia",51165,All,51721,1233,260.3668333333333,79387.66092268538
B25119_002,2012,"Rockingham County, Virginia",51165,Owner occupied (dollars),58421,1947,260.3668333333333,89671.63316185307
B25119_003,2012,"Rockingham County, Virginia",51165,Renter occupied (dollars),34583,2867,260.3668333333333,53082.18088763226
B25119_001,2012,"Russell County, Virginia",51167,All,32637,2029,260.3668333333333,50095.22417458446
B25119_002,2012,"Russell County, Virginia",51167,Owner occupied (dollars),37961,3041,260.3668333333333,58267.14480164845
B25119_003,2012,"Russell County, Virginia",51167,Renter occupied (dollars),15123,1946,260.3668333333333,23212.613757154173
B25119_001,2012,"Scott County, Virginia",51169,All,37544,2137,260.3668333333333,57627.08264885249
B25119_002,2012,"Scott County, Virginia",51169,Owner occupied (dollars),41408,3451,260.3668333333333,63558.01828051577
B25119_003,2012,"Scott County, Virginia",51169,Renter occupied (dollars),17674,4949,260.3668333333333,27128.197814186526
B25119_001,2012,"Shenandoah County, Virginia",51171,All,49953,2126,260.3668333333333,76673.9201885289
B25119_002,2012,"Shenandoah County, Virginia",51171,Owner occupied (dollars),61044,2736,260.3668333333333,93697.73154742573
B25119_003,2012,"Shenandoah County, Virginia",51171,Renter occupied (dollars),27693,3145,260.3668333333333,42506.57361481654
B25119_001,2012,"Smyth County, Virginia",51173,All,34394,2674,260.3668333333333,52792.08077521395
B25119_002,2012,"Smyth County, Virginia",51173,Owner occupied (dollars),41757,2729,260.3668333333333,64093.70578969032
B25119_003,2012,"Smyth County, Virginia",51173,Renter occupied (dollars),23500,3492,260.3668333333333,36070.648898573236
B25119_001,2012,"Southampton County, Virginia",51175,All,46703,3966,260.3668333333333,71685.4261919177
B25119_002,2012,"Southampton County, Virginia",51175,Owner occupied (dollars),56500,2407,260.3668333333333,86723.04947954841
B25119_003,2012,"Southampton County, Virginia",51175,Renter occupied (dollars),28043,3968,260.3668333333333,43043.79604522082
B25119_001,2012,"Spotsylvania County, Virginia",51177,All,79402,1946,260.3668333333333,121875.8154827452
B25119_002,2012,"Spotsylvania County, Virginia",51177,Owner occupied (dollars),90283,2029,260.3668333333333,138577.29338339946
B25119_003,2012,"Spotsylvania County, Virginia",51177,Renter occupied (dollars),48470,3845,260.3668333333333,74397.63200484446
B25119_001,2012,"Stafford County, Virginia",51179,All,96355,2747,260.3668333333333,147897.3350902989
B25119_002,2012,"Stafford County, Virginia",51179,Owner occupied (dollars),108879,3096,260.3668333333333,167120.68857139384
B25119_003,2012,"Stafford County, Virginia",51179,Renter occupied (dollars),54142,3496,260.3668333333333,83103.70521985328
B25119_001,2012,"Surry County, Virginia",51181,All,52955,11540,260.3668333333333,81281.75372016791
B25119_002,2012,"Surry County, Virginia",51181,Owner occupied (dollars),63107,7821,260.3668333333333,96864.27404435154
B25119_003,2012,"Surry County, Virginia",51181,Renter occupied (dollars),29408,10041,260.3668333333333,45138.96352379752
B25119_001,2012,"Sussex County, Virginia",51183,All,39603,3233,260.3668333333333,60787.485460859396
B25119_002,2012,"Sussex County, Virginia",51183,Owner occupied (dollars),48849,6955,260.3668333333333,74979.36715091081
B25119_003,2012,"Sussex County, Virginia",51183,Renter occupied (dollars),29885,4417,260.3668333333333,45871.12095037707
B25119_001,2012,"Tazewell County, Virginia",51185,All,36080,2130,260.3668333333333,55379.957968532864
B25119_002,2012,"Tazewell County, Virginia",51185,Owner occupied (dollars),43841,3044,260.3668333333333,67292.4816324404
B25119_003,2012,"Tazewell County, Virginia",51185,Renter occupied (dollars),21240,2808,260.3668333333333,32601.726919391298
B25119_001,2012,"Warren County, Virginia",51187,All,61693,3505,260.3668333333333,94693.89542551825
B25119_002,2012,"Warren County, Virginia",51187,Owner occupied (dollars),73087,4907,260.3668333333333,112182.78791702221
B25119_003,2012,"Warren County, Virginia",51187,Renter occupied (dollars),35316,4633,260.3668333333333,54207.278149021804
B25119_001,2012,"Washington County, Virginia",51191,All,42844,2119,260.3668333333333,65762.16516640305
B25119_002,2012,"Washington County, Virginia",51191,Owner occupied (dollars),50270,1737,260.3668333333333,77160.49021835219
B25119_003,2012,"Washington County, Virginia",51191,Renter occupied (dollars),30221,2587,260.3668333333333,46386.854483565185
B25119_001,2012,"Westmoreland County, Virginia",51193,All,48672,3396,260.3668333333333,74707.68609324921
B25119_002,2012,"Westmoreland County, Virginia",51193,Owner occupied (dollars),54249,2081,260.3668333333333,83267.94179143402
B25119_003,2012,"Westmoreland County, Virginia",51193,Renter occupied (dollars),31389,8124,260.3668333333333,48179.642479885755
B25119_001,2012,"Wise County, Virginia",51195,All,35120,1709,260.3668333333333,53906.43358799541
B25119_002,2012,"Wise County, Virginia",51195,Owner occupied (dollars),44219,3607,260.3668333333333,67872.68185727701
B25119_003,2012,"Wise County, Virginia",51195,Renter occupied (dollars),17019,1908,260.3668333333333,26122.824408715656
B25119_001,2012,"Wythe County, Virginia",51197,All,40564,3258,260.3668333333333,62262.54476262658
B25119_002,2012,"Wythe County, Virginia",51197,Owner occupied (dollars),47325,3370,260.3668333333333,72640.1471968076
B25119_003,2012,"Wythe County, Virginia",51197,Renter occupied (dollars),24129,2925,260.3668333333333,37036.114352071214
B25119_001,2012,"York County, Virginia",51199,All,82454,3220,260.3668333333333,126560.39507587053
B25119_002,2012,"York County, Virginia",51199,Owner occupied (dollars),97338,3229,260.3668333333333,149406.16265912008
B25119_003,2012,"York County, Virginia",51199,Renter occupied (dollars),49570,3015,260.3668333333333,76086.04535754363
B25119_001,2012,"Alexandria city, Virginia",51510,All,83996,3031,260.3668333333333,128927.24361210882
B25119_002,2012,"Alexandria city, Virginia",51510,Owner occupied (dollars),128328,3582,260.3668333333333,196973.37156834494
B25119_003,2012,"Alexandria city, Virginia",51510,Renter occupied (dollars),62814,1856,260.3668333333333,96414.54212404168
B25119_001,2012,"Bedford city, Virginia",51515,All,35863,6672,260.3668333333333,55046.88006168221
B25119_002,2012,"Bedford city, Virginia",51515,Owner occupied (dollars),53175,11604,260.3668333333333,81619.43639070773
B25119_003,2012,"Bedford city, Virginia",51515,Renter occupied (dollars),13910,5209,260.3668333333333,21350.754305495902
B25119_001,2012,"Bristol city, Virginia",51520,All,30636,2558,260.3668333333333,47023.846793901685
B25119_002,2012,"Bristol city, Virginia",51520,Owner occupied (dollars),40280,3262,260.3668333333333,61826.62713338425
B25119_003,2012,"Bristol city, Virginia",51520,Renter occupied (dollars),20962,2761,260.3668333333333,32175.018817527325
B25119_001,2012,"Buena Vista city, Virginia",51530,All,35921,5514,260.3668333333333,55135.90549300635
B25119_002,2012,"Buena Vista city, Virginia",51530,Owner occupied (dollars),40035,6986,260.3668333333333,61450.57143210126
B25119_003,2012,"Buena Vista city, Virginia",51530,Renter occupied (dollars),23470,6875,260.3668333333333,36024.60126168144
B25119_001,2012,"Charlottesville city, Virginia",51540,All,44535,2325,260.3668333333333,68357.7169658706
B25119_002,2012,"Charlottesville city, Virginia",51540,Owner occupied (dollars),71267,5532,260.3668333333333,109389.23127891995
B25119_003,2012,"Charlottesville city, Virginia",51540,Renter occupied (dollars),29597,2972,260.3668333333333,45429.06363621583
B25119_001,2012,"Chesapeake city, Virginia",51550,All,70244,1613,260.3668333333333,107819.00686090972
B25119_002,2012,"Chesapeake city, Virginia",51550,Owner occupied (dollars),82585,2185,260.3668333333333,126761.46975696471
B25119_003,2012,"Chesapeake city, Virginia",51550,Renter occupied (dollars),40206,1575,260.3668333333333,61713.04296238449
B25119_001,2012,"Colonial Heights city, Virginia",51570,All,51612,4012,260.3668333333333,79220.35450864519
B25119_002,2012,"Colonial Heights city, Virginia",51570,Owner occupied (dollars),65157,2908,260.3668333333333,100010.86256529091
B25119_003,2012,"Colonial Heights city, Virginia",51570,Renter occupied (dollars),40233,7872,260.3668333333333,61754.485835587104
B25119_001,2012,"Covington city, Virginia",51580,All,36067,4113,260.3668333333333,55360.00399254642
B25119_002,2012,"Covington city, Virginia",51580,Owner occupied (dollars),43143,6174,260.3668333333333,66221.10661409129
B25119_003,2012,"Covington city, Virginia",51580,Renter occupied (dollars),22500,14727,260.3668333333333,34535.72766884672
B25119_001,2012,"Danville city, Virginia",51590,All,30505,1733,260.3668333333333,46822.772112807514
B25119_002,2012,"Danville city, Virginia",51590,Owner occupied (dollars),43009,1835,260.3668333333333,66015.42716930792
B25119_003,2012,"Danville city, Virginia",51590,Renter occupied (dollars),18403,1632,260.3668333333333,28247.15539065716
B25119_001,2012,"Emporia city, Virginia",51595,All,29093,4734,260.3668333333333,44655.46333643367
B25119_002,2012,"Emporia city, Virginia",51595,Owner occupied (dollars),40789,5560,260.3668333333333,62607.90203931505
B25119_003,2012,"Emporia city, Virginia",51595,Renter occupied (dollars),23201,4385,260.3668333333333,35611.707450885006
B25119_001,2012,"Fairfax city, Virginia",51600,All,98563,9325,260.3668333333333,151286.44116553507
B25119_002,2012,"Fairfax city, Virginia",51600,Owner occupied (dollars),121738,7522,260.3668333333333,186858.24066444716
B25119_003,2012,"Fairfax city, Virginia",51600,Renter occupied (dollars),58707,7171,260.3668333333333,90110.62063355485
B25119_001,2012,"Falls Church city, Virginia",51610,All,122844,9445,260.3668333333333,188555.8635445247
B25119_002,2012,"Falls Church city, Virginia",51610,Owner occupied (dollars),152375,10705,260.3668333333333,233883.6223795786
B25119_003,2012,"Falls Church city, Virginia",51610,Renter occupied (dollars),76563,11042,260.3668333333333,117518.1741115516
B25119_001,2012,"Franklin city, Virginia",51620,All,33447,4742,260.3668333333333,51338.51037066294
B25119_002,2012,"Franklin city, Virginia",51620,Owner occupied (dollars),65670,8806,260.3668333333333,100798.27715614061
B25119_003,2012,"Franklin city, Virginia",51620,Renter occupied (dollars),23051,3708,260.3668333333333,35381.46926642603
B25119_001,2012,"Fredericksburg city, Virginia",51630,All,45951,3086,260.3668333333333,70531.16542716335
B25119_002,2012,"Fredericksburg city, Virginia",51630,Owner occupied (dollars),87781,8524,260.3668333333333,134736.9204666237
B25119_003,2012,"Fredericksburg city, Virginia",51630,Renter occupied (dollars),34645,5082,260.3668333333333,53177.34600387531
B25119_001,2012,"Galax city, Virginia",51640,All,24059,5060,260.3668333333333,36928.66986599036
B25119_002,2012,"Galax city, Virginia",51640,Owner occupied (dollars),30563,6831,260.3668333333333,46911.79754413165
B25119_003,2012,"Galax city, Virginia",51640,Renter occupied (dollars),16786,3424,260.3668333333333,25765.187762189376
B25119_001,2012,"Hampton city, Virginia",51650,All,51584,1226,260.3668333333333,79177.37671421285
B25119_002,2012,"Hampton city, Virginia",51650,Owner occupied (dollars),68219,1903,260.3668333333333,104710.79137071352
B25119_003,2012,"Hampton city, Virginia",51650,Renter occupied (dollars),32480,1606,260.3668333333333,49854.24154151739
B25119_001,2012,"Harrisonburg city, Virginia",51660,All,36853,3049,260.3668333333333,56566.45207911146
B25119_002,2012,"Harrisonburg city, Virginia",51660,Owner occupied (dollars),64628,4542,260.3668333333333,99198.88923476558
B25119_003,2012,"Harrisonburg city, Virginia",51660,Renter occupied (dollars),25555,1494,260.3668333333333,39224.91202566124
B25119_001,2012,"Hopewell city, Virginia",51670,All,37029,2506,260.3668333333333,56836.59821554334
B25119_002,2012,"Hopewell city, Virginia",51670,Owner occupied (dollars),53073,3396,260.3668333333333,81462.87442527563
B25119_003,2012,"Hopewell city, Virginia",51670,Renter occupied (dollars),27529,4024,260.3668333333333,42254.84653314139
B25119_001,2012,"Lexington city, Virginia",51678,All,36511,11708,260.3668333333333,56041.509018544995
B25119_002,2012,"Lexington city, Virginia",51678,Owner occupied (dollars),54773,16219,260.3668333333333,84072.24051581071
B25119_003,2012,"Lexington city, Virginia",51678,Renter occupied (dollars),17978,11945,260.3668333333333,27594.81386802339
B25119_001,2012,"Lynchburg city, Virginia",51680,All,37774,1893,260.3668333333333,57980.11453168959
B25119_002,2012,"Lynchburg city, Virginia",51680,Owner occupied (dollars),56493,2991,260.3668333333333,86712.30503094033
B25119_003,2012,"Lynchburg city, Virginia",51680,Renter occupied (dollars),23519,2035,260.3668333333333,36099.81240193804
B25119_001,2012,"Manassas city, Virginia",51683,All,70634,2643,260.3668333333333,108417.62614050307
B25119_002,2012,"Manassas city, Virginia",51683,Owner occupied (dollars),89599,6324,260.3668333333333,137527.40726226653
B25119_003,2012,"Manassas city, Virginia",51683,Renter occupied (dollars),46075,7262,260.3668333333333,70721.49565964944
B25119_001,2012,"Manassas Park city, Virginia",51685,All,71810,6899,260.3668333333333,110222.69350666145
B25119_002,2012,"Manassas Park city, Virginia",51685,Owner occupied (dollars),79662,15187,260.3668333333333,122274.89500247409
B25119_003,2012,"Manassas Park city, Virginia",51685,Renter occupied (dollars),56319,9334,260.3668333333333,86445.22873696791
B25119_001,2012,"Martinsville city, Virginia",51690,All,28840,4352,260.3668333333333,44267.12826531286
B25119_002,2012,"Martinsville city, Virginia",51690,Owner occupied (dollars),41599,3058,260.3668333333333,63851.188235393536
B25119_003,2012,"Martinsville city, Virginia",51690,Renter occupied (dollars),16519,2199,260.3668333333333,25355.363793852393
B25119_001,2012,"Newport News city, Virginia",51700,All,50744,1171,260.3668333333333,77888.04288124257
B25119_002,2012,"Newport News city, Virginia",51700,Owner occupied (dollars),68824,1389,260.3668333333333,105639.41871469805
B25119_003,2012,"Newport News city, Virginia",51700,Renter occupied (dollars),35796,1507,260.3668333333333,54944.040339290535
B25119_001,2012,"Norfolk city, Virginia",51710,All,44164,721,260.3668333333333,67788.26118964206
B25119_002,2012,"Norfolk city, Virginia",51710,Owner occupied (dollars),64534,1785,260.3668333333333,99054.60663917128
B25119_003,2012,"Norfolk city, Virginia",51710,Renter occupied (dollars),31683,881,260.3668333333333,48630.90932142535
B25119_001,2012,"Norton city, Virginia",51720,All,38983,11026,260.3668333333333,59835.834298428956
B25119_002,2012,"Norton city, Virginia",51720,Owner occupied (dollars),57000,9896,260.3668333333333,87490.51009441169
B25119_003,2012,"Norton city, Virginia",51720,Renter occupied (dollars),25625,15347,260.3668333333333,39332.356511742095
B25119_001,2012,"Petersburg city, Virginia",51730,All,35126,2334,260.3668333333333,53915.643115373765
B25119_002,2012,"Petersburg city, Virginia",51730,Owner occupied (dollars),48072,2457,260.3668333333333,73786.73335541331
B25119_003,2012,"Petersburg city, Virginia",51730,Renter occupied (dollars),24153,2247,260.3668333333333,37072.95246158465
B25119_001,2012,"Poquoson city, Virginia",51735,All,85033,7865,260.3668333333333,130518.95692733524
B25119_002,2012,"Poquoson city, Virginia",51735,Owner occupied (dollars),91635,5898,260.3668333333333,140652.50688598971
B25119_003,2012,"Poquoson city, Virginia",51735,Renter occupied (dollars),45089,16722,260.3668333333333,69208.0633271391
B25119_001,2012,"Portsmouth city, Virginia",51740,All,46269,1409,260.3668333333333,71019.27037821639
B25119_002,2012,"Portsmouth city, Virginia",51740,Owner occupied (dollars),60249,2016,260.3668333333333,92477.46916979314
B25119_003,2012,"Portsmouth city, Virginia",51740,Renter occupied (dollars),30160,1665,260.3668333333333,46293.224288551864
B25119_001,2012,"Radford city, Virginia",51750,All,29757,4525,260.3668333333333,45674.65103297208
B25119_002,2012,"Radford city, Virginia",51750,Owner occupied (dollars),49370,3824,260.3668333333333,75779.06111159832
B25119_003,2012,"Radford city, Virginia",51750,Renter occupied (dollars),17879,2129,260.3668333333333,27442.856666280462
B25119_001,2012,"Richmond city, Virginia",51760,All,39445,967,260.3668333333333,60544.96790656261
B25119_002,2012,"Richmond city, Virginia",51760,Owner occupied (dollars),63767,2401,260.3668333333333,97877.32205597105
B25119_003,2012,"Richmond city, Virginia",51760,Renter occupied (dollars),26371,944,260.3668333333333,40477.40774911808
B25119_001,2012,"Roanoke city, Virginia",51770,All,38265,1413,260.3668333333333,58733.760855485314
B25119_002,2012,"Roanoke city, Virginia",51770,Owner occupied (dollars),50818,1493,260.3668333333333,78001.62705224233
B25119_003,2012,"Roanoke city, Virginia",51770,Renter occupied (dollars),25842,1775,260.3668333333333,39665.43441859275
B25119_001,2012,"Salem city, Virginia",51775,All,47776,2570,260.3668333333333,73332.39667141426
B25119_002,2012,"Salem city, Virginia",51775,Owner occupied (dollars),56397,5834,260.3668333333333,86564.95259288659
B25119_003,2012,"Salem city, Virginia",51775,Renter occupied (dollars),34017,3149,260.3668333333333,52213.415471607055
B25119_001,2012,"Staunton city, Virginia",51790,All,42918,2978,260.3668333333333,65875.74933740281
B25119_002,2012,"Staunton city, Virginia",51790,Owner occupied (dollars),59977,6900,260.3668333333333,92059.97059530753
B25119_003,2012,"Staunton city, Virginia",51790,Renter occupied (dollars),24967,3401,260.3668333333333,38322.378342582044
B25119_001,2012,"Suffolk city, Virginia",51800,All,66479,2445,260.3668333333333,102040.02843098936
B25119_002,2012,"Suffolk city, Virginia",51800,Owner occupied (dollars),81837,2900,260.3668333333333,125613.34867712927
B25119_003,2012,"Suffolk city, Virginia",51800,Renter occupied (dollars),32437,3187,260.3668333333333,49788.23992863915
B25119_001,2012,"Virginia Beach city, Virginia",51810,All,65980,1136,260.3668333333333,101274.10273735583
B25119_002,2012,"Virginia Beach city, Virginia",51810,Owner occupied (dollars),80661,1507,260.3668333333333,123808.28131097088
B25119_003,2012,"Virginia Beach city, Virginia",51810,Renter occupied (dollars),46961,1343,260.3668333333333,72081.43586918713
B25119_001,2012,"Waynesboro city, Virginia",51820,All,43884,2441,260.3668333333333,67358.48324531864
B25119_002,2012,"Waynesboro city, Virginia",51820,Owner occupied (dollars),58426,4215,260.3668333333333,89679.3077680017
B25119_003,2012,"Waynesboro city, Virginia",51820,Renter occupied (dollars),25560,4632,260.3668333333333,39232.58663180987
B25119_001,2012,"Williamsburg city, Virginia",51830,All,50865,4811,260.3668333333333,78073.76835003948
B25119_002,2012,"Williamsburg city, Virginia",51830,Owner occupied (dollars),71354,9278,260.3668333333333,109522.76942590615
B25119_003,2012,"Williamsburg city, Virginia",51830,Renter occupied (dollars),43022,2994,260.3668333333333,66035.38114529438
B25119_001,2012,"Winchester city, Virginia",51840,All,45959,3343,260.3668333333333,70543.44479700117
B25119_002,2012,"Winchester city, Virginia",51840,Owner occupied (dollars),68620,5455,260.3668333333333,105326.29478383384
B25119_003,2012,"Winchester city, Virginia",51840,Renter occupied (dollars),31856,2185,260.3668333333333,48896.450694168045
B25119_001,2013,"Accomack County, Virginia",51001,All,39328,3034,267.7245833333333,58706.388447979036
B25119_002,2013,"Accomack County, Virginia",51001,Owner occupied (dollars),43147,2843,267.7245833333333,64407.153741989205
B25119_003,2013,"Accomack County, Virginia",51001,Renter occupied (dollars),27494,4832,267.7245833333333,41041.33045130024
B25119_001,2013,"Albemarle County, Virginia",51003,All,67725,2567,267.7245833333333,101095.66104656683
B25119_002,2013,"Albemarle County, Virginia",51003,Owner occupied (dollars),88005,2894,267.7245833333333,131368.38169661298
B25119_003,2013,"Albemarle County, Virginia",51003,Renter occupied (dollars),41966,2335,267.7245833333333,62644.23051281246
B25119_001,2013,"Alleghany County, Virginia",51005,All,44848,2336,267.7245833333333,66946.30057757739
B25119_002,2013,"Alleghany County, Virginia",51005,Owner occupied (dollars),51258,2453,267.7245833333333,76514.74926430303
B25119_003,2013,"Alleghany County, Virginia",51005,Renter occupied (dollars),24107,5843,267.7245833333333,35985.42784569342
B25119_001,2013,"Amelia County, Virginia",51007,All,52885,4718,267.7245833333333,78943.43350974805
B25119_002,2013,"Amelia County, Virginia",51007,Owner occupied (dollars),58668,3677,267.7245833333333,87575.93565566605
B25119_003,2013,"Amelia County, Virginia",51007,Renter occupied (dollars),35417,11080,267.7245833333333,52868.29128514223
B25119_001,2013,"Amherst County, Virginia",51009,All,44945,3149,267.7245833333333,67091.09613492723
B25119_002,2013,"Amherst County, Virginia",51009,Owner occupied (dollars),52050,3806,267.7245833333333,77696.99752637584
B25119_003,2013,"Amherst County, Virginia",51009,Renter occupied (dollars),31472,3737,267.7245833333333,46979.441040347745
B25119_001,2013,"Appomattox County, Virginia",51011,All,50167,3948,267.7245833333333,74886.17242854364
B25119_002,2013,"Appomattox County, Virginia",51011,Owner occupied (dollars),56715,4795,267.7245833333333,84660.61891850924
B25119_003,2013,"Appomattox County, Virginia",51011,Renter occupied (dollars),18155,6237,267.7245833333333,27100.653027691707
B25119_001,2013,"Arlington County, Virginia",51013,All,103208,2096,267.7245833333333,154062.4730202151
B25119_002,2013,"Arlington County, Virginia",51013,Owner occupied (dollars),142746,3806,267.7245833333333,213082.33638616803
B25119_003,2013,"Arlington County, Virginia",51013,Renter occupied (dollars),81603,2170,267.7245833333333,121811.87491152444
B25119_001,2013,"Augusta County, Virginia",51015,All,52027,2204,267.7245833333333,77662.66455916918
B25119_002,2013,"Augusta County, Virginia",51015,Owner occupied (dollars),56446,1743,267.7245833333333,84259.07247596177
B25119_003,2013,"Augusta County, Virginia",51015,Renter occupied (dollars),32899,4203,267.7245833333333,49109.577744865295
B25119_001,2013,"Bath County, Virginia",51017,All,51365,6510,267.7245833333333,76674.47219869922
B25119_002,2013,"Bath County, Virginia",51017,Owner occupied (dollars),53067,5540,267.7245833333333,79215.11177199206
B25119_003,2013,"Bath County, Virginia",51017,Renter occupied (dollars),41472,14374,267.7245833333333,61906.818086721585
B25119_001,2013,"Bedford County, Virginia",51019,All,57596,2027,267.7245833333333,85975.72083629477
B25119_002,2013,"Bedford County, Virginia",51019,Owner occupied (dollars),63569,2435,267.7245833333333,94891.84314609386
B25119_003,2013,"Bedford County, Virginia",51019,Renter occupied (dollars),33672,4733,267.7245833333333,50263.46399054999
B25119_001,2013,"Bland County, Virginia",51021,All,42139,3626,267.7245833333333,62902.47413571472
B25119_002,2013,"Bland County, Virginia",51021,Owner occupied (dollars),45028,3022,267.7245833333333,67214.99336441212
B25119_003,2013,"Bland County, Virginia",51021,Renter occupied (dollars),18309,8278,267.7245833333333,27330.534634205862
B25119_001,2013,"Botetourt County, Virginia",51023,All,65935,3632,267.7245833333333,98423.66055526592
B25119_002,2013,"Botetourt County, Virginia",51023,Owner occupied (dollars),71204,3857,267.7245833333333,106288.89552100029
B25119_003,2013,"Botetourt County, Virginia",51023,Renter occupied (dollars),40534,5019,267.7245833333333,60506.630119771726
B25119_001,2013,"Brunswick County, Virginia",51025,All,36293,2482,267.7245833333333,54175.929514404575
B25119_002,2013,"Brunswick County, Virginia",51025,Owner occupied (dollars),45534,7318,267.7245833333333,67970.31864295863
B25119_003,2013,"Brunswick County, Virginia",51025,Renter occupied (dollars),18457,3910,267.7245833333333,27551.459814492195
B25119_001,2013,"Buchanan County, Virginia",51027,All,29848,2537,267.7245833333333,44555.235008016636
B25119_002,2013,"Buchanan County, Virginia",51027,Owner occupied (dollars),35487,3243,267.7245833333333,52972.78292446685
B25119_003,2013,"Buchanan County, Virginia",51027,Renter occupied (dollars),16826,1379,267.7245833333333,25116.804618228623
B25119_001,2013,"Buckingham County, Virginia",51029,All,38648,2875,267.7245833333333,57691.326808825615
B25119_002,2013,"Buckingham County, Virginia",51029,Owner occupied (dollars),42922,5248,267.7245833333333,64071.2877584458
B25119_003,2013,"Buckingham County, Virginia",51029,Renter occupied (dollars),29866,7471,267.7245833333333,44582.10428670011
B25119_001,2013,"Campbell County, Virginia",51031,All,47162,2374,267.7245833333333,70400.4956261083
B25119_002,2013,"Campbell County, Virginia",51031,Owner occupied (dollars),54426,2396,267.7245833333333,81243.74231259426
B25119_003,2013,"Campbell County, Virginia",51031,Renter occupied (dollars),27005,3116,267.7245833333333,40311.38171373255
B25119_001,2013,"Caroline County, Virginia",51033,All,57218,4588,267.7245833333333,85411.46598394183
B25119_002,2013,"Caroline County, Virginia",51033,Owner occupied (dollars),64255,4300,267.7245833333333,95915.8612114751
B25119_003,2013,"Caroline County, Virginia",51033,Renter occupied (dollars),42284,4110,267.7245833333333,63118.92110288714
B25119_001,2013,"Carroll County, Virginia",51035,All,32853,2192,267.7245833333333,49040.91181045197
B25119_002,2013,"Carroll County, Virginia",51035,Owner occupied (dollars),40274,3817,267.7245833333333,60118.518316566006
B25119_003,2013,"Carroll County, Virginia",51035,Renter occupied (dollars),21659,2454,267.7245833333333,32331.2059447411
B25119_001,2013,"Charles City County, Virginia",51036,All,48428,2018,267.7245833333333,72290.30156017923
B25119_002,2013,"Charles City County, Virginia",51036,Owner occupied (dollars),52838,5346,267.7245833333333,78873.27483763009
B25119_003,2013,"Charles City County, Virginia",51036,Renter occupied (dollars),37250,10958,267.7245833333333,55604.479497742555
B25119_001,2013,"Charlotte County, Virginia",51037,All,33015,3482,267.7245833333333,49282.735318603234
B25119_002,2013,"Charlotte County, Virginia",51037,Owner occupied (dollars),40221,4612,267.7245833333333,60039.40321822022
B25119_003,2013,"Charlotte County, Virginia",51037,Renter occupied (dollars),22171,3420,267.7245833333333,33095.48764951544
B25119_001,2013,"Chesterfield County, Virginia",51041,All,72088,1012,267.7245833333333,107608.47565189973
B25119_002,2013,"Chesterfield County, Virginia",51041,Owner occupied (dollars),82685,1591,267.7245833333333,123427.0171079421
B25119_003,2013,"Chesterfield County, Virginia",51041,Renter occupied (dollars),42265,1728,267.7245833333333,63090.55908649904
B25119_001,2013,"Clarke County, Virginia",51043,All,77597,6142,267.7245833333333,115831.96766674708
B25119_002,2013,"Clarke County, Virginia",51043,Owner occupied (dollars),90021,9800,267.7245833333333,134377.74090916195
B25119_003,2013,"Clarke County, Virginia",51043,Renter occupied (dollars),45202,9457,267.7245833333333,67474.72972501903
B25119_001,2013,"Craig County, Virginia",51045,All,47806,7364,267.7245833333333,71361.81870789478
B25119_002,2013,"Craig County, Virginia",51045,Owner occupied (dollars),51007,7569,267.7245833333333,76140.07210043905
B25119_003,2013,"Craig County, Virginia",51045,Renter occupied (dollars),34279,16923,267.7245833333333,51169.55577726488
B25119_001,2013,"Culpeper County, Virginia",51047,All,64423,4002,267.7245833333333,96166.64114585418
B25119_002,2013,"Culpeper County, Virginia",51047,Owner occupied (dollars),77367,4240,267.7245833333333,115488.63799468048
B25119_003,2013,"Culpeper County, Virginia",51047,Renter occupied (dollars),39010,2976,267.7245833333333,58231.69785790435
B25119_001,2013,"Cumberland County, Virginia",51049,All,40557,7133,267.7245833333333,60540.96308697838
B25119_002,2013,"Cumberland County, Virginia",51049,Owner occupied (dollars),44416,5940,267.7245833333333,66301.43788917405
B25119_003,2013,"Cumberland County, Virginia",51049,Renter occupied (dollars),28704,4524,267.7245833333333,42847.54307391147
B25119_001,2013,"Dickenson County, Virginia",51051,All,33318,2122,267.7245833333333,49735.03484310836
B25119_002,2013,"Dickenson County, Virginia",51051,Owner occupied (dollars),38442,3523,267.7245833333333,57383.82284167031
B25119_003,2013,"Dickenson County, Virginia",51051,Renter occupied (dollars),15800,2569,267.7245833333333,23585.255733270667
B25119_001,2013,"Dinwiddie County, Virginia",51053,All,52027,2185,267.7245833333333,77662.66455916918
B25119_002,2013,"Dinwiddie County, Virginia",51053,Owner occupied (dollars),58335,3316,267.7245833333333,87078.85400002179
B25119_003,2013,"Dinwiddie County, Virginia",51053,Renter occupied (dollars),40567,3286,267.7245833333333,60555.89046402476
B25119_001,2013,"Essex County, Virginia",51057,All,44885,4502,267.7245833333333,67001.53187264898
B25119_002,2013,"Essex County, Virginia",51057,Owner occupied (dollars),51927,3316,267.7245833333333,77513.39078870544
B25119_003,2013,"Essex County, Virginia",51057,Renter occupied (dollars),32212,5340,267.7245833333333,48084.06694177941
B25119_001,2013,"Fairfax County, Virginia",51059,All,110292,933,267.7245833333333,164637.02691986636
B25119_002,2013,"Fairfax County, Virginia",51059,Owner occupied (dollars),135256,1225,267.7245833333333,201901.730978434
B25119_003,2013,"Fairfax County, Virginia",51059,Renter occupied (dollars),70994,1296,267.7245833333333,105975.42060302643
B25119_001,2013,"Fauquier County, Virginia",51061,All,88409,3809,267.7245833333333,131971.44772928648
B25119_002,2013,"Fauquier County, Virginia",51061,Owner occupied (dollars),103139,3674,267.7245833333333,153959.47411859516
B25119_003,2013,"Fauquier County, Virginia",51061,Renter occupied (dollars),46663,3714,267.7245833333333,69655.61951149425
B25119_001,2013,"Floyd County, Virginia",51063,All,44618,3719,267.7245833333333,66602.9709055108
B25119_002,2013,"Floyd County, Virginia",51063,Owner occupied (dollars),46535,4204,267.7245833333333,69464.54908530066
B25119_003,2013,"Floyd County, Virginia",51063,Renter occupied (dollars),40667,4130,267.7245833333333,60705.1642344885
B25119_001,2013,"Fluvanna County, Virginia",51065,All,68288,3968,267.7245833333333,101936.07237427768
B25119_002,2013,"Fluvanna County, Virginia",51065,Owner occupied (dollars),74186,5844,267.7245833333333,110740.23935622897
B25119_003,2013,"Fluvanna County, Virginia",51065,Renter occupied (dollars),44886,15984,267.7245833333333,67003.02461035362
B25119_001,2013,"Franklin County, Virginia",51067,All,45624,1929,267.7245833333333,68104.66503637601
B25119_002,2013,"Franklin County, Virginia",51067,Owner occupied (dollars),53455,2367,267.7245833333333,79794.29400139136
B25119_003,2013,"Franklin County, Virginia",51067,Renter occupied (dollars),26556,3374,267.7245833333333,39641.14248435037
B25119_001,2013,"Frederick County, Virginia",51069,All,68424,2800,267.7245833333333,102139.08470210836
B25119_002,2013,"Frederick County, Virginia",51069,Owner occupied (dollars),76915,2414,267.7245833333333,114813.92055218438
B25119_003,2013,"Frederick County, Virginia",51069,Renter occupied (dollars),43937,4606,267.7245833333333,65586.41652865274
B25119_001,2013,"Giles County, Virginia",51071,All,45141,2777,267.7245833333333,67383.67272503614
B25119_002,2013,"Giles County, Virginia",51071,Owner occupied (dollars),51264,1983,267.7245833333333,76523.70569053086
B25119_003,2013,"Giles County, Virginia",51071,Renter occupied (dollars),26975,4248,267.7245833333333,40266.59958259343
B25119_001,2013,"Gloucester County, Virginia",51073,All,60519,2722,267.7245833333333,90338.99314694984
B25119_002,2013,"Gloucester County, Virginia",51073,Owner occupied (dollars),68576,4899,267.7245833333333,102365.98083321324
B25119_003,2013,"Gloucester County, Virginia",51073,Renter occupied (dollars),34620,5272,267.7245833333333,51678.57933454623
B25119_001,2013,"Goochland County, Virginia",51075,All,80976,5829,267.7245833333333,120875.9283707168
B25119_002,2013,"Goochland County, Virginia",51075,Owner occupied (dollars),86383,7666,267.7245833333333,128947.16113969115
B25119_003,2013,"Goochland County, Virginia",51075,Renter occupied (dollars),38423,8055,267.7245833333333,57355.46082528221
B25119_001,2013,"Grayson County, Virginia",51077,All,30710,3106,267.7245833333333,45841.974909414064
B25119_002,2013,"Grayson County, Virginia",51077,Owner occupied (dollars),35411,3002,267.7245833333333,52859.3348589144
B25119_003,2013,"Grayson County, Virginia",51077,Renter occupied (dollars),20811,2911,267.7245833333333,31065.364371208598
B25119_001,2013,"Greene County, Virginia",51079,All,59358,3928,267.7245833333333,88605.92467186584
B25119_002,2013,"Greene County, Virginia",51079,Owner occupied (dollars),68250,6773,267.7245833333333,101879.34834150146
B25119_003,2013,"Greene County, Virginia",51079,Renter occupied (dollars),35786,5063,267.7245833333333,53419.11149815343
B25119_001,2013,"Greensville County, Virginia",51081,All,39697,3664,267.7245833333333,59257.20866099023
B25119_002,2013,"Greensville County, Virginia",51081,Owner occupied (dollars),46038,8392,267.7245833333333,68722.65844609588
B25119_003,2013,"Greensville County, Virginia",51081,Renter occupied (dollars),23245,8092,267.7245833333333,34698.68794429599
B25119_001,2013,"Halifax County, Virginia",51083,All,34659,2268,267.7245833333333,51736.79610502709
B25119_002,2013,"Halifax County, Virginia",51083,Owner occupied (dollars),43149,2585,267.7245833333333,64410.13921739848
B25119_003,2013,"Halifax County, Virginia",51083,Renter occupied (dollars),20218,2584,267.7245833333333,30180.17091235863
B25119_001,2013,"Hanover County, Virginia",51085,All,75070,1936,267.7245833333333,112059.81948712842
B25119_002,2013,"Hanover County, Virginia",51085,Owner occupied (dollars),84787,2695,267.7245833333333,126564.75176308988
B25119_003,2013,"Hanover County, Virginia",51085,Renter occupied (dollars),39190,2270,267.7245833333333,58500.39064473908
B25119_001,2013,"Henrico County, Virginia",51087,All,61048,1013,267.7245833333333,91128.65139270302
B25119_002,2013,"Henrico County, Virginia",51087,Owner occupied (dollars),78227,1737,267.7245833333333,116772.39242066864
B25119_003,2013,"Henrico County, Virginia",51087,Renter occupied (dollars),39849,1386,267.7245833333333,59484.10479209512
B25119_001,2013,"Henry County, Virginia",51089,All,34984,1207,267.7245833333333,52221.93585903424
B25119_002,2013,"Henry County, Virginia",51089,Owner occupied (dollars),40157,1760,267.7245833333333,59943.868005123426
B25119_003,2013,"Henry County, Virginia",51089,Renter occupied (dollars),25540,2007,267.7245833333333,38124.520976438784
B25119_001,2013,"Highland County, Virginia",51091,All,49625,7714,267.7245833333333,74077.10859263017
B25119_002,2013,"Highland County, Virginia",51091,Owner occupied (dollars),51736,6438,267.7245833333333,77228.2778871197
B25119_003,2013,"Highland County, Virginia",51091,Renter occupied (dollars),27105,22651,267.7245833333333,40460.65548419629
B25119_001,2013,"Isle of Wight County, Virginia",51093,All,63942,1998,267.7245833333333,95448.63430992361
B25119_002,2013,"Isle of Wight County, Virginia",51093,Owner occupied (dollars),72565,3729,267.7245833333333,108320.51153701177
B25119_003,2013,"Isle of Wight County, Virginia",51093,Renter occupied (dollars),30795,6608,267.7245833333333,45968.85761430824
B25119_001,2013,"James City County, Virginia",51095,All,76960,2165,267.7245833333333,114881.09374889306
B25119_002,2013,"James City County, Virginia",51095,Owner occupied (dollars),87420,3410,267.7245833333333,130495.1301394001
B25119_003,2013,"James City County, Virginia",51095,Renter occupied (dollars),45561,4274,267.7245833333333,68010.62256098386
B25119_001,2013,"King and Queen County, Virginia",51097,All,48372,3388,267.7245833333333,72206.70824871954
B25119_002,2013,"King and Queen County, Virginia",51097,Owner occupied (dollars),49671,5897,267.7245833333333,74145.7745270435
B25119_003,2013,"King and Queen County, Virginia",51097,Renter occupied (dollars),43750,7686,267.7245833333333,65307.274577885546
B25119_001,2013,"King George County, Virginia",51099,All,81753,3879,267.7245833333333,122035.78556722005
B25119_002,2013,"King George County, Virginia",51099,Owner occupied (dollars),96477,10181,267.7245833333333,144014.8555303009
B25119_003,2013,"King George County, Virginia",51099,Renter occupied (dollars),53553,10108,267.7245833333333,79940.58229644582
B25119_001,2013,"King William County, Virginia",51101,All,62670,3400,267.7245833333333,93549.87194962485
B25119_002,2013,"King William County, Virginia",51101,Owner occupied (dollars),67344,8399,267.7245833333333,100526.92798109999
B25119_003,2013,"King William County, Virginia",51101,Renter occupied (dollars),33665,3159,267.7245833333333,50253.01482661753
B25119_001,2013,"Lancaster County, Virginia",51103,All,49248,5110,267.7245833333333,73514.34647798189
B25119_002,2013,"Lancaster County, Virginia",51103,Owner occupied (dollars),56417,3481,267.7245833333333,84215.7830825273
B25119_003,2013,"Lancaster County, Virginia",51103,Renter occupied (dollars),29167,11613,267.7245833333333,43538.680631158575
B25119_001,2013,"Lee County, Virginia",51105,All,31308,1776,267.7245833333333,46734.63205678722
B25119_002,2013,"Lee County, Virginia",51105,Owner occupied (dollars),38559,2429,267.7245833333333,57558.473153112885
B25119_003,2013,"Lee County, Virginia",51105,Renter occupied (dollars),17181,2592,267.7245833333333,25646.726503374895
B25119_001,2013,"Loudoun County, Virginia",51107,All,122238,1652,267.7245833333333,182469.27153946453
B25119_002,2013,"Loudoun County, Virginia",51107,Owner occupied (dollars),137347,2032,267.7245833333333,205023.04551883077
B25119_003,2013,"Loudoun County, Virginia",51107,Renter occupied (dollars),70762,2488,267.7245833333333,105629.10545555057
B25119_001,2013,"Louisa County, Virginia",51109,All,54518,4024,267.7245833333333,81381.0741814209
B25119_002,2013,"Louisa County, Virginia",51109,Owner occupied (dollars),61455,5925,267.7245833333333,91736.19563849043
B25119_003,2013,"Louisa County, Virginia",51109,Renter occupied (dollars),33922,7011,267.7245833333333,50636.64841670934
B25119_001,2013,"Lunenburg County, Virginia",51111,All,35237,3721,267.7245833333333,52599.598498307496
B25119_002,2013,"Lunenburg County, Virginia",51111,Owner occupied (dollars),41643,2866,267.7245833333333,62162.07623421458
B25119_003,2013,"Lunenburg County, Virginia",51111,Renter occupied (dollars),21096,3304,267.7245833333333,31490.794617030253
B25119_001,2013,"Madison County, Virginia",51113,All,53459,3128,267.7245833333333,79800.26495220991
B25119_002,2013,"Madison County, Virginia",51113,Owner occupied (dollars),58700,4857,267.7245833333333,87623.70326221443
B25119_003,2013,"Madison County, Virginia",51113,Renter occupied (dollars),31678,4695,267.7245833333333,47286.94500750305
B25119_001,2013,"Mathews County, Virginia",51115,All,55192,10862,267.7245833333333,82387.1793943465
B25119_002,2013,"Mathews County, Virginia",51115,Owner occupied (dollars),65634,9741,267.7245833333333,97974.34650617006
B25119_003,2013,"Mathews County, Virginia",51115,Renter occupied (dollars),26375,8549,267.7245833333333,39370.956959811
B25119_001,2013,"Mecklenburg County, Virginia",51117,All,36261,2387,267.7245833333333,54128.16190785618
B25119_002,2013,"Mecklenburg County, Virginia",51117,Owner occupied (dollars),43765,2478,267.7245833333333,65329.66564345511
B25119_003,2013,"Mecklenburg County, Virginia",51117,Renter occupied (dollars),22488,3334,267.7245833333333,33568.68550188549
B25119_001,2013,"Middlesex County, Virginia",51119,All,53309,4393,267.7245833333333,79576.3542965143
B25119_002,2013,"Middlesex County, Virginia",51119,Owner occupied (dollars),61062,8374,267.7245833333333,91149.54972056794
B25119_003,2013,"Middlesex County, Virginia",51119,Renter occupied (dollars),26190,9470,267.7245833333333,39094.80048445309
B25119_001,2013,"Montgomery County, Virginia",51121,All,45543,1756,267.7245833333333,67983.75328230039
B25119_002,2013,"Montgomery County, Virginia",51121,Owner occupied (dollars),71591,2522,267.7245833333333,106866.58501269495
B25119_003,2013,"Montgomery County, Virginia",51121,Renter occupied (dollars),22738,2099,267.7245833333333,33941.869928044835
B25119_001,2013,"Nelson County, Virginia",51125,All,48789,3464,267.7245833333333,72829.17987155332
B25119_002,2013,"Nelson County, Virginia",51125,Owner occupied (dollars),57736,7545,267.7245833333333,86184.704114944
B25119_003,2013,"Nelson County, Virginia",51125,Renter occupied (dollars),33281,9724,267.7245833333333,49679.803548036776
B25119_001,2013,"New Kent County, Virginia",51127,All,70618,4365,267.7245833333333,105414.15122608279
B25119_002,2013,"New Kent County, Virginia",51127,Owner occupied (dollars),73469,3790,267.7245833333333,109669.94642200397
B25119_003,2013,"New Kent County, Virginia",51127,Renter occupied (dollars),51607,14010,267.7245833333333,77035.71472322148
B25119_001,2013,"Northampton County, Virginia",51131,All,33635,4481,267.7245833333333,50208.23269547841
B25119_002,2013,"Northampton County, Virginia",51131,Owner occupied (dollars),42420,7539,267.7245833333333,63321.93343071783
B25119_003,2013,"Northampton County, Virginia",51131,Renter occupied (dollars),20000,5791,267.7245833333333,29854.75409274768
B25119_001,2013,"Northumberland County, Virginia",51133,All,51342,4369,267.7245833333333,76640.13923149256
B25119_002,2013,"Northumberland County, Virginia",51133,Owner occupied (dollars),57990,4680,267.7245833333333,86563.8594919219
B25119_003,2013,"Northumberland County, Virginia",51133,Renter occupied (dollars),29567,6613,267.7245833333333,44135.77571301353
B25119_001,2013,"Nottoway County, Virginia",51135,All,36607,2571,267.7245833333333,54644.649153660714
B25119_002,2013,"Nottoway County, Virginia",51135,Owner occupied (dollars),46921,8333,267.7245833333333,70040.7458392907
B25119_003,2013,"Nottoway County, Virginia",51135,Renter occupied (dollars),26543,4017,267.7245833333333,39621.736894190086
B25119_001,2013,"Orange County, Virginia",51137,All,60287,2908,267.7245833333333,89992.67799947396
B25119_002,2013,"Orange County, Virginia",51137,Owner occupied (dollars),68727,2742,267.7245833333333,102591.38422661349
B25119_003,2013,"Orange County, Virginia",51137,Renter occupied (dollars),30996,3512,267.7245833333333,46268.89789294035
B25119_001,2013,"Page County, Virginia",51139,All,42906,2147,267.7245833333333,64047.4039551716
B25119_002,2013,"Page County, Virginia",51139,Owner occupied (dollars),51006,3772,267.7245833333333,76138.57936273441
B25119_003,2013,"Page County, Virginia",51139,Renter occupied (dollars),30140,3446,267.7245833333333,44991.114417770754
B25119_001,2013,"Patrick County, Virginia",51141,All,34864,2345,267.7245833333333,52042.80733447776
B25119_002,2013,"Patrick County, Virginia",51141,Owner occupied (dollars),38367,2937,267.7245833333333,57271.86751382251
B25119_003,2013,"Patrick County, Virginia",51141,Renter occupied (dollars),22715,3966,267.7245833333333,33907.53696083818
B25119_001,2013,"Pittsylvania County, Virginia",51143,All,42143,1383,267.7245833333333,62908.44508653328
B25119_002,2013,"Pittsylvania County, Virginia",51143,Owner occupied (dollars),46918,2235,267.7245833333333,70036.26762617678
B25119_003,2013,"Pittsylvania County, Virginia",51143,Renter occupied (dollars),26070,1746,267.7245833333333,38915.6719598966
B25119_001,2013,"Powhatan County, Virginia",51145,All,76548,5576,267.7245833333333,114266.08581458247
B25119_002,2013,"Powhatan County, Virginia",51145,Owner occupied (dollars),83170,4460,267.7245833333333,124150.99489469122
B25119_003,2013,"Powhatan County, Virginia",51145,Renter occupied (dollars),40625,5302,267.7245833333333,60642.46925089372
B25119_001,2013,"Prince Edward County, Virginia",51147,All,37436,3383,267.7245833333333,55882.128710805104
B25119_002,2013,"Prince Edward County, Virginia",51147,Owner occupied (dollars),49483,5340,267.7245833333333,73865.13983857167
B25119_003,2013,"Prince Edward County, Virginia",51147,Renter occupied (dollars),22932,3467,267.7245833333333,34231.461042744486
B25119_001,2013,"Prince George County, Virginia",51149,All,63074,5194,267.7245833333333,94152.93798229836
B25119_002,2013,"Prince George County, Virginia",51149,Owner occupied (dollars),75229,3430,267.7245833333333,112297.16478216575
B25119_003,2013,"Prince George County, Virginia",51149,Renter occupied (dollars),48515,3029,267.7245833333333,72420.16974048268
B25119_001,2013,"Prince William County, Virginia",51153,All,98071,1668,267.7245833333333,146394.27943149288
B25119_002,2013,"Prince William County, Virginia",51153,Owner occupied (dollars),118101,1685,267.7245833333333,176293.81565537967
B25119_003,2013,"Prince William County, Virginia",51153,Renter occupied (dollars),59296,2065,267.7245833333333,88513.37493417833
B25119_001,2013,"Pulaski County, Virginia",51155,All,44312,2021,267.7245833333333,66146.19316789176
B25119_002,2013,"Pulaski County, Virginia",51155,Owner occupied (dollars),53507,2325,267.7245833333333,79871.9163620325
B25119_003,2013,"Pulaski County, Virginia",51155,Renter occupied (dollars),25124,3140,267.7245833333333,37503.54209130964
B25119_001,2013,"Rappahannock County, Virginia",51157,All,56438,6082,267.7245833333333,84247.13057432468
B25119_002,2013,"Rappahannock County, Virginia",51157,Owner occupied (dollars),64730,8038,267.7245833333333,96624.91162117786
B25119_003,2013,"Rappahannock County, Virginia",51157,Renter occupied (dollars),44357,6944,267.7245833333333,66213.36636460044
B25119_001,2013,"Richmond County, Virginia",51159,All,47083,6346,267.7245833333333,70282.56934744195
B25119_002,2013,"Richmond County, Virginia",51159,Owner occupied (dollars),54333,11120,267.7245833333333,81104.91770606299
B25119_003,2013,"Richmond County, Virginia",51159,Renter occupied (dollars),29234,10886,267.7245833333333,43638.694057369285
B25119_001,2013,"Roanoke County, Virginia",51161,All,60795,1898,267.7245833333333,90750.98875342976
B25119_002,2013,"Roanoke County, Virginia",51161,Owner occupied (dollars),70909,2492,267.7245833333333,105848.53789813226
B25119_003,2013,"Roanoke County, Virginia",51161,Renter occupied (dollars),35184,4902,267.7245833333333,52520.48339996172
B25119_001,2013,"Rockbridge County, Virginia",51163,All,48313,3448,267.7245833333333,72118.63672414594
B25119_002,2013,"Rockbridge County, Virginia",51163,Owner occupied (dollars),54895,4052,267.7245833333333,81943.83629606919
B25119_003,2013,"Rockbridge County, Virginia",51163,Renter occupied (dollars),30281,4246,267.7245833333333,45201.59043412463
B25119_001,2013,"Rockingham County, Virginia",51165,All,52195,1698,267.7245833333333,77913.44449354826
B25119_002,2013,"Rockingham County, Virginia",51165,Owner occupied (dollars),59388,2088,267.7245833333333,88650.70680300496
B25119_003,2013,"Rockingham County, Virginia",51165,Renter occupied (dollars),34417,2848,267.7245833333333,51375.55358050484
B25119_001,2013,"Russell County, Virginia",51167,All,33872,2120,267.7245833333333,50562.01153147747
B25119_002,2013,"Russell County, Virginia",51167,Owner occupied (dollars),38583,2974,267.7245833333333,57594.29885802419
B25119_003,2013,"Russell County, Virginia",51167,Renter occupied (dollars),15788,3400,267.7245833333333,23567.342880815017
B25119_001,2013,"Scott County, Virginia",51169,All,38355,2238,267.7245833333333,57253.954661366864
B25119_002,2013,"Scott County, Virginia",51169,Owner occupied (dollars),43236,1798,267.7245833333333,64540.007397701935
B25119_003,2013,"Scott County, Virginia",51169,Renter occupied (dollars),18069,3418,267.7245833333333,26972.277585092892
B25119_001,2013,"Shenandoah County, Virginia",51171,All,49625,2770,267.7245833333333,74077.10859263017
B25119_002,2013,"Shenandoah County, Virginia",51171,Owner occupied (dollars),60642,2899,267.7245833333333,90522.59988462024
B25119_003,2013,"Shenandoah County, Virginia",51171,Renter occupied (dollars),30291,3341,267.7245833333333,45216.517811171
B25119_001,2013,"Smyth County, Virginia",51173,All,37239,2192,267.7245833333333,55588.059382991545
B25119_002,2013,"Smyth County, Virginia",51173,Owner occupied (dollars),44134,1840,267.7245833333333,65880.4858564663
B25119_003,2013,"Smyth County, Virginia",51173,Renter occupied (dollars),23533,2232,267.7245833333333,35128.59640323156
B25119_001,2013,"Southampton County, Virginia",51175,All,46150,3633,267.7245833333333,68889.84506901527
B25119_002,2013,"Southampton County, Virginia",51175,Owner occupied (dollars),58386,2865,267.7245833333333,87154.9836229583
B25119_003,2013,"Southampton County, Virginia",51175,Renter occupied (dollars),29060,3800,267.7245833333333,43378.95769676238
B25119_001,2013,"Spotsylvania County, Virginia",51177,All,78345,2456,267.7245833333333,116948.53546981585
B25119_002,2013,"Spotsylvania County, Virginia",51177,Owner occupied (dollars),90321,2789,267.7245833333333,134825.56222055317
B25119_003,2013,"Spotsylvania County, Virginia",51177,Renter occupied (dollars),48844,3342,267.7245833333333,72911.28044530838
B25119_001,2013,"Stafford County, Virginia",51179,All,97110,2291,267.7245833333333,144959.75849733636
B25119_002,2013,"Stafford County, Virginia",51179,Owner occupied (dollars),110644,3121,267.7245833333333,165162.47059189872
B25119_003,2013,"Stafford County, Virginia",51179,Renter occupied (dollars),56471,2666,267.7245833333333,84296.39091857772
B25119_001,2013,"Surry County, Virginia",51181,All,47292,7922,267.7245833333333,70594.55152771117
B25119_002,2013,"Surry County, Virginia",51181,Owner occupied (dollars),54202,6266,267.7245833333333,80909.36906675549
B25119_003,2013,"Surry County, Virginia",51181,Renter occupied (dollars),29464,11461,267.7245833333333,43982.02372943588
B25119_001,2013,"Sussex County, Virginia",51183,All,39635,3529,267.7245833333333,59164.65892330271
B25119_002,2013,"Sussex County, Virginia",51183,Owner occupied (dollars),49104,5731,267.7245833333333,73299.39224851411
B25119_003,2013,"Sussex County, Virginia",51183,Renter occupied (dollars),29068,3438,267.7245833333333,43390.899598399476
B25119_001,2013,"Tazewell County, Virginia",51185,All,35693,2281,267.7245833333333,53280.28689162215
B25119_002,2013,"Tazewell County, Virginia",51185,Owner occupied (dollars),42547,2907,267.7245833333333,63511.51111920678
B25119_003,2013,"Tazewell County, Virginia",51185,Renter occupied (dollars),20654,2185,267.7245833333333,30831.00455158053
B25119_001,2013,"Warren County, Virginia",51187,All,61610,3321,267.7245833333333,91967.56998270923
B25119_002,2013,"Warren County, Virginia",51187,Owner occupied (dollars),73604,4337,267.7245833333333,109871.46601213001
B25119_003,2013,"Warren County, Virginia",51187,Renter occupied (dollars),35689,6467,267.7245833333333,53274.31594080359
B25119_001,2013,"Washington County, Virginia",51191,All,41897,2436,267.7245833333333,62541.231611192474
B25119_002,2013,"Washington County, Virginia",51191,Owner occupied (dollars),49864,1910,267.7245833333333,74433.87290403851
B25119_003,2013,"Washington County, Virginia",51191,Renter occupied (dollars),29254,2712,267.7245833333333,43668.54881146203
B25119_001,2013,"Westmoreland County, Virginia",51193,All,49157,3913,267.7245833333333,73378.50734685989
B25119_002,2013,"Westmoreland County, Virginia",51193,Owner occupied (dollars),54665,2988,267.7245833333333,81600.50662400259
B25119_003,2013,"Westmoreland County, Virginia",51193,Renter occupied (dollars),28806,9662,267.7245833333333,42999.80231978448
B25119_001,2013,"Wise County, Virginia",51195,All,36218,1642,267.7245833333333,54063.97418655677
B25119_002,2013,"Wise County, Virginia",51195,Owner occupied (dollars),47783,2173,267.7245833333333,71327.48574068812
B25119_003,2013,"Wise County, Virginia",51195,Renter occupied (dollars),17400,2120,267.7245833333333,25973.636060690482
B25119_001,2013,"Wythe County, Virginia",51197,All,41275,2416,267.7245833333333,61612.74875890803
B25119_002,2013,"Wythe County, Virginia",51197,Owner occupied (dollars),48228,2978,267.7245833333333,71991.75401925175
B25119_003,2013,"Wythe County, Virginia",51197,Renter occupied (dollars),23708,2443,267.7245833333333,35389.8255015431
B25119_001,2013,"York County, Virginia",51199,All,82073,2253,267.7245833333333,122513.46163270401
B25119_002,2013,"York County, Virginia",51199,Owner occupied (dollars),95810,2564,267.7245833333333,143019.19948130776
B25119_003,2013,"York County, Virginia",51199,Renter occupied (dollars),51205,3370,267.7245833333333,76435.63416595725
B25119_001,2013,"Alexandria city, Virginia",51510,All,85706,2296,267.7245833333333,127936.57771365163
B25119_002,2013,"Alexandria city, Virginia",51510,Owner occupied (dollars),131095,4441,267.7245833333333,195690.44938943785
B25119_003,2013,"Alexandria city, Virginia",51510,Renter occupied (dollars),63983,2322,267.7245833333333,95509.83655581374
B25119_001,2013,"Bedford city, Virginia",51515,All,35593,5834,267.7245833333333,53131.01312115841
B25119_002,2013,"Bedford city, Virginia",51515,Owner occupied (dollars),53786,14105,267.7245833333333,80288.39018162634
B25119_003,2013,"Bedford city, Virginia",51515,Renter occupied (dollars),13417,10682,267.7245833333333,20028.06178311978
B25119_001,2013,"Bristol city, Virginia",51520,All,32221,3099,267.7245833333333,48097.50158112115
B25119_002,2013,"Bristol city, Virginia",51520,Owner occupied (dollars),40953,3013,267.7245833333333,61132.087218014785
B25119_003,2013,"Bristol city, Virginia",51520,Renter occupied (dollars),22493,3372,267.7245833333333,33576.14919040868
B25119_001,2013,"Buena Vista city, Virginia",51530,All,36591,8171,267.7245833333333,54620.765350386515
B25119_002,2013,"Buena Vista city, Virginia",51530,Owner occupied (dollars),45268,6300,267.7245833333333,67573.2504135251
B25119_003,2013,"Buena Vista city, Virginia",51530,Renter occupied (dollars),21557,5774,267.7245833333333,32178.946698868087
B25119_001,2013,"Charlottesville city, Virginia",51540,All,44601,3664,267.7245833333333,66577.59436453196
B25119_002,2013,"Charlottesville city, Virginia",51540,Owner occupied (dollars),73367,4506,267.7245833333333,109517.68717613094
B25119_003,2013,"Charlottesville city, Virginia",51540,Renter occupied (dollars),29564,2730,267.7245833333333,44131.29749989962
B25119_001,2013,"Chesapeake city, Virginia",51550,All,69743,1753,267.7245833333333,104108.00573452507
B25119_002,2013,"Chesapeake city, Virginia",51550,Owner occupied (dollars),82199,1849,267.7245833333333,122701.54658348832
B25119_003,2013,"Chesapeake city, Virginia",51550,Renter occupied (dollars),41589,2584,267.7245833333333,62081.468398164165
B25119_001,2013,"Colonial Heights city, Virginia",51570,All,50835,3026,267.7245833333333,75883.32121524142
B25119_002,2013,"Colonial Heights city, Virginia",51570,Owner occupied (dollars),63741,3934,267.7245833333333,95148.59403129149
B25119_003,2013,"Colonial Heights city, Virginia",51570,Renter occupied (dollars),37414,6369,267.7245833333333,55849.28848130308
B25119_001,2013,"Covington city, Virginia",51580,All,34319,3077,267.7245833333333,51229.26528545038
B25119_002,2013,"Covington city, Virginia",51580,Owner occupied (dollars),38116,5225,267.7245833333333,56897.190349958524
B25119_003,2013,"Covington city, Virginia",51580,Renter occupied (dollars),30786,3934,267.7245833333333,45955.4229749665
B25119_001,2013,"Danville city, Virginia",51590,All,30786,1595,267.7245833333333,45955.4229749665
B25119_002,2013,"Danville city, Virginia",51590,Owner occupied (dollars),42546,2176,267.7245833333333,63510.01838150214
B25119_003,2013,"Danville city, Virginia",51590,Renter occupied (dollars),19399,1794,267.7245833333333,28957.618732260613
B25119_001,2013,"Emporia city, Virginia",51595,All,32155,4192,267.7245833333333,47998.98089261508
B25119_002,2013,"Emporia city, Virginia",51595,Owner occupied (dollars),45781,9836,267.7245833333333,68339.02485600408
B25119_003,2013,"Emporia city, Virginia",51595,Renter occupied (dollars),24028,8067,267.7245833333333,35867.50156702706
B25119_001,2013,"Fairfax city, Virginia",51600,All,97242,7930,267.7245833333333,145156.79987434848
B25119_002,2013,"Fairfax city, Virginia",51600,Owner occupied (dollars),123878,8824,267.7245833333333,184917.36137506986
B25119_003,2013,"Fairfax city, Virginia",51600,Renter occupied (dollars),58191,4636,267.7245833333333,86863.89977055401
B25119_001,2013,"Falls Church city, Virginia",51610,All,120000,10585,267.7245833333333,179128.52455648608
B25119_002,2013,"Falls Church city, Virginia",51610,Owner occupied (dollars),160453,18125,267.7245833333333,239514.24292218217
B25119_003,2013,"Falls Church city, Virginia",51610,Renter occupied (dollars),73321,9904,267.7245833333333,109449.02124171764
B25119_001,2013,"Franklin city, Virginia",51620,All,31928,2679,267.7245833333333,47660.1294336624
B25119_002,2013,"Franklin city, Virginia",51620,Owner occupied (dollars),61685,6239,267.7245833333333,92079.52531055703
B25119_003,2013,"Franklin city, Virginia",51620,Renter occupied (dollars),22620,3800,267.7245833333333,33765.72687889763
B25119_001,2013,"Fredericksburg city, Virginia",51630,All,47040,3240,267.7245833333333,70218.38162614254
B25119_002,2013,"Fredericksburg city, Virginia",51630,Owner occupied (dollars),90229,10066,267.7245833333333,134688.23035172652
B25119_003,2013,"Fredericksburg city, Virginia",51630,Renter occupied (dollars),35740,4314,267.7245833333333,53350.445563740104
B25119_001,2013,"Galax city, Virginia",51640,All,30325,4344,267.7245833333333,45267.27089312867
B25119_002,2013,"Galax city, Virginia",51640,Owner occupied (dollars),38405,10355,267.7245833333333,57328.591546598735
B25119_003,2013,"Galax city, Virginia",51640,Renter occupied (dollars),18776,4774,267.7245833333333,28027.64314227152
B25119_001,2013,"Hampton city, Virginia",51650,All,50705,1412,267.7245833333333,75689.26531363855
B25119_002,2013,"Hampton city, Virginia",51650,Owner occupied (dollars),67917,2198,267.7245833333333,101382.2666858572
B25119_003,2013,"Hampton city, Virginia",51650,Renter occupied (dollars),31138,1652,267.7245833333333,46480.86664699886
B25119_001,2013,"Harrisonburg city, Virginia",51660,All,38048,2089,267.7245833333333,56795.68418604319
B25119_002,2013,"Harrisonburg city, Virginia",51660,Owner occupied (dollars),68019,5045,267.7245833333333,101534.52593173023
B25119_003,2013,"Harrisonburg city, Virginia",51660,Renter occupied (dollars),27497,1896,267.7245833333333,41045.808664414144
B25119_001,2013,"Hopewell city, Virginia",51670,All,37933,2313,267.7245833333333,56624.01935000988
B25119_002,2013,"Hopewell city, Virginia",51670,Owner occupied (dollars),52987,3689,267.7245833333333,79095.69275562106
B25119_003,2013,"Hopewell city, Virginia",51670,Renter occupied (dollars),28685,3050,267.7245833333333,42819.18105752336
B25119_001,2013,"Lexington city, Virginia",51678,All,36505,6973,267.7245833333333,54492.3899077877
B25119_002,2013,"Lexington city, Virginia",51678,Owner occupied (dollars),54543,12617,267.7245833333333,81418.39262403683
B25119_003,2013,"Lexington city, Virginia",51678,Renter occupied (dollars),16889,5546,267.7245833333333,25210.847093620778
B25119_001,2013,"Lynchburg city, Virginia",51680,All,38138,1832,267.7245833333333,56930.03057946055
B25119_002,2013,"Lynchburg city, Virginia",51680,Owner occupied (dollars),56742,3313,267.7245833333333,84700.92283653445
B25119_003,2013,"Lynchburg city, Virginia",51680,Renter occupied (dollars),23228,1582,267.7245833333333,34673.31140331715
B25119_001,2013,"Manassas city, Virginia",51683,All,71036,3067,267.7245833333333,106038.1155866212
B25119_002,2013,"Manassas city, Virginia",51683,Owner occupied (dollars),92024,6567,267.7245833333333,137367.69453155063
B25119_003,2013,"Manassas city, Virginia",51683,Renter occupied (dollars),45011,4113,267.7245833333333,67189.61682343329
B25119_001,2013,"Manassas Park city, Virginia",51685,All,71227,4405,267.7245833333333,106323.22848820695
B25119_002,2013,"Manassas Park city, Virginia",51685,Owner occupied (dollars),74514,11859,267.7245833333333,111229.85732335004
B25119_003,2013,"Manassas Park city, Virginia",51685,Renter occupied (dollars),64483,16613,267.7245833333333,96256.20540813243
B25119_001,2013,"Martinsville city, Virginia",51690,All,28116,3512,267.7245833333333,41969.81330358469
B25119_002,2013,"Martinsville city, Virginia",51690,Owner occupied (dollars),42273,3034,267.7245833333333,63102.50098813613
B25119_003,2013,"Martinsville city, Virginia",51690,Renter occupied (dollars),16715,2426,267.7245833333333,24951.110733013873
B25119_001,2013,"Newport News city, Virginia",51700,All,51027,966,267.7245833333333,76169.92685453179
B25119_002,2013,"Newport News city, Virginia",51700,Owner occupied (dollars),68974,1773,267.7245833333333,102960.09043965892
B25119_003,2013,"Newport News city, Virginia",51700,Renter occupied (dollars),35658,1889,267.7245833333333,53228.04107195984
B25119_001,2013,"Norfolk city, Virginia",51710,All,44747,1097,267.7245833333333,66795.53406940903
B25119_002,2013,"Norfolk city, Virginia",51710,Owner occupied (dollars),64441,1586,267.7245833333333,96193.51042453766
B25119_003,2013,"Norfolk city, Virginia",51710,Renter occupied (dollars),32315,934,267.7245833333333,48237.81892535706
B25119_001,2013,"Norton city, Virginia",51720,All,39416,8522,267.7245833333333,58837.749365987125
B25119_002,2013,"Norton city, Virginia",51720,Owner occupied (dollars),55444,14376,267.7245833333333,82763.34929591512
B25119_003,2013,"Norton city, Virginia",51720,Renter occupied (dollars),25875,19273,267.7245833333333,38624.58810749231
B25119_001,2013,"Petersburg city, Virginia",51730,All,34424,2621,267.7245833333333,51386.002744437305
B25119_002,2013,"Petersburg city, Virginia",51730,Owner occupied (dollars),48395,2052,267.7245833333333,72241.04121592619
B25119_003,2013,"Petersburg city, Virginia",51730,Renter occupied (dollars),24080,2725,267.7245833333333,35945.1239276682
B25119_001,2013,"Poquoson city, Virginia",51735,All,81892,7214,267.7245833333333,122243.27610816465
B25119_002,2013,"Poquoson city, Virginia",51735,Owner occupied (dollars),90712,5931,267.7245833333333,135409.22266306638
B25119_003,2013,"Poquoson city, Virginia",51735,Renter occupied (dollars),46220,17345,267.7245833333333,68994.33670833989
B25119_001,2013,"Portsmouth city, Virginia",51740,All,46166,1500,267.7245833333333,68913.72887228947
B25119_002,2013,"Portsmouth city, Virginia",51740,Owner occupied (dollars),60518,2244,267.7245833333333,90337.5004092452
B25119_003,2013,"Portsmouth city, Virginia",51740,Renter occupied (dollars),30334,1360,267.7245833333333,45280.705532470405
B25119_001,2013,"Radford city, Virginia",51750,All,30714,5936,267.7245833333333,45847.94586023261
B25119_002,2013,"Radford city, Virginia",51750,Owner occupied (dollars),52760,7263,267.7245833333333,78756.84129666838
B25119_003,2013,"Radford city, Virginia",51750,Renter occupied (dollars),17500,3023,267.7245833333333,26122.90983115422
B25119_001,2013,"Richmond city, Virginia",51760,All,40496,963,267.7245833333333,60449.9060869955
B25119_002,2013,"Richmond city, Virginia",51760,Owner occupied (dollars),63888,2458,267.7245833333333,95368.0264738732
B25119_003,2013,"Richmond city, Virginia",51760,Renter occupied (dollars),27662,1268,267.7245833333333,41292.11038567931
B25119_001,2013,"Roanoke city, Virginia",51770,All,38145,1657,267.7245833333333,56940.479743393014
B25119_002,2013,"Roanoke city, Virginia",51770,Owner occupied (dollars),50560,1847,267.7245833333333,75472.81834646613
B25119_003,2013,"Roanoke city, Virginia",51770,Renter occupied (dollars),25704,1834,267.7245833333333,38369.32995999932
B25119_001,2013,"Salem city, Virginia",51775,All,48733,3207,267.7245833333333,72745.58656009364
B25119_002,2013,"Salem city, Virginia",51775,Owner occupied (dollars),57160,4275,267.7245833333333,85324.88719707287
B25119_003,2013,"Salem city, Virginia",51775,Renter occupied (dollars),35495,6950,267.7245833333333,52984.72482610394
B25119_001,2013,"Staunton city, Virginia",51790,All,38501,2246,267.7245833333333,57471.89436624392
B25119_002,2013,"Staunton city, Virginia",51790,Owner occupied (dollars),56788,4276,267.7245833333333,84769.58877094777
B25119_003,2013,"Staunton city, Virginia",51790,Renter occupied (dollars),23096,2871,267.7245833333333,34476.27002630502
B25119_001,2013,"Suffolk city, Virginia",51800,All,66085,1952,267.7245833333333,98647.57121096153
B25119_002,2013,"Suffolk city, Virginia",51800,Owner occupied (dollars),80769,2267,267.7245833333333,120566.93166585687
B25119_003,2013,"Suffolk city, Virginia",51800,Renter occupied (dollars),33790,2775,267.7245833333333,50439.607039697206
B25119_001,2013,"Virginia Beach city, Virginia",51810,All,65219,859,267.7245833333333,97354.86035874554
B25119_002,2013,"Virginia Beach city, Virginia",51810,Owner occupied (dollars),80012,1340,267.7245833333333,119436.92922344636
B25119_003,2013,"Virginia Beach city, Virginia",51810,Renter occupied (dollars),46775,1299,267.7245833333333,69822.80613441364
B25119_001,2013,"Waynesboro city, Virginia",51820,All,44847,2922,267.7245833333333,66944.80783987275
B25119_002,2013,"Waynesboro city, Virginia",51820,Owner occupied (dollars),57134,4540,267.7245833333333,85286.0760167523
B25119_003,2013,"Waynesboro city, Virginia",51820,Renter occupied (dollars),27278,3670,267.7245833333333,40718.89910709856
B25119_001,2013,"Williamsburg city, Virginia",51830,All,48616,2700,267.7245833333333,72570.93624865107
B25119_002,2013,"Williamsburg city, Virginia",51830,Owner occupied (dollars),67100,9089,267.7245833333333,100162.69998116847
B25119_003,2013,"Williamsburg city, Virginia",51830,Renter occupied (dollars),42728,5268,267.7245833333333,63781.696643746145
B25119_001,2013,"Winchester city, Virginia",51840,All,44200,2441,267.7245833333333,65979.00654497238
B25119_002,2013,"Winchester city, Virginia",51840,Owner occupied (dollars),68918,6472,267.7245833333333,102876.49712819923
B25119_003,2013,"Winchester city, Virginia",51840,Renter occupied (dollars),31435,1512,267.7245833333333,46924.209745276166
B25119_001,2014,"Accomack County, Virginia",51001,All,39389,2682,276.1619166666667,57001.058558774246
B25119_002,2014,"Accomack County, Virginia",51001,Owner occupied (dollars),43369,2690,276.1619166666667,62760.64151502908
B25119_003,2014,"Accomack County, Virginia",51001,Renter occupied (dollars),27865,3581,276.1619166666667,40324.31635076403
B25119_001,2014,"Albemarle County, Virginia",51003,All,67958,3606,276.1619166666667,98344.1554123532
B25119_002,2014,"Albemarle County, Virginia",51003,Owner occupied (dollars),88566,4162,276.1619166666667,128166.63922202645
B25119_003,2014,"Albemarle County, Virginia",51003,Renter occupied (dollars),43585,2980,276.1619166666667,63073.22189657456
B25119_001,2014,"Alleghany County, Virginia",51005,All,45183,2986,276.1619166666667,65385.73786745276
B25119_002,2014,"Alleghany County, Virginia",51005,Owner occupied (dollars),52013,3486,276.1619166666667,75269.64530243278
B25119_003,2014,"Alleghany County, Virginia",51005,Renter occupied (dollars),24769,7832,276.1619166666667,35843.99754861203
B25119_001,2014,"Amelia County, Virginia",51007,All,55870,6467,276.1619166666667,80851.23109697421
B25119_002,2014,"Amelia County, Virginia",51007,Owner occupied (dollars),63174,6500,276.1619166666667,91421.07881367905
B25119_003,2014,"Amelia County, Virginia",51007,Renter occupied (dollars),19004,13352,276.1619166666667,27501.28505041879
B25119_001,2014,"Amherst County, Virginia",51009,All,44765,2799,276.1619166666667,64780.8369439064
B25119_002,2014,"Amherst County, Virginia",51009,Owner occupied (dollars),51735,2264,276.1619166666667,74867.34277433257
B25119_003,2014,"Amherst County, Virginia",51009,Renter occupied (dollars),30885,4661,276.1619166666667,44694.65316681669
B25119_001,2014,"Appomattox County, Virginia",51011,All,47927,3002,276.1619166666667,69356.6664181973
B25119_002,2014,"Appomattox County, Virginia",51011,Owner occupied (dollars),54071,4218,276.1619166666667,78247.84171549119
B25119_003,2014,"Appomattox County, Virginia",51011,Renter occupied (dollars),19925,2941,276.1619166666667,28834.09306617525
B25119_001,2014,"Arlington County, Virginia",51013,All,105120,1902,276.1619166666667,152122.45235213762
B25119_002,2014,"Arlington County, Virginia",51013,Owner occupied (dollars),147753,3223,276.1619166666667,213818.00515967837
B25119_003,2014,"Arlington County, Virginia",51013,Renter occupied (dollars),81709,2052,276.1619166666667,118243.65923935325
B25119_001,2014,"Augusta County, Virginia",51015,All,54018,1636,276.1619166666667,78171.14375150086
B25119_002,2014,"Augusta County, Virginia",51015,Owner occupied (dollars),58486,1750,276.1619166666667,84636.92682902512
B25119_003,2014,"Augusta County, Virginia",51015,Renter occupied (dollars),32461,5835,276.1619166666667,46975.33224698192
B25119_001,2014,"Bath County, Virginia",51017,All,46153,5766,276.1619166666667,66789.45532161537
B25119_002,2014,"Bath County, Virginia",51017,Owner occupied (dollars),50278,7911,276.1619166666667,72758.87233029657
B25119_003,2014,"Bath County, Virginia",51017,Renter occupied (dollars),37583,6493,276.1619166666667,54387.53925751891
B25119_001,2014,"Bedford County, Virginia",51019,All,56043,1550,276.1619166666667,81101.58482848981
B25119_002,2014,"Bedford County, Virginia",51019,Owner occupied (dollars),63758,2313,276.1619166666667,92266.20354896871
B25119_003,2014,"Bedford County, Virginia",51019,Renter occupied (dollars),30833,3605,276.1619166666667,44619.4023342224
B25119_001,2014,"Bland County, Virginia",51021,All,43508,3429,276.1619166666667,62961.79277907918
B25119_002,2014,"Bland County, Virginia",51021,Owner occupied (dollars),46302,2834,276.1619166666667,67005.07789962592
B25119_003,2014,"Bland County, Virginia",51021,Renter occupied (dollars),25725,4622,276.1619166666667,37227.45516323003
B25119_001,2014,"Botetourt County, Virginia",51023,All,63011,4542,276.1619166666667,91185.1963961239
B25119_002,2014,"Botetourt County, Virginia",51023,Owner occupied (dollars),68825,3850,276.1619166666667,99598.81833272328
B25119_003,2014,"Botetourt County, Virginia",51023,Renter occupied (dollars),41165,4687,276.1619166666667,59571.16391814826
B25119_001,2014,"Brunswick County, Virginia",51025,All,37028,2324,276.1619166666667,53584.38133271453
B25119_002,2014,"Brunswick County, Virginia",51025,Owner occupied (dollars),47057,6735,276.1619166666667,68097.66210363909
B25119_003,2014,"Brunswick County, Virginia",51025,Renter occupied (dollars),20529,2778,276.1619166666667,29708.16042938578
B25119_001,2014,"Buchanan County, Virginia",51027,All,29678,2188,276.1619166666667,42947.96557179167
B25119_002,2014,"Buchanan County, Virginia",51027,Owner occupied (dollars),34325,4935,276.1619166666667,49672.7851692078
B25119_003,2014,"Buchanan County, Virginia",51027,Renter occupied (dollars),17107,1921,276.1619166666667,24756.076792123462
B25119_001,2014,"Buckingham County, Virginia",51029,All,38484,3145,276.1619166666667,55691.404645354494
B25119_002,2014,"Buckingham County, Virginia",51029,Owner occupied (dollars),45035,7661,276.1619166666667,65171.56242083826
B25119_003,2014,"Buckingham County, Virginia",51029,Renter occupied (dollars),24986,4375,276.1619166666667,36158.02506155356
B25119_001,2014,"Campbell County, Virginia",51031,All,47055,2629,276.1619166666667,68094.767840847
B25119_002,2014,"Campbell County, Virginia",51031,Owner occupied (dollars),54024,2033,276.1619166666667,78179.82653987712
B25119_003,2014,"Campbell County, Virginia",51031,Renter occupied (dollars),28401,2742,276.1619166666667,41099.97877904357
B25119_001,2014,"Caroline County, Virginia",51033,All,58417,3012,276.1619166666667,84537.07476269809
B25119_002,2014,"Caroline County, Virginia",51033,Owner occupied (dollars),64480,3955,276.1619166666667,93311.03241691242
B25119_003,2014,"Caroline County, Virginia",51033,Renter occupied (dollars),43882,2493,276.1619166666667,63503.01992119961
B25119_001,2014,"Carroll County, Virginia",51035,All,33495,2345,276.1619166666667,48471.66611049134
B25119_002,2014,"Carroll County, Virginia",51035,Owner occupied (dollars),40518,2751,276.1619166666667,58634.86990490784
B25119_003,2014,"Carroll County, Virginia",51035,Renter occupied (dollars),20890,3543,276.1619166666667,30230.574863357637
B25119_001,2014,"Charles City County, Virginia",51036,All,48088,3539,276.1619166666667,69589.65457296037
B25119_002,2014,"Charles City County, Virginia",51036,Owner occupied (dollars),52844,4487,276.1619166666667,76472.21149254529
B25119_003,2014,"Charles City County, Virginia",51036,Renter occupied (dollars),32784,11078,276.1619166666667,47442.75568790411
B25119_001,2014,"Charlotte County, Virginia",51037,All,34820,3203,276.1619166666667,50389.11521024955
B25119_002,2014,"Charlotte County, Virginia",51037,Owner occupied (dollars),37462,2947,276.1619166666667,54212.4363585976
B25119_003,2014,"Charlotte County, Virginia",51037,Renter occupied (dollars),23134,2536,276.1619166666667,33477.93771608021
B25119_001,2014,"Chesterfield County, Virginia",51041,All,72514,992,276.1619166666667,104937.28605272934
B25119_002,2014,"Chesterfield County, Virginia",51041,Owner occupied (dollars),83091,1184,276.1619166666667,120243.59482868595
B25119_003,2014,"Chesterfield County, Virginia",51041,Renter occupied (dollars),44537,1729,276.1619166666667,64450.890985608385
B25119_001,2014,"Clarke County, Virginia",51043,All,75508,4978,276.1619166666667,109269.99745248485
B25119_002,2014,"Clarke County, Virginia",51043,Owner occupied (dollars),92817,8457,276.1619166666667,134318.3947866092
B25119_003,2014,"Clarke County, Virginia",51043,Renter occupied (dollars),40930,5538,276.1619166666667,59231.088040077935
B25119_001,2014,"Craig County, Virginia",51045,All,46658,7656,276.1619166666667,67520.25667661756
B25119_002,2014,"Craig County, Virginia",51045,Owner occupied (dollars),52295,12451,276.1619166666667,75677.73635611717
B25119_003,2014,"Craig County, Virginia",51045,Renter occupied (dollars),28333,8583,276.1619166666667,41001.57384411259
B25119_001,2014,"Culpeper County, Virginia",51047,All,65235,3402,276.1619166666667,94403.61662092559
B25119_002,2014,"Culpeper County, Virginia",51047,Owner occupied (dollars),78281,4311,276.1619166666667,113282.89281371466
B25119_003,2014,"Culpeper County, Virginia",51047,Renter occupied (dollars),38711,2153,276.1619166666667,56019.90347225646
B25119_001,2014,"Cumberland County, Virginia",51049,All,41484,5959,276.1619166666667,60032.798833486275
B25119_002,2014,"Cumberland County, Virginia",51049,Owner occupied (dollars),49118,9291,276.1619166666667,71080.19991088561
B25119_003,2014,"Cumberland County, Virginia",51049,Renter occupied (dollars),29375,7587,276.1619166666667,42509.48475879036
B25119_001,2014,"Dickenson County, Virginia",51051,All,33106,2226,276.1619166666667,47908.73199743025
B25119_002,2014,"Dickenson County, Virginia",51051,Owner occupied (dollars),37924,2712,276.1619166666667,54881.011063569895
B25119_003,2014,"Dickenson County, Virginia",51051,Renter occupied (dollars),15513,2014,276.1619166666667,22449.349346829444
B25119_001,2014,"Dinwiddie County, Virginia",51053,All,52328,2521,276.1619166666667,75725.49169218662
B25119_002,2014,"Dinwiddie County, Virginia",51053,Owner occupied (dollars),60065,4658,276.1619166666667,86921.94730337849
B25119_003,2014,"Dinwiddie County, Virginia",51053,Renter occupied (dollars),41088,2661,276.1619166666667,59459.73480065288
B25119_001,2014,"Essex County, Virginia",51057,All,42143,4251,276.1619166666667,60986.45842347922
B25119_002,2014,"Essex County, Virginia",51057,Owner occupied (dollars),51196,2431,276.1619166666667,74087.33895186489
B25119_003,2014,"Essex County, Virginia",51057,Renter occupied (dollars),29954,6391,276.1619166666667,43347.373837099796
B25119_001,2014,"Fairfax County, Virginia",51059,All,112102,1006,276.1619166666667,162226.32375931632
B25119_002,2014,"Fairfax County, Virginia",51059,Owner occupied (dollars),137901,1107,276.1619166666667,199560.8666458536
B25119_003,2014,"Fairfax County, Virginia",51059,Renter occupied (dollars),72953,1496,276.1619166666667,105572.57673559262
B25119_001,2014,"Fauquier County, Virginia",51061,All,92078,3739,276.1619166666667,133248.96468493273
B25119_002,2014,"Fauquier County, Virginia",51061,Owner occupied (dollars),106094,4013,276.1619166666667,153531.9583318844
B25119_003,2014,"Fauquier County, Virginia",51061,Renter occupied (dollars),48339,2815,276.1619166666667,69952.88455336739
B25119_001,2014,"Floyd County, Virginia",51063,All,47543,4382,276.1619166666667,68800.96796211643
B25119_002,2014,"Floyd County, Virginia",51063,Owner occupied (dollars),50902,4013,276.1619166666667,73661.88232142798
B25119_003,2014,"Floyd County, Virginia",51063,Renter occupied (dollars),41362,4672,276.1619166666667,59856.24880316891
B25119_001,2014,"Fluvanna County, Virginia",51065,All,64641,2895,276.1619166666667,93544.0205716755
B25119_002,2014,"Fluvanna County, Virginia",51065,Owner occupied (dollars),68502,3810,276.1619166666667,99131.3948918011
B25119_003,2014,"Fluvanna County, Virginia",51065,Renter occupied (dollars),48946,14664,276.1619166666667,70831.29331076606
B25119_001,2014,"Franklin County, Virginia",51067,All,44827,2817,276.1619166666667,64870.55909046112
B25119_002,2014,"Franklin County, Virginia",51067,Owner occupied (dollars),53167,2269,276.1619166666667,76939.63493346747
B25119_003,2014,"Franklin County, Virginia",51067,Renter occupied (dollars),26152,2729,276.1619166666667,37845.380269340785
B25119_001,2014,"Frederick County, Virginia",51069,All,68719,3058,276.1619166666667,99445.42240474263
B25119_002,2014,"Frederick County, Virginia",51069,Owner occupied (dollars),76628,2938,276.1619166666667,110890.78461605405
B25119_003,2014,"Frederick County, Virginia",51069,Renter occupied (dollars),48466,4720,276.1619166666667,70136.67024066497
B25119_001,2014,"Giles County, Virginia",51071,All,45919,2245,276.1619166666667,66450.8265749411
B25119_002,2014,"Giles County, Virginia",51071,Owner occupied (dollars),51477,2438,276.1619166666667,74493.98287415324
B25119_003,2014,"Giles County, Virginia",51071,Renter occupied (dollars),29408,6191,276.1619166666667,42557.24009485981
B25119_001,2014,"Gloucester County, Virginia",51073,All,60980,4774,276.1619166666667,88246.07253075868
B25119_002,2014,"Gloucester County, Virginia",51073,Owner occupied (dollars),69224,5694,276.1619166666667,100176.22375974481
B25119_003,2014,"Gloucester County, Virginia",51073,Renter occupied (dollars),40681,6016,276.1619166666667,58870.752322463
B25119_001,2014,"Goochland County, Virginia",51075,All,82460,4541,276.1619166666667,119330.45491778223
B25119_002,2014,"Goochland County, Virginia",51075,Owner occupied (dollars),91044,7217,276.1619166666667,131752.6308214233
B25119_003,2014,"Goochland County, Virginia",51075,Renter occupied (dollars),35538,8149,276.1619166666667,51428.15555260908
B25119_001,2014,"Grayson County, Virginia",51077,All,28892,1738,276.1619166666667,41810.52029450114
B25119_002,2014,"Grayson County, Virginia",51077,Owner occupied (dollars),32163,3527,276.1619166666667,46544.08709096083
B25119_003,2014,"Grayson County, Virginia",51077,Renter occupied (dollars),21964,3387,276.1619166666667,31784.793982708816
B25119_001,2014,"Greene County, Virginia",51079,All,63739,5386,276.1619166666667,92238.70805244388
B25119_002,2014,"Greene County, Virginia",51079,Owner occupied (dollars),74631,4292,276.1619166666667,108000.86321815432
B25119_003,2014,"Greene County, Virginia",51079,Renter occupied (dollars),37941,6105,276.1619166666667,54905.61229730264
B25119_001,2014,"Greensville County, Virginia",51081,All,38933,4028,276.1619166666667,56341.166642178214
B25119_002,2014,"Greensville County, Virginia",51081,Owner occupied (dollars),43718,6328,276.1619166666667,63265.690372248406
B25119_003,2014,"Greensville County, Virginia",51081,Renter occupied (dollars),23292,5352,276.1619166666667,33706.58447665515
B25119_001,2014,"Halifax County, Virginia",51083,All,35093,2059,276.1619166666667,50784.18208136954
B25119_002,2014,"Halifax County, Virginia",51083,Owner occupied (dollars),43262,2358,276.1619166666667,62605.79845565237
B25119_003,2014,"Halifax County, Virginia",51083,Renter occupied (dollars),20162,2287,276.1619166666667,29177.06320703766
B25119_001,2014,"Hanover County, Virginia",51085,All,77550,2122,276.1619166666667,112225.03976320656
B25119_002,2014,"Hanover County, Virginia",51085,Owner occupied (dollars),87240,2811,276.1619166666667,126247.74299087221
B25119_003,2014,"Hanover County, Virginia",51085,Renter occupied (dollars),39629,2085,276.1619166666667,57348.370093824786
B25119_001,2014,"Henrico County, Virginia",51087,All,61438,1048,276.1619166666667,88908.8587101468
B25119_002,2014,"Henrico County, Virginia",51087,Owner occupied (dollars),79315,1788,276.1619166666667,114779.22667722408
B25119_003,2014,"Henrico County, Virginia",51087,Renter occupied (dollars),40630,1621,276.1619166666667,58796.94862126476
B25119_001,2014,"Henry County, Virginia",51089,All,34344,1278,276.1619166666667,49700.28066573264
B25119_002,2014,"Henry County, Virginia",51089,Owner occupied (dollars),39462,2192,276.1619166666667,57106.699150685454
B25119_003,2014,"Henry County, Virginia",51089,Renter occupied (dollars),25778,1936,276.1619166666667,37304.15312722036
B25119_001,2014,"Highland County, Virginia",51091,All,44132,5784,276.1619166666667,63864.80277021059
B25119_002,2014,"Highland County, Virginia",51091,Owner occupied (dollars),47470,7767,276.1619166666667,68695.32737020522
B25119_003,2014,"Highland County, Virginia",51091,Renter occupied (dollars),16897,10707,276.1619166666667,24452.179198954236
B25119_001,2014,"Isle of Wight County, Virginia",51093,All,65910,3178,276.1619166666667,95380.43031325524
B25119_002,2014,"Isle of Wight County, Virginia",51093,Owner occupied (dollars),75661,3887,276.1619166666667,109491.40855607958
B25119_003,2014,"Isle of Wight County, Virginia",51093,Renter occupied (dollars),33651,6247,276.1619166666667,48697.418608274194
B25119_001,2014,"James City County, Virginia",51095,All,76705,2556,276.1619166666667,111002.21373354943
B25119_002,2014,"James City County, Virginia",51095,Owner occupied (dollars),90037,4402,276.1619166666667,130295.36950560707
B25119_003,2014,"James City County, Virginia",51095,Renter occupied (dollars),42806,4548,276.1619166666667,61945.90653905635
B25119_001,2014,"King and Queen County, Virginia",51097,All,47804,3103,276.1619166666667,69178.66925648389
B25119_002,2014,"King and Queen County, Virginia",51097,Owner occupied (dollars),49556,5883,276.1619166666667,71714.04346235286
B25119_003,2014,"King and Queen County, Virginia",51097,Renter occupied (dollars),42208,8657,276.1619166666667,61080.521964222076
B25119_001,2014,"King George County, Virginia",51099,All,83071,5434,276.1619166666667,120214.65220076508
B25119_002,2014,"King George County, Virginia",51099,Owner occupied (dollars),102565,13842,276.1619166666667,148425.0316352454
B25119_003,2014,"King George County, Virginia",51099,Renter occupied (dollars),55284,10750,276.1619166666667,80003.21209889247
B25119_001,2014,"King William County, Virginia",51101,All,63560,4684,276.1619166666667,91979.671532552
B25119_002,2014,"King William County, Virginia",51101,Owner occupied (dollars),70729,6630,276.1619166666667,102354.15651079093
B25119_003,2014,"King William County, Virginia",51101,Renter occupied (dollars),34326,4644,276.1619166666667,49674.23230060384
B25119_001,2014,"Lancaster County, Virginia",51103,All,49456,3365,276.1619166666667,71569.33032274846
B25119_002,2014,"Lancaster County, Virginia",51103,Owner occupied (dollars),56818,3008,276.1619166666667,82223.11166042385
B25119_003,2014,"Lancaster County, Virginia",51103,Renter occupied (dollars),33766,6756,276.1619166666667,48863.83871881924
B25119_001,2014,"Lee County, Virginia",51105,All,31264,1981,276.1619166666667,45243.115965917335
B25119_002,2014,"Lee County, Virginia",51105,Owner occupied (dollars),38710,2222,276.1619166666667,56018.45634086042
B25119_003,2014,"Lee County, Virginia",51105,Renter occupied (dollars),17764,2396,276.1619166666667,25706.842119324323
B25119_001,2014,"Loudoun County, Virginia",51107,All,123966,1443,276.1619166666667,179395.0906419815
B25119_002,2014,"Loudoun County, Virginia",51107,Owner occupied (dollars),140156,1577,276.1619166666667,202824.14794393265
B25119_003,2014,"Loudoun County, Virginia",51107,Renter occupied (dollars),71197,3177,276.1619166666667,103031.41400413949
B25119_001,2014,"Louisa County, Virginia",51109,All,57126,4429,276.1619166666667,82668.82813040538
B25119_002,2014,"Louisa County, Virginia",51109,Owner occupied (dollars),63401,4155,276.1619166666667,91749.57764058103
B25119_003,2014,"Louisa County, Virginia",51109,Renter occupied (dollars),36056,7712,276.1619166666667,52177.76961575984
B25119_001,2014,"Lunenburg County, Virginia",51111,All,37881,3376,276.1619166666667,54818.78441354
B25119_002,2014,"Lunenburg County, Virginia",51111,Owner occupied (dollars),45481,4697,276.1619166666667,65816.98302347385
B25119_003,2014,"Lunenburg County, Virginia",51111,Renter occupied (dollars),26378,7594,276.1619166666667,38172.43196484671
B25119_001,2014,"Madison County, Virginia",51113,All,51641,5412,276.1619166666667,74731.31242310445
B25119_002,2014,"Madison County, Virginia",51113,Owner occupied (dollars),57214,5586,276.1619166666667,82796.17569325725
B25119_003,2014,"Madison County, Virginia",51113,Renter occupied (dollars),31487,3998,276.1619166666667,45565.826267235134
B25119_001,2014,"Mathews County, Virginia",51115,All,63157,6196,276.1619166666667,91396.47757994631
B25119_002,2014,"Mathews County, Virginia",51115,Owner occupied (dollars),72993,11888,276.1619166666667,105630.46199143438
B25119_003,2014,"Mathews County, Virginia",51115,Renter occupied (dollars),26627,3956,276.1619166666667,38532.76768246165
B25119_001,2014,"Mecklenburg County, Virginia",51117,All,37756,2719,276.1619166666667,54637.89298903452
B25119_002,2014,"Mecklenburg County, Virginia",51117,Owner occupied (dollars),45434,2688,276.1619166666667,65748.96784785979
B25119_003,2014,"Mecklenburg County, Virginia",51117,Renter occupied (dollars),22881,2765,276.1619166666667,33111.8134728811
B25119_001,2014,"Middlesex County, Virginia",51119,All,54452,4095,276.1619166666667,78799.19877738392
B25119_002,2014,"Middlesex County, Virginia",51119,Owner occupied (dollars),60797,7882,276.1619166666667,87981.24748528264
B25119_003,2014,"Middlesex County, Virginia",51119,Renter occupied (dollars),29757,6546,276.1619166666667,43062.28895207914
B25119_001,2014,"Montgomery County, Virginia",51121,All,44810,2199,276.1619166666667,64845.957856728375
B25119_002,2014,"Montgomery County, Virginia",51121,Owner occupied (dollars),72331,2997,276.1619166666667,104672.4610072533
B25119_003,2014,"Montgomery County, Virginia",51121,Renter occupied (dollars),22396,1623,276.1619166666667,32409.954745799794
B25119_001,2014,"Nelson County, Virginia",51125,All,50131,4827,276.1619166666667,72546.14401507811
B25119_002,2014,"Nelson County, Virginia",51125,Owner occupied (dollars),60269,8578,276.1619166666667,87217.16210817144
B25119_003,2014,"Nelson County, Virginia",51125,Renter occupied (dollars),28571,5288,276.1619166666667,41345.99111637104
B25119_001,2014,"New Kent County, Virginia",51127,All,73030,5344,276.1619166666667,105684.005853088
B25119_002,2014,"New Kent County, Virginia",51127,Owner occupied (dollars),77445,5551,276.1619166666667,112073.09096662194
B25119_003,2014,"New Kent County, Virginia",51127,Renter occupied (dollars),60112,10503,276.1619166666667,86989.96247899254
B25119_001,2014,"Northampton County, Virginia",51131,All,34656,3267,276.1619166666667,50151.78566129834
B25119_002,2014,"Northampton County, Virginia",51131,Owner occupied (dollars),41732,4104,276.1619166666667,60391.687419705166
B25119_003,2014,"Northampton County, Virginia",51131,Renter occupied (dollars),21840,4873,276.1619166666667,31605.34968959937
B25119_001,2014,"Northumberland County, Virginia",51133,All,50774,3849,276.1619166666667,73476.64950273436
B25119_002,2014,"Northumberland County, Virginia",51133,Owner occupied (dollars),58196,3928,276.1619166666667,84217.25872417238
B25119_003,2014,"Northumberland County, Virginia",51133,Renter occupied (dollars),27388,5666,276.1619166666667,39634.03467485108
B25119_001,2014,"Nottoway County, Virginia",51135,All,35911,3365,276.1619166666667,51967.93556333347
B25119_002,2014,"Nottoway County, Virginia",51135,Owner occupied (dollars),49115,8972,276.1619166666667,71075.85851669748
B25119_003,2014,"Nottoway County, Virginia",51135,Renter occupied (dollars),24267,3209,276.1619166666667,35117.53758779798
B25119_001,2014,"Orange County, Virginia",51137,All,63538,3159,276.1619166666667,91947.83464183904
B25119_002,2014,"Orange County, Virginia",51137,Owner occupied (dollars),71124,3009,276.1619166666667,102925.77341222827
B25119_003,2014,"Orange County, Virginia",51137,Renter occupied (dollars),30863,2780,276.1619166666667,44662.816276103724
B25119_001,2014,"Page County, Virginia",51139,All,43063,2189,276.1619166666667,62317.819307839636
B25119_002,2014,"Page County, Virginia",51139,Owner occupied (dollars),51795,2365,276.1619166666667,74954.1706580952
B25119_003,2014,"Page County, Virginia",51139,Renter occupied (dollars),30580,4666,276.1619166666667,44253.27809102329
B25119_001,2014,"Patrick County, Virginia",51141,All,34753,2684,276.1619166666667,50292.1574067146
B25119_002,2014,"Patrick County, Virginia",51141,Owner occupied (dollars),40000,2496,276.1619166666667,57885.25584175708
B25119_003,2014,"Patrick County, Virginia",51141,Renter occupied (dollars),22667,3773,276.1619166666667,32802.1273541277
B25119_001,2014,"Pittsylvania County, Virginia",51143,All,42311,1548,276.1619166666667,61229.576498014605
B25119_002,2014,"Pittsylvania County, Virginia",51143,Owner occupied (dollars),46615,1845,276.1619166666667,67458.03002658766
B25119_003,2014,"Pittsylvania County, Virginia",51143,Renter occupied (dollars),26670,2066,276.1619166666667,38594.99433249154
B25119_001,2014,"Powhatan County, Virginia",51145,All,75447,4434,276.1619166666667,109181.72243732617
B25119_002,2014,"Powhatan County, Virginia",51145,Owner occupied (dollars),82877,5638,276.1619166666667,119933.90870993256
B25119_003,2014,"Powhatan County, Virginia",51145,Renter occupied (dollars),45101,4206,276.1619166666667,65267.07309297716
B25119_001,2014,"Prince Edward County, Virginia",51147,All,37238,4449,276.1619166666667,53888.27892588376
B25119_002,2014,"Prince Edward County, Virginia",51147,Owner occupied (dollars),51938,6513,276.1619166666667,75161.11044772949
B25119_003,2014,"Prince Edward County, Virginia",51147,Renter occupied (dollars),23170,3378,276.1619166666667,33530.03444633779
B25119_001,2014,"Prince George County, Virginia",51149,All,61071,3301,276.1619166666667,88377.76148779868
B25119_002,2014,"Prince George County, Virginia",51149,Owner occupied (dollars),75116,4003,276.1619166666667,108702.72194523564
B25119_003,2014,"Prince George County, Virginia",51149,Renter occupied (dollars),47858,3657,276.1619166666667,69256.81435187027
B25119_001,2014,"Prince William County, Virginia",51153,All,98514,1689,276.1619166666667,142562.70234987143
B25119_002,2014,"Prince William County, Virginia",51153,Owner occupied (dollars),118251,1957,276.1619166666667,171124.73471359044
B25119_003,2014,"Prince William County, Virginia",51153,Renter occupied (dollars),59378,1757,276.1619166666667,85927.7680342963
B25119_001,2014,"Pulaski County, Virginia",51155,All,45635,2909,276.1619166666667,66039.84125846461
B25119_002,2014,"Pulaski County, Virginia",51155,Owner occupied (dollars),55259,2507,276.1619166666667,79967.03381399137
B25119_003,2014,"Pulaski County, Virginia",51155,Renter occupied (dollars),26552,5485,276.1619166666667,38424.23282775835
B25119_001,2014,"Rappahannock County, Virginia",51157,All,59753,4922,276.1619166666667,86470.44230781277
B25119_002,2014,"Rappahannock County, Virginia",51157,Owner occupied (dollars),64878,9573,276.1619166666667,93886.99071253791
B25119_003,2014,"Rappahannock County, Virginia",51157,Renter occupied (dollars),45034,8162,276.1619166666667,65170.11528944221
B25119_001,2014,"Richmond County, Virginia",51159,All,47199,4654,276.1619166666667,68303.15476187732
B25119_002,2014,"Richmond County, Virginia",51159,Owner occupied (dollars),52365,9198,276.1619166666667,75779.03555384025
B25119_003,2014,"Richmond County, Virginia",51159,Renter occupied (dollars),28611,9766,276.1619166666667,41403.8763722128
B25119_001,2014,"Roanoke County, Virginia",51161,All,60950,1892,276.1619166666667,88202.65858887736
B25119_002,2014,"Roanoke County, Virginia",51161,Owner occupied (dollars),68863,1642,276.1619166666667,99653.80932577295
B25119_003,2014,"Roanoke County, Virginia",51161,Renter occupied (dollars),36289,4626,276.1619166666667,52514.951231038074
B25119_001,2014,"Rockbridge County, Virginia",51163,All,48550,3554,276.1619166666667,70258.22927793267
B25119_002,2014,"Rockbridge County, Virginia",51163,Owner occupied (dollars),55476,3517,276.1619166666667,80281.0613269329
B25119_003,2014,"Rockbridge County, Virginia",51163,Renter occupied (dollars),33025,3648,276.1619166666667,47791.51435435069
B25119_001,2014,"Rockingham County, Virginia",51165,All,53728,1686,276.1619166666667,77751.47564664812
B25119_002,2014,"Rockingham County, Virginia",51165,Owner occupied (dollars),61420,1486,276.1619166666667,88882.810345018
B25119_003,2014,"Rockingham County, Virginia",51165,Renter occupied (dollars),35905,2853,276.1619166666667,51959.252774957204
B25119_001,2014,"Russell County, Virginia",51167,All,34768,3584,276.1619166666667,50313.864377655256
B25119_002,2014,"Russell County, Virginia",51167,Owner occupied (dollars),39792,3343,276.1619166666667,57584.25251137995
B25119_003,2014,"Russell County, Virginia",51167,Renter occupied (dollars),15246,5148,276.1619166666667,22062.965264085713
B25119_001,2014,"Scott County, Virginia",51169,All,36579,2756,276.1619166666667,52934.61933589081
B25119_002,2014,"Scott County, Virginia",51169,Owner occupied (dollars),42060,2334,276.1619166666667,60866.34651760758
B25119_003,2014,"Scott County, Virginia",51169,Renter occupied (dollars),17384,2523,276.1619166666667,25156.932188827628
B25119_001,2014,"Shenandoah County, Virginia",51171,All,47936,2949,276.1619166666667,69369.69060076169
B25119_002,2014,"Shenandoah County, Virginia",51171,Owner occupied (dollars),58368,3863,276.1619166666667,84466.16532429194
B25119_003,2014,"Shenandoah County, Virginia",51171,Renter occupied (dollars),30401,2904,276.1619166666667,43994.24157113143
B25119_001,2014,"Smyth County, Virginia",51173,All,37880,1991,276.1619166666667,54817.33728214396
B25119_002,2014,"Smyth County, Virginia",51173,Owner occupied (dollars),45043,2640,276.1619166666667,65183.13947200661
B25119_003,2014,"Smyth County, Virginia",51173,Renter occupied (dollars),23300,3494,276.1619166666667,33718.161527823504
B25119_001,2014,"Southampton County, Virginia",51175,All,49690,4434,276.1619166666667,71907.95906942274
B25119_002,2014,"Southampton County, Virginia",51175,Owner occupied (dollars),60488,4486,276.1619166666667,87534.08388390507
B25119_003,2014,"Southampton County, Virginia",51175,Renter occupied (dollars),30516,3091,276.1619166666667,44160.66168167648
B25119_001,2014,"Spotsylvania County, Virginia",51177,All,78505,2156,276.1619166666667,113607.0502464285
B25119_002,2014,"Spotsylvania County, Virginia",51177,Owner occupied (dollars),91317,2445,276.1619166666667,132147.6976925433
B25119_003,2014,"Spotsylvania County, Virginia",51177,Renter occupied (dollars),51436,3133,276.1619166666667,74434.65048691543
B25119_001,2014,"Stafford County, Virginia",51179,All,98721,2449,276.1619166666667,142862.25854885252
B25119_002,2014,"Stafford County, Virginia",51179,Owner occupied (dollars),112751,2421,276.1619166666667,163165.51203534883
B25119_003,2014,"Stafford County, Virginia",51179,Renter occupied (dollars),56929,3198,276.1619166666667,82383.74324538473
B25119_001,2014,"Surry County, Virginia",51181,All,51527,5300,276.1619166666667,74566.33944395544
B25119_002,2014,"Surry County, Virginia",51181,Owner occupied (dollars),59719,8123,276.1619166666667,86421.23984034729
B25119_003,2014,"Surry County, Virginia",51181,Renter occupied (dollars),24545,8450,276.1619166666667,35519.840115898194
B25119_001,2014,"Sussex County, Virginia",51183,All,36972,4640,276.1619166666667,53503.34197453607
B25119_002,2014,"Sussex County, Virginia",51183,Owner occupied (dollars),49052,6371,276.1619166666667,70984.68923874671
B25119_003,2014,"Sussex County, Virginia",51183,Renter occupied (dollars),23977,4553,276.1619166666667,34697.86948294524
B25119_001,2014,"Tazewell County, Virginia",51185,All,36248,1974,276.1619166666667,52455.61884380027
B25119_002,2014,"Tazewell County, Virginia",51185,Owner occupied (dollars),42070,2145,276.1619166666667,60880.81783156801
B25119_003,2014,"Tazewell County, Virginia",51185,Renter occupied (dollars),20244,2268,276.1619166666667,29295.72798151326
B25119_001,2014,"Warren County, Virginia",51187,All,60560,4674,276.1619166666667,87638.27734442023
B25119_002,2014,"Warren County, Virginia",51187,Owner occupied (dollars),71462,4717,276.1619166666667,103414.90382409112
B25119_003,2014,"Warren County, Virginia",51187,Renter occupied (dollars),37016,5218,276.1619166666667,53567.015755962006
B25119_001,2014,"Washington County, Virginia",51191,All,42458,2081,276.1619166666667,61442.30481323306
B25119_002,2014,"Washington County, Virginia",51191,Owner occupied (dollars),50423,2276,276.1619166666667,72968.70638272294
B25119_003,2014,"Washington County, Virginia",51191,Renter occupied (dollars),26064,1556,276.1619166666667,37718.03270648892
B25119_001,2014,"Westmoreland County, Virginia",51193,All,48750,6400,276.1619166666667,70547.65555714145
B25119_002,2014,"Westmoreland County, Virginia",51193,Owner occupied (dollars),55806,4973,276.1619166666667,80758.6146876274
B25119_003,2014,"Westmoreland County, Virginia",51193,Renter occupied (dollars),30369,6452,276.1619166666667,43947.933366458026
B25119_001,2014,"Wise County, Virginia",51195,All,37357,2403,276.1619166666667,54060.48756201299
B25119_002,2014,"Wise County, Virginia",51195,Owner occupied (dollars),48341,2907,276.1619166666667,69955.77881615948
B25119_003,2014,"Wise County, Virginia",51195,Renter occupied (dollars),18200,2667,276.1619166666667,26337.791407999473
B25119_001,2014,"Wythe County, Virginia",51197,All,40185,2450,276.1619166666667,58152.97515002521
B25119_002,2014,"Wythe County, Virginia",51197,Owner occupied (dollars),48280,3538,276.1619166666667,69867.5038010008
B25119_003,2014,"Wythe County, Virginia",51197,Renter occupied (dollars),23509,1784,276.1619166666667,34020.611989596684
B25119_001,2014,"York County, Virginia",51199,All,80900,2698,276.1619166666667,117072.92993995371
B25119_002,2014,"York County, Virginia",51199,Owner occupied (dollars),96937,3314,276.1619166666667,140280.57613831016
B25119_003,2014,"York County, Virginia",51199,Renter occupied (dollars),52701,2357,276.1619166666667,76265.271702911
B25119_001,2014,"Alexandria city, Virginia",51510,All,87319,2506,276.1619166666667,126362.06637115967
B25119_002,2014,"Alexandria city, Virginia",51510,Owner occupied (dollars),134858,3144,276.1619166666667,195157.2458076919
B25119_003,2014,"Alexandria city, Virginia",51510,Renter occupied (dollars),65664,1777,276.1619166666667,95024.43598982843
B25119_001,2014,"Bristol city, Virginia",51520,All,33616,4058,276.1619166666667,48646.76900941265
B25119_002,2014,"Bristol city, Virginia",51520,Owner occupied (dollars),44628,5501,276.1619166666667,64582.57994264838
B25119_003,2014,"Bristol city, Virginia",51520,Renter occupied (dollars),23307,3421,276.1619166666667,33728.29144759581
B25119_001,2014,"Buena Vista city, Virginia",51530,All,32789,6070,276.1619166666667,47449.99134488433
B25119_002,2014,"Buena Vista city, Virginia",51530,Owner occupied (dollars),38806,10825,276.1619166666667,56157.38095488064
B25119_003,2014,"Buena Vista city, Virginia",51530,Renter occupied (dollars),20969,2191,276.1619166666667,30344.898243645108
B25119_001,2014,"Charlottesville city, Virginia",51540,All,47218,3095,276.1619166666667,68330.65025840215
B25119_002,2014,"Charlottesville city, Virginia",51540,Owner occupied (dollars),75359,6042,276.1619166666667,109054.3748744743
B25119_003,2014,"Charlottesville city, Virginia",51540,Renter occupied (dollars),30689,2992,276.1619166666667,44411.01541319208
B25119_001,2014,"Chesapeake city, Virginia",51550,All,70176,1583,276.1619166666667,101553.89284877863
B25119_002,2014,"Chesapeake city, Virginia",51550,Owner occupied (dollars),82348,1550,276.1619166666667,119168.37620142532
B25119_003,2014,"Chesapeake city, Virginia",51550,Renter occupied (dollars),42514,2590,276.1619166666667,61523.34417141152
B25119_001,2014,"Colonial Heights city, Virginia",51570,All,52529,2919,276.1619166666667,76016.36510279145
B25119_002,2014,"Colonial Heights city, Virginia",51570,Owner occupied (dollars),66083,5670,276.1619166666667,95630.78404477084
B25119_003,2014,"Colonial Heights city, Virginia",51570,Renter occupied (dollars),34415,2793,276.1619166666667,49803.02699485175
B25119_001,2014,"Covington city, Virginia",51580,All,38176,4946,276.1619166666667,55245.68817537296
B25119_002,2014,"Covington city, Virginia",51580,Owner occupied (dollars),45248,4702,276.1619166666667,65479.80140819561
B25119_003,2014,"Covington city, Virginia",51580,Renter occupied (dollars),27824,10597,276.1619166666667,40264.98396352623
B25119_001,2014,"Danville city, Virginia",51590,All,32173,1426,276.1619166666667,46558.55840492127
B25119_002,2014,"Danville city, Virginia",51590,Owner occupied (dollars),43742,2067,276.1619166666667,63300.42152575346
B25119_003,2014,"Danville city, Virginia",51590,Renter occupied (dollars),20913,1592,276.1619166666667,30263.85888546665
B25119_001,2014,"Emporia city, Virginia",51595,All,30240,6273,276.1619166666667,43761.25341636836
B25119_002,2014,"Emporia city, Virginia",51595,Owner occupied (dollars),49452,5459,276.1619166666667,71563.54179716429
B25119_003,2014,"Emporia city, Virginia",51595,Renter occupied (dollars),22179,6110,276.1619166666667,32095.92723285826
B25119_001,2014,"Fairfax city, Virginia",51600,All,100584,6960,276.1619166666667,145558.26433968236
B25119_002,2014,"Fairfax city, Virginia",51600,Owner occupied (dollars),126833,9275,276.1619166666667,183544.0163544394
B25119_003,2014,"Fairfax city, Virginia",51600,Renter occupied (dollars),55305,5992,276.1619166666667,80033.6018582094
B25119_001,2014,"Falls Church city, Virginia",51610,All,120500,7427,276.1619166666667,174379.33322329322
B25119_002,2014,"Falls Church city, Virginia",51610,Owner occupied (dollars),173393,24690,276.1619166666667,250922.45415424465
B25119_003,2014,"Falls Church city, Virginia",51610,Renter occupied (dollars),72015,11906,276.1619166666667,104215.16748610341
B25119_001,2014,"Franklin city, Virginia",51620,All,33133,4309,276.1619166666667,47947.804545123436
B25119_002,2014,"Franklin city, Virginia",51620,Owner occupied (dollars),56973,7057,276.1619166666667,82447.41702681067
B25119_003,2014,"Franklin city, Virginia",51620,Renter occupied (dollars),26518,6411,276.1619166666667,38375.03036029286
B25119_001,2014,"Fredericksburg city, Virginia",51630,All,49454,3074,276.1619166666667,71566.43605995638
B25119_002,2014,"Fredericksburg city, Virginia",51630,Owner occupied (dollars),97411,11327,276.1619166666667,140966.51642003498
B25119_003,2014,"Fredericksburg city, Virginia",51630,Renter occupied (dollars),39277,3677,276.1619166666667,56838.97984241733
B25119_001,2014,"Galax city, Virginia",51640,All,30430,4273,276.1619166666667,44036.20838161671
B25119_002,2014,"Galax city, Virginia",51640,Owner occupied (dollars),41607,9499,276.1619166666667,60210.795995199675
B25119_003,2014,"Galax city, Virginia",51640,Renter occupied (dollars),19385,5039,276.1619166666667,28052.64211231153
B25119_001,2014,"Hampton city, Virginia",51650,All,49879,1767,276.1619166666667,72181.46690327504
B25119_002,2014,"Hampton city, Virginia",51650,Owner occupied (dollars),67504,2348,276.1619166666667,97687.15775854926
B25119_003,2014,"Hampton city, Virginia",51650,Renter occupied (dollars),31571,2141,276.1619166666667,45687.38530450282
B25119_001,2014,"Harrisonburg city, Virginia",51660,All,38807,2285,276.1619166666667,56158.828086276684
B25119_002,2014,"Harrisonburg city, Virginia",51660,Owner occupied (dollars),65673,6577,276.1619166666667,95037.46017239282
B25119_003,2014,"Harrisonburg city, Virginia",51660,Renter occupied (dollars),28560,2340,276.1619166666667,41330.07267101456
B25119_001,2014,"Hopewell city, Virginia",51670,All,39156,2372,276.1619166666667,56663.87694349601
B25119_002,2014,"Hopewell city, Virginia",51670,Owner occupied (dollars),52334,3574,276.1619166666667,75734.17448056288
B25119_003,2014,"Hopewell city, Virginia",51670,Renter occupied (dollars),29138,3417,276.1619166666667,42166.51461792795
B25119_001,2014,"Lexington city, Virginia",51678,All,36840,5818,276.1619166666667,53312.32063025828
B25119_002,2014,"Lexington city, Virginia",51678,Owner occupied (dollars),51316,13722,276.1619166666667,74260.99471939016
B25119_003,2014,"Lexington city, Virginia",51678,Renter occupied (dollars),21563,8029,276.1619166666667,31204.4942928952
B25119_001,2014,"Lynchburg city, Virginia",51680,All,39391,1539,276.1619166666667,57003.95282156634
B25119_002,2014,"Lynchburg city, Virginia",51680,Owner occupied (dollars),58283,2350,276.1619166666667,84343.15915562821
B25119_003,2014,"Lynchburg city, Virginia",51680,Renter occupied (dollars),23885,1899,276.1619166666667,34564.7333945092
B25119_001,2014,"Manassas city, Virginia",51683,All,71215,4388,276.1619166666667,103057.46236926827
B25119_002,2014,"Manassas city, Virginia",51683,Owner occupied (dollars),94300,6213,276.1619166666667,136464.49064694234
B25119_003,2014,"Manassas city, Virginia",51683,Renter occupied (dollars),45025,4059,276.1619166666667,65157.09110687782
B25119_001,2014,"Manassas Park city, Virginia",51685,All,73460,4357,276.1619166666667,106306.27235338688
B25119_002,2014,"Manassas Park city, Virginia",51685,Owner occupied (dollars),75972,9708,276.1619166666667,109941.46642024923
B25119_003,2014,"Manassas Park city, Virginia",51685,Renter occupied (dollars),66507,19192,276.1619166666667,96244.36775669346
B25119_001,2014,"Martinsville city, Virginia",51690,All,27746,3802,276.1619166666667,40152.1077146348
B25119_002,2014,"Martinsville city, Virginia",51690,Owner occupied (dollars),43255,6011,276.1619166666667,62595.66853588007
B25119_003,2014,"Martinsville city, Virginia",51690,Renter occupied (dollars),17804,2444,276.1619166666667,25764.72737516608
B25119_001,2014,"Newport News city, Virginia",51700,All,51000,1081,276.1619166666667,73803.70119824029
B25119_002,2014,"Newport News city, Virginia",51700,Owner occupied (dollars),68613,1577,276.1619166666667,99292.02647676198
B25119_003,2014,"Newport News city, Virginia",51700,Renter occupied (dollars),36220,1540,276.1619166666667,52415.09916471104
B25119_001,2014,"Norfolk city, Virginia",51710,All,44150,1021,276.1619166666667,63890.851135339384
B25119_002,2014,"Norfolk city, Virginia",51710,Owner occupied (dollars),64447,1412,276.1619166666667,93263.27708084298
B25119_003,2014,"Norfolk city, Virginia",51710,Renter occupied (dollars),32055,887,276.1619166666667,46387.796900188085
B25119_001,2014,"Norton city, Virginia",51720,All,36148,6926,276.1619166666667,52310.90570419588
B25119_002,2014,"Norton city, Virginia",51720,Owner occupied (dollars),57500,19043,276.1619166666667,83210.05527252582
B25119_003,2014,"Norton city, Virginia",51720,Renter occupied (dollars),23839,9789,276.1619166666667,34498.16535029118
B25119_001,2014,"Petersburg city, Virginia",51730,All,33927,2450,276.1619166666667,49096.826873582315
B25119_002,2014,"Petersburg city, Virginia",51730,Owner occupied (dollars),49110,1663,276.1619166666667,71068.62285971726
B25119_003,2014,"Petersburg city, Virginia",51730,Renter occupied (dollars),23929,2249,276.1619166666667,34628.407175935135
B25119_001,2014,"Poquoson city, Virginia",51735,All,83460,8664,276.1619166666667,120777.58631382616
B25119_002,2014,"Poquoson city, Virginia",51735,Owner occupied (dollars),91514,6069,276.1619166666667,132432.78257756395
B25119_003,2014,"Poquoson city, Virginia",51735,Renter occupied (dollars),50398,16026,276.1619166666667,72932.52809782184
B25119_001,2014,"Portsmouth city, Virginia",51740,All,46239,1421,276.1619166666667,66913.90862167515
B25119_002,2014,"Portsmouth city, Virginia",51740,Owner occupied (dollars),61125,1984,276.1619166666667,88455.90658318505
B25119_003,2014,"Portsmouth city, Virginia",51740,Renter occupied (dollars),31055,928,276.1619166666667,44940.665504144155
B25119_001,2014,"Radford city, Virginia",51750,All,30284,6026,276.1619166666667,43824.92719779429
B25119_002,2014,"Radford city, Virginia",51750,Owner occupied (dollars),53030,4867,276.1619166666667,76741.37793220946
B25119_003,2014,"Radford city, Virginia",51750,Renter occupied (dollars),15474,2991,276.1619166666667,22392.91122238373
B25119_001,2014,"Richmond city, Virginia",51760,All,41331,939,276.1619166666667,59811.387729891554
B25119_002,2014,"Richmond city, Virginia",51760,Owner occupied (dollars),65944,2452,276.1619166666667,95429.63278072073
B25119_003,2014,"Richmond city, Virginia",51760,Renter occupied (dollars),28985,1143,276.1619166666667,41945.10351433323
B25119_001,2014,"Roanoke city, Virginia",51770,All,39530,1248,276.1619166666667,57205.10408561644
B25119_002,2014,"Roanoke city, Virginia",51770,Owner occupied (dollars),52113,1886,276.1619166666667,75414.35844203718
B25119_003,2014,"Roanoke city, Virginia",51770,Renter occupied (dollars),26515,1707,276.1619166666667,38370.68896610473
B25119_001,2014,"Salem city, Virginia",51775,All,50590,2117,276.1619166666667,73210.37732586227
B25119_002,2014,"Salem city, Virginia",51775,Owner occupied (dollars),58576,5422,276.1619166666667,84767.16865466908
B25119_003,2014,"Salem city, Virginia",51775,Renter occupied (dollars),34105,3477,276.1619166666667,49354.416262078135
B25119_001,2014,"Staunton city, Virginia",51790,All,39982,2611,276.1619166666667,57859.2074766283
B25119_002,2014,"Staunton city, Virginia",51790,Owner occupied (dollars),57000,4480,276.1619166666667,82486.48957450385
B25119_003,2014,"Staunton city, Virginia",51790,Renter occupied (dollars),23620,3829,276.1619166666667,34181.24357455756
B25119_001,2014,"Suffolk city, Virginia",51800,All,66822,2281,276.1619166666667,96700.2141464473
B25119_002,2014,"Suffolk city, Virginia",51800,Owner occupied (dollars),81679,2370,276.1619166666667,118200.24529747192
B25119_003,2014,"Suffolk city, Virginia",51800,Renter occupied (dollars),33292,2368,276.1619166666667,48177.89843709442
B25119_001,2014,"Virginia Beach city, Virginia",51810,All,67001,938,276.1619166666667,96959.25066633917
B25119_002,2014,"Virginia Beach city, Virginia",51810,Owner occupied (dollars),82355,1437,276.1619166666667,119178.50612119761
B25119_003,2014,"Virginia Beach city, Virginia",51810,Renter occupied (dollars),47212,1162,276.1619166666667,68321.96747002589
B25119_001,2014,"Waynesboro city, Virginia",51820,All,45499,2620,276.1619166666667,65843.03138860264
B25119_002,2014,"Waynesboro city, Virginia",51820,Owner occupied (dollars),56836,2941,276.1619166666667,82249.16002555264
B25119_003,2014,"Waynesboro city, Virginia",51820,Renter occupied (dollars),27236,2964,276.1619166666667,39414.0707026524
B25119_001,2014,"Williamsburg city, Virginia",51830,All,48057,4448,276.1619166666667,69544.793499683
B25119_002,2014,"Williamsburg city, Virginia",51830,Owner occupied (dollars),64432,11727,276.1619166666667,93241.57010990231
B25119_003,2014,"Williamsburg city, Virginia",51830,Renter occupied (dollars),35603,8073,276.1619166666667,51522.21909335194
B25119_001,2014,"Winchester city, Virginia",51840,All,44731,2463,276.1619166666667,64731.63447644091
B25119_002,2014,"Winchester city, Virginia",51840,Owner occupied (dollars),71521,6515,276.1619166666667,103500.2845764577
B25119_003,2014,"Winchester city, Virginia",51840,Renter occupied (dollars),32249,2295,276.1619166666667,46668.54039102061
B25119_001,2015,"Accomack County, Virginia",51001,All,39412,2723,286.0319166666667,55066.279128966664
B25119_002,2015,"Accomack County, Virginia",51001,Owner occupied (dollars),43119,3384,286.0319166666667,60245.68379584679
B25119_003,2015,"Accomack County, Virginia",51001,Renter occupied (dollars),28567,5293,286.0319166666667,39913.69115693674
B25119_001,2015,"Albemarle County, Virginia",51003,All,68449,3020,286.0319166666667,95636.65229114582
B25119_002,2015,"Albemarle County, Virginia",51003,Owner occupied (dollars),87690,4123,286.0319166666667,122520.0958291659
B25119_003,2015,"Albemarle County, Virginia",51003,Renter occupied (dollars),45339,3342,286.0319166666667,63347.45837380035
B25119_001,2015,"Alleghany County, Virginia",51005,All,45007,2876,286.0319166666667,62883.58938286315
B25119_002,2015,"Alleghany County, Virginia",51005,Owner occupied (dollars),52395,3568,286.0319166666667,73206.0716269717
B25119_003,2015,"Alleghany County, Virginia",51005,Renter occupied (dollars),22857,5217,286.0319166666667,31935.703391119227
B25119_001,2015,"Amelia County, Virginia",51007,All,56850,7882,286.0319166666667,79430.57871921634
B25119_002,2015,"Amelia County, Virginia",51007,Owner occupied (dollars),65975,5128,286.0319166666667,92179.98999121018
B25119_003,2015,"Amelia County, Virginia",51007,Renter occupied (dollars),18521,6026,286.0319166666667,25877.462593818927
B25119_001,2015,"Amherst County, Virginia",51009,All,47558,3068,286.0319166666667,66447.83575599808
B25119_002,2015,"Amherst County, Virginia",51009,Owner occupied (dollars),53502,2947,286.0319166666667,74752.76732868097
B25119_003,2015,"Amherst County, Virginia",51009,Renter occupied (dollars),29881,3770,286.0319166666667,41749.60638010385
B25119_001,2015,"Appomattox County, Virginia",51011,All,48823,2438,286.0319166666667,68215.28838712929
B25119_002,2015,"Appomattox County, Virginia",51011,Owner occupied (dollars),56921,4517,286.0319166666667,79529.77961788063
B25119_003,2015,"Appomattox County, Virginia",51011,Renter occupied (dollars),19351,2458,286.0319166666667,27037.135071161927
B25119_001,2015,"Arlington County, Virginia",51013,All,105763,2428,286.0319166666667,147771.61472437077
B25119_002,2015,"Arlington County, Virginia",51013,Owner occupied (dollars),150628,2515,286.0319166666667,210456.80230990535
B25119_003,2015,"Arlington County, Virginia",51013,Renter occupied (dollars),82435,2044,286.0319166666667,115177.83213225329
B25119_001,2015,"Augusta County, Virginia",51015,All,54558,1909,286.0319166666667,76228.20604684266
B25119_002,2015,"Augusta County, Virginia",51015,Owner occupied (dollars),58815,1888,286.0319166666667,82176.068379432
B25119_003,2015,"Augusta County, Virginia",51015,Renter occupied (dollars),33068,6887,286.0319166666667,46202.4692539498
B25119_001,2015,"Bath County, Virginia",51017,All,43646,7122,286.0319166666667,60982.005959171795
B25119_002,2015,"Bath County, Virginia",51017,Owner occupied (dollars),47873,5718,286.0319166666667,66887.95241908608
B25119_003,2015,"Bath County, Virginia",51017,Renter occupied (dollars),37479,6505,286.0319166666667,52365.49973293772
B25119_001,2015,"Bedford County, Virginia",51019,All,56316,1620,286.0319166666667,78684.47618560049
B25119_002,2015,"Bedford County, Virginia",51019,Owner occupied (dollars),62921,2538,286.0319166666667,87912.95415289026
B25119_003,2015,"Bedford County, Virginia",51019,Renter occupied (dollars),32249,4187,286.0319166666667,45058.165929920986
B25119_001,2015,"Bland County, Virginia",51021,All,45294,3389,286.0319166666667,63284.58456478778
B25119_002,2015,"Bland County, Virginia",51021,Owner occupied (dollars),47447,6299,286.0319166666667,66292.7470271004
B25119_003,2015,"Bland County, Virginia",51021,Renter occupied (dollars),26233,4877,286.0319166666667,36652.636262817985
B25119_001,2015,"Botetourt County, Virginia",51023,All,60454,2689,286.0319166666667,84466.07222324547
B25119_002,2015,"Botetourt County, Virginia",51023,Owner occupied (dollars),65603,4205,286.0319166666667,91660.23317003957
B25119_003,2015,"Botetourt County, Virginia",51023,Renter occupied (dollars),39428,4869,286.0319166666667,55088.63426106002
B25119_001,2015,"Brunswick County, Virginia",51025,All,36919,2485,286.0319166666667,51583.07010967015
B25119_002,2015,"Brunswick County, Virginia",51025,Owner occupied (dollars),47724,6185,286.0319166666667,66679.77025146669
B25119_003,2015,"Brunswick County, Virginia",51025,Renter occupied (dollars),20389,5431,286.0319166666667,28487.424265718593
B25119_001,2015,"Buchanan County, Virginia",51027,All,29679,1966,286.0319166666667,41467.37283742519
B25119_002,2015,"Buchanan County, Virginia",51027,Owner occupied (dollars),32528,3942,286.0319166666667,45447.98354579893
B25119_003,2015,"Buchanan County, Virginia",51027,Renter occupied (dollars),18138,3207,286.0319166666667,25342.336619334146
B25119_001,2015,"Buckingham County, Virginia",51029,All,40331,2976,286.0319166666667,56350.30202857897
B25119_002,2015,"Buckingham County, Virginia",51029,Owner occupied (dollars),49672,4643,286.0319166666667,69401.50758383315
B25119_003,2015,"Buckingham County, Virginia",51029,Renter occupied (dollars),22839,6102,286.0319166666667,31910.553867514198
B25119_001,2015,"Campbell County, Virginia",51031,All,47699,2817,286.0319166666667,66644.8403575708
B25119_002,2015,"Campbell County, Virginia",51031,Owner occupied (dollars),53645,2432,286.0319166666667,74952.56632176536
B25119_003,2015,"Campbell County, Virginia",51031,Renter occupied (dollars),29958,3923,286.0319166666667,41857.190453303134
B25119_001,2015,"Caroline County, Virginia",51033,All,59227,4268,286.0319166666667,82751.713030836
B25119_002,2015,"Caroline County, Virginia",51033,Owner occupied (dollars),66728,4061,286.0319166666667,93232.07839535389
B25119_003,2015,"Caroline County, Virginia",51033,Renter occupied (dollars),43594,4173,286.0319166666667,60909.35177986838
B25119_001,2015,"Carroll County, Virginia",51035,All,35000,2955,286.0319166666667,48901.8514542229
B25119_002,2015,"Carroll County, Virginia",51035,Owner occupied (dollars),42530,2642,286.0319166666667,59422.73549566
B25119_003,2015,"Carroll County, Virginia",51035,Renter occupied (dollars),19980,3982,286.0319166666667,27915.971201582106
B25119_001,2015,"Charles City County, Virginia",51036,All,49563,3732,286.0319166666667,69249.21324644714
B25119_002,2015,"Charles City County, Virginia",51036,Owner occupied (dollars),54954,3607,286.0319166666667,76781.4955661533
B25119_003,2015,"Charles City County, Virginia",51036,Renter occupied (dollars),32452,7775,286.0319166666667,45341.79666835548
B25119_001,2015,"Charlotte County, Virginia",51037,All,35079,5329,286.0319166666667,49012.22991893387
B25119_002,2015,"Charlotte County, Virginia",51037,Owner occupied (dollars),38865,4148,286.0319166666667,54302.01305052495
B25119_003,2015,"Charlotte County, Virginia",51037,Renter occupied (dollars),23647,1796,286.0319166666667,33039.48803822883
B25119_001,2015,"Chesterfield County, Virginia",51041,All,72609,1175,286.0319166666667,101448.98663541918
B25119_002,2015,"Chesterfield County, Virginia",51041,Owner occupied (dollars),83267,1246,286.0319166666667,116340.29900110797
B25119_003,2015,"Chesterfield County, Virginia",51041,Renter occupied (dollars),45615,1776,286.0319166666667,63733.084402410794
B25119_001,2015,"Clarke County, Virginia",51043,All,71295,4893,286.0319166666667,99613.07141225206
B25119_002,2015,"Clarke County, Virginia",51043,Owner occupied (dollars),84757,10542,286.0319166666667,118422.12067730202
B25119_003,2015,"Clarke County, Virginia",51043,Renter occupied (dollars),40964,4492,286.0319166666667,57234.72694202249
B25119_001,2015,"Craig County, Virginia",51045,All,44330,5528,286.0319166666667,61937.6878561629
B25119_002,2015,"Craig County, Virginia",51045,Owner occupied (dollars),51989,12836,286.0319166666667,72638.8101501027
B25119_003,2015,"Craig County, Virginia",51045,Renter occupied (dollars),20000,11244,286.0319166666667,27943.915116698805
B25119_001,2015,"Culpeper County, Virginia",51047,All,66697,3512,286.0319166666667,93188.765326923
B25119_002,2015,"Culpeper County, Virginia",51047,Owner occupied (dollars),79177,2817,286.0319166666667,110625.76835974306
B25119_003,2015,"Culpeper County, Virginia",51047,Renter occupied (dollars),40044,3459,286.0319166666667,55949.30684665434
B25119_001,2015,"Cumberland County, Virginia",51049,All,39301,6122,286.0319166666667,54911.19040006898
B25119_002,2015,"Cumberland County, Virginia",51049,Owner occupied (dollars),46055,9969,286.0319166666667,64347.85053497817
B25119_003,2015,"Cumberland County, Virginia",51049,Renter occupied (dollars),30558,5325,286.0319166666667,42695.5079068041
B25119_001,2015,"Dickenson County, Virginia",51051,All,33624,3355,286.0319166666667,46979.31009419403
B25119_002,2015,"Dickenson County, Virginia",51051,Owner occupied (dollars),39629,3106,286.0319166666667,55369.47060798285
B25119_003,2015,"Dickenson County, Virginia",51051,Renter occupied (dollars),16698,2314,286.0319166666667,23330.37473093183
B25119_001,2015,"Dinwiddie County, Virginia",51053,All,51397,2129,286.0319166666667,71811.67026264842
B25119_002,2015,"Dinwiddie County, Virginia",51053,Owner occupied (dollars),56706,3599,286.0319166666667,79229.38253037611
B25119_003,2015,"Dinwiddie County, Virginia",51053,Renter occupied (dollars),39599,5536,286.0319166666667,55327.55473530779
B25119_001,2015,"Essex County, Virginia",51057,All,42760,5157,286.0319166666667,59744.09051950204
B25119_002,2015,"Essex County, Virginia",51057,Owner occupied (dollars),51216,2203,286.0319166666667,71558.7778308423
B25119_003,2015,"Essex County, Virginia",51057,Renter occupied (dollars),28608,5328,286.0319166666667,39970.976182925966
B25119_001,2015,"Fairfax County, Virginia",51059,All,112552,1041,286.0319166666667,157257.17671073417
B25119_002,2015,"Fairfax County, Virginia",51059,Owner occupied (dollars),138056,1347,286.0319166666667,192891.2572675485
B25119_003,2015,"Fairfax County, Virginia",51059,Renter occupied (dollars),74263,1232,286.0319166666667,103759.94841557016
B25119_001,2015,"Fauquier County, Virginia",51061,All,91609,3727,286.0319166666667,127995.70599628304
B25119_002,2015,"Fauquier County, Virginia",51061,Owner occupied (dollars),105701,3930,286.0319166666667,147684.988587509
B25119_003,2015,"Fauquier County, Virginia",51061,Renter occupied (dollars),49817,3591,286.0319166666667,69604.10096842921
B25119_001,2015,"Floyd County, Virginia",51063,All,48005,4456,286.0319166666667,67072.3822588563
B25119_002,2015,"Floyd County, Virginia",51063,Owner occupied (dollars),52254,5049,286.0319166666667,73009.06702539897
B25119_003,2015,"Floyd County, Virginia",51063,Renter occupied (dollars),39795,5350,286.0319166666667,55601.40510345144
B25119_001,2015,"Fluvanna County, Virginia",51065,All,63938,3207,286.0319166666667,89333.9022365744
B25119_002,2015,"Fluvanna County, Virginia",51065,Owner occupied (dollars),66702,4072,286.0319166666667,93195.75130570217
B25119_003,2015,"Fluvanna County, Virginia",51065,Renter occupied (dollars),54236,11238,286.0319166666667,75778.30901346382
B25119_001,2015,"Franklin County, Virginia",51067,All,46870,2784,286.0319166666667,65486.56507598364
B25119_002,2015,"Franklin County, Virginia",51067,Owner occupied (dollars),54757,2093,286.0319166666667,76506.24800225382
B25119_003,2015,"Franklin County, Virginia",51067,Renter occupied (dollars),26342,2339,286.0319166666667,36804.930600203996
B25119_001,2015,"Frederick County, Virginia",51069,All,69098,3616,286.0319166666667,96543.4323366827
B25119_002,2015,"Frederick County, Virginia",51069,Owner occupied (dollars),77894,2426,286.0319166666667,108833.16620500683
B25119_003,2015,"Frederick County, Virginia",51069,Renter occupied (dollars),46210,3864,286.0319166666667,64564.41587713258
B25119_001,2015,"Giles County, Virginia",51071,All,46390,1866,286.0319166666667,64815.911113182876
B25119_002,2015,"Giles County, Virginia",51071,Owner occupied (dollars),50115,2312,286.0319166666667,70020.46530366802
B25119_003,2015,"Giles County, Virginia",51071,Renter occupied (dollars),34099,8373,286.0319166666667,47642.97807821562
B25119_001,2015,"Gloucester County, Virginia",51073,All,61121,4014,286.0319166666667,85398.00179238738
B25119_002,2015,"Gloucester County, Virginia",51073,Owner occupied (dollars),69987,4706,286.0319166666667,97785.53936361996
B25119_003,2015,"Gloucester County, Virginia",51073,Renter occupied (dollars),40667,4593,286.0319166666667,56819.75980253951
B25119_001,2015,"Goochland County, Virginia",51075,All,79330,5125,286.0319166666667,110839.53931038581
B25119_002,2015,"Goochland County, Virginia",51075,Owner occupied (dollars),84876,6411,286.0319166666667,118588.38697224639
B25119_003,2015,"Goochland County, Virginia",51075,Renter occupied (dollars),37384,7925,286.0319166666667,52232.7661361334
B25119_001,2015,"Grayson County, Virginia",51077,All,29942,1952,286.0319166666667,41834.83532120978
B25119_002,2015,"Grayson County, Virginia",51077,Owner occupied (dollars),34647,3143,286.0319166666667,48408.64135241317
B25119_003,2015,"Grayson County, Virginia",51077,Renter occupied (dollars),22089,3166,286.0319166666667,30862.657050637994
B25119_001,2015,"Greene County, Virginia",51079,All,61550,5109,286.0319166666667,85997.39877164057
B25119_002,2015,"Greene County, Virginia",51079,Owner occupied (dollars),71597,7125,286.0319166666667,100035.02453051422
B25119_003,2015,"Greene County, Virginia",51079,Renter occupied (dollars),37079,7606,286.0319166666667,51806.621430603744
B25119_001,2015,"Greensville County, Virginia",51081,All,38012,3342,286.0319166666667,53110.20507079775
B25119_002,2015,"Greensville County, Virginia",51081,Owner occupied (dollars),42542,7354,286.0319166666667,59439.501844730024
B25119_003,2015,"Greensville County, Virginia",51081,Renter occupied (dollars),21197,7571,286.0319166666667,29616.358436433227
B25119_001,2015,"Halifax County, Virginia",51083,All,35240,2552,286.0319166666667,49237.17843562329
B25119_002,2015,"Halifax County, Virginia",51083,Owner occupied (dollars),43542,2800,286.0319166666667,60836.69760056496
B25119_003,2015,"Halifax County, Virginia",51083,Renter occupied (dollars),21100,2524,286.0319166666667,29480.830448117238
B25119_001,2015,"Hanover County, Virginia",51085,All,78645,2618,286.0319166666667,109882.46021763887
B25119_002,2015,"Hanover County, Virginia",51085,Owner occupied (dollars),87787,2576,286.0319166666667,122655.62381748189
B25119_003,2015,"Hanover County, Virginia",51085,Renter occupied (dollars),41429,3163,286.0319166666667,57884.422968485735
B25119_001,2015,"Henrico County, Virginia",51087,All,61934,954,286.0319166666667,86533.92194188118
B25119_002,2015,"Henrico County, Virginia",51087,Owner occupied (dollars),79504,1911,286.0319166666667,111082.65137190108
B25119_003,2015,"Henrico County, Virginia",51087,Renter occupied (dollars),41607,1182,286.0319166666667,58133.12381302436
B25119_001,2015,"Henry County, Virginia",51089,All,35293,1337,286.0319166666667,49311.22981068254
B25119_002,2015,"Henry County, Virginia",51089,Owner occupied (dollars),40563,1989,286.0319166666667,56674.451443932674
B25119_003,2015,"Henry County, Virginia",51089,Renter occupied (dollars),25572,2674,286.0319166666667,35729.08986821109
B25119_001,2015,"Highland County, Virginia",51091,All,43914,5532,286.0319166666667,61356.454421735565
B25119_002,2015,"Highland County, Virginia",51091,Owner occupied (dollars),47893,5189,286.0319166666667,66915.89633420279
B25119_003,2015,"Highland County, Virginia",51091,Renter occupied (dollars),26042,13627,286.0319166666667,36385.77187345351
B25119_001,2015,"Isle of Wight County, Virginia",51093,All,65741,3250,286.0319166666667,91853.0461843448
B25119_002,2015,"Isle of Wight County, Virginia",51093,Owner occupied (dollars),76543,4703,286.0319166666667,106945.55473887382
B25119_003,2015,"Isle of Wight County, Virginia",51093,Renter occupied (dollars),30719,5028,286.0319166666667,42920.456423493524
B25119_001,2015,"James City County, Virginia",51095,All,75710,2922,286.0319166666667,105781.69067426331
B25119_002,2015,"James City County, Virginia",51095,Owner occupied (dollars),89332,4133,286.0319166666667,124814.29126024687
B25119_003,2015,"James City County, Virginia",51095,Renter occupied (dollars),42557,6075,286.0319166666667,59460.45978106755
B25119_001,2015,"King and Queen County, Virginia",51097,All,48292,3864,286.0319166666667,67473.37744078093
B25119_002,2015,"King and Queen County, Virginia",51097,Owner occupied (dollars),49790,6205,286.0319166666667,69566.37668302168
B25119_003,2015,"King and Queen County, Virginia",51097,Renter occupied (dollars),43000,7704,286.0319166666667,60079.417500902426
B25119_001,2015,"King George County, Virginia",51099,All,81688,2511,286.0319166666667,114134.1269026446
B25119_002,2015,"King George County, Virginia",51099,Owner occupied (dollars),93157,6424,286.0319166666667,130158.56502631553
B25119_003,2015,"King George County, Virginia",51099,Renter occupied (dollars),56637,8369,286.0319166666667,79132.9760232235
B25119_001,2015,"King William County, Virginia",51101,All,62031,3513,286.0319166666667,86669.44993019717
B25119_002,2015,"King William County, Virginia",51101,Owner occupied (dollars),67445,7605,286.0319166666667,94233.86775228754
B25119_003,2015,"King William County, Virginia",51101,Renter occupied (dollars),35718,4096,286.0319166666667,49905.03800691239
B25119_001,2015,"Lancaster County, Virginia",51103,All,50374,5580,286.0319166666667,70382.33900442928
B25119_002,2015,"Lancaster County, Virginia",51103,Owner occupied (dollars),57241,3863,286.0319166666667,79976.88225974781
B25119_003,2015,"Lancaster County, Virginia",51103,Renter occupied (dollars),32988,7692,286.0319166666667,46090.693593483
B25119_001,2015,"Lee County, Virginia",51105,All,31086,2013,286.0319166666667,43433.22726588495
B25119_002,2015,"Lee County, Virginia",51105,Owner occupied (dollars),40477,3046,286.0319166666667,56554.292608930875
B25119_003,2015,"Lee County, Virginia",51105,Renter occupied (dollars),17954,2833,286.0319166666667,25085.252600260515
B25119_001,2015,"Loudoun County, Virginia",51107,All,123453,1436,286.0319166666667,172488.00764509087
B25119_002,2015,"Loudoun County, Virginia",51107,Owner occupied (dollars),140833,1713,286.0319166666667,196771.2698815021
B25119_003,2015,"Loudoun County, Virginia",51107,Renter occupied (dollars),71977,3775,286.0319166666667,100565.95891773149
B25119_001,2015,"Louisa County, Virginia",51109,All,57829,3890,286.0319166666667,80798.43336417875
B25119_002,2015,"Louisa County, Virginia",51109,Owner occupied (dollars),64518,3943,286.0319166666667,90144.27577495867
B25119_003,2015,"Louisa County, Virginia",51109,Renter occupied (dollars),37066,7782,286.0319166666667,51788.45788577789
B25119_001,2015,"Lunenburg County, Virginia",51111,All,39506,3696,286.0319166666667,55197.615530015144
B25119_002,2015,"Lunenburg County, Virginia",51111,Owner occupied (dollars),46200,5757,286.0319166666667,64550.44391957424
B25119_003,2015,"Lunenburg County, Virginia",51111,Renter occupied (dollars),22478,5907,286.0319166666667,31406.166199657786
B25119_001,2015,"Madison County, Virginia",51113,All,47736,4973,286.0319166666667,66696.53660053671
B25119_002,2015,"Madison County, Virginia",51113,Owner occupied (dollars),55591,3305,286.0319166666667,77671.50926262015
B25119_003,2015,"Madison County, Virginia",51113,Renter occupied (dollars),32684,5153,286.0319166666667,45665.94608370918
B25119_001,2015,"Mathews County, Virginia",51115,All,63845,5703,286.0319166666667,89203.96303128176
B25119_002,2015,"Mathews County, Virginia",51115,Owner occupied (dollars),68480,6870,286.0319166666667,95679.9653595767
B25119_003,2015,"Mathews County, Virginia",51115,Renter occupied (dollars),39487,13540,286.0319166666667,55171.06881065428
B25119_001,2015,"Mecklenburg County, Virginia",51117,All,37356,2391,286.0319166666667,52193.64465497003
B25119_002,2015,"Mecklenburg County, Virginia",51117,Owner occupied (dollars),43626,2559,286.0319166666667,60954.0620440551
B25119_003,2015,"Mecklenburg County, Virginia",51117,Renter occupied (dollars),22010,2166,286.0319166666667,30752.278585927033
B25119_001,2015,"Middlesex County, Virginia",51119,All,54654,2879,286.0319166666667,76362.33683940282
B25119_002,2015,"Middlesex County, Virginia",51119,Owner occupied (dollars),60355,5228,286.0319166666667,84327.74984341781
B25119_003,2015,"Middlesex County, Virginia",51119,Renter occupied (dollars),31635,6517,286.0319166666667,44200.287735838334
B25119_001,2015,"Montgomery County, Virginia",51121,All,46663,2521,286.0319166666667,65197.34555452581
B25119_002,2015,"Montgomery County, Virginia",51121,Owner occupied (dollars),72419,2577,286.0319166666667,101183.51944181054
B25119_003,2015,"Montgomery County, Virginia",51121,Renter occupied (dollars),24103,1650,286.0319166666667,33676.60930288956
B25119_001,2015,"Nelson County, Virginia",51125,All,47118,6098,286.0319166666667,65833.06962343071
B25119_002,2015,"Nelson County, Virginia",51125,Owner occupied (dollars),55762,9091,286.0319166666667,77910.42973686794
B25119_003,2015,"Nelson County, Virginia",51125,Renter occupied (dollars),30320,7482,286.0319166666667,42362.975316915385
B25119_001,2015,"New Kent County, Virginia",51127,All,73041,6494,286.0319166666667,102052.57520193986
B25119_002,2015,"New Kent County, Virginia",51127,Owner occupied (dollars),80881,7345,286.0319166666667,113006.5899276858
B25119_003,2015,"New Kent County, Virginia",51127,Renter occupied (dollars),49583,17065,286.0319166666667,69277.15716156384
B25119_001,2015,"Northampton County, Virginia",51131,All,35055,2997,286.0319166666667,48978.69722079383
B25119_002,2015,"Northampton County, Virginia",51131,Owner occupied (dollars),42762,5384,286.0319166666667,59746.88491101371
B25119_003,2015,"Northampton County, Virginia",51131,Renter occupied (dollars),23041,6356,286.0319166666667,32192.787410192857
B25119_001,2015,"Northumberland County, Virginia",51133,All,51885,3617,286.0319166666667,72493.50179149587
B25119_002,2015,"Northumberland County, Virginia",51133,Owner occupied (dollars),57614,7502,286.0319166666667,80498.03627667425
B25119_003,2015,"Northumberland County, Virginia",51133,Renter occupied (dollars),27980,11139,286.0319166666667,39093.53724826162
B25119_001,2015,"Nottoway County, Virginia",51135,All,36284,1965,286.0319166666667,50695.850804714966
B25119_002,2015,"Nottoway County, Virginia",51135,Owner occupied (dollars),52666,4742,286.0319166666667,73584.71167680295
B25119_003,2015,"Nottoway County, Virginia",51135,Renter occupied (dollars),24299,3286,286.0319166666667,33950.45967103321
B25119_001,2015,"Orange County, Virginia",51137,All,65166,2789,286.0319166666667,91049.6586247397
B25119_002,2015,"Orange County, Virginia",51137,Owner occupied (dollars),72309,4331,286.0319166666667,101029.82790866868
B25119_003,2015,"Orange County, Virginia",51137,Renter occupied (dollars),33819,6639,286.0319166666667,47251.76326658184
B25119_001,2015,"Page County, Virginia",51139,All,43895,2183,286.0319166666667,61329.9077023747
B25119_002,2015,"Page County, Virginia",51139,Owner occupied (dollars),53114,2997,286.0319166666667,74210.65537541702
B25119_003,2015,"Page County, Virginia",51139,Renter occupied (dollars),32011,3112,286.0319166666667,44725.63334003227
B25119_001,2015,"Patrick County, Virginia",51141,All,33982,4111,286.0319166666667,47479.50617478294
B25119_002,2015,"Patrick County, Virginia",51141,Owner occupied (dollars),40386,3195,286.0319166666667,56427.1477951499
B25119_003,2015,"Patrick County, Virginia",51141,Renter occupied (dollars),20867,4424,286.0319166666667,29155.283837007697
B25119_001,2015,"Pittsylvania County, Virginia",51143,All,41824,1284,286.0319166666667,58436.315292040534
B25119_002,2015,"Pittsylvania County, Virginia",51143,Owner occupied (dollars),45978,1624,286.0319166666667,64240.266461778876
B25119_003,2015,"Pittsylvania County, Virginia",51143,Renter occupied (dollars),28194,2715,286.0319166666667,39392.5371400103
B25119_001,2015,"Powhatan County, Virginia",51145,All,77896,3407,286.0319166666667,108835.9605965185
B25119_002,2015,"Powhatan County, Virginia",51145,Owner occupied (dollars),84425,4957,286.0319166666667,117958.25168636482
B25119_003,2015,"Powhatan County, Virginia",51145,Renter occupied (dollars),44950,6107,286.0319166666667,62803.94922478056
B25119_001,2015,"Prince Edward County, Virginia",51147,All,41697,3991,286.0319166666667,58258.8714310495
B25119_002,2015,"Prince Edward County, Virginia",51147,Owner occupied (dollars),49983,7372,286.0319166666667,69836.03546389782
B25119_003,2015,"Prince Edward County, Virginia",51147,Renter occupied (dollars),26655,4321,286.0319166666667,37242.25287178033
B25119_001,2015,"Prince George County, Virginia",51149,All,61857,3468,286.0319166666667,86426.33786868189
B25119_002,2015,"Prince George County, Virginia",51149,Owner occupied (dollars),74853,4517,286.0319166666667,104584.29391151278
B25119_003,2015,"Prince George County, Virginia",51149,Renter occupied (dollars),48159,3972,286.0319166666667,67287.55040525488
B25119_001,2015,"Prince William County, Virginia",51153,All,98657,1268,286.0319166666667,137843.14168340768
B25119_002,2015,"Prince William County, Virginia",51153,Owner occupied (dollars),117685,2188,286.0319166666667,164428.98252543493
B25119_003,2015,"Prince William County, Virginia",51153,Renter occupied (dollars),59343,1735,286.0319166666667,82913.78773851285
B25119_001,2015,"Pulaski County, Virginia",51155,All,47495,3279,286.0319166666667,66359.81242338048
B25119_002,2015,"Pulaski County, Virginia",51155,Owner occupied (dollars),56359,1618,286.0319166666667,78744.5556031014
B25119_003,2015,"Pulaski County, Virginia",51155,Renter occupied (dollars),28202,5814,286.0319166666667,39403.714706056984
B25119_001,2015,"Rappahannock County, Virginia",51157,All,57210,4021,286.0319166666667,79933.56919131693
B25119_002,2015,"Rappahannock County, Virginia",51157,Owner occupied (dollars),68478,11865,286.0319166666667,95677.17096806504
B25119_003,2015,"Rappahannock County, Virginia",51157,Renter occupied (dollars),33203,16923,286.0319166666667,46391.090680987516
B25119_001,2015,"Richmond County, Virginia",51159,All,47288,6065,286.0319166666667,66070.59290192265
B25119_002,2015,"Richmond County, Virginia",51159,Owner occupied (dollars),52169,4326,286.0319166666667,72890.30538615299
B25119_003,2015,"Richmond County, Virginia",51159,Renter occupied (dollars),30771,6470,286.0319166666667,42993.11060279694
B25119_001,2015,"Roanoke County, Virginia",51161,All,60519,2016,286.0319166666667,84556.88994737474
B25119_002,2015,"Roanoke County, Virginia",51161,Owner occupied (dollars),68667,1718,286.0319166666667,95941.24096591784
B25119_003,2015,"Roanoke County, Virginia",51161,Renter occupied (dollars),40467,3237,286.0319166666667,56540.32065137252
B25119_001,2015,"Rockbridge County, Virginia",51163,All,48901,3747,286.0319166666667,68324.2696560844
B25119_002,2015,"Rockbridge County, Virginia",51163,Owner occupied (dollars),54751,3931,286.0319166666667,76497.8648277188
B25119_003,2015,"Rockbridge County, Virginia",51163,Renter occupied (dollars),33272,3404,286.0319166666667,46487.49718814013
B25119_001,2015,"Rockingham County, Virginia",51165,All,53744,1500,286.0319166666667,75090.88870159302
B25119_002,2015,"Rockingham County, Virginia",51165,Owner occupied (dollars),61109,1099,286.0319166666667,85381.23544331736
B25119_003,2015,"Rockingham County, Virginia",51165,Renter occupied (dollars),36634,2713,286.0319166666667,51184.869319257195
B25119_001,2015,"Russell County, Virginia",51167,All,35045,3038,286.0319166666667,48964.72526323548
B25119_002,2015,"Russell County, Virginia",51167,Owner occupied (dollars),39993,3778,286.0319166666667,55878.04986310676
B25119_003,2015,"Russell County, Virginia",51167,Renter occupied (dollars),15105,3875,286.0319166666667,21104.64189188677
B25119_001,2015,"Scott County, Virginia",51169,All,37240,1803,286.0319166666667,52031.569947293174
B25119_002,2015,"Scott County, Virginia",51169,Owner occupied (dollars),42181,1805,286.0319166666667,58935.11417687361
B25119_003,2015,"Scott County, Virginia",51169,Renter occupied (dollars),18537,2822,286.0319166666667,25899.817725912286
B25119_001,2015,"Shenandoah County, Virginia",51171,All,49406,3055,286.0319166666667,69029.85351278105
B25119_002,2015,"Shenandoah County, Virginia",51171,Owner occupied (dollars),60762,2141,286.0319166666667,84896.40851604263
B25119_003,2015,"Shenandoah County, Virginia",51171,Renter occupied (dollars),29531,2432,286.0319166666667,41260.58786556162
B25119_001,2015,"Smyth County, Virginia",51173,All,37983,1553,286.0319166666667,53069.68639387853
B25119_002,2015,"Smyth County, Virginia",51173,Owner occupied (dollars),44761,2855,286.0319166666667,62539.879226927755
B25119_003,2015,"Smyth County, Virginia",51173,Renter occupied (dollars),22725,2459,286.0319166666667,31751.273551349015
B25119_001,2015,"Southampton County, Virginia",51175,All,48962,4005,286.0319166666667,68409.49859719034
B25119_002,2015,"Southampton County, Virginia",51175,Owner occupied (dollars),62754,4178,286.0319166666667,87679.62246166583
B25119_003,2015,"Southampton County, Virginia",51175,Renter occupied (dollars),26538,8363,286.0319166666667,37078.780968347644
B25119_001,2015,"Spotsylvania County, Virginia",51177,All,78125,2699,286.0319166666667,109155.9184246047
B25119_002,2015,"Spotsylvania County, Virginia",51177,Owner occupied (dollars),90872,2988,286.0319166666667,126965.97272423268
B25119_003,2015,"Spotsylvania County, Virginia",51177,Renter occupied (dollars),50869,2961,286.0319166666667,71073.95090356757
B25119_001,2015,"Stafford County, Virginia",51179,All,97144,2422,286.0319166666667,135729.18450482943
B25119_002,2015,"Stafford County, Virginia",51179,Owner occupied (dollars),113224,2339,286.0319166666667,158196.09225865526
B25119_003,2015,"Stafford County, Virginia",51179,Renter occupied (dollars),55679,2753,286.0319166666667,77794.46248913363
B25119_001,2015,"Surry County, Virginia",51181,All,53673,4311,286.0319166666667,74991.68780292875
B25119_002,2015,"Surry County, Virginia",51181,Owner occupied (dollars),59778,6998,286.0319166666667,83521.56789230106
B25119_003,2015,"Surry County, Virginia",51181,Renter occupied (dollars),24250,8354,286.0319166666667,33881.9970789973
B25119_001,2015,"Sussex County, Virginia",51183,All,39194,4305,286.0319166666667,54761.69045419464
B25119_002,2015,"Sussex County, Virginia",51183,Owner occupied (dollars),50668,6501,286.0319166666667,70793.11455664475
B25119_003,2015,"Sussex County, Virginia",51183,Renter occupied (dollars),25053,4735,286.0319166666667,35003.94527093275
B25119_001,2015,"Tazewell County, Virginia",51185,All,37664,1874,286.0319166666667,52623.98094776719
B25119_002,2015,"Tazewell County, Virginia",51185,Owner occupied (dollars),41913,1801,286.0319166666667,58560.66571430985
B25119_003,2015,"Tazewell County, Virginia",51185,Renter occupied (dollars),21400,2357,286.0319166666667,29899.98917486772
B25119_001,2015,"Warren County, Virginia",51187,All,61454,5225,286.0319166666667,85863.26797908041
B25119_002,2015,"Warren County, Virginia",51187,Owner occupied (dollars),72083,5113,286.0319166666667,100714.06166785
B25119_003,2015,"Warren County, Virginia",51187,Renter occupied (dollars),36195,2946,286.0319166666667,50571.50038244566
B25119_001,2015,"Washington County, Virginia",51191,All,43310,1910,286.0319166666667,60512.54818521126
B25119_002,2015,"Washington County, Virginia",51191,Owner occupied (dollars),51616,2191,286.0319166666667,72117.65613317626
B25119_003,2015,"Washington County, Virginia",51191,Renter occupied (dollars),26400,2126,286.0319166666667,36885.96795404242
B25119_001,2015,"Westmoreland County, Virginia",51193,All,47911,6049,286.0319166666667,66941.04585780783
B25119_002,2015,"Westmoreland County, Virginia",51193,Owner occupied (dollars),55107,7447,286.0319166666667,76995.26651679605
B25119_003,2015,"Westmoreland County, Virginia",51193,Renter occupied (dollars),30574,6618,286.0319166666667,42717.86303889746
B25119_001,2015,"Wise County, Virginia",51195,All,37407,3099,286.0319166666667,52264.90163851761
B25119_002,2015,"Wise County, Virginia",51195,Owner occupied (dollars),47969,4400,286.0319166666667,67022.08321164624
B25119_003,2015,"Wise County, Virginia",51195,Renter occupied (dollars),17416,2252,286.0319166666667,24333.56128362132
B25119_001,2015,"Wythe County, Virginia",51197,All,41360,2679,286.0319166666667,57788.01646133312
B25119_002,2015,"Wythe County, Virginia",51197,Owner occupied (dollars),48756,3239,286.0319166666667,68121.67627148834
B25119_003,2015,"Wythe County, Virginia",51197,Renter occupied (dollars),23817,2653,286.0319166666667,33277.01131672077
B25119_001,2015,"York County, Virginia",51199,All,81749,3290,286.0319166666667,114219.35584375053
B25119_002,2015,"York County, Virginia",51199,Owner occupied (dollars),97454,3243,286.0319166666667,136162.31518913826
B25119_003,2015,"York County, Virginia",51199,Renter occupied (dollars),53058,2623,286.0319166666667,74132.41241309025
B25119_001,2015,"Alexandria city, Virginia",51510,All,89134,2597,286.0319166666667,124537.64650059155
B25119_002,2015,"Alexandria city, Virginia",51510,Owner occupied (dollars),133838,3393,286.0319166666667,186997.8855694367
B25119_003,2015,"Alexandria city, Virginia",51510,Renter occupied (dollars),67811,2127,286.0319166666667,94745.24139892313
B25119_001,2015,"Bristol city, Virginia",51520,All,35368,3636,286.0319166666667,49416.019492370164
B25119_002,2015,"Bristol city, Virginia",51520,Owner occupied (dollars),45852,4296,286.0319166666667,64064.21979654368
B25119_003,2015,"Bristol city, Virginia",51520,Renter occupied (dollars),21350,3527,286.0319166666667,29830.129387075973
B25119_001,2015,"Buena Vista city, Virginia",51530,All,29097,4461,286.0319166666667,40654.20490752925
B25119_002,2015,"Buena Vista city, Virginia",51530,Owner occupied (dollars),34192,6823,286.0319166666667,47772.91728350827
B25119_003,2015,"Buena Vista city, Virginia",51530,Renter occupied (dollars),21033,1599,286.0319166666667,29387.218332476295
B25119_001,2015,"Charlottesville city, Virginia",51540,All,49775,3042,286.0319166666667,69545.41874668414
B25119_002,2015,"Charlottesville city, Virginia",51540,Owner occupied (dollars),81282,6069,286.0319166666667,113566.8654257756
B25119_003,2015,"Charlottesville city, Virginia",51540,Renter occupied (dollars),32629,2732,286.0319166666667,45589.10031713826
B25119_001,2015,"Chesapeake city, Virginia",51550,All,68620,1695,286.0319166666667,95875.57276539359
B25119_002,2015,"Chesapeake city, Virginia",51550,Owner occupied (dollars),82233,1607,286.0319166666667,114895.59858957463
B25119_003,2015,"Chesapeake city, Virginia",51550,Renter occupied (dollars),42165,1744,286.0319166666667,58912.75904478025
B25119_001,2015,"Colonial Heights city, Virginia",51570,All,50304,3528,286.0319166666667,70284.53530152082
B25119_002,2015,"Colonial Heights city, Virginia",51570,Owner occupied (dollars),62260,5239,286.0319166666667,86989.40775828337
B25119_003,2015,"Colonial Heights city, Virginia",51570,Renter occupied (dollars),34744,3047,286.0319166666667,48544.16934072916
B25119_001,2015,"Covington city, Virginia",51580,All,34746,3605,286.0319166666667,48546.96373224083
B25119_002,2015,"Covington city, Virginia",51580,Owner occupied (dollars),40128,6157,286.0319166666667,56066.67129014448
B25119_003,2015,"Covington city, Virginia",51580,Renter occupied (dollars),27200,6606,286.0319166666667,38003.724558710375
B25119_001,2015,"Danville city, Virginia",51590,All,32315,1578,286.0319166666667,45150.38084980609
B25119_002,2015,"Danville city, Virginia",51590,Owner occupied (dollars),43498,1795,286.0319166666667,60775.220987308225
B25119_003,2015,"Danville city, Virginia",51590,Renter occupied (dollars),22164,1583,286.0319166666667,30967.446732325614
B25119_001,2015,"Emporia city, Virginia",51595,All,28601,5096,286.0319166666667,39961.195812635124
B25119_002,2015,"Emporia city, Virginia",51595,Owner occupied (dollars),51696,9624,286.0319166666667,72229.43179364306
B25119_003,2015,"Emporia city, Virginia",51595,Renter occupied (dollars),21573,10339,286.0319166666667,30141.704040627163
B25119_001,2015,"Fairfax city, Virginia",51600,All,105297,7530,286.0319166666667,147120.5215021517
B25119_002,2015,"Fairfax city, Virginia",51600,Owner occupied (dollars),131695,4376,286.0319166666667,184003.69506468246
B25119_003,2015,"Fairfax city, Virginia",51600,Renter occupied (dollars),60669,6544,286.0319166666667,84766.46931074999
B25119_001,2015,"Falls Church city, Virginia",51610,All,120522,7243,286.0319166666667,168392.82688473866
B25119_002,2015,"Falls Church city, Virginia",51610,Owner occupied (dollars),177799,10121,286.0319166666667,248420.0081916965
B25119_003,2015,"Falls Church city, Virginia",51610,Renter occupied (dollars),71465,12811,286.0319166666667,99850.594690744
B25119_001,2015,"Franklin city, Virginia",51620,All,32399,4457,286.0319166666667,45267.745293296226
B25119_002,2015,"Franklin city, Virginia",51620,Owner occupied (dollars),60179,7468,286.0319166666667,84081.84339039086
B25119_003,2015,"Franklin city, Virginia",51620,Renter occupied (dollars),26532,5130,286.0319166666667,37070.39779381263
B25119_001,2015,"Fredericksburg city, Virginia",51630,All,51762,5045,286.0319166666667,72321.64671352817
B25119_002,2015,"Fredericksburg city, Virginia",51630,Owner occupied (dollars),97383,9693,286.0319166666667,136063.11429047398
B25119_003,2015,"Fredericksburg city, Virginia",51630,Renter occupied (dollars),39347,4454,286.0319166666667,54975.46140483739
B25119_001,2015,"Galax city, Virginia",51640,All,30604,2670,286.0319166666667,42759.77891157251
B25119_002,2015,"Galax city, Virginia",51640,Owner occupied (dollars),40092,8579,286.0319166666667,56016.37224293442
B25119_003,2015,"Galax city, Virginia",51640,Renter occupied (dollars),17334,3774,286.0319166666667,24218.991231642853
B25119_001,2015,"Hampton city, Virginia",51650,All,49190,1493,286.0319166666667,68728.0592295207
B25119_002,2015,"Hampton city, Virginia",51650,Owner occupied (dollars),65335,1694,286.0319166666667,91285.78470747582
B25119_003,2015,"Hampton city, Virginia",51650,Renter occupied (dollars),31630,2022,286.0319166666667,44193.301757059155
B25119_001,2015,"Harrisonburg city, Virginia",51660,All,38750,2789,286.0319166666667,54141.33553860393
B25119_002,2015,"Harrisonburg city, Virginia",51660,Owner occupied (dollars),65158,5936,286.0319166666667,91038.48105869303
B25119_003,2015,"Harrisonburg city, Virginia",51660,Renter occupied (dollars),28944,2197,286.0319166666667,40440.43395688651
B25119_001,2015,"Hopewell city, Virginia",51670,All,39064,2675,286.0319166666667,54580.055005936105
B25119_002,2015,"Hopewell city, Virginia",51670,Owner occupied (dollars),51979,3599,286.0319166666667,72624.83819254435
B25119_003,2015,"Hopewell city, Virginia",51670,Renter occupied (dollars),30741,2977,286.0319166666667,42951.1947301219
B25119_001,2015,"Lexington city, Virginia",51678,All,34017,5075,286.0319166666667,47528.40802623716
B25119_002,2015,"Lexington city, Virginia",51678,Owner occupied (dollars),42438,17448,286.0319166666667,59294.19348612319
B25119_003,2015,"Lexington city, Virginia",51678,Renter occupied (dollars),21793,9844,286.0319166666667,30449.08710691085
B25119_001,2015,"Lynchburg city, Virginia",51680,All,39589,1379,286.0319166666667,55313.58277774945
B25119_002,2015,"Lynchburg city, Virginia",51680,Owner occupied (dollars),59803,2342,286.0319166666667,83556.49778619692
B25119_003,2015,"Lynchburg city, Virginia",51680,Renter occupied (dollars),25004,1943,286.0319166666667,34935.48267889684
B25119_001,2015,"Manassas city, Virginia",51683,All,72890,2825,286.0319166666667,101841.59864280879
B25119_002,2015,"Manassas city, Virginia",51683,Owner occupied (dollars),92308,5885,286.0319166666667,128972.34582961166
B25119_003,2015,"Manassas city, Virginia",51683,Renter occupied (dollars),50721,5278,286.0319166666667,70867.165931704
B25119_001,2015,"Manassas Park city, Virginia",51685,All,73528,5329,286.0319166666667,102733.00953503148
B25119_002,2015,"Manassas Park city, Virginia",51685,Owner occupied (dollars),77287,8411,286.0319166666667,107985.06838121502
B25119_003,2015,"Manassas Park city, Virginia",51685,Renter occupied (dollars),66946,7605,286.0319166666667,93536.6670701259
B25119_001,2015,"Martinsville city, Virginia",51690,All,29587,3621,286.0319166666667,41338.83082788838
B25119_002,2015,"Martinsville city, Virginia",51690,Owner occupied (dollars),46989,3375,286.0319166666667,65652.831370928
B25119_003,2015,"Martinsville city, Virginia",51690,Renter occupied (dollars),19488,1795,286.0319166666667,27228.550889711314
B25119_001,2015,"Newport News city, Virginia",51700,All,50077,1054,286.0319166666667,69967.3718649463
B25119_002,2015,"Newport News city, Virginia",51700,Owner occupied (dollars),68340,1821,286.0319166666667,95484.35795375981
B25119_003,2015,"Newport News city, Virginia",51700,Renter occupied (dollars),35517,1737,286.0319166666667,49624.20165998957
B25119_001,2015,"Norfolk city, Virginia",51710,All,44480,1077,286.0319166666667,62147.26721953814
B25119_002,2015,"Norfolk city, Virginia",51710,Owner occupied (dollars),64631,1382,286.0319166666667,90302.15889536802
B25119_003,2015,"Norfolk city, Virginia",51710,Renter occupied (dollars),32080,802,286.0319166666667,44822.03984718488
B25119_001,2015,"Norton city, Virginia",51720,All,27731,9027,286.0319166666667,38745.63550505872
B25119_002,2015,"Norton city, Virginia",51720,Owner occupied (dollars),40152,15467,286.0319166666667,56100.20398828452
B25119_003,2015,"Norton city, Virginia",51720,Renter occupied (dollars),18908,4342,286.0319166666667,26418.17735132705
B25119_001,2015,"Petersburg city, Virginia",51730,All,31798,1732,286.0319166666667,44428.03064403943
B25119_002,2015,"Petersburg city, Virginia",51730,Owner occupied (dollars),49190,2299,286.0319166666667,68728.0592295207
B25119_003,2015,"Petersburg city, Virginia",51730,Renter occupied (dollars),24050,2512,286.0319166666667,33602.55792783031
B25119_001,2015,"Poquoson city, Virginia",51735,All,83735,6283,286.0319166666667,116994.18661483872
B25119_002,2015,"Poquoson city, Virginia",51735,Owner occupied (dollars),90810,6733,286.0319166666667,126879.34658737092
B25119_003,2015,"Poquoson city, Virginia",51735,Renter occupied (dollars),51020,13875,286.0319166666667,71284.92746269864
B25119_001,2015,"Portsmouth city, Virginia",51740,All,45676,1325,286.0319166666667,63818.313343516726
B25119_002,2015,"Portsmouth city, Virginia",51740,Owner occupied (dollars),60482,1401,286.0319166666667,84505.19370440886
B25119_003,2015,"Portsmouth city, Virginia",51740,Renter occupied (dollars),31048,1098,286.0319166666667,43380.13382716322
B25119_001,2015,"Radford city, Virginia",51750,All,29912,5745,286.0319166666667,41792.91944853473
B25119_002,2015,"Radford city, Virginia",51750,Owner occupied (dollars),54109,4543,286.0319166666667,75600.86515247278
B25119_003,2015,"Radford city, Virginia",51750,Renter occupied (dollars),14627,3244,286.0319166666667,20436.78232059767
B25119_001,2015,"Richmond city, Virginia",51760,All,40758,778,286.0319166666667,56946.90461632049
B25119_002,2015,"Richmond city, Virginia",51760,Owner occupied (dollars),65501,2269,286.0319166666667,91517.71920294441
B25119_003,2015,"Richmond city, Virginia",51760,Renter occupied (dollars),28466,1256,286.0319166666667,39772.57438559741
B25119_001,2015,"Roanoke city, Virginia",51770,All,39930,1326,286.0319166666667,55790.02653048916
B25119_002,2015,"Roanoke city, Virginia",51770,Owner occupied (dollars),52765,1996,286.0319166666667,73723.03405663061
B25119_003,2015,"Roanoke city, Virginia",51770,Renter occupied (dollars),26530,1875,286.0319166666667,37067.60340230096
B25119_001,2015,"Salem city, Virginia",51775,All,50068,3333,286.0319166666667,69954.79710314378
B25119_002,2015,"Salem city, Virginia",51775,Owner occupied (dollars),60934,6437,286.0319166666667,85136.72618604625
B25119_003,2015,"Salem city, Virginia",51775,Renter occupied (dollars),33345,2318,286.0319166666667,46589.49247831608
B25119_001,2015,"Staunton city, Virginia",51790,All,40842,2458,286.0319166666667,57064.26905981063
B25119_002,2015,"Staunton city, Virginia",51790,Owner occupied (dollars),57212,6149,286.0319166666667,79936.36358282859
B25119_003,2015,"Staunton city, Virginia",51790,Renter occupied (dollars),25499,3050,286.0319166666667,35627.09457803514
B25119_001,2015,"Suffolk city, Virginia",51800,All,65499,1792,286.0319166666667,91514.92481143275
B25119_002,2015,"Suffolk city, Virginia",51800,Owner occupied (dollars),79594,1722,286.0319166666667,111208.39898992622
B25119_003,2015,"Suffolk city, Virginia",51800,Renter occupied (dollars),34295,1990,286.0319166666667,47916.82844635927
B25119_001,2015,"Virginia Beach city, Virginia",51810,All,66634,918,286.0319166666667,93100.7419943054
B25119_002,2015,"Virginia Beach city, Virginia",51810,Owner occupied (dollars),81974,1582,286.0319166666667,114533.72488881339
B25119_003,2015,"Virginia Beach city, Virginia",51810,Renter occupied (dollars),46950,1187,286.0319166666667,65598.34073645044
B25119_001,2015,"Waynesboro city, Virginia",51820,All,45643,2406,286.0319166666667,63772.20588357417
B25119_002,2015,"Waynesboro city, Virginia",51820,Owner occupied (dollars),56681,2258,286.0319166666667,79194.45263648024
B25119_003,2015,"Waynesboro city, Virginia",51820,Renter occupied (dollars),27740,2902,286.0319166666667,38758.21026686124
B25119_001,2015,"Williamsburg city, Virginia",51830,All,48639,4653,286.0319166666667,67958.20436805565
B25119_002,2015,"Williamsburg city, Virginia",51830,Owner occupied (dollars),70678,8805,286.0319166666667,98751.0016309019
B25119_003,2015,"Williamsburg city, Virginia",51830,Renter occupied (dollars),33973,5524,286.0319166666667,47466.93141298042
B25119_001,2015,"Winchester city, Virginia",51840,All,45363,2293,286.0319166666667,63380.99107194039
B25119_002,2015,"Winchester city, Virginia",51840,Owner occupied (dollars),71399,7885,286.0319166666667,99758.3797708589
B25119_003,2015,"Winchester city, Virginia",51840,Renter occupied (dollars),33636,4256,286.0319166666667,46996.07644326405
B25119_001,2016,"Accomack County, Virginia",51001,All,38503,2185,296.8204166666667,51840.90242356981
B25119_002,2016,"Accomack County, Virginia",51001,Owner occupied (dollars),44370,4172,296.8204166666667,59740.30180852901
B25119_003,2016,"Accomack County, Virginia",51001,Renter occupied (dollars),26189,3532,296.8204166666667,35261.18467576214
B25119_001,2016,"Albemarle County, Virginia",51003,All,70342,1896,296.8204166666667,94709.31507359809
B25119_002,2016,"Albemarle County, Virginia",51003,Owner occupied (dollars),88641,3504,296.8204166666667,119347.3088260045
B25119_003,2016,"Albemarle County, Virginia",51003,Renter occupied (dollars),48350,3132,296.8204166666667,65099.0216912864
B25119_001,2016,"Alleghany County, Virginia",51005,All,45538,3210,296.8204166666667,61312.911060554296
B25119_002,2016,"Alleghany County, Virginia",51005,Owner occupied (dollars),52370,2578,296.8204166666667,70511.59805527753
B25119_003,2016,"Alleghany County, Virginia",51005,Renter occupied (dollars),23868,3103,296.8204166666667,32136.162352174226
B25119_001,2016,"Amelia County, Virginia",51007,All,58269,6621,296.8204166666667,78454.08262522373
B25119_002,2016,"Amelia County, Virginia",51007,Owner occupied (dollars),67122,6736,296.8204166666667,90373.86833428181
B25119_003,2016,"Amelia County, Virginia",51007,Renter occupied (dollars),19534,14705,296.8204166666667,26300.81261049821
B25119_001,2016,"Amherst County, Virginia",51009,All,47002,2852,296.8204166666667,63284.05827370927
B25119_002,2016,"Amherst County, Virginia",51009,Owner occupied (dollars),53723,2145,296.8204166666667,72333.29353300888
B25119_003,2016,"Amherst County, Virginia",51009,Renter occupied (dollars),28488,4202,296.8204166666667,38356.5859346715
B25119_001,2016,"Appomattox County, Virginia",51011,All,52134,4386,296.8204166666667,70193.84481599845
B25119_002,2016,"Appomattox County, Virginia",51011,Owner occupied (dollars),61630,4321,296.8204166666667,82979.37346088895
B25119_003,2016,"Appomattox County, Virginia",51011,Renter occupied (dollars),19094,3001,296.8204166666667,25708.39131692704
B25119_001,2016,"Arlington County, Virginia",51013,All,108706,2294,296.8204166666667,146363.06622488063
B25119_002,2016,"Arlington County, Virginia",51013,Owner occupied (dollars),154479,4296,296.8204166666667,207992.38411268318
B25119_003,2016,"Arlington County, Virginia",51013,Renter occupied (dollars),84585,2482,296.8204166666667,113886.261628903
B25119_001,2016,"Augusta County, Virginia",51015,All,56802,1847,296.8204166666667,76478.89617597622
B25119_002,2016,"Augusta County, Virginia",51015,Owner occupied (dollars),60910,3222,296.8204166666667,82009.95679868158
B25119_003,2016,"Augusta County, Virginia",51015,Renter occupied (dollars),37526,4033,296.8204166666667,50525.457869435646
B25119_001,2016,"Bath County, Virginia",51017,All,44985,4210,296.8204166666667,60568.3452074978
B25119_002,2016,"Bath County, Virginia",51017,Owner occupied (dollars),47865,3279,296.8204166666667,64446.01185632727
B25119_003,2016,"Bath County, Virginia",51017,Renter occupied (dollars),42748,9819,296.8204166666667,57556.42149450074
B25119_001,2016,"Bedford County, Virginia",51019,All,56725,1634,296.8204166666667,76375.22244960126
B25119_002,2016,"Bedford County, Virginia",51019,Owner occupied (dollars),63082,2377,296.8204166666667,84934.3637296738
B25119_003,2016,"Bedford County, Virginia",51019,Renter occupied (dollars),33846,5441,296.8204166666667,45570.66159593132
B25119_001,2016,"Bland County, Virginia",51021,All,47800,2803,296.8204166666667,64358.49507432244
B25119_002,2016,"Bland County, Virginia",51021,Owner occupied (dollars),50625,7833,296.8204166666667,68162.10906145551
B25119_003,2016,"Bland County, Virginia",51021,Renter occupied (dollars),26822,15730,296.8204166666667,36113.463491286115
B25119_001,2016,"Botetourt County, Virginia",51023,All,61470,2704,296.8204166666667,82763.94753595398
B25119_002,2016,"Botetourt County, Virginia",51023,Owner occupied (dollars),65841,3514,296.8204166666667,88649.11452277121
B25119_003,2016,"Botetourt County, Virginia",51023,Renter occupied (dollars),40219,5345,296.8204166666667,54151.34546849737
B25119_001,2016,"Brunswick County, Virginia",51025,All,38858,1894,296.8204166666667,52318.87869451928
B25119_002,2016,"Brunswick County, Virginia",51025,Owner occupied (dollars),50418,3295,296.8204166666667,67883.40177107089
B25119_003,2016,"Brunswick County, Virginia",51025,Renter occupied (dollars),21717,3408,296.8204166666667,29240.030073829716
B25119_001,2016,"Buchanan County, Virginia",51027,All,30335,1753,296.8204166666667,40843.40895563956
B25119_002,2016,"Buchanan County, Virginia",51027,Owner occupied (dollars),33116,3841,296.8204166666667,44587.78081341552
B25119_003,2016,"Buchanan County, Virginia",51027,Renter occupied (dollars),18039,2946,296.8204166666667,24287.92662438708
B25119_001,2016,"Buckingham County, Virginia",51029,All,43514,2817,296.8204166666667,58587.77311012692
B25119_002,2016,"Buckingham County, Virginia",51029,Owner occupied (dollars),50628,2978,296.8204166666667,68166.14829754805
B25119_003,2016,"Buckingham County, Virginia",51029,Renter occupied (dollars),26815,6154,296.8204166666667,36104.038607070215
B25119_001,2016,"Campbell County, Virginia",51031,All,47005,1482,296.8204166666667,63288.0975098018
B25119_002,2016,"Campbell County, Virginia",51031,Owner occupied (dollars),53635,2337,296.8204166666667,72214.80927429465
B25119_003,2016,"Campbell County, Virginia",51031,Renter occupied (dollars),30999,3391,296.8204166666667,41737.42654411969
B25119_001,2016,"Caroline County, Virginia",51033,All,57294,3839,296.8204166666667,77141.33089515124
B25119_002,2016,"Caroline County, Virginia",51033,Owner occupied (dollars),65722,4479,296.8204166666667,88488.89149110082
B25119_003,2016,"Caroline County, Virginia",51033,Renter occupied (dollars),44466,4138,296.8204166666667,59869.55736348999
B25119_001,2016,"Carroll County, Virginia",51035,All,37048,2774,296.8204166666667,49881.87291869242
B25119_002,2016,"Carroll County, Virginia",51035,Owner occupied (dollars),43547,2411,296.8204166666667,58632.20470714475
B25119_003,2016,"Carroll County, Virginia",51035,Renter occupied (dollars),24346,4955,296.8204166666667,32779.74730291745
B25119_001,2016,"Charles City County, Virginia",51036,All,54167,4552,296.8204166666667,72931.10047470342
B25119_002,2016,"Charles City County, Virginia",51036,Owner occupied (dollars),60331,2950,296.8204166666667,81230.38423282315
B25119_003,2016,"Charles City County, Virginia",51036,Renter occupied (dollars),40152,5543,296.8204166666667,54061.13586243085
B25119_001,2016,"Charlotte County, Virginia",51037,All,33837,3383,296.8204166666667,45558.54388765373
B25119_002,2016,"Charlotte County, Virginia",51037,Owner occupied (dollars),39211,4367,296.8204166666667,52794.162141407054
B25119_003,2016,"Charlotte County, Virginia",51037,Renter occupied (dollars),23450,2055,296.8204166666667,31573.362123281615
B25119_001,2016,"Chesterfield County, Virginia",51041,All,73869,1130,296.8204166666667,99458.11030638334
B25119_002,2016,"Chesterfield County, Virginia",51041,Owner occupied (dollars),84846,1238,296.8204166666667,114237.67516895317
B25119_003,2016,"Chesterfield County, Virginia",51041,Renter occupied (dollars),46124,1961,296.8204166666667,62101.90851062862
B25119_001,2016,"Clarke County, Virginia",51043,All,71986,4237,296.8204166666667,96922.81645230492
B25119_002,2016,"Clarke County, Virginia",51043,Owner occupied (dollars),87143,14790,296.8204166666667,117330.38360380084
B25119_003,2016,"Clarke County, Virginia",51043,Renter occupied (dollars),40663,2906,296.8204166666667,54749.15241019191
B25119_001,2016,"Craig County, Virginia",51045,All,40500,15270,296.8204166666667,54529.68724916441
B25119_002,2016,"Craig County, Virginia",51045,Owner occupied (dollars),47184,16490,296.8204166666667,63529.1052633228
B25119_003,2016,"Craig County, Virginia",51045,Renter occupied (dollars),19773,13369,296.8204166666667,26622.60508586982
B25119_001,2016,"Culpeper County, Virginia",51047,All,66160,3269,296.8204166666667,89078.6199606103
B25119_002,2016,"Culpeper County, Virginia",51047,Owner occupied (dollars),79626,3452,296.8204166666667,107209.40436794976
B25119_003,2016,"Culpeper County, Virginia",51047,Renter occupied (dollars),39055,3611,296.8204166666667,52584.12186459546
B25119_001,2016,"Cumberland County, Virginia",51049,All,37489,5331,296.8204166666667,50475.640624294436
B25119_002,2016,"Cumberland County, Virginia",51049,Owner occupied (dollars),44344,7527,296.8204166666667,59705.29509572707
B25119_003,2016,"Cumberland County, Virginia",51049,Renter occupied (dollars),25029,4381,296.8204166666667,33699.3467199836
B25119_001,2016,"Dickenson County, Virginia",51051,All,31226,3132,296.8204166666667,42043.06207512118
B25119_002,2016,"Dickenson County, Virginia",51051,Owner occupied (dollars),38528,3670,296.8204166666667,51874.562724340896
B25119_003,2016,"Dickenson County, Virginia",51051,Renter occupied (dollars),16790,1798,296.8204166666667,22606.257997863468
B25119_001,2016,"Dinwiddie County, Virginia",51053,All,51579,2863,296.8204166666667,69446.58613888027
B25119_002,2016,"Dinwiddie County, Virginia",51053,Owner occupied (dollars),58045,3522,296.8204166666667,78152.48633031477
B25119_003,2016,"Dinwiddie County, Virginia",51053,Renter occupied (dollars),35149,8646,296.8204166666667,47325.03647212049
B25119_001,2016,"Essex County, Virginia",51057,All,47527,5754,296.8204166666667,63990.92458990214
B25119_002,2016,"Essex County, Virginia",51057,Owner occupied (dollars),54095,4552,296.8204166666667,72834.15880848268
B25119_003,2016,"Essex County, Virginia",51057,Renter occupied (dollars),34455,2546,296.8204166666667,46390.62652271505
B25119_001,2016,"Fairfax County, Virginia",51059,All,114329,1028,296.8204166666667,153933.941074314
B25119_002,2016,"Fairfax County, Virginia",51059,Owner occupied (dollars),140383,1058,296.8204166666667,189013.36012591227
B25119_003,2016,"Fairfax County, Virginia",51059,Renter occupied (dollars),75245,1189,296.8204166666667,101310.77326082409
B25119_001,2016,"Fauquier County, Virginia",51061,All,91221,3496,296.8204166666667,122821.0518655809
B25119_002,2016,"Fauquier County, Virginia",51061,Owner occupied (dollars),106629,3783,296.8204166666667,143566.56843681855
B25119_003,2016,"Fauquier County, Virginia",51061,Renter occupied (dollars),49520,4186,296.8204166666667,66674.32376737337
B25119_001,2016,"Floyd County, Virginia",51063,All,47288,3253,296.8204166666667,63669.132114530534
B25119_002,2016,"Floyd County, Virginia",51063,Owner occupied (dollars),53365,5001,296.8204166666667,71851.27802596688
B25119_003,2016,"Floyd County, Virginia",51063,Renter occupied (dollars),33717,4317,296.8204166666667,45396.9744439525
B25119_001,2016,"Fluvanna County, Virginia",51065,All,66425,2978,296.8204166666667,89435.41914878385
B25119_002,2016,"Fluvanna County, Virginia",51065,Owner occupied (dollars),71316,5760,296.8204166666667,96020.72039163973
B25119_003,2016,"Fluvanna County, Virginia",51065,Renter occupied (dollars),47917,10991,296.8204166666667,64516.025281931135
B25119_001,2016,"Franklin County, Virginia",51067,All,48720,2821,296.8204166666667,65597.19414269851
B25119_002,2016,"Franklin County, Virginia",51067,Owner occupied (dollars),56810,2890,296.8204166666667,76489.66747222297
B25119_003,2016,"Franklin County, Virginia",51067,Renter occupied (dollars),27656,2431,296.8204166666667,37236.37112500965
B25119_001,2016,"Frederick County, Virginia",51069,All,68929,2661,296.8204166666667,92806.83487401613
B25119_002,2016,"Frederick County, Virginia",51069,Owner occupied (dollars),78209,2169,296.8204166666667,105301.53852024443
B25119_003,2016,"Frederick County, Virginia",51069,Renter occupied (dollars),48090,4492,296.8204166666667,64748.95456326707
B25119_001,2016,"Giles County, Virginia",51071,All,47675,2382,296.8204166666667,64190.19357046699
B25119_002,2016,"Giles County, Virginia",51071,Owner occupied (dollars),50804,3045,296.8204166666667,68403.11681497651
B25119_003,2016,"Giles County, Virginia",51071,Renter occupied (dollars),40714,6019,296.8204166666667,54817.81942376493
B25119_001,2016,"Gloucester County, Virginia",51073,All,62878,3180,296.8204166666667,84659.69567538172
B25119_002,2016,"Gloucester County, Virginia",51073,Owner occupied (dollars),72173,3676,296.8204166666667,97174.59550207267
B25119_003,2016,"Gloucester County, Virginia",51073,Renter occupied (dollars),41474,5539,296.8204166666667,55841.09256720604
B25119_001,2016,"Goochland County, Virginia",51075,All,82326,5007,296.8204166666667,110844.71685122738
B25119_002,2016,"Goochland County, Virginia",51075,Owner occupied (dollars),88054,7291,296.8204166666667,118556.96496389933
B25119_003,2016,"Goochland County, Virginia",51075,Renter occupied (dollars),40915,11184,296.8204166666667,55088.44824196449
B25119_001,2016,"Grayson County, Virginia",51077,All,31002,2220,296.8204166666667,41741.465780212224
B25119_002,2016,"Grayson County, Virginia",51077,Owner occupied (dollars),36969,3399,296.8204166666667,49775.50636825578
B25119_003,2016,"Grayson County, Virginia",51077,Renter occupied (dollars),21123,2480,296.8204166666667,28440.261327508637
B25119_001,2016,"Greene County, Virginia",51079,All,61615,3319,296.8204166666667,82959.1772804263
B25119_002,2016,"Greene County, Virginia",51079,Owner occupied (dollars),71392,6460,296.8204166666667,96123.04770598384
B25119_003,2016,"Greene County, Virginia",51079,Renter occupied (dollars),35810,6480,296.8204166666667,48215.014824508085
B25119_001,2016,"Greensville County, Virginia",51081,All,40559,4309,296.8204166666667,54609.12555898418
B25119_002,2016,"Greensville County, Virginia",51081,Owner occupied (dollars),47009,5503,296.8204166666667,63293.48315792518
B25119_003,2016,"Greensville County, Virginia",51081,Renter occupied (dollars),24353,4900,296.8204166666667,32789.17218713336
B25119_001,2016,"Halifax County, Virginia",51083,All,37001,1974,296.8204166666667,49818.591553242775
B25119_002,2016,"Halifax County, Virginia",51083,Owner occupied (dollars),45998,2315,296.8204166666667,61932.26059474233
B25119_003,2016,"Halifax County, Virginia",51083,Renter occupied (dollars),22562,3056,296.8204166666667,30377.748239892528
B25119_001,2016,"Hanover County, Virginia",51085,All,81170,1941,296.8204166666667,109288.26454357222
B25119_002,2016,"Hanover County, Virginia",51085,Owner occupied (dollars),90136,2668,296.8204166666667,121360.19481211563
B25119_003,2016,"Hanover County, Virginia",51085,Renter occupied (dollars),41980,3862,296.8204166666667,56522.37705481289
B25119_001,2016,"Henrico County, Virginia",51087,All,63699,1041,296.8204166666667,85765.09995270429
B25119_002,2016,"Henrico County, Virginia",51087,Owner occupied (dollars),81469,1371,296.8204166666667,109690.84174079445
B25119_003,2016,"Henrico County, Virginia",51087,Renter occupied (dollars),43222,1439,296.8204166666667,58194.620797120595
B25119_001,2016,"Henry County, Virginia",51089,All,34992,2026,296.8204166666667,47113.64978327805
B25119_002,2016,"Henry County, Virginia",51089,Owner occupied (dollars),41065,2354,296.8204166666667,55290.41004659102
B25119_003,2016,"Henry County, Virginia",51089,Renter occupied (dollars),24446,3514,296.8204166666667,32914.38850600181
B25119_001,2016,"Highland County, Virginia",51091,All,44877,6095,296.8204166666667,60422.93270816669
B25119_002,2016,"Highland County, Virginia",51091,Owner occupied (dollars),48720,6321,296.8204166666667,65597.19414269851
B25119_003,2016,"Highland County, Virginia",51091,Renter occupied (dollars),19375,17652,296.8204166666667,26086.733097594086
B25119_001,2016,"Isle of Wight County, Virginia",51093,All,66835,3487,296.8204166666667,89987.44808142971
B25119_002,2016,"Isle of Wight County, Virginia",51093,Owner occupied (dollars),77843,4082,296.8204166666667,104808.75171695568
B25119_003,2016,"Isle of Wight County, Virginia",51093,Renter occupied (dollars),37150,3934,296.8204166666667,50019.206945838465
B25119_001,2016,"James City County, Virginia",51095,All,80226,2989,296.8204166666667,108017.2515864559
B25119_002,2016,"James City County, Virginia",51095,Owner occupied (dollars),93866,4983,296.8204166666667,126382.31168716213
B25119_003,2016,"James City County, Virginia",51095,Renter occupied (dollars),44844,4758,296.8204166666667,60378.50111114886
B25119_001,2016,"King and Queen County, Virginia",51097,All,48852,5305,296.8204166666667,65774.92053076987
B25119_002,2016,"King and Queen County, Virginia",51097,Owner occupied (dollars),52818,6382,296.8204166666667,71114.79064509545
B25119_003,2016,"King and Queen County, Virginia",51097,Renter occupied (dollars),39648,7613,296.8204166666667,53382.54419888569
B25119_001,2016,"King George County, Virginia",51099,All,84342,6098,296.8204166666667,113559.08350540801
B25119_002,2016,"King George County, Virginia",51099,Owner occupied (dollars),94721,6991,296.8204166666667,127533.49397353338
B25119_003,2016,"King George County, Virginia",51099,Renter occupied (dollars),57500,11578,296.8204166666667,77418.69177350502
B25119_001,2016,"King William County, Virginia",51101,All,64297,3140,296.8204166666667,86570.25434714874
B25119_002,2016,"King William County, Virginia",51101,Owner occupied (dollars),69380,7672,296.8204166666667,93414.06669992658
B25119_003,2016,"King William County, Virginia",51101,Renter occupied (dollars),37250,13285,296.8204166666667,50153.84814892282
B25119_001,2016,"Lancaster County, Virginia",51103,All,50118,5751,296.8204166666667,67479.47816181782
B25119_002,2016,"Lancaster County, Virginia",51103,Owner occupied (dollars),58479,4643,296.8204166666667,78736.82915170088
B25119_003,2016,"Lancaster County, Virginia",51103,Renter occupied (dollars),31016,15168,296.8204166666667,41760.31554864403
B25119_001,2016,"Lee County, Virginia",51105,All,31577,2309,296.8204166666667,42515.65269794727
B25119_002,2016,"Lee County, Virginia",51105,Owner occupied (dollars),41985,3037,296.8204166666667,56529.109114967105
B25119_003,2016,"Lee County, Virginia",51105,Renter occupied (dollars),17328,2533,296.8204166666667,23330.627670457307
B25119_001,2016,"Loudoun County, Virginia",51107,All,125672,1679,296.8204166666667,169206.2927401726
B25119_002,2016,"Loudoun County, Virginia",51107,Owner occupied (dollars),143417,1909,296.8204166666667,193098.37422749164
B25119_003,2016,"Loudoun County, Virginia",51107,Renter occupied (dollars),70817,2842,296.8204166666667,95348.86078824878
B25119_001,2016,"Louisa County, Virginia",51109,All,54662,3812,296.8204166666667,73597.57442997099
B25119_002,2016,"Louisa County, Virginia",51109,Owner occupied (dollars),64389,4941,296.8204166666667,86694.12425398635
B25119_003,2016,"Louisa County, Virginia",51109,Renter occupied (dollars),36048,8299,296.8204166666667,48535.46088784885
B25119_001,2016,"Lunenburg County, Virginia",51111,All,39911,3136,296.8204166666667,53736.65056299755
B25119_002,2016,"Lunenburg County, Virginia",51111,Owner occupied (dollars),47298,6662,296.8204166666667,63682.596234838966
B25119_003,2016,"Lunenburg County, Virginia",51111,Renter occupied (dollars),26386,5848,296.8204166666667,35526.42784583832
B25119_001,2016,"Madison County, Virginia",51113,All,48271,4647,296.8204166666667,64992.655140849754
B25119_002,2016,"Madison County, Virginia",51113,Owner occupied (dollars),54721,4254,296.8204166666667,73677.01273979075
B25119_003,2016,"Madison County, Virginia",51113,Renter occupied (dollars),33337,4100,296.8204166666667,44885.33787223195
B25119_001,2016,"Mathews County, Virginia",51115,All,64049,7180,296.8204166666667,86236.34416349954
B25119_002,2016,"Mathews County, Virginia",51115,Owner occupied (dollars),70991,11464,296.8204166666667,95583.13648161557
B25119_003,2016,"Mathews County, Virginia",51115,Renter occupied (dollars),37276,7140,296.8204166666667,50188.85486172475
B25119_001,2016,"Mecklenburg County, Virginia",51117,All,40040,1909,296.8204166666667,53910.33771497637
B25119_002,2016,"Mecklenburg County, Virginia",51117,Owner occupied (dollars),45978,1798,296.8204166666667,61905.33235412546
B25119_003,2016,"Mecklenburg County, Virginia",51117,Renter occupied (dollars),26408,4711,296.8204166666667,35556.04891051688
B25119_001,2016,"Middlesex County, Virginia",51119,All,53093,4251,296.8204166666667,71485.05395357743
B25119_002,2016,"Middlesex County, Virginia",51119,Owner occupied (dollars),57748,4222,296.8204166666667,77752.60195715423
B25119_003,2016,"Middlesex County, Virginia",51119,Renter occupied (dollars),33421,13876,296.8204166666667,44998.436482822806
B25119_001,2016,"Montgomery County, Virginia",51121,All,49712,1894,296.8204166666667,66932.83487729533
B25119_002,2016,"Montgomery County, Virginia",51121,Owner occupied (dollars),74267,2024,296.8204166666667,99993.98229465909
B25119_003,2016,"Montgomery County, Virginia",51121,Renter occupied (dollars),25997,3142,296.8204166666667,35002.673565840174
B25119_001,2016,"Nelson County, Virginia",51125,All,50994,4088,296.8204166666667,68658.93510083678
B25119_002,2016,"Nelson County, Virginia",51125,Owner occupied (dollars),57083,6814,296.8204166666667,76857.23795664326
B25119_003,2016,"Nelson County, Virginia",51125,Renter occupied (dollars),32010,8892,296.8204166666667,43098.64910730254
B25119_001,2016,"New Kent County, Virginia",51127,All,75303,7158,296.8204166666667,101388.86515861303
B25119_002,2016,"New Kent County, Virginia",51127,Owner occupied (dollars),85895,7868,296.8204166666667,115650.06138930807
B25119_003,2016,"New Kent County, Virginia",51127,Renter occupied (dollars),46250,14940,296.8204166666667,62271.55642651491
B25119_001,2016,"Northampton County, Virginia",51131,All,37011,3191,296.8204166666667,49832.05567355121
B25119_002,2016,"Northampton County, Virginia",51131,Owner occupied (dollars),50307,7739,296.8204166666667,67733.95003564726
B25119_003,2016,"Northampton County, Virginia",51131,Renter occupied (dollars),23771,5246,296.8204166666667,32005.560385182398
B25119_001,2016,"Northumberland County, Virginia",51133,All,54440,4806,296.8204166666667,73298.67095912372
B25119_002,2016,"Northumberland County, Virginia",51133,Owner occupied (dollars),58797,6800,296.8204166666667,79164.98817750913
B25119_003,2016,"Northumberland County, Virginia",51133,Renter occupied (dollars),23429,14121,296.8204166666667,31545.0874706339
B25119_001,2016,"Nottoway County, Virginia",51135,All,36849,3291,296.8204166666667,49613.93692455455
B25119_002,2016,"Nottoway County, Virginia",51135,Owner occupied (dollars),52475,6681,296.8204166666667,70652.97131851611
B25119_003,2016,"Nottoway County, Virginia",51135,Renter occupied (dollars),25331,3365,296.8204166666667,34105.96315329836
B25119_001,2016,"Orange County, Virginia",51137,All,66990,2748,296.8204166666667,90196.14194621047
B25119_002,2016,"Orange County, Virginia",51137,Owner occupied (dollars),74522,3155,296.8204166666667,100337.3173625242
B25119_003,2016,"Orange County, Virginia",51137,Renter occupied (dollars),35225,6882,296.8204166666667,47427.3637864646
B25119_001,2016,"Page County, Virginia",51139,All,45030,2313,296.8204166666667,60628.933748885764
B25119_002,2016,"Page County, Virginia",51139,Owner occupied (dollars),54711,3123,296.8204166666667,73663.54861948232
B25119_003,2016,"Page County, Virginia",51139,Renter occupied (dollars),31598,4023,296.8204166666667,42543.92735059499
B25119_001,2016,"Patrick County, Virginia",51141,All,35999,3617,296.8204166666667,48469.48669833752
B25119_002,2016,"Patrick County, Virginia",51141,Owner occupied (dollars),41564,2555,296.8204166666667,55962.269649981965
B25119_003,2016,"Patrick County, Virginia",51141,Renter occupied (dollars),21363,4401,296.8204166666667,28763.400214911093
B25119_001,2016,"Pittsylvania County, Virginia",51143,All,43087,1436,296.8204166666667,58012.85517295671
B25119_002,2016,"Pittsylvania County, Virginia",51143,Owner occupied (dollars),47842,1374,296.8204166666667,64415.044379617866
B25119_003,2016,"Pittsylvania County, Virginia",51143,Renter occupied (dollars),28605,3061,296.8204166666667,38514.116142280196
B25119_001,2016,"Powhatan County, Virginia",51145,All,77684,4309,296.8204166666667,104594.67220405156
B25119_002,2016,"Powhatan County, Virginia",51145,Owner occupied (dollars),82913,6991,296.8204166666667,111635.06071333255
B25119_003,2016,"Powhatan County, Virginia",51145,Renter occupied (dollars),49485,5865,296.8204166666667,66627.19934629384
B25119_001,2016,"Prince Edward County, Virginia",51147,All,42283,3029,296.8204166666667,56930.339900158484
B25119_002,2016,"Prince Edward County, Virginia",51147,Owner occupied (dollars),50745,6389,296.8204166666667,68323.67850515674
B25119_003,2016,"Prince Edward County, Virginia",51147,Renter occupied (dollars),26752,5124,296.8204166666667,36019.21464912707
B25119_001,2016,"Prince George County, Virginia",51149,All,64805,3869,296.8204166666667,87254.23165881727
B25119_002,2016,"Prince George County, Virginia",51149,Owner occupied (dollars),76573,3700,296.8204166666667,103098.80843778435
B25119_003,2016,"Prince George County, Virginia",51149,Renter occupied (dollars),49722,7233,296.8204166666667,66946.29899760376
B25119_001,2016,"Prince William County, Virginia",51153,All,98546,1405,296.8204166666667,132683.51999151002
B25119_002,2016,"Prince William County, Virginia",51153,Owner occupied (dollars),117266,1937,296.8204166666667,157888.35320890156
B25119_003,2016,"Prince William County, Virginia",51153,Renter occupied (dollars),59930,1695,296.8204166666667,80690.4730084549
B25119_001,2016,"Pulaski County, Virginia",51155,All,49469,2511,296.8204166666667,66605.65675380034
B25119_002,2016,"Pulaski County, Virginia",51155,Owner occupied (dollars),56240,1888,296.8204166666667,75722.21261464214
B25119_003,2016,"Pulaski County, Virginia",51155,Renter occupied (dollars),30934,5182,296.8204166666667,41649.90976211486
B25119_001,2016,"Rappahannock County, Virginia",51157,All,58026,3087,296.8204166666667,78126.90450172874
B25119_002,2016,"Rappahannock County, Virginia",51157,Owner occupied (dollars),69202,9312,296.8204166666667,93174.40535843643
B25119_003,2016,"Rappahannock County, Virginia",51157,Renter occupied (dollars),31320,7837,296.8204166666667,42169.624806020474
B25119_001,2016,"Richmond County, Virginia",51159,All,44919,5143,296.8204166666667,60479.482013462126
B25119_002,2016,"Richmond County, Virginia",51159,Owner occupied (dollars),53210,2932,296.8204166666667,71642.58416118613
B25119_003,2016,"Richmond County, Virginia",51159,Renter occupied (dollars),26733,2411,296.8204166666667,35993.63282054104
B25119_001,2016,"Roanoke County, Virginia",51161,All,60380,1482,296.8204166666667,81296.3584223345
B25119_002,2016,"Roanoke County, Virginia",51161,Owner occupied (dollars),69077,1645,296.8204166666667,93006.10385458099
B25119_003,2016,"Roanoke County, Virginia",51161,Renter occupied (dollars),40925,2712,296.8204166666667,55101.912362272924
B25119_001,2016,"Rockbridge County, Virginia",51163,All,52478,3556,296.8204166666667,70657.01055460864
B25119_002,2016,"Rockbridge County, Virginia",51163,Owner occupied (dollars),57582,3180,296.8204166666667,77529.09756003419
B25119_003,2016,"Rockbridge County, Virginia",51163,Renter occupied (dollars),33014,5041,296.8204166666667,44450.44678626947
B25119_001,2016,"Rockingham County, Virginia",51165,All,55029,1510,296.8204166666667,74091.70764529057
B25119_002,2016,"Rockingham County, Virginia",51165,Owner occupied (dollars),62999,1531,296.8204166666667,84822.6115311138
B25119_003,2016,"Rockingham County, Virginia",51165,Renter occupied (dollars),36447,2212,296.8204166666667,49072.679288155436
B25119_001,2016,"Russell County, Virginia",51167,All,38370,2279,296.8204166666667,51661.829623467616
B25119_002,2016,"Russell County, Virginia",51167,Owner occupied (dollars),43848,5331,296.8204166666667,59037.474728428664
B25119_003,2016,"Russell County, Virginia",51167,Renter occupied (dollars),19875,6176,296.8204166666667,26759.939113015866
B25119_001,2016,"Scott County, Virginia",51169,All,38017,2063,296.8204166666667,51186.54617657983
B25119_002,2016,"Scott County, Virginia",51169,Owner occupied (dollars),42798,2199,296.8204166666667,57623.74209604292
B25119_003,2016,"Scott County, Virginia",51169,Renter occupied (dollars),19944,3636,296.8204166666667,26852.841543144074
B25119_001,2016,"Shenandoah County, Virginia",51171,All,50450,2210,296.8204166666667,67926.48695605788
B25119_002,2016,"Shenandoah County, Virginia",51171,Owner occupied (dollars),62020,2647,296.8204166666667,83504.47415291794
B25119_003,2016,"Shenandoah County, Virginia",51171,Renter occupied (dollars),28834,3108,296.8204166666667,38822.44449734337
B25119_001,2016,"Smyth County, Virginia",51173,All,38906,1671,296.8204166666667,52383.50647199977
B25119_002,2016,"Smyth County, Virginia",51173,Owner occupied (dollars),45803,2504,296.8204166666667,61669.71024872784
B25119_003,2016,"Smyth County, Virginia",51173,Renter occupied (dollars),22486,2639,296.8204166666667,30275.420925548417
B25119_001,2016,"Southampton County, Virginia",51175,All,51032,3277,296.8204166666667,68710.09875800884
B25119_002,2016,"Southampton County, Virginia",51175,Owner occupied (dollars),64731,4781,296.8204166666667,87154.59716853485
B25119_003,2016,"Southampton County, Virginia",51175,Renter occupied (dollars),30575,5238,296.8204166666667,41166.54784304202
B25119_001,2016,"Spotsylvania County, Virginia",51177,All,79742,2167,296.8204166666667,107365.58816352762
B25119_002,2016,"Spotsylvania County, Virginia",51177,Owner occupied (dollars),91240,2801,296.8204166666667,122846.63369416693
B25119_003,2016,"Spotsylvania County, Virginia",51177,Renter occupied (dollars),51213,2956,296.8204166666667,68953.79933559152
B25119_001,2016,"Stafford County, Virginia",51179,All,97528,2947,296.8204166666667,131312.87254411128
B25119_002,2016,"Stafford County, Virginia",51179,Owner occupied (dollars),115108,2883,296.8204166666667,154982.79604634116
B25119_003,2016,"Stafford County, Virginia",51179,Renter occupied (dollars),56086,2972,296.8204166666667,75514.86516189222
B25119_001,2016,"Surry County, Virginia",51181,All,56632,5581,296.8204166666667,76250.00613073281
B25119_002,2016,"Surry County, Virginia",51181,Owner occupied (dollars),62847,6048,296.8204166666667,84617.95690242558
B25119_003,2016,"Surry County, Virginia",51181,Renter occupied (dollars),24083,6796,296.8204166666667,32425.64093880559
B25119_001,2016,"Sussex County, Virginia",51183,All,37917,4814,296.8204166666667,51051.904973495475
B25119_002,2016,"Sussex County, Virginia",51183,Owner occupied (dollars),46352,4733,296.8204166666667,62408.890453660955
B25119_003,2016,"Sussex County, Virginia",51183,Renter occupied (dollars),24469,4999,296.8204166666667,32945.35598271121
B25119_001,2016,"Tazewell County, Virginia",51185,All,38238,1852,296.8204166666667,51484.103235396266
B25119_002,2016,"Tazewell County, Virginia",51185,Owner occupied (dollars),42873,2595,296.8204166666667,57724.72299835619
B25119_003,2016,"Tazewell County, Virginia",51185,Renter occupied (dollars),23230,3096,296.8204166666667,31277.15147649603
B25119_001,2016,"Warren County, Virginia",51187,All,63734,3841,296.8204166666667,85812.22437378381
B25119_002,2016,"Warren County, Virginia",51187,Owner occupied (dollars),76531,6243,296.8204166666667,103042.25913248892
B25119_003,2016,"Warren County, Virginia",51187,Renter occupied (dollars),35790,2944,296.8204166666667,48188.086583891214
B25119_001,2016,"Washington County, Virginia",51191,All,43835,1830,296.8204166666667,59019.9713720277
B25119_002,2016,"Washington County, Virginia",51191,Owner occupied (dollars),52650,2400,296.8204166666667,70888.59342391373
B25119_003,2016,"Washington County, Virginia",51191,Renter occupied (dollars),25533,2513,296.8204166666667,34377.93838352876
B25119_001,2016,"Westmoreland County, Virginia",51193,All,51566,3199,296.8204166666667,69429.08278247931
B25119_002,2016,"Westmoreland County, Virginia",51193,Owner occupied (dollars),57988,10407,296.8204166666667,78075.74084455668
B25119_003,2016,"Westmoreland County, Virginia",51193,Renter occupied (dollars),32524,5591,296.8204166666667,43790.70489115613
B25119_001,2016,"Wise County, Virginia",51195,All,36352,3155,296.8204166666667,48944.770145225295
B25119_002,2016,"Wise County, Virginia",51195,Owner occupied (dollars),46774,3229,296.8204166666667,62977.07633067694
B25119_003,2016,"Wise County, Virginia",51195,Renter occupied (dollars),17475,2823,296.8204166666667,23528.55023899131
B25119_001,2016,"Wythe County, Virginia",51197,All,42888,3284,296.8204166666667,57744.91917881884
B25119_002,2016,"Wythe County, Virginia",51197,Owner occupied (dollars),50530,2220,296.8204166666667,68034.19991852537
B25119_003,2016,"Wythe County, Virginia",51197,Renter occupied (dollars),23667,2589,296.8204166666667,31865.533533974667
B25119_001,2016,"York County, Virginia",51199,All,83410,3325,296.8204166666667,112304.22749266181
B25119_002,2016,"York County, Virginia",51199,Owner occupied (dollars),97771,4637,296.8204166666667,131640.05066760627
B25119_003,2016,"York County, Virginia",51199,Renter occupied (dollars),56714,4259,296.8204166666667,76360.41191726198
B25119_001,2016,"Alexandria city, Virginia",51510,All,89200,1987,296.8204166666667,120099.95315124605
B25119_002,2016,"Alexandria city, Virginia",51510,Owner occupied (dollars),135702,3545,296.8204166666667,182710.80540953355
B25119_003,2016,"Alexandria city, Virginia",51510,Renter occupied (dollars),67327,2002,296.8204166666667,90649.88280060474
B25119_001,2016,"Bristol city, Virginia",51520,All,35801,2790,296.8204166666667,48202.897116230495
B25119_002,2016,"Bristol city, Virginia",51520,Owner occupied (dollars),47603,4628,296.8204166666667,64093.25190424625
B25119_003,2016,"Bristol city, Virginia",51520,Renter occupied (dollars),23364,2393,296.8204166666667,31457.570688629068
B25119_001,2016,"Buena Vista city, Virginia",51530,All,29109,4098,296.8204166666667,39192.707805825354
B25119_002,2016,"Buena Vista city, Virginia",51530,Owner occupied (dollars),34768,12093,296.8204166666667,46812.05348836909
B25119_003,2016,"Buena Vista city, Virginia",51530,Renter occupied (dollars),20717,1686,296.8204166666667,27893.61804298615
B25119_001,2016,"Charlottesville city, Virginia",51540,All,50727,2842,296.8204166666667,68299.44308860156
B25119_002,2016,"Charlottesville city, Virginia",51540,Owner occupied (dollars),83557,6570,296.8204166666667,112502.15006119582
B25119_003,2016,"Charlottesville city, Virginia",51540,Renter occupied (dollars),33332,2428,296.8204166666667,44878.60581207773
B25119_001,2016,"Chesapeake city, Virginia",51550,All,69978,1380,296.8204166666667,94219.22109437104
B25119_002,2016,"Chesapeake city, Virginia",51550,Owner occupied (dollars),83482,1785,296.8204166666667,112401.16915888255
B25119_003,2016,"Chesapeake city, Virginia",51550,Renter occupied (dollars),42810,1783,296.8204166666667,57639.899040413045
B25119_001,2016,"Colonial Heights city, Virginia",51570,All,49639,4320,296.8204166666667,66834.54679904376
B25119_002,2016,"Colonial Heights city, Virginia",51570,Owner occupied (dollars),61646,4743,296.8204166666667,83000.91605338245
B25119_003,2016,"Colonial Heights city, Virginia",51570,Renter occupied (dollars),33932,3190,296.8204166666667,45686.45303058387
B25119_001,2016,"Covington city, Virginia",51580,All,34703,3855,296.8204166666667,46724.536706364255
B25119_002,2016,"Covington city, Virginia",51580,Owner occupied (dollars),40663,8128,296.8204166666667,54749.15241019191
B25119_003,2016,"Covington city, Virginia",51580,Renter occupied (dollars),27361,8347,296.8204166666667,36839.1795759108
B25119_001,2016,"Danville city, Virginia",51590,All,33721,1748,296.8204166666667,45402.360092075876
B25119_002,2016,"Danville city, Virginia",51590,Owner occupied (dollars),45199,2392,296.8204166666667,60856.477382098325
B25119_003,2016,"Danville city, Virginia",51590,Renter occupied (dollars),23540,2245,296.8204166666667,31694.539206057536
B25119_001,2016,"Emporia city, Virginia",51595,All,27169,3754,296.8204166666667,36580.668465988834
B25119_002,2016,"Emporia city, Virginia",51595,Owner occupied (dollars),50699,8105,296.8204166666667,68261.74355173793
B25119_003,2016,"Emporia city, Virginia",51595,Renter occupied (dollars),22515,6099,296.8204166666667,30314.466874442882
B25119_001,2016,"Fairfax city, Virginia",51600,All,104065,6427,296.8204166666667,140114.36798973565
B25119_002,2016,"Fairfax city, Virginia",51600,Owner occupied (dollars),126221,8029,296.8204166666667,169945.4729451057
B25119_003,2016,"Fairfax city, Virginia",51600,Renter occupied (dollars),62697,9158,296.8204166666667,84415.99509779904
B25119_001,2016,"Falls Church city, Virginia",51610,All,115244,5404,296.8204166666667,155165.90808253587
B25119_002,2016,"Falls Church city, Virginia",51610,Owner occupied (dollars),173000,14732,296.8204166666667,232929.28133593686
B25119_003,2016,"Falls Church city, Virginia",51610,Renter occupied (dollars),67639,14143,296.8204166666667,91069.96335422793
B25119_001,2016,"Franklin city, Virginia",51620,All,38333,4510,296.8204166666667,51612.0123783264
B25119_002,2016,"Franklin city, Virginia",51620,Owner occupied (dollars),60298,8520,296.8204166666667,81185.95263580533
B25119_003,2016,"Franklin city, Virginia",51620,Renter occupied (dollars),30368,6527,296.8204166666667,40887.8405526574
B25119_001,2016,"Fredericksburg city, Virginia",51630,All,53980,3572,296.8204166666667,72679.32142493567
B25119_002,2016,"Fredericksburg city, Virginia",51630,Owner occupied (dollars),101049,10168,296.8204166666667,136053.58930471147
B25119_003,2016,"Fredericksburg city, Virginia",51630,Renter occupied (dollars),41366,2118,296.8204166666667,55695.680067874935
B25119_001,2016,"Galax city, Virginia",51640,All,31110,3859,296.8204166666667,41886.87827954333
B25119_002,2016,"Galax city, Virginia",51640,Owner occupied (dollars),42966,6687,296.8204166666667,57849.93931722464
B25119_003,2016,"Galax city, Virginia",51640,Renter occupied (dollars),17587,7313,296.8204166666667,23679.34838644579
B25119_001,2016,"Hampton city, Virginia",51650,All,49890,1504,296.8204166666667,67172.49621878548
B25119_002,2016,"Hampton city, Virginia",51650,Owner occupied (dollars),66073,2013,296.8204166666667,88961.48211392692
B25119_003,2016,"Hampton city, Virginia",51650,Renter occupied (dollars),34123,1963,296.8204166666667,45943.617728474994
B25119_001,2016,"Harrisonburg city, Virginia",51660,All,40494,2146,296.8204166666667,54521.608776979345
B25119_002,2016,"Harrisonburg city, Virginia",51660,Owner occupied (dollars),68407,5242,296.8204166666667,92104.007793915793
B25119_003,2016,"Harrisonburg city, Virginia",51660,Renter occupied (dollars),28645,2654,296.8204166666667,38567.97262351394
B25119_001,2016,"Hopewell city, Virginia",51670,All,40814,1932,296.8204166666667,54952.460626849286
B25119_002,2016,"Hopewell city, Virginia",51670,Owner occupied (dollars),53325,5153,296.8204166666667,71797.42154473314
B25119_003,2016,"Hopewell city, Virginia",51670,Renter occupied (dollars),31540,5858,296.8204166666667,42465.83545280606
B25119_001,2016,"Lexington city, Virginia",51678,All,34464,9478,296.8204166666667,46402.74423099265
B25119_002,2016,"Lexington city, Virginia",51678,Owner occupied (dollars),53333,11691,296.8204166666667,71808.19284097989
B25119_003,2016,"Lexington city, Virginia",51678,Renter occupied (dollars),17688,8539,296.8204166666667,23815.33600156099
B25119_001,2016,"Lynchburg city, Virginia",51680,All,40728,1450,296.8204166666667,54836.66919219674
B25119_002,2016,"Lynchburg city, Virginia",51680,Owner occupied (dollars),60929,2555,296.8204166666667,82035.53862726761
B25119_003,2016,"Lynchburg city, Virginia",51680,Renter occupied (dollars),26599,1545,296.8204166666667,35813.213608408005
B25119_001,2016,"Manassas city, Virginia",51683,All,74371,3531,296.8204166666667,100134.00914586682
B25119_002,2016,"Manassas city, Virginia",51683,Owner occupied (dollars),97019,6479,296.8204166666667,130627.54882041189
B25119_003,2016,"Manassas city, Virginia",51683,Renter occupied (dollars),50292,3321,296.8204166666667,67713.75385518461
B25119_001,2016,"Manassas Park city, Virginia",51685,All,75027,4963,296.8204166666667,101017.2554381002
B25119_002,2016,"Manassas Park city, Virginia",51685,Owner occupied (dollars),83833,6102,296.8204166666667,112873.75978170864
B25119_003,2016,"Manassas Park city, Virginia",51685,Renter occupied (dollars),65272,9100,296.8204166666667,87883.00607722122
B25119_001,2016,"Martinsville city, Virginia",51690,All,31719,3713,296.8204166666667,42706.84320632706
B25119_002,2016,"Martinsville city, Virginia",51690,Owner occupied (dollars),46723,2654,296.8204166666667,62908.40931710392
B25119_003,2016,"Martinsville city, Virginia",51690,Renter occupied (dollars),21737,2367,296.8204166666667,29266.958314446587
B25119_001,2016,"Newport News city, Virginia",51700,All,50089,1008,296.8204166666667,67440.43221292336
B25119_002,2016,"Newport News city, Virginia",51700,Owner occupied (dollars),68631,2045,296.8204166666667,92405.60408882475
B25119_003,2016,"Newport News city, Virginia",51700,Renter occupied (dollars),35718,1902,296.8204166666667,48091.14491767048
B25119_001,2016,"Norfolk city, Virginia",51710,All,45268,978,296.8204166666667,60949.37981222653
B25119_002,2016,"Norfolk city, Virginia",51710,Owner occupied (dollars),66229,1503,296.8204166666667,89171.52239073851
B25119_003,2016,"Norfolk city, Virginia",51710,Renter occupied (dollars),32486,903,296.8204166666667,43739.54123398408
B25119_001,2016,"Norton city, Virginia",51720,All,26000,5643,296.8204166666667,35006.71280193271
B25119_002,2016,"Norton city, Virginia",51720,Owner occupied (dollars),42300,8331,296.8204166666667,56953.22890468283
B25119_003,2016,"Norton city, Virginia",51720,Renter occupied (dollars),18996,3423,296.8204166666667,25576.442937904372
B25119_001,2016,"Petersburg city, Virginia",51730,All,32169,1965,296.8204166666667,43312.72862020666
B25119_002,2016,"Petersburg city, Virginia",51730,Owner occupied (dollars),47261,3344,296.8204166666667,63632.778989697756
B25119_003,2016,"Petersburg city, Virginia",51730,Renter occupied (dollars),25257,2415,296.8204166666667,34006.328663015935
B25119_001,2016,"Poquoson city, Virginia",51735,All,84643,8524,296.8204166666667,113964.35352669192
B25119_002,2016,"Poquoson city, Virginia",51735,Owner occupied (dollars),92857,5692,296.8204166666667,125023.78194804098
B25119_003,2016,"Poquoson city, Virginia",51735,Renter occupied (dollars),42214,14415,296.8204166666667,56837.43747003028
B25119_001,2016,"Portsmouth city, Virginia",51740,All,47050,1608,296.8204166666667,63348.68605118976
B25119_002,2016,"Portsmouth city, Virginia",51740,Owner occupied (dollars),63256,1514,296.8204166666667,85168.63942304059
B25119_003,2016,"Portsmouth city, Virginia",51740,Renter occupied (dollars),31401,1087,296.8204166666667,42278.6841805188
B25119_001,2016,"Radford city, Virginia",51750,All,31457,4422,296.8204166666667,42354.08325424604
B25119_002,2016,"Radford city, Virginia",51750,Owner occupied (dollars),55210,3985,296.8204166666667,74335.40822287326
B25119_003,2016,"Radford city, Virginia",51750,Renter occupied (dollars),18656,1935,296.8204166666667,25118.66284741756
B25119_001,2016,"Richmond city, Virginia",51760,All,41187,737,296.8204166666667,55454.672314353935
B25119_002,2016,"Richmond city, Virginia",51760,Owner occupied (dollars),67516,2147,296.8204166666667,90904.35467443417
B25119_003,2016,"Richmond city, Virginia",51760,Renter occupied (dollars),28870,1127,296.8204166666667,38870.91533045374
B25119_001,2016,"Roanoke city, Virginia",51770,All,39201,1395,296.8204166666667,52780.698021098615
B25119_002,2016,"Roanoke city, Virginia",51770,Owner occupied (dollars),52521,1986,296.8204166666667,70714.90627193492
B25119_003,2016,"Roanoke city, Virginia",51770,Renter occupied (dollars),26560,2060,296.8204166666667,35760.703539205104
B25119_001,2016,"Salem city, Virginia",51775,All,52351,2380,296.8204166666667,70486.0162266915
B25119_002,2016,"Salem city, Virginia",51775,Owner occupied (dollars),64225,4191,296.8204166666667,86473.31268092801
B25119_003,2016,"Salem city, Virginia",51775,Renter occupied (dollars),34431,3327,296.8204166666667,46358.312633974805
B25119_001,2016,"Staunton city, Virginia",51790,All,42948,2710,296.8204166666667,57825.703900669454
B25119_002,2016,"Staunton city, Virginia",51790,Owner occupied (dollars),59542,5148,296.8204166666667,80168.06514048758
B25119_003,2016,"Staunton city, Virginia",51790,Renter occupied (dollars),28027,3176,296.8204166666667,37735.88998845261
B25119_001,2016,"Suffolk city, Virginia",51800,All,65435,1970,296.8204166666667,88102.47123824872
B25119_002,2016,"Suffolk city, Virginia",51800,Owner occupied (dollars),81034,1352,296.8204166666667,109105.1525073775
B25119_003,2016,"Suffolk city, Virginia",51800,Renter occupied (dollars),34570,2405,296.8204166666667,46545.46390626206
B25119_001,2016,"Virginia Beach city, Virginia",51810,All,67719,1013,296.8204166666667,91177.67631669542
B25119_002,2016,"Virginia Beach city, Virginia",51810,Owner occupied (dollars),83236,1163,296.8204166666667,112069.95179929503
B25119_003,2016,"Virginia Beach city, Virginia",51810,Renter occupied (dollars),48771,1566,296.8204166666667,65665.86115627154
B25119_001,2016,"Waynesboro city, Virginia",51820,All,45097,4031,296.8204166666667,60719.14335495228
B25119_002,2016,"Waynesboro city, Virginia",51820,Owner occupied (dollars),56140,2647,296.8204166666667,75587.57141155777
B25119_003,2016,"Waynesboro city, Virginia",51820,Renter occupied (dollars),30574,3612,296.8204166666667,41165.20143101118
B25119_001,2016,"Williamsburg city, Virginia",51830,All,50091,3162,296.8204166666667,67443.12503698505
B25119_002,2016,"Williamsburg city, Virginia",51830,Owner occupied (dollars),75625,11154,296.8204166666667,101822.40983254465
B25119_003,2016,"Williamsburg city, Virginia",51830,Renter occupied (dollars),34762,6906,296.8204166666667,46803.97501618403
B25119_001,2016,"Winchester city, Virginia",51840,All,46466,1994,296.8204166666667,62562.38142517712
B25119_002,2016,"Winchester city, Virginia",51840,Owner occupied (dollars),77993,5533,296.8204166666667,105010.71352158222
B25119_003,2016,"Winchester city, Virginia",51840,Renter occupied (dollars),35158,3163,296.8204166666667,47337.15418039808
B25119_001,2017,"Accomack County, Virginia",51001,All,42260,2253,308.14258333333333,54808.703322028145
B25119_002,2017,"Accomack County, Virginia",51001,Owner occupied (dollars),51146,3764,308.14258333333333,66333.31614075844
B25119_003,2017,"Accomack County, Virginia",51001,Renter occupied (dollars),27888,4677,308.14258333333333,36169.07520692667
B25119_001,2017,"Albemarle County, Virginia",51003,All,72265,2910,308.14258333333333,93723.40145684723
B25119_002,2017,"Albemarle County, Virginia",51003,Owner occupied (dollars),91216,3982,308.14258333333333,118301.71988220821
B25119_003,2017,"Albemarle County, Virginia",51003,Renter occupied (dollars),50424,3310,308.14258333333333,65396.925137481005
B25119_001,2017,"Alleghany County, Virginia",51005,All,46020,4009,308.14258333333333,59685.19940557821
B25119_002,2017,"Alleghany County, Virginia",51005,Owner occupied (dollars),54462,2074,308.14258333333333,70633.97066550632
B25119_003,2017,"Alleghany County, Virginia",51005,Renter occupied (dollars),23018,5792,308.14258333333333,29852.975226371127
B25119_001,2017,"Amelia County, Virginia",51007,All,58535,5713,308.14258333333333,75916.40910920297
B25119_002,2017,"Amelia County, Virginia",51007,Owner occupied (dollars),67882,9278,308.14258333333333,88038.91147434725
B25119_003,2017,"Amelia County, Virginia",51007,Renter occupied (dollars),28620,12638,308.14258333333333,37118.43561468163
B25119_001,2017,"Amherst County, Virginia",51009,All,49677,3603,308.14258333333333,64428.11062300975
B25119_002,2017,"Amherst County, Virginia",51009,Owner occupied (dollars),56714,4523,308.14258333333333,73554.68055384535
B25119_003,2017,"Amherst County, Virginia",51009,Renter occupied (dollars),27390,4812,308.14258333333333,35523.198863945836
B25119_001,2017,"Appomattox County, Virginia",51011,All,54875,5421,308.14258333333333,71169.60707042817
B25119_002,2017,"Appomattox County, Virginia",51011,Owner occupied (dollars),65179,4154,308.14258333333333,84533.28144407176
B25119_003,2017,"Appomattox County, Virginia",51011,Renter occupied (dollars),20669,3382,308.14258333333333,26806.46211460009
B25119_001,2017,"Arlington County, Virginia",51013,All,112138,2139,308.14258333333333,145436.30793008974
B25119_002,2017,"Arlington County, Virginia",51013,Owner occupied (dollars),158645,4416,308.14258333333333,205753.1173337235
B25119_003,2017,"Arlington County, Virginia",51013,Renter occupied (dollars),87212,2685,308.14258333333333,113108.7703294065
B25119_001,2017,"Augusta County, Virginia",51015,All,59544,2220,308.14258333333333,77225.02202098542
B25119_002,2017,"Augusta County, Virginia",51015,Owner occupied (dollars),65244,2905,308.14258333333333,84617.58257317568
B25119_003,2017,"Augusta County, Virginia",51015,Renter occupied (dollars),36234,3845,308.14258333333333,46993.34018387051
B25119_001,2017,"Bath County, Virginia",51017,All,44483,3178,308.14258333333333,57691.80193738235
B25119_002,2017,"Bath County, Virginia",51017,Owner occupied (dollars),46519,7796,308.14258333333333,60332.3726890068
B25119_003,2017,"Bath County, Virginia",51017,Renter occupied (dollars),42529,11716,308.14258333333333,55157.580302473616
B25119_001,2017,"Bedford County, Virginia",51019,All,59405,1577,308.14258333333333,77044.7472987478
B25119_002,2017,"Bedford County, Virginia",51019,Owner occupied (dollars),65199,2661,308.14258333333333,84559.22025302681
B25119_003,2017,"Bedford County, Virginia",51019,Renter occupied (dollars),40377,5268,308.14258333333333,52366.56445890985
B25119_001,2017,"Bland County, Virginia",51021,All,46927,6003,308.14258333333333,60861.52439168989
B25119_002,2017,"Bland County, Virginia",51021,Owner occupied (dollars),50066,3954,308.14258333333333,64932.62045718554
B25119_003,2017,"Bland County, Virginia",51021,Renter occupied (dollars),26691,11759,308.14258333333333,34616.637490966714
B25119_001,2017,"Botetourt County, Virginia",51023,All,64733,3179,308.14258333333333,83954.84600437406
B25119_002,2017,"Botetourt County, Virginia",51023,Owner occupied (dollars),70575,3579,308.14258333333333,91531.5721001452
B25119_003,2017,"Botetourt County, Virginia",51023,Renter occupied (dollars),40297,4982,308.14258333333333,52262.809223089636
B25119_001,2017,"Brunswick County, Virginia",51025,All,40871,2708,308.14258333333333,53007.25304009968
B25119_002,2017,"Brunswick County, Virginia",51025,Owner occupied (dollars),50307,2529,308.14258333333333,65245.18310509394
B25119_003,2017,"Brunswick County, Virginia",51025,Renter occupied (dollars),21206,2743,308.14258333333333,27502.919135043277
B25119_001,2017,"Buchanan County, Virginia",51027,All,30828,1316,308.14258333333333,39982.08012331954
B25119_002,2017,"Buchanan County, Virginia",51027,Owner occupied (dollars),32746,3006,308.14258333333333,42469.61190210917
B25119_003,2017,"Buchanan County, Virginia",51027,Renter occupied (dollars),19132,3994,308.14258333333333,24813.064646404222
B25119_001,2017,"Buckingham County, Virginia",51029,All,46610,5105,308.14258333333333,60450.394269752294
B25119_002,2017,"Buckingham County, Virginia",51029,Owner occupied (dollars),53249,3158,308.14258333333333,69060.78190238231
B25119_003,2017,"Buckingham County, Virginia",51029,Renter occupied (dollars),26615,4189,308.14258333333333,34518.070016937505
B25119_001,2017,"Campbell County, Virginia",51031,All,48823,2634,308.14258333333333,63320.523480628966
B25119_002,2017,"Campbell County, Virginia",51031,Owner occupied (dollars),57243,3754,308.14258333333333,74240.76205070651
B25119_003,2017,"Campbell County, Virginia",51031,Renter occupied (dollars),30905,2514,308.14258333333333,40081.944537796495
B25119_001,2017,"Caroline County, Virginia",51033,All,60925,2456,308.14258333333333,79016.09677933187
B25119_002,2017,"Caroline County, Virginia",51033,Owner occupied (dollars),67379,4740,308.14258333333333,87386.55042912764
B25119_003,2017,"Caroline County, Virginia",51033,Renter occupied (dollars),46027,5393,308.14258333333333,59694.27798871248
B25119_001,2017,"Carroll County, Virginia",51035,All,41145,2793,308.14258333333333,53362.61472278391
B25119_002,2017,"Carroll County, Virginia",51035,Owner occupied (dollars),46847,3179,308.14258333333333,60757.769155869675
B25119_003,2017,"Carroll County, Virginia",51035,Renter occupied (dollars),22863,8421,308.14258333333333,29651.94945696946
B25119_001,2017,"Charles City County, Virginia",51036,All,55069,4060,308.14258333333333,71421.21351729218
B25119_002,2017,"Charles City County, Virginia",51036,Owner occupied (dollars),60790,3112,308.14258333333333,78841.00981888526
B25119_003,2017,"Charles City County, Virginia",51036,Renter occupied (dollars),40694,13433,308.14258333333333,52777.694580847456
B25119_001,2017,"Charlotte County, Virginia",51037,All,38350,2730,308.14258333333333,49737.66617131518
B25119_002,2017,"Charlotte County, Virginia",51037,Owner occupied (dollars),44765,4302,308.14258333333333,58057.5391436486
B25119_003,2017,"Charlotte County, Virginia",51037,Renter occupied (dollars),22927,2914,308.14258333333333,29734.953645625636
B25119_001,2017,"Chesterfield County, Virginia",51041,All,76969,1205,308.14258333333333,99824.20932307582
B25119_002,2017,"Chesterfield County, Virginia",51041,Owner occupied (dollars),88450,1905,308.14258333333333,114714.38260372431
B25119_003,2017,"Chesterfield County, Virginia",51041,Renter occupied (dollars),48249,2255,308.14258333333333,62576.07966361893
B25119_001,2017,"Clarke County, Virginia",51043,All,72129,6699,308.14258333333333,93547.01755595287
B25119_002,2017,"Clarke County, Virginia",51043,Owner occupied (dollars),86316,11932,308.14258333333333,111946.7116882201
B25119_003,2017,"Clarke County, Virginia",51043,Renter occupied (dollars),40417,8656,308.14258333333333,52418.44207681996
B25119_001,2017,"Craig County, Virginia",51045,All,53526,15331,308.14258333333333,69420.0344064098
B25119_002,2017,"Craig County, Virginia",51045,Owner occupied (dollars),69792,9455,308.14258333333333,90516.06772955485
B25119_003,2017,"Craig County, Virginia",51045,Renter occupied (dollars),19022,14522,308.14258333333333,24670.40119715143
B25119_001,2017,"Culpeper County, Virginia",51047,All,69693,2672,308.14258333333333,90387.67062522734
B25119_002,2017,"Culpeper County, Virginia",51047,Owner occupied (dollars),81612,3992,308.14258333333333,105845.90382199151
B25119_003,2017,"Culpeper County, Virginia",51047,Renter occupied (dollars),41719,3634,308.14258333333333,54107.05853979395
B25119_001,2017,"Cumberland County, Virginia",51049,All,43020,3238,308.14258333333333,55794.37806232018
B25119_002,2017,"Cumberland County, Virginia",51049,Owner occupied (dollars),53625,14733,308.14258333333333,69548.43151073733
B25119_003,2017,"Cumberland County, Virginia",51049,Renter occupied (dollars),30563,6018,308.14258333333333,39638.39090466508
B25119_001,2017,"Dickenson County, Virginia",51051,All,29916,3029,308.14258333333333,38799.2704349691
B25119_002,2017,"Dickenson County, Virginia",51051,Owner occupied (dollars),36100,4793,308.14258333333333,46819.55016387165
B25119_003,2017,"Dickenson County, Virginia",51051,Renter occupied (dollars),16856,2606,308.14258333333333,21861.22818731913
B25119_001,2017,"Dinwiddie County, Virginia",51053,All,54640,3190,308.14258333333333,70864.82606520629
B25119_002,2017,"Dinwiddie County, Virginia",51053,Owner occupied (dollars),61351,3578,308.14258333333333,79568.5934100745
B25119_003,2017,"Dinwiddie County, Virginia",51053,Renter occupied (dollars),36295,8769,308.14258333333333,47072.453551183426
B25119_001,2017,"Essex County, Virginia",51057,All,50629,3173,308.14258333333333,65662.7979292703
B25119_002,2017,"Essex County, Virginia",51057,Owner occupied (dollars),58561,7451,308.14258333333333,75950.12956084454
B25119_003,2017,"Essex County, Virginia",51057,Renter occupied (dollars),35771,4299,308.14258333333333,46392.85675656102
B25119_001,2017,"Fairfax County, Virginia",51059,All,117515,1314,308.14258333333333,152409.95671765588
B25119_002,2017,"Fairfax County, Virginia",51059,Owner occupied (dollars),143815,1432,308.14258333333333,186519.4904935513
B25119_003,2017,"Fairfax County, Virginia",51059,Renter occupied (dollars),77225,1633,308.14258333333333,100156.22607770051
B25119_001,2017,"Fauquier County, Virginia",51061,All,94775,3957,308.14258333333333,122917.53093575999
B25119_002,2017,"Fauquier County, Virginia",51061,Owner occupied (dollars),108481,5056,308.14258333333333,140693.3967126582
B25119_003,2017,"Fauquier County, Virginia",51061,Renter occupied (dollars),52182,4785,308.14258333333333,67676.94644463022
B25119_001,2017,"Floyd County, Virginia",51063,All,48396,4500,308.14258333333333,62766.729909438574
B25119_002,2017,"Floyd County, Virginia",51063,Owner occupied (dollars),52094,5392,308.14258333333333,67562.81568522798
B25119_003,2017,"Floyd County, Virginia",51063,Renter occupied (dollars),33750,4354,308.14258333333333,43771.74011165286
B25119_001,2017,"Fluvanna County, Virginia",51065,All,67964,4057,308.14258333333333,88145.26059106296
B25119_002,2017,"Fluvanna County, Virginia",51065,Owner occupied (dollars),72071,3523,308.14258333333333,93471.79500998321
B25119_003,2017,"Fluvanna County, Virginia",51065,Renter occupied (dollars),50446,10481,308.14258333333333,65425.457827331564
B25119_001,2017,"Franklin County, Virginia",51067,All,51208,3353,308.14258333333333,66413.7264485191
B25119_002,2017,"Franklin County, Virginia",51067,Owner occupied (dollars),59752,2775,308.14258333333333,77494.78563411797
B25119_003,2017,"Franklin County, Virginia",51067,Renter occupied (dollars),27744,2258,308.14258333333333,35982.31578245028
B25119_001,2017,"Frederick County, Virginia",51069,All,71037,1954,308.14258333333333,92130.75858700695
B25119_002,2017,"Frederick County, Virginia",51069,Owner occupied (dollars),78724,2271,308.14258333333333,102100.33980888178
B25119_003,2017,"Frederick County, Virginia",51069,Renter occupied (dollars),50137,5141,308.14258333333333,65024.70322897599
B25119_001,2017,"Giles County, Virginia",51071,All,49734,2997,308.14258333333333,64502.03622853166
B25119_002,2017,"Giles County, Virginia",51071,Owner occupied (dollars),52526,2583,308.14258333333333,68123.09395865713
B25119_003,2017,"Giles County, Virginia",51071,Renter occupied (dollars),40550,5804,308.14258333333333,52590.935156371066
B25119_001,2017,"Gloucester County, Virginia",51073,All,63881,2572,308.14258333333333,82849.85274288878
B25119_002,2017,"Gloucester County, Virginia",51073,Owner occupied (dollars),73875,3404,308.14258333333333,95811.47557772904
B25119_003,2017,"Gloucester County, Virginia",51073,Renter occupied (dollars),40973,7797,308.14258333333333,53139.54096577045
B25119_001,2017,"Goochland County, Virginia",51075,All,86652,4868,308.14258333333333,112382.483678665
B25119_002,2017,"Goochland County, Virginia",51075,Owner occupied (dollars),92685,9329,308.14258333333333,120206.9253999569
B25119_003,2017,"Goochland County, Virginia",51075,Renter occupied (dollars),42021,27082,308.14258333333333,54498.73455501525
B25119_001,2017,"Grayson County, Virginia",51077,All,32048,2185,308.14258333333333,41564.347469577806
B25119_002,2017,"Grayson County, Virginia",51077,Owner occupied (dollars),38880,3235,308.14258333333333,50425.0446086241
B25119_003,2017,"Grayson County, Virginia",51077,Renter occupied (dollars),20863,2961,308.14258333333333,27058.068561464108
B25119_001,2017,"Greene County, Virginia",51079,All,62952,3813,308.14258333333333,81644.99506692654
B25119_002,2017,"Greene County, Virginia",51079,Owner occupied (dollars),69819,8463,308.14258333333333,90551.08512164418
B25119_003,2017,"Greene County, Virginia",51079,Renter occupied (dollars),33597,4981,308.14258333333333,43573.3082231467
B25119_001,2017,"Greensville County, Virginia",51081,All,42121,5250,308.14258333333333,54628.428599790524
B25119_002,2017,"Greensville County, Virginia",51081,Owner occupied (dollars),46367,5826,308.14258333333333,60135.23774094839
B25119_003,2017,"Greensville County, Virginia",51081,Renter occupied (dollars),29882,4348,308.14258333333333,38755.1744597455
B25119_001,2017,"Halifax County, Virginia",51083,All,39233,2600,308.14258333333333,50882.86458668079
B25119_002,2017,"Halifax County, Virginia",51083,Owner occupied (dollars),47857,3984,308.14258333333333,62067.67900809988
B25119_003,2017,"Halifax County, Virginia",51083,Renter occupied (dollars),23263,3290,308.14258333333333,30170.725636070532
B25119_001,2017,"Hanover County, Virginia",51085,All,84955,2275,308.14258333333333,110181.5757388287
B25119_002,2017,"Hanover County, Virginia",51085,Owner occupied (dollars),94189,3007,308.14258333333333,122157.52383337692
B25119_003,2017,"Hanover County, Virginia",51085,Renter occupied (dollars),47216,5056,308.14258333333333,61236.34018109042
B25119_001,2017,"Henrico County, Virginia",51087,All,66447,1191,308.14258333333333,86177.80193182215
B25119_002,2017,"Henrico County, Virginia",51087,Owner occupied (dollars),84085,1913,308.14258333333333,109053.23754928388
B25119_003,2017,"Henrico County, Virginia",51087,Renter occupied (dollars),44497,1603,308.14258333333333,57709.95910365089
B25119_001,2017,"Henry County, Virginia",51089,All,36779,1679,308.14258333333333,47700.17272789572
B25119_002,2017,"Henry County, Virginia",51089,Owner occupied (dollars),43295,1883,308.14258333333333,56151.03668545216
B25119_003,2017,"Henry County, Virginia",51089,Renter occupied (dollars),23732,3011,308.14258333333333,30778.99070606654
B25119_001,2017,"Highland County, Virginia",51091,All,45094,4452,308.14258333333333,58484.232550959234
B25119_002,2017,"Highland County, Virginia",51091,Owner occupied (dollars),47438,4945,308.14258333333333,61524.260960491505
B25119_003,2017,"Highland County, Virginia",51091,Renter occupied (dollars),31979,11464,308.14258333333333,41474.85857868287
B25119_001,2017,"Isle of Wight County, Virginia",51093,All,67767,3199,308.14258333333333,87889.76332285568
B25119_002,2017,"Isle of Wight County, Virginia",51093,Owner occupied (dollars),79580,5685,308.14258333333333,103210.52083215806
B25119_003,2017,"Isle of Wight County, Virginia",51093,Renter occupied (dollars),37122,8249,308.14258333333333,48145.02330147489
B25119_001,2017,"James City County, Virginia",51095,All,80772,3757,308.14258333333333,104756.47384587926
B25119_002,2017,"James City County, Virginia",51095,Owner occupied (dollars),97003,4361,308.14258333333333,125807.11425335296
B25119_003,2017,"James City County, Virginia",51095,Renter occupied (dollars),43678,3927,308.14258333333333,56647.764876941445
B25119_001,2017,"King and Queen County, Virginia",51097,All,51495,9813,308.14258333333333,66785.94835702411
B25119_002,2017,"King and Queen County, Virginia",51097,Owner occupied (dollars),56882,9238,308.14258333333333,73772.5665490678
B25119_003,2017,"King and Queen County, Virginia",51097,Renter occupied (dollars),36083,9336,308.14258333333333,46797.502176259855
B25119_001,2017,"King George County, Virginia",51099,All,84770,6188,308.14258333333333,109941.64175599445
B25119_002,2017,"King George County, Virginia",51099,Owner occupied (dollars),95401,4858,308.14258333333333,123729.41565605317
B25119_003,2017,"King George County, Virginia",51099,Renter occupied (dollars),52318,10621,308.14258333333333,67853.33034552458
B25119_001,2017,"King William County, Virginia",51101,All,67423,3839,308.14258333333333,87443.61580882876
B25119_002,2017,"King William County, Virginia",51101,Owner occupied (dollars),73750,5961,308.14258333333333,95649.35802175995
B25119_003,2017,"King William County, Virginia",51101,Renter occupied (dollars),35132,16802,308.14258333333333,45564.11181044706
B25119_001,2017,"Lancaster County, Virginia",51103,All,51495,7163,308.14258333333333,66785.94835702411
B25119_002,2017,"Lancaster County, Virginia",51103,Owner occupied (dollars),61549,5727,308.14258333333333,79825.38761872954
B25119_003,2017,"Lancaster County, Virginia",51103,Renter occupied (dollars),28542,11467,308.14258333333333,37017.274259756916
B25119_001,2017,"Lee County, Virginia",51105,All,32590,2972,308.14258333333333,42267.289192259756
B25119_002,2017,"Lee County, Virginia",51105,Owner occupied (dollars),42018,3330,308.14258333333333,54494.843733671994
B25119_003,2017,"Lee County, Virginia",51105,Renter occupied (dollars),16704,1421,308.14258333333333,21664.09323926072
B25119_001,2017,"Loudoun County, Virginia",51107,All,129588,2111,308.14258333333333,168067.91874337394
B25119_002,2017,"Loudoun County, Virginia",51107,Owner occupied (dollars),148161,1785,308.14258333333333,192155.99367948444
B25119_003,2017,"Loudoun County, Virginia",51107,Renter occupied (dollars),72889,3176,308.14258333333333,94532.6922962449
B25119_001,2017,"Louisa County, Virginia",51109,All,56946,4745,308.14258333333333,73855.57073772396
B25119_002,2017,"Louisa County, Virginia",51109,Owner occupied (dollars),66482,4635,308.14258333333333,86223.19484749349
B25119_003,2017,"Louisa County, Virginia",51109,Renter occupied (dollars),32895,7456,308.14258333333333,42662.856028824324
B25119_001,2017,"Lunenburg County, Virginia",51111,All,39537,3382,308.14258333333333,51277.134482797606
B25119_002,2017,"Lunenburg County, Virginia",51111,Owner occupied (dollars),46003,4122,308.14258333333333,59663.151417966415
B25119_003,2017,"Lunenburg County, Virginia",51111,Renter occupied (dollars),29688,3591,308.14258333333333,38503.568012881486
B25119_001,2017,"Madison County, Virginia",51113,All,52287,4596,308.14258333333333,67813.12519164424
B25119_002,2017,"Madison County, Virginia",51113,Owner occupied (dollars),59201,6207,308.14258333333333,76780.17144740625
B25119_003,2017,"Madison County, Virginia",51113,Renter occupied (dollars),34477,4966,308.14258333333333,44714.615817169055
B25119_001,2017,"Mathews County, Virginia",51115,All,63622,9637,308.14258333333333,82513.94516692084
B25119_002,2017,"Mathews County, Virginia",51115,Owner occupied (dollars),66439,8166,308.14258333333333,86167.42640824014
B25119_003,2017,"Mathews County, Virginia",51115,Renter occupied (dollars),43176,11793,308.14258333333333,55996.7007721696
B25119_001,2017,"Mecklenburg County, Virginia",51117,All,41126,2130,308.14258333333333,53337.97285427661
B25119_002,2017,"Mecklenburg County, Virginia",51117,Owner occupied (dollars),47492,3486,308.14258333333333,61594.295744670155
B25119_003,2017,"Mecklenburg County, Virginia",51117,Renter occupied (dollars),27942,4201,308.14258333333333,36239.10999110531
B25119_001,2017,"Middlesex County, Virginia",51119,All,50483,5320,308.14258333333333,65473.44462389841
B25119_002,2017,"Middlesex County, Virginia",51119,Owner occupied (dollars),57074,4725,308.14258333333333,74021.57911503631
B25119_003,2017,"Middlesex County, Virginia",51119,Renter occupied (dollars),33750,8693,308.14258333333333,43771.74011165286
B25119_001,2017,"Montgomery County, Virginia",51121,All,53424,1793,308.14258333333333,69287.74648073904
B25119_002,2017,"Montgomery County, Virginia",51121,Owner occupied (dollars),78826,2808,308.14258333333333,102232.62773455255
B25119_003,2017,"Montgomery County, Virginia",51121,Renter occupied (dollars),29859,3355,308.14258333333333,38725.3448294472
B25119_001,2017,"Nelson County, Virginia",51125,All,53834,4010,308.14258333333333,69819.49206431763
B25119_002,2017,"Nelson County, Virginia",51125,Owner occupied (dollars),64727,7736,308.14258333333333,83947.06436168755
B25119_003,2017,"Nelson County, Virginia",51125,Renter occupied (dollars),39205,8284,308.14258333333333,50846.550254143716
B25119_001,2017,"New Kent County, Virginia",51127,All,78429,5091,308.14258333333333,101717.74237679473
B25119_002,2017,"New Kent County, Virginia",51127,Owner occupied (dollars),89843,6835,308.14258333333333,116521.02064744379
B25119_003,2017,"New Kent County, Virginia",51127,Renter occupied (dollars),57238,13881,308.14258333333333,74234.27734846775
B25119_001,2017,"Northampton County, Virginia",51131,All,41468,4548,308.14258333333333,53781.526487408024
B25119_002,2017,"Northampton County, Virginia",51131,Owner occupied (dollars),54099,3455,308.14258333333333,70163.18128297209
B25119_003,2017,"Northampton County, Virginia",51131,Renter occupied (dollars),26875,3694,308.14258333333333,34855.27453335321
B25119_001,2017,"Northumberland County, Virginia",51133,All,56677,2308,308.14258333333333,73506.6937572785
B25119_002,2017,"Northumberland County, Virginia",51133,Owner occupied (dollars),61931,7726,308.14258333333333,80320.81886977106
B25119_003,2017,"Northumberland County, Virginia",51133,Renter occupied (dollars),27925,8533,308.14258333333333,36217.06200349351
B25119_001,2017,"Nottoway County, Virginia",51135,All,38410,2987,308.14258333333333,49815.48259818034
B25119_002,2017,"Nottoway County, Virginia",51135,Owner occupied (dollars),53909,4621,308.14258333333333,69916.76259789908
B25119_003,2017,"Nottoway County, Virginia",51135,Renter occupied (dollars),25586,3598,308.14258333333333,33183.5182962
B25119_001,2017,"Orange County, Virginia",51137,All,67196,3748,308.14258333333333,87149.2103271889
B25119_002,2017,"Orange County, Virginia",51137,Owner occupied (dollars),75588,5273,308.14258333333333,98033.13456472938
B25119_003,2017,"Orange County, Virginia",51137,Renter occupied (dollars),38090,4789,308.14258333333333,49400.46165489948
B25119_001,2017,"Page County, Virginia",51139,All,46140,2999,308.14258333333333,59840.83225930853
B25119_002,2017,"Page County, Virginia",51139,Owner occupied (dollars),54945,3701,308.14258333333333,71260.39290177086
B25119_003,2017,"Page County, Virginia",51139,Renter occupied (dollars),31930,5203,308.14258333333333,41411.30849674299
B25119_001,2017,"Patrick County, Virginia",51141,All,37757,4017,308.14258333333333,48968.58048579784
B25119_002,2017,"Patrick County, Virginia",51141,Owner occupied (dollars),44449,2711,308.14258333333333,57647.705962158754
B25119_003,2017,"Patrick County, Virginia",51141,Renter occupied (dollars),18666,3325,308.14258333333333,24208.690397751474
B25119_001,2017,"Pittsylvania County, Virginia",51143,All,44356,1580,308.14258333333333,57527.090500517756
B25119_002,2017,"Pittsylvania County, Virginia",51143,Owner occupied (dollars),49628,1889,308.14258333333333,64364.56054106987
B25119_003,2017,"Pittsylvania County, Virginia",51143,Renter occupied (dollars),29355,4365,308.14258333333333,38071.68684377985
B25119_001,2017,"Powhatan County, Virginia",51145,All,80441,4097,308.14258333333333,104327.18655767312
B25119_002,2017,"Powhatan County, Virginia",51145,Owner occupied (dollars),85337,6291,308.14258333333333,110677.00698987023
B25119_003,2017,"Powhatan County, Virginia",51145,Renter occupied (dollars),53550,7261,308.14258333333333,69451.16097715587
B25119_001,2017,"Prince Edward County, Virginia",51147,All,44147,3938,308.14258333333333,57256.029946937444
B25119_002,2017,"Prince Edward County, Virginia",51147,Owner occupied (dollars),51837,5385,308.14258333333333,67229.50199015554
B25119_003,2017,"Prince Edward County, Virginia",51147,Renter occupied (dollars),31169,6582,308.14258333333333,40424.336816003204
B25119_001,2017,"Prince George County, Virginia",51149,All,68461,3433,308.14258333333333,88789.83999359605
B25119_002,2017,"Prince George County, Virginia",51149,Owner occupied (dollars),81618,6029,308.14258333333333,105853.68546467803
B25119_003,2017,"Prince George County, Virginia",51149,Renter occupied (dollars),44621,10109,308.14258333333333,57870.77971917221
B25119_001,2017,"Prince William County, Virginia",51153,All,101059,1440,308.14258333333333,131067.50470943782
B25119_002,2017,"Prince William County, Virginia",51153,Owner occupied (dollars),118783,1809,308.14258333333333,154054.47720540626
B25119_003,2017,"Prince William County, Virginia",51153,Renter occupied (dollars),61770,1675,308.14258333333333,80112.01145768288
B25119_001,2017,"Pulaski County, Virginia",51155,All,49691,2407,308.14258333333333,64446.26778927829
B25119_002,2017,"Pulaski County, Virginia",51155,Owner occupied (dollars),56922,3214,308.14258333333333,73824.4441669779
B25119_003,2017,"Pulaski County, Virginia",51155,Renter occupied (dollars),33778,5416,308.14258333333333,43808.05444418993
B25119_001,2017,"Rappahannock County, Virginia",51157,All,62541,6964,308.14258333333333,81111.9525429002
B25119_002,2017,"Rappahannock County, Virginia",51157,Owner occupied (dollars),78056,12877,308.14258333333333,101233.98358978299
B25119_003,2017,"Rappahannock County, Virginia",51157,Renter occupied (dollars),30280,8509,308.14258333333333,39271.35675795107
B25119_001,2017,"Richmond County, Virginia",51159,All,47341,4376,308.14258333333333,61398.4577370595
B25119_002,2017,"Richmond County, Virginia",51159,Owner occupied (dollars),55145,6149,308.14258333333333,71519.78099132139
B25119_003,2017,"Richmond County, Virginia",51159,Renter occupied (dollars),25594,4564,308.14258333333333,33193.893819782024
B25119_001,2017,"Roanoke County, Virginia",51161,All,62134,1707,308.14258333333333,80584.09778066486
B25119_002,2017,"Roanoke County, Virginia",51161,Owner occupied (dollars),71868,2195,308.14258333333333,93208.51609908942
B25119_003,2017,"Roanoke County, Virginia",51161,Renter occupied (dollars),42257,3035,308.14258333333333,54804.812500684886
B25119_001,2017,"Rockbridge County, Virginia",51163,All,53918,3825,308.14258333333333,69928.43506192886
B25119_002,2017,"Rockbridge County, Virginia",51163,Owner occupied (dollars),61073,5163,308.14258333333333,79208.04396559927
B25119_003,2017,"Rockbridge County, Virginia",51163,Renter occupied (dollars),33803,5121,308.14258333333333,43840.47795538375
B25119_001,2017,"Rockingham County, Virginia",51165,All,57651,1698,308.14258333333333,74769.9137533896
B25119_002,2017,"Rockingham County, Virginia",51165,Owner occupied (dollars),65922,1394,308.14258333333333,85496.908196752
B25119_003,2017,"Rockingham County, Virginia",51165,Renter occupied (dollars),37624,3002,308.14258333333333,48796.087406246734
B25119_001,2017,"Russell County, Virginia",51167,All,40083,2026,308.14258333333333,51985.26396727057
B25119_002,2017,"Russell County, Virginia",51167,Owner occupied (dollars),44849,4568,308.14258333333333,58166.482141259825
B25119_003,2017,"Russell County, Virginia",51167,Renter occupied (dollars),22147,8329,308.14258333333333,28723.340096378546
B25119_001,2017,"Scott County, Virginia",51169,All,38725,2734,308.14258333333333,50224.01883922243
B25119_002,2017,"Scott County, Virginia",51169,Owner occupied (dollars),43656,1995,308.14258333333333,56619.232187090885
B25119_003,2017,"Scott County, Virginia",51169,Renter occupied (dollars),22089,4112,308.14258333333333,28648.11755040889
B25119_001,2017,"Shenandoah County, Virginia",51171,All,53934,2994,308.14258333333333,69949.1861090929
B25119_002,2017,"Shenandoah County, Virginia",51171,Owner occupied (dollars),64609,2212,308.14258333333333,83794.02538885274
B25119_003,2017,"Shenandoah County, Virginia",51171,Renter occupied (dollars),34850,4088,308.14258333333333,45198.374604180804
B25119_001,2017,"Smyth County, Virginia",51173,All,40544,1556,308.14258333333333,52583.15351368455
B25119_002,2017,"Smyth County, Virginia",51173,Owner occupied (dollars),47505,2370,308.14258333333333,61611.15597049094
B25119_003,2017,"Smyth County, Virginia",51173,Renter occupied (dollars),22061,2841,308.14258333333333,28611.803217871817
B25119_001,2017,"Southampton County, Virginia",51175,All,53681,4028,308.14258333333333,69621.06017581148
B25119_002,2017,"Southampton County, Virginia",51175,Owner occupied (dollars),68472,4988,308.14258333333333,88804.10633852132
B25119_003,2017,"Southampton County, Virginia",51175,Renter occupied (dollars),31653,2531,308.14258333333333,41052.0559927155
B25119_001,2017,"Spotsylvania County, Virginia",51177,All,81434,1924,308.14258333333333,105615.04842229153
B25119_002,2017,"Spotsylvania County, Virginia",51177,Owner occupied (dollars),93430,2552,308.14258333333333,121173.14603353264
B25119_003,2017,"Spotsylvania County, Virginia",51177,Renter occupied (dollars),51906,3253,308.14258333333333,67318.99088105047
B25119_001,2017,"Stafford County, Virginia",51179,All,103005,2824,308.14258333333333,133591.35082076452
B25119_002,2017,"Stafford County, Virginia",51179,Owner occupied (dollars),118665,2814,308.14258333333333,153901.43823257147
B25119_003,2017,"Stafford County, Virginia",51179,Renter occupied (dollars),59578,2995,308.14258333333333,77269.11799620901
B25119_001,2017,"Surry County, Virginia",51181,All,54656,5518,308.14258333333333,70885.57711237033
B25119_002,2017,"Surry County, Virginia",51181,Owner occupied (dollars),61925,7071,308.14258333333333,80313.03722708454
B25119_003,2017,"Surry County, Virginia",51181,Renter occupied (dollars),30651,11647,308.14258333333333,39752.52166406732
B25119_001,2017,"Sussex County, Virginia",51183,All,44608,3842,308.14258333333333,57853.91949335143
B25119_002,2017,"Sussex County, Virginia",51183,Owner occupied (dollars),49899,8814,308.14258333333333,64716.031402410845
B25119_003,2017,"Sussex County, Virginia",51183,Renter occupied (dollars),31719,9635,308.14258333333333,41137.654062267175
B25119_001,2017,"Tazewell County, Virginia",51185,All,40309,1889,308.14258333333333,52278.37250846267
B25119_002,2017,"Tazewell County, Virginia",51185,Owner occupied (dollars),44029,2696,308.14258333333333,57102.990974102635
B25119_003,2017,"Tazewell County, Virginia",51185,Renter occupied (dollars),26175,3471,308.14258333333333,33947.41621992633
B25119_001,2017,"Warren County, Virginia",51187,All,65353,3936,308.14258333333333,84758.94908198073
B25119_002,2017,"Warren County, Virginia",51187,Owner occupied (dollars),76623,8080,308.14258333333333,99375.4679281534
B25119_003,2017,"Warren County, Virginia",51187,Renter occupied (dollars),36525,2801,308.14258333333333,47370.74985416654
B25119_001,2017,"Washington County, Virginia",51191,All,44844,2619,308.14258333333333,58159.99743902106
B25119_002,2017,"Washington County, Virginia",51191,Owner occupied (dollars),52346,2440,308.14258333333333,67889.64467806165
B25119_003,2017,"Washington County, Virginia",51191,Renter occupied (dollars),26827,4075,308.14258333333333,34793.021391861075
B25119_001,2017,"Westmoreland County, Virginia",51193,All,55688,7635,308.14258333333333,72224.0196544511
B25119_002,2017,"Westmoreland County, Virginia",51193,Owner occupied (dollars),66195,9584,308.14258333333333,85850.97293898847
B25119_003,2017,"Westmoreland County, Virginia",51193,Renter occupied (dollars),30123,5777,308.14258333333333,39067.7371076539
B25119_001,2017,"Wise County, Virginia",51195,All,38255,3086,308.14258333333333,49614.456828778675
B25119_002,2017,"Wise County, Virginia",51195,Owner occupied (dollars),47384,4112,308.14258333333333,61454.22617631286
B25119_003,2017,"Wise County, Virginia",51195,Renter occupied (dollars),19866,5038,308.14258333333333,25765.01893505469
B25119_001,2017,"Wythe County, Virginia",51197,All,46119,2969,308.14258333333333,59813.59650990573
B25119_002,2017,"Wythe County, Virginia",51197,Owner occupied (dollars),51676,2545,308.14258333333333,67020.69457806736
B25119_003,2017,"Wythe County, Virginia",51197,Renter occupied (dollars),27143,5469,308.14258333333333,35202.85457335092
B25119_001,2017,"York County, Virginia",51199,All,86781,3475,308.14258333333333,112549.7889964251
B25119_002,2017,"York County, Virginia",51199,Owner occupied (dollars),99911,4111,308.14258333333333,129578.61707541774
B25119_003,2017,"York County, Virginia",51199,Renter occupied (dollars),58191,2883,308.14258333333333,75470.26159517605
B25119_001,2017,"Alexandria city, Virginia",51510,All,93370,1553,308.14258333333333,121095.32960666748
B25119_002,2017,"Alexandria city, Virginia",51510,Owner occupied (dollars),139055,4661,308.14258333333333,180346.05396224855
B25119_003,2017,"Alexandria city, Virginia",51510,Renter occupied (dollars),70041,2528,308.14258333333333,90839.00590104527
B25119_001,2017,"Bristol city, Virginia",51520,All,37844,4812,308.14258333333333,49081.414304752325
B25119_002,2017,"Bristol city, Virginia",51520,Owner occupied (dollars),50041,3513,308.14258333333333,64900.19694599173
B25119_003,2017,"Bristol city, Virginia",51520,Renter occupied (dollars),23008,2275,308.14258333333333,29840.0058218936
B25119_001,2017,"Buena Vista city, Virginia",51530,All,33672,2993,308.14258333333333,43670.57875672815
B25119_002,2017,"Buena Vista city, Virginia",51530,Owner occupied (dollars),45319,13897,308.14258333333333,58776.04415170359
B25119_003,2017,"Buena Vista city, Virginia",51530,Renter occupied (dollars),24945,8005,308.14258333333333,32352.179469190538
B25119_001,2017,"Charlottesville city, Virginia",51540,All,54739,3418,308.14258333333333,70993.22316953381
B25119_002,2017,"Charlottesville city, Virginia",51540,Owner occupied (dollars),83167,6637,308.14258333333333,107862.64621824691
B25119_003,2017,"Charlottesville city, Virginia",51540,Renter occupied (dollars),35144,2860,308.14258333333333,45579.675095820094
B25119_001,2017,"Chesapeake city, Virginia",51550,All,72214,1485,308.14258333333333,93657.25749401185
B25119_002,2017,"Chesapeake city, Virginia",51550,Owner occupied (dollars),86518,1832,308.14258333333333,112208.69365866615
B25119_003,2017,"Chesapeake city, Virginia",51550,Renter occupied (dollars),43884,2672,308.14258333333333,56914.93460917849
B25119_001,2017,"Colonial Heights city, Virginia",51570,All,50952,4104,308.14258333333333,66081.70969389442
B25119_002,2017,"Colonial Heights city, Virginia",51570,Owner occupied (dollars),61210,3564,308.14258333333333,79385.72480694138
B25119_003,2017,"Colonial Heights city, Virginia",51570,Renter occupied (dollars),34606,2813,308.14258333333333,44881.92113492915
B25119_001,2017,"Covington city, Virginia",51580,All,35546,3357,308.14258333333333,46101.04515581667
B25119_002,2017,"Covington city, Virginia",51580,Owner occupied (dollars),41004,6863,308.14258333333333,53179.74611965078
B25119_003,2017,"Covington city, Virginia",51580,Renter occupied (dollars),25719,6265,308.14258333333333,33356.011375751106
B25119_001,2017,"Danville city, Virginia",51590,All,34951,1744,308.14258333333333,45329.365589403824
B25119_002,2017,"Danville city, Virginia",51590,Owner occupied (dollars),45300,2365,308.14258333333333,58751.40228319629
B25119_003,2017,"Danville city, Virginia",51590,Renter occupied (dollars),25215,1566,308.14258333333333,32702.35339008376
B25119_001,2017,"Emporia city, Virginia",51595,All,27426,7596,308.14258333333333,35569.888720064926
B25119_002,2017,"Emporia city, Virginia",51595,Owner occupied (dollars),58261,10311,308.14258333333333,75561.04742651874
B25119_003,2017,"Emporia city, Virginia",51595,Renter occupied (dollars),21129,3771,308.14258333333333,27403.05472056632
B25119_001,2017,"Fairfax city, Virginia",51600,All,106870,5914,308.14258333333333,138604.02565132864
B25119_002,2017,"Fairfax city, Virginia",51600,Owner occupied (dollars),128433,6940,308.14258333333333,166569.95252621963
B25119_003,2017,"Fairfax city, Virginia",51600,Renter occupied (dollars),64236,14439,308.14258333333333,83310.26660184098
B25119_001,2017,"Falls Church city, Virginia",51610,All,114795,7917,308.14258333333333,148882.2786997686
B25119_002,2017,"Falls Church city, Virginia",51610,Owner occupied (dollars),173839,19677,308.14258333333333,225458.8304968777
B25119_003,2017,"Falls Church city, Virginia",51610,Renter occupied (dollars),74082,9400,308.14258333333333,96079.94225041385
B25119_001,2017,"Franklin city, Virginia",51620,All,38760,4679,308.14258333333333,50269.41175489377
B25119_002,2017,"Franklin city, Virginia",51620,Owner occupied (dollars),66129,7394,308.14258333333333,85765.3748694368
B25119_003,2017,"Franklin city, Virginia",51620,Renter occupied (dollars),29277,5796,308.14258333333333,37970.525488855135
B25119_001,2017,"Fredericksburg city, Virginia",51630,All,57258,3631,308.14258333333333,74260.2161574228
B25119_002,2017,"Fredericksburg city, Virginia",51630,Owner occupied (dollars),107344,8532,308.14258333333333,139218.7754235634
B25119_003,2017,"Fredericksburg city, Virginia",51630,Renter occupied (dollars),43804,3159,308.14258333333333,56811.17937335828
B25119_001,2017,"Galax city, Virginia",51640,All,31311,2888,308.14258333333333,40608.50235958408
B25119_002,2017,"Galax city, Virginia",51640,Owner occupied (dollars),44337,9751,308.14258333333333,57502.448632010455
B25119_003,2017,"Galax city, Virginia",51640,Renter occupied (dollars),18125,7003,308.14258333333333,23507.045615517276
B25119_001,2017,"Hampton city, Virginia",51650,All,52021,1382,308.14258333333333,67468.13903254204
B25119_002,2017,"Hampton city, Virginia",51650,Owner occupied (dollars),68393,2364,308.14258333333333,88701.64804314886
B25119_003,2017,"Hampton city, Virginia",51650,Renter occupied (dollars),36836,1798,308.14258333333333,47774.09833341762
B25119_001,2017,"Harrisonburg city, Virginia",51660,All,43009,2035,308.14258333333333,55780.1117173949
B25119_002,2017,"Harrisonburg city, Virginia",51660,Owner occupied (dollars),71766,2921,308.14258333333333,93076.22817341864
B25119_003,2017,"Harrisonburg city, Virginia",51660,Renter occupied (dollars),31039,2327,308.14258333333333,40255.73455779535
B25119_001,2017,"Hopewell city, Virginia",51670,All,40712,2737,308.14258333333333,52801.039508907
B25119_002,2017,"Hopewell city, Virginia",51670,Owner occupied (dollars),53962,5693,308.14258333333333,69985.50044162998
B25119_003,2017,"Hopewell city, Virginia",51670,Renter occupied (dollars),32648,4489,308.14258333333333,42342.51173822941
B25119_001,2017,"Lexington city, Virginia",51678,All,37309,8201,308.14258333333333,48387.55116520464
B25119_002,2017,"Lexington city, Virginia",51678,Owner occupied (dollars),51747,7767,308.14258333333333,67112.7773498578
B25119_003,2017,"Lexington city, Virginia",51678,Renter occupied (dollars),19400,13384,308.14258333333333,25160.64468640194
B25119_001,2017,"Lynchburg city, Virginia",51680,All,41971,1414,308.14258333333333,54433.887532627625
B25119_002,2017,"Lynchburg city, Virginia",51680,Owner occupied (dollars),63018,2605,308.14258333333333,81730.59313647822
B25119_003,2017,"Lynchburg city, Virginia",51680,Renter occupied (dollars),28969,2111,308.14258333333333,37571.06783094731
B25119_001,2017,"Manassas city, Virginia",51683,All,77551,3453,308.14258333333333,100579.02866366788
B25119_002,2017,"Manassas city, Virginia",51683,Owner occupied (dollars),96974,7489,308.14258333333333,125769.50298036814
B25119_003,2017,"Manassas city, Virginia",51683,Renter occupied (dollars),49419,3242,308.14258333333333,64093.499987489566
B25119_001,2017,"Manassas Park city, Virginia",51685,All,79131,7001,308.14258333333333,102628.19457111711
B25119_002,2017,"Manassas Park city, Virginia",51685,Owner occupied (dollars),86233,8202,308.14258333333333,111839.06563105663
B25119_003,2017,"Manassas Park city, Virginia",51685,Renter occupied (dollars),70559,9094,308.14258333333333,91510.82105298116
B25119_001,2017,"Martinsville city, Virginia",51690,All,33545,4045,308.14258333333333,43505.86731986356
B25119_002,2017,"Martinsville city, Virginia",51690,Owner occupied (dollars),49356,3119,308.14258333333333,64011.79273928115
B25119_003,2017,"Martinsville city, Virginia",51690,Renter occupied (dollars),24311,3320,308.14258333333333,31529.919225315338
B25119_001,2017,"Newport News city, Virginia",51700,All,51082,1419,308.14258333333333,66250.31195210226
B25119_002,2017,"Newport News city, Virginia",51700,Owner occupied (dollars),70592,1874,308.14258333333333,91553.620087757
B25119_003,2017,"Newport News city, Virginia",51700,Renter occupied (dollars),36170,1674,308.14258333333333,46910.335995214344
B25119_001,2017,"Norfolk city, Virginia",51710,All,47137,930,308.14258333333333,61133.88188571795
B25119_002,2017,"Norfolk city, Virginia",51710,Owner occupied (dollars),68606,1658,308.14258333333333,88977.89635852019
B25119_003,2017,"Norfolk city, Virginia",51710,Renter occupied (dollars),34038,1155,308.14258333333333,44145.258960605635
B25119_001,2017,"Norton city, Virginia",51720,All,26971,8010,308.14258333333333,34979.78081633746
B25119_002,2017,"Norton city, Virginia",51720,Owner occupied (dollars),51250,15225,308.14258333333333,66468.19794732472
B25119_003,2017,"Norton city, Virginia",51720,Renter occupied (dollars),18000,3237,308.14258333333333,23344.928059548194
B25119_001,2017,"Petersburg city, Virginia",51730,All,33939,1600,308.14258333333333,44016.86185627812
B25119_002,2017,"Petersburg city, Virginia",51730,Owner occupied (dollars),49268,3882,308.14258333333333,63897.66197987891
B25119_003,2017,"Petersburg city, Virginia",51730,Renter occupied (dollars),26803,2221,308.14258333333333,34761.89482111501
B25119_001,2017,"Poquoson city, Virginia",51735,All,88328,8414,308.14258333333333,114556.15586909848
B25119_002,2017,"Poquoson city, Virginia",51735,Owner occupied (dollars),98078,7053,308.14258333333333,127201.32523468709
B25119_003,2017,"Poquoson city, Virginia",51735,Renter occupied (dollars),52695,19782,308.14258333333333,68342.27689432734
B25119_001,2017,"Portsmouth city, Virginia",51740,All,48727,1587,308.14258333333333,63196.01719764471
B25119_002,2017,"Portsmouth city, Virginia",51740,Owner occupied (dollars),64634,1790,308.14258333333333,83826.44890004655
B25119_003,2017,"Portsmouth city, Virginia",51740,Renter occupied (dollars),32129,1926,308.14258333333333,41669.39964584577
B25119_001,2017,"Radford city, Virginia",51750,All,36082,5918,308.14258333333333,46796.20523581211
B25119_002,2017,"Radford city, Virginia",51750,Owner occupied (dollars),57131,4239,308.14258333333333,74095.50472055821
B25119_003,2017,"Radford city, Virginia",51750,Renter occupied (dollars),19455,2792,308.14258333333333,25231.97641102834
B25119_001,2017,"Richmond city, Virginia",51760,All,42356,832,308.14258333333333,54933.2096050124
B25119_002,2017,"Richmond city, Virginia",51760,Owner occupied (dollars),71250,1897,308.14258333333333,92407.00690237826
B25119_003,2017,"Richmond city, Virginia",51760,Renter occupied (dollars),30112,1176,308.14258333333333,39053.47076272862
B25119_001,2017,"Roanoke city, Virginia",51770,All,41483,1343,308.14258333333333,53800.98059412432
B25119_002,2017,"Roanoke city, Virginia",51770,Owner occupied (dollars),53940,2312,308.14258333333333,69956.96775177942
B25119_003,2017,"Roanoke city, Virginia",51770,Renter occupied (dollars),28196,1760,308.14258333333333,36568.53286483449
B25119_001,2017,"Salem city, Virginia",51775,All,53990,2528,308.14258333333333,70021.81477416705
B25119_002,2017,"Salem city, Virginia",51775,Owner occupied (dollars),66875,7070,308.14258333333333,86732.8924434603
B25119_003,2017,"Salem city, Virginia",51775,Renter occupied (dollars),36467,2871,308.14258333333333,47295.527308196884
B25119_001,2017,"Staunton city, Virginia",51790,All,46435,3006,308.14258333333333,60223.42969139558
B25119_002,2017,"Staunton city, Virginia",51790,Owner occupied (dollars),64638,4478,308.14258333333333,83831.63666183756
B25119_003,2017,"Staunton city, Virginia",51790,Renter occupied (dollars),28739,2735,308.14258333333333,37272.77152796419
B25119_001,2017,"Suffolk city, Virginia",51800,All,68089,1784,308.14258333333333,88307.37814703205
B25119_002,2017,"Suffolk city, Virginia",51800,Owner occupied (dollars),82795,1919,308.14258333333333,107380.18437168292
B25119_003,2017,"Suffolk city, Virginia",51800,Renter occupied (dollars),36209,2326,308.14258333333333,46960.91667267669
B25119_001,2017,"Virginia Beach city, Virginia",51810,All,70500,1124,308.14258333333333,91434.30156656375
B25119_002,2017,"Virginia Beach city, Virginia",51810,Owner occupied (dollars),86152,1304,308.14258333333333,111734.01345478866
B25119_003,2017,"Virginia Beach city, Virginia",51810,Renter occupied (dollars),50737,1218,308.14258333333333,65802.8674976276
B25119_001,2017,"Waynesboro city, Virginia",51820,All,42112,4730,308.14258333333333,54616.75613576075
B25119_002,2017,"Waynesboro city, Virginia",51820,Owner occupied (dollars),55723,2927,308.14258333333333,72269.41257012244
B25119_003,2017,"Waynesboro city, Virginia",51820,Renter occupied (dollars),30045,5062,308.14258333333333,38966.57575272919
B25119_001,2017,"Williamsburg city, Virginia",51830,All,54606,4779,308.14258333333333,70820.7300899827
B25119_002,2017,"Williamsburg city, Virginia",51830,Owner occupied (dollars),78904,7682,308.14258333333333,102333.78908947726
B25119_003,2017,"Williamsburg city, Virginia",51830,Renter occupied (dollars),36123,8346,308.14258333333333,46849.37979416997
B25119_001,2017,"Winchester city, Virginia",51840,All,49330,3199,308.14258333333333,63978.072287639574
B25119_002,2017,"Winchester city, Virginia",51840,Owner occupied (dollars),81097,2911,308.14258333333333,105177.97949139887
B25119_003,2017,"Winchester city, Virginia",51840,Renter occupied (dollars),39012,2153,308.14258333333333,50596.24074772745
B25119_001,2018,"Accomack County, Virginia",51001,All,43210,3243,319.28875,54084.44826759477
B25119_002,2018,"Accomack County, Virginia",51001,Owner occupied (dollars),52506,4014,319.28875,65719.92688586742
B25119_003,2018,"Accomack County, Virginia",51001,Renter occupied (dollars),32077,4516,319.28875,40149.660890526204
B25119_001,2018,"Albemarle County, Virginia",51003,All,75394,2534,319.28875,94368.03732207915
B25119_002,2018,"Albemarle County, Virginia",51003,Owner occupied (dollars),96369,3930,319.28875,120621.71245313215
B25119_003,2018,"Albemarle County, Virginia",51003,Renter occupied (dollars),51751,3587,319.28875,64774.91974765788
B25119_001,2018,"Alleghany County, Virginia",51005,All,47794,3629,319.28875,59822.08101137293
B25119_002,2018,"Alleghany County, Virginia",51005,Owner occupied (dollars),54784,2077,319.28875,68571.2199465844
B25119_003,2018,"Alleghany County, Virginia",51005,Renter occupied (dollars),21455,5558,319.28875,26854.474371239197
B25119_001,2018,"Amelia County, Virginia",51007,All,58526,8627,319.28875,73254.95068986928
B25119_002,2018,"Amelia County, Virginia",51007,Owner occupied (dollars),68767,10917,319.28875,86073.25281225849
B25119_003,2018,"Amelia County, Virginia",51007,Renter occupied (dollars),37042,10457,319.28875,46364.178031202166
B25119_001,2018,"Amherst County, Virginia",51009,All,49170,3347,319.28875,61544.37216657336
B25119_002,2018,"Amherst County, Virginia",51009,Owner occupied (dollars),56839,4501,319.28875,71143.39169363155
B25119_003,2018,"Amherst County, Virginia",51009,Renter occupied (dollars),29338,3574,319.28875,36721.35022621373
B25119_001,2018,"Appomattox County, Virginia",51011,All,56176,4129,319.28875,70313.53774312437
B25119_002,2018,"Appomattox County, Virginia",51011,Owner occupied (dollars),66533,3986,319.28875,83277.03301522524
B25119_003,2018,"Appomattox County, Virginia",51011,Renter occupied (dollars),24643,6567,319.28875,30844.78265814251
B25119_001,2018,"Arlington County, Virginia",51013,All,117374,2067,319.28875,146912.9375366968
B25119_002,2018,"Arlington County, Virginia",51013,Owner occupied (dollars),163483,4659,319.28875,204625.96288199944
B25119_003,2018,"Arlington County, Virginia",51013,Renter occupied (dollars),90824,2430,319.28875,113681.22956389788
B25119_001,2018,"Augusta County, Virginia",51015,All,61305,1784,319.28875,76733.32795753061
B25119_002,2018,"Augusta County, Virginia",51015,Owner occupied (dollars),67330,3025,319.28875,84274.61008695107
B25119_003,2018,"Augusta County, Virginia",51015,Renter occupied (dollars),40568,4127,319.28875,50777.54911640326
B25119_001,2018,"Bath County, Virginia",51017,All,46137,2875,319.28875,57748.071967646836
B25119_002,2018,"Bath County, Virginia",51017,Owner occupied (dollars),47537,7656,319.28875,59500.403084856574
B25119_003,2018,"Bath County, Virginia",51017,Renter occupied (dollars),43833,8627,319.28875,54864.2356147531
B25119_001,2018,"Bedford County, Virginia",51019,All,61541,2660,319.28875,77028.72091728881
B25119_002,2018,"Bedford County, Virginia",51019,Owner occupied (dollars),68151,3391,319.28875,85302.2271206862
B25119_003,2018,"Bedford County, Virginia",51019,Renter occupied (dollars),38609,5395,319.28875,48325.53721739334
B25119_001,2018,"Bland County, Virginia",51021,All,50511,4943,319.28875,63222.85504384354
B25119_002,2018,"Bland County, Virginia",51021,Owner occupied (dollars),58459,9370,319.28875,73171.08912925996
B25119_003,2018,"Bland County, Virginia",51021,Renter occupied (dollars),22277,14351,319.28875,27883.343070058057
B25119_001,2018,"Botetourt County, Virginia",51023,All,68410,3438,319.28875,85626.40837737001
B25119_002,2018,"Botetourt County, Virginia",51023,Owner occupied (dollars),72779,3501,319.28875,91094.93312814811
B25119_003,2018,"Botetourt County, Virginia",51023,Renter occupied (dollars),37756,7653,319.28875,47257.86690097913
B25119_001,2018,"Brunswick County, Virginia",51025,All,41927,3130,319.28875,52478.561965180415
B25119_002,2018,"Brunswick County, Virginia",51025,Owner occupied (dollars),50263,3287,319.28875,62912.44210308067
B25119_003,2018,"Brunswick County, Virginia",51025,Renter occupied (dollars),26071,6044,319.28875,32632.16039769644
B25119_001,2018,"Buchanan County, Virginia",51027,All,30806,2381,319.28875,38558.794569116515
B25119_002,2018,"Buchanan County, Virginia",51027,Owner occupied (dollars),33144,2355,319.28875,41485.18753485677
B25119_003,2018,"Buchanan County, Virginia",51027,Renter occupied (dollars),21809,4386,319.28875,27297.563810876516
B25119_001,2018,"Buckingham County, Virginia",51029,All,46261,4573,319.28875,57903.27843802827
B25119_002,2018,"Buckingham County, Virginia",51029,Owner occupied (dollars),52386,3098,319.28875,65569.72707582086
B25119_003,2018,"Buckingham County, Virginia",51029,Renter occupied (dollars),29625,3354,319.28875,37080.57810524173
B25119_001,2018,"Campbell County, Virginia",51031,All,50258,2308,319.28875,62906.18377766207
B25119_002,2018,"Campbell County, Virginia",51031,Owner occupied (dollars),57813,3356,319.28875,72362.51348517604
B25119_003,2018,"Campbell County, Virginia",51031,Renter occupied (dollars),33744,2875,319.28875,42236.18658508951
B25119_001,2018,"Caroline County, Virginia",51033,All,64715,4314,319.28875,81001.50589302003
B25119_002,2018,"Caroline County, Virginia",51033,Owner occupied (dollars),73354,5268,319.28875,91814.64055128783
B25119_003,2018,"Caroline County, Virginia",51033,Renter occupied (dollars),48210,3466,319.28875,60342.77368620097
B25119_001,2018,"Carroll County, Virginia",51035,All,43532,2276,319.28875,54487.48442455301
B25119_002,2018,"Carroll County, Virginia",51035,Owner occupied (dollars),49761,3032,319.28875,62284.10623105261
B25119_003,2018,"Carroll County, Virginia",51035,Renter occupied (dollars),25583,6740,319.28875,32021.347836840476
B25119_001,2018,"Charles City County, Virginia",51036,All,59192,4207,319.28875,74088.55963562762
B25119_002,2018,"Charles City County, Virginia",51036,Owner occupied (dollars),64880,4318,319.28875,81208.03063183403
B25119_003,2018,"Charles City County, Virginia",51036,Renter occupied (dollars),34554,18626,319.28875,43250.03530290372
B25119_001,2018,"Charlotte County, Virginia",51037,All,39212,2751,319.28875,49080.291262877254
B25119_002,2018,"Charlotte County, Virginia",51037,Owner occupied (dollars),47381,5174,319.28875,59305.14333179606
B25119_003,2018,"Charlotte County, Virginia",51037,Renter occupied (dollars),23832,3478,319.28875,29829.682275244584
B25119_001,2018,"Chesterfield County, Virginia",51041,All,80214,1216,319.28875,100401.06302561553
B25119_002,2018,"Chesterfield County, Virginia",51041,Owner occupied (dollars),91648,1513,319.28875,114712.60159288418
B25119_003,2018,"Chesterfield County, Virginia",51041,Renter occupied (dollars),51139,1929,319.28875,64008.90071642048
B25119_001,2018,"Clarke County, Virginia",51043,All,77936,6550,319.28875,97549.76996489854
B25119_002,2018,"Clarke County, Virginia",51043,Owner occupied (dollars),98885,7619,319.28875,123770.90180377479
B25119_003,2018,"Clarke County, Virginia",51043,Renter occupied (dollars),34811,10128,319.28875,43571.71322942008
B25119_001,2018,"Craig County, Virginia",51045,All,55484,13649,319.28875,69447.38550518926
B25119_002,2018,"Craig County, Virginia",51045,Owner occupied (dollars),73553,15589,319.28875,92063.72190294835
B25119_003,2018,"Craig County, Virginia",51045,Renter occupied (dollars),31681,14255,319.28875,39654.0015173726
B25119_001,2018,"Culpeper County, Virginia",51047,All,73116,2713,319.28875,91516.74426136217
B25119_002,2018,"Culpeper County, Virginia",51047,Owner occupied (dollars),87126,3446,319.28875,109052.57208429673
B25119_003,2018,"Culpeper County, Virginia",51047,Renter occupied (dollars),42675,2869,319.28875,53414.807447803905
B25119_001,2018,"Cumberland County, Virginia",51049,All,46221,4519,319.28875,57853.21183467942
B25119_002,2018,"Cumberland County, Virginia",51049,Owner occupied (dollars),56193,12502,319.28875,70334.81604954762
B25119_003,2018,"Cumberland County, Virginia",51049,Renter occupied (dollars),33164,7304,319.28875,41510.220836531196
B25119_001,2018,"Dickenson County, Virginia",51051,All,29226,2792,319.28875,36581.163736836956
B25119_002,2018,"Dickenson County, Virginia",51051,Owner occupied (dollars),33611,4402,319.28875,42069.71512895459
B25119_003,2018,"Dickenson County, Virginia",51051,Renter occupied (dollars),17150,2838,319.28875,21466.056185819263
B25119_001,2018,"Dinwiddie County, Virginia",51053,All,55880,4297,319.28875,69943.04487834287
B25119_002,2018,"Dinwiddie County, Virginia",51053,Owner occupied (dollars),65000,4188,319.28875,81358.23044188059
B25119_003,2018,"Dinwiddie County, Virginia",51053,Renter occupied (dollars),34930,7729,319.28875,43720.66137438291
B25119_001,2018,"Essex County, Virginia",51057,All,52681,2936,319.28875,65938.96827551864
B25119_002,2018,"Essex County, Virginia",51057,Owner occupied (dollars),59135,7614,319.28875,74017.21472585552
B25119_003,2018,"Essex County, Virginia",51057,Renter occupied (dollars),35318,6210,319.28875,44206.30742686675
B25119_001,2018,"Fairfax County, Virginia",51059,All,121133,1144,319.28875,151617.94658640493
B25119_002,2018,"Fairfax County, Virginia",51059,Owner occupied (dollars),148337,1272,319.28875,185668.24352395753
B25119_003,2018,"Fairfax County, Virginia",51059,Renter occupied (dollars),78982,1428,319.28875,98859.01164247096
B25119_001,2018,"Fauquier County, Virginia",51061,All,97469,3787,319.28875,121998.54404522551
B25119_002,2018,"Fauquier County, Virginia",51061,Owner occupied (dollars),112154,4865,319.28875,140379.24579967192
B25119_003,2018,"Fauquier County, Virginia",51061,Renter occupied (dollars),56735,6817,319.28875,71013.21852492454
B25119_001,2018,"Floyd County, Virginia",51063,All,49729,4731,319.28875,62244.05294837353
B25119_002,2018,"Floyd County, Virginia",51063,Owner occupied (dollars),53983,6794,319.28875,67568.63621452368
B25119_003,2018,"Floyd County, Virginia",51063,Renter occupied (dollars),34906,4176,319.28875,43690.62141237359
B25119_001,2018,"Fluvanna County, Virginia",51065,All,74931,4899,319.28875,93788.51638831622
B25119_002,2018,"Fluvanna County, Virginia",51065,Owner occupied (dollars),80861,5541,319.28875,101210.89033478317
B25119_003,2018,"Fluvanna County, Virginia",51065,Renter occupied (dollars),44741,5356,319.28875,56000.74751077199
B25119_001,2018,"Franklin County, Virginia",51067,All,52639,3185,319.28875,65886.39834200234
B25119_002,2018,"Franklin County, Virginia",51067,Owner occupied (dollars),60529,2844,319.28875,75762.03585256293
B25119_003,2018,"Franklin County, Virginia",51067,Renter occupied (dollars),27957,2606,319.28875,34992.8007455947
B25119_001,2018,"Frederick County, Virginia",51069,All,73250,2263,319.28875,91684.46738258081
B25119_002,2018,"Frederick County, Virginia",51069,Owner occupied (dollars),81800,2965,319.28875,102386.20384839742
B25119_003,2018,"Frederick County, Virginia",51069,Renter occupied (dollars),51125,3507,319.28875,63991.37740524838
B25119_001,2018,"Giles County, Virginia",51071,All,52478,3169,319.28875,65684.88026352321
B25119_002,2018,"Giles County, Virginia",51071,Owner occupied (dollars),54351,2930,319.28875,68029.2489653331
B25119_003,2018,"Giles County, Virginia",51071,Renter occupied (dollars),42339,5799,319.28875,52994.24797967357
B25119_001,2018,"Gloucester County, Virginia",51073,All,66701,3711,319.28875,83487.31274929042
B25119_002,2018,"Gloucester County, Virginia",51073,Owner occupied (dollars),77316,3339,319.28875,96773.73761299138
B25119_003,2018,"Gloucester County, Virginia",51073,Renter occupied (dollars),40803,8455,319.28875,51071.69041107775
B25119_001,2018,"Goochland County, Virginia",51075,All,89741,7343,319.28875,112325.67627822778
B25119_002,2018,"Goochland County, Virginia",51075,Owner occupied (dollars),101620,9312,319.28875,127194.20580775238
B25119_003,2018,"Goochland County, Virginia",51075,Renter occupied (dollars),48466,17867,319.28875,60663.199947633606
B25119_001,2018,"Grayson County, Virginia",51077,All,33969,2345,319.28875,42517.811228926796
B25119_002,2018,"Grayson County, Virginia",51077,Owner occupied (dollars),39250,3051,319.28875,49127.85453605866
B25119_003,2018,"Grayson County, Virginia",51077,Renter occupied (dollars),22281,5339,319.28875,27888.349730392943
B25119_001,2018,"Greene County, Virginia",51079,All,64979,4475,319.28875,81331.94547512244
B25119_002,2018,"Greene County, Virginia",51079,Owner occupied (dollars),73372,6512,319.28875,91837.1705227948
B25119_003,2018,"Greene County, Virginia",51079,Renter occupied (dollars),45380,9484,319.28875,56800.56149926986
B25119_001,2018,"Greensville County, Virginia",51081,All,44534,7545,319.28875,55741.65283844169
B25119_002,2018,"Greensville County, Virginia",51081,Owner occupied (dollars),50156,5022,319.28875,62778.5139391225
B25119_003,2018,"Greensville County, Virginia",51081,Renter occupied (dollars),28692,9710,319.28875,35912.77458212981
B25119_001,2018,"Halifax County, Virginia",51083,All,42289,2347,319.28875,52931.664725487506
B25119_002,2018,"Halifax County, Virginia",51083,Owner occupied (dollars),49577,4147,319.28875,62053.7998556479
B25119_003,2018,"Halifax County, Virginia",51083,Renter occupied (dollars),25270,2538,319.28875,31629.57666563573
B25119_001,2018,"Hanover County, Virginia",51085,All,88652,2596,319.28875,110962.61300205534
B25119_002,2018,"Hanover County, Virginia",51085,Owner occupied (dollars),97582,3098,319.28875,122139.98219968601
B25119_003,2018,"Hanover County, Virginia",51085,Renter occupied (dollars),52899,5945,319.28875,66211.83126376985
B25119_001,2018,"Henrico County, Virginia",51087,All,68572,1482,319.28875,85829.17812093285
B25119_002,2018,"Henrico County, Virginia",51087,Owner occupied (dollars),86834,2015,319.28875,108687.08587985013
B25119_003,2018,"Henrico County, Virginia",51087,Renter occupied (dollars),46498,1599,319.28875,58199.923062870206
B25119_001,2018,"Henry County, Virginia",51089,All,36683,1839,319.28875,45914.83026614624
B25119_002,2018,"Henry County, Virginia",51089,Owner occupied (dollars),43132,2779,319.28875,53986.81839106451
B25119_003,2018,"Henry County, Virginia",51089,Renter occupied (dollars),24294,2454,319.28875,30407.9515439238
B25119_001,2018,"Highland County, Virginia",51091,All,46147,3558,319.28875,57760.58861848405
B25119_002,2018,"Highland County, Virginia",51091,Owner occupied (dollars),48333,5961,319.28875,60496.72849149868
B25119_003,2018,"Highland County, Virginia",51091,Renter occupied (dollars),31094,17194,319.28875,38919.27411322823
B25119_001,2018,"Isle of Wight County, Virginia",51093,All,71376,3787,319.28875,89338.8470156872
B25119_002,2018,"Isle of Wight County, Virginia",51093,Owner occupied (dollars),88345,6787,319.28875,110578.35182135293
B25119_003,2018,"Isle of Wight County, Virginia",51093,Renter occupied (dollars),35379,6528,319.28875,44282.65899697374
B25119_001,2018,"James City County, Virginia",51095,All,83048,2991,319.28875,103948.28187288152
B25119_002,2018,"James City County, Virginia",51095,Owner occupied (dollars),97279,4107,319.28875,121760.72767931849
B25119_003,2018,"James City County, Virginia",51095,Renter occupied (dollars),45789,4457,319.28875,57312.49251851185
B25119_001,2018,"King and Queen County, Virginia",51097,All,54516,7231,319.28875,68235.77370414711
B25119_002,2018,"King and Queen County, Virginia",51097,Owner occupied (dollars),56780,8516,319.28875,71069.543453692
B25119_003,2018,"King and Queen County, Virginia",51097,Renter occupied (dollars),41750,19530,319.28875,52257.017245361756
B25119_001,2018,"King George County, Virginia",51099,All,87321,8183,319.28875,109296.64677562237
B25119_002,2018,"King George County, Virginia",51099,Owner occupied (dollars),99727,5871,319.28875,124824.80380426807
B25119_003,2018,"King George County, Virginia",51099,Renter occupied (dollars),52394,11030,319.28875,65579.74039649064
B25119_001,2018,"King William County, Virginia",51101,All,68720,4657,319.28875,86014.4245533236
B25119_002,2018,"King William County, Virginia",51101,Owner occupied (dollars),74152,7497,319.28875,92813.46928809737
B25119_003,2018,"King William County, Virginia",51101,Renter occupied (dollars),36743,23106,319.28875,45989.930171169515
B25119_001,2018,"Lancaster County, Virginia",51103,All,50739,7705,319.28875,63508.23468293199
B25119_002,2018,"Lancaster County, Virginia",51103,Owner occupied (dollars),63641,7205,319.28875,79657.21759310341
B25119_003,2018,"Lancaster County, Virginia",51103,Renter occupied (dollars),24628,12570,319.28875,30826.00768188669
B25119_001,2018,"Lee County, Virginia",51105,All,32718,3065,319.28875,40951.97820919152
B25119_002,2018,"Lee County, Virginia",51105,Owner occupied (dollars),42033,2306,319.28875,52611.23846405487
B25119_003,2018,"Lee County, Virginia",51105,Renter occupied (dollars),16183,1854,319.28875,20255.696049860824
B25119_001,2018,"Loudoun County, Virginia",51107,All,136268,2063,319.28875,170561.89762852588
B25119_002,2018,"Loudoun County, Virginia",51107,Owner occupied (dollars),154942,1875,319.28875,193935.49140193634
B25119_003,2018,"Loudoun County, Virginia",51107,Renter occupied (dollars),73616,3766,319.28875,92142.57680322278
B25119_001,2018,"Louisa County, Virginia",51109,All,59343,4020,319.28875,74277.56106326953
B25119_002,2018,"Louisa County, Virginia",51109,Owner occupied (dollars),68813,4512,319.28875,86130.82940610967
B25119_003,2018,"Louisa County, Virginia",51109,Renter occupied (dollars),32718,2574,319.28875,40951.97820919152
B25119_001,2018,"Lunenburg County, Virginia",51111,All,41868,4197,319.28875,52404.713725240865
B25119_002,2018,"Lunenburg County, Virginia",51111,Owner occupied (dollars),47778,8493,319.28875,59802.054370033395
B25119_003,2018,"Lunenburg County, Virginia",51111,Renter occupied (dollars),28921,4479,319.28875,36199.405886301975
B25119_001,2018,"Madison County, Virginia",51113,All,54197,4437,319.28875,67836.49254244003
B25119_002,2018,"Madison County, Virginia",51113,Owner occupied (dollars),60941,6687,319.28875,76277.72186705607
B25119_003,2018,"Madison County, Virginia",51113,Renter occupied (dollars),36162,5974,319.28875,45262.71275752747
B25119_001,2018,"Mathews County, Virginia",51115,All,67009,9029,319.28875,83872.82559507656
B25119_002,2018,"Mathews County, Virginia",51115,Owner occupied (dollars),69198,11721,319.28875,86612.72046334235
B25119_003,2018,"Mathews County, Virginia",51115,Renter occupied (dollars),43750,21751,319.28875,54760.347412804236
B25119_001,2018,"Mecklenburg County, Virginia",51117,All,42025,2464,319.28875,52601.2251433851
B25119_002,2018,"Mecklenburg County, Virginia",51117,Owner occupied (dollars),49505,3099,319.28875,61963.679969619974
B25119_003,2018,"Mecklenburg County, Virginia",51117,Renter occupied (dollars),27652,3769,319.28875,34611.04289505972
B25119_001,2018,"Middlesex County, Virginia",51119,All,51917,6744,319.28875,64982.6961515556
B25119_002,2018,"Middlesex County, Virginia",51119,Owner occupied (dollars),56344,6224,319.28875,70523.81747718953
B25119_003,2018,"Middlesex County, Virginia",51119,Renter occupied (dollars),41886,9901,319.28875,52427.24369674785
B25119_001,2018,"Montgomery County, Virginia",51121,All,54641,1795,319.28875,68392.23183961226
B25119_002,2018,"Montgomery County, Virginia",51121,Owner occupied (dollars),79881,3325,319.28875,99984.25855273636
B25119_003,2018,"Montgomery County, Virginia",51121,Renter occupied (dollars),28909,3148,319.28875,36184.38590529732
B25119_001,2018,"Nelson County, Virginia",51125,All,62446,7444,319.28875,78161.47781805653
B25119_002,2018,"Nelson County, Virginia",51125,Owner occupied (dollars),73903,8806,319.28875,92501.80468225077
B25119_003,2018,"Nelson County, Virginia",51125,Renter occupied (dollars),37500,11206,319.28875,46937.44063954649
B25119_001,2018,"New Kent County, Virginia",51127,All,79698,4414,319.28875,99755.20384241537
B25119_002,2018,"New Kent County, Virginia",51127,Owner occupied (dollars),90000,7606,319.28875,112649.85753491157
B25119_003,2018,"New Kent County, Virginia",51127,Renter occupied (dollars),51111,16109,319.28875,63973.85409407628
B25119_001,2018,"Northampton County, Virginia",51131,All,43553,4273,319.28875,54513.76939131116
B25119_002,2018,"Northampton County, Virginia",51131,Owner occupied (dollars),55536,3615,319.28875,69512.47208954277
B25119_003,2018,"Northampton County, Virginia",51131,Renter occupied (dollars),29951,4583,319.28875,37488.62092253485
B25119_001,2018,"Northumberland County, Virginia",51133,All,58677,5014,319.28875,73443.95211751119
B25119_002,2018,"Northumberland County, Virginia",51133,Owner occupied (dollars),64716,6621,319.28875,81002.75755810375
B25119_003,2018,"Northumberland County, Virginia",51133,Renter occupied (dollars),30193,4386,319.28875,37791.52387279539
B25119_001,2018,"Nottoway County, Virginia",51135,All,42869,4498,319.28875,53657.63047404583
B25119_002,2018,"Nottoway County, Virginia",51135,Owner occupied (dollars),56900,4483,319.28875,71219.74326373854
B25119_003,2018,"Nottoway County, Virginia",51135,Renter occupied (dollars),27500,7348,319.28875,34420.78980233409
B25119_001,2018,"Orange County, Virginia",51137,All,68481,3991,319.28875,85715.27659831422
B25119_002,2018,"Orange County, Virginia",51137,Owner occupied (dollars),76543,4663,319.28875,95806.20050327486
B25119_003,2018,"Orange County, Virginia",51137,Renter occupied (dollars),40839,3465,319.28875,51116.75035409171
B25119_001,2018,"Page County, Virginia",51139,All,47951,3979,319.28875,60018.592429517164
B25119_002,2018,"Page County, Virginia",51139,Owner occupied (dollars),56847,3943,319.28875,71153.40501430132
B25119_003,2018,"Page County, Virginia",51139,Renter occupied (dollars),31553,3598,319.28875,39493.78838665628
B25119_001,2018,"Patrick County, Virginia",51141,All,40486,4326,319.28875,50674.91257953811
B25119_002,2018,"Patrick County, Virginia",51141,Owner occupied (dollars),48967,4630,319.28875,61290.284154577945
B25119_003,2018,"Patrick County, Virginia",51141,Renter occupied (dollars),18114,3194,319.28875,22672.661326526537
B25119_001,2018,"Pittsylvania County, Virginia",51143,All,45382,2056,319.28875,56803.0648294373
B25119_002,2018,"Pittsylvania County, Virginia",51143,Owner occupied (dollars),50550,2350,319.28875,63271.669982108666
B25119_003,2018,"Pittsylvania County, Virginia",51143,Renter occupied (dollars),30894,1981,319.28875,38668.94109648398
B25119_001,2018,"Powhatan County, Virginia",51145,All,83914,4985,319.28875,105032.22383538411
B25119_002,2018,"Powhatan County, Virginia",51145,Owner occupied (dollars),89407,6806,319.28875,111907.62014026489
B25119_003,2018,"Powhatan County, Virginia",51145,Renter occupied (dollars),57432,11230,319.28875,71885.62908827823
B25119_001,2018,"Prince Edward County, Virginia",51147,All,46189,4053,319.28875,57813.15855200034
B25119_002,2018,"Prince Edward County, Virginia",51147,Owner occupied (dollars),56129,5336,319.28875,70254.70948418947
B25119_003,2018,"Prince Edward County, Virginia",51147,Renter occupied (dollars),31265,6894,319.28875,39133.30884254456
B25119_001,2018,"Prince George County, Virginia",51149,All,67001,3178,319.28875,83862.81227440678
B25119_002,2018,"Prince George County, Virginia",51149,Owner occupied (dollars),81411,6934,319.28875,101899.30613082985
B25119_003,2018,"Prince George County, Virginia",51149,Renter occupied (dollars),49884,7641,319.28875,62438.06103635032
B25119_001,2018,"Prince William County, Virginia",51153,All,103445,1915,319.28875,129478.49458554365
B25119_002,2018,"Prince William County, Virginia",51153,Owner occupied (dollars),121327,2086,319.28875,151860.76961264687
B25119_003,2018,"Prince William County, Virginia",51153,Renter occupied (dollars),62574,2122,319.28875,78321.69094877286
B25119_001,2018,"Pulaski County, Virginia",51155,All,52638,1998,319.28875,65885.14667691862
B25119_002,2018,"Pulaski County, Virginia",51155,Owner occupied (dollars),59756,3528,319.28875,74794.49874284641
B25119_003,2018,"Pulaski County, Virginia",51155,Renter occupied (dollars),33604,6521,319.28875,42060.95347336854
B25119_001,2018,"Rappahannock County, Virginia",51157,All,68438,7363,319.28875,85661.4549997142
B25119_002,2018,"Rappahannock County, Virginia",51157,Owner occupied (dollars),80761,15096,319.28875,101085.72382641105
B25119_003,2018,"Rappahannock County, Virginia",51157,Renter occupied (dollars),33984,6487,319.28875,42536.58620518261
B25119_001,2018,"Richmond County, Virginia",51159,All,49831,4953,319.28875,62371.722786913095
B25119_002,2018,"Richmond County, Virginia",51159,Owner occupied (dollars),59459,4717,319.28875,74422.75421298119
B25119_003,2018,"Richmond County, Virginia",51159,Renter occupied (dollars),28466,2144,319.28875,35629.89827320881
B25119_001,2018,"Roanoke County, Virginia",51161,All,65467,2229,319.28875,81942.7580359784
B25119_002,2018,"Roanoke County, Virginia",51161,Owner occupied (dollars),75678,1954,319.28875,94723.51020585599
B25119_003,2018,"Roanoke County, Virginia",51161,Renter occupied (dollars),45187,3458,319.28875,56558.99013811166
B25119_001,2018,"Rockbridge County, Virginia",51163,All,54805,4086,319.28875,68597.50491334255
B25119_002,2018,"Rockbridge County, Virginia",51163,Owner occupied (dollars),59870,5502,319.28875,74937.18856239063
B25119_003,2018,"Rockbridge County, Virginia",51163,Renter occupied (dollars),33846,9525,319.28875,42363.856423629084
B25119_001,2018,"Rockingham County, Virginia",51165,All,59817,1844,319.28875,74870.8503129534
B25119_002,2018,"Rockingham County, Virginia",51165,Owner occupied (dollars),68103,1712,319.28875,85242.14719666759
B25119_003,2018,"Rockingham County, Virginia",51165,Renter occupied (dollars),38584,3001,319.28875,48294.245590300314
B25119_001,2018,"Russell County, Virginia",51167,All,39482,2596,319.28875,49418.240835481985
B25119_002,2018,"Russell County, Virginia",51167,Owner occupied (dollars),43758,3988,319.28875,54770.36073347401
B25119_003,2018,"Russell County, Virginia",51167,Renter occupied (dollars),24081,4034,319.28875,30141.346881091173
B25119_001,2018,"Scott County, Virginia",51169,All,39144,2488,319.28875,48995.17803718421
B25119_002,2018,"Scott County, Virginia",51169,Owner occupied (dollars),43070,2178,319.28875,53909.2151558738
B25119_003,2018,"Scott County, Virginia",51169,Renter occupied (dollars),23750,4592,319.28875,29727.045738379446
B25119_001,2018,"Shenandoah County, Virginia",51171,All,54921,3008,319.28875,68742.69806305421
B25119_002,2018,"Shenandoah County, Virginia",51171,Owner occupied (dollars),66037,2659,319.28875,82656.20713369951
B25119_003,2018,"Shenandoah County, Virginia",51171,Renter occupied (dollars),32864,4008,319.28875,41134.721311414825
B25119_001,2018,"Smyth County, Virginia",51173,All,40425,1626,319.28875,50598.56100943112
B25119_002,2018,"Smyth County, Virginia",51173,Owner occupied (dollars),46877,2108,319.28875,58674.304129600554
B25119_003,2018,"Smyth County, Virginia",51173,Renter occupied (dollars),21560,2419,319.28875,26985.899205029928
B25119_001,2018,"Southampton County, Virginia",51175,All,54611,6821,319.28875,68354.68188710063
B25119_002,2018,"Southampton County, Virginia",51175,Owner occupied (dollars),69568,5010,319.28875,87075.8365443192
B25119_003,2018,"Southampton County, Virginia",51175,Renter occupied (dollars),33296,4648,319.28875,41675.4406275824
B25119_001,2018,"Spotsylvania County, Virginia",51177,All,85330,1869,319.28875,106804.58159393338
B25119_002,2018,"Spotsylvania County, Virginia",51177,Owner occupied (dollars),98268,2513,319.28875,122998.62444711878
B25119_003,2018,"Spotsylvania County, Virginia",51177,Renter occupied (dollars),53235,3506,319.28875,66632.3907319002
B25119_001,2018,"Stafford County, Virginia",51179,All,106773,3208,319.28875,133644.03598416795
B25119_002,2018,"Stafford County, Virginia",51179,Owner occupied (dollars),124680,3631,319.28875,156057.60263836416
B25119_003,2018,"Stafford County, Virginia",51179,Renter occupied (dollars),58205,3708,319.28875,72853.16619799475
B25119_001,2018,"Surry County, Virginia",51181,All,54844,4834,319.28875,68646.31985160767
B25119_002,2018,"Surry County, Virginia",51181,Owner occupied (dollars),61994,6566,319.28875,77595.72520021454
B25119_003,2018,"Surry County, Virginia",51181,Renter occupied (dollars),34293,12272,319.28875,42923.350716052475
B25119_001,2018,"Sussex County, Virginia",51183,All,45801,3896,319.28875,57327.5124995165
B25119_002,2018,"Sussex County, Virginia",51183,Owner occupied (dollars),51062,7186,319.28875,63912.522504973946
B25119_003,2018,"Sussex County, Virginia",51183,Renter occupied (dollars),28152,7115,319.28875,35236.87543692034
B25119_001,2018,"Tazewell County, Virginia",51185,All,40978,1974,319.28875,51290.731800728965
B25119_002,2018,"Tazewell County, Virginia",51185,Owner occupied (dollars),44908,2979,319.28875,56209.775579753434
B25119_003,2018,"Tazewell County, Virginia",51185,Renter occupied (dollars),28273,3050,319.28875,35388.32691205061
B25119_001,2018,"Warren County, Virginia",51187,All,68189,4293,319.28875,85349.79039386762
B25119_002,2018,"Warren County, Virginia",51187,Owner occupied (dollars),78455,5542,319.28875,98199.38414334986
B25119_003,2018,"Warren County, Virginia",51187,Renter occupied (dollars),39455,3284,319.28875,49384.445878221515
B25119_001,2018,"Washington County, Virginia",51191,All,46262,1583,319.28875,57904.530103111996
B25119_002,2018,"Washington County, Virginia",51191,Owner occupied (dollars),53704,2784,319.28875,67219.42165616546
B25119_003,2018,"Washington County, Virginia",51191,Renter occupied (dollars),28519,3718,319.28875,35696.23652264604
B25119_001,2018,"Westmoreland County, Virginia",51193,All,54268,3000,319.28875,67925.36076338423
B25119_002,2018,"Westmoreland County, Virginia",51193,Owner occupied (dollars),63610,8831,319.28875,79618.41597550806
B25119_003,2018,"Westmoreland County, Virginia",51193,Renter occupied (dollars),32246,5849,319.28875,40361.1922896751
B25119_001,2018,"Wise County, Virginia",51195,All,38345,3388,319.28875,47995.097635290935
B25119_002,2018,"Wise County, Virginia",51195,Owner occupied (dollars),47515,3736,319.28875,59472.86645301471
B25119_003,2018,"Wise County, Virginia",51195,Renter occupied (dollars),19611,4715,319.28875,24546.403956857233
B25119_001,2018,"Wythe County, Virginia",51197,All,48043,2922,319.28875,60133.74561721952
B25119_002,2018,"Wythe County, Virginia",51197,Owner occupied (dollars),53236,2851,319.28875,66633.64239698392
B25119_003,2018,"Wythe County, Virginia",51197,Renter occupied (dollars),27862,4260,319.28875,34873.89256264118
B25119_001,2018,"York County, Virginia",51199,All,90367,3142,319.28875,113109.21862063727
B25119_002,2018,"York County, Virginia",51199,Owner occupied (dollars),104884,4635,319.28875,131279.64064101852
B25119_003,2018,"York County, Virginia",51199,Renter occupied (dollars),62561,3640,319.28875,78305.41930268447
B25119_001,2018,"Alexandria city, Virginia",51510,All,96733,1933,319.28875,121077.31854360669
B25119_002,2018,"Alexandria city, Virginia",51510,Owner occupied (dollars),146289,4952,319.28875,183104.83343249644
B25119_003,2018,"Alexandria city, Virginia",51510,Renter occupied (dollars),72625,2297,319.28875,90902.17670525504
B25119_001,2018,"Bristol city, Virginia",51520,All,37904,2685,319.28875,47443.113333369874
B25119_002,2018,"Bristol city, Virginia",51520,Owner occupied (dollars),49630,3116,319.28875,62120.13810508513
B25119_003,2018,"Bristol city, Virginia",51520,Renter occupied (dollars),24554,2336,319.28875,30733.38446569132
B25119_001,2018,"Buena Vista city, Virginia",51530,All,34273,9808,319.28875,42898.31741437805
B25119_002,2018,"Buena Vista city, Virginia",51530,Owner occupied (dollars),41583,12973,319.28875,52047.98917638031
B25119_003,2018,"Buena Vista city, Virginia",51530,Renter occupied (dollars),29242,4615,319.28875,36601.19037817649
B25119_001,2018,"Charlottesville city, Virginia",51540,All,58933,3493,319.28875,73764.37837894382
B25119_002,2018,"Charlottesville city, Virginia",51540,Owner occupied (dollars),92979,8257,319.28875,116378.56781931715
B25119_003,2018,"Charlottesville city, Virginia",51540,Renter occupied (dollars),37836,4006,319.28875,47358.000107676824
B25119_001,2018,"Chesapeake city, Virginia",51550,All,75790,1575,319.28875,94863.69669523276
B25119_002,2018,"Chesapeake city, Virginia",51550,Owner occupied (dollars),90201,1896,319.28875,112901.44221673955
B25119_003,2018,"Chesapeake city, Virginia",51550,Renter occupied (dollars),44796,2029,319.28875,56069.589090376656
B25119_001,2018,"Colonial Heights city, Virginia",51570,All,53716,5085,319.28875,67234.44163717011
B25119_002,2018,"Colonial Heights city, Virginia",51570,Owner occupied (dollars),67541,3688,319.28875,84538.71141961626
B25119_003,2018,"Colonial Heights city, Virginia",51570,Renter occupied (dollars),34903,4145,319.28875,43686.86641712243
B25119_001,2018,"Covington city, Virginia",51580,All,39432,3798,319.28875,49355.65758129593
B25119_002,2018,"Covington city, Virginia",51580,Owner occupied (dollars),48860,9235,319.28875,61156.35599061978
B25119_003,2018,"Covington city, Virginia",51580,Renter occupied (dollars),24434,4223,319.28875,30583.18465564477
B25119_001,2018,"Danville city, Virginia",51590,All,36301,2104,319.28875,45436.69420416473
B25119_002,2018,"Danville city, Virginia",51590,Owner occupied (dollars),46121,2718,319.28875,57728.0453263073
B25119_003,2018,"Danville city, Virginia",51590,Renter occupied (dollars),25222,1944,319.28875,31569.49674161711
B25119_001,2018,"Emporia city, Virginia",51595,All,30857,2784,319.28875,38622.629488386294
B25119_002,2018,"Emporia city, Virginia",51595,Owner occupied (dollars),55208,17413,319.28875,69101.9259420822
B25119_003,2018,"Emporia city, Virginia",51595,Renter occupied (dollars),24067,4206,319.28875,30123.823569919077
B25119_001,2018,"Fairfax city, Virginia",51600,All,111574,7598,319.28875,139653.2800511136
B25119_002,2018,"Fairfax city, Virginia",51600,Owner occupied (dollars),136336,7691,319.28875,170647.01085421894
B25119_003,2018,"Fairfax city, Virginia",51600,Renter occupied (dollars),64650,16182,319.28875,80920.14766257815
B25119_001,2018,"Falls Church city, Virginia",51610,All,124796,15295,319.28875,156202.79578807583
B25119_002,2018,"Falls Church city, Virginia",51610,Owner occupied (dollars),180531,17527,319.28875,225964.34922927912
B25119_003,2018,"Falls Church city, Virginia",51610,Renter occupied (dollars),85755,12005,319.28875,107336.53925451491
B25119_001,2018,"Franklin city, Virginia",51620,All,40375,6482,319.28875,50535.977755245054
B25119_002,2018,"Franklin city, Virginia",51620,Owner occupied (dollars),58750,10750,319.28875,73535.32366862283
B25119_003,2018,"Franklin city, Virginia",51620,Renter occupied (dollars),30461,5033,319.28875,38126.97011523268
B25119_001,2018,"Fredericksburg city, Virginia",51630,All,63274,7136,319.28875,79197.85650737773
B25119_002,2018,"Fredericksburg city, Virginia",51630,Owner occupied (dollars),109850,9153,319.28875,137495.40944677818
B25119_003,2018,"Fredericksburg city, Virginia",51630,Renter occupied (dollars),48929,2943,319.28875,61242.72088139654
B25119_001,2018,"Galax city, Virginia",51640,All,31938,3916,319.28875,39975.679443888956
B25119_002,2018,"Galax city, Virginia",51640,Owner occupied (dollars),42829,10482,319.28875,53607.56387069698
B25119_003,2018,"Galax city, Virginia",51640,Renter occupied (dollars),16294,5329,319.28875,20394.63087415388
B25119_001,2018,"Hampton city, Virginia",51650,All,54550,1491,319.28875,68278.33031699363
B25119_002,2018,"Hampton city, Virginia",51650,Owner occupied (dollars),71658,2064,319.28875,89691.8165692966
B25119_003,2018,"Hampton city, Virginia",51650,Renter occupied (dollars),39171,2043,319.28875,49028.97299444468
B25119_001,2018,"Harrisonburg city, Virginia",51660,All,43893,2962,319.28875,54939.335519776374
B25119_002,2018,"Harrisonburg city, Virginia",51660,Owner occupied (dollars),73341,3571,319.28875,91798.36890519944
B25119_003,2018,"Harrisonburg city, Virginia",51660,Renter occupied (dollars),30687,2263,319.28875,38409.846424153686
B25119_001,2018,"Hopewell city, Virginia",51670,All,40497,3873,319.28875,50688.680895459045
B25119_002,2018,"Hopewell city, Virginia",51670,Owner occupied (dollars),49421,7452,319.28875,61858.54010258739
B25119_003,2018,"Hopewell city, Virginia",51670,Renter occupied (dollars),32219,4271,319.28875,40327.39733241462
B25119_001,2018,"Lexington city, Virginia",51678,All,36466,7238,319.28875,45643.218942978725
B25119_002,2018,"Lexington city, Virginia",51678,Owner occupied (dollars),53021,16186,319.28875,66364.53440398385
B25119_003,2018,"Lexington city, Virginia",51678,Renter occupied (dollars),20595,9476,319.28875,25778.042399238933
B25119_001,2018,"Lynchburg city, Virginia",51680,All,43374,1665,319.28875,54289.72134132505
B25119_002,2018,"Lynchburg city, Virginia",51680,Owner occupied (dollars),65876,2972,319.28875,82454.68905522038
B25119_003,2018,"Lynchburg city, Virginia",51680,Renter occupied (dollars),29713,2031,319.28875,37190.7246326092
B25119_001,2018,"Manassas city, Virginia",51683,All,78462,3991,319.28875,98208.14579893592
B25119_002,2018,"Manassas city, Virginia",51683,Owner occupied (dollars),96023,8264,319.28875,120188.6363341646
B25119_003,2018,"Manassas city, Virginia",51683,Renter occupied (dollars),49784,4596,319.28875,62312.8945279782
B25119_001,2018,"Manassas Park city, Virginia",51685,All,80667,7690,319.28875,100968.06730854124
B25119_002,2018,"Manassas Park city, Virginia",51685,Owner occupied (dollars),92177,11983,319.28875,115374.73242217272
B25119_003,2018,"Manassas Park city, Virginia",51685,Renter occupied (dollars),64407,11487,319.28875,80615.99304723389
B25119_001,2018,"Martinsville city, Virginia",51690,All,33224,3916,319.28875,41585.32074155447
B25119_002,2018,"Martinsville city, Virginia",51690,Owner occupied (dollars),49530,3083,319.28875,61994.971596713
B25119_003,2018,"Martinsville city, Virginia",51690,Renter occupied (dollars),24256,4557,319.28875,30360.38827074239
B25119_001,2018,"Newport News city, Virginia",51700,All,51884,1249,319.28875,64941.3912037928
B25119_002,2018,"Newport News city, Virginia",51700,Owner occupied (dollars),72505,1955,319.28875,90751.97689520849
B25119_003,2018,"Newport News city, Virginia",51700,Renter occupied (dollars),36259,1773,319.28875,45384.12427064843
B25119_001,2018,"Norfolk city, Virginia",51710,All,49146,990,319.28875,61514.332204564045
B25119_002,2018,"Norfolk city, Virginia",51710,Owner occupied (dollars),72336,1431,319.28875,90540.4454960596
B25119_003,2018,"Norfolk city, Virginia",51710,Renter occupied (dollars),35389,1325,319.28875,44295.17564781095
B25119_001,2018,"Norton city, Virginia",51720,All,28071,6418,319.28875,35135.49056513892
B25119_002,2018,"Norton city, Virginia",51720,Owner occupied (dollars),56813,11271,319.28875,71110.84840145479
B25119_003,2018,"Norton city, Virginia",51720,Renter occupied (dollars),16691,6357,319.28875,20891.541912391214
B25119_001,2018,"Petersburg city, Virginia",51730,All,36135,1580,319.28875,45228.917800267
B25119_002,2018,"Petersburg city, Virginia",51730,Owner occupied (dollars),49437,4304,319.28875,61878.56674392693
B25119_003,2018,"Petersburg city, Virginia",51730,Renter occupied (dollars),29742,2385,319.28875,37227.02292003711
B25119_001,2018,"Poquoson city, Virginia",51735,All,96831,4475,319.28875,121199.98172181136
B25119_002,2018,"Poquoson city, Virginia",51735,Owner occupied (dollars),102668,4291,319.28875,128505.95081549224
B25119_003,2018,"Poquoson city, Virginia",51735,Renter occupied (dollars),55787,11293,319.28875,69826.6400255568
B25119_001,2018,"Portsmouth city, Virginia",51740,All,50224,1622,319.28875,62863.627164815545
B25119_002,2018,"Portsmouth city, Virginia",51740,Owner occupied (dollars),65837,1412,319.28875,82405.87411695527
B25119_003,2018,"Portsmouth city, Virginia",51740,Renter occupied (dollars),33897,2106,319.28875,42427.69134289886
B25119_001,2018,"Radford city, Virginia",51750,All,36743,6295,319.28875,45989.930171169515
B25119_002,2018,"Radford city, Virginia",51750,Owner occupied (dollars),61140,8407,319.28875,76526.8032187166
B25119_003,2018,"Radford city, Virginia",51750,Renter occupied (dollars),20153,2983,319.28875,25224.806432234145
B25119_001,2018,"Richmond city, Virginia",51760,All,45117,1265,319.28875,56471.37358225117
B25119_002,2018,"Richmond city, Virginia",51760,Owner occupied (dollars),74150,1854,319.28875,92810.96595792993
B25119_003,2018,"Richmond city, Virginia",51760,Renter occupied (dollars),31522,989,319.28875,39454.98676906092
B25119_001,2018,"Roanoke city, Virginia",51770,All,43028,1367,319.28875,53856.6452223575
B25119_002,2018,"Roanoke city, Virginia",51770,Owner occupied (dollars),55757,2565,319.28875,69789.09007304517
B25119_003,2018,"Roanoke city, Virginia",51770,Renter occupied (dollars),29174,1612,319.28875,36516.07715248345
B25119_001,2018,"Salem city, Virginia",51775,All,57185,3326,319.28875,71576.46781259909
B25119_002,2018,"Salem city, Virginia",51775,Owner occupied (dollars),72323,5161,319.28875,90524.17384997122
B25119_003,2018,"Salem city, Virginia",51775,Renter occupied (dollars),39931,6015,319.28875,49980.238458072825
B25119_001,2018,"Staunton city, Virginia",51790,All,48049,2289,319.28875,60141.25560772185
B25119_002,2018,"Staunton city, Virginia",51790,Owner occupied (dollars),65395,6045,319.28875,81852.63814995048
B25119_003,2018,"Staunton city, Virginia",51790,Renter occupied (dollars),32415,4112,319.28875,40572.723688823986
B25119_001,2018,"Suffolk city, Virginia",51800,All,70664,2173,319.28875,88447.66147607769
B25119_002,2018,"Suffolk city, Virginia",51800,Owner occupied (dollars),85843,1475,319.28875,107446.68578188238
B25119_003,2018,"Suffolk city, Virginia",51800,Renter occupied (dollars),37552,3892,319.28875,47002.5272239
B25119_001,2018,"Virginia Beach city, Virginia",51810,All,74186,953,319.28875,92856.02590094389
B25119_002,2018,"Virginia Beach city, Virginia",51810,Owner occupied (dollars),89551,1398,319.28875,112087.85991232074
B25119_003,2018,"Virginia Beach city, Virginia",51810,Renter occupied (dollars),53493,1095,319.28875,66955.32032350027
B25119_001,2018,"Waynesboro city, Virginia",51820,All,45738,4299,319.28875,57248.65759924206
B25119_002,2018,"Waynesboro city, Virginia",51820,Owner occupied (dollars),58841,2807,319.28875,73649.22519124146
B25119_003,2018,"Waynesboro city, Virginia",51820,Renter occupied (dollars),29154,3694,319.28875,36491.04385080902
B25119_001,2018,"Williamsburg city, Virginia",51830,All,56163,6110,319.28875,70297.26609703599
B25119_002,2018,"Williamsburg city, Virginia",51830,Owner occupied (dollars),87361,8812,319.28875,109346.71337897122
B25119_003,2018,"Williamsburg city, Virginia",51830,Renter occupied (dollars),37694,8300,319.28875,47180.263665788414
B25119_001,2018,"Winchester city, Virginia",51840,All,53797,4115,319.28875,67335.82650895153
B25119_002,2018,"Winchester city, Virginia",51840,Owner occupied (dollars),83456,3240,319.28875,104458.96122703978
B25119_003,2018,"Winchester city, Virginia",51840,Renter occupied (dollars),40719,2604,319.28875,50966.55054404516
B25119_001,2019,"Accomack County, Virginia",51001,All,46073,4026,331.12375,55606.80134946528
B25119_002,2019,"Accomack County, Virginia",51001,Owner occupied (dollars),55671,3638,331.12375,67190.89787784779
B25119_003,2019,"Accomack County, Virginia",51001,Renter occupied (dollars),32251,5784,331.12375,38924.640251809185
B25119_001,2019,"Albemarle County, Virginia",51003,All,79880,2894,331.12375,96409.42182612998
B25119_002,2019,"Albemarle County, Virginia",51003,Owner occupied (dollars),101050,3832,331.12375,121960.09108075155
B25119_003,2019,"Albemarle County, Virginia",51003,Renter occupied (dollars),54072,3284,331.12375,65261.019741894095
B25119_001,2019,"Alleghany County, Virginia",51005,All,47673,3458,331.12375,57537.886413584056
B25119_002,2019,"Alleghany County, Virginia",51005,Owner occupied (dollars),56470,2508,331.12375,68155.2334817421
B25119_003,2019,"Alleghany County, Virginia",51005,Renter occupied (dollars),18583,5359,331.12375,22428.346091574527
B25119_001,2019,"Amelia County, Virginia",51007,All,57946,6485,331.12375,69936.65945339168
B25119_002,2019,"Amelia County, Virginia",51007,Owner occupied (dollars),62959,8272,331.12375,75986.99034490883
B25119_003,2019,"Amelia County, Virginia",51007,Renter occupied (dollars),43003,7197,331.12375,51901.53188268737
B25119_001,2019,"Amherst County, Virginia",51009,All,52888,2644,331.12375,63832.016794446194
B25119_002,2019,"Amherst County, Virginia",51009,Owner occupied (dollars),61895,3073,331.12375,74702.81877726984
B25119_003,2019,"Amherst County, Virginia",51009,Renter occupied (dollars),26952,2669,331.12375,32529.12790508081
B25119_001,2019,"Appomattox County, Virginia",51011,All,58696,5827,331.12375,70841.85557719736
B25119_002,2019,"Appomattox County, Virginia",51011,Owner occupied (dollars),71094,6181,331.12375,85805.35096778774
B25119_003,2019,"Appomattox County, Virginia",51011,Renter occupied (dollars),22248,4925,331.12375,26851.737816571604
B25119_001,2019,"Arlington County, Virginia",51013,All,120071,2064,331.12375,144917.0717086286
B25119_002,2019,"Arlington County, Virginia",51013,Owner occupied (dollars),169074,3883,331.12375,204060.17258176138
B25119_003,2019,"Arlington County, Virginia",51013,Renter occupied (dollars),91975,2265,331.12375,111007.21798270286
B25119_001,2019,"Augusta County, Virginia",51015,All,62711,2088,331.12375,75687.67215997042
B25119_002,2019,"Augusta County, Virginia",51015,Owner occupied (dollars),69139,2305,331.12375,83445.8064050676
B25119_003,2019,"Augusta County, Virginia",51015,Renter occupied (dollars),43076,4188,331.12375,51989.63763873779
B25119_001,2019,"Bath County, Virginia",51017,All,49738,6556,331.12375,60030.19307446235
B25119_002,2019,"Bath County, Virginia",51017,Owner occupied (dollars),59083,14728,331.12375,71308.9367770811
B25119_003,2019,"Bath County, Virginia",51017,Renter occupied (dollars),45625,17517,331.12375,55066.09753151202
B25119_001,2019,"Bedford County, Virginia",51019,All,64199,2828,331.12375,77483.58126960088
B25119_002,2019,"Bedford County, Virginia",51019,Owner occupied (dollars),71712,2524,331.12375,86551.23257380362
B25119_003,2019,"Bedford County, Virginia",51019,Renter occupied (dollars),38811,4756,331.12375,46842.089014696176
B25119_001,2019,"Bland County, Virginia",51021,All,48531,5553,331.12375,58573.43077921775
B25119_002,2019,"Bland County, Virginia",51021,Owner occupied (dollars),51886,5452,331.12375,62622.674773041814
B25119_003,2019,"Bland County, Virginia",51021,Renter occupied (dollars),21472,2223,331.12375,25915.161560473996
B25119_001,2019,"Botetourt County, Virginia",51023,All,71110,2521,331.12375,85824.66181842893
B25119_002,2019,"Botetourt County, Virginia",51023,Owner occupied (dollars),75542,4581,331.12375,91173.76744603793
B25119_003,2019,"Botetourt County, Virginia",51023,Renter occupied (dollars),41414,8365,331.12375,49983.72302838441
B25119_001,2019,"Brunswick County, Virginia",51025,All,44434,3005,331.12375,53628.64608690861
B25119_002,2019,"Brunswick County, Virginia",51025,Owner occupied (dollars),51414,2567,331.12375,62053.004679126774
B25119_003,2019,"Brunswick County, Virginia",51025,Renter occupied (dollars),27031,6834,331.12375,32624.475230121676
B25119_001,2019,"Buchanan County, Virginia",51027,All,31956,2650,331.12375,38568.596443112285
B25119_002,2019,"Buchanan County, Virginia",51027,Owner occupied (dollars),34484,3434,331.12375,41619.710844419955
B25119_003,2019,"Buchanan County, Virginia",51027,Renter occupied (dollars),23269,7066,331.12375,28084.011473112398
B25119_001,2019,"Buckingham County, Virginia",51029,All,49025,3378,331.12375,59169.65329276442
B25119_002,2019,"Buckingham County, Virginia",51029,Owner occupied (dollars),55609,4032,331.12375,67116.06833161319
B25119_003,2019,"Buckingham County, Virginia",51029,Renter occupied (dollars),30977,5349,331.12375,37387.01376950461
B25119_001,2019,"Campbell County, Virginia",51031,All,49664,2671,331.12375,59940.88039024686
B25119_002,2019,"Campbell County, Virginia",51031,Owner occupied (dollars),57279,3767,331.12375,69131.63836728717
B25119_003,2019,"Campbell County, Virginia",51031,Renter occupied (dollars),32477,2254,331.12375,39197.406017115965
B25119_001,2019,"Caroline County, Virginia",51033,All,65103,3156,331.12375,78574.64433082798
B25119_002,2019,"Caroline County, Virginia",51033,Owner occupied (dollars),73722,6398,331.12375,88977.15818560284
B25119_003,2019,"Caroline County, Virginia",51033,Renter occupied (dollars),44663,7707,331.12375,53905.0326367106
B25119_001,2019,"Carroll County, Virginia",51035,All,44835,3148,331.12375,54112.62428110337
B25119_002,2019,"Carroll County, Virginia",51035,Owner occupied (dollars),50400,2814,331.12375,60829.1795197415
B25119_003,2019,"Carroll County, Virginia",51035,Renter occupied (dollars),32539,5157,331.12375,39272.235563350565
B25119_001,2019,"Charles City County, Virginia",51036,All,57198,5222,331.12375,69033.87718591615
B25119_002,2019,"Charles City County, Virginia",51036,Owner occupied (dollars),63750,5600,331.12375,76941.67052348255
B25119_003,2019,"Charles City County, Virginia",51036,Renter occupied (dollars),32321,6605,331.12375,39009.12522336438
B25119_001,2019,"Charlotte County, Virginia",51037,All,40573,3373,331.12375,48968.69644155698
B25119_002,2019,"Charlotte County, Virginia",51037,Owner occupied (dollars),51429,3692,331.12375,62071.108601602886
B25119_003,2019,"Charlotte County, Virginia",51037,Renter occupied (dollars),24806,3525,331.12375,29939.0600628315
B25119_001,2019,"Chesterfield County, Virginia",51041,All,82599,1297,331.12375,99691.05950696682
B25119_002,2019,"Chesterfield County, Virginia",51041,Owner occupied (dollars),94716,1611,331.12375,114315.40808317134
B25119_003,2019,"Chesterfield County, Virginia",51041,Renter occupied (dollars),50939,1702,331.12375,61479.71380071651
B25119_001,2019,"Clarke County, Virginia",51043,All,80026,7504,331.12375,96585.63333823082
B25119_002,2019,"Clarke County, Virginia",51043,Owner occupied (dollars),100826,10264,331.12375,121689.73917177493
B25119_003,2019,"Clarke County, Virginia",51043,Renter occupied (dollars),41888,4751,331.12375,50555.8069786296
B25119_001,2019,"Craig County, Virginia",51045,All,55708,10950,331.12375,67235.55421995555
B25119_002,2019,"Craig County, Virginia",51045,Owner occupied (dollars),64957,13807,331.12375,78398.43281872715
B25119_003,2019,"Craig County, Virginia",51045,Renter occupied (dollars),NA,NA,331.12375,NA
B25119_001,2019,"Culpeper County, Virginia",51047,All,77935,4199,331.12375,94061.9465450606
B25119_002,2019,"Culpeper County, Virginia",51047,Owner occupied (dollars),91223,3738,331.12375,110099.60800256704
B25119_003,2019,"Culpeper County, Virginia",51047,Renter occupied (dollars),44600,7734,331.12375,53828.99616231093
B25119_001,2019,"Cumberland County, Virginia",51049,All,47469,6180,331.12375,57291.67306790891
B25119_002,2019,"Cumberland County, Virginia",51049,Owner occupied (dollars),55407,5659,331.12375,66872.2688422682
B25119_003,2019,"Cumberland County, Virginia",51049,Renter occupied (dollars),33116,7493,331.12375,39968.6331145984
B25119_001,2019,"Dickenson County, Virginia",51051,All,29932,2883,331.12375,36125.77383700203
B25119_002,2019,"Dickenson County, Virginia",51051,Owner occupied (dollars),34880,3805,331.12375,42097.65439778935
B25119_003,2019,"Dickenson County, Virginia",51051,Renter occupied (dollars),17310,4278,331.12375,20891.926537435025
B25119_001,2019,"Dinwiddie County, Virginia",51053,All,60346,3637,331.12375,72833.28704956984
B25119_002,2019,"Dinwiddie County, Virginia",51053,Owner occupied (dollars),69629,5793,331.12375,84037.20120595398
B25119_003,2019,"Dinwiddie County, Virginia",51053,Renter occupied (dollars),39074,9936,331.12375,47159.5111221107
B25119_001,2019,"Essex County, Virginia",51057,All,51954,5555,331.12375,62704.74588826686
B25119_002,2019,"Essex County, Virginia",51057,Owner occupied (dollars),59567,9800,331.12375,71893.09000897701
B25119_003,2019,"Essex County, Virginia",51057,Renter occupied (dollars),35422,5293,331.12375,42751.80946325959
B25119_001,2019,"Fairfax County, Virginia",51059,All,124831,1281,331.12375,150662.04977438197
B25119_002,2019,"Fairfax County, Virginia",51059,Owner occupied (dollars),152300,1367,331.12375,183815.15954080614
B25119_003,2019,"Fairfax County, Virginia",51059,Renter occupied (dollars),80858,1446,331.12375,97589.79757157258
B25119_001,2019,"Fauquier County, Virginia",51061,All,100783,4850,331.12375,121637.84126067674
B25119_002,2019,"Fauquier County, Virginia",51061,Owner occupied (dollars),116441,4486,331.12375,140535.92246940912
B25119_003,2019,"Fauquier County, Virginia",51061,Renter occupied (dollars),60237,8161,331.12375,72701.73187957676
B25119_001,2019,"Floyd County, Virginia",51063,All,51521,4541,331.12375,62182.145992789716
B25119_002,2019,"Floyd County, Virginia",51063,Owner occupied (dollars),54589,6448,331.12375,65885.00160323747
B25119_003,2019,"Floyd County, Virginia",51063,Renter occupied (dollars),35568,10528,331.12375,42928.02097536043
B25119_001,2019,"Fluvanna County, Virginia",51065,All,76873,3118,331.12375,92780.18883375174
B25119_002,2019,"Fluvanna County, Virginia",51065,Owner occupied (dollars),82221,4799,331.12375,99234.84066056876
B25119_003,2019,"Fluvanna County, Virginia",51065,Renter occupied (dollars),46981,7584,331.12375,56702.69212335268
B25119_001,2019,"Franklin County, Virginia",51067,All,56254,3884,331.12375,67894.53699808607
B25119_002,2019,"Franklin County, Virginia",51067,Owner occupied (dollars),64075,2879,331.12375,77333.92217713168
B25119_003,2019,"Franklin County, Virginia",51067,Renter occupied (dollars),29355,3719,331.12375,35429.3762857542
B25119_001,2019,"Frederick County, Virginia",51069,All,78002,3019,331.12375,94142.81073212056
B25119_002,2019,"Frederick County, Virginia",51069,Owner occupied (dollars),85599,2473,331.12375,103311.84400218954
B25119_003,2019,"Frederick County, Virginia",51069,Renter occupied (dollars),53232,4687,331.12375,64247.200083231735
B25119_001,2019,"Giles County, Virginia",51071,All,54520,2728,331.12375,65801.72355984735
B25119_002,2019,"Giles County, Virginia",51071,Owner occupied (dollars),56999,3269,331.12375,68793.69848106639
B25119_003,2019,"Giles County, Virginia",51071,Renter occupied (dollars),43221,5310,331.12375,52164.64222267356
B25119_001,2019,"Gloucester County, Virginia",51073,All,70537,5663,331.12375,85133.0919798414
B25119_002,2019,"Gloucester County, Virginia",51073,Owner occupied (dollars),79453,4203,331.12375,95894.06349964328
B25119_003,2019,"Gloucester County, Virginia",51073,Renter occupied (dollars),43488,7066,331.12375,52486.892042748375
B25119_001,2019,"Goochland County, Virginia",51075,All,93994,7165,331.12375,113444.00594798774
B25119_002,2019,"Goochland County, Virginia",51075,Owner occupied (dollars),104766,9405,331.12375,126445.03614216742
B25119_003,2019,"Goochland County, Virginia",51075,Renter occupied (dollars),55583,25228,331.12375,67084.68819932126
B25119_001,2019,"Grayson County, Virginia",51077,All,36544,3204,331.12375,44105.982864472884
B25119_002,2019,"Grayson County, Virginia",51077,Owner occupied (dollars),42802,4236,331.12375,51658.93932150745
B25119_003,2019,"Grayson County, Virginia",51077,Renter occupied (dollars),21386,3690,331.12375,25811.36573827761
B25119_001,2019,"Greene County, Virginia",51079,All,67398,5919,331.12375,81344.54446967336
B25119_002,2019,"Greene County, Virginia",51079,Owner occupied (dollars),73887,6559,331.12375,89176.30133284008
B25119_003,2019,"Greene County, Virginia",51079,Renter occupied (dollars),54806,9736,331.12375,66146.90501505858
B25119_001,2019,"Greensville County, Virginia",51081,All,50300,4195,331.12375,60708.48670323408
B25119_002,2019,"Greensville County, Virginia",51081,Owner occupied (dollars),53722,4405,331.12375,64838.59488411811
B25119_003,2019,"Greensville County, Virginia",51081,Renter occupied (dollars),45115,22659,331.12375,54450.56416732416
B25119_001,2019,"Halifax County, Virginia",51083,All,42669,2071,331.12375,51498.41787555258
B25119_002,2019,"Halifax County, Virginia",51083,Owner occupied (dollars),50471,3142,331.12375,60914.87141946177
B25119_003,2019,"Halifax County, Virginia",51083,Renter occupied (dollars),27060,2871,331.12375,32659.476146908826
B25119_001,2019,"Hanover County, Virginia",51085,All,89390,2017,331.12375,107887.30867598596
B25119_002,2019,"Hanover County, Virginia",51085,Owner occupied (dollars),97282,2829,331.12375,117412.38575475183
B25119_003,2019,"Hanover County, Virginia",51085,Renter occupied (dollars),53547,4086,331.12375,64627.382455230116
B25119_001,2019,"Henrico County, Virginia",51087,All,70307,1281,331.12375,84855.49850187432
B25119_002,2019,"Henrico County, Virginia",51087,Owner occupied (dollars),90621,2102,331.12375,109373.03724719235
B25119_003,2019,"Henrico County, Virginia",51087,Renter occupied (dollars),47281,1452,331.12375,57064.77057287496
B25119_001,2019,"Henry County, Virginia",51089,All,37952,1900,331.12375,45805.337720897405
B25119_002,2019,"Henry County, Virginia",51089,Owner occupied (dollars),43273,2504,331.12375,52227.402487257415
B25119_003,2019,"Henry County, Virginia",51089,Renter occupied (dollars),26053,1664,331.12375,31444.09948467907
B25119_001,2019,"Highland County, Virginia",51091,All,48587,4703,331.12375,58641.018756461905
B25119_002,2019,"Highland County, Virginia",51091,Owner occupied (dollars),51613,4874,331.12375,62293.183383976546
B25119_003,2019,"Highland County, Virginia",51091,Renter occupied (dollars),31167,15172,331.12375,37616.33012086871
B25119_001,2019,"Isle of Wight County, Virginia",51093,All,73991,3862,331.12375,89301.8218620078
B25119_002,2019,"Isle of Wight County, Virginia",51093,Owner occupied (dollars),88086,5816,331.12375,106313.47434872916
B25119_003,2019,"Isle of Wight County, Virginia",51093,Renter occupied (dollars),37209,14619,331.12375,44908.59009424725
B25119_001,2019,"James City County, Virginia",51095,All,87678,3010,331.12375,105821.04765737886
B25119_002,2019,"James City County, Virginia",51095,Owner occupied (dollars),99312,2929,331.12375,119862.44992985253
B25119_003,2019,"James City County, Virginia",51095,Renter occupied (dollars),50241,6146,331.12375,60637.27794149469
B25119_001,2019,"King and Queen County, Virginia",51097,All,63982,7614,331.12375,77221.67785777977
B25119_002,2019,"King and Queen County, Virginia",51097,Owner occupied (dollars),65139,8723,331.12375,78618.09374477067
B25119_003,2019,"King and Queen County, Virginia",51097,Renter occupied (dollars),44228,22824,331.12375,53380.018884903315
B25119_001,2019,"King George County, Virginia",51099,All,94274,4294,331.12375,113781.94583420853
B25119_002,2019,"King George County, Virginia",51099,Owner occupied (dollars),102471,5127,331.12375,123675.13600332204
B25119_003,2019,"King George County, Virginia",51099,Renter occupied (dollars),58250,12656,331.12375,70303.56561557425
B25119_001,2019,"King William County, Virginia",51101,All,66987,6191,331.12375,80848.49699382785
B25119_002,2019,"King William County, Virginia",51101,Owner occupied (dollars),72786,5758,331.12375,87847.47342309334
B25119_003,2019,"King William County, Virginia",51101,Renter occupied (dollars),40726,21137,331.12375,49153.356450813335
B25119_001,2019,"Lancaster County, Virginia",51103,All,53711,9463,331.12375,64825.318674302296
B25119_002,2019,"Lancaster County, Virginia",51103,Owner occupied (dollars),66786,6600,331.12375,80605.90443264793
B25119_003,2019,"Lancaster County, Virginia",51103,Renter occupied (dollars),28603,14658,331.12375,34521.766305618374
B25119_001,2019,"Lee County, Virginia",51105,All,32888,3103,331.12375,39693.453492961475
B25119_002,2019,"Lee County, Virginia",51105,Owner occupied (dollars),42781,3013,331.12375,51633.593830040896
B25119_003,2019,"Lee County, Virginia",51105,Renter occupied (dollars),16541,2073,331.12375,19963.79877849294
B25119_001,2019,"Loudoun County, Virginia",51107,All,142299,2089,331.12375,171744.67096189872
B25119_002,2019,"Loudoun County, Virginia",51107,Owner occupied (dollars),161787,1737,331.12375,195265.28704286544
B25119_003,2019,"Loudoun County, Virginia",51107,Renter occupied (dollars),77864,3879,331.12375,93976.25464534032
B25119_001,2019,"Louisa County, Virginia",51109,All,60975,3917,331.12375,73592.44486540154
B25119_002,2019,"Louisa County, Virginia",51109,Owner occupied (dollars),68290,5779,331.12375,82421.12439291958
B25119_003,2019,"Louisa County, Virginia",51109,Renter occupied (dollars),34784,7347,331.12375,41981.78929394222
B25119_001,2019,"Lunenburg County, Virginia",51111,All,44303,3641,331.12375,53470.53849728388
B25119_002,2019,"Lunenburg County, Virginia",51111,Owner occupied (dollars),52928,4558,331.12375,63880.29392104917
B25119_003,2019,"Lunenburg County, Virginia",51111,Renter occupied (dollars),25042,8154,331.12375,30223.89510978902
B25119_001,2019,"Madison County, Virginia",51113,All,57895,4788,331.12375,69875.1061169729
B25119_002,2019,"Madison County, Virginia",51113,Owner occupied (dollars),64761,9164,331.12375,78161.8748983726
B25119_003,2019,"Madison County, Virginia",51113,Renter occupied (dollars),39357,7306,331.12375,47501.07179282671
B25119_001,2019,"Mathews County, Virginia",51115,All,64237,13799,331.12375,77529.4445398737
B25119_002,2019,"Mathews County, Virginia",51115,Owner occupied (dollars),69322,15156,331.12375,83666.67425927619
B25119_003,2019,"Mathews County, Virginia",51115,Renter occupied (dollars),35598,26108,331.12375,42964.22882031265
B25119_001,2019,"Mecklenburg County, Virginia",51117,All,43207,3636,331.12375,52147.74522836252
B25119_002,2019,"Mecklenburg County, Virginia",51117,Owner occupied (dollars),52467,5446,331.12375,63323.90003694994
B25119_003,2019,"Mecklenburg County, Virginia",51117,Renter occupied (dollars),27099,3029,331.12375,32706.546345346724
B25119_001,2019,"Middlesex County, Virginia",51119,All,57438,4008,331.12375,69323.53994553396
B25119_002,2019,"Middlesex County, Virginia",51119,Owner occupied (dollars),59642,3621,331.12375,71983.60962135758
B25119_003,2019,"Middlesex County, Virginia",51119,Renter occupied (dollars),48640,9073,331.12375,58704.985949210844
B25119_001,2019,"Montgomery County, Virginia",51121,All,57977,2295,331.12375,69974.07422650898
B25119_002,2019,"Montgomery County, Virginia",51121,Owner occupied (dollars),81913,3693,331.12375,98863.1067857259
B25119_003,2019,"Montgomery County, Virginia",51121,Renter occupied (dollars),31477,4154,331.12375,37990.47785204173
B25119_001,2019,"Nelson County, Virginia",51125,All,64313,9548,331.12375,77621.17108041934
B25119_002,2019,"Nelson County, Virginia",51125,Owner occupied (dollars),74844,9420,331.12375,90331.33158681613
B25119_003,2019,"Nelson County, Virginia",51125,Renter occupied (dollars),39019,8901,331.12375,47093.130073031614
B25119_001,2019,"New Kent County, Virginia",51127,All,87904,6962,331.12375,106093.81342268565
B25119_002,2019,"New Kent County, Virginia",51127,Owner occupied (dollars),96713,5407,331.12375,116725.64362882459
B25119_003,2019,"New Kent County, Virginia",51127,Renter occupied (dollars),46685,10045,331.12375,56345.44138649071
B25119_001,2019,"Northampton County, Virginia",51131,All,47227,4234,331.12375,56999.59645196095
B25119_002,2019,"Northampton County, Virginia",51131,Owner occupied (dollars),56778,3344,331.12375,68526.96735658498
B25119_003,2019,"Northampton County, Virginia",51131,Renter occupied (dollars),30942,5815,331.12375,37344.771283727016
B25119_001,2019,"Northumberland County, Virginia",51133,All,62632,7771,331.12375,75592.32483492955
B25119_002,2019,"Northumberland County, Virginia",51133,Owner occupied (dollars),67572,5795,331.12375,81554.54997039629
B25119_003,2019,"Northumberland County, Virginia",51133,Renter occupied (dollars),30472,2023,331.12375,36777.51504614212
B25119_001,2019,"Nottoway County, Virginia",51135,All,45535,3015,331.12375,54957.47399665534
B25119_002,2019,"Nottoway County, Virginia",51135,Owner occupied (dollars),56756,5333,331.12375,68500.41493695334
B25119_003,2019,"Nottoway County, Virginia",51135,Renter occupied (dollars),38550,5279,331.12375,46527.0807636118
B25119_001,2019,"Orange County, Virginia",51137,All,71548,4910,331.12375,86353.29635473144
B25119_002,2019,"Orange County, Virginia",51137,Owner occupied (dollars),80682,5658,331.12375,97377.37821451951
B25119_003,2019,"Orange County, Virginia",51137,Renter occupied (dollars),40235,4206,331.12375,48560.754721761885
B25119_001,2019,"Page County, Virginia",51139,All,51792,3898,331.12375,62509.22352552483
B25119_002,2019,"Page County, Virginia",51139,Owner occupied (dollars),58765,4263,331.12375,70925.13362058748
B25119_003,2019,"Page County, Virginia",51139,Renter occupied (dollars),32627,4310,331.12375,39378.4452418771
B25119_001,2019,"Patrick County, Virginia",51141,All,43073,3723,331.12375,51986.01685424257
B25119_002,2019,"Patrick County, Virginia",51141,Owner occupied (dollars),50365,5708,331.12375,60786.9370339639
B25119_003,2019,"Patrick County, Virginia",51141,Renter occupied (dollars),19517,4922,331.12375,23555.616997753867
B25119_001,2019,"Pittsylvania County, Virginia",51143,All,47690,1810,331.12375,57558.40419239032
B25119_002,2019,"Pittsylvania County, Virginia",51143,Owner occupied (dollars),53701,2649,331.12375,64813.24939265155
B25119_003,2019,"Pittsylvania County, Virginia",51143,Renter occupied (dollars),30817,1592,331.12375,37193.90526309273
B25119_001,2019,"Powhatan County, Virginia",51145,All,89090,7595,331.12375,107525.2302264637
B25119_002,2019,"Powhatan County, Virginia",51145,Owner occupied (dollars),95075,5028,331.12375,114748.695294433
B25119_003,2019,"Powhatan County, Virginia",51145,Renter occupied (dollars),57188,14836,331.12375,69021.80790426541
B25119_001,2019,"Prince Edward County, Virginia",51147,All,47202,5147,331.12375,56969.42324783409
B25119_002,2019,"Prince Edward County, Virginia",51147,Owner occupied (dollars),57451,5728,331.12375,69339.23001167993
B25119_003,2019,"Prince Edward County, Virginia",51147,Renter occupied (dollars),31415,5538,331.12375,37915.648305807124
B25119_001,2019,"Prince George County, Virginia",51149,All,71912,3851,331.12375,86792.61820681846
B25119_002,2019,"Prince George County, Virginia",51149,Owner occupied (dollars),85053,8375,331.12375,102652.861224059
B25119_003,2019,"Prince George County, Virginia",51149,Renter occupied (dollars),52107,5233,331.12375,62889.40589752322
B25119_001,2019,"Prince William County, Virginia",51153,All,107132,1725,331.12375,129300.62818073305
B25119_002,2019,"Prince William County, Virginia",51153,Owner occupied (dollars),124712,2185,331.12375,150518.42532273813
B25119_003,2019,"Prince William County, Virginia",51153,Renter occupied (dollars),65975,2623,331.12375,79627.08569077273
B25119_001,2019,"Pulaski County, Virginia",51155,All,53866,2346,331.12375,65012.3925398888
B25119_002,2019,"Pulaski County, Virginia",51155,Owner occupied (dollars),60804,3443,331.12375,73386.06014917385
B25119_003,2019,"Pulaski County, Virginia",51155,Renter occupied (dollars),38362,8993,331.12375,46300.178268577845
B25119_001,2019,"Rappahannock County, Virginia",51157,All,74284,4172,331.12375,89655.45181437455
B25119_002,2019,"Rappahannock County, Virginia",51157,Owner occupied (dollars),88779,9661,331.12375,107149.87556712561
B25119_003,2019,"Rappahannock County, Virginia",51157,Renter occupied (dollars),37228,11627,331.12375,44931.52172938366
B25119_001,2019,"Richmond County, Virginia",51159,All,49517,5449,331.12375,59763.46194998095
B25119_002,2019,"Richmond County, Virginia",51159,Owner occupied (dollars),58835,5835,331.12375,71009.61859214268
B25119_003,2019,"Richmond County, Virginia",51159,Renter occupied (dollars),31020,6249,331.12375,37438.9116806028
B25119_001,2019,"Roanoke County, Virginia",51161,All,68948,2007,331.12375,83215.28312553842
B25119_002,2019,"Roanoke County, Virginia",51161,Owner occupied (dollars),80333,2302,331.12375,96956.1602849086
B25119_003,2019,"Roanoke County, Virginia",51161,Renter occupied (dollars),44208,3861,331.12375,53355.88032160183
B25119_001,2019,"Rockbridge County, Virginia",51163,All,54600,3809,331.12375,65898.27781305328
B25119_002,2019,"Rockbridge County, Virginia",51163,Owner occupied (dollars),61843,5543,331.12375,74640.05851268598
B25119_003,2019,"Rockbridge County, Virginia",51163,Renter occupied (dollars),38965,4585,331.12375,47027.955952117605
B25119_001,2019,"Rockingham County, Virginia",51165,All,61864,1904,331.12375,74665.40400415254
B25119_002,2019,"Rockingham County, Virginia",51165,Owner occupied (dollars),70141,2516,331.12375,84655.14842647199
B25119_003,2019,"Rockingham County, Virginia",51165,Renter occupied (dollars),42455,2523,331.12375,51240.13524822669
B25119_001,2019,"Russell County, Virginia",51167,All,39758,2056,331.12375,47985.04998702148
B25119_002,2019,"Russell County, Virginia",51167,Owner occupied (dollars),44533,2483,331.12375,53748.13197525095
B25119_003,2019,"Russell County, Virginia",51167,Renter occupied (dollars),22813,5872,331.12375,27533.652229838546
B25119_001,2019,"Scott County, Virginia",51169,All,39820,2257,331.12375,48059.87953325608
B25119_002,2019,"Scott County, Virginia",51169,Owner occupied (dollars),44065,2469,331.12375,53183.28959399621
B25119_003,2019,"Scott County, Virginia",51169,Renter occupied (dollars),25933,7149,331.12375,31299.268104870163
B25119_001,2019,"Shenandoah County, Virginia",51171,All,57252,2919,331.12375,69099.05130683017
B25119_002,2019,"Shenandoah County, Virginia",51171,Owner occupied (dollars),66501,2898,331.12375,80261.92990560178
B25119_003,2019,"Shenandoah County, Virginia",51171,Renter occupied (dollars),36444,4545,331.12375,43985.290047965456
B25119_001,2019,"Smyth County, Virginia",51173,All,40932,2763,331.12375,49401.98365281863
B25119_002,2019,"Smyth County, Virginia",51173,Owner occupied (dollars),48529,2429,331.12375,58571.016922887604
B25119_003,2019,"Smyth County, Virginia",51173,Renter occupied (dollars),22305,3654,331.12375,26920.532721980835
B25119_001,2019,"Southampton County, Virginia",51175,All,61348,6838,331.12375,74042.62907097423
B25119_002,2019,"Southampton County, Virginia",51175,Owner occupied (dollars),72222,5555,331.12375,87166.76593799147
B25119_003,2019,"Southampton County, Virginia",51175,Renter occupied (dollars),32669,9590,331.12375,39429.136224810216
B25119_001,2019,"Spotsylvania County, Virginia",51177,All,88628,2299,331.12375,106967.6294141994
B25119_002,2019,"Spotsylvania County, Virginia",51177,Owner occupied (dollars),101090,2504,331.12375,122008.36820735452
B25119_003,2019,"Spotsylvania County, Virginia",51177,Renter occupied (dollars),55580,2599,331.12375,67081.06741482604
B25119_001,2019,"Stafford County, Virginia",51179,All,111108,2778,331.12375,134099.37456506822
B25119_002,2019,"Stafford County, Virginia",51179,Owner occupied (dollars),129176,2958,331.12375,155906.15265162953
B25119_003,2019,"Stafford County, Virginia",51179,Renter occupied (dollars),60099,3357,331.12375,72535.17579279651
B25119_001,2019,"Surry County, Virginia",51181,All,57962,4803,331.12375,69955.97030403287
B25119_002,2019,"Surry County, Virginia",51181,Owner occupied (dollars),64659,13215,331.12375,78038.76822553502
B25119_003,2019,"Surry County, Virginia",51181,Renter occupied (dollars),26974,22230,331.12375,32555.680324712444
B25119_001,2019,"Sussex County, Virginia",51183,All,49487,3717,331.12375,59727.25410502872
B25119_002,2019,"Sussex County, Virginia",51183,Owner occupied (dollars),54605,9650,331.12375,65904.31245387867
B25119_003,2019,"Sussex County, Virginia",51183,Renter occupied (dollars),40000,9840,331.12375,48277.126602969445
B25119_001,2019,"Tazewell County, Virginia",51185,All,42099,2914,331.12375,50810.468821460265
B25119_002,2019,"Tazewell County, Virginia",51185,Owner occupied (dollars),46026,3704,331.12375,55550.07572570679
B25119_003,2019,"Tazewell County, Virginia",51185,Renter occupied (dollars),30008,3572,331.12375,36217.50037754767
B25119_001,2019,"Warren County, Virginia",51187,All,69116,3087,331.12375,83418.0470572709
B25119_002,2019,"Warren County, Virginia",51187,Owner occupied (dollars),81966,5285,331.12375,98927.07397847483
B25119_003,2019,"Warren County, Virginia",51187,Renter occupied (dollars),42434,6823,331.12375,51214.78975676013
B25119_001,2019,"Washington County, Virginia",51191,All,48495,3589,331.12375,58529.981365275074
B25119_002,2019,"Washington County, Virginia",51191,Owner occupied (dollars),55625,2367,331.12375,67135.37918225439
B25119_003,2019,"Washington County, Virginia",51191,Renter occupied (dollars),30200,3558,331.12375,36449.23058524193
B25119_001,2019,"Westmoreland County, Virginia",51193,All,53853,3698,331.12375,64996.70247374284
B25119_002,2019,"Westmoreland County, Virginia",51193,Owner occupied (dollars),63739,7980,331.12375,76928.39431366674
B25119_003,2019,"Westmoreland County, Virginia",51193,Renter occupied (dollars),26382,5720,331.12375,31841.178850988497
B25119_001,2019,"Wise County, Virginia",51195,All,38888,2697,331.12375,46935.022483406894
B25119_002,2019,"Wise County, Virginia",51195,Owner occupied (dollars),48575,2387,331.12375,58626.535618481015
B25119_003,2019,"Wise County, Virginia",51195,Renter occupied (dollars),20411,3970,331.12375,24634.610777330232
B25119_001,2019,"Wythe County, Virginia",51197,All,49364,2653,331.12375,59578.80194072459
B25119_002,2019,"Wythe County, Virginia",51197,Owner occupied (dollars),55656,3506,331.12375,67172.79395537169
B25119_003,2019,"Wythe County, Virginia",51197,Renter occupied (dollars),30174,6433,331.12375,36417.85045295
B25119_001,2019,"York County, Virginia",51199,All,92069,3645,331.12375,111120.66923021984
B25119_002,2019,"York County, Virginia",51199,Owner occupied (dollars),106176,3550,331.12375,128146.80485492208
B25119_003,2019,"York County, Virginia",51199,Renter occupied (dollars),64428,4735,331.12375,77759.96781940288
B25119_001,2019,"Alexandria city, Virginia",51510,All,100939,2888,331.12375,121826.12205442831
B25119_002,2019,"Alexandria city, Virginia",51510,Owner occupied (dollars),152331,4250,331.12375,183852.57431392345
B25119_003,2019,"Alexandria city, Virginia",51510,Renter occupied (dollars),76215,2215,331.12375,91986.0301011329
B25119_001,2019,"Bristol city, Virginia",51520,All,37500,3053,331.12375,45259.80619028385
B25119_002,2019,"Bristol city, Virginia",51520,Owner occupied (dollars),49178,5426,331.12375,59354.31330202078
B25119_003,2019,"Bristol city, Virginia",51520,Renter occupied (dollars),23994,3610,331.12375,28959.03439279122
B25119_001,2019,"Buena Vista city, Virginia",51530,All,32455,10103,331.12375,39170.85359748433
B25119_002,2019,"Buena Vista city, Virginia",51530,Owner occupied (dollars),44688,11631,331.12375,53935.20584083746
B25119_003,2019,"Buena Vista city, Virginia",51530,Renter occupied (dollars),26660,3699,331.12375,32176.704880879133
B25119_001,2019,"Charlottesville city, Virginia",51540,All,59471,4106,331.12375,71777.22490512989
B25119_002,2019,"Charlottesville city, Virginia",51540,Owner occupied (dollars),96242,5474,331.12375,116157.18046307463
B25119_003,2019,"Charlottesville city, Virginia",51540,Renter occupied (dollars),39492,4283,331.12375,47664.00709511173
B25119_001,2019,"Chesapeake city, Virginia",51550,All,78640,2645,331.12375,94912.83090143792
B25119_002,2019,"Chesapeake city, Virginia",51550,Owner occupied (dollars),94077,1885,331.12375,113544.1809856889
B25119_003,2019,"Chesapeake city, Virginia",51550,Renter occupied (dollars),45750,2450,331.12375,55216.9635521463
B25119_001,2019,"Colonial Heights city, Virginia",51570,All,54550,4946,331.12375,65837.93140479957
B25119_002,2019,"Colonial Heights city, Virginia",51570,Owner occupied (dollars),71752,3246,331.12375,86599.50970040659
B25119_003,2019,"Colonial Heights city, Virginia",51570,Renter occupied (dollars),34141,3042,331.12375,41205.73448379949
B25119_001,2019,"Covington city, Virginia",51580,All,40655,3634,331.12375,49067.66455109307
B25119_002,2019,"Covington city, Virginia",51580,Owner occupied (dollars),46875,8173,331.12375,56574.757737854816
B25119_003,2019,"Covington city, Virginia",51580,Renter occupied (dollars),27214,7371,331.12375,32845.34308433026
B25119_001,2019,"Danville city, Virginia",51590,All,37203,2086,331.12375,44901.348525256806
B25119_002,2019,"Danville city, Virginia",51590,Owner occupied (dollars),47757,2775,331.12375,57639.26837945029
B25119_003,2019,"Danville city, Virginia",51590,Renter occupied (dollars),25665,2074,331.12375,30975.811356630267
B25119_001,2019,"Emporia city, Virginia",51595,All,27063,5323,331.12375,32663.096931404052
B25119_002,2019,"Emporia city, Virginia",51595,Owner occupied (dollars),57596,23636,331.12375,69514.2345956157
B25119_003,2019,"Emporia city, Virginia",51595,Renter occupied (dollars),23513,1384,331.12375,28378.50194539051
B25119_001,2019,"Fairfax city, Virginia",51600,All,116979,7777,331.12375,141185.24982221905
B25119_002,2019,"Fairfax city, Virginia",51600,Owner occupied (dollars),142917,8425,331.12375,172490.5525679146
B25119_003,2019,"Fairfax city, Virginia",51600,Renter occupied (dollars),75011,17975,331.12375,90532.88859038352
B25119_001,2019,"Falls Church city, Virginia",51610,All,127610,16144,331.12375,154016.10314512326
B25119_002,2019,"Falls Church city, Virginia",51610,Owner occupied (dollars),177619,19041,331.12375,214373.37375232074
B25119_003,2019,"Falls Church city, Virginia",51610,Renter occupied (dollars),94803,13301,331.12375,114420.4108335328
B25119_001,2019,"Franklin city, Virginia",51620,All,40417,8465,331.12375,48780.4156478054
B25119_002,2019,"Franklin city, Virginia",51620,Owner occupied (dollars),57321,15801,331.12375,69182.32935022029
B25119_003,2019,"Franklin city, Virginia",51620,Renter occupied (dollars),26236,5107,331.12375,31664.967338887658
B25119_001,2019,"Fredericksburg city, Virginia",51630,All,65641,5784,331.12375,79223.97168363792
B25119_002,2019,"Fredericksburg city, Virginia",51630,Owner occupied (dollars),116875,13544,331.12375,141059.72929305135
B25119_003,2019,"Fredericksburg city, Virginia",51630,Renter occupied (dollars),51014,3822,331.12375,61570.23341309708
B25119_001,2019,"Galax city, Virginia",51640,All,33575,2284,331.12375,40522.613142367474
B25119_002,2019,"Galax city, Virginia",51640,Owner occupied (dollars),39631,9180,331.12375,47831.77011005705
B25119_003,2019,"Galax city, Virginia",51640,Renter occupied (dollars),17409,5351,331.12375,21011.412425777376
B25119_001,2019,"Hampton city, Virginia",51650,All,56287,1252,331.12375,67934.36562753352
B25119_002,2019,"Hampton city, Virginia",51650,Owner occupied (dollars),72782,2276,331.12375,87842.64571043305
B25119_003,2019,"Hampton city, Virginia",51650,Renter occupied (dollars),41549,2133,331.12375,50146.65833066944
B25119_001,2019,"Harrisonburg city, Virginia",51660,All,46679,2567,331.12375,56338.199817500266
B25119_002,2019,"Harrisonburg city, Virginia",51660,Owner occupied (dollars),76309,4079,331.12375,92099.48134864988
B25119_003,2019,"Harrisonburg city, Virginia",51660,Renter occupied (dollars),32628,2682,331.12375,39379.65217004217
B25119_001,2019,"Hopewell city, Virginia",51670,All,39030,4278,331.12375,47106.406282847434
B25119_002,2019,"Hopewell city, Virginia",51670,Owner occupied (dollars),55897,8086,331.12375,67463.66364315458
B25119_003,2019,"Hopewell city, Virginia",51670,Renter occupied (dollars),31214,4050,331.12375,37673.05574462721
B25119_001,2019,"Lexington city, Virginia",51678,All,42632,9155,331.12375,51453.761533444835
B25119_002,2019,"Lexington city, Virginia",51678,Owner occupied (dollars),63101,8596,331.12375,76158.37414434936
B25119_003,2019,"Lexington city, Virginia",51678,Renter occupied (dollars),18101,10722,331.12375,21846.606716008748
B25119_001,2019,"Lynchburg city, Virginia",51680,All,46409,2881,331.12375,56012.32921293022
B25119_002,2019,"Lynchburg city, Virginia",51680,Owner occupied (dollars),68411,3719,331.12375,82567.16270089356
B25119_003,2019,"Lynchburg city, Virginia",51680,Renter occupied (dollars),33616,2864,331.12375,40572.09719713552
B25119_001,2019,"Manassas city, Virginia",51683,All,81493,3858,331.12375,98356.19695639472
B25119_002,2019,"Manassas city, Virginia",51683,Owner occupied (dollars),99838,7231,331.12375,120497.29414468158
B25119_003,2019,"Manassas city, Virginia",51683,Renter occupied (dollars),50333,6547,331.12375,60748.31533268152
B25119_001,2019,"Manassas Park city, Virginia",51685,All,88046,8779,331.12375,106265.19722212618
B25119_002,2019,"Manassas Park city, Virginia",51685,Owner occupied (dollars),99625,11679,331.12375,120240.21844552076
B25119_003,2019,"Manassas Park city, Virginia",51685,Renter occupied (dollars),68426,11757,331.12375,82585.26662336968
B25119_001,2019,"Martinsville city, Virginia",51690,All,34371,4099,331.12375,41483.32796176657
B25119_002,2019,"Martinsville city, Virginia",51690,Owner occupied (dollars),50451,2894,331.12375,60890.732856160284
B25119_003,2019,"Martinsville city, Virginia",51690,Renter occupied (dollars),27594,4748,331.12375,33303.97578705847
B25119_001,2019,"Newport News city, Virginia",51700,All,53215,1607,331.12375,64226.68230442547
B25119_002,2019,"Newport News city, Virginia",51700,Owner occupied (dollars),73978,1902,331.12375,89286.13179586183
B25119_003,2019,"Newport News city, Virginia",51700,Renter occupied (dollars),38663,1432,331.12375,46663.46364626519
B25119_001,2019,"Norfolk city, Virginia",51710,All,51590,1086,331.12375,62265.42403617984
B25119_002,2019,"Norfolk city, Virginia",51710,Owner occupied (dollars),74694,1975,331.12375,90150.29236205498
B25119_003,2019,"Norfolk city, Virginia",51710,Renter occupied (dollars),37377,1653,331.12375,45111.35402597972
B25119_001,2019,"Norton city, Virginia",51720,All,29000,7753,331.12375,35000.91678715285
B25119_002,2019,"Norton city, Virginia",51720,Owner occupied (dollars),58417,9635,331.12375,70505.12261914165
B25119_003,2019,"Norton city, Virginia",51720,Renter occupied (dollars),14647,5580,331.12375,17677.876833842336
B25119_001,2019,"Petersburg city, Virginia",51730,All,38679,2160,331.12375,46682.77449690638
B25119_002,2019,"Petersburg city, Virginia",51730,Owner occupied (dollars),49360,3690,331.12375,59573.97422806429
B25119_003,2019,"Petersburg city, Virginia",51730,Renter occupied (dollars),31367,2851,331.12375,37857.71575388356
B25119_001,2019,"Poquoson city, Virginia",51735,All,97118,4408,331.12375,117214.44953567965
B25119_002,2019,"Poquoson city, Virginia",51735,Owner occupied (dollars),105486,4992,331.12375,127314.02442102086
B25119_003,2019,"Poquoson city, Virginia",51735,Renter occupied (dollars),55156,25188,331.12375,66569.32987283457
B25119_001,2019,"Portsmouth city, Virginia",51740,All,52175,1675,331.12375,62971.47701274827
B25119_002,2019,"Portsmouth city, Virginia",51740,Owner occupied (dollars),66595,1964,331.12375,80375.38115311875
B25119_003,2019,"Portsmouth city, Virginia",51740,Renter occupied (dollars),35302,1946,331.12375,42606.97808345068
B25119_001,2019,"Radford city, Virginia",51750,All,36297,4415,331.12375,43807.87160769955
B25119_002,2019,"Radford city, Virginia",51750,Owner occupied (dollars),62632,8787,331.12375,75592.32483492955
B25119_003,2019,"Radford city, Virginia",51750,Renter occupied (dollars),19730,2025,331.12375,23812.692696914677
B25119_001,2019,"Richmond city, Virginia",51760,All,47250,1316,331.12375,57027.35579975766
B25119_002,2019,"Richmond city, Virginia",51760,Owner occupied (dollars),76995,2182,331.12375,92927.4340698908
B25119_003,2019,"Richmond city, Virginia",51760,Renter occupied (dollars),32762,1472,331.12375,39541.38054416212
B25119_001,2019,"Roanoke city, Virginia",51770,All,44230,1434,331.12375,53382.43274123346
B25119_002,2019,"Roanoke city, Virginia",51770,Owner occupied (dollars),56885,2358,331.12375,68656.10867024792
B25119_003,2019,"Roanoke city, Virginia",51770,Renter occupied (dollars),29610,2507,331.12375,35737.14296784813
B25119_001,2019,"Salem city, Virginia",51775,All,57165,3209,331.12375,68994.04855646871
B25119_002,2019,"Salem city, Virginia",51775,Owner occupied (dollars),72453,5067,331.12375,87445.56634412362
B25119_003,2019,"Salem city, Virginia",51775,Renter occupied (dollars),40726,4374,331.12375,49153.356450813335
B25119_001,2019,"Staunton city, Virginia",51790,All,52611,2847,331.12375,63497.697692720634
B25119_002,2019,"Staunton city, Virginia",51790,Owner occupied (dollars),72486,4347,331.12375,87485.39497357108
B25119_003,2019,"Staunton city, Virginia",51790,Renter occupied (dollars),34699,4512,331.12375,41879.200399910915
B25119_001,2019,"Suffolk city, Virginia",51800,All,74884,2756,331.12375,90379.60871341909
B25119_002,2019,"Suffolk city, Virginia",51800,Owner occupied (dollars),89802,4209,331.12375,108384.56307999654
B25119_003,2019,"Suffolk city, Virginia",51800,Renter occupied (dollars),40516,3473,331.12375,48899.90153614775
B25119_001,2019,"Virginia Beach city, Virginia",51810,All,76610,1188,331.12375,92462.76672633723
B25119_002,2019,"Virginia Beach city, Virginia",51810,Owner occupied (dollars),91987,1597,331.12375,111021.70112068375
B25119_003,2019,"Virginia Beach city, Virginia",51810,Renter occupied (dollars),56298,2359,331.12375,67947.64183734934
B25119_001,2019,"Waynesboro city, Virginia",51820,All,45011,6218,331.12375,54325.043638156436
B25119_002,2019,"Waynesboro city, Virginia",51820,Owner occupied (dollars),59707,6136,331.12375,72062.05995208741
B25119_003,2019,"Waynesboro city, Virginia",51820,Renter occupied (dollars),29545,3736,331.12375,35658.69263711831
B25119_001,2019,"Williamsburg city, Virginia",51830,All,57463,5298,331.12375,69353.71314966082
B25119_002,2019,"Williamsburg city, Virginia",51830,Owner occupied (dollars),95500,11493,331.12375,115261.63976458955
B25119_003,2019,"Williamsburg city, Virginia",51830,Renter occupied (dollars),37750,6375,331.12375,45561.53823155241
B25119_001,2019,"Winchester city, Virginia",51840,All,58818,4511,331.12375,70989.10081333642
B25119_002,2019,"Winchester city, Virginia",51840,Owner occupied (dollars),86782,6598,331.12375,104739.64002147235
B25119_003,2019,"Winchester city, Virginia",51840,Renter occupied (dollars),44049,3489,331.12375,53163.97874335502
B25119_001,2020,"Accomack County, Virginia",51001,All,46178,2575,341.46775,54045.20649238471
B25119_002,2020,"Accomack County, Virginia",51001,Owner occupied (dollars),56458,3607,341.46775,66076.57906680791
B25119_003,2020,"Accomack County, Virginia",51001,Renter occupied (dollars),32141,5762,341.46775,37616.76516678368
B25119_001,2020,"Albemarle County, Virginia",51003,All,84643,3217,341.46775,99063.37245300617
B25119_002,2020,"Albemarle County, Virginia",51003,Owner occupied (dollars),102408,4364,341.46775,119854.94188730852
B25119_003,2020,"Albemarle County, Virginia",51003,Renter occupied (dollars),56516,2715,341.46775,66144.46035176088
B25119_001,2020,"Alleghany County, Virginia",51005,All,48513,4275,341.46775,56778.01339523278
B25119_002,2020,"Alleghany County, Virginia",51005,Owner occupied (dollars),55570,5116,341.46775,65037.29318683828
B25119_003,2020,"Alleghany County, Virginia",51005,Renter occupied (dollars),21771,8268,341.46775,25480.059563985174
B25119_001,2020,"Amelia County, Virginia",51007,All,63918,6276,341.46775,74807.51675213837
B25119_002,2020,"Amelia County, Virginia",51007,Owner occupied (dollars),64571,8080,341.46775,75571.76639135028
B25119_003,2020,"Amelia County, Virginia",51007,Renter occupied (dollars),60556,27930,341.46775,70872.74295882993
B25119_001,2020,"Amherst County, Virginia",51009,All,57368,4546,341.46775,67141.61302038039
B25119_002,2020,"Amherst County, Virginia",51009,Owner occupied (dollars),68481,5771,341.46775,80147.90129076611
B25119_003,2020,"Amherst County, Virginia",51009,Renter occupied (dollars),29047,6877,341.46775,33995.649724637246
B25119_001,2020,"Appomattox County, Virginia",51011,All,55457,5246,341.46775,64905.041717878186
B25119_002,2020,"Appomattox County, Virginia",51011,Owner occupied (dollars),69295,6490,341.46775,81100.5800140716
B25119_003,2020,"Appomattox County, Virginia",51011,Renter occupied (dollars),26525,10425,341.46775,31043.984196164936
B25119_001,2020,"Arlington County, Virginia",51013,All,122604,2627,341.46775,143491.67345472594
B25119_002,2020,"Arlington County, Virginia",51013,Owner occupied (dollars),172902,5624,341.46775,202358.79191273553
B25119_003,2020,"Arlington County, Virginia",51013,Renter occupied (dollars),93369,3271,341.46775,109275.99473748251
B25119_001,2020,"Augusta County, Virginia",51015,All,65076,3262,341.46775,76162.8017172339
B25119_002,2020,"Augusta County, Virginia",51015,Owner occupied (dollars),70622,2943,341.46775,82653.65699911631
B25119_003,2020,"Augusta County, Virginia",51015,Renter occupied (dollars),42050,4420,341.46775,49213.93159090426
B25119_001,2020,"Bath County, Virginia",51017,All,55481,15306,341.46775,64933.13052544493
B25119_002,2020,"Bath County, Virginia",51017,Owner occupied (dollars),63079,12164,341.46775,73825.57885428418
B25119_003,2020,"Bath County, Virginia",51017,Renter occupied (dollars),48929,17601,341.46775,57264.88605972306
B25119_001,2020,"Bedford County, Virginia",51019,All,67136,3303,341.46775,78573.75770004634
B25119_002,2020,"Bedford County, Virginia",51019,Owner occupied (dollars),73562,2816,341.46775,86094.5359260428
B25119_003,2020,"Bedford County, Virginia",51019,Renter occupied (dollars),37677,4147,341.46775,44095.91677884661
B25119_001,2020,"Bland County, Virginia",51021,All,50365,6513,341.46775,58945.533045800075
B25119_002,2020,"Bland County, Virginia",51021,Owner occupied (dollars),53643,4777,341.46775,62781.996012624906
B25119_003,2020,"Bland County, Virginia",51021,Renter occupied (dollars),21723,6983,341.46775,25423.881948851682
B25119_001,2020,"Botetourt County, Virginia",51023,All,72719,4231,341.46775,85107.91656026081
B25119_002,2020,"Botetourt County, Virginia",51023,Owner occupied (dollars),77294,5873,341.46775,90462.34550267192
B25119_003,2020,"Botetourt County, Virginia",51023,Renter occupied (dollars),46679,8641,341.46775,54631.560350340544
B25119_001,2020,"Brunswick County, Virginia",51025,All,46111,3642,341.46775,53966.7919045942
B25119_002,2020,"Brunswick County, Virginia",51025,Owner occupied (dollars),51531,4816,341.46775,60310.180946751185
B25119_003,2020,"Brunswick County, Virginia",51025,Renter occupied (dollars),26996,6029,341.46775,31595.22704466234
B25119_001,2020,"Buchanan County, Virginia",51027,All,34302,3605,341.46775,40145.92821477284
B25119_002,2020,"Buchanan County, Virginia",51027,Owner occupied (dollars),38040,4135,341.46775,44520.75999329365
B25119_003,2020,"Buchanan County, Virginia",51027,Renter occupied (dollars),20365,2553,341.46775,23834.523587366595
B25119_001,2020,"Buckingham County, Virginia",51029,All,48603,4866,341.46775,56883.34642360808
B25119_002,2020,"Buckingham County, Virginia",51029,Owner occupied (dollars),55177,6728,341.46775,64577.3389629328
B25119_003,2020,"Buckingham County, Virginia",51029,Renter occupied (dollars),32077,9274,341.46775,37541.86167993902
B25119_001,2020,"Campbell County, Virginia",51031,All,52319,2195,341.46775,61232.430128526044
B25119_002,2020,"Campbell County, Virginia",51031,Owner occupied (dollars),59479,4058,341.46775,69612.25771927217
B25119_003,2020,"Campbell County, Virginia",51031,Renter occupied (dollars),38446,4072,341.46775,44995.92898796445
B25119_001,2020,"Caroline County, Virginia",51033,All,67901,5308,341.46775,79469.0884412364
B25119_002,2020,"Caroline County, Virginia",51033,Owner occupied (dollars),78444,8354,341.46775,91808.26753191186
B25119_003,2020,"Caroline County, Virginia",51033,Renter occupied (dollars),39261,6689,341.46775,45949.7780782519
B25119_001,2020,"Carroll County, Virginia",51035,All,44518,3022,341.46775,52102.39730235139
B25119_002,2020,"Carroll County, Virginia",51035,Owner occupied (dollars),46892,2951,341.46775,54880.848517495426
B25119_003,2020,"Carroll County, Virginia",51035,Renter occupied (dollars),36439,5950,341.46775,42647.00245519525
B25119_001,2020,"Charles City County, Virginia",51036,All,60096,5918,341.46775,70334.37414713395
B25119_002,2020,"Charles City County, Virginia",51036,Owner occupied (dollars),66719,6455,341.46775,78085.71466857412
B25119_003,2020,"Charles City County, Virginia",51036,Renter occupied (dollars),33661,14435,341.46775,39395.72297934431
B25119_001,2020,"Charlotte County, Virginia",51037,All,40924,4516,341.46775,47896.098369231055
B25119_002,2020,"Charlotte County, Virginia",51037,Owner occupied (dollars),52838,3991,341.46775,61839.85059215694
B25119_003,2020,"Charlotte County, Virginia",51037,Renter occupied (dollars),23940,4191,341.46775,28018.585547829916
B25119_001,2020,"Chesterfield County, Virginia",51041,All,84645,1549,341.46775,99065.71318697007
B25119_002,2020,"Chesterfield County, Virginia",51041,Owner occupied (dollars),96296,1798,341.46775,112701.65889364367
B25119_003,2020,"Chesterfield County, Virginia",51041,Renter occupied (dollars),53147,2609,341.46775,62201.493989578805
B25119_001,2020,"Clarke County, Virginia",51043,All,86154,13118,341.46775,100831.79696272926
B25119_002,2020,"Clarke County, Virginia",51043,Owner occupied (dollars),105197,6678,341.46775,123119.09539996089
B25119_003,2020,"Clarke County, Virginia",51043,Renter occupied (dollars),40720,4962,341.46775,47657.34350491371
B25119_001,2020,"Craig County, Virginia",51045,All,57792,14772,341.46775,67637.84862072626
B25119_002,2020,"Craig County, Virginia",51045,Owner occupied (dollars),62521,14163,341.46775,73172.51407835732
B25119_003,2020,"Craig County, Virginia",51045,Renter occupied (dollars),38984,22729,341.46775,45625.58642425236
B25119_001,2020,"Culpeper County, Virginia",51047,All,80663,3922,341.46775,94405.311864854
B25119_002,2020,"Culpeper County, Virginia",51047,Owner occupied (dollars),93651,5383,341.46775,109606.0382263918
B25119_003,2020,"Culpeper County, Virginia",51047,Renter occupied (dollars),51515,6495,341.46775,60291.45507504002
B25119_001,2020,"Cumberland County, Virginia",51049,All,50565,8447,341.46775,59179.60644218963
B25119_002,2020,"Cumberland County, Virginia",51049,Owner occupied (dollars),57390,5736,341.46775,67167.36109398324
B25119_003,2020,"Cumberland County, Virginia",51049,Renter occupied (dollars),33960,4126,341.46775,39745.6627069467
B25119_001,2020,"Dickenson County, Virginia",51051,All,30116,4017,341.46775,35246.77202833942
B25119_002,2020,"Dickenson County, Virginia",51051,Owner occupied (dollars),35426,2895,341.46775,41461.42070248215
B25119_003,2020,"Dickenson County, Virginia",51051,Renter occupied (dollars),17602,4437,341.46775,20600.79961624487
B25119_001,2020,"Dinwiddie County, Virginia",51053,All,65485,3706,341.46775,76641.48181285054
B25119_002,2020,"Dinwiddie County, Virginia",51053,Owner occupied (dollars),75024,7361,341.46775,87805.61245365045
B25119_003,2020,"Dinwiddie County, Virginia",51053,Renter occupied (dollars),36250,9911,341.46775,42425.80309560712
B25119_001,2020,"Essex County, Virginia",51057,All,51125,5221,341.46775,59835.011952080386
B25119_002,2020,"Essex County, Virginia",51057,Owner occupied (dollars),60405,11446,341.46775,70696.01754455581
B25119_003,2020,"Essex County, Virginia",51057,Renter occupied (dollars),32071,4894,341.46775,37534.83947804734
B25119_001,2020,"Fairfax County, Virginia",51059,All,127866,1462,341.46775,149650.14451373517
B25119_002,2020,"Fairfax County, Virginia",51059,Owner occupied (dollars),155010,1836,341.46775,181418.58587172578
B25119_003,2020,"Fairfax County, Virginia",51059,Renter occupied (dollars),81309,1591,341.46775,95161.36893519227
B25119_001,2020,"Fauquier County, Virginia",51061,All,105665,5673,341.46775,123666.82714751245
B25119_002,2020,"Fauquier County, Virginia",51061,Owner occupied (dollars),123070,4822,341.46775,144037.06446831362
B25119_003,2020,"Fauquier County, Virginia",51061,Renter occupied (dollars),66292,6065,341.46775,77585.96796728241
B25119_001,2020,"Floyd County, Virginia",51063,All,51250,4673,341.46775,59981.30782482386
B25119_002,2020,"Floyd County, Virginia",51063,Owner occupied (dollars),52073,7601,341.46775,60944.519850966884
B25119_003,2020,"Floyd County, Virginia",51063,Renter occupied (dollars),38229,13277,341.46775,44741.959352881786
B25119_001,2020,"Fluvanna County, Virginia",51065,All,78885,4581,341.46775,92324.39937095084
B25119_002,2020,"Fluvanna County, Virginia",51065,Owner occupied (dollars),85781,3610,341.46775,100395.25007846275
B25119_003,2020,"Fluvanna County, Virginia",51065,Renter occupied (dollars),47189,5621,341.46775,55228.44751113391
B25119_001,2020,"Franklin County, Virginia",51067,All,56779,2707,341.46775,66452.26686801315
B25119_002,2020,"Franklin County, Virginia",51067,Owner occupied (dollars),65240,2377,341.46775,76354.74190227334
B25119_003,2020,"Franklin County, Virginia",51067,Renter occupied (dollars),30378,10116,341.46775,35553.408177609745
B25119_001,2020,"Frederick County, Virginia",51069,All,80011,3351,341.46775,93642.23259262404
B25119_002,2020,"Frederick County, Virginia",51069,Owner occupied (dollars),89306,5117,341.46775,104520.79368982867
B25119_003,2020,"Frederick County, Virginia",51069,Renter occupied (dollars),53303,4496,341.46775,62384.07123876266
B25119_001,2020,"Giles County, Virginia",51071,All,57279,3121,341.46775,67037.45035898704
B25119_002,2020,"Giles County, Virginia",51071,Owner occupied (dollars),59317,3177,341.46775,69422.65826819662
B25119_003,2020,"Giles County, Virginia",51071,Renter occupied (dollars),43545,5696,341.46775,50963.6302289162
B25119_001,2020,"Gloucester County, Virginia",51073,All,71649,4174,341.46775,83855.62388957667
B25119_002,2020,"Gloucester County, Virginia",51073,Owner occupied (dollars),79536,4119,341.46775,93086.30827619885
B25119_003,2020,"Gloucester County, Virginia",51073,Renter occupied (dollars),46552,9317,341.46775,54482.923743633175
B25119_001,2020,"Goochland County, Virginia",51075,All,97146,8582,341.46775,113696.4708282993
B25119_002,2020,"Goochland County, Virginia",51075,Owner occupied (dollars),108788,10365,341.46775,127321.88323213538
B25119_003,2020,"Goochland County, Virginia",51075,Renter occupied (dollars),45986,20425,341.46775,53820.49603185074
B25119_001,2020,"Grayson County, Virginia",51077,All,41558,4019,341.46775,48638.11103578595
B25119_002,2020,"Grayson County, Virginia",51077,Owner occupied (dollars),44613,2898,341.46775,52213.58216563643
B25119_003,2020,"Grayson County, Virginia",51077,Renter occupied (dollars),27207,5900,341.46775,31842.17447785332
B25119_001,2020,"Greene County, Virginia",51079,All,67266,4701,341.46775,78725.90540769955
B25119_002,2020,"Greene County, Virginia",51079,Owner occupied (dollars),72160,6070,341.46775,84453.681417352
B25119_003,2020,"Greene County, Virginia",51079,Renter occupied (dollars),60033,10817,341.46775,70260.64102727124
B25119_001,2020,"Greensville County, Virginia",51081,All,49756,5874,341.46775,58232.77955379387
B25119_002,2020,"Greensville County, Virginia",51081,Owner occupied (dollars),52098,10115,341.46775,60973.77902551558
B25119_003,2020,"Greensville County, Virginia",51081,Renter occupied (dollars),48596,13337,341.46775,56875.153854734446
B25119_001,2020,"Halifax County, Virginia",51083,All,43714,2535,341.46775,51161.42224886537
B25119_002,2020,"Halifax County, Virginia",51083,Owner occupied (dollars),52064,3837,341.46775,60933.98654812935
B25119_003,2020,"Halifax County, Virginia",51083,Renter occupied (dollars),26197,2419,341.46775,30660.103826086062
B25119_001,2020,"Hanover County, Virginia",51085,All,91444,3201,341.46775,107023.03829723304
B25119_002,2020,"Hanover County, Virginia",51085,Owner occupied (dollars),99292,3726,341.46775,116208.07837155924
B25119_003,2020,"Hanover County, Virginia",51085,Renter occupied (dollars),53832,5179,341.46775,63003.195372213035
B25119_001,2020,"Henrico County, Virginia",51087,All,72295,1863,341.46775,84611.68095991494
B25119_002,2020,"Henrico County, Virginia",51087,Owner occupied (dollars),93965,3158,341.46775,109973.5334587234
B25119_003,2020,"Henrico County, Virginia",51087,Renter occupied (dollars),48081,1440,341.46775,56272.41485903134
B25119_001,2020,"Henry County, Virginia",51089,All,38511,2064,341.46775,45072.00284179106
B25119_002,2020,"Henry County, Virginia",51089,Owner occupied (dollars),45226,3463,341.46775,52931.01712557042
B25119_003,2020,"Henry County, Virginia",51089,Renter occupied (dollars),25765,2339,341.46775,30154.50528988462
B25119_001,2020,"Highland County, Virginia",51091,All,51831,3904,341.46775,60661.29104133552
B25119_002,2020,"Highland County, Virginia",51091,Owner occupied (dollars),53295,6543,341.46775,62374.70830290708
B25119_003,2020,"Highland County, Virginia",51091,Renter occupied (dollars),NA,NA,341.46775,NA
B25119_001,2020,"Isle of Wight County, Virginia",51093,All,77870,5219,341.46775,91136.47688427384
B25119_002,2020,"Isle of Wight County, Virginia",51093,Owner occupied (dollars),89763,5840,341.46775,105055.65140057882
B25119_003,2020,"Isle of Wight County, Virginia",51093,Renter occupied (dollars),46053,8128,341.46775,53898.91061964123
B25119_001,2020,"James City County, Virginia",51095,All,91675,4509,341.46775,107293.39307006297
B25119_002,2020,"James City County, Virginia",51095,Owner occupied (dollars),104032,4599,341.46775,121755.61786599172
B25119_003,2020,"James City County, Virginia",51095,Renter occupied (dollars),48280,2576,341.46775,56505.31788843895
B25119_001,2020,"King and Queen County, Virginia",51097,All,65385,12801,341.46775,76524.44511465577
B25119_002,2020,"King and Queen County, Virginia",51097,Owner occupied (dollars),71250,15522,341.46775,83388.64746377952
B25119_003,2020,"King and Queen County, Virginia",51097,Renter occupied (dollars),43292,11967,341.46775,50667.52738248341
B25119_001,2020,"King George County, Virginia",51099,All,96711,6085,341.46775,113187.36119115201
B25119_002,2020,"King George County, Virginia",51099,Owner occupied (dollars),109138,6140,341.46775,127731.5116758171
B25119_003,2020,"King George County, Virginia",51099,Renter occupied (dollars),50374,3591,341.46775,58956.06634863761
B25119_001,2020,"King William County, Virginia",51101,All,73284,6077,341.46775,85769.17390506131
B25119_002,2020,"King William County, Virginia",51101,Owner occupied (dollars),78644,8379,341.46775,92042.34092830142
B25119_003,2020,"King William County, Virginia",51101,Renter occupied (dollars),40259,17154,341.46775,47117.80432623578
B25119_001,2020,"Lancaster County, Virginia",51103,All,59736,8165,341.46775,69913.04203363275
B25119_002,2020,"Lancaster County, Virginia",51103,Owner occupied (dollars),71313,2218,341.46775,83462.38058364223
B25119_003,2020,"Lancaster County, Virginia",51103,Renter occupied (dollars),38958,8482,341.46775,45595.15688272172
B25119_001,2020,"Lee County, Virginia",51105,All,35006,4424,341.46775,40969.86657006408
B25119_002,2020,"Lee County, Virginia",51105,Owner occupied (dollars),44735,5619,341.46775,52356.36693743406
B25119_003,2020,"Lee County, Virginia",51105,Renter occupied (dollars),17791,2404,341.46775,20821.998975833
B25119_001,2020,"Loudoun County, Virginia",51107,All,147111,3537,341.46775,172173.85708132025
B25119_002,2020,"Loudoun County, Virginia",51107,Owner occupied (dollars),166826,3001,341.46775,195247.64213042078
B25119_003,2020,"Loudoun County, Virginia",51107,Renter occupied (dollars),81198,3302,341.46775,95031.45820019605
B25119_001,2020,"Louisa County, Virginia",51109,All,67027,6008,341.46775,78446.18769901403
B25119_002,2020,"Louisa County, Virginia",51109,Owner occupied (dollars),77959,5627,341.46775,91240.63954566719
B25119_003,2020,"Louisa County, Virginia",51109,Renter occupied (dollars),34574,6610,341.46775,40464.26803386264
B25119_001,2020,"Lunenburg County, Virginia",51111,All,45884,5418,341.46775,53701.11859969206
B25119_002,2020,"Lunenburg County, Virginia",51111,Owner occupied (dollars),53529,6519,341.46775,62648.57417668286
B25119_003,2020,"Lunenburg County, Virginia",51111,Renter occupied (dollars),31384,10985,341.46775,36730.79736144921
B25119_001,2020,"Madison County, Virginia",51113,All,63482,5830,341.46775,74297.23674800913
B25119_002,2020,"Madison County, Virginia",51113,Owner occupied (dollars),70133,6410,341.46775,82081.34754494384
B25119_003,2020,"Madison County, Virginia",51113,Renter occupied (dollars),40543,13363,341.46775,47450.18854910895
B25119_001,2020,"Mathews County, Virginia",51115,All,74489,16802,341.46775,87179.46611830838
B25119_002,2020,"Mathews County, Virginia",51115,Owner occupied (dollars),85841,11658,341.46775,100465.4720973796
B25119_003,2020,"Mathews County, Virginia",51115,Renter occupied (dollars),34211,14975,341.46775,40039.424819415595
B25119_001,2020,"Mecklenburg County, Virginia",51117,All,50224,2884,341.46775,58780.51130134544
B25119_002,2020,"Mecklenburg County, Virginia",51117,Owner occupied (dollars),58254,3798,341.46775,68178.55816638614
B25119_003,2020,"Mecklenburg County, Virginia",51117,Renter occupied (dollars),26664,3580,341.46775,31206.665206655678
B25119_001,2020,"Middlesex County, Virginia",51119,All,57060,2970,341.46775,66781.13998994048
B25119_002,2020,"Middlesex County, Virginia",51119,Owner occupied (dollars),60132,4808,341.46775,70376.50735848407
B25119_003,2020,"Middlesex County, Virginia",51119,Renter occupied (dollars),49655,10868,341.46775,58114.572488617145
B25119_001,2020,"Montgomery County, Virginia",51121,All,59126,2531,341.46775,69199.1181746446
B25119_002,2020,"Montgomery County, Virginia",51121,Owner occupied (dollars),86388,4120,341.46775,101105.66283650504
B25119_003,2020,"Montgomery County, Virginia",51121,Renter occupied (dollars),30084,2626,341.46775,35209.32028491709
B25119_001,2020,"Nelson County, Virginia",51125,All,62203,10320,341.46775,72800.33737809793
B25119_002,2020,"Nelson County, Virginia",51125,Owner occupied (dollars),72310,7541,341.46775,84629.23646464417
B25119_003,2020,"Nelson County, Virginia",51125,Renter occupied (dollars),34948,19287,341.46775,40901.985285111106
B25119_001,2020,"New Kent County, Virginia",51127,All,97688,10453,341.46775,114330.80973251499
B25119_002,2020,"New Kent County, Virginia",51127,Owner occupied (dollars),104545,7526,341.46775,122356.01612773094
B25119_003,2020,"New Kent County, Virginia",51127,Renter occupied (dollars),49871,21369,341.46775,58367.37175671787
B25119_001,2020,"Northampton County, Virginia",51131,All,50819,8343,341.46775,59476.87965560437
B25119_002,2020,"Northampton County, Virginia",51131,Owner occupied (dollars),66833,10455,341.46775,78219.13650451617
B25119_003,2020,"Northampton County, Virginia",51131,Renter occupied (dollars),35101,8446,341.46775,41081.051433349116
B25119_001,2020,"Northumberland County, Virginia",51133,All,59437,6569,341.46775,69563.10230603036
B25119_002,2020,"Northumberland County, Virginia",51133,Owner occupied (dollars),62212,7342,341.46775,72810.87068093545
B25119_003,2020,"Northumberland County, Virginia",51133,Renter occupied (dollars),31240,5285,341.46775,36562.26451604873
B25119_001,2020,"Nottoway County, Virginia",51135,All,49983,5315,341.46775,58498.45285869602
B25119_002,2020,"Nottoway County, Virginia",51135,Owner occupied (dollars),61504,6094,341.46775,71982.25085771643
B25119_003,2020,"Nottoway County, Virginia",51135,Renter occupied (dollars),40577,10313,341.46775,47489.981026495174
B25119_001,2020,"Orange County, Virginia",51137,All,74446,4522,341.46775,87129.14033808463
B25119_002,2020,"Orange County, Virginia",51137,Owner occupied (dollars),83784,6157,341.46775,98058.02721551302
B25119_003,2020,"Orange County, Virginia",51137,Renter occupied (dollars),41827,7652,341.46775,48952.9397539299
B25119_001,2020,"Page County, Virginia",51139,All,51878,3159,341.46775,60716.298289487066
B25119_002,2020,"Page County, Virginia",51139,Owner occupied (dollars),58672,5593,341.46775,68667.77156484031
B25119_003,2020,"Page County, Virginia",51139,Renter occupied (dollars),35285,5634,341.46775,41296.39895802751
B25119_001,2020,"Patrick County, Virginia",51141,All,46941,6316,341.46775,54938.196499610865
B25119_002,2020,"Patrick County, Virginia",51141,Owner occupied (dollars),55568,6507,341.46775,65034.952452874386
B25119_003,2020,"Patrick County, Virginia",51141,Renter occupied (dollars),24571,7788,341.46775,28757.087113438967
B25119_001,2020,"Pittsylvania County, Virginia",51143,All,49520,2158,341.46775,57956.5729460542
B25119_002,2020,"Pittsylvania County, Virginia",51143,Owner occupied (dollars),56143,3043,341.46775,65707.91346749436
B25119_003,2020,"Pittsylvania County, Virginia",51143,Renter occupied (dollars),30295,3199,341.46775,35456.26771810807
B25119_001,2020,"Powhatan County, Virginia",51145,All,93833,5342,341.46775,109819.04501710628
B25119_002,2020,"Powhatan County, Virginia",51145,Owner occupied (dollars),97107,7231,341.46775,113650.82651600333
B25119_003,2020,"Powhatan County, Virginia",51145,Renter occupied (dollars),63893,20027,341.46775,74778.25757758968
B25119_001,2020,"Prince Edward County, Virginia",51147,All,44253,7932,341.46775,51792.25005213523
B25119_002,2020,"Prince Edward County, Virginia",51147,Owner occupied (dollars),59589,6455,341.46775,69740.99808728643
B25119_003,2020,"Prince Edward County, Virginia",51147,Renter occupied (dollars),30223,7917,341.46775,35372.001295407834
B25119_001,2020,"Prince George County, Virginia",51149,All,75123,5629,341.46775,87921.47878486327
B25119_002,2020,"Prince George County, Virginia",51149,Owner occupied (dollars),87851,6396,341.46775,102817.90973109465
B25119_003,2020,"Prince George County, Virginia",51149,Renter occupied (dollars),53431,3759,341.46775,62533.87821245198
B25119_001,2020,"Prince William County, Virginia",51153,All,107707,1639,341.46775,126056.71652464983
B25119_002,2020,"Prince William County, Virginia",51153,Owner occupied (dollars),125937,2294,341.46775,147392.5066055579
B25119_003,2020,"Prince William County, Virginia",51153,Renter occupied (dollars),69492,2200,341.46775,81331.142309515315
B25119_001,2020,"Pulaski County, Virginia",51155,All,53689,2940,341.46775,62835.832893794504
B25119_002,2020,"Pulaski County, Virginia",51155,Owner occupied (dollars),62016,3227,341.46775,72581.47875247369
B25119_003,2020,"Pulaski County, Virginia",51155,Renter occupied (dollars),35917,9900,341.46775,42036.07089061851
B25119_001,2020,"Rappahannock County, Virginia",51157,All,82077,8789,341.46775,96060.21077732816
B25119_002,2020,"Rappahannock County, Virginia",51157,Owner occupied (dollars),92406,19590,341.46775,108148.9313338668
B25119_003,2020,"Rappahannock County, Virginia",51157,Renter occupied (dollars),49405,17834,341.46775,57821.9807431302
B25119_001,2020,"Richmond County, Virginia",51159,All,53298,5454,341.46775,62378.21940385292
B25119_002,2020,"Richmond County, Virginia",51159,Owner occupied (dollars),70661,5936,341.46775,82699.30131141227
B25119_003,2020,"Richmond County, Virginia",51159,Renter occupied (dollars),37573,10876,341.46775,43974.19861272404
B25119_001,2020,"Roanoke County, Virginia",51161,All,70076,1930,341.46775,82014.63662697282
B25119_002,2020,"Roanoke County, Virginia",51161,Owner occupied (dollars),81684,2610,341.46775,95600.25655342267
B25119_003,2020,"Roanoke County, Virginia",51161,Renter occupied (dollars),39887,5688,341.46775,46682.42780895121
B25119_001,2020,"Rockbridge County, Virginia",51163,All,54133,4062,341.46775,63355.47583377932
B25119_002,2020,"Rockbridge County, Virginia",51163,Owner occupied (dollars),59690,4422,341.46775,69859.20515246315
B25119_003,2020,"Rockbridge County, Virginia",51163,Renter occupied (dollars),35363,7588,341.46775,41387.68758261944
B25119_001,2020,"Rockingham County, Virginia",51165,All,64496,2047,341.46775,75483.98886770419
B25119_002,2020,"Rockingham County, Virginia",51165,Owner occupied (dollars),71573,2983,341.46775,83766.67599894865
B25119_003,2020,"Rockingham County, Virginia",51165,Renter occupied (dollars),45939,3567,341.46775,53765.48878369919
B25119_001,2020,"Russell County, Virginia",51167,All,38564,4069,341.46775,45134.03229183429
B25119_002,2020,"Russell County, Virginia",51167,Owner occupied (dollars),44194,4161,341.46775,51723.19840020031
B25119_003,2020,"Russell County, Virginia",51167,Renter occupied (dollars),23083,5470,341.46775,27015.581044300667
B25119_001,2020,"Scott County, Virginia",51169,All,41540,2652,341.46775,48617.044430110895
B25119_002,2020,"Scott County, Virginia",51169,Owner occupied (dollars),45593,2961,341.46775,53360.54180794526
B25119_003,2020,"Scott County, Virginia",51169,Renter occupied (dollars),26250,10728,341.46775,30722.133276129294
B25119_001,2020,"Shenandoah County, Virginia",51171,All,56114,3163,341.46775,65673.97282501787
B25119_002,2020,"Shenandoah County, Virginia",51171,Owner occupied (dollars),65446,4032,341.46775,76595.83750055458
B25119_003,2020,"Shenandoah County, Virginia",51171,Renter occupied (dollars),39349,2517,341.46775,46052.7703726633
B25119_001,2020,"Smyth County, Virginia",51173,All,41088,2716,341.46775,48088.0385542705
B25119_002,2020,"Smyth County, Virginia",51173,Owner occupied (dollars),49112,3555,341.46775,57479.063217419505
B25119_003,2020,"Smyth County, Virginia",51173,Renter occupied (dollars),25369,2712,341.46775,29691.0399650333
B25119_001,2020,"Southampton County, Virginia",51175,All,63034,5660,341.46775,73772.91234009653
B25119_002,2020,"Southampton County, Virginia",51175,Owner occupied (dollars),74899,5026,341.46775,87659.31658090698
B25119_003,2020,"Southampton County, Virginia",51175,Renter occupied (dollars),39799,5044,341.46775,46579.4355145398
B25119_001,2020,"Spotsylvania County, Virginia",51177,All,90913,3066,341.46775,106401.57342981876
B25119_002,2020,"Spotsylvania County, Virginia",51177,Owner occupied (dollars),103417,2949,341.46775,121035.84217209383
B25119_003,2020,"Spotsylvania County, Virginia",51177,Renter occupied (dollars),57708,4587,341.46775,67539.53779424264
B25119_001,2020,"Stafford County, Virginia",51179,All,112247,3806,341.46775,131370.18262269275
B25119_002,2020,"Stafford County, Virginia",51179,Owner occupied (dollars),130941,3848,341.46775,153249.0229832246
B25119_003,2020,"Stafford County, Virginia",51179,Renter occupied (dollars),59481,4623,341.46775,69614.59845323606
B25119_001,2020,"Surry County, Virginia",51181,All,56525,4961,341.46775,66154.99365459841
B25119_002,2020,"Surry County, Virginia",51181,Owner occupied (dollars),71964,15164,341.46775,84224.28948889024
B25119_003,2020,"Surry County, Virginia",51181,Renter occupied (dollars),25909,24220,341.46775,30323.0381352851
B25119_001,2020,"Sussex County, Virginia",51183,All,51701,4106,341.46775,60509.14333368231
B25119_002,2020,"Sussex County, Virginia",51183,Owner occupied (dollars),56133,7268,341.46775,65696.20979767488
B25119_003,2020,"Sussex County, Virginia",51183,Renter occupied (dollars),40893,11144,341.46775,47859.81699279068
B25119_001,2020,"Tazewell County, Virginia",51185,All,42207,3080,341.46775,49397.67920707006
B25119_002,2020,"Tazewell County, Virginia",51185,Owner occupied (dollars),46722,2939,341.46775,54681.8861305643
B25119_003,2020,"Tazewell County, Virginia",51185,Renter occupied (dollars),31828,2414,341.46775,37250.44030143403
B25119_001,2020,"Warren County, Virginia",51187,All,70109,5763,341.46775,82053.2587373771
B25119_002,2020,"Warren County, Virginia",51187,Owner occupied (dollars),81893,6144,341.46775,95844.86325264977
B25119_003,2020,"Warren County, Virginia",51187,Renter occupied (dollars),44901,3622,341.46775,52550.64785643739
B25119_001,2020,"Washington County, Virginia",51191,All,50928,2680,341.46775,59604.44965663667
B25119_002,2020,"Washington County, Virginia",51191,Owner occupied (dollars),56711,3398,341.46775,66372.6819132407
B25119_003,2020,"Washington County, Virginia",51191,Renter occupied (dollars),32217,4755,341.46775,37705.71305741171
B25119_001,2020,"Westmoreland County, Virginia",51193,All,53790,6784,341.46775,62954.03995897123
B25119_002,2020,"Westmoreland County, Virginia",51193,Owner occupied (dollars),63384,8007,341.46775,74182.54078377825
B25119_003,2020,"Westmoreland County, Virginia",51193,Renter occupied (dollars),28378,7107,341.46775,33212.67421371418
B25119_001,2020,"Wise County, Virginia",51195,All,41285,4656,341.46775,48318.60084971421
B25119_002,2020,"Wise County, Virginia",51195,Owner occupied (dollars),50096,3970,341.46775,58630.70432765612
B25119_003,2020,"Wise County, Virginia",51195,Renter occupied (dollars),21418,4940,341.46775,25066.92001935761
B25119_001,2020,"Wythe County, Virginia",51197,All,51639,4880,341.46775,60436.58058080155
B25119_002,2020,"Wythe County, Virginia",51197,Owner occupied (dollars),61077,4731,341.46775,71482.50415642472
B25119_003,2020,"Wythe County, Virginia",51197,Renter occupied (dollars),31396,3686,341.46775,36744.84176523259
B25119_001,2020,"York County, Virginia",51199,All,93356,2997,341.46775,109260.7799667172
B25119_002,2020,"York County, Virginia",51199,Owner occupied (dollars),107201,3722,341.46775,125464.51083178425
B25119_003,2020,"York County, Virginia",51199,Renter occupied (dollars),64889,5493,341.46775,75943.94309160968
B25119_001,2020,"Alexandria city, Virginia",51510,All,102227,2530,341.46775,119643.10546357598
B25119_002,2020,"Alexandria city, Virginia",51510,Owner occupied (dollars),157578,6172,341.46775,184424.0882813677
B25119_003,2020,"Alexandria city, Virginia",51510,Renter occupied (dollars),77552,2731,341.46775,90764.30018401444
B25119_001,2020,"Bristol city, Virginia",51520,All,39679,4383,341.46775,46438.99147670607
B25119_002,2020,"Bristol city, Virginia",51520,Owner occupied (dollars),50945,3903,341.46775,59624.34589532979
B25119_003,2020,"Bristol city, Virginia",51520,Renter occupied (dollars),27064,4961,341.46775,31674.81199943479
B25119_001,2020,"Buena Vista city, Virginia",51530,All,36634,6924,341.46775,42875.22401667507
B25119_002,2020,"Buena Vista city, Virginia",51530,Owner occupied (dollars),37344,13103,341.46775,43706.184573857994
B25119_003,2020,"Buena Vista city, Virginia",51530,Renter occupied (dollars),32500,14204,341.46775,38036.92691330294
B25119_001,2020,"Charlottesville city, Virginia",51540,All,59598,4877,341.46775,69751.53139012396
B25119_002,2020,"Charlottesville city, Virginia",51540,Owner occupied (dollars),96695,7605,341.46775,113168.63531944084
B25119_003,2020,"Charlottesville city, Virginia",51540,Renter occupied (dollars),40966,6371,341.46775,47945.253782472864
B25119_001,2020,"Chesapeake city, Virginia",51550,All,81261,2200,341.46775,95105.19132005877
B25119_002,2020,"Chesapeake city, Virginia",51550,Owner occupied (dollars),97154,3196,341.46775,113705.83376415487
B25119_003,2020,"Chesapeake city, Virginia",51550,Renter occupied (dollars),46268,2717,341.46775,54150.53952076001
B25119_001,2020,"Colonial Heights city, Virginia",51570,All,60522,5888,341.46775,70832.9504814437
B25119_002,2020,"Colonial Heights city, Virginia",51570,Owner occupied (dollars),77723,4300,341.46775,90964.43293792752
B25119_003,2020,"Colonial Heights city, Virginia",51570,Renter occupied (dollars),33949,3277,341.46775,39732.78867014527
B25119_001,2020,"Covington city, Virginia",51580,All,41024,4817,341.46775,48013.135067425836
B25119_002,2020,"Covington city, Virginia",51580,Owner occupied (dollars),43487,6596,341.46775,50895.748943963226
B25119_003,2020,"Covington city, Virginia",51580,Renter occupied (dollars),30500,13836,341.46775,35696.19294940737
B25119_001,2020,"Danville city, Virginia",51590,All,37147,2784,341.46775,43475.62227841428
B25119_002,2020,"Danville city, Virginia",51590,Owner occupied (dollars),46453,4354,341.46775,54367.05741242035
B25119_003,2020,"Danville city, Virginia",51590,Renter occupied (dollars),27140,2459,341.46775,31763.75989006282
B25119_001,2020,"Emporia city, Virginia",51595,All,30058,6086,341.46775,35178.89074338645
B25119_002,2020,"Emporia city, Virginia",51595,Owner occupied (dollars),52833,26651,341.46775,61833.9987572472
B25119_003,2020,"Emporia city, Virginia",51595,Renter occupied (dollars),24104,3614,341.46775,28210.52573286935
B25119_001,2020,"Fairfax city, Virginia",51600,All,109708,10496,341.46775,128398.62085552733
B25119_002,2020,"Fairfax city, Virginia",51600,Owner occupied (dollars),142526,12976,341.46775,166807.72446908968
B25119_003,2020,"Fairfax city, Virginia",51600,Renter occupied (dollars),63750,13773,341.46775,74610.89509917115
B25119_001,2020,"Falls Church city, Virginia",51610,All,146922,10939,341.46775,171952.65772173213
B25119_002,2020,"Falls Church city, Virginia",51610,Owner occupied (dollars),182217,13931,341.46775,213260.76034957913
B25119_003,2020,"Falls Church city, Virginia",51610,Renter occupied (dollars),102713,5856,341.46775,120211.9038168026
B25119_001,2020,"Franklin city, Virginia",51620,All,49811,5437,341.46775,58297.149737801
B25119_002,2020,"Franklin city, Virginia",51620,Owner occupied (dollars),66625,13020,341.46775,77975.70017227103
B25119_003,2020,"Franklin city, Virginia",51620,Renter occupied (dollars),26991,4895,341.46775,31589.3752097526
B25119_001,2020,"Fredericksburg city, Virginia",51630,All,69528,6038,341.46775,81373.27552086543
B25119_002,2020,"Fredericksburg city, Virginia",51630,Owner occupied (dollars),126375,15714,341.46775,147905.12734365102
B25119_003,2020,"Fredericksburg city, Virginia",51630,Renter occupied (dollars),51706,2968,341.46775,60514.99516859205
B25119_001,2020,"Galax city, Virginia",51640,All,35184,4709,341.46775,41178.19189285079
B25119_002,2020,"Galax city, Virginia",51640,Owner occupied (dollars),45833,11082,341.46775,53641.42988361272
B25119_003,2020,"Galax city, Virginia",51640,Renter occupied (dollars),18819,8513,341.46775,22025.136233275323
B25119_001,2020,"Hampton city, Virginia",51650,All,57041,2127,341.46775,66758.90301728348
B25119_002,2020,"Hampton city, Virginia",51650,Owner occupied (dollars),73530,3276,341.46775,86057.08418262046
B25119_003,2020,"Hampton city, Virginia",51650,Renter occupied (dollars),40508,2145,341.46775,47409.22570474078
B25119_001,2020,"Harrisonburg city, Virginia",51660,All,49117,2123,341.46775,57484.91505232924
B25119_002,2020,"Harrisonburg city, Virginia",51660,Owner occupied (dollars),75412,6250,341.46775,88259.71484264618
B25119_003,2020,"Harrisonburg city, Virginia",51660,Renter occupied (dollars),34608,3354,341.46775,40504.06051124886
B25119_001,2020,"Hopewell city, Virginia",51670,All,43262,3530,341.46775,50632.41637302497
B25119_002,2020,"Hopewell city, Virginia",51670,Owner occupied (dollars),60127,5830,341.46775,70370.65552357433
B25119_003,2020,"Hopewell city, Virginia",51670,Renter occupied (dollars),30852,4101,341.46775,36108.162127052994
B25119_001,2020,"Lexington city, Virginia",51678,All,50714,16894,341.46775,59353.99112249985
B25119_002,2020,"Lexington city, Virginia",51678,Owner occupied (dollars),69833,13678,341.46775,81730.2374503595
B25119_003,2020,"Lexington city, Virginia",51678,Renter occupied (dollars),26169,18591,341.46775,30627.333550591524
B25119_001,2020,"Lynchburg city, Virginia",51680,All,49201,1690,341.46775,57583.22587881285
B25119_002,2020,"Lynchburg city, Virginia",51680,Owner occupied (dollars),69019,4069,341.46775,80777.55872705401
B25119_003,2020,"Lynchburg city, Virginia",51680,Renter occupied (dollars),35554,2838,341.46775,41611.22767617147
B25119_001,2020,"Manassas city, Virginia",51683,All,86227,3359,341.46775,100917.23375241146
B25119_002,2020,"Manassas city, Virginia",51683,Owner occupied (dollars),107732,4988,341.46775,126085.97569919852
B25119_003,2020,"Manassas city, Virginia",51683,Renter occupied (dollars),51966,4189,341.46775,60819.29058389847
B25119_001,2020,"Manassas Park city, Virginia",51685,All,81639,11805,341.46775,95547.59003923503
B25119_002,2020,"Manassas Park city, Virginia",51685,Owner occupied (dollars),110172,13568,341.46775,128941.6711351511
B25119_003,2020,"Manassas Park city, Virginia",51685,Renter occupied (dollars),59394,6776,341.46775,69512.7765258066
B25119_001,2020,"Martinsville city, Virginia",51690,All,36166,4646,341.46775,42327.492269123504
B25119_002,2020,"Martinsville city, Virginia",51690,Owner occupied (dollars),50657,3568,341.46775,59287.280204528826
B25119_003,2020,"Martinsville city, Virginia",51690,Renter occupied (dollars),28372,5870,341.46775,33205.65201182249
B25119_001,2020,"Newport News city, Virginia",51700,All,54511,1746,341.46775,63797.87455295558
B25119_002,2020,"Newport News city, Virginia",51700,Owner occupied (dollars),74496,2493,341.46775,87187.65868718202
B25119_003,2020,"Newport News city, Virginia",51700,Renter occupied (dollars),40848,1458,341.46775,47807.15047860303
B25119_001,2020,"Norfolk city, Virginia",51710,All,53026,1033,341.46775,62059.879584763126
B25119_002,2020,"Norfolk city, Virginia",51710,Owner occupied (dollars),77117,1505,341.46775,90255.19054686716
B25119_003,2020,"Norfolk city, Virginia",51710,Renter occupied (dollars),38322,1788,341.46775,44850.80348220293
B25119_001,2020,"Norton city, Virginia",51720,All,30518,11320,341.46775,35717.25955508243
B25119_002,2020,"Norton city, Virginia",51720,Owner occupied (dollars),57500,17073,341.46775,67296.1014619975
B25119_003,2020,"Norton city, Virginia",51720,Renter occupied (dollars),11857,1956,341.46775,13877.041304954859
B25119_001,2020,"Petersburg city, Virginia",51730,All,43029,2641,341.46775,50359.72086623114
B25119_002,2020,"Petersburg city, Virginia",51730,Owner occupied (dollars),52403,5320,341.46775,61330.740955009656
B25119_003,2020,"Petersburg city, Virginia",51730,Renter occupied (dollars),38580,3013,341.46775,45152.758163545455
B25119_001,2020,"Poquoson city, Virginia",51735,All,100696,6185,341.46775,117851.27361421392
B25119_002,2020,"Poquoson city, Virginia",51735,Owner occupied (dollars),111786,8929,341.46775,130830.64344401483
B25119_003,2020,"Poquoson city, Virginia",51735,Renter occupied (dollars),77449,12028,341.46775,90643.75238487382
B25119_001,2020,"Portsmouth city, Virginia",51740,All,53213,1956,341.46775,62278.73821038736
B25119_002,2020,"Portsmouth city, Virginia",51740,Owner occupied (dollars),68152,2937,341.46775,79762.85055370528
B25119_003,2020,"Portsmouth city, Virginia",51740,Renter occupied (dollars),36480,1994,341.46775,42694.987501455114
B25119_001,2020,"Radford city, Virginia",51750,All,34576,5609,341.46775,40466.60876782653
B25119_002,2020,"Radford city, Virginia",51750,Owner occupied (dollars),61447,18089,341.46775,71915.5399397454
B25119_003,2020,"Radford city, Virginia",51750,Renter occupied (dollars),19449,2739,341.46775,22762.467431902423
B25119_001,2020,"Richmond city, Virginia",51760,All,51421,1853,341.46775,60181.44057873693
B25119_002,2020,"Richmond city, Virginia",51760,Owner occupied (dollars),79858,2999,341.46775,93463.16644438602
B25119_003,2020,"Richmond city, Virginia",51760,Renter occupied (dollars),36249,1249,341.46775,42424.632728625176
B25119_001,2020,"Roanoke city, Virginia",51770,All,45664,1641,341.46775,53443.63786366355
B25119_002,2020,"Roanoke city, Virginia",51770,Owner occupied (dollars),59324,2861,341.46775,69430.85083707026
B25119_003,2020,"Roanoke city, Virginia",51770,Renter occupied (dollars),30800,2941,341.46775,36047.303043991706
B25119_001,2020,"Salem city, Virginia",51775,All,63411,5173,341.46775,74214.14069229085
B25119_002,2020,"Salem city, Virginia",51775,Owner occupied (dollars),78760,4399,341.46775,92178.10349820736
B25119_003,2020,"Salem city, Virginia",51775,Renter occupied (dollars),41778,5494,341.46775,48895.59177181446
B25119_001,2020,"Staunton city, Virginia",51790,All,52292,3116,341.46775,61200.83022001345
B25119_002,2020,"Staunton city, Virginia",51790,Owner occupied (dollars),71517,4641,341.46775,83701.13544795958
B25119_003,2020,"Staunton city, Virginia",51790,Renter occupied (dollars),36756,3034,341.46775,43018.008788472696
B25119_001,2020,"Suffolk city, Virginia",51800,All,79899,3566,341.46775,93511.15149064589
B25119_002,2020,"Suffolk city, Virginia",51800,Owner occupied (dollars),97129,3372,341.46775,113676.57458960619
B25119_003,2020,"Suffolk city, Virginia",51800,Renter occupied (dollars),45381,4065,341.46775,53112.42400777232
B25119_001,2020,"Virginia Beach city, Virginia",51810,All,78136,1419,341.46775,91447.79450147194
B25119_002,2020,"Virginia Beach city, Virginia",51810,Owner occupied (dollars),94183,1941,341.46775,110228.67346078802
B25119_003,2020,"Virginia Beach city, Virginia",51810,Renter occupied (dollars),56562,1822,341.46775,66198.29723293048
B25119_001,2020,"Waynesboro city, Virginia",51820,All,43480,3487,341.46775,50887.55637508959
B25119_002,2020,"Waynesboro city, Virginia",51820,Owner occupied (dollars),64541,8325,341.46775,75536.65538189185
B25119_003,2020,"Waynesboro city, Virginia",51820,Renter occupied (dollars),27078,3651,341.46775,31691.19713718206
B25119_001,2020,"Williamsburg city, Virginia",51830,All,59288,5801,341.46775,69388.71762572014
B25119_002,2020,"Williamsburg city, Virginia",51830,Owner occupied (dollars),93108,12065,341.46775,108970.52895519415
B25119_003,2020,"Williamsburg city, Virginia",51830,Renter occupied (dollars),37429,5992,341.46775,43805.66576732356
B25119_001,2020,"Winchester city, Virginia",51840,All,61102,4170,341.46775,71511.76333097342
B25119_002,2020,"Winchester city, Virginia",51840,Owner occupied (dollars),89883,8224,341.46775,105196.09543841255
B25119_003,2020,"Winchester city, Virginia",51840,Renter occupied (dollars),46455,2554,341.46775,54369.39814638424
B25119_001,2021,"Accomack County, Virginia",51001,All,50601,5803,349.13466666666665,57921.24392473201
B25119_002,2021,"Accomack County, Virginia",51001,Owner occupied (dollars),61144,3330,349.13466666666665,69989.45749162692
B25119_003,2021,"Accomack County, Virginia",51001,Renter occupied (dollars),33986,5048,349.13466666666665,38902.618446788445
B25119_001,2021,"Albemarle County, Virginia",51003,All,90568,3359,349.13466666666665,103670.10967718283
B25119_002,2021,"Albemarle County, Virginia",51003,Owner occupied (dollars),111407,3615,349.13466666666665,127523.8043106385
B25119_003,2021,"Albemarle County, Virginia",51003,Renter occupied (dollars),58240,3145,349.13466666666665,66665.34744721235
B25119_001,2021,"Alleghany County, Virginia",51005,All,49705,5345,349.13466666666665,56895.6231947749
B25119_002,2021,"Alleghany County, Virginia",51005,Owner occupied (dollars),54512,4923,349.13466666666665,62398.03262435508
B25119_003,2021,"Alleghany County, Virginia",51005,Renter occupied (dollars),21696,6967,349.13466666666665,24834.673389675812
B25119_001,2021,"Amelia County, Virginia",51007,All,57420,10638,349.13466666666665,65726.72133274267
B25119_002,2021,"Amelia County, Virginia",51007,Owner occupied (dollars),58382,13560,349.13466666666665,66827.89001825466
B25119_003,2021,"Amelia County, Virginia",51007,Renter occupied (dollars),47174,26269,349.13466666666665,53998.4735658447
B25119_001,2021,"Amherst County, Virginia",51009,All,60876,3561,349.13466666666665,69682.68700543439
B25119_002,2021,"Amherst County, Virginia",51009,Owner occupied (dollars),71309,4924,349.13466666666665,81624.98731307118
B25119_003,2021,"Amherst County, Virginia",51009,Renter occupied (dollars),32120,5926,349.13466666666665,36766.67170337329
B25119_001,2021,"Appomattox County, Virginia",51011,All,55268,5351,349.13466666666665,63263.400115256394
B25119_002,2021,"Appomattox County, Virginia",51011,Owner occupied (dollars),63000,7743,349.13466666666665,72113.95757510951
B25119_003,2021,"Appomattox County, Virginia",51011,Renter occupied (dollars),31798,5374,349.13466666666665,36398.08925354496
B25119_001,2021,"Arlington County, Virginia",51013,All,128145,2836,349.13466666666665,146683.22370575252
B25119_002,2021,"Arlington County, Virginia",51013,Owner occupied (dollars),182940,5208,349.13466666666665,209405.19680619898
B25119_003,2021,"Arlington County, Virginia",51013,Renter occupied (dollars),97874,2327,349.13466666666665,112033.03942390902
B25119_001,2021,"Augusta County, Virginia",51015,All,69082,2561,349.13466666666665,79075.81614609073
B25119_002,2021,"Augusta County, Virginia",51015,Owner occupied (dollars),75829,3791,349.13466666666665,86798.87760258697
B25119_003,2021,"Augusta County, Virginia",51015,Renter occupied (dollars),42218,4201,349.13466666666665,48325.50890326942
B25119_001,2021,"Bath County, Virginia",51017,All,55807,13393,349.13466666666665,63880.37508562122
B25119_002,2021,"Bath County, Virginia",51017,Owner occupied (dollars),70434,5435,349.13466666666665,80623.40456897244
B25119_003,2021,"Bath County, Virginia",51017,Renter occupied (dollars),33404,8360,349.13466666666665,38236.422838713625
B25119_001,2021,"Bedford County, Virginia",51019,All,70870,3382,349.13466666666665,81122.47894203193
B25119_002,2021,"Bedford County, Virginia",51019,Owner occupied (dollars),77888,2155,349.13466666666665,89155.74488270047
B25119_003,2021,"Bedford County, Virginia",51019,Renter occupied (dollars),38750,3762,349.13466666666665,44355.80723865863
B25119_001,2021,"Bland County, Virginia",51021,All,54556,5027,349.13466666666665,62448.39792805833
B25119_002,2021,"Bland County, Virginia",51021,Owner occupied (dollars),58008,5505,349.13466666666665,66399.784936777025
B25119_003,2021,"Bland County, Virginia",51021,Renter occupied (dollars),24447,22858,349.13466666666665,27983.64953712226
B25119_001,2021,"Botetourt County, Virginia",51023,All,72941,4207,349.13466666666665,83493.0822140645
B25119_002,2021,"Botetourt County, Virginia",51023,Owner occupied (dollars),77936,4432,349.13466666666665,89210.688850376755
B25119_003,2021,"Botetourt County, Virginia",51023,Renter occupied (dollars),49950,9374,349.13466666666665,57176.06636312255
B25119_001,2021,"Brunswick County, Virginia",51025,All,49597,3887,349.13466666666665,56771.999267503284
B25119_002,2021,"Brunswick County, Virginia",51025,Owner occupied (dollars),55189,4439,349.13466666666665,63172.971501789194
B25119_003,2021,"Brunswick County, Virginia",51025,Renter occupied (dollars),23830,8085,349.13466666666665,27277.390619283487
B25119_001,2021,"Buchanan County, Virginia",51027,All,37093,4611,349.13466666666665,42459.09568783393
B25119_002,2021,"Buchanan County, Virginia",51027,Owner occupied (dollars),41354,4505,349.13466666666665,47336.51748509649
B25119_003,2021,"Buchanan County, Virginia",51027,Renter occupied (dollars),21772,3529,349.13466666666665,24921.668005163243
B25119_001,2021,"Buckingham County, Virginia",51029,All,49841,5835,349.13466666666665,57051.29776985767
B25119_002,2021,"Buckingham County, Virginia",51029,Owner occupied (dollars),58214,8158,349.13466666666665,66635.58613138771
B25119_003,2021,"Buckingham County, Virginia",51029,Renter occupied (dollars),30000,9740,349.13466666666665,34339.9797976712
B25119_001,2021,"Campbell County, Virginia",51031,All,53918,1851,349.13466666666665,61718.10102436119
B25119_002,2021,"Campbell County, Virginia",51031,Owner occupied (dollars),61765,4777,349.13466666666665,70700.29507343871
B25119_003,2021,"Campbell County, Virginia",51031,Renter occupied (dollars),40099,6235,349.13466666666665,45899.96166356058
B25119_001,2021,"Caroline County, Virginia",51033,All,76528,5600,349.13466666666665,87598.99913187271
B25119_002,2021,"Caroline County, Virginia",51033,Owner occupied (dollars),86519,5210,349.13466666666665,99035.35707049049
B25119_003,2021,"Caroline County, Virginia",51033,Renter occupied (dollars),43079,7720,349.13466666666665,49311.06632346258
B25119_001,2021,"Carroll County, Virginia",51035,All,45220,3266,349.13466666666665,51761.79621502305
B25119_002,2021,"Carroll County, Virginia",51035,Owner occupied (dollars),47975,3425,349.13466666666665,54915.35102644253
B25119_003,2021,"Carroll County, Virginia",51035,Renter occupied (dollars),30417,8081,349.13466666666665,34817.305516858825
B25119_001,2021,"Charles City County, Virginia",51036,All,59543,3173,349.13466666666665,68156.84723642454
B25119_002,2021,"Charles City County, Virginia",51036,Owner occupied (dollars),66893,6651,349.13466666666665,76570.14228685398
B25119_003,2021,"Charles City County, Virginia",51036,Renter occupied (dollars),25547,9014,349.13466666666665,29242.782129703537
B25119_001,2021,"Charlotte County, Virginia",51037,All,45567,5360,349.13466666666665,52158.99531468278
B25119_002,2021,"Charlotte County, Virginia",51037,Owner occupied (dollars),57214,8685,349.13466666666665,65490.920138132
B25119_003,2021,"Charlotte County, Virginia",51037,Renter occupied (dollars),24611,6193,349.13466666666665,28171.374760016195
B25119_001,2021,"Chesterfield County, Virginia",51041,All,88315,1599,349.13466666666665,101091.17719437773
B25119_002,2021,"Chesterfield County, Virginia",51041,Owner occupied (dollars),100969,1448,349.13466666666665,115575.78067303544
B25119_003,2021,"Chesterfield County, Virginia",51041,Renter occupied (dollars),55283,2850,349.13466666666665,63280.57010515523
B25119_001,2021,"Clarke County, Virginia",51043,All,86633,13266,349.13466666666665,99165.84899372164
B25119_002,2021,"Clarke County, Virginia",51043,Owner occupied (dollars),108431,8525,349.13466666666665,124117.27831470952
B25119_003,2021,"Clarke County, Virginia",51043,Renter occupied (dollars),40528,8573,349.13466666666665,46391.023374667275
B25119_001,2021,"Craig County, Virginia",51045,All,60283,19100,349.13466666666665,69003.90007143376
B25119_002,2021,"Craig County, Virginia",51045,Owner occupied (dollars),60717,14413,349.13466666666665,69500.68511250673
B25119_003,2021,"Craig County, Virginia",51045,Renter occupied (dollars),NA,NA,349.13466666666665,NA
B25119_001,2021,"Culpeper County, Virginia",51047,All,85274,5034,349.13466666666665,97610.24790888712
B25119_002,2021,"Culpeper County, Virginia",51047,Owner occupied (dollars),100856,5117,349.13466666666665,115446.43341579755
B25119_003,2021,"Culpeper County, Virginia",51047,Renter occupied (dollars),54184,5433,349.13466666666665,62022.58217856721
B25119_001,2021,"Cumberland County, Virginia",51049,All,57568,7018,349.13466666666665,65896.13189974452
B25119_002,2021,"Cumberland County, Virginia",51049,Owner occupied (dollars),62471,10614,349.13466666666665,71508.42926467725
B25119_003,2021,"Cumberland County, Virginia",51049,Renter occupied (dollars),37129,6379,349.13466666666665,42500.303663591134
B25119_001,2021,"Dickenson County, Virginia",51051,All,33905,3385,349.13466666666665,38809.900501334734
B25119_002,2021,"Dickenson County, Virginia",51051,Owner occupied (dollars),39790,4625,349.13466666666665,45546.259871644565
B25119_003,2021,"Dickenson County, Virginia",51051,Renter occupied (dollars),19950,4124,349.13466666666665,22836.086565451347
B25119_001,2021,"Dinwiddie County, Virginia",51053,All,68918,6684,349.13466666666665,78888.09092319678
B25119_002,2021,"Dinwiddie County, Virginia",51053,Owner occupied (dollars),76710,4069,349.13466666666665,87807.32834264525
B25119_003,2021,"Dinwiddie County, Virginia",51053,Renter occupied (dollars),42097,11827,349.13466666666665,48187.004318085485
B25119_001,2021,"Essex County, Virginia",51057,All,54375,6628,349.13466666666665,62241.21338327905
B25119_002,2021,"Essex County, Virginia",51057,Owner occupied (dollars),64291,12466,349.13466666666665,73591.72137240264
B25119_003,2021,"Essex County, Virginia",51057,Renter occupied (dollars),34940,4020,349.13466666666665,39994.62980435439
B25119_001,2021,"Fairfax County, Virginia",51059,All,133974,1433,349.13466666666665,153355.48178044005
B25119_002,2021,"Fairfax County, Virginia",51059,Owner occupied (dollars),163189,1651,349.13466666666665,186796.8987734055
B25119_003,2021,"Fairfax County, Virginia",51059,Renter occupied (dollars),84434,1646,349.13466666666665,96648.72847455234
B25119_001,2021,"Fauquier County, Virginia",51061,All,111368,5595,349.13466666666665,127479.16233690153
B25119_002,2021,"Fauquier County, Virginia",51061,Owner occupied (dollars),128599,4962,349.13466666666665,147202.9020666906
B25119_003,2021,"Fauquier County, Virginia",51061,Renter occupied (dollars),69006,9740,349.13466666666665,78988.8215306033
B25119_001,2021,"Floyd County, Virginia",51063,All,51612,4430,349.13466666666665,59078.50124391353
B25119_002,2021,"Floyd County, Virginia",51063,Owner occupied (dollars),53402,6256,349.13466666666665,61127.45337184124
B25119_003,2021,"Floyd County, Virginia",51063,Renter occupied (dollars),38390,2902,349.13466666666665,43943.72748108658
B25119_001,2021,"Fluvanna County, Virginia",51065,All,82983,5151,349.13466666666665,94987.8181183383
B25119_002,2021,"Fluvanna County, Virginia",51065,Owner occupied (dollars),87946,5394,349.13466666666665,100668.79544286638
B25119_003,2021,"Fluvanna County, Virginia",51065,Renter occupied (dollars),48214,8874,349.13466666666665,55188.92619883064
B25119_001,2021,"Franklin County, Virginia",51067,All,59667,3346,349.13466666666665,68298.78581958824
B25119_002,2021,"Franklin County, Virginia",51067,Owner occupied (dollars),67226,4307,349.13466666666665,76951.31606260814
B25119_003,2021,"Franklin County, Virginia",51067,Renter occupied (dollars),35744,8029,349.13466666666665,40914.94126293198
B25119_001,2021,"Frederick County, Virginia",51069,All,84317,3373,349.13466666666665,96514.80255334142
B25119_002,2021,"Frederick County, Virginia",51069,Owner occupied (dollars),95367,4031,349.13466666666665,109163.36177881698
B25119_003,2021,"Frederick County, Virginia",51069,Renter occupied (dollars),54188,5794,349.13466666666665,62027.16084254023
B25119_001,2021,"Giles County, Virginia",51071,All,57911,3340,349.13466666666665,66288.75233543123
B25119_002,2021,"Giles County, Virginia",51071,Owner occupied (dollars),60755,2637,349.13466666666665,69544.18242025045
B25119_003,2021,"Giles County, Virginia",51071,Renter occupied (dollars),40800,14921,349.13466666666665,46702.37252483283
B25119_001,2021,"Gloucester County, Virginia",51073,All,77733,4866,349.13466666666665,88978.32165374584
B25119_002,2021,"Gloucester County, Virginia",51073,Owner occupied (dollars),86585,7628,349.13466666666665,99110.90502604535
B25119_003,2021,"Gloucester County, Virginia",51073,Renter occupied (dollars),44861,9792,349.13466666666665,51350.86112344426
B25119_001,2021,"Goochland County, Virginia",51075,All,100517,7123,349.13466666666665,115058.39164408387
B25119_002,2021,"Goochland County, Virginia",51075,Owner occupied (dollars),108356,12154,349.13466666666665,124031.42836521534
B25119_003,2021,"Goochland County, Virginia",51075,Renter occupied (dollars),58791,14147,349.13466666666665,67296.05840949625
B25119_001,2021,"Grayson County, Virginia",51077,All,43022,3737,349.13466666666665,49245.82036184701
B25119_002,2021,"Grayson County, Virginia",51077,Owner occupied (dollars),46962,3285,349.13466666666665,53755.80437527449
B25119_003,2021,"Grayson County, Virginia",51077,Renter occupied (dollars),29806,4783,349.13466666666665,34117.91459497959
B25119_001,2021,"Greene County, Virginia",51079,All,73844,5756,349.13466666666665,84526.7156059744
B25119_002,2021,"Greene County, Virginia",51079,Owner occupied (dollars),79685,8112,349.13466666666665,91212.70967258098
B25119_003,2021,"Greene County, Virginia",51079,Renter occupied (dollars),62608,8998,349.13466666666665,71665.24850575328
B25119_001,2021,"Greensville County, Virginia",51081,All,53063,6883,349.13466666666665,60739.41160012756
B25119_002,2021,"Greensville County, Virginia",51081,Owner occupied (dollars),57891,10002,349.13466666666665,66265.85901556611
B25119_003,2021,"Greensville County, Virginia",51081,Renter occupied (dollars),39028,22753,349.13466666666665,44674.02438478372
B25119_001,2021,"Halifax County, Virginia",51083,All,45962,2305,349.13466666666665,52611.138382018784
B25119_002,2021,"Halifax County, Virginia",51083,Owner occupied (dollars),52132,3284,349.13466666666665,59673.7275604065
B25119_003,2021,"Halifax County, Virginia",51083,Renter occupied (dollars),27638,2372,349.13466666666665,31636.27872160122
B25119_001,2021,"Hanover County, Virginia",51085,All,96911,2936,349.13466666666665,110930.72607240378
B25119_002,2021,"Hanover County, Virginia",51085,Owner occupied (dollars),105662,4252,349.13466666666665,120947.69817938448
B25119_003,2021,"Hanover County, Virginia",51085,Renter occupied (dollars),53647,4967,349.13466666666665,61407.89654018889
B25119_001,2021,"Henrico County, Virginia",51087,All,76345,1353,349.13466666666665,87389.52525510693
B25119_002,2021,"Henrico County, Virginia",51087,Owner occupied (dollars),99578,2924,349.13466666666665,113983.55027641675
B25119_003,2021,"Henrico County, Virginia",51087,Renter occupied (dollars),51351,1603,349.13466666666665,58779.74341967379
B25119_001,2021,"Henry County, Virginia",51089,All,41103,2000,349.13466666666665,47049.20632078931
B25119_002,2021,"Henry County, Virginia",51089,Owner occupied (dollars),47652,3975,349.13466666666665,54545.62391062093
B25119_003,2021,"Henry County, Virginia",51089,Renter occupied (dollars),28278,2557,349.13466666666665,32368.86495728487
B25119_001,2021,"Highland County, Virginia",51091,All,52901,4671,349.13466666666665,60553.97570922013
B25119_002,2021,"Highland County, Virginia",51091,Owner occupied (dollars),55260,4906,349.13466666666665,63254.242787310344
B25119_003,2021,"Highland County, Virginia",51091,Renter occupied (dollars),30625,13463,349.13466666666665,35055.396043456014
B25119_001,2021,"Isle of Wight County, Virginia",51093,All,84673,3779,349.13466666666665,96922.30364694045
B25119_002,2021,"Isle of Wight County, Virginia",51093,Owner occupied (dollars),97410,4539,349.13466666666665,111501.91440303838
B25119_003,2021,"Isle of Wight County, Virginia",51093,Renter occupied (dollars),37938,8324,349.13466666666665,43426.338452134994
B25119_001,2021,"James City County, Virginia",51095,All,94907,4180,349.13466666666665,108636.81542191935
B25119_002,2021,"James City County, Virginia",51095,Owner occupied (dollars),107145,4292,349.13466666666665,122645.23784738268
B25119_003,2021,"James City County, Virginia",51095,Renter occupied (dollars),53279,7107,349.13466666666665,60986.65945467079
B25119_001,2021,"King and Queen County, Virginia",51097,All,61672,15795,349.13466666666665,70593.84113606594
B25119_002,2021,"King and Queen County, Virginia",51097,Owner occupied (dollars),69583,17288,349.13466666666665,79649.29380871184
B25119_003,2021,"King and Queen County, Virginia",51097,Renter occupied (dollars),45839,10862,349.13466666666665,52470.344464848335
B25119_001,2021,"King George County, Virginia",51099,All,101599,7080,349.13466666666665,116296.92024878654
B25119_002,2021,"King George County, Virginia",51099,Owner occupied (dollars),115802,7497,349.13466666666665,132554.61135099735
B25119_003,2021,"King George County, Virginia",51099,Renter occupied (dollars),55565,4534,349.13466666666665,63603.36591525334
B25119_001,2021,"King William County, Virginia",51101,All,74592,7261,349.13466666666665,85382.92576892966
B25119_002,2021,"King William County, Virginia",51101,Owner occupied (dollars),80850,6119,349.13466666666665,92546.24555472388
B25119_003,2021,"King William County, Virginia",51101,Renter occupied (dollars),39265,7570,349.13466666666665,44945.31022518532
B25119_001,2021,"Lancaster County, Virginia",51103,All,64460,8707,349.13466666666665,73785.16992526285
B25119_002,2021,"Lancaster County, Virginia",51103,Owner occupied (dollars),73864,3485,349.13466666666665,84549.60892583951
B25119_003,2021,"Lancaster County, Virginia",51103,Renter occupied (dollars),40147,6095,349.13466666666665,45954.905631236856
B25119_001,2021,"Lee County, Virginia",51105,All,37574,4430,349.13466666666665,43009.68003058992
B25119_002,2021,"Lee County, Virginia",51105,Owner occupied (dollars),48353,6668,349.13466666666665,55348.03477189318
B25119_003,2021,"Lee County, Virginia",51105,Renter occupied (dollars),18496,2478,349.13466666666665,21171.742211257548
B25119_001,2021,"Loudoun County, Virginia",51107,All,156821,2662,349.13466666666665,179507.66572835317
B25119_002,2021,"Loudoun County, Virginia",51107,Owner occupied (dollars),178324,2818,349.13466666666665,204121.41858133062
B25119_003,2021,"Loudoun County, Virginia",51107,Renter occupied (dollars),86194,4476,349.13466666666665,98663.34062268237
B25119_001,2021,"Louisa County, Virginia",51109,All,70974,4532,349.13466666666665,81241.52420533053
B25119_002,2021,"Louisa County, Virginia",51109,Owner occupied (dollars),82558,4330,349.13466666666665,94501.33507120462
B25119_003,2021,"Louisa County, Virginia",51109,Renter occupied (dollars),37094,6307,349.13466666666665,42460.24035382718
B25119_001,2021,"Lunenburg County, Virginia",51111,All,47269,6626,349.13466666666665,54107.216835203995
B25119_002,2021,"Lunenburg County, Virginia",51111,Owner occupied (dollars),56750,8695,349.13466666666665,64959.795117261354
B25119_003,2021,"Lunenburg County, Virginia",51111,Renter occupied (dollars),36481,7229,349.13466666666665,41758.56009996143
B25119_001,2021,"Madison County, Virginia",51113,All,72349,6883,349.13466666666665,82815.43994605711
B25119_002,2021,"Madison County, Virginia",51113,Owner occupied (dollars),82035,9832,349.13466666666665,93902.6747567319
B25119_003,2021,"Madison County, Virginia",51113,Renter occupied (dollars),39681,9565,349.13466666666665,45421.4912783797
B25119_001,2021,"Mathews County, Virginia",51115,All,73229,13658,349.13466666666665,83822.74602012214
B25119_002,2021,"Mathews County, Virginia",51115,Owner occupied (dollars),81505,13591,349.13466666666665,93296.00178030637
B25119_003,2021,"Mathews County, Virginia",51115,Renter occupied (dollars),44318,23693,349.13466666666665,50729.3074891064
B25119_001,2021,"Mecklenburg County, Virginia",51117,All,46378,3677,349.13466666666665,53087.31943521316
B25119_002,2021,"Mecklenburg County, Virginia",51117,Owner occupied (dollars),58872,4549,349.13466666666665,67388.77635494997
B25119_003,2021,"Mecklenburg County, Virginia",51117,Renter occupied (dollars),23674,5488,349.13466666666665,27098.822724335598
B25119_001,2021,"Middlesex County, Virginia",51119,All,63782,7152,349.13466666666665,73009.08638183548
B25119_002,2021,"Middlesex County, Virginia",51119,Owner occupied (dollars),67123,10051,349.13466666666665,76833.4154653028
B25119_003,2021,"Middlesex County, Virginia",51119,Renter occupied (dollars),50185,11327,349.13466666666665,57445.06287153764
B25119_001,2021,"Montgomery County, Virginia",51121,All,60666,2757,349.13466666666665,69442.3071468507
B25119_002,2021,"Montgomery County, Virginia",51121,Owner occupied (dollars),88351,3942,349.13466666666665,101132.38517013493
B25119_003,2021,"Montgomery County, Virginia",51121,Renter occupied (dollars),32010,2843,349.13466666666665,36640.75844411517
B25119_001,2021,"Nelson County, Virginia",51125,All,67707,12136,349.13466666666665,77501.90040536413
B25119_002,2021,"Nelson County, Virginia",51125,Owner occupied (dollars),74991,13117,349.13466666666665,85839.6475002387
B25119_003,2021,"Nelson County, Virginia",51125,Renter occupied (dollars),43712,12260,349.13466666666665,50035.63989719345
B25119_001,2021,"New Kent County, Virginia",51127,All,101628,8239,349.13466666666665,116330.11556259095
B25119_002,2021,"New Kent County, Virginia",51127,Owner occupied (dollars),108732,8530,349.13466666666665,124461.82277867949
B25119_003,2021,"New Kent County, Virginia",51127,Renter occupied (dollars),56389,18308,349.13466666666665,64546.57069369604
B25119_001,2021,"Northampton County, Virginia",51131,All,50347,6124,349.13466666666665,57630.49876244506
B25119_002,2021,"Northampton County, Virginia",51131,Owner occupied (dollars),69118,10085,349.13466666666665,79117.02412184794
B25119_003,2021,"Northampton County, Virginia",51131,Renter occupied (dollars),33426,6989,349.13466666666665,38261.60549056525
B25119_001,2021,"Northumberland County, Virginia",51133,All,61291,7873,349.13466666666665,70157.72339263551
B25119_002,2021,"Northumberland County, Virginia",51133,Owner occupied (dollars),63911,10102,349.13466666666665,73156.74829496547
B25119_003,2021,"Northumberland County, Virginia",51133,Renter occupied (dollars),43750,26119,349.13466666666665,50079.137204937164
B25119_001,2021,"Nottoway County, Virginia",51135,All,54614,7054,349.13466666666665,62514.78855566716
B25119_002,2021,"Nottoway County, Virginia",51135,Owner occupied (dollars),63299,7040,349.13466666666665,72456.21270709297
B25119_003,2021,"Nottoway County, Virginia",51135,Renter occupied (dollars),44632,8438,349.13466666666665,51088.7326109887
B25119_001,2021,"Orange County, Virginia",51137,All,79211,3317,349.13466666666665,90670.13799177778
B25119_002,2021,"Orange County, Virginia",51137,Owner occupied (dollars),92701,7896,349.13466666666665,106111.68224079726
B25119_003,2021,"Orange County, Virginia",51137,Renter occupied (dollars),45786,5020,349.13466666666665,52409.67716720578
B25119_001,2021,"Page County, Virginia",51139,All,53168,4306,349.13466666666665,60859.60152941941
B25119_002,2021,"Page County, Virginia",51139,Owner occupied (dollars),59553,4198,349.13466666666665,68168.29389635709
B25119_003,2021,"Page County, Virginia",51139,Renter occupied (dollars),34965,4062,349.13466666666665,40023.246454185784
B25119_001,2021,"Patrick County, Virginia",51141,All,47215,5083,349.13466666666665,54045.404871568186
B25119_002,2021,"Patrick County, Virginia",51141,Owner occupied (dollars),55461,4730,349.13466666666665,63484.320651954746
B25119_003,2021,"Patrick County, Virginia",51141,Renter occupied (dollars),29063,7945,349.13466666666665,33267.4277619906
B25119_001,2021,"Pittsylvania County, Virginia",51143,All,49486,3160,349.13466666666665,56644.9413422519
B25119_002,2021,"Pittsylvania County, Virginia",51143,Owner occupied (dollars),55880,2731,349.13466666666665,63963.93570312889
B25119_003,2021,"Pittsylvania County, Virginia",51143,Renter occupied (dollars),30566,2720,349.13466666666665,34987.86074985393
B25119_001,2021,"Powhatan County, Virginia",51145,All,101395,8973,349.13466666666665,116063.40838616237
B25119_002,2021,"Powhatan County, Virginia",51145,Owner occupied (dollars),108563,7706,349.13466666666665,124268.37422581928
B25119_003,2021,"Powhatan County, Virginia",51145,Renter occupied (dollars),45889,9786,349.13466666666665,52527.57776451112
B25119_001,2021,"Prince Edward County, Virginia",51147,All,49019,6677,349.13466666666665,56110.382323401485
B25119_002,2021,"Prince Edward County, Virginia",51147,Owner occupied (dollars),63954,9340,349.13466666666665,73205.96893267546
B25119_003,2021,"Prince Edward County, Virginia",51147,Renter occupied (dollars),32215,4854,349.13466666666665,36875.414972732586
B25119_001,2021,"Prince George County, Virginia",51149,All,78895,5528,349.13466666666665,90308.42353790898
B25119_002,2021,"Prince George County, Virginia",51149,Owner occupied (dollars),92749,7872,349.13466666666665,106166.62620847354
B25119_003,2021,"Prince George County, Virginia",51149,Renter occupied (dollars),57983,5367,349.13466666666665,66371.16828694564
B25119_001,2021,"Prince William County, Virginia",51153,All,113831,2054,349.13466666666665,130298.47467829034
B25119_002,2021,"Prince William County, Virginia",51153,Owner occupied (dollars),132382,2238,349.13466666666665,151533.17351917695
B25119_003,2021,"Prince William County, Virginia",51153,Renter occupied (dollars),73585,3051,349.13466666666665,84230.24711372117
B25119_001,2021,"Pulaski County, Virginia",51155,All,55446,3671,349.13466666666665,63467.15066205591
B25119_002,2021,"Pulaski County, Virginia",51155,Owner occupied (dollars),65392,3408,349.13466666666665,74851.99863097716
B25119_003,2021,"Pulaski County, Virginia",51155,Renter occupied (dollars),36885,9402,349.13466666666665,42221.00516123674
B25119_001,2021,"Rappahannock County, Virginia",51157,All,90307,13261,349.13466666666665,103371.3518529431
B25119_002,2021,"Rappahannock County, Virginia",51157,Owner occupied (dollars),96332,17220,349.13466666666665,110267.96446230872
B25119_003,2021,"Rappahannock County, Virginia",51157,Renter occupied (dollars),42143,28727,349.13466666666665,48239.658953775244
B25119_001,2021,"Richmond County, Virginia",51159,All,57697,9428,349.13466666666665,66043.7938128745
B25119_002,2021,"Richmond County, Virginia",51159,Owner occupied (dollars),73961,9042,349.13466666666665,84660.64152718532
B25119_003,2021,"Richmond County, Virginia",51159,Renter occupied (dollars),38333,5872,349.13466666666665,43878.481519471
B25119_001,2021,"Roanoke County, Virginia",51161,All,74622,1782,349.13466666666665,85417.26574872734
B25119_002,2021,"Roanoke County, Virginia",51161,Owner occupied (dollars),86616,3181,349.13466666666665,99146.38967183628
B25119_003,2021,"Roanoke County, Virginia",51161,Renter occupied (dollars),44272,5562,349.13466666666665,50676.65285341664
B25119_001,2021,"Rockbridge County, Virginia",51163,All,57828,3580,349.13466666666665,66193.74505799101
B25119_002,2021,"Rockbridge County, Virginia",51163,Owner occupied (dollars),61047,4837,349.13466666666665,69878.42489028112
B25119_003,2021,"Rockbridge County, Virginia",51163,Renter occupied (dollars),42101,14248,349.13466666666665,48191.582982058506
B25119_001,2021,"Rockingham County, Virginia",51165,All,67484,2008,349.13466666666665,77246.6398888681
B25119_002,2021,"Rockingham County, Virginia",51165,Owner occupied (dollars),74951,4137,349.13466666666665,85793.86086050847
B25119_003,2021,"Rockingham County, Virginia",51165,Renter occupied (dollars),49015,4515,349.13466666666665,56105.80365942846
B25119_001,2021,"Russell County, Virginia",51167,All,41100,3750,349.13466666666665,47045.77232280954
B25119_002,2021,"Russell County, Virginia",51167,Owner occupied (dollars),47579,5130,349.13466666666665,54462.063293113264
B25119_003,2021,"Russell County, Virginia",51167,Renter occupied (dollars),25528,4557,349.13466666666665,29221.03347583168
B25119_001,2021,"Scott County, Virginia",51169,All,42561,3180,349.13466666666665,48718.12933895613
B25119_002,2021,"Scott County, Virginia",51169,Owner occupied (dollars),47952,4312,349.13466666666665,54889.02370859764
B25119_003,2021,"Scott County, Virginia",51169,Renter occupied (dollars),23842,4469,349.13466666666665,27291.12661120256
B25119_001,2021,"Shenandoah County, Virginia",51171,All,58609,3681,349.13466666666665,67087.72919872371
B25119_002,2021,"Shenandoah County, Virginia",51171,Owner occupied (dollars),66843,3586,349.13466666666665,76512.9089871912
B25119_003,2021,"Shenandoah County, Virginia",51171,Renter occupied (dollars),41337,2403,349.13466666666665,47317.05816321114
B25119_001,2021,"Smyth County, Virginia",51173,All,42588,2759,349.13466666666665,48749.03532077403
B25119_002,2021,"Smyth County, Virginia",51173,Owner occupied (dollars),51641,3918,349.13466666666665,59111.69655771794
B25119_003,2021,"Smyth County, Virginia",51173,Renter occupied (dollars),27432,3155,349.13466666666665,31400.477526990544
B25119_001,2021,"Southampton County, Virginia",51175,All,65079,5393,349.13466666666665,74493.71817508813
B25119_002,2021,"Southampton County, Virginia",51175,Owner occupied (dollars),79167,7294,349.13466666666665,90619.77268807453
B25119_003,2021,"Southampton County, Virginia",51175,Renter occupied (dollars),40110,5590,349.13466666666665,45912.552989486394
B25119_001,2021,"Spotsylvania County, Virginia",51177,All,98973,4343,349.13466666666665,113291.02735049705
B25119_002,2021,"Spotsylvania County, Virginia",51177,Owner occupied (dollars),110762,2310,349.13466666666665,126785.49474498858
B25119_003,2021,"Spotsylvania County, Virginia",51177,Renter occupied (dollars),57783,5834,349.13466666666665,66142.23508829449
B25119_001,2021,"Stafford County, Virginia",51179,All,119818,3302,349.13466666666665,137151.58997991224
B25119_002,2021,"Stafford County, Virginia",51179,Owner occupied (dollars),136670,3581,349.13466666666665,156441.5012982574
B25119_003,2021,"Stafford County, Virginia",51179,Renter occupied (dollars),64060,3693,349.13466666666665,73327.30352796057
B25119_001,2021,"Surry County, Virginia",51181,All,61105,8842,349.13466666666665,69944.81551788995
B25119_002,2021,"Surry County, Virginia",51181,Owner occupied (dollars),75150,13617,349.13466666666665,86021.64939316636
B25119_003,2021,"Surry County, Virginia",51181,Renter occupied (dollars),36458,18943,349.13466666666665,41732.23278211655
B25119_001,2021,"Sussex County, Virginia",51183,All,56968,7431,349.13466666666665,65209.332303791096
B25119_002,2021,"Sussex County, Virginia",51183,Owner occupied (dollars),66025,9314,349.13466666666665,75576.57220470803
B25119_003,2021,"Sussex County, Virginia",51183,Renter occupied (dollars),39909,11704,349.13466666666665,45682.47512484199
B25119_001,2021,"Tazewell County, Virginia",51185,All,42937,3086,349.13466666666665,49148.523752420275
B25119_002,2021,"Tazewell County, Virginia",51185,Owner occupied (dollars),48810,3855,349.13466666666665,55871.14713081104
B25119_003,2021,"Tazewell County, Virginia",51185,Renter occupied (dollars),29826,3801,349.13466666666665,34140.80791484471
B25119_001,2021,"Warren County, Virginia",51187,All,72840,7564,349.13466666666665,83377.47094874567
B25119_002,2021,"Warren County, Virginia",51187,Owner occupied (dollars),86130,5923,349.13466666666665,98590.08199911402
B25119_003,2021,"Warren County, Virginia",51187,Renter occupied (dollars),49934,4858,349.13466666666665,57157.751707230454
B25119_001,2021,"Washington County, Virginia",51191,All,54737,2885,349.13466666666665,62655.58247283761
B25119_002,2021,"Washington County, Virginia",51191,Owner occupied (dollars),61701,5044,349.13466666666665,70627.03644987036
B25119_003,2021,"Washington County, Virginia",51191,Renter occupied (dollars),37361,6623,349.13466666666665,42765.86617402646
B25119_001,2021,"Westmoreland County, Virginia",51193,All,53113,6554,349.13466666666665,60796.64489979034
B25119_002,2021,"Westmoreland County, Virginia",51193,Owner occupied (dollars),62736,7859,349.13466666666665,71811.76575289002
B25119_003,2021,"Westmoreland County, Virginia",51193,Renter occupied (dollars),28681,5512,349.13466666666665,32830.165352566924
B25119_001,2021,"Wise County, Virginia",51195,All,44884,4504,349.13466666666665,51377.18844128914
B25119_002,2021,"Wise County, Virginia",51195,Owner occupied (dollars),52833,4901,349.13466666666665,60476.13842167875
B25119_003,2021,"Wise County, Virginia",51195,Renter occupied (dollars),24783,5688,349.13466666666665,28368.257310856177
B25119_001,2021,"Wythe County, Virginia",51197,All,52726,4258,349.13466666666665,60353.659160400384
B25119_002,2021,"Wythe County, Virginia",51197,Owner occupied (dollars),63268,4125,349.13466666666665,72420.72806130204
B25119_003,2021,"Wythe County, Virginia",51197,Renter occupied (dollars),27373,5430,349.13466666666665,31332.942233388458
B25119_001,2021,"York County, Virginia",51199,All,96144,3139,349.13466666666665,110052.76725557666
B25119_002,2021,"York County, Virginia",51199,Owner occupied (dollars),111760,3950,349.13466666666665,127927.87140625778
B25119_003,2021,"York County, Virginia",51199,Renter occupied (dollars),68498,6332,349.13466666666665,78407.3312060294
B25119_001,2021,"Alexandria city, Virginia",51510,All,105450,2219,349.13466666666665,120705.02898881426
B25119_002,2021,"Alexandria city, Virginia",51510,Owner occupied (dollars),163357,6618,349.13466666666665,186989.20266027248
B25119_003,2021,"Alexandria city, Virginia",51510,Renter occupied (dollars),80384,3030,349.13466666666665,92012.83120186672
B25119_001,2021,"Bristol city, Virginia",51520,All,43879,3732,349.13466666666665,50226.79911806715
B25119_002,2021,"Bristol city, Virginia",51520,Owner occupied (dollars),56282,10773,349.13466666666665,64424.09143241768
B25119_003,2021,"Bristol city, Virginia",51520,Renter occupied (dollars),26190,4623,349.13466666666665,29978.802363366955
B25119_001,2021,"Buena Vista city, Virginia",51530,All,42156,11253,349.13466666666665,48254.53961168757
B25119_002,2021,"Buena Vista city, Virginia",51530,Owner occupied (dollars),51419,16505,349.13466666666665,58857.58070721518
B25119_003,2021,"Buena Vista city, Virginia",51530,Renter occupied (dollars),30145,17889,349.13466666666665,34505.95636669327
B25119_001,2021,"Charlottesville city, Virginia",51540,All,63470,4255,349.13466666666665,72651.9505919397
B25119_002,2021,"Charlottesville city, Virginia",51540,Owner occupied (dollars),106686,7869,349.13466666666665,122119.83615647831
B25119_003,2021,"Charlottesville city, Virginia",51540,Renter occupied (dollars),41939,6116,349.13466666666665,48006.14709115108
B25119_001,2021,"Chesapeake city, Virginia",51550,All,85563,1957,349.13466666666665,97941.05638093803
B25119_002,2021,"Chesapeake city, Virginia",51550,Owner occupied (dollars),103760,2622,349.13466666666665,118770.54346021212
B25119_003,2021,"Chesapeake city, Virginia",51550,Renter occupied (dollars),48233,2136,349.13466666666665,55210.6748527025
B25119_001,2021,"Colonial Heights city, Virginia",51570,All,65570,3801,349.13466666666665,75055.74917777668
B25119_002,2021,"Colonial Heights city, Virginia",51570,Owner occupied (dollars),82617,4915,349.13466666666665,94568.87036480672
B25119_003,2021,"Colonial Heights city, Virginia",51570,Renter occupied (dollars),35725,3425,349.13466666666665,40893.19260906012
B25119_001,2021,"Covington city, Virginia",51580,All,41242,2930,349.13466666666665,47208.31489385185
B25119_002,2021,"Covington city, Virginia",51580,Owner occupied (dollars),42813,6204,349.13466666666665,49006.58516925657
B25119_003,2021,"Covington city, Virginia",51580,Renter occupied (dollars),32406,9105,349.13466666666665,37094.04617744443
B25119_001,2021,"Danville city, Virginia",51590,All,38904,2581,349.13466666666665,44532.08580162001
B25119_002,2021,"Danville city, Virginia",51590,Owner occupied (dollars),50522,4631,349.13466666666665,57830.81531126481
B25119_003,2021,"Danville city, Virginia",51590,Renter occupied (dollars),28624,2477,349.13466666666665,32764.919390951345
B25119_001,2021,"Emporia city, Virginia",51595,All,36111,8674,349.13466666666665,41335.03368245682
B25119_002,2021,"Emporia city, Virginia",51595,Owner occupied (dollars),46250,26937,349.13466666666665,52940.80218807643
B25119_003,2021,"Emporia city, Virginia",51595,Renter occupied (dollars),30985,9897,349.13466666666665,35467.47580102807
B25119_001,2021,"Fairfax city, Virginia",51600,All,118492,9608,349.13466666666665,135633.76287285518
B25119_002,2021,"Fairfax city, Virginia",51600,Owner occupied (dollars),158071,7160,349.13466666666665,180938.4982199228
B25119_003,2021,"Fairfax city, Virginia",51600,Renter occupied (dollars),58452,19687,349.13466666666665,66908.01663778257
B25119_001,2021,"Falls Church city, Virginia",51610,All,155071,17392,349.13466666666665,177504.50024015567
B25119_002,2021,"Falls Church city, Virginia",51610,Owner occupied (dollars),203347,26468,349.13466666666665,232764.39573056818
B25119_003,2021,"Falls Church city, Virginia",51610,Renter occupied (dollars),107553,7570,349.13466666666665,123112.26157263102
B25119_001,2021,"Franklin city, Virginia",51620,All,49424,5658,349.13466666666665,56573.97205067005
B25119_002,2021,"Franklin city, Virginia",51620,Owner occupied (dollars),75991,6097,349.13466666666665,86984.3134934944
B25119_003,2021,"Franklin city, Virginia",51620,Renter occupied (dollars),28655,3485,349.13466666666665,32800.40403674227
B25119_001,2021,"Fredericksburg city, Virginia",51630,All,72293,6523,349.13466666666665,82751.3386504348
B25119_002,2021,"Fredericksburg city, Virginia",51630,Owner occupied (dollars),128911,15478,349.13466666666665,147560.0378565864
B25119_003,2021,"Fredericksburg city, Virginia",51630,Renter occupied (dollars),56051,6575,349.13466666666665,64159.67358797561
B25119_001,2021,"Galax city, Virginia",51640,All,39808,6250,349.13466666666665,45566.86385952317
B25119_002,2021,"Galax city, Virginia",51640,Owner occupied (dollars),55117,14762,349.13466666666665,63090.55555027478
B25119_003,2021,"Galax city, Virginia",51640,Renter occupied (dollars),25417,10689,349.13466666666665,29093.975550580297
B25119_001,2021,"Hampton city, Virginia",51650,All,59380,1790,349.13466666666665,67970.26667952386
B25119_002,2021,"Hampton city, Virginia",51650,Owner occupied (dollars),77677,3923,349.13466666666665,88914.22035812352
B25119_003,2021,"Hampton city, Virginia",51650,Renter occupied (dollars),41058,2494,349.13466666666665,46997.6963510928
B25119_001,2021,"Harrisonburg city, Virginia",51660,All,51055,1942,349.13466666666665,58440.9222856701
B25119_002,2021,"Harrisonburg city, Virginia",51660,Owner occupied (dollars),79241,7029,349.13466666666665,90704.47797157544
B25119_003,2021,"Harrisonburg city, Virginia",51660,Renter occupied (dollars),34937,3614,349.13466666666665,39991.19580637462
B25119_001,2021,"Hopewell city, Virginia",51670,All,44209,5384,349.13466666666665,50604.538895841535
B25119_002,2021,"Hopewell city, Virginia",51670,Owner occupied (dollars),60085,9112,349.13466666666665,68777.25620476913
B25119_003,2021,"Hopewell city, Virginia",51670,Renter occupied (dollars),34276,4333,349.13466666666665,39234.5715848326
B25119_001,2021,"Lexington city, Virginia",51678,All,66114,21009,349.13466666666665,75678.44747810779
B25119_002,2021,"Lexington city, Virginia",51678,Owner occupied (dollars),89123,2301,349.13466666666665,102016.06731692834
B25119_003,2021,"Lexington city, Virginia",51678,Renter occupied (dollars),25744,15885,349.13466666666665,29468.28133037491
B25119_001,2021,"Lynchburg city, Virginia",51680,All,54015,3223,349.13466666666665,61829.13362570699
B25119_002,2021,"Lynchburg city, Virginia",51680,Owner occupied (dollars),75093,3650,349.13466666666665,85956.40343155077
B25119_003,2021,"Lynchburg city, Virginia",51680,Renter occupied (dollars),38229,3705,349.13466666666665,43759.436256172405
B25119_001,2021,"Manassas city, Virginia",51683,All,101934,9101,349.13466666666665,116680.38335652719
B25119_002,2021,"Manassas city, Virginia",51683,Owner occupied (dollars),119463,8379,349.13466666666665,136745.23355230648
B25119_003,2021,"Manassas city, Virginia",51683,Renter occupied (dollars),63435,6210,349.13466666666665,72611.88728217575
B25119_001,2021,"Manassas Park city, Virginia",51685,All,90544,9067,349.13466666666665,103642.6376933447
B25119_002,2021,"Manassas Park city, Virginia",51685,Owner occupied (dollars),118699,7878,349.13466666666665,135870.70873345912
B25119_003,2021,"Manassas Park city, Virginia",51685,Renter occupied (dollars),59792,19425,349.13466666666665,68441.8690687452
B25119_001,2021,"Martinsville city, Virginia",51690,All,36832,3838,349.13466666666665,42160.337863594184
B25119_002,2021,"Martinsville city, Virginia",51690,Owner occupied (dollars),53858,3709,349.13466666666665,61649.42106476585
B25119_003,2021,"Martinsville city, Virginia",51690,Renter occupied (dollars),28470,4662,349.13466666666665,32588.640827989966
B25119_001,2021,"Newport News city, Virginia",51700,All,57463,2050,349.13466666666665,65775.94197045267
B25119_002,2021,"Newport News city, Virginia",51700,Owner occupied (dollars),79265,2111,349.13466666666665,90731.94995541358
B25119_003,2021,"Newport News city, Virginia",51700,Renter occupied (dollars),42780,1602,349.13466666666665,48968.81119147913
B25119_001,2021,"Norfolk city, Virginia",51710,All,56244,1303,349.13466666666665,64380.59412467396
B25119_002,2021,"Norfolk city, Virginia",51710,Owner occupied (dollars),82240,1570,349.13466666666665,94137.33128534931
B25119_003,2021,"Norfolk city, Virginia",51710,Renter occupied (dollars),40434,1598,349.13466666666665,46283.424771301245
B25119_001,2021,"Norton city, Virginia",51720,All,35592,10945,349.13466666666665,40740.95203195711
B25119_002,2021,"Norton city, Virginia",51720,Owner occupied (dollars),59153,12595,349.13466666666665,67710.42749905481
B25119_003,2021,"Norton city, Virginia",51720,Renter occupied (dollars),14818,2849,349.13466666666665,16961.66068806306
B25119_001,2021,"Petersburg city, Virginia",51730,All,44890,2325,349.13466666666665,51384.05643724867
B25119_002,2021,"Petersburg city, Virginia",51730,Owner occupied (dollars),55789,5214,349.13466666666665,63859.77109774262
B25119_003,2021,"Petersburg city, Virginia",51730,Renter occupied (dollars),40210,2762,349.13466666666665,46027.01958881196
B25119_001,2021,"Poquoson city, Virginia",51735,All,112026,8530,349.13466666666665,128232.35256046378
B25119_002,2021,"Poquoson city, Virginia",51735,Owner occupied (dollars),125364,8298,349.13466666666665,143499.9075785084
B25119_003,2021,"Poquoson city, Virginia",51735,Renter occupied (dollars),82917,17151,349.13466666666665,94912.27016278343
B25119_001,2021,"Portsmouth city, Virginia",51740,All,54020,2249,349.13466666666665,61834.85695567327
B25119_002,2021,"Portsmouth city, Virginia",51740,Owner occupied (dollars),66985,2159,349.13466666666665,76675.4515582335
B25119_003,2021,"Portsmouth city, Virginia",51740,Renter occupied (dollars),37993,2700,349.13466666666665,43489.29508176406
B25119_001,2021,"Radford city, Virginia",51750,All,44360,11359,349.13466666666665,50777.38346082315
B25119_002,2021,"Radford city, Virginia",51750,Owner occupied (dollars),73958,13062,349.13466666666665,84657.20752920555
B25119_003,2021,"Radford city, Virginia",51750,Renter occupied (dollars),20765,5708,349.13466666666665,23768.989349954747
B25119_001,2021,"Richmond city, Virginia",51760,All,54795,1737,349.13466666666665,62721.97310044644
B25119_002,2021,"Richmond city, Virginia",51760,Owner occupied (dollars),82727,3691,349.13466666666665,94694.78362406485
B25119_003,2021,"Richmond city, Virginia",51760,Renter occupied (dollars),39385,1277,349.13466666666665,45082.670144376
B25119_001,2021,"Roanoke city, Virginia",51770,All,48476,2257,349.13466666666665,55488.82868906364
B25119_002,2021,"Roanoke city, Virginia",51770,Owner occupied (dollars),64882,3199,349.13466666666665,74268.21897441676
B25119_003,2021,"Roanoke city, Virginia",51770,Renter occupied (dollars),31987,3418,349.13466666666665,36614.43112627029
B25119_001,2021,"Salem city, Virginia",51775,All,66472,6799,349.13466666666665,76088.23790369333
B25119_002,2021,"Salem city, Virginia",51775,Owner occupied (dollars),87555,10418,349.13466666666665,100221.23103950339
B25119_003,2021,"Salem city, Virginia",51775,Renter occupied (dollars),43819,4594,349.13466666666665,50158.11915847181
B25119_001,2021,"Staunton city, Virginia",51790,All,53041,4449,349.13466666666665,60714.22894827594
B25119_002,2021,"Staunton city, Virginia",51790,Owner occupied (dollars),73729,8981,349.13466666666665,84395.07901675
B25119_003,2021,"Staunton city, Virginia",51790,Renter occupied (dollars),35613,3644,349.13466666666665,40764.99001781548
B25119_001,2021,"Suffolk city, Virginia",51800,All,81883,3471,349.13466666666665,93728.68552575703
B25119_002,2021,"Suffolk city, Virginia",51800,Owner occupied (dollars),100710,3690,349.13466666666665,115279.31218078222
B25119_003,2021,"Suffolk city, Virginia",51800,Renter occupied (dollars),45664,3726,349.13466666666665,52270.027916028586
B25119_001,2021,"Virginia Beach city, Virginia",51810,All,81810,1205,349.13466666666665,93645.12490824936
B25119_002,2021,"Virginia Beach city, Virginia",51810,Owner occupied (dollars),98984,1548,349.13466666666665,113303.61867642286
B25119_003,2021,"Virginia Beach city, Virginia",51810,Renter occupied (dollars),57342,1361,349.13466666666665,65637.43738526873
B25119_001,2021,"Waynesboro city, Virginia",51820,All,47238,6024,349.13466666666665,54071.732189413065
B25119_002,2021,"Waynesboro city, Virginia",51820,Owner occupied (dollars),66333,7427,349.13466666666665,75929.12933063079
B25119_003,2021,"Waynesboro city, Virginia",51820,Renter occupied (dollars),27314,5120,349.13466666666665,31265.40693978637
B25119_001,2021,"Williamsburg city, Virginia",51830,All,65297,7470,349.13466666666665,74743.25536161788
B25119_002,2021,"Williamsburg city, Virginia",51830,Owner occupied (dollars),91727,5096,349.13466666666665,104996.7775633662
B25119_003,2021,"Williamsburg city, Virginia",51830,Renter occupied (dollars),43920,6658,349.13466666666665,50273.730423790636
B25119_001,2021,"Winchester city, Virginia",51840,All,61321,4618,349.13466666666665,70192.06337243319
B25119_002,2021,"Winchester city, Virginia",51840,Owner occupied (dollars),92931,8621,349.13466666666665,106374.95541924608
B25119_003,2021,"Winchester city, Virginia",51840,Renter occupied (dollars),48313,4432,349.13466666666665,55302.24813216295
B25119_001,2022,"Accomack County, Virginia",51001,All,52694,5883,370.199,56884.98918289893
B25119_002,2022,"Accomack County, Virginia",51001,Owner occupied (dollars),65502,3901,370.199,70711.6666310822
B25119_003,2022,"Accomack County, Virginia",51001,Renter occupied (dollars),37784,4888,370.199,40789.1302859273
B25119_001,2022,"Albemarle County, Virginia",51003,All,97708,3686,370.199,105479.15366232756
B25119_002,2022,"Albemarle County, Virginia",51003,Owner occupied (dollars),120224,5709,370.199,129785.95171224125
B25119_003,2022,"Albemarle County, Virginia",51003,Renter occupied (dollars),62776,3291,370.199,67768.85567513689
B25119_001,2022,"Alleghany County, Virginia",51005,All,52546,3958,370.199,56725.21808184247
B25119_002,2022,"Alleghany County, Virginia",51005,Owner occupied (dollars),57901,4680,370.199,62506.12515047312
B25119_003,2022,"Alleghany County, Virginia",51005,Renter occupied (dollars),24867,5410,370.199,26844.783580884876
B25119_001,2022,"Amelia County, Virginia",51007,All,63438,15114,370.199,68483.50749202455
B25119_002,2022,"Amelia County, Virginia",51007,Owner occupied (dollars),62458,15753,370.199,67425.56371475881
B25119_003,2022,"Amelia County, Virginia",51007,Renter occupied (dollars),69167,50108,370.199,74668.16045116275
B25119_001,2022,"Amherst County, Virginia",51009,All,64454,4514,370.199,69580.31451008782
B25119_002,2022,"Amherst County, Virginia",51009,Owner occupied (dollars),75158,5999,370.199,81135.65144054954
B25119_003,2022,"Amherst County, Virginia",51009,Renter occupied (dollars),31805,6578,370.199,34334.59371013968
B25119_001,2022,"Appomattox County, Virginia",51011,All,60041,7091,370.199,64816.32890899219
B25119_002,2022,"Appomattox County, Virginia",51011,Owner occupied (dollars),66910,7055,370.199,72231.65116005176
B25119_003,2022,"Appomattox County, Virginia",51011,Renter occupied (dollars),42594,6023,370.199,45981.691070262204
B25119_001,2022,"Arlington County, Virginia",51013,All,137387,2717,370.199,148314.00176245748
B25119_002,2022,"Arlington County, Virginia",51013,Owner occupied (dollars),197946,5580,370.199,213689.52952514729
B25119_003,2022,"Arlington County, Virginia",51013,Renter occupied (dollars),105129,2923,370.199,113490.37893894904
B25119_001,2022,"Augusta County, Virginia",51015,All,76124,3172,370.199,82178.48173528291
B25119_002,2022,"Augusta County, Virginia",51015,Owner occupied (dollars),83853,3157,370.199,90522.20362761649
B25119_003,2022,"Augusta County, Virginia",51015,Renter occupied (dollars),46856,4601,370.199,50582.66696690158
B25119_001,2022,"Bath County, Virginia",51017,All,55699,11901,370.199,60128.990255025
B25119_002,2022,"Bath County, Virginia",51017,Owner occupied (dollars),75683,18111,370.199,81702.40703551333
B25119_003,2022,"Bath County, Virginia",51017,Renter occupied (dollars),36774,4234,370.199,39698.80047466362
B25119_001,2022,"Bedford County, Virginia",51019,All,74773,3274,370.199,80720.03067090943
B25119_002,2022,"Bedford County, Virginia",51019,Owner occupied (dollars),83374,3784,370.199,90005.1066181162
B25119_003,2022,"Bedford County, Virginia",51019,Renter occupied (dollars),39394,3364,370.199,42527.18077714959
B25119_001,2022,"Bland County, Virginia",51021,All,59901,2832,370.199,64665.19408366851
B25119_002,2022,"Bland County, Virginia",51021,Owner occupied (dollars),62074,9083,370.199,67011.0224795853
B25119_003,2022,"Bland County, Virginia",51021,Renter occupied (dollars),39293,4953,370.199,42418.147796023215
B25119_001,2022,"Botetourt County, Virginia",51023,All,77680,5696,370.199,83858.23736530893
B25119_002,2022,"Botetourt County, Virginia",51023,Owner occupied (dollars),84058,3593,370.199,90743.50819326902
B25119_003,2022,"Botetourt County, Virginia",51023,Renter occupied (dollars),55023,7941,370.199,59399.22495560496
B25119_001,2022,"Brunswick County, Virginia",51025,All,52678,3117,370.199,56867.71663143336
B25119_002,2022,"Brunswick County, Virginia",51025,Owner occupied (dollars),57846,6256,370.199,62446.750754810244
B25119_003,2022,"Brunswick County, Virginia",51025,Renter occupied (dollars),29485,10063,370.199,31830.07374763303
B25119_001,2022,"Buchanan County, Virginia",51027,All,39591,2930,370.199,42739.84906706933
B25119_002,2022,"Buchanan County, Virginia",51027,Owner occupied (dollars),43895,3954,370.199,47386.16541130581
B25119_003,2022,"Buchanan County, Virginia",51027,Renter occupied (dollars),21186,2240,370.199,22871.01720933876
B25119_001,2022,"Buckingham County, Virginia",51029,All,59894,8713,370.199,64657.637342402326
B25119_002,2022,"Buckingham County, Virginia",51029,Owner occupied (dollars),66441,4462,370.199,71725.34949521744
B25119_003,2022,"Buckingham County, Virginia",51029,Renter occupied (dollars),34034,5232,370.199,36740.87603618594
B25119_001,2022,"Campbell County, Virginia",51031,All,59022,3716,370.199,63716.283287529135
B25119_002,2022,"Campbell County, Virginia",51031,Owner occupied (dollars),66108,4613,370.199,71365.8645178404
B25119_003,2022,"Campbell County, Virginia",51031,Renter occupied (dollars),47787,8013,370.199,51587.713555304035
B25119_001,2022,"Caroline County, Virginia",51033,All,83562,7150,370.199,90208.05909783657
B25119_002,2022,"Caroline County, Virginia",51033,Owner occupied (dollars),95128,4382,370.199,102693.9547385055
B25119_003,2022,"Caroline County, Virginia",51033,Renter occupied (dollars),45000,8837,370.199,48579.05099689626
B25119_001,2022,"Carroll County, Virginia",51035,All,49113,4799,370.199,53019.17625801258
B25119_002,2022,"Carroll County, Virginia",51035,Owner occupied (dollars),54415,4482,370.199,58742.86799991356
B25119_003,2022,"Carroll County, Virginia",51035,Renter occupied (dollars),30781,5957,370.199,33229.15041634364
B25119_001,2022,"Charles City County, Virginia",51036,All,65573,3448,370.199,70788.31357821064
B25119_002,2022,"Charles City County, Virginia",51036,Owner occupied (dollars),72366,8756,370.199,78121.59120980877
B25119_003,2022,"Charles City County, Virginia",51036,Renter occupied (dollars),45833,16798,370.199,49478.30320757214
B25119_001,2022,"Charlotte County, Virginia",51037,All,51548,9194,370.199,55647.842684177966
B25119_002,2022,"Charlotte County, Virginia",51037,Owner occupied (dollars),63039,6931,370.199,68052.77323985207
B25119_003,2022,"Charlotte County, Virginia",51037,Renter occupied (dollars),27350,6648,370.199,29525.26766144695
B25119_001,2022,"Chesterfield County, Virginia",51041,All,95757,2126,370.199,103372.98191799545
B25119_002,2022,"Chesterfield County, Virginia",51041,Owner occupied (dollars),108887,2296,370.199,117547.26946442318
B25119_003,2022,"Chesterfield County, Virginia",51041,Renter occupied (dollars),60049,3341,370.199,64824.96518472497
B25119_001,2022,"Clarke County, Virginia",51043,All,107475,15896,370.199,116022.96679758724
B25119_002,2022,"Clarke County, Virginia",51043,Owner occupied (dollars),123281,11892,370.199,133086.0885766304
B25119_003,2022,"Clarke County, Virginia",51043,Renter occupied (dollars),45477,6622,370.199,49093.988937463364
B25119_001,2022,"Craig County, Virginia",51045,All,66286,8134,370.199,71558.0216528948
B25119_002,2022,"Craig County, Virginia",51045,Owner occupied (dollars),66313,6118,370.199,71587.16908349293
B25119_003,2022,"Craig County, Virginia",51045,Renter occupied (dollars),NA,NA,370.199,NA
B25119_001,2022,"Culpeper County, Virginia",51047,All,92359,4299,370.199,99704.72380049649
B25119_002,2022,"Culpeper County, Virginia",51047,Owner occupied (dollars),107390,5662,370.199,115931.20636792644
B25119_003,2022,"Culpeper County, Virginia",51047,Renter occupied (dollars),56250,6758,370.199,60723.81374612033
B25119_001,2022,"Cumberland County, Virginia",51049,All,56497,8052,370.199,60990.458759369954
B25119_002,2022,"Cumberland County, Virginia",51049,Owner occupied (dollars),65296,7924,370.199,70489.28253096307
B25119_003,2022,"Cumberland County, Virginia",51049,Renter occupied (dollars),39431,5363,370.199,42567.1235524137
B25119_001,2022,"Dickenson County, Virginia",51051,All,40143,2993,370.199,43335.75209263126
B25119_002,2022,"Dickenson County, Virginia",51051,Owner occupied (dollars),48283,5247,370.199,52123.16265073649
B25119_003,2022,"Dickenson County, Virginia",51051,Renter occupied (dollars),19537,7293,370.199,21090.864873919163
B25119_001,2022,"Dinwiddie County, Virginia",51053,All,77225,7376,370.199,83367.04918300697
B25119_002,2022,"Dinwiddie County, Virginia",51053,Owner occupied (dollars),83367,6118,370.199,89997.54987685001
B25119_003,2022,"Dinwiddie County, Virginia",51053,Renter occupied (dollars),42162,11773,370.199,45515.33218069201
B25119_001,2022,"Essex County, Virginia",51057,All,52335,8000,370.199,56497.43630939035
B25119_002,2022,"Essex County, Virginia",51057,Owner occupied (dollars),62857,11746,370.199,67856.29796693129
B25119_003,2022,"Essex County, Virginia",51057,Renter occupied (dollars),32016,10753,370.199,34562.37548259179
B25119_001,2022,"Fairfax County, Virginia",51059,All,145165,1677,370.199,156710.62084365435
B25119_002,2022,"Fairfax County, Virginia",51059,Owner occupied (dollars),177982,1833,370.199,192137.7034339909
B25119_003,2022,"Fairfax County, Virginia",51059,Renter occupied (dollars),91049,1822,370.199,98290.5336492535
B25119_001,2022,"Fauquier County, Virginia",51061,All,122785,6626,370.199,132550.63948119796
B25119_002,2022,"Fauquier County, Virginia",51061,Owner occupied (dollars),141079,3498,370.199,152299.64301313617
B25119_003,2022,"Fauquier County, Virginia",51061,Renter occupied (dollars),74837,10102,370.199,80789.12087677167
B25119_001,2022,"Floyd County, Virginia",51063,All,57146,6227,370.199,61691.07662819186
B25119_002,2022,"Floyd County, Virginia",51063,Owner occupied (dollars),64950,13033,370.199,70115.76360552027
B25119_003,2022,"Floyd County, Virginia",51063,Renter occupied (dollars),40259,6654,370.199,43460.97809075659
B25119_001,2022,"Fluvanna County, Virginia",51065,All,90766,5489,370.199,97985.02539520635
B25119_002,2022,"Fluvanna County, Virginia",51065,Owner occupied (dollars),94891,5243,370.199,102438.10506992185
B25119_003,2022,"Fluvanna County, Virginia",51065,Renter occupied (dollars),52272,11093,370.199,56429.4256379947
B25119_001,2022,"Franklin County, Virginia",51067,All,66275,3805,370.199,71546.14677376222
B25119_002,2022,"Franklin County, Virginia",51067,Owner occupied (dollars),73272,4206,370.199,79099.64943654629
B25119_003,2022,"Franklin County, Virginia",51067,Renter occupied (dollars),50449,8385,370.199,54461.4343053871
B25119_001,2022,"Frederick County, Virginia",51069,All,92443,4614,370.199,99795.4046956907
B25119_002,2022,"Frederick County, Virginia",51069,Owner occupied (dollars),104705,4867,370.199,113032.65632511162
B25119_003,2022,"Frederick County, Virginia",51069,Renter occupied (dollars),62882,7552,370.199,67883.28632859624
B25119_001,2022,"Giles County, Virginia",51071,All,61987,3840,370.199,66917.1029809913
B25119_002,2022,"Giles County, Virginia",51071,Owner occupied (dollars),65155,3326,370.199,70337.0681711728
B25119_003,2022,"Giles County, Virginia",51071,Renter occupied (dollars),45417,13736,370.199,49029.2168694675
B25119_001,2022,"Gloucester County, Virginia",51073,All,83750,4392,370.199,90411.01157755693
B25119_002,2022,"Gloucester County, Virginia",51073,Owner occupied (dollars),94881,6922,370.199,102427.30972525587
B25119_003,2022,"Gloucester County, Virginia",51073,Renter occupied (dollars),53172,8316,370.199,57401.00665793262
B25119_001,2022,"Goochland County, Virginia",51075,All,105600,8544,370.199,113998.83967271657
B25119_002,2022,"Goochland County, Virginia",51075,Owner occupied (dollars),115833,7572,370.199,125045.71586941076
B25119_003,2022,"Goochland County, Virginia",51075,Renter occupied (dollars),63990,13024,370.199,69079.41051758648
B25119_001,2022,"Grayson County, Virginia",51077,All,43348,4570,370.199,46795.66005807687
B25119_002,2022,"Grayson County, Virginia",51077,Owner occupied (dollars),50202,4902,370.199,54194.789292137466
B25119_003,2022,"Grayson County, Virginia",51077,Renter occupied (dollars),27813,4928,370.199,30025.092119481684
B25119_001,2022,"Greene County, Virginia",51079,All,81338,5401,370.199,87807.17444412329
B25119_002,2022,"Greene County, Virginia",51079,Owner occupied (dollars),89527,8227,370.199,96647.48219109181
B25119_003,2022,"Greene County, Virginia",51079,Renter occupied (dollars),70132,8461,370.199,75709.91121142953
B25119_001,2022,"Greensville County, Virginia",51081,All,51823,7174,370.199,55944.71466249233
B25119_002,2022,"Greensville County, Virginia",51081,Owner occupied (dollars),60815,11254,370.199,65651.8885861388
B25119_003,2022,"Greensville County, Virginia",51081,Renter occupied (dollars),36875,7816,370.199,39807.833455789994
B25119_001,2022,"Halifax County, Virginia",51083,All,49145,2546,370.199,53053.72136094371
B25119_002,2022,"Halifax County, Virginia",51083,Owner occupied (dollars),56496,3079,370.199,60989.37922490336
B25119_003,2022,"Halifax County, Virginia",51083,Renter occupied (dollars),29530,3977,370.199,31878.652798629926
B25119_001,2022,"Hanover County, Virginia",51085,All,104678,3515,370.199,113003.50889451349
B25119_002,2022,"Hanover County, Virginia",51085,Owner occupied (dollars),115893,3625,370.199,125110.48793740664
B25119_003,2022,"Hanover County, Virginia",51085,Renter occupied (dollars),59363,5486,370.199,64084.40454063895
B25119_001,2022,"Henrico County, Virginia",51087,All,82424,1734,370.199,88979.54887484839
B25119_002,2022,"Henrico County, Virginia",51087,Owner occupied (dollars),108336,3455,370.199,116952.44597332785
B25119_003,2022,"Henrico County, Virginia",51087,Renter occupied (dollars),54820,1913,370.199,59180.07945888562
B25119_001,2022,"Henry County, Virginia",51089,All,43694,2612,370.199,47169.17898351967
B25119_002,2022,"Henry County, Virginia",51089,Owner occupied (dollars),49975,4704,370.199,53949.73496821979
B25119_003,2022,"Henry County, Virginia",51089,Renter occupied (dollars),29561,2642,370.199,31912.118367094452
B25119_001,2022,"Highland County, Virginia",51091,All,57070,8245,370.199,61609.032008730435
B25119_002,2022,"Highland County, Virginia",51091,Owner occupied (dollars),62000,7812,370.199,66931.13692905707
B25119_003,2022,"Highland County, Virginia",51091,Renter occupied (dollars),33295,12137,370.199,35943.10006537024
B25119_001,2022,"Isle of Wight County, Virginia",51093,All,91680,3754,370.199,98971.71989767665
B25119_002,2022,"Isle of Wight County, Virginia",51093,Owner occupied (dollars),102671,6161,370.199,110836.88322005191
B25119_003,2022,"Isle of Wight County, Virginia",51093,Renter occupied (dollars),46134,10882,370.199,49803.243082018045
B25119_001,2022,"James City County, Virginia",51095,All,100711,4670,370.199,108720.99566552043
B25119_002,2022,"James City County, Virginia",51095,Owner occupied (dollars),114212,5729,370.199,123295.7904990559
B25119_003,2022,"James City County, Virginia",51095,Renter occupied (dollars),57458,8145,370.199,62027.89138177034
B25119_001,2022,"King and Queen County, Virginia",51097,All,70147,18853,370.199,75726.10422842849
B25119_002,2022,"King and Queen County, Virginia",51097,Owner occupied (dollars),82478,19958,370.199,89037.84373604467
B25119_003,2022,"King and Queen County, Virginia",51097,Renter occupied (dollars),50067,17722,370.199,54049.05213914678
B25119_001,2022,"King George County, Virginia",51099,All,103264,8402,370.199,111477.04715874435
B25119_002,2022,"King George County, Virginia",51099,Owner occupied (dollars),117448,9133,370.199,126789.16403296604
B25119_003,2022,"King George County, Virginia",51099,Renter occupied (dollars),58168,5354,370.199,62794.360853054706
B25119_001,2022,"King William County, Virginia",51101,All,79398,9419,370.199,85712.87757892377
B25119_002,2022,"King William County, Virginia",51101,Owner occupied (dollars),85927,6533,370.199,92761.15811134012
B25119_003,2022,"King William County, Virginia",51101,Renter occupied (dollars),44167,18026,370.199,47679.79878622038
B25119_001,2022,"Lancaster County, Virginia",51103,All,62674,4452,370.199,67658.74315954391
B25119_002,2022,"Lancaster County, Virginia",51103,Owner occupied (dollars),72721,12303,370.199,78504.82594545095
B25119_003,2022,"Lancaster County, Virginia",51103,Renter occupied (dollars),43463,6241,370.199,46919.806521735605
B25119_001,2022,"Lee County, Virginia",51105,All,41619,5140,370.199,44929.144965329455
B25119_002,2022,"Lee County, Virginia",51105,Owner occupied (dollars),55194,6253,370.199,59583.82534939316
B25119_003,2022,"Lee County, Virginia",51105,Renter occupied (dollars),19713,2696,370.199,21280.862940040355
B25119_001,2022,"Loudoun County, Virginia",51107,All,170463,3497,370.199,184020.68377964283
B25119_002,2022,"Loudoun County, Virginia",51107,Owner occupied (dollars),194071,3489,370.199,209506.33346708122
B25119_003,2022,"Loudoun County, Virginia",51107,Renter occupied (dollars),94894,3982,370.199,102441.34367332164
B25119_001,2022,"Louisa County, Virginia",51109,All,76594,7338,370.199,82685.86293458383
B25119_002,2022,"Louisa County, Virginia",51109,Owner occupied (dollars),90677,6116,370.199,97888.94682767916
B25119_003,2022,"Louisa County, Virginia",51109,Renter occupied (dollars),40930,8902,370.199,44185.345717843644
B25119_001,2022,"Lunenburg County, Virginia",51111,All,54438,7866,370.199,58767.6972926453
B25119_002,2022,"Lunenburg County, Virginia",51111,Owner occupied (dollars),65088,5470,370.199,70264.73936191075
B25119_003,2022,"Lunenburg County, Virginia",51111,Renter occupied (dollars),34423,11053,370.199,37160.81494369244
B25119_001,2022,"Madison County, Virginia",51113,All,74586,6473,370.199,80518.15772565566
B25119_002,2022,"Madison County, Virginia",51113,Owner occupied (dollars),89952,13486,370.199,97106.28433939583
B25119_003,2022,"Madison County, Virginia",51113,Renter occupied (dollars),40654,9948,370.199,43887.39420506268
B25119_001,2022,"Mathews County, Virginia",51115,All,79054,14979,370.199,85341.51772241415
B25119_002,2022,"Mathews County, Virginia",51115,Owner occupied (dollars),92762,13295,370.199,100139.77619053535
B25119_003,2022,"Mathews County, Virginia",51115,Renter occupied (dollars),43520,11540,370.199,46981.33998633167
B25119_001,2022,"Mecklenburg County, Virginia",51117,All,51265,4199,370.199,55342.33443013082
B25119_002,2022,"Mecklenburg County, Virginia",51117,Owner occupied (dollars),63569,5306,370.199,68624.92650714885
B25119_003,2022,"Mecklenburg County, Virginia",51117,Renter occupied (dollars),28638,4015,370.199,30915.70805442478
B25119_001,2022,"Middlesex County, Virginia",51119,All,69389,6513,370.199,74907.81710274743
B25119_002,2022,"Middlesex County, Virginia",51119,Owner occupied (dollars),72933,8372,370.199,78733.68725236967
B25119_003,2022,"Middlesex County, Virginia",51119,Renter occupied (dollars),57222,14201,370.199,61773.12124765329
B25119_001,2022,"Montgomery County, Virginia",51121,All,65270,3554,370.199,70461.21463483153
B25119_002,2022,"Montgomery County, Virginia",51121,Owner occupied (dollars),93573,5034,370.199,101015.27864294608
B25119_003,2022,"Montgomery County, Virginia",51121,Renter occupied (dollars),33587,2896,370.199,36258.32412961677
B25119_001,2022,"Nelson County, Virginia",51125,All,64028,11161,370.199,69120.4328273172
B25119_002,2022,"Nelson County, Virginia",51125,Owner occupied (dollars),78315,7627,370.199,84543.74175159846
B25119_003,2022,"Nelson County, Virginia",51125,Renter occupied (dollars),48806,13472,370.199,52687.75917676709
B25119_001,2022,"New Kent County, Virginia",51127,All,113120,6953,370.199,122116.93886153122
B25119_002,2022,"New Kent County, Virginia",51127,Owner occupied (dollars),116121,8090,370.199,125356.62179579091
B25119_003,2022,"New Kent County, Virginia",51127,Renter occupied (dollars),73786,52152,370.199,79654.5301523775
B25119_001,2022,"Northampton County, Virginia",51131,All,54693,7151,370.199,59042.978581627714
B25119_002,2022,"Northampton County, Virginia",51131,Owner occupied (dollars),77967,10212,370.199,84168.06375722247
B25119_003,2022,"Northampton County, Virginia",51131,Renter occupied (dollars),36178,10274,370.199,39055.397932571395
B25119_001,2022,"Northumberland County, Virginia",51133,All,64655,9266,370.199,69797.30093787395
B25119_002,2022,"Northumberland County, Virginia",51133,Owner occupied (dollars),67596,13431,370.199,72972.21180413777
B25119_003,2022,"Northumberland County, Virginia",51133,Renter occupied (dollars),53669,26903,370.199,57937.53528783168
B25119_001,2022,"Nottoway County, Virginia",51135,All,62366,8677,370.199,67326.24654383183
B25119_002,2022,"Nottoway County, Virginia",51135,Owner occupied (dollars),71677,5976,370.199,77377.79196232297
B25119_003,2022,"Nottoway County, Virginia",51135,Renter occupied (dollars),45088,11945,370.199,48674.05002995686
B25119_001,2022,"Orange County, Virginia",51137,All,87309,8209,370.199,94253.07474417813
B25119_002,2022,"Orange County, Virginia",51137,Owner occupied (dollars),104211,6657,370.199,112499.36629861237
B25119_003,2022,"Orange County, Virginia",51137,Renter occupied (dollars),50150,10763,370.199,54138.65349987439
B25119_001,2022,"Page County, Virginia",51139,All,56760,4228,370.199,61274.37632408515
B25119_002,2022,"Page County, Virginia",51139,Owner occupied (dollars),64857,4395,370.199,70015.36690012668
B25119_003,2022,"Page County, Virginia",51139,Renter occupied (dollars),41229,6174,370.199,44508.12652335635
B25119_001,2022,"Patrick County, Virginia",51141,All,49180,5345,370.199,53091.50506727462
B25119_002,2022,"Patrick County, Virginia",51141,Owner occupied (dollars),59052,6208,370.199,63748.669321527064
B25119_003,2022,"Patrick County, Virginia",51141,Renter occupied (dollars),31150,6918,370.199,33627.49863451819
B25119_001,2022,"Pittsylvania County, Virginia",51143,All,52619,3032,370.199,56804.0240979041
B25119_002,2022,"Pittsylvania County, Virginia",51143,Owner occupied (dollars),58552,3149,370.199,63208.90208822822
B25119_003,2022,"Pittsylvania County, Virginia",51143,Renter occupied (dollars),34546,3033,370.199,37293.597683083965
B25119_001,2022,"Powhatan County, Virginia",51145,All,108089,4924,370.199,116685.80096007822
B25119_002,2022,"Powhatan County, Virginia",51145,Owner occupied (dollars),112365,7957,370.199,121301.89033924996
B25119_003,2022,"Powhatan County, Virginia",51145,Renter occupied (dollars),49444,10339,370.199,53376.50216645642
B25119_001,2022,"Prince Edward County, Virginia",51147,All,57304,3789,370.199,61861.643073914296
B25119_002,2022,"Prince Edward County, Virginia",51147,Owner occupied (dollars),77663,8738,370.199,83839.88527937676
B25119_003,2022,"Prince Edward County, Virginia",51147,Renter occupied (dollars),36703,2776,370.199,39622.153527535185
B25119_001,2022,"Prince George County, Virginia",51149,All,80318,5072,370.199,86706.04928819364
B25119_002,2022,"Prince George County, Virginia",51149,Owner occupied (dollars),92500,9285,370.199,99856.93816028677
B25119_003,2022,"Prince George County, Virginia",51149,Renter occupied (dollars),61911,4303,370.199,66835.05836152988
B25119_001,2022,"Prince William County, Virginia",51153,All,123193,2696,370.199,132991.0895435698
B25119_002,2022,"Prince William County, Virginia",51153,Owner occupied (dollars),144217,2633,370.199,155687.22216931975
B25119_003,2022,"Prince William County, Virginia",51153,Renter occupied (dollars),76906,3163,370.199,83022.67768816231
B25119_001,2022,"Pulaski County, Virginia",51155,All,59740,3839,370.199,64491.38903454628
B25119_002,2022,"Pulaski County, Virginia",51155,Owner occupied (dollars),69017,5162,370.199,74506.23028117309
B25119_003,2022,"Pulaski County, Virginia",51155,Renter occupied (dollars),36235,5958,370.199,39116.931397167464
B25119_001,2022,"Rappahannock County, Virginia",51157,All,98663,11140,370.199,106510.10907792835
B25119_002,2022,"Rappahannock County, Virginia",51157,Owner occupied (dollars),104974,19478,370.199,113323.0510966264
B25119_003,2022,"Rappahannock County, Virginia",51157,Renter occupied (dollars),57045,25632,370.199,61582.0436470655
B25119_001,2022,"Richmond County, Virginia",51159,All,62708,11642,370.199,67695.44733140824
B25119_002,2022,"Richmond County, Virginia",51159,Owner occupied (dollars),74167,9688,370.199,80065.83278415122
B25119_003,2022,"Richmond County, Virginia",51159,Renter occupied (dollars),52732,13906,370.199,56926.01149262964
B25119_001,2022,"Roanoke County, Virginia",51161,All,80872,1889,370.199,87304.11138268876
B25119_002,2022,"Roanoke County, Virginia",51161,Owner occupied (dollars),93515,3321,370.199,100952.66564388342
B25119_003,2022,"Roanoke County, Virginia",51161,Renter occupied (dollars),49277,4977,370.199,53196.2199105346
B25119_001,2022,"Rockbridge County, Virginia",51163,All,61903,3537,370.199,66826.4220857971
B25119_002,2022,"Rockbridge County, Virginia",51163,Owner occupied (dollars),67217,5186,370.199,72563.06824129724
B25119_003,2022,"Rockbridge County, Virginia",51163,Renter occupied (dollars),40708,9219,370.199,43945.68906625896
B25119_001,2022,"Rockingham County, Virginia",51165,All,73232,2332,370.199,79056.46805788238
B25119_002,2022,"Rockingham County, Virginia",51165,Owner occupied (dollars),82874,3259,370.199,89465.33938481734
B25119_003,2022,"Rockingham County, Virginia",51165,Renter occupied (dollars),52325,4211,370.199,56486.64096472438
B25119_001,2022,"Russell County, Virginia",51167,All,44088,3911,370.199,47594.515563359164
B25119_002,2022,"Russell County, Virginia",51167,Owner occupied (dollars),53944,6285,370.199,58234.407266146045
B25119_003,2022,"Russell County, Virginia",51167,Renter occupied (dollars),27364,4188,370.199,29540.381143979317
B25119_001,2022,"Scott County, Virginia",51169,All,44535,2841,370.199,48077.06746992833
B25119_002,2022,"Scott County, Virginia",51169,Owner occupied (dollars),50313,3589,370.199,54314.61761792981
B25119_003,2022,"Scott County, Virginia",51169,Renter occupied (dollars),26767,8420,370.199,28895.899067420494
B25119_001,2022,"Shenandoah County, Virginia",51171,All,62149,4154,370.199,67091.98756458012
B25119_002,2022,"Shenandoah County, Virginia",51171,Owner occupied (dollars),71315,4506,370.199,76987.0004854146
B25119_003,2022,"Shenandoah County, Virginia",51171,Renter occupied (dollars),44620,3506,370.199,48168.82789958914
B25119_001,2022,"Smyth County, Virginia",51173,All,45061,3249,370.199,48644.90259935872
B25119_002,2022,"Smyth County, Virginia",51173,Owner occupied (dollars),54673,5130,370.199,59021.38789229576
B25119_003,2022,"Smyth County, Virginia",51173,Renter occupied (dollars),27837,3578,370.199,30051.000946680026
B25119_001,2022,"Southampton County, Virginia",51175,All,67813,7247,370.199,73206.47078338946
B25119_002,2022,"Southampton County, Virginia",51175,Owner occupied (dollars),82769,5436,370.199,89351.98826582459
B25119_003,2022,"Southampton County, Virginia",51175,Renter occupied (dollars),41071,8225,370.199,44337.56007763392
B25119_001,2022,"Spotsylvania County, Virginia",51177,All,105068,4750,370.199,113424.52733648659
B25119_002,2022,"Spotsylvania County, Virginia",51177,Owner occupied (dollars),118785,2999,370.199,128232.50161480716
B25119_003,2022,"Spotsylvania County, Virginia",51177,Renter occupied (dollars),62923,6487,370.199,67927.54724172674
B25119_001,2022,"Stafford County, Virginia",51179,All,128036,4073,370.199,138219.27496530244
B25119_002,2022,"Stafford County, Virginia",51179,Owner occupied (dollars),144386,3694,370.199,155869.66349417475
B25119_003,2022,"Stafford County, Virginia",51179,Renter occupied (dollars),70744,6206,370.199,76370.58630498732
B25119_001,2022,"Surry County, Virginia",51181,All,68655,7518,370.199,74115.43880426473
B25119_002,2022,"Surry County, Virginia",51181,Owner occupied (dollars),77228,18903,370.199,83370.28778640677
B25119_003,2022,"Surry County, Virginia",51181,Renter occupied (dollars),36364,25024,370.199,39256.19134335857
B25119_001,2022,"Sussex County, Virginia",51183,All,59195,6893,370.199,63903.04275025054
B25119_002,2022,"Sussex County, Virginia",51183,Owner occupied (dollars),68598,11963,370.199,74053.90533966866
B25119_003,2022,"Sussex County, Virginia",51183,Renter occupied (dollars),39457,12678,370.199,42595.191448545236
B25119_001,2022,"Tazewell County, Virginia",51185,All,46508,3300,370.199,50206.988972525585
B25119_002,2022,"Tazewell County, Virginia",51185,Owner occupied (dollars),54091,4094,370.199,58393.0988327359
B25119_003,2022,"Tazewell County, Virginia",51185,Renter occupied (dollars),35067,5455,370.199,37856.03514018136
B25119_001,2022,"Warren County, Virginia",51187,All,79313,7029,370.199,85621.11714926297
B25119_002,2022,"Warren County, Virginia",51187,Owner occupied (dollars),93350,5846,370.199,100774.5424568948
B25119_003,2022,"Warren County, Virginia",51187,Renter occupied (dollars),54388,5705,370.199,58713.72056931542
B25119_001,2022,"Washington County, Virginia",51191,All,59116,2547,370.199,63817.75952738932
B25119_002,2022,"Washington County, Virginia",51191,Owner occupied (dollars),67798,4412,370.199,73190.2777663905
B25119_003,2022,"Washington County, Virginia",51191,Renter occupied (dollars),40457,6278,370.199,43674.72591514293
B25119_001,2022,"Westmoreland County, Virginia",51193,All,56647,6946,370.199,61152.388929359615
B25119_002,2022,"Westmoreland County, Virginia",51193,Owner occupied (dollars),66826,9229,370.199,72140.97026485755
B25119_003,2022,"Westmoreland County, Virginia",51193,Renter occupied (dollars),30805,8786,370.199,33255.05924354198
B25119_001,2022,"Wise County, Virginia",51195,All,47541,3057,370.199,51322.14807652101
B25119_002,2022,"Wise County, Virginia",51195,Owner occupied (dollars),54509,4271,370.199,58844.34423977374
B25119_003,2022,"Wise County, Virginia",51195,Renter occupied (dollars),29794,5779,370.199,32163.649897811716
B25119_001,2022,"Wythe County, Virginia",51197,All,53921,4026,370.199,58209.57797341429
B25119_002,2022,"Wythe County, Virginia",51197,Owner occupied (dollars),67678,4750,370.199,73060.73363039878
B25119_003,2022,"Wythe County, Virginia",51197,Renter occupied (dollars),28538,3863,370.199,30807.75460776501
B25119_001,2022,"York County, Virginia",51199,All,105154,3549,370.199,113517.36730061399
B25119_002,2022,"York County, Virginia",51199,Owner occupied (dollars),125089,5040,370.199,135037.88689223904
B25119_003,2022,"York County, Virginia",51199,Renter occupied (dollars),71749,5774,370.199,77455.518443918
B25119_001,2022,"Alexandria city, Virginia",51510,All,113179,2531,370.199,122180.63139506048
B25119_002,2022,"Alexandria city, Virginia",51510,Owner occupied (dollars),175174,7054,370.199,189106.37065178456
B25119_003,2022,"Alexandria city, Virginia",51510,Renter occupied (dollars),87416,3333,370.199,94368.58493210407
B25119_001,2022,"Bristol city, Virginia",51520,All,45250,3145,370.199,48848.93461354569
B25119_002,2022,"Bristol city, Virginia",51520,Owner occupied (dollars),57836,8403,370.199,62435.95541014427
B25119_003,2022,"Bristol city, Virginia",51520,Renter occupied (dollars),31104,6277,370.199,33577.8400490547
B25119_001,2022,"Buena Vista city, Virginia",51530,All,48783,6971,370.199,52662.929884035344
B25119_002,2022,"Buena Vista city, Virginia",51530,Owner occupied (dollars),55842,9397,370.199,60283.36368374847
B25119_003,2022,"Buena Vista city, Virginia",51530,Renter occupied (dollars),47594,25285,370.199,51379.36340325068
B25119_001,2022,"Charlottesville city, Virginia",51540,All,67177,5125,370.199,72519.88686263334
B25119_002,2022,"Charlottesville city, Virginia",51540,Owner occupied (dollars),115654,8789,370.199,124852.47919988979
B25119_003,2022,"Charlottesville city, Virginia",51540,Renter occupied (dollars),41855,4627,370.199,45183.91509944651
B25119_001,2022,"Chesapeake city, Virginia",51550,All,92703,2198,370.199,100076.0836570061
B25119_002,2022,"Chesapeake city, Virginia",51550,Owner occupied (dollars),111613,3036,370.199,120490.0804203685
B25119_003,2022,"Chesapeake city, Virginia",51550,Renter occupied (dollars),52102,2215,370.199,56245.90477867309
B25119_001,2022,"Colonial Heights city, Virginia",51570,All,72216,5437,370.199,77959.66103981913
B25119_002,2022,"Colonial Heights city, Virginia",51570,Owner occupied (dollars),88407,5111,370.199,95438.40358850239
B25119_003,2022,"Colonial Heights city, Virginia",51570,Renter occupied (dollars),39894,6684,370.199,43066.94801044843
B25119_001,2022,"Covington city, Virginia",51580,All,45737,7034,370.199,49374.66789877876
B25119_002,2022,"Covington city, Virginia",51580,Owner occupied (dollars),47160,7545,370.199,50910.84544474728
B25119_003,2022,"Covington city, Virginia",51580,Renter occupied (dollars),33750,15715,370.199,36434.28824767219
B25119_001,2022,"Danville city, Virginia",51590,All,41484,3434,370.199,44783.407812338766
B25119_002,2022,"Danville city, Virginia",51590,Owner occupied (dollars),51544,6224,370.199,55643.52454631158
B25119_003,2022,"Danville city, Virginia",51590,Renter occupied (dollars),32472,4057,370.199,35054.64319936034
B25119_001,2022,"Emporia city, Virginia",51595,All,41442,5963,370.199,44738.06736474166
B25119_002,2022,"Emporia city, Virginia",51595,Owner occupied (dollars),51750,23325,370.199,55865.908646430704
B25119_003,2022,"Emporia city, Virginia",51595,Renter occupied (dollars),40000,8539,370.199,43181.37866390779
B25119_001,2022,"Fairfax city, Virginia",51600,All,128708,12089,370.199,138944.7221268561
B25119_002,2022,"Fairfax city, Virginia",51600,Owner occupied (dollars),174761,9059,370.199,188660.5229170797
B25119_003,2022,"Fairfax city, Virginia",51600,Renter occupied (dollars),68235,18990,370.199,73662.0343282937
B25119_001,2022,"Falls Church city, Virginia",51610,All,164536,13182,370.199,177622.2829961183
B25119_002,2022,"Falls Church city, Virginia",51610,Owner occupied (dollars),212150,22900,370.199,229023.23708870093
B25119_003,2022,"Falls Church city, Virginia",51610,Renter occupied (dollars),115754,14498,370.199,124960.43264654955
B25119_001,2022,"Franklin city, Virginia",51620,All,57537,5197,370.199,62113.17460463156
B25119_002,2022,"Franklin city, Virginia",51620,Owner occupied (dollars),80197,10626,370.199,86575.42561773532
B25119_003,2022,"Franklin city, Virginia",51620,Renter occupied (dollars),41667,12536,370.199,44980.962619726146
B25119_001,2022,"Fredericksburg city, Virginia",51630,All,83445,5309,370.199,90081.75356524464
B25119_002,2022,"Fredericksburg city, Virginia",51630,Owner occupied (dollars),145669,17439,370.199,157254.7062148196
B25119_003,2022,"Fredericksburg city, Virginia",51630,Renter occupied (dollars),64451,7191,370.199,69577.07590668803
B25119_001,2022,"Galax city, Virginia",51640,All,44612,9343,370.199,48160.19162385636
B25119_002,2022,"Galax city, Virginia",51640,Owner occupied (dollars),55625,18572,370.199,60049.10470449677
B25119_003,2022,"Galax city, Virginia",51640,Renter occupied (dollars),26875,17314,370.199,29012.488789813044
B25119_001,2022,"Hampton city, Virginia",51650,All,64430,1991,370.199,69554.40568288947
B25119_002,2022,"Hampton city, Virginia",51650,Owner occupied (dollars),82106,4670,370.199,88636.25691447032
B25119_003,2022,"Hampton city, Virginia",51650,Renter occupied (dollars),46080,2643,370.199,49744.948220821774
B25119_001,2022,"Harrisonburg city, Virginia",51660,All,56050,1802,370.199,60507.906852800785
B25119_002,2022,"Harrisonburg city, Virginia",51660,Owner occupied (dollars),87053,5864,370.199,93976.71392072912
B25119_003,2022,"Harrisonburg city, Virginia",51660,Renter occupied (dollars),40736,3333,370.199,43975.91603132369
B25119_001,2022,"Hopewell city, Virginia",51670,All,50661,5284,370.199,54690.29561230581
B25119_002,2022,"Hopewell city, Virginia",51670,Owner occupied (dollars),64792,6074,370.199,69945.19715979784
B25119_003,2022,"Hopewell city, Virginia",51670,Renter occupied (dollars),37475,6639,370.199,40455.55413574861
B25119_001,2022,"Lexington city, Virginia",51678,All,93651,19616,370.199,101099.48233134071
B25119_002,2022,"Lexington city, Virginia",51678,Owner occupied (dollars),101250,10723,370.199,109302.86474301659
B25119_003,2022,"Lexington city, Virginia",51678,Renter occupied (dollars),29531,29059,370.199,31879.732333096523
B25119_001,2022,"Lynchburg city, Virginia",51680,All,56243,2807,370.199,60716.257004854146
B25119_002,2022,"Lynchburg city, Virginia",51680,Owner occupied (dollars),81048,3003,370.199,87494.10944880996
B25119_003,2022,"Lynchburg city, Virginia",51680,Renter occupied (dollars),40196,3252,370.199,43392.96741936094
B25119_001,2022,"Manassas city, Virginia",51683,All,110559,8526,370.199,119352.25109257453
B25119_002,2022,"Manassas city, Virginia",51683,Owner occupied (dollars),126545,6274,370.199,136609.68907560527
B25119_003,2022,"Manassas city, Virginia",51683,Renter occupied (dollars),72887,6508,370.199,78684.02866690618
B25119_001,2022,"Manassas Park city, Virginia",51685,All,91673,14807,370.199,98964.16315641046
B25119_002,2022,"Manassas Park city, Virginia",51685,Owner occupied (dollars),114321,20572,370.199,123413.45975591506
B25119_003,2022,"Manassas Park city, Virginia",51685,Renter occupied (dollars),62741,13508,370.199,67731.07196880596
B25119_001,2022,"Martinsville city, Virginia",51690,All,39127,3628,370.199,42238.945074568
B25119_002,2022,"Martinsville city, Virginia",51690,Owner occupied (dollars),58434,7026,370.199,63081.51702116969
B25119_003,2022,"Martinsville city, Virginia",51690,Renter occupied (dollars),30488,4753,370.199,32912.84681763052
B25119_001,2022,"Newport News city, Virginia",51700,All,63355,2100,370.199,68393.90613129694
B25119_002,2022,"Newport News city, Virginia",51700,Owner occupied (dollars),86599,1894,370.199,93486.60527289376
B25119_003,2022,"Newport News city, Virginia",51700,Renter occupied (dollars),47392,2075,370.199,51161.29744099795
B25119_001,2022,"Norfolk city, Virginia",51710,All,60998,1879,370.199,65849.44339352618
B25119_002,2022,"Norfolk city, Virginia",51710,Owner occupied (dollars),89534,2448,370.199,96655.038932358
B25119_003,2022,"Norfolk city, Virginia",51710,Renter occupied (dollars),42716,1782,370.199,46113.39427518713
B25119_001,2022,"Norton city, Virginia",51720,All,36974,9394,370.199,39914.70736798317
B25119_002,2022,"Norton city, Virginia",51720,Owner occupied (dollars),58243,16435,370.199,62875.32593804953
B25119_003,2022,"Norton city, Virginia",51720,Renter occupied (dollars),15112,3249,370.199,16313.924859224362
B25119_001,2022,"Petersburg city, Virginia",51730,All,46930,3098,370.199,50662.55251742981
B25119_002,2022,"Petersburg city, Virginia",51730,Owner occupied (dollars),58815,7161,370.199,63492.81965294341
B25119_003,2022,"Petersburg city, Virginia",51730,Renter occupied (dollars),42669,2893,370.199,46062.656155257035
B25119_001,2022,"Poquoson city, Virginia",51735,All,114503,8375,370.199,123609.93502883584
B25119_002,2022,"Poquoson city, Virginia",51735,Owner occupied (dollars),127569,14789,370.199,137715.1323694013
B25119_003,2022,"Poquoson city, Virginia",51735,Renter occupied (dollars),88681,22887,370.199,95734.19603235017
B25119_001,2022,"Portsmouth city, Virginia",51740,All,57154,2467,370.199,61699.71290392464
B25119_002,2022,"Portsmouth city, Virginia",51740,Owner occupied (dollars),71386,2332,370.199,77063.64743254303
B25119_003,2022,"Portsmouth city, Virginia",51740,Renter occupied (dollars),40013,3109,370.199,43195.41261197356
B25119_001,2022,"Radford city, Virginia",51750,All,51039,7281,370.199,55098.35964067974
B25119_002,2022,"Radford city, Virginia",51750,Owner occupied (dollars),101143,18913,370.199,109187.35455509064
B25119_003,2022,"Radford city, Virginia",51750,Renter occupied (dollars),23209,4783,370.199,25054.915435265895
B25119_001,2022,"Richmond city, Virginia",51760,All,59606,2362,370.199,64346.73141602219
B25119_002,2022,"Richmond city, Virginia",51760,Owner occupied (dollars),92113,3963,370.199,99439.15832171345
B25119_003,2022,"Richmond city, Virginia",51760,Renter occupied (dollars),42998,1746,370.199,46417.822994767674
B25119_001,2022,"Roanoke city, Virginia",51770,All,51523,2303,370.199,55620.85432251303
B25119_002,2022,"Roanoke city, Virginia",51770,Owner occupied (dollars),70353,3649,370.199,75948.48832854761
B25119_003,2022,"Roanoke city, Virginia",51770,Renter occupied (dollars),34025,2886,370.199,36731.16022598656
B25119_001,2022,"Salem city, Virginia",51775,All,68402,4772,370.199,73842.31658421551
B25119_002,2022,"Salem city, Virginia",51775,Owner occupied (dollars),87515,4986,370.199,94475.45884429725
B25119_003,2022,"Salem city, Virginia",51775,Renter occupied (dollars),46170,3013,370.199,49842.10632281556
B25119_001,2022,"Staunton city, Virginia",51790,All,59731,5343,370.199,64481.6732243469
B25119_002,2022,"Staunton city, Virginia",51790,Owner occupied (dollars),80508,4642,370.199,86911.16083684721
B25119_003,2022,"Staunton city, Virginia",51790,Renter occupied (dollars),40282,3893,370.199,43485.80738348834
B25119_001,2022,"Suffolk city, Virginia",51800,All,87758,3707,370.199,94737.7857196805
B25119_002,2022,"Suffolk city, Virginia",51800,Owner occupied (dollars),106903,4534,370.199,115405.47308269335
B25119_003,2022,"Suffolk city, Virginia",51800,Renter occupied (dollars),49319,4573,370.199,53241.560358131705
B25119_001,2022,"Virginia Beach city, Virginia",51810,All,87544,1964,370.199,94506.76534382858
B25119_002,2022,"Virginia Beach city, Virginia",51810,Owner occupied (dollars),106566,2398,370.199,115041.66996744994
B25119_003,2022,"Virginia Beach city, Virginia",51810,Renter occupied (dollars),61265,1797,370.199,66137.67909610776
B25119_001,2022,"Waynesboro city, Virginia",51820,All,52519,4615,370.199,56696.07065124433
B25119_002,2022,"Waynesboro city, Virginia",51820,Owner occupied (dollars),74049,7241,370.199,79938.4477170927
B25119_003,2022,"Waynesboro city, Virginia",51820,Renter occupied (dollars),27591,3754,370.199,29785.435467896994
B25119_001,2022,"Williamsburg city, Virginia",51830,All,66815,4892,370.199,72129.09538572497
B25119_002,2022,"Williamsburg city, Virginia",51830,Owner occupied (dollars),99346,8393,370.199,107247.43111861458
B25119_003,2022,"Williamsburg city, Virginia",51830,Renter occupied (dollars),44571,6014,370.199,48115.93071072585
B25119_001,2022,"Winchester city, Virginia",51840,All,62495,4330,370.199,67465.50649002293
B25119_002,2022,"Winchester city, Virginia",51840,Owner occupied (dollars),96586,9720,370.199,104267.91599080493
B25119_003,2022,"Winchester city, Virginia",51840,Renter occupied (dollars),52568,3481,370.199,56748.967840107616
B25119_001,2023,"Accomack County, Virginia",51001,All,57500,7110,399.64258333333333,57499.999520404795
B25119_002,2023,"Accomack County, Virginia",51001,Owner occupied (dollars),68044,3439,399.64258333333333,68043.99943245955
B25119_003,2023,"Accomack County, Virginia",51001,Renter occupied (dollars),37093,5598,399.64258333333333,37092.999690615216
B25119_001,2023,"Albemarle County, Virginia",51003,All,102617,3655,399.64258333333333,102616.99914409354
B25119_002,2023,"Albemarle County, Virginia",51003,Owner occupied (dollars),127309,5466,399.64258333333333,127308.99893814285
B25119_003,2023,"Albemarle County, Virginia",51003,Renter occupied (dollars),64654,4031,399.64258333333333,64653.99946073481
B25119_001,2023,"Alleghany County, Virginia",51005,All,55160,3351,399.64258333333333,55159.99953992223
B25119_002,2023,"Alleghany County, Virginia",51005,Owner occupied (dollars),60421,6548,399.64258333333333,60420.99949604136
B25119_003,2023,"Alleghany County, Virginia",51005,Renter occupied (dollars),28519,6007,399.64258333333333,28518.99976212912
B25119_001,2023,"Amelia County, Virginia",51007,All,66339,8817,399.64258333333333,66338.99944668058
B25119_002,2023,"Amelia County, Virginia",51007,Owner occupied (dollars),66824,11369,399.64258333333333,66823.99944263531
B25119_003,2023,"Amelia County, Virginia",51007,Renter occupied (dollars),47679,40906,399.64258333333333,47678.99960231966
B25119_001,2023,"Amherst County, Virginia",51009,All,67298,4455,399.64258333333333,67297.99943868177
B25119_002,2023,"Amherst County, Virginia",51009,Owner occupied (dollars),76263,6705,399.64258333333333,76262.99936390662
B25119_003,2023,"Amherst County, Virginia",51009,Renter occupied (dollars),32560,5832,399.64258333333333,32559.999728424
B25119_001,2023,"Appomattox County, Virginia",51011,All,62337,7551,399.64258333333333,62336.99948006041
B25119_002,2023,"Appomattox County, Virginia",51011,Owner occupied (dollars),68987,7790,399.64258333333333,68986.99942459418
B25119_003,2023,"Appomattox County, Virginia",51011,Renter occupied (dollars),48854,7309,399.64258333333333,48853.999592519234
B25119_001,2023,"Arlington County, Virginia",51013,All,140160,3591,399.64258333333333,140159.99883095542
B25119_002,2023,"Arlington County, Virginia",51013,Owner occupied (dollars),202607,4952,399.64258333333333,202606.99831009834
B25119_003,2023,"Arlington County, Virginia",51013,Renter occupied (dollars),106327,3974,399.64258333333333,106326.99911314923
B25119_001,2023,"Augusta County, Virginia",51015,All,79972,4036,399.64258333333333,79971.99933297065
B25119_002,2023,"Augusta County, Virginia",51015,Owner occupied (dollars),89268,3095,399.64258333333333,89267.9992554347
B25119_003,2023,"Augusta County, Virginia",51015,Renter occupied (dollars),47123,8127,399.64258333333333,47122.999606957135
B25119_001,2023,"Bath County, Virginia",51017,All,61709,19195,399.64258333333333,61708.999485298424
B25119_002,2023,"Bath County, Virginia",51017,Owner occupied (dollars),85644,16017,399.64258333333333,85643.9992856617
B25119_003,2023,"Bath County, Virginia",51017,Renter occupied (dollars),36420,3989,399.64258333333333,36419.999696228566
B25119_001,2023,"Bedford County, Virginia",51019,All,77644,2965,399.64258333333333,77643.999352388
B25119_002,2023,"Bedford County, Virginia",51019,Owner occupied (dollars),86830,3778,399.64258333333333,86829.99927576954
B25119_003,2023,"Bedford County, Virginia",51019,Renter occupied (dollars),42193,4718,399.64258333333333,42192.99964807721
B25119_001,2023,"Bland County, Virginia",51021,All,61375,4954,399.64258333333333,61374.99948808425
B25119_002,2023,"Bland County, Virginia",51021,Owner occupied (dollars),66667,10293,399.64258333333333,66666.9994439448
B25119_003,2023,"Bland County, Virginia",51021,Renter occupied (dollars),41477,3490,399.64258333333333,41476.999654049214
B25119_001,2023,"Botetourt County, Virginia",51023,All,80467,4834,399.64258333333333,80466.99932884196
B25119_002,2023,"Botetourt County, Virginia",51023,Owner occupied (dollars),86778,4499,399.64258333333333,86777.99927620326
B25119_003,2023,"Botetourt County, Virginia",51023,Renter occupied (dollars),56807,3344,399.64258333333333,56806.99952618496
B25119_001,2023,"Brunswick County, Virginia",51025,All,52978,3501,399.64258333333333,52977.99955812183
B25119_002,2023,"Brunswick County, Virginia",51025,Owner occupied (dollars),60778,7049,399.64258333333333,60777.9994930637
B25119_003,2023,"Brunswick County, Virginia",51025,Renter occupied (dollars),28074,7617,399.64258333333333,28073.99976584077
B25119_001,2023,"Buchanan County, Virginia",51027,All,42216,3582,399.64258333333333,42215.99964788537
B25119_002,2023,"Buchanan County, Virginia",51027,Owner occupied (dollars),45455,3649,399.64258333333333,45454.99962086957
B25119_003,2023,"Buchanan County, Virginia",51027,Renter occupied (dollars),21892,3100,399.64258333333333,21891.99981740351
B25119_001,2023,"Buckingham County, Virginia",51029,All,59199,5693,399.64258333333333,59198.9995062338
B25119_002,2023,"Buckingham County, Virginia",51029,Owner occupied (dollars),66715,5682,399.64258333333333,66714.99944354445
B25119_003,2023,"Buckingham County, Virginia",51029,Renter occupied (dollars),34844,4330,399.64258333333333,34843.999709373646
B25119_001,2023,"Campbell County, Virginia",51031,All,62608,4233,399.64258333333333,62607.99947780006
B25119_002,2023,"Campbell County, Virginia",51031,Owner occupied (dollars),71083,4753,399.64258333333333,71082.9994071119
B25119_003,2023,"Campbell County, Virginia",51031,Renter occupied (dollars),48079,5790,399.64258333333333,48078.99959898334
B25119_001,2023,"Caroline County, Virginia",51033,All,86267,8648,399.64258333333333,86266.9992804654
B25119_002,2023,"Caroline County, Virginia",51033,Owner occupied (dollars),97677,6957,399.64258333333333,97676.99918529703
B25119_003,2023,"Caroline County, Virginia",51033,Renter occupied (dollars),45974,9459,399.64258333333333,45973.9996165407
B25119_001,2023,"Carroll County, Virginia",51035,All,52575,4461,399.64258333333333,52574.999561483164
B25119_002,2023,"Carroll County, Virginia",51035,Owner occupied (dollars),57051,5040,399.64258333333333,57050.99952414981
B25119_003,2023,"Carroll County, Virginia",51035,Renter occupied (dollars),33463,9034,399.64258333333333,33462.99972089227
B25119_001,2023,"Charles City County, Virginia",51036,All,70339,4388,399.64258333333333,70338.99941331745
B25119_002,2023,"Charles City County, Virginia",51036,Owner occupied (dollars),76144,7737,399.64258333333333,76143.99936489918
B25119_003,2023,"Charles City County, Virginia",51036,Renter occupied (dollars),44688,21353,399.64258333333333,44687.999627266945
B25119_001,2023,"Charlotte County, Virginia",51037,All,48892,10113,399.64258333333333,48891.99959220228
B25119_002,2023,"Charlotte County, Virginia",51037,Owner occupied (dollars),63690,6924,399.64258333333333,63689.99946877533
B25119_003,2023,"Charlotte County, Virginia",51037,Renter occupied (dollars),24636,8485,399.64258333333333,24635.999794516392
B25119_001,2023,"Chesterfield County, Virginia",51041,All,98910,1898,399.64258333333333,98909.99917501284
B25119_002,2023,"Chesterfield County, Virginia",51041,Owner occupied (dollars),113553,2469,399.64258333333333,113552.9990528787
B25119_003,2023,"Chesterfield County, Virginia",51041,Renter occupied (dollars),60729,3219,399.64258333333333,60728.999493472395
B25119_001,2023,"Clarke County, Virginia",51043,All,114185,9263,399.64258333333333,114184.99904760733
B25119_002,2023,"Clarke County, Virginia",51043,Owner occupied (dollars),128875,10684,399.64258333333333,128874.99892508118
B25119_003,2023,"Clarke County, Virginia",51043,Renter occupied (dollars),46908,6130,399.64258333333333,46907.999608750404
B25119_001,2023,"Craig County, Virginia",51045,All,67778,14551,399.64258333333333,67777.99943467819
B25119_002,2023,"Craig County, Virginia",51045,Owner occupied (dollars),68153,13185,399.64258333333333,68152.9994315504
B25119_003,2023,"Craig County, Virginia",51045,Renter occupied (dollars),NA,NA,399.64258333333333,NA
B25119_001,2023,"Culpeper County, Virginia",51047,All,96098,5662,399.64258333333333,96097.99919846714
B25119_002,2023,"Culpeper County, Virginia",51047,Owner occupied (dollars),110013,5973,399.64258333333333,110012.99908240509
B25119_003,2023,"Culpeper County, Virginia",51047,Renter occupied (dollars),54985,6128,399.64258333333333,54984.99954138187
B25119_001,2023,"Cumberland County, Virginia",51049,All,57057,3876,399.64258333333333,57056.99952409977
B25119_002,2023,"Cumberland County, Virginia",51049,Owner occupied (dollars),64423,5415,399.64258333333333,64422.99946266153
B25119_003,2023,"Cumberland County, Virginia",51049,Renter occupied (dollars),42083,4776,399.64258333333333,42082.99964899469
B25119_001,2023,"Dickenson County, Virginia",51051,All,43831,3611,399.64258333333333,43830.999634415
B25119_002,2023,"Dickenson County, Virginia",51051,Owner occupied (dollars),50806,4728,399.64258333333333,50805.99957623802
B25119_003,2023,"Dickenson County, Virginia",51051,Renter occupied (dollars),27635,6940,399.64258333333333,27634.999769502374
B25119_001,2023,"Dinwiddie County, Virginia",51053,All,83898,6591,399.64258333333333,83897.99930022472
B25119_002,2023,"Dinwiddie County, Virginia",51053,Owner occupied (dollars),89341,5335,399.64258333333333,89340.99925482582
B25119_003,2023,"Dinwiddie County, Virginia",51053,Renter occupied (dollars),46000,23330,399.64258333333333,45999.99961632384
B25119_001,2023,"Essex County, Virginia",51057,All,56481,7411,399.64258333333333,56480.99952890405
B25119_002,2023,"Essex County, Virginia",51057,Owner occupied (dollars),61823,14852,399.64258333333333,61822.99948434758
B25119_003,2023,"Essex County, Virginia",51057,Renter occupied (dollars),44112,6428,399.64258333333333,44111.99963207124
B25119_001,2023,"Fairfax County, Virginia",51059,All,150113,1612,399.64258333333333,150112.99874793956
B25119_002,2023,"Fairfax County, Virginia",51059,Owner occupied (dollars),184510,1929,399.64258333333333,184509.99846104154
B25119_003,2023,"Fairfax County, Virginia",51059,Renter occupied (dollars),94354,1368,399.64258333333333,94353.99921301346
B25119_001,2023,"Fauquier County, Virginia",51061,All,129495,5639,399.64258333333333,129494.99891990989
B25119_002,2023,"Fauquier County, Virginia",51061,Owner occupied (dollars),146228,3972,399.64258333333333,146227.9987803435
B25119_003,2023,"Fauquier County, Virginia",51061,Renter occupied (dollars),76037,13667,399.64258333333333,76036.99936579163
B25119_001,2023,"Floyd County, Virginia",51063,All,61401,9002,399.64258333333333,61400.99948786739
B25119_002,2023,"Floyd County, Virginia",51063,Owner occupied (dollars),70029,10216,399.64258333333333,70028.99941590309
B25119_003,2023,"Floyd County, Virginia",51063,Renter occupied (dollars),41455,5983,399.64258333333333,41454.999654232706
B25119_001,2023,"Fluvanna County, Virginia",51065,All,91959,5523,399.64258333333333,91958.99923298965
B25119_002,2023,"Fluvanna County, Virginia",51065,Owner occupied (dollars),97768,6574,399.64258333333333,97767.99918453801
B25119_003,2023,"Fluvanna County, Virginia",51065,Renter occupied (dollars),54330,6214,399.64258333333333,54329.99954684509
B25119_001,2023,"Franklin County, Virginia",51067,All,68348,3730,399.64258333333333,68347.99942992395
B25119_002,2023,"Franklin County, Virginia",51067,Owner occupied (dollars),75167,3559,399.64258333333333,75166.99937304812
B25119_003,2023,"Franklin County, Virginia",51067,Renter occupied (dollars),50812,10292,399.64258333333333,50811.999576187976
B25119_001,2023,"Frederick County, Virginia",51069,All,95603,3560,399.64258333333333,95602.99920259582
B25119_002,2023,"Frederick County, Virginia",51069,Owner occupied (dollars),107520,4829,399.64258333333333,107519.99910319867
B25119_003,2023,"Frederick County, Virginia",51069,Renter occupied (dollars),59728,8578,399.64258333333333,59727.99950182153
B25119_001,2023,"Giles County, Virginia",51071,All,64819,3998,399.64258333333333,64818.99945935858
B25119_002,2023,"Giles County, Virginia",51071,Owner occupied (dollars),68233,2479,399.64258333333333,68232.99943088314
B25119_003,2023,"Giles County, Virginia",51071,Renter occupied (dollars),42083,12624,399.64258333333333,42082.99964899469
B25119_001,2023,"Gloucester County, Virginia",51073,All,83689,5736,399.64258333333333,83688.99930196795
B25119_002,2023,"Gloucester County, Virginia",51073,Owner occupied (dollars),94495,5562,399.64258333333333,94494.9992118374
B25119_003,2023,"Gloucester County, Virginia",51073,Renter occupied (dollars),52279,9141,399.64258333333333,52278.99956395204
B25119_001,2023,"Goochland County, Virginia",51075,All,118695,8365,399.64258333333333,118694.99900999038
B25119_002,2023,"Goochland County, Virginia",51075,Owner occupied (dollars),127465,12794,399.64258333333333,127464.99893684169
B25119_003,2023,"Goochland County, Virginia",51075,Renter occupied (dollars),72708,7606,399.64258333333333,72707.99939355812
B25119_001,2023,"Grayson County, Virginia",51077,All,42864,3634,399.64258333333333,42863.99964248054
B25119_002,2023,"Grayson County, Virginia",51077,Owner occupied (dollars),49072,5701,399.64258333333333,49071.99959070094
B25119_003,2023,"Grayson County, Virginia",51077,Renter occupied (dollars),26741,5494,399.64258333333333,26740.999776959037
B25119_001,2023,"Greene County, Virginia",51079,All,85268,5185,399.64258333333333,85267.99928879784
B25119_002,2023,"Greene County, Virginia",51079,Owner occupied (dollars),92113,8451,399.64258333333333,92112.99923170517
B25119_003,2023,"Greene County, Virginia",51079,Renter occupied (dollars),73242,6940,399.64258333333333,73241.99938910414
B25119_001,2023,"Greensville County, Virginia",51081,All,56759,8679,399.64258333333333,56758.999526585314
B25119_002,2023,"Greensville County, Virginia",51081,Owner occupied (dollars),68018,5600,399.64258333333333,68017.9994326764
B25119_003,2023,"Greensville County, Virginia",51081,Renter occupied (dollars),36475,4890,399.64258333333333,36474.999695769824
B25119_001,2023,"Halifax County, Virginia",51083,All,49244,3702,399.64258333333333,49243.99958926633
B25119_002,2023,"Halifax County, Virginia",51083,Owner occupied (dollars),58000,4474,399.64258333333333,57999.9995162344
B25119_003,2023,"Halifax County, Virginia",51083,Renter occupied (dollars),28010,3038,399.64258333333333,28009.999766374578
B25119_001,2023,"Hanover County, Virginia",51085,All,109504,3618,399.64258333333333,109503.99908665055
B25119_002,2023,"Hanover County, Virginia",51085,Owner occupied (dollars),121279,3606,399.64258333333333,121278.9989884378
B25119_003,2023,"Hanover County, Virginia",51085,Renter occupied (dollars),65156,7907,399.64258333333333,65155.99945654774
B25119_001,2023,"Henrico County, Virginia",51087,All,86397,1572,399.64258333333333,86396.9992793811
B25119_002,2023,"Henrico County, Virginia",51087,Owner occupied (dollars),110789,4057,399.64258333333333,110788.99907593265
B25119_003,2023,"Henrico County, Virginia",51087,Renter occupied (dollars),56905,1818,399.64258333333333,56904.999525367566
B25119_001,2023,"Henry County, Virginia",51089,All,48445,3129,399.64258333333333,48444.99959593061
B25119_002,2023,"Henry County, Virginia",51089,Owner occupied (dollars),54866,5038,399.64258333333333,54865.999542374426
B25119_003,2023,"Henry County, Virginia",51089,Renter occupied (dollars),33493,3360,399.64258333333333,33492.99972064205
B25119_001,2023,"Highland County, Virginia",51091,All,62946,11045,399.64258333333333,62945.999474980876
B25119_002,2023,"Highland County, Virginia",51091,Owner occupied (dollars),67500,10524,399.64258333333333,67499.99943699694
B25119_003,2023,"Highland County, Virginia",51091,Renter occupied (dollars),32917,15318,399.64258333333333,32916.999725446345
B25119_001,2023,"Isle of Wight County, Virginia",51093,All,96118,3722,399.64258333333333,96117.99919830031
B25119_002,2023,"Isle of Wight County, Virginia",51093,Owner occupied (dollars),105280,5374,399.64258333333333,105279.99912188204
B25119_003,2023,"Isle of Wight County, Virginia",51093,Renter occupied (dollars),54035,8214,399.64258333333333,54034.99954930562
B25119_001,2023,"James City County, Virginia",51095,All,107046,4875,399.64258333333333,107045.99910715221
B25119_002,2023,"James City County, Virginia",51095,Owner occupied (dollars),119818,4440,399.64258333333333,119817.99900062368
B25119_003,2023,"James City County, Virginia",51095,Renter occupied (dollars),59338,6822,399.64258333333333,59337.99950507443
B25119_001,2023,"King and Queen County, Virginia",51097,All,72851,14580,399.64258333333333,72850.99939236538
B25119_002,2023,"King and Queen County, Virginia",51097,Owner occupied (dollars),85375,14169,399.64258333333333,85374.99928790538
B25119_003,2023,"King and Queen County, Virginia",51097,Renter occupied (dollars),49857,7789,399.64258333333333,49856.999584153426
B25119_001,2023,"King George County, Virginia",51099,All,110517,8041,399.64258333333333,110516.99907820133
B25119_002,2023,"King George County, Virginia",51099,Owner occupied (dollars),128446,6757,399.64258333333333,128445.99892865938
B25119_003,2023,"King George County, Virginia",51099,Renter occupied (dollars),60130,7784,399.64258333333333,60129.999498468525
B25119_001,2023,"King William County, Virginia",51101,All,85212,6750,399.64258333333333,85211.99928926493
B25119_002,2023,"King William County, Virginia",51101,Owner occupied (dollars),91667,7092,399.64258333333333,91666.99923542516
B25119_003,2023,"King William County, Virginia",51101,Renter occupied (dollars),41172,12740,399.64258333333333,41171.99965659315
B25119_001,2023,"Lancaster County, Virginia",51103,All,67169,5573,399.64258333333333,67168.99943975774
B25119_002,2023,"Lancaster County, Virginia",51103,Owner occupied (dollars),82576,7685,399.64258333333333,82575.99931125125
B25119_003,2023,"Lancaster County, Virginia",51103,Renter occupied (dollars),45718,5666,399.64258333333333,45717.99961867594
B25119_001,2023,"Lee County, Virginia",51105,All,42269,3974,399.64258333333333,42268.99964744331
B25119_002,2023,"Lee County, Virginia",51105,Owner occupied (dollars),55056,5995,399.64258333333333,55055.99954078968
B25119_003,2023,"Lee County, Virginia",51105,Renter occupied (dollars),21467,2898,399.64258333333333,21466.999820948342
B25119_001,2023,"Loudoun County, Virginia",51107,All,178707,3411,399.64258333333333,178706.99850944313
B25119_002,2023,"Loudoun County, Virginia",51107,Owner occupied (dollars),204784,4650,399.64258333333333,204783.99829194046
B25119_003,2023,"Loudoun County, Virginia",51107,Renter occupied (dollars),100341,4481,399.64258333333333,100340.99916307717
B25119_001,2023,"Louisa County, Virginia",51109,All,80343,8971,399.64258333333333,80342.99932987621
B25119_002,2023,"Louisa County, Virginia",51109,Owner occupied (dollars),92843,9302,399.64258333333333,92842.99922561638
B25119_003,2023,"Louisa County, Virginia",51109,Renter occupied (dollars),47991,8688,399.64258333333333,47990.99959971733
B25119_001,2023,"Lunenburg County, Virginia",51111,All,54460,6742,399.64258333333333,54459.99954576079
B25119_002,2023,"Lunenburg County, Virginia",51111,Owner occupied (dollars),61582,10715,399.64258333333333,61581.99948635771
B25119_003,2023,"Lunenburg County, Virginia",51111,Renter occupied (dollars),37269,19470,399.64258333333333,37268.99968914724
B25119_001,2023,"Madison County, Virginia",51113,All,82972,8192,399.64258333333333,82971.9993079483
B25119_002,2023,"Madison County, Virginia",51113,Owner occupied (dollars),94800,12117,399.64258333333333,94799.99920929347
B25119_003,2023,"Madison County, Virginia",51113,Renter occupied (dollars),46250,22335,399.64258333333333,46249.99961423864
B25119_001,2023,"Mathews County, Virginia",51115,All,75487,9473,399.64258333333333,75486.99937037907
B25119_002,2023,"Mathews County, Virginia",51115,Owner occupied (dollars),81271,13874,399.64258333333333,81270.99932213596
B25119_003,2023,"Mathews County, Virginia",51115,Renter occupied (dollars),41061,12955,399.64258333333333,41060.99965751898
B25119_001,2023,"Mecklenburg County, Virginia",51117,All,51691,4187,399.64258333333333,51690.99956885642
B25119_002,2023,"Mecklenburg County, Virginia",51117,Owner occupied (dollars),63798,3975,399.64258333333333,63797.99946787452
B25119_003,2023,"Mecklenburg County, Virginia",51117,Renter occupied (dollars),26536,8545,399.64258333333333,26535.9997786689
B25119_001,2023,"Middlesex County, Virginia",51119,All,74154,7504,399.64258333333333,74153.99938149734
B25119_002,2023,"Middlesex County, Virginia",51119,Owner occupied (dollars),80380,10585,399.64258333333333,80379.99932956761
B25119_003,2023,"Middlesex County, Virginia",51119,Renter occupied (dollars),36925,8296,399.64258333333333,36924.99969201647
B25119_001,2023,"Montgomery County, Virginia",51121,All,70769,2976,399.64258333333333,70768.99940973091
B25119_002,2023,"Montgomery County, Virginia",51121,Owner occupied (dollars),100984,5036,399.64258333333333,100983.99915771405
B25119_003,2023,"Montgomery County, Virginia",51121,Renter occupied (dollars),36588,3083,399.64258333333333,36587.99969482732
B25119_001,2023,"Nelson County, Virginia",51125,All,68525,9514,399.64258333333333,68524.99942844763
B25119_002,2023,"Nelson County, Virginia",51125,Owner occupied (dollars),80710,8149,399.64258333333333,80709.99932681514
B25119_003,2023,"Nelson County, Virginia",51125,Renter occupied (dollars),46857,11740,399.64258333333333,46856.999609175786
B25119_001,2023,"New Kent County, Virginia",51127,All,120125,7752,399.64258333333333,120124.99899806306
B25119_002,2023,"New Kent County, Virginia",51127,Owner occupied (dollars),123807,5323,399.64258333333333,123806.99896735228
B25119_003,2023,"New Kent County, Virginia",51127,Renter occupied (dollars),69519,27502,399.64258333333333,69518.99942015689
B25119_001,2023,"Northampton County, Virginia",51131,All,55933,6500,399.64258333333333,55932.99953347481
B25119_002,2023,"Northampton County, Virginia",51131,Owner occupied (dollars),80777,14680,399.64258333333333,80776.99932625632
B25119_003,2023,"Northampton County, Virginia",51131,Renter occupied (dollars),38774,8966,399.64258333333333,38773.99967659436
B25119_001,2023,"Northumberland County, Virginia",51133,All,69500,9935,399.64258333333333,69499.99942031536
B25119_002,2023,"Northumberland County, Virginia",51133,Owner occupied (dollars),72344,10984,399.64258333333333,72343.99939659417
B25119_003,2023,"Northumberland County, Virginia",51133,Renter occupied (dollars),55641,19200,399.64258333333333,55640.99953591032
B25119_001,2023,"Nottoway County, Virginia",51135,All,62161,6997,399.64258333333333,62160.99948152839
B25119_002,2023,"Nottoway County, Virginia",51135,Owner occupied (dollars),73465,5638,399.64258333333333,73464.99938724414
B25119_003,2023,"Nottoway County, Virginia",51135,Renter occupied (dollars),46152,10340,399.64258333333333,46151.99961505604
B25119_001,2023,"Orange County, Virginia",51137,All,94175,7330,399.64258333333333,94174.99921450646
B25119_002,2023,"Orange County, Virginia",51137,Owner occupied (dollars),110386,7131,399.64258333333333,110385.99907929398
B25119_003,2023,"Orange County, Virginia",51137,Renter occupied (dollars),54126,5242,399.64258333333333,54125.999548546606
B25119_001,2023,"Page County, Virginia",51139,All,59396,4060,399.64258333333333,59395.99950459066
B25119_002,2023,"Page County, Virginia",51139,Owner occupied (dollars),67713,4780,399.64258333333333,67712.99943522035
B25119_003,2023,"Page County, Virginia",51139,Renter occupied (dollars),41340,4740,399.64258333333333,41339.9996551919
B25119_001,2023,"Patrick County, Virginia",51141,All,50938,4126,399.64258333333333,50937.99957513704
B25119_002,2023,"Patrick County, Virginia",51141,Owner occupied (dollars),61658,9193,399.64258333333333,61657.999485723805
B25119_003,2023,"Patrick County, Virginia",51141,Renter occupied (dollars),33994,4177,399.64258333333333,33993.99971646332
B25119_001,2023,"Pittsylvania County, Virginia",51143,All,54115,3035,399.64258333333333,54114.999548638356
B25119_002,2023,"Pittsylvania County, Virginia",51143,Owner occupied (dollars),61940,3015,399.64258333333333,61939.99948337171
B25119_003,2023,"Pittsylvania County, Virginia",51143,Renter occupied (dollars),33533,5978,399.64258333333333,33532.99972030842
B25119_001,2023,"Powhatan County, Virginia",51145,All,110667,6545,399.64258333333333,110666.99907695022
B25119_002,2023,"Powhatan County, Virginia",51145,Owner occupied (dollars),115671,5183,399.64258333333333,115670.99903521292
B25119_003,2023,"Powhatan County, Virginia",51145,Renter occupied (dollars),50207,20219,399.64258333333333,50206.99958123415
B25119_001,2023,"Prince Edward County, Virginia",51147,All,55082,5441,399.64258333333333,55081.99954057282
B25119_002,2023,"Prince Edward County, Virginia",51147,Owner occupied (dollars),82857,10014,399.64258333333333,82856.99930890749
B25119_003,2023,"Prince Edward County, Virginia",51147,Renter occupied (dollars),37408,3175,399.64258333333333,37407.99968798787
B25119_001,2023,"Prince George County, Virginia",51149,All,88225,7050,399.64258333333333,88224.99926413414
B25119_002,2023,"Prince George County, Virginia",51149,Owner occupied (dollars),103553,8699,399.64258333333333,103552.99913628657
B25119_003,2023,"Prince George County, Virginia",51149,Renter occupied (dollars),66636,6926,399.64258333333333,66635.99944420338
B25119_001,2023,"Prince William County, Virginia",51153,All,128873,2929,399.64258333333333,128872.99892509787
B25119_002,2023,"Prince William County, Virginia",51153,Owner occupied (dollars),150377,2959,399.64258333333333,150376.9987457376
B25119_003,2023,"Prince William County, Virginia",51153,Renter occupied (dollars),82486,3027,399.64258333333333,82485.9993120019
B25119_001,2023,"Pulaski County, Virginia",51155,All,60767,2642,399.64258333333333,60766.99949315545
B25119_002,2023,"Pulaski County, Virginia",51155,Owner occupied (dollars),69201,5183,399.64258333333333,69200.99942280925
B25119_003,2023,"Pulaski County, Virginia",51155,Renter occupied (dollars),36213,5174,399.64258333333333,36212.99969795511
B25119_001,2023,"Rappahannock County, Virginia",51157,All,98125,10889,399.64258333333333,98124.99918156036
B25119_002,2023,"Rappahannock County, Virginia",51157,Owner occupied (dollars),103141,10513,399.64258333333333,103140.99913972298
B25119_003,2023,"Rappahannock County, Virginia",51157,Renter occupied (dollars),58018,27700,399.64258333333333,58017.999516084266
B25119_001,2023,"Richmond County, Virginia",51159,All,64184,8531,399.64258333333333,64183.99946465498
B25119_002,2023,"Richmond County, Virginia",51159,Owner occupied (dollars),74669,10585,399.64258333333333,74668.99937720184
B25119_003,2023,"Richmond County, Virginia",51159,Renter occupied (dollars),55029,16841,399.64258333333333,55028.99954101488
B25119_001,2023,"Roanoke County, Virginia",51161,All,82931,2493,399.64258333333333,82930.99930829027
B25119_002,2023,"Roanoke County, Virginia",51161,Owner occupied (dollars),95028,3485,399.64258333333333,95027.99920739177
B25119_003,2023,"Roanoke County, Virginia",51161,Renter occupied (dollars),52463,6016,399.64258333333333,52462.99956241733
B25119_001,2023,"Rockbridge County, Virginia",51163,All,63975,3414,399.64258333333333,63974.99946639821
B25119_002,2023,"Rockbridge County, Virginia",51163,Owner occupied (dollars),69241,5087,399.64258333333333,69240.99942247562
B25119_003,2023,"Rockbridge County, Virginia",51163,Renter occupied (dollars),41435,6543,399.64258333333333,41434.99965439952
B25119_001,2023,"Rockingham County, Virginia",51165,All,78468,3809,399.64258333333333,78467.99934551519
B25119_002,2023,"Rockingham County, Virginia",51165,Owner occupied (dollars),89703,3321,399.64258333333333,89702.99925180645
B25119_003,2023,"Rockingham County, Virginia",51165,Renter occupied (dollars),53395,3247,399.64258333333333,53394.99955464372
B25119_001,2023,"Russell County, Virginia",51167,All,49020,6164,399.64258333333333,49019.99959113466
B25119_002,2023,"Russell County, Virginia",51167,Owner occupied (dollars),57635,6083,399.64258333333333,57634.99951927879
B25119_003,2023,"Russell County, Virginia",51167,Renter occupied (dollars),28957,3812,399.64258333333333,28956.999758475853
B25119_001,2023,"Scott County, Virginia",51169,All,45136,3479,399.64258333333333,45135.999623530275
B25119_002,2023,"Scott County, Virginia",51169,Owner occupied (dollars),52408,4992,399.64258333333333,52407.99956287608
B25119_003,2023,"Scott County, Virginia",51169,Renter occupied (dollars),28868,6060,399.64258333333333,28867.999759218186
B25119_001,2023,"Shenandoah County, Virginia",51171,All,64437,5125,399.64258333333333,64436.99946254476
B25119_002,2023,"Shenandoah County, Virginia",51171,Owner occupied (dollars),76115,5838,399.64258333333333,76114.99936514106
B25119_003,2023,"Shenandoah County, Virginia",51171,Renter occupied (dollars),44490,3029,399.64258333333333,44489.99962891842
B25119_001,2023,"Smyth County, Virginia",51173,All,46859,3066,399.64258333333333,46858.9996091591
B25119_002,2023,"Smyth County, Virginia",51173,Owner occupied (dollars),57194,5926,399.64258333333333,57193.99952295708
B25119_003,2023,"Smyth County, Virginia",51173,Renter occupied (dollars),31690,3750,399.64258333333333,31689.999735680485
B25119_001,2023,"Southampton County, Virginia",51175,All,68465,6696,399.64258333333333,68464.99942894808
B25119_002,2023,"Southampton County, Virginia",51175,Owner occupied (dollars),85153,5966,399.64258333333333,85152.99928975703
B25119_003,2023,"Southampton County, Virginia",51175,Renter occupied (dollars),41969,9268,399.64258333333333,41968.999649945545
B25119_001,2023,"Spotsylvania County, Virginia",51177,All,109576,3565,399.64258333333333,109575.99908605001
B25119_002,2023,"Spotsylvania County, Virginia",51177,Owner occupied (dollars),124309,2905,399.64258333333333,124308.99896316521
B25119_003,2023,"Spotsylvania County, Virginia",51177,Renter occupied (dollars),63961,4694,399.64258333333333,63960.99946651498
B25119_001,2023,"Stafford County, Virginia",51179,All,133792,4286,399.64258333333333,133791.99888406953
B25119_002,2023,"Stafford County, Virginia",51179,Owner occupied (dollars),149407,3106,399.64258333333333,149406.99875382817
B25119_003,2023,"Stafford County, Virginia",51179,Renter occupied (dollars),76861,4224,399.64258333333333,76860.99935891884
B25119_001,2023,"Surry County, Virginia",51181,All,71458,7411,399.64258333333333,71457.9994039841
B25119_002,2023,"Surry County, Virginia",51181,Owner occupied (dollars),78295,19273,399.64258333333333,78294.99934695815
B25119_003,2023,"Surry County, Virginia",51181,Renter occupied (dollars),NA,NA,399.64258333333333,NA
B25119_001,2023,"Sussex County, Virginia",51183,All,62821,9515,399.64258333333333,62820.99947602347
B25119_002,2023,"Sussex County, Virginia",51183,Owner occupied (dollars),81678,16312,399.64258333333333,81677.99931874126
B25119_003,2023,"Sussex County, Virginia",51183,Renter occupied (dollars),36942,6140,399.64258333333333,36941.99969187468
B25119_001,2023,"Tazewell County, Virginia",51185,All,45788,3448,399.64258333333333,45787.999618092086
B25119_002,2023,"Tazewell County, Virginia",51185,Owner occupied (dollars),54850,4846,399.64258333333333,54849.99954250788
B25119_003,2023,"Tazewell County, Virginia",51185,Renter occupied (dollars),31945,2741,399.64258333333333,31944.999733553585
B25119_001,2023,"Warren County, Virginia",51187,All,84331,6341,399.64258333333333,84330.99929661315
B25119_002,2023,"Warren County, Virginia",51187,Owner occupied (dollars),98382,5735,399.64258333333333,98381.99917941677
B25119_003,2023,"Warren County, Virginia",51187,Renter occupied (dollars),54398,4939,399.64258333333333,54397.99954627791
B25119_001,2023,"Washington County, Virginia",51191,All,62774,3572,399.64258333333333,62773.99947641549
B25119_002,2023,"Washington County, Virginia",51191,Owner occupied (dollars),71253,3393,399.64258333333333,71252.99940569396
B25119_003,2023,"Washington County, Virginia",51191,Renter occupied (dollars),43012,4680,399.64258333333333,43011.999641246104
B25119_001,2023,"Westmoreland County, Virginia",51193,All,59766,9891,399.64258333333333,59765.99950150457
B25119_002,2023,"Westmoreland County, Virginia",51193,Owner occupied (dollars),71504,13462,399.64258333333333,71503.99940360042
B25119_003,2023,"Westmoreland County, Virginia",51193,Renter occupied (dollars),32030,9793,399.64258333333333,32029.99973284462
B25119_001,2023,"Wise County, Virginia",51195,All,50740,1717,399.64258333333333,50739.99957678851
B25119_002,2023,"Wise County, Virginia",51195,Owner occupied (dollars),54907,3775,399.64258333333333,54906.999542032456
B25119_003,2023,"Wise County, Virginia",51195,Renter occupied (dollars),35335,5939,399.64258333333333,35334.99970527832
B25119_001,2023,"Wythe County, Virginia",51197,All,55359,3184,399.64258333333333,55358.99953826242
B25119_002,2023,"Wythe County, Virginia",51197,Owner occupied (dollars),67414,5542,399.64258333333333,67413.99943771424
B25119_003,2023,"Wythe County, Virginia",51197,Renter occupied (dollars),30689,3178,399.64258333333333,30688.999744029614
B25119_001,2023,"York County, Virginia",51199,All,108326,2490,399.64258333333333,108325.99909647599
B25119_002,2023,"York County, Virginia",51199,Owner occupied (dollars),130354,5396,399.64258333333333,130353.99891274516
B25119_003,2023,"York County, Virginia",51199,Renter occupied (dollars),70940,4969,399.64258333333333,70939.99940830463
B25119_001,2023,"Alexandria city, Virginia",51510,All,113638,3178,399.64258333333333,113637.99905216975
B25119_002,2023,"Alexandria city, Virginia",51510,Owner occupied (dollars),179656,5776,399.64258333333333,179655.9985015277
B25119_003,2023,"Alexandria city, Virginia",51510,Renter occupied (dollars),87271,2852,399.64258333333333,87270.99927209126
B25119_001,2023,"Bristol city, Virginia",51520,All,44706,3831,399.64258333333333,44705.99962711681
B25119_002,2023,"Bristol city, Virginia",51520,Owner occupied (dollars),57433,7316,399.64258333333333,57432.999520963625
B25119_003,2023,"Bristol city, Virginia",51520,Renter occupied (dollars),29079,11218,399.64258333333333,29078.999757458278
B25119_001,2023,"Buena Vista city, Virginia",51530,All,54458,7379,399.64258333333333,54457.999545777464
B25119_002,2023,"Buena Vista city, Virginia",51530,Owner occupied (dollars),62364,9238,399.64258333333333,62363.99947983521
B25119_003,2023,"Buena Vista city, Virginia",51530,Renter occupied (dollars),45938,14953,399.64258333333333,45937.99961684096
B25119_001,2023,"Charlottesville city, Virginia",51540,All,69829,7075,399.64258333333333,69828.99941757125
B25119_002,2023,"Charlottesville city, Virginia",51540,Owner occupied (dollars),117679,11258,399.64258333333333,117678.99901846463
B25119_003,2023,"Charlottesville city, Virginia",51540,Renter occupied (dollars),42386,4139,399.64258333333333,42385.99964646744
B25119_001,2023,"Chesapeake city, Virginia",51550,All,94189,3124,399.64258333333333,94188.9992143897
B25119_002,2023,"Chesapeake city, Virginia",51550,Owner occupied (dollars),113392,2999,399.64258333333333,113391.99905422157
B25119_003,2023,"Chesapeake city, Virginia",51550,Renter occupied (dollars),54251,2176,399.64258333333333,54250.99954750401
B25119_001,2023,"Colonial Heights city, Virginia",51570,All,76250,4116,399.64258333333333,76249.99936401505
B25119_002,2023,"Colonial Heights city, Virginia",51570,Owner occupied (dollars),91718,7338,399.64258333333333,91717.99923499978
B25119_003,2023,"Colonial Heights city, Virginia",51570,Renter occupied (dollars),46458,9951,399.64258333333333,46457.99961250376
B25119_001,2023,"Covington city, Virginia",51580,All,42724,10297,399.64258333333333,42723.999643648254
B25119_002,2023,"Covington city, Virginia",51580,Owner occupied (dollars),48861,7648,399.64258333333333,48860.999592460845
B25119_003,2023,"Covington city, Virginia",51580,Renter occupied (dollars),28274,4882,399.64258333333333,28273.99976417261
B25119_001,2023,"Danville city, Virginia",51590,All,42778,2749,399.64258333333333,42777.99964319785
B25119_002,2023,"Danville city, Virginia",51590,Owner occupied (dollars),56269,7748,399.64258333333333,56268.9995306723
B25119_003,2023,"Danville city, Virginia",51590,Renter occupied (dollars),34115,4061,399.64258333333333,34114.99971545408
B25119_001,2023,"Emporia city, Virginia",51595,All,49375,10558,399.64258333333333,49374.99958817368
B25119_002,2023,"Emporia city, Virginia",51595,Owner occupied (dollars),66071,23477,399.64258333333333,66070.99944891591
B25119_003,2023,"Emporia city, Virginia",51595,Renter occupied (dollars),48106,8744,399.64258333333333,48105.99959875814
B25119_001,2023,"Fairfax city, Virginia",51600,All,132774,13779,399.64258333333333,132773.99889256046
B25119_002,2023,"Fairfax city, Virginia",51600,Owner occupied (dollars),175748,12721,399.64258333333333,175747.9985341235
B25119_003,2023,"Fairfax city, Virginia",51600,Renter occupied (dollars),65902,21376,399.64258333333333,65901.99945032551
B25119_001,2023,"Falls Church city, Virginia",51610,All,154734,17667,399.64258333333333,154733.99870939678
B25119_002,2023,"Falls Church city, Virginia",51610,Owner occupied (dollars),235755,28965,399.64258333333333,235754.99803361794
B25119_003,2023,"Falls Church city, Virginia",51610,Renter occupied (dollars),115223,20918,399.64258333333333,115222.9990389496
B25119_001,2023,"Franklin city, Virginia",51620,All,65125,9355,399.64258333333333,65124.9994568063
B25119_002,2023,"Franklin city, Virginia",51620,Owner occupied (dollars),86250,9280,399.64258333333333,86249.9992806072
B25119_003,2023,"Franklin city, Virginia",51620,Renter occupied (dollars),48780,12171,399.64258333333333,48779.999593136454
B25119_001,2023,"Fredericksburg city, Virginia",51630,All,85368,4625,399.64258333333333,85367.99928796377
B25119_002,2023,"Fredericksburg city, Virginia",51630,Owner occupied (dollars),158571,22464,399.64258333333333,158570.9986773932
B25119_003,2023,"Fredericksburg city, Virginia",51630,Renter occupied (dollars),65904,6646,399.64258333333333,65903.99945030882
B25119_001,2023,"Galax city, Virginia",51640,All,41438,9202,399.64258333333333,41437.9996543745
B25119_002,2023,"Galax city, Virginia",51640,Owner occupied (dollars),53529,19110,399.64258333333333,53528.99955352606
B25119_003,2023,"Galax city, Virginia",51640,Renter occupied (dollars),24981,7865,399.64258333333333,24980.99979163882
B25119_001,2023,"Hampton city, Virginia",51650,All,67758,2270,399.64258333333333,67757.99943484501
B25119_002,2023,"Hampton city, Virginia",51650,Owner occupied (dollars),85216,3102,399.64258333333333,85215.99928923156
B25119_003,2023,"Hampton city, Virginia",51650,Renter occupied (dollars),48668,2876,399.64258333333333,48667.99959407062
B25119_001,2023,"Harrisonburg city, Virginia",51660,All,59752,2394,399.64258333333333,59751.99950162134
B25119_002,2023,"Harrisonburg city, Virginia",51660,Owner occupied (dollars),94281,5335,399.64258333333333,94280.99921362234
B25119_003,2023,"Harrisonburg city, Virginia",51660,Renter occupied (dollars),43660,4071,399.64258333333333,43659.999635841275
B25119_001,2023,"Hopewell city, Virginia",51670,All,48681,5078,399.64258333333333,48680.99959396219
B25119_002,2023,"Hopewell city, Virginia",51670,Owner occupied (dollars),63409,10903,399.64258333333333,63408.99947111909
B25119_003,2023,"Hopewell city, Virginia",51670,Renter occupied (dollars),35132,9495,399.64258333333333,35131.9997069715
B25119_001,2023,"Lexington city, Virginia",51678,All,89598,20722,399.64258333333333,89597.99925268225
B25119_002,2023,"Lexington city, Virginia",51678,Owner occupied (dollars),103190,10993,399.64258333333333,103189.99913931427
B25119_003,2023,"Lexington city, Virginia",51678,Renter occupied (dollars),NA,NA,399.64258333333333,NA
B25119_001,2023,"Lynchburg city, Virginia",51680,All,59808,3594,399.64258333333333,59807.99950115426
B25119_002,2023,"Lynchburg city, Virginia",51680,Owner occupied (dollars),83538,4117,399.64258333333333,83537.9993032274
B25119_003,2023,"Lynchburg city, Virginia",51680,Renter occupied (dollars),42270,2836,399.64258333333333,42269.99964743497
B25119_001,2023,"Manassas city, Virginia",51683,All,117919,5098,399.64258333333333,117918.99901646284
B25119_002,2023,"Manassas city, Virginia",51683,Owner occupied (dollars),130625,5629,399.64258333333333,130624.9989104848
B25119_003,2023,"Manassas city, Virginia",51683,Renter occupied (dollars),79554,8118,399.64258333333333,79553.9993364571
B25119_001,2023,"Manassas Park city, Virginia",51685,All,100668,10127,399.64258333333333,100667.99916034973
B25119_002,2023,"Manassas Park city, Virginia",51685,Owner occupied (dollars),103810,8831,399.64258333333333,103809.99913414298
B25119_003,2023,"Manassas Park city, Virginia",51685,Renter occupied (dollars),91875,18142,399.64258333333333,91874.99923369027
B25119_001,2023,"Martinsville city, Virginia",51690,All,42434,3801,399.64258333333333,42433.99964606708
B25119_002,2023,"Martinsville city, Virginia",51690,Owner occupied (dollars),60614,7199,399.64258333333333,60613.999494431584
B25119_003,2023,"Martinsville city, Virginia",51690,Renter occupied (dollars),32348,8570,399.64258333333333,32347.99973019225
B25119_001,2023,"Newport News city, Virginia",51700,All,66718,1731,399.64258333333333,66717.99944351942
B25119_002,2023,"Newport News city, Virginia",51700,Owner occupied (dollars),89198,2787,399.64258333333333,89197.99925601855
B25119_003,2023,"Newport News city, Virginia",51700,Renter occupied (dollars),51397,2473,399.64258333333333,51396.99957130861
B25119_001,2023,"Norfolk city, Virginia",51710,All,64017,1777,399.64258333333333,64016.99946604789
B25119_002,2023,"Norfolk city, Virginia",51710,Owner occupied (dollars),94655,2594,399.64258333333333,94654.99921050288
B25119_003,2023,"Norfolk city, Virginia",51710,Renter occupied (dollars),44393,1446,399.64258333333333,44392.99962972748
B25119_001,2023,"Norton city, Virginia",51720,All,38497,8897,399.64258333333333,38496.99967890476
B25119_002,2023,"Norton city, Virginia",51720,Owner occupied (dollars),60500,25088,399.64258333333333,60499.999495382435
B25119_003,2023,"Norton city, Virginia",51720,Renter occupied (dollars),16497,3890,399.64258333333333,16496.99986240205
B25119_001,2023,"Petersburg city, Virginia",51730,All,50741,2593,399.64258333333333,50740.99957678017
B25119_002,2023,"Petersburg city, Virginia",51730,Owner occupied (dollars),65823,5709,399.64258333333333,65822.99945098443
B25119_003,2023,"Petersburg city, Virginia",51730,Renter occupied (dollars),44661,3082,399.64258333333333,44660.99962749215
B25119_001,2023,"Poquoson city, Virginia",51735,All,120919,10096,399.64258333333333,120918.99899144047
B25119_002,2023,"Poquoson city, Virginia",51735,Owner occupied (dollars),131699,13194,399.64258333333333,131698.9989015268
B25119_003,2023,"Poquoson city, Virginia",51735,Renter occupied (dollars),67577,30838,399.64258333333333,67576.99943635469
B25119_001,2023,"Portsmouth city, Virginia",51740,All,58972,1991,399.64258333333333,58971.999508127155
B25119_002,2023,"Portsmouth city, Virginia",51740,Owner occupied (dollars),73664,2090,399.64258333333333,73663.99938558432
B25119_003,2023,"Portsmouth city, Virginia",51740,Renter occupied (dollars),41164,3043,399.64258333333333,41163.99965665988
B25119_001,2023,"Radford city, Virginia",51750,All,52791,7790,399.64258333333333,52790.99955968156
B25119_002,2023,"Radford city, Virginia",51750,Owner occupied (dollars),84828,10207,399.64258333333333,84827.9992924678
B25119_003,2023,"Radford city, Virginia",51750,Renter occupied (dollars),24677,6565,399.64258333333333,24676.99979417442
B25119_001,2023,"Richmond city, Virginia",51760,All,62671,1684,399.64258333333333,62670.99947727459
B25119_002,2023,"Richmond city, Virginia",51760,Owner occupied (dollars),96922,3644,399.64258333333333,96921.99919159432
B25119_003,2023,"Richmond city, Virginia",51760,Renter occupied (dollars),45199,1667,399.64258333333333,45198.999623004805
B25119_001,2023,"Roanoke city, Virginia",51770,All,52671,2367,399.64258333333333,52670.99956068245
B25119_002,2023,"Roanoke city, Virginia",51770,Owner occupied (dollars),72093,3505,399.64258333333333,72092.99939868771
B25119_003,2023,"Roanoke city, Virginia",51770,Renter occupied (dollars),37489,3302,399.64258333333333,37488.999687312265
B25119_001,2023,"Salem city, Virginia",51775,All,66716,5519,399.64258333333333,66715.999443536115
B25119_002,2023,"Salem city, Virginia",51775,Owner occupied (dollars),89345,4275,399.64258333333333,89344.99925479246
B25119_003,2023,"Salem city, Virginia",51775,Renter occupied (dollars),42040,5286,399.64258333333333,42039.99964935335
B25119_001,2023,"Staunton city, Virginia",51790,All,62586,5319,399.64258333333333,62585.999477983554
B25119_002,2023,"Staunton city, Virginia",51790,Owner occupied (dollars),84011,3449,399.64258333333333,84010.99929928221
B25119_003,2023,"Staunton city, Virginia",51790,Renter occupied (dollars),42838,3637,399.64258333333333,42837.9996426974
B25119_001,2023,"Suffolk city, Virginia",51800,All,90089,3715,399.64258333333333,90088.99924858692
B25119_002,2023,"Suffolk city, Virginia",51800,Owner occupied (dollars),110044,4277,399.64258333333333,110043.99908214653
B25119_003,2023,"Suffolk city, Virginia",51800,Renter occupied (dollars),52513,4305,399.64258333333333,52512.999562000296
B25119_001,2023,"Virginia Beach city, Virginia",51810,All,90685,1693,399.64258333333333,90684.9992436158
B25119_002,2023,"Virginia Beach city, Virginia",51810,Owner occupied (dollars),110825,2067,399.64258333333333,110824.99907563237
B25119_003,2023,"Virginia Beach city, Virginia",51810,Renter occupied (dollars),61645,2043,399.64258333333333,61644.99948583224
B25119_001,2023,"Waynesboro city, Virginia",51820,All,56364,4872,399.64258333333333,56363.999529879926
B25119_002,2023,"Waynesboro city, Virginia",51820,Owner occupied (dollars),75907,7373,399.64258333333333,75906.99936687594
B25119_003,2023,"Waynesboro city, Virginia",51820,Renter occupied (dollars),36964,5026,399.64258333333333,36963.99969169118
B25119_001,2023,"Williamsburg city, Virginia",51830,All,70206,7102,399.64258333333333,70205.99941442677
B25119_002,2023,"Williamsburg city, Virginia",51830,Owner occupied (dollars),101631,11011,399.64258333333333,101630.99915231756
B25119_003,2023,"Williamsburg city, Virginia",51830,Renter occupied (dollars),42405,11587,399.64258333333333,42404.99964630896
B25119_001,2023,"Winchester city, Virginia",51840,All,64648,4489,399.64258333333333,64647.99946078486
B25119_002,2023,"Winchester city, Virginia",51840,Owner occupied (dollars),94967,11580,399.64258333333333,94966.99920790056
B25119_003,2023,"Winchester city, Virginia",51840,Renter occupied (dollars),55582,3951,399.64258333333333,55581.99953640242
