variable,year,locality,fips,medgrossrent,estimate,moe,index,adjusted
B25064_001,2010,"Accomack County, Virginia",51001,Median gross rent,709,32,249.38308333333333,1136.1927108795471
B25064_001,2010,"Albemarle County, Virginia",51003,Median gross rent,1031,31,249.38308333333333,1652.206889868566
B25064_001,2010,"Alleghany County, Virginia",51005,Median gross rent,504,65,249.38308333333333,807.6743671132465
B25064_001,2010,"Amelia County, Virginia",51007,Median gross rent,672,60,249.38308333333333,1076.8991561509954
B25064_001,2010,"Amherst County, Virginia",51009,Median gross rent,582,35,249.38308333333333,932.6715905950584
B25064_001,2010,"Appomattox County, Virginia",51011,Median gross rent,540,63,249.38308333333333,865.3653933356213
B25064_001,2010,"Arlington County, Virginia",51013,Median gross rent,1519,26,249.38308333333333,2434.240800882979
B25064_001,2010,"Augusta County, Virginia",51015,Median gross rent,658,46,249.38308333333333,1054.4637570645164
B25064_001,2010,"Bath County, Virginia",51017,Median gross rent,712,739,249.38308333333333,1141.0002963980785
B25064_001,2010,"Bedford County, Virginia",51019,Median gross rent,643,52,249.38308333333333,1030.4258294718602
B25064_001,2010,"Bland County, Virginia",51021,Median gross rent,429,119,249.38308333333333,687.4847291499658
B25064_001,2010,"Botetourt County, Virginia",51023,Median gross rent,732,41,249.38308333333333,1173.05086652162
B25064_001,2010,"Brunswick County, Virginia",51025,Median gross rent,608,74,249.38308333333333,974.3373317556625
B25064_001,2010,"Buchanan County, Virginia",51027,Median gross rent,501,37,249.38308333333333,802.8667815947152
B25064_001,2010,"Buckingham County, Virginia",51029,Median gross rent,630,82,249.38308333333333,1009.5929588915582
B25064_001,2010,"Campbell County, Virginia",51031,Median gross rent,570,20,249.38308333333333,913.4412485209335
B25064_001,2010,"Caroline County, Virginia",51033,Median gross rent,943,95,249.38308333333333,1511.1843813249832
B25064_001,2010,"Carroll County, Virginia",51035,Median gross rent,493,32,249.38308333333333,790.0465535452987
B25064_001,2010,"Charles City County, Virginia",51036,Median gross rent,708,141,249.38308333333333,1134.59018237337
B25064_001,2010,"Charlotte County, Virginia",51037,Median gross rent,499,108,249.38308333333333,799.6617245823611
B25064_001,2010,"Chesterfield County, Virginia",51041,Median gross rent,988,17,249.38308333333333,1583.2981641029514
B25064_001,2010,"Clarke County, Virginia",51043,Median gross rent,954,40,249.38308333333333,1528.8121948929308
B25064_001,2010,"Craig County, Virginia",51045,Median gross rent,497,40,249.38308333333333,796.456667570007
B25064_001,2010,"Culpeper County, Virginia",51047,Median gross rent,963,57,249.38308333333333,1543.2349514485245
B25064_001,2010,"Cumberland County, Virginia",51049,Median gross rent,750,92,249.38308333333333,1201.8963796328073
B25064_001,2010,"Dickenson County, Virginia",51051,Median gross rent,441,37,249.38308333333333,706.7150712240907
B25064_001,2010,"Dinwiddie County, Virginia",51053,Median gross rent,817,68,249.38308333333333,1309.2657895466714
B25064_001,2010,"Essex County, Virginia",51057,Median gross rent,766,35,249.38308333333333,1227.5368357316406
B25064_001,2010,"Fairfax County, Virginia",51059,Median gross rent,1492,12,249.38308333333333,2390.972531216198
B25064_001,2010,"Fauquier County, Virginia",51061,Median gross rent,1140,61,249.38308333333333,1826.882497041867
B25064_001,2010,"Floyd County, Virginia",51063,Median gross rent,486,27,249.38308333333333,778.8288540020592
B25064_001,2010,"Fluvanna County, Virginia",51065,Median gross rent,829,71,249.38308333333333,1328.4961316207964
B25064_001,2010,"Franklin County, Virginia",51067,Median gross rent,619,31,249.38308333333333,991.9651453236103
B25064_001,2010,"Frederick County, Virginia",51069,Median gross rent,1021,49,249.38308333333333,1636.1816048067951
B25064_001,2010,"Giles County, Virginia",51071,Median gross rent,545,38,249.38308333333333,873.3780358665067
B25064_001,2010,"Gloucester County, Virginia",51073,Median gross rent,728,27,249.38308333333333,1166.6407524969115
B25064_001,2010,"Goochland County, Virginia",51075,Median gross rent,965,182,249.38308333333333,1546.4400084608787
B25064_001,2010,"Grayson County, Virginia",51077,Median gross rent,424,23,249.38308333333333,679.4720866190804
B25064_001,2010,"Greene County, Virginia",51079,Median gross rent,965,102,249.38308333333333,1546.4400084608787
B25064_001,2010,"Greensville County, Virginia",51081,Median gross rent,680,39,249.38308333333333,1089.719384200412
B25064_001,2010,"Halifax County, Virginia",51083,Median gross rent,534,18,249.38308333333333,855.7502222985588
B25064_001,2010,"Hanover County, Virginia",51085,Median gross rent,977,36,249.38308333333333,1565.6703505350038
B25064_001,2010,"Henrico County, Virginia",51087,Median gross rent,940,11,249.38308333333333,1506.3767958064518
B25064_001,2010,"Henry County, Virginia",51089,Median gross rent,530,19,249.38308333333333,849.3401082738505
B25064_001,2010,"Highland County, Virginia",51091,Median gross rent,538,199,249.38308333333333,862.1603363232671
B25064_001,2010,"Isle of Wight County, Virginia",51093,Median gross rent,710,87,249.38308333333333,1137.7952393857242
B25064_001,2010,"James City County, Virginia",51095,Median gross rent,1066,59,249.38308333333333,1708.2953875847634
B25064_001,2010,"King and Queen County, Virginia",51097,Median gross rent,812,66,249.38308333333333,1301.253147015786
B25064_001,2010,"King George County, Virginia",51099,Median gross rent,982,68,249.38308333333333,1573.6829930658891
B25064_001,2010,"King William County, Virginia",51101,Median gross rent,771,58,249.38308333333333,1235.549478262526
B25064_001,2010,"Lancaster County, Virginia",51103,Median gross rent,796,79,249.38308333333333,1275.612690916953
B25064_001,2010,"Lee County, Virginia",51105,Median gross rent,443,35,249.38308333333333,709.9201282364448
B25064_001,2010,"Loudoun County, Virginia",51107,Median gross rent,1531,39,249.38308333333333,2453.471142957104
B25064_001,2010,"Louisa County, Virginia",51109,Median gross rent,812,41,249.38308333333333,1301.253147015786
B25064_001,2010,"Lunenburg County, Virginia",51111,Median gross rent,619,18,249.38308333333333,991.9651453236103
B25064_001,2010,"Madison County, Virginia",51113,Median gross rent,809,223,249.38308333333333,1296.4455614972549
B25064_001,2010,"Mathews County, Virginia",51115,Median gross rent,849,73,249.38308333333333,1360.546701744338
B25064_001,2010,"Mecklenburg County, Virginia",51117,Median gross rent,593,22,249.38308333333333,950.2994041630063
B25064_001,2010,"Middlesex County, Virginia",51119,Median gross rent,806,201,249.38308333333333,1291.6379759787235
B25064_001,2010,"Montgomery County, Virginia",51121,Median gross rent,727,17,249.38308333333333,1165.0382239907347
B25064_001,2010,"Nelson County, Virginia",51125,Median gross rent,655,54,249.38308333333333,1049.656171545985
B25064_001,2010,"New Kent County, Virginia",51127,Median gross rent,974,106,249.38308333333333,1560.8627650164724
B25064_001,2010,"Northampton County, Virginia",51131,Median gross rent,642,43,249.38308333333333,1028.823300965683
B25064_001,2010,"Northumberland County, Virginia",51133,Median gross rent,772,243,249.38308333333333,1237.152006768703
B25064_001,2010,"Nottoway County, Virginia",51135,Median gross rent,700,75,249.38308333333333,1121.7699543239535
B25064_001,2010,"Orange County, Virginia",51137,Median gross rent,879,36,249.38308333333333,1408.6225569296503
B25064_001,2010,"Page County, Virginia",51139,Median gross rent,637,22,249.38308333333333,1020.8106584347977
B25064_001,2010,"Patrick County, Virginia",51141,Median gross rent,440,23,249.38308333333333,705.1125427179136
B25064_001,2010,"Pittsylvania County, Virginia",51143,Median gross rent,552,25,249.38308333333333,884.5957354097462
B25064_001,2010,"Powhatan County, Virginia",51145,Median gross rent,844,96,249.38308333333333,1352.5340592134526
B25064_001,2010,"Prince Edward County, Virginia",51147,Median gross rent,713,68,249.38308333333333,1142.6028249042554
B25064_001,2010,"Prince George County, Virginia",51149,Median gross rent,992,78,249.38308333333333,1589.70827812766
B25064_001,2010,"Prince William County, Virginia",51153,Median gross rent,1338,24,249.38308333333333,2144.183141264928
B25064_001,2010,"Pulaski County, Virginia",51155,Median gross rent,541,24,249.38308333333333,866.9679218417983
B25064_001,2010,"Rappahannock County, Virginia",51157,Median gross rent,898,191,249.38308333333333,1439.0705985470147
B25064_001,2010,"Richmond County, Virginia",51159,Median gross rent,675,89,249.38308333333333,1081.7067416695265
B25064_001,2010,"Roanoke County, Virginia",51161,Median gross rent,763,19,249.38308333333333,1222.7292502131093
B25064_001,2010,"Rockbridge County, Virginia",51163,Median gross rent,634,59,249.38308333333333,1016.0030729162664
B25064_001,2010,"Rockingham County, Virginia",51165,Median gross rent,730,32,249.38308333333333,1169.8458095092658
B25064_001,2010,"Russell County, Virginia",51167,Median gross rent,448,33,249.38308333333333,717.9327707673302
B25064_001,2010,"Scott County, Virginia",51169,Median gross rent,445,42,249.38308333333333,713.125185248799
B25064_001,2010,"Shenandoah County, Virginia",51171,Median gross rent,700,31,249.38308333333333,1121.7699543239535
B25064_001,2010,"Smyth County, Virginia",51173,Median gross rent,496,25,249.38308333333333,794.85413906383
B25064_001,2010,"Southampton County, Virginia",51175,Median gross rent,693,32,249.38308333333333,1110.552254780714
B25064_001,2010,"Spotsylvania County, Virginia",51177,Median gross rent,1178,42,249.38308333333333,1887.7785802765961
B25064_001,2010,"Stafford County, Virginia",51179,Median gross rent,1280,46,249.38308333333333,2051.2364879066577
B25064_001,2010,"Surry County, Virginia",51181,Median gross rent,607,92,249.38308333333333,972.7348032494854
B25064_001,2010,"Sussex County, Virginia",51183,Median gross rent,635,51,249.38308333333333,1017.6056014224436
B25064_001,2010,"Tazewell County, Virginia",51185,Median gross rent,511,28,249.38308333333333,818.892066656486
B25064_001,2010,"Warren County, Virginia",51187,Median gross rent,849,56,249.38308333333333,1360.546701744338
B25064_001,2010,"Washington County, Virginia",51191,Median gross rent,591,28,249.38308333333333,947.0943471506522
B25064_001,2010,"Westmoreland County, Virginia",51193,Median gross rent,888,106,249.38308333333333,1423.045313485244
B25064_001,2010,"Wise County, Virginia",51195,Median gross rent,504,29,249.38308333333333,807.6743671132465
B25064_001,2010,"Wythe County, Virginia",51197,Median gross rent,507,36,249.38308333333333,812.4819526317777
B25064_001,2010,"York County, Virginia",51199,Median gross rent,1165,37,249.38308333333333,1866.945709696294
B25064_001,2010,"Alexandria city, Virginia",51510,Median gross rent,1330,18,249.38308333333333,2131.3629132155115
B25064_001,2010,"Bedford city, Virginia",51515,Median gross rent,656,91,249.38308333333333,1051.258700052162
B25064_001,2010,"Bristol city, Virginia",51520,Median gross rent,529,38,249.38308333333333,847.7375797676734
B25064_001,2010,"Buena Vista city, Virginia",51530,Median gross rent,625,58,249.38308333333333,1001.5803163606728
B25064_001,2010,"Charlottesville city, Virginia",51540,Median gross rent,895,22,249.38308333333333,1434.2630130284833
B25064_001,2010,"Chesapeake city, Virginia",51550,Median gross rent,1005,27,249.38308333333333,1610.5411487079618
B25064_001,2010,"Colonial Heights city, Virginia",51570,Median gross rent,834,28,249.38308333333333,1336.5087741516818
B25064_001,2010,"Covington city, Virginia",51580,Median gross rent,599,98,249.38308333333333,959.9145752000687
B25064_001,2010,"Danville city, Virginia",51590,Median gross rent,573,34,249.38308333333333,918.2488340394648
B25064_001,2010,"Emporia city, Virginia",51595,Median gross rent,584,43,249.38308333333333,935.8766476074127
B25064_001,2010,"Fairfax city, Virginia",51600,Median gross rent,1484,84,249.38308333333333,2378.1523031667816
B25064_001,2010,"Falls Church city, Virginia",51610,Median gross rent,1453,111,249.38308333333333,2328.473919475292
B25064_001,2010,"Franklin city, Virginia",51620,Median gross rent,710,75,249.38308333333333,1137.7952393857242
B25064_001,2010,"Fredericksburg city, Virginia",51630,Median gross rent,1030,28,249.38308333333333,1650.6043613623888
B25064_001,2010,"Galax city, Virginia",51640,Median gross rent,470,121,249.38308333333333,753.1883979032259
B25064_001,2010,"Hampton city, Virginia",51650,Median gross rent,923,20,249.38308333333333,1479.1338112014416
B25064_001,2010,"Harrisonburg city, Virginia",51660,Median gross rent,778,47,249.38308333333333,1246.7671778057654
B25064_001,2010,"Hopewell city, Virginia",51670,Median gross rent,756,22,249.38308333333333,1211.5115506698698
B25064_001,2010,"Lexington city, Virginia",51678,Median gross rent,670,78,249.38308333333333,1073.6940991386411
B25064_001,2010,"Lynchburg city, Virginia",51680,Median gross rent,668,15,249.38308333333333,1070.4890421262871
B25064_001,2010,"Manassas city, Virginia",51683,Median gross rent,1232,52,249.38308333333333,1974.3151196101583
B25064_001,2010,"Manassas Park city, Virginia",51685,Median gross rent,1344,73,249.38308333333333,2153.798312301991
B25064_001,2010,"Martinsville city, Virginia",51690,Median gross rent,547,47,249.38308333333333,876.5830928788608
B25064_001,2010,"Newport News city, Virginia",51700,Median gross rent,881,12,249.38308333333333,1411.8276139420043
B25064_001,2010,"Norfolk city, Virginia",51710,Median gross rent,845,10,249.38308333333333,1354.1365877196297
B25064_001,2010,"Norton city, Virginia",51720,Median gross rent,551,121,249.38308333333333,882.9932069035691
B25064_001,2010,"Petersburg city, Virginia",51730,Median gross rent,770,28,249.38308333333333,1233.9469497563489
B25064_001,2010,"Poquoson city, Virginia",51735,Median gross rent,1132,93,249.38308333333333,1814.0622689924505
B25064_001,2010,"Portsmouth city, Virginia",51740,Median gross rent,880,22,249.38308333333333,1410.2250854358272
B25064_001,2010,"Radford city, Virginia",51750,Median gross rent,641,50,249.38308333333333,1027.220772459506
B25064_001,2010,"Richmond city, Virginia",51760,Median gross rent,805,12,249.38308333333333,1290.0354474725466
B25064_001,2010,"Roanoke city, Virginia",51770,Median gross rent,636,16,249.38308333333333,1019.2081299286206
B25064_001,2010,"Salem city, Virginia",51775,Median gross rent,710,32,249.38308333333333,1137.7952393857242
B25064_001,2010,"Staunton city, Virginia",51790,Median gross rent,642,28,249.38308333333333,1028.823300965683
B25064_001,2010,"Suffolk city, Virginia",51800,Median gross rent,855,32,249.38308333333333,1370.1618727814002
B25064_001,2010,"Virginia Beach city, Virginia",51810,Median gross rent,1143,12,249.38308333333333,1831.6900825603984
B25064_001,2010,"Waynesboro city, Virginia",51820,Median gross rent,662,46,249.38308333333333,1060.8738710892246
B25064_001,2010,"Williamsburg city, Virginia",51830,Median gross rent,988,60,249.38308333333333,1583.2981641029514
B25064_001,2010,"Winchester city, Virginia",51840,Median gross rent,860,29,249.38308333333333,1378.1745153122856
B25064_001,2011,"Accomack County, Virginia",51001,Median gross rent,722,27,253.63391666666666,1137.634157103726
B25064_001,2011,"Albemarle County, Virginia",51003,Median gross rent,1071,29,253.63391666666666,1687.543188723117
B25064_001,2011,"Alleghany County, Virginia",51005,Median gross rent,512,46,253.63391666666666,806.7433357854677
B25064_001,2011,"Amelia County, Virginia",51007,Median gross rent,828,166,253.63391666666666,1304.655238340561
B25064_001,2011,"Amherst County, Virginia",51009,Median gross rent,606,47,253.63391666666666,954.8563700898309
B25064_001,2011,"Appomattox County, Virginia",51011,Median gross rent,526,47,253.63391666666666,828.8027238733516
B25064_001,2011,"Arlington County, Virginia",51013,Median gross rent,1604,23,253.63391666666666,2527.3756066404108
B25064_001,2011,"Augusta County, Virginia",51015,Median gross rent,683,36,253.63391666666666,1076.1830045731922
B25064_001,2011,"Bath County, Virginia",51017,Median gross rent,937,329,253.63391666666666,1476.4033313105142
B25064_001,2011,"Bedford County, Virginia",51019,Median gross rent,688,52,253.63391666666666,1084.0613574617223
B25064_001,2011,"Bland County, Virginia",51021,Median gross rent,485,115,253.63391666666666,764.200230187406
B25064_001,2011,"Botetourt County, Virginia",51023,Median gross rent,746,80,253.63391666666666,1175.4502509686697
B25064_001,2011,"Brunswick County, Virginia",51025,Median gross rent,602,69,253.63391666666666,948.553687779007
B25064_001,2011,"Buchanan County, Virginia",51027,Median gross rent,569,36,253.63391666666666,896.5565587147092
B25064_001,2011,"Buckingham County, Virginia",51029,Median gross rent,658,126,253.63391666666666,1036.7912401305425
B25064_001,2011,"Campbell County, Virginia",51031,Median gross rent,598,30,253.63391666666666,942.2510054681829
B25064_001,2011,"Caroline County, Virginia",51033,Median gross rent,946,119,253.63391666666666,1490.584366509868
B25064_001,2011,"Carroll County, Virginia",51035,Median gross rent,526,27,253.63391666666666,828.8027238733516
B25064_001,2011,"Charles City County, Virginia",51036,Median gross rent,807,101,253.63391666666666,1271.5661562087353
B25064_001,2011,"Charlotte County, Virginia",51037,Median gross rent,513,75,253.63391666666666,808.3190063631737
B25064_001,2011,"Chesterfield County, Virginia",51041,Median gross rent,1036,18,253.63391666666666,1632.3947185034074
B25064_001,2011,"Clarke County, Virginia",51043,Median gross rent,1038,71,253.63391666666666,1635.5460596588193
B25064_001,2011,"Craig County, Virginia",51045,Median gross rent,579,108,253.63391666666666,912.3132644917691
B25064_001,2011,"Culpeper County, Virginia",51047,Median gross rent,987,60,253.63391666666666,1555.1868601958138
B25064_001,2011,"Cumberland County, Virginia",51049,Median gross rent,815,165,253.63391666666666,1284.171520830383
B25064_001,2011,"Dickenson County, Virginia",51051,Median gross rent,460,35,253.63391666666666,724.8084657447562
B25064_001,2011,"Dinwiddie County, Virginia",51053,Median gross rent,918,79,253.63391666666666,1446.4655903341004
B25064_001,2011,"Essex County, Virginia",51057,Median gross rent,800,33,253.63391666666666,1260.5364621647932
B25064_001,2011,"Fairfax County, Virginia",51059,Median gross rent,1572,18,253.63391666666666,2476.954148153819
B25064_001,2011,"Fauquier County, Virginia",51061,Median gross rent,1148,55,253.63391666666666,1808.8698232064785
B25064_001,2011,"Floyd County, Virginia",51063,Median gross rent,554,82,253.63391666666666,872.9215000491193
B25064_001,2011,"Fluvanna County, Virginia",51065,Median gross rent,893,85,253.63391666666666,1407.0738258914505
B25064_001,2011,"Franklin County, Virginia",51067,Median gross rent,632,29,253.63391666666666,995.8238051101868
B25064_001,2011,"Frederick County, Virginia",51069,Median gross rent,1058,45,253.63391666666666,1667.0594712129391
B25064_001,2011,"Giles County, Virginia",51071,Median gross rent,553,24,253.63391666666666,871.3458294714134
B25064_001,2011,"Gloucester County, Virginia",51073,Median gross rent,779,86,253.63391666666666,1227.4473800329674
B25064_001,2011,"Goochland County, Virginia",51075,Median gross rent,1027,235,253.63391666666666,1618.2136833040533
B25064_001,2011,"Grayson County, Virginia",51077,Median gross rent,453,103,253.63391666666666,713.7787717008142
B25064_001,2011,"Greene County, Virginia",51079,Median gross rent,1061,101,253.63391666666666,1671.786482946057
B25064_001,2011,"Greensville County, Virginia",51081,Median gross rent,717,45,253.63391666666666,1129.755804215196
B25064_001,2011,"Halifax County, Virginia",51083,Median gross rent,539,19,253.63391666666666,849.28644138352945
B25064_001,2011,"Hanover County, Virginia",51085,Median gross rent,1016,39,253.63391666666666,1600.8813069492876
B25064_001,2011,"Henrico County, Virginia",51087,Median gross rent,971,10,253.63391666666666,1529.976130952518
B25064_001,2011,"Henry County, Virginia",51089,Median gross rent,543,19,253.63391666666666,855.5891236943535
B25064_001,2011,"Highland County, Virginia",51091,Median gross rent,561,278,253.63391666666666,883.9511940930613
B25064_001,2011,"Isle of Wight County, Virginia",51093,Median gross rent,758,91,253.63391666666666,1194.3582979011417
B25064_001,2011,"James City County, Virginia",51095,Median gross rent,1128,43,253.63391666666666,1777.3564116523585
B25064_001,2011,"King and Queen County, Virginia",51097,Median gross rent,824,39,253.63391666666666,1298.3525560297371
B25064_001,2011,"King George County, Virginia",51099,Median gross rent,1002,75,253.63391666666666,1578.8219188614037
B25064_001,2011,"King William County, Virginia",51101,Median gross rent,852,82,253.63391666666666,1342.471332205505
B25064_001,2011,"Lancaster County, Virginia",51103,Median gross rent,817,95,253.63391666666666,1287.322861985795
B25064_001,2011,"Lee County, Virginia",51105,Median gross rent,453,25,253.63391666666666,713.7787717008142
B25064_001,2011,"Loudoun County, Virginia",51107,Median gross rent,1603,40,253.63391666666666,2525.7999360627045
B25064_001,2011,"Louisa County, Virginia",51109,Median gross rent,820,49,253.63391666666666,1292.0498737189132
B25064_001,2011,"Lunenburg County, Virginia",51111,Median gross rent,658,20,253.63391666666666,1036.7912401305425
B25064_001,2011,"Madison County, Virginia",51113,Median gross rent,867,125,253.63391666666666,1366.1063908710946
B25064_001,2011,"Mathews County, Virginia",51115,Median gross rent,884,85,253.63391666666666,1392.8927906920967
B25064_001,2011,"Mecklenburg County, Virginia",51117,Median gross rent,603,23,253.63391666666666,950.1293583567129
B25064_001,2011,"Middlesex County, Virginia",51119,Median gross rent,749,103,253.63391666666666,1180.1772627017876
B25064_001,2011,"Montgomery County, Virginia",51121,Median gross rent,771,23,253.63391666666666,1214.8420154113196
B25064_001,2011,"Nelson County, Virginia",51125,Median gross rent,705,77,253.63391666666666,1110.8477572827242
B25064_001,2011,"New Kent County, Virginia",51127,Median gross rent,1060,127,253.63391666666666,1670.210812368351
B25064_001,2011,"Northampton County, Virginia",51131,Median gross rent,654,40,253.63391666666666,1030.4885578197186
B25064_001,2011,"Northumberland County, Virginia",51133,Median gross rent,743,224,253.63391666666666,1170.7232392355518
B25064_001,2011,"Nottoway County, Virginia",51135,Median gross rent,800,80,253.63391666666666,1260.5364621647932
B25064_001,2011,"Orange County, Virginia",51137,Median gross rent,952,153,253.63391666666666,1500.038389976104
B25064_001,2011,"Page County, Virginia",51139,Median gross rent,695,47,253.63391666666666,1095.0910515056642
B25064_001,2011,"Patrick County, Virginia",51141,Median gross rent,438,17,253.63391666666666,690.1437130352243
B25064_001,2011,"Pittsylvania County, Virginia",51143,Median gross rent,583,29,253.63391666666666,918.6159468025932
B25064_001,2011,"Powhatan County, Virginia",51145,Median gross rent,1008,165,253.63391666666666,1588.2759423276395
B25064_001,2011,"Prince Edward County, Virginia",51147,Median gross rent,718,45,253.63391666666666,1131.3314747929019
B25064_001,2011,"Prince George County, Virginia",51149,Median gross rent,1097,62,253.63391666666666,1728.5106237434727
B25064_001,2011,"Prince William County, Virginia",51153,Median gross rent,1402,20,253.63391666666666,2209.0901499438
B25064_001,2011,"Pulaski County, Virginia",51155,Median gross rent,570,24,253.63391666666666,898.1322292924152
B25064_001,2011,"Rappahannock County, Virginia",51157,Median gross rent,975,92,253.63391666666666,1536.2788132633418
B25064_001,2011,"Richmond County, Virginia",51159,Median gross rent,717,78,253.63391666666666,1129.755804215196
B25064_001,2011,"Roanoke County, Virginia",51161,Median gross rent,793,19,253.63391666666666,1249.5067681208513
B25064_001,2011,"Rockbridge County, Virginia",51163,Median gross rent,644,53,253.63391666666666,1014.7318520426586
B25064_001,2011,"Rockingham County, Virginia",51165,Median gross rent,764,23,253.63391666666666,1203.8123213673775
B25064_001,2011,"Russell County, Virginia",51167,Median gross rent,503,32,253.63391666666666,792.5623005861138
B25064_001,2011,"Scott County, Virginia",51169,Median gross rent,442,50,253.63391666666666,696.4463953460483
B25064_001,2011,"Shenandoah County, Virginia",51171,Median gross rent,748,47,253.63391666666666,1178.6015921240817
B25064_001,2011,"Smyth County, Virginia",51173,Median gross rent,514,27,253.63391666666666,809.8946769408797
B25064_001,2011,"Southampton County, Virginia",51175,Median gross rent,724,40,253.63391666666666,1140.785498259138
B25064_001,2011,"Spotsylvania County, Virginia",51177,Median gross rent,1213,38,253.63391666666666,1911.2884107573677
B25064_001,2011,"Stafford County, Virginia",51179,Median gross rent,1329,41,253.63391666666666,2094.066197771263
B25064_001,2011,"Surry County, Virginia",51181,Median gross rent,575,58,253.63391666666666,906.0105821809452
B25064_001,2011,"Sussex County, Virginia",51183,Median gross rent,671,41,253.63391666666666,1057.2749576407205
B25064_001,2011,"Tazewell County, Virginia",51185,Median gross rent,535,14,253.63391666666666,842.9837590727055
B25064_001,2011,"Warren County, Virginia",51187,Median gross rent,884,81,253.63391666666666,1392.8927906920967
B25064_001,2011,"Washington County, Virginia",51191,Median gross rent,610,23,253.63391666666666,961.1590524006549
B25064_001,2011,"Westmoreland County, Virginia",51193,Median gross rent,851,74,253.63391666666666,1340.895661627799
B25064_001,2011,"Wise County, Virginia",51195,Median gross rent,524,29,253.63391666666666,825.6513827179396
B25064_001,2011,"Wythe County, Virginia",51197,Median gross rent,554,44,253.63391666666666,872.9215000491193
B25064_001,2011,"York County, Virginia",51199,Median gross rent,1257,45,253.63391666666666,1980.6179161764314
B25064_001,2011,"Alexandria city, Virginia",51510,Median gross rent,1395,17,253.63391666666666,2198.0604558998584
B25064_001,2011,"Bedford city, Virginia",51515,Median gross rent,707,57,253.63391666666666,1113.9990984381361
B25064_001,2011,"Bristol city, Virginia",51520,Median gross rent,564,42,253.63391666666666,888.6782058261792
B25064_001,2011,"Buena Vista city, Virginia",51530,Median gross rent,640,50,253.63391666666666,1008.4291697318347
B25064_001,2011,"Charlottesville city, Virginia",51540,Median gross rent,967,24,253.63391666666666,1523.673448641694
B25064_001,2011,"Chesapeake city, Virginia",51550,Median gross rent,1090,18,253.63391666666666,1717.4809296995309
B25064_001,2011,"Colonial Heights city, Virginia",51570,Median gross rent,881,31,253.63391666666666,1388.1657789589785
B25064_001,2011,"Covington city, Virginia",51580,Median gross rent,638,39,253.63391666666666,1005.2778285764226
B25064_001,2011,"Danville city, Virginia",51590,Median gross rent,589,22,253.63391666666666,928.069970268829
B25064_001,2011,"Emporia city, Virginia",51595,Median gross rent,587,52,253.63391666666666,924.9186291134171
B25064_001,2011,"Fairfax city, Virginia",51600,Median gross rent,1653,85,253.63391666666666,2604.5834649480043
B25064_001,2011,"Falls Church city, Virginia",51610,Median gross rent,1484,83,253.63391666666666,2338.2951373156916
B25064_001,2011,"Franklin city, Virginia",51620,Median gross rent,765,74,253.63391666666666,1205.3879919450835
B25064_001,2011,"Fredericksburg city, Virginia",51630,Median gross rent,1050,26,253.63391666666666,1654.4541065912913
B25064_001,2011,"Galax city, Virginia",51640,Median gross rent,452,165,253.63391666666666,712.2031011231082
B25064_001,2011,"Hampton city, Virginia",51650,Median gross rent,963,23,253.63391666666666,1517.3707663308699
B25064_001,2011,"Harrisonburg city, Virginia",51660,Median gross rent,815,38,253.63391666666666,1284.171520830383
B25064_001,2011,"Hopewell city, Virginia",51670,Median gross rent,769,22,253.63391666666666,1211.6906742559077
B25064_001,2011,"Lexington city, Virginia",51678,Median gross rent,695,66,253.63391666666666,1095.0910515056642
B25064_001,2011,"Lynchburg city, Virginia",51680,Median gross rent,697,17,253.63391666666666,1098.242392661076
B25064_001,2011,"Manassas city, Virginia",51683,Median gross rent,1226,49,253.63391666666666,1931.7721282675457
B25064_001,2011,"Manassas Park city, Virginia",51685,Median gross rent,1404,83,253.63391666666666,2212.2414910992125
B25064_001,2011,"Martinsville city, Virginia",51690,Median gross rent,560,40,253.63391666666666,882.3755235153553
B25064_001,2011,"Newport News city, Virginia",51700,Median gross rent,928,14,253.63391666666666,1462.2222961111602
B25064_001,2011,"Norfolk city, Virginia",51710,Median gross rent,888,9,253.63391666666666,1399.1954730029206
B25064_001,2011,"Norton city, Virginia",51720,Median gross rent,563,91,253.63391666666666,887.1025352484733
B25064_001,2011,"Petersburg city, Virginia",51730,Median gross rent,819,22,253.63391666666666,1290.4742031412072
B25064_001,2011,"Poquoson city, Virginia",51735,Median gross rent,1236,208,253.63391666666666,1947.5288340446057
B25064_001,2011,"Portsmouth city, Virginia",51740,Median gross rent,919,19,253.63391666666666,1448.0412609118064
B25064_001,2011,"Radford city, Virginia",51750,Median gross rent,638,45,253.63391666666666,1005.2778285764226
B25064_001,2011,"Richmond city, Virginia",51760,Median gross rent,838,12,253.63391666666666,1320.411944117621
B25064_001,2011,"Roanoke city, Virginia",51770,Median gross rent,659,15,253.63391666666666,1038.3669107082485
B25064_001,2011,"Salem city, Virginia",51775,Median gross rent,771,44,253.63391666666666,1214.8420154113196
B25064_001,2011,"Staunton city, Virginia",51790,Median gross rent,663,29,253.63391666666666,1044.6695930190724
B25064_001,2011,"Suffolk city, Virginia",51800,Median gross rent,940,48,253.63391666666666,1481.1303430436321
B25064_001,2011,"Virginia Beach city, Virginia",51810,Median gross rent,1191,10,253.63391666666666,1876.623658047836
B25064_001,2011,"Waynesboro city, Virginia",51820,Median gross rent,696,51,253.63391666666666,1096.6667220833701
B25064_001,2011,"Williamsburg city, Virginia",51830,Median gross rent,1043,61,253.63391666666666,1643.4244125473492
B25064_001,2011,"Winchester city, Virginia",51840,Median gross rent,906,30,253.63391666666666,1427.5575434016284
B25064_001,2012,"Accomack County, Virginia",51001,Median gross rent,741,33,260.36058333333335,1137.4065525151498
B25064_001,2012,"Albemarle County, Virginia",51003,Median gross rent,1080,26,260.36058333333335,1657.7585380787607
B25064_001,2012,"Alleghany County, Virginia",51005,Median gross rent,546,61,260.36058333333335,838.0890386953735
B25064_001,2012,"Amelia County, Virginia",51007,Median gross rent,823,180,260.36058333333335,1263.273404480389
B25064_001,2012,"Amherst County, Virginia",51009,Median gross rent,637,20,260.36058333333335,977.7705451446024
B25064_001,2012,"Appomattox County, Virginia",51011,Median gross rent,562,76,260.36058333333335,862.6484244446884
B25064_001,2012,"Arlington County, Virginia",51013,Median gross rent,1678,22,260.36058333333335,2575.665580459408
B25064_001,2012,"Augusta County, Virginia",51015,Median gross rent,734,36,260.36058333333335,1126.6618212498245
B25064_001,2012,"Bath County, Virginia",51017,Median gross rent,781,131,260.36058333333335,1198.8050168884372
B25064_001,2012,"Bedford County, Virginia",51019,Median gross rent,709,37,260.36058333333335,1088.2877810165198
B25064_001,2012,"Bland County, Virginia",51021,Median gross rent,533,80,260.36058333333335,818.134537774055
B25064_001,2012,"Botetourt County, Virginia",51023,Median gross rent,768,71,260.36058333333335,1178.8505159671188
B25064_001,2012,"Brunswick County, Virginia",51025,Median gross rent,638,55,260.36058333333335,979.3055067539345
B25064_001,2012,"Buchanan County, Virginia",51027,Median gross rent,569,32,260.36058333333335,873.3931557100137
B25064_001,2012,"Buckingham County, Virginia",51029,Median gross rent,689,114,260.36058333333335,1057.5885488298761
B25064_001,2012,"Campbell County, Virginia",51031,Median gross rent,635,29,260.36058333333335,974.700621925938
B25064_001,2012,"Caroline County, Virginia",51033,Median gross rent,962,98,260.36058333333335,1476.6330681775628
B25064_001,2012,"Carroll County, Virginia",51035,Median gross rent,531,21,260.36058333333335,815.0646145553907
B25064_001,2012,"Charles City County, Virginia",51036,Median gross rent,780,164,260.36058333333335,1197.270055279105
B25064_001,2012,"Charlotte County, Virginia",51037,Median gross rent,568,47,260.36058333333335,871.8581941006815
B25064_001,2012,"Chesterfield County, Virginia",51041,Median gross rent,1052,18,260.36058333333335,1614.7796130174595
B25064_001,2012,"Clarke County, Virginia",51043,Median gross rent,1049,83,260.36058333333335,1610.174728189463
B25064_001,2012,"Craig County, Virginia",51045,Median gross rent,545,77,260.36058333333335,836.5540770860413
B25064_001,2012,"Culpeper County, Virginia",51047,Median gross rent,997,59,260.36058333333335,1530.3567245041893
B25064_001,2012,"Cumberland County, Virginia",51049,Median gross rent,854,121,260.36058333333335,1310.8572143696867
B25064_001,2012,"Dickenson County, Virginia",51051,Median gross rent,477,36,260.36058333333335,732.1766876514527
B25064_001,2012,"Dinwiddie County, Virginia",51053,Median gross rent,878,112,260.36058333333335,1347.6962929936592
B25064_001,2012,"Essex County, Virginia",51057,Median gross rent,793,58,260.36058333333335,1217.2245562004234
B25064_001,2012,"Fairfax County, Virginia",51059,Median gross rent,1621,16,260.36058333333335,2488.1727687274733
B25064_001,2012,"Fauquier County, Virginia",51061,Median gross rent,1138,47,260.36058333333335,1746.7863114200275
B25064_001,2012,"Floyd County, Virginia",51063,Median gross rent,546,97,260.36058333333335,838.0890386953735
B25064_001,2012,"Fluvanna County, Virginia",51065,Median gross rent,1001,103,260.36058333333335,1536.496570941518
B25064_001,2012,"Franklin County, Virginia",51067,Median gross rent,638,44,260.36058333333335,979.3055067539345
B25064_001,2012,"Frederick County, Virginia",51069,Median gross rent,1059,33,260.36058333333335,1625.5243442827848
B25064_001,2012,"Giles County, Virginia",51071,Median gross rent,547,34,260.36058333333335,839.6240003047056
B25064_001,2012,"Gloucester County, Virginia",51073,Median gross rent,808,57,260.36058333333335,1240.2489803404062
B25064_001,2012,"Goochland County, Virginia",51075,Median gross rent,1030,214,260.36058333333335,1581.0104576121514
B25064_001,2012,"Grayson County, Virginia",51077,Median gross rent,544,46,260.36058333333335,835.0191154767091
B25064_001,2012,"Greene County, Virginia",51079,Median gross rent,1098,77,260.36058333333335,1685.38784704674
B25064_001,2012,"Greensville County, Virginia",51081,Median gross rent,680,95,260.36058333333335,1043.7738943458864
B25064_001,2012,"Halifax County, Virginia",51083,Median gross rent,564,36,260.36058333333335,865.7183476633528
B25064_001,2012,"Hanover County, Virginia",51085,Median gross rent,993,40,260.36058333333335,1524.2168780668605
B25064_001,2012,"Henrico County, Virginia",51087,Median gross rent,992,9,260.36058333333335,1522.6819164575284
B25064_001,2012,"Henry County, Virginia",51089,Median gross rent,564,20,260.36058333333335,865.7183476633528
B25064_001,2012,"Highland County, Virginia",51091,Median gross rent,686,137,260.36058333333335,1052.9836640018796
B25064_001,2012,"Isle of Wight County, Virginia",51093,Median gross rent,925,105,260.36058333333335,1419.839488632272
B25064_001,2012,"James City County, Virginia",51095,Median gross rent,1154,40,260.36058333333335,1771.3456971693424
B25064_001,2012,"King and Queen County, Virginia",51097,Median gross rent,828,45,260.36058333333335,1270.94821252705
B25064_001,2012,"King George County, Virginia",51099,Median gross rent,1068,56,260.36058333333335,1639.3389987667745
B25064_001,2012,"King William County, Virginia",51101,Median gross rent,861,72,260.36058333333335,1321.601945635012
B25064_001,2012,"Lancaster County, Virginia",51103,Median gross rent,897,114,260.36058333333335,1376.8605635709707
B25064_001,2012,"Lee County, Virginia",51105,Median gross rent,473,26,260.36058333333335,726.0368412141239
B25064_001,2012,"Loudoun County, Virginia",51107,Median gross rent,1629,33,260.36058333333335,2500.452461602131
B25064_001,2012,"Louisa County, Virginia",51109,Median gross rent,892,66,260.36058333333335,1369.1857555243098
B25064_001,2012,"Lunenburg County, Virginia",51111,Median gross rent,674,18,260.36058333333335,1034.5641246898933
B25064_001,2012,"Madison County, Virginia",51113,Median gross rent,989,182,260.36058333333335,1518.0770316295318
B25064_001,2012,"Mathews County, Virginia",51115,Median gross rent,1000,119,260.36058333333335,1534.9616093321858
B25064_001,2012,"Mecklenburg County, Virginia",51117,Median gross rent,624,28,260.36058333333335,957.8160442232839
B25064_001,2012,"Middlesex County, Virginia",51119,Median gross rent,741,66,260.36058333333335,1137.4065525151498
B25064_001,2012,"Montgomery County, Virginia",51121,Median gross rent,796,20,260.36058333333335,1221.82944102842
B25064_001,2012,"Nelson County, Virginia",51125,Median gross rent,742,117,260.36058333333335,1138.941514124482
B25064_001,2012,"New Kent County, Virginia",51127,Median gross rent,1063,84,260.36058333333335,1631.6641907201135
B25064_001,2012,"Northampton County, Virginia",51131,Median gross rent,672,35,260.36058333333335,1031.494201471229
B25064_001,2012,"Northumberland County, Virginia",51133,Median gross rent,747,128,260.36058333333335,1146.6163221711429
B25064_001,2012,"Nottoway County, Virginia",51135,Median gross rent,768,80,260.36058333333335,1178.8505159671188
B25064_001,2012,"Orange County, Virginia",51137,Median gross rent,910,123,260.36058333333335,1396.8150644922891
B25064_001,2012,"Page County, Virginia",51139,Median gross rent,694,30,260.36058333333335,1065.263356876537
B25064_001,2012,"Patrick County, Virginia",51141,Median gross rent,464,30,260.36058333333335,712.2221867301342
B25064_001,2012,"Pittsylvania County, Virginia",51143,Median gross rent,595,29,260.36058333333335,913.3021575526506
B25064_001,2012,"Powhatan County, Virginia",51145,Median gross rent,972,171,260.36058333333335,1491.9826842708846
B25064_001,2012,"Prince Edward County, Virginia",51147,Median gross rent,742,62,260.36058333333335,1138.941514124482
B25064_001,2012,"Prince George County, Virginia",51149,Median gross rent,1138,59,260.36058333333335,1746.7863114200275
B25064_001,2012,"Prince William County, Virginia",51153,Median gross rent,1438,21,260.36058333333335,2207.2747942196834
B25064_001,2012,"Pulaski County, Virginia",51155,Median gross rent,585,21,260.36058333333335,897.9525414593287
B25064_001,2012,"Rappahannock County, Virginia",51157,Median gross rent,953,60,260.36058333333335,1462.8184136935731
B25064_001,2012,"Richmond County, Virginia",51159,Median gross rent,700,64,260.36058333333335,1074.4731265325302
B25064_001,2012,"Roanoke County, Virginia",51161,Median gross rent,810,22,260.36058333333335,1243.3189035590706
B25064_001,2012,"Rockbridge County, Virginia",51163,Median gross rent,647,52,260.36058333333335,993.1201612379242
B25064_001,2012,"Rockingham County, Virginia",51165,Median gross rent,800,44,260.36058333333335,1227.9692874657487
B25064_001,2012,"Russell County, Virginia",51167,Median gross rent,500,46,260.36058333333335,767.4808046660929
B25064_001,2012,"Scott County, Virginia",51169,Median gross rent,499,37,260.36058333333335,765.9458430567607
B25064_001,2012,"Shenandoah County, Virginia",51171,Median gross rent,760,51,260.36058333333335,1166.5708230924613
B25064_001,2012,"Smyth County, Virginia",51173,Median gross rent,537,18,260.36058333333335,824.2743842113838
B25064_001,2012,"Southampton County, Virginia",51175,Median gross rent,749,35,260.36058333333335,1149.6862453898073
B25064_001,2012,"Spotsylvania County, Virginia",51177,Median gross rent,1226,41,260.36058333333335,1881.8629330412598
B25064_001,2012,"Stafford County, Virginia",51179,Median gross rent,1382,34,260.36058333333335,2121.316944097081
B25064_001,2012,"Surry County, Virginia",51181,Median gross rent,586,102,260.36058333333335,899.4875030686609
B25064_001,2012,"Sussex County, Virginia",51183,Median gross rent,669,31,260.36058333333335,1026.8893166432324
B25064_001,2012,"Tazewell County, Virginia",51185,Median gross rent,545,18,260.36058333333335,836.5540770860413
B25064_001,2012,"Warren County, Virginia",51187,Median gross rent,940,40,260.36058333333335,1442.8639127722547
B25064_001,2012,"Washington County, Virginia",51191,Median gross rent,615,29,260.36058333333335,944.0013897392943
B25064_001,2012,"Westmoreland County, Virginia",51193,Median gross rent,885,90,260.36058333333335,1358.4410242589845
B25064_001,2012,"Wise County, Virginia",51195,Median gross rent,563,34,260.36058333333335,864.1833860540206
B25064_001,2012,"Wythe County, Virginia",51197,Median gross rent,592,41,260.36058333333335,908.697272724654
B25064_001,2012,"York County, Virginia",51199,Median gross rent,1314,31,260.36058333333335,2016.9395546624921
B25064_001,2012,"Alexandria city, Virginia",51510,Median gross rent,1440,18,260.36058333333335,2210.3447174383477
B25064_001,2012,"Bedford city, Virginia",51515,Median gross rent,648,74,260.36058333333335,994.6551228472564
B25064_001,2012,"Bristol city, Virginia",51520,Median gross rent,577,40,260.36058333333335,885.6728485846712
B25064_001,2012,"Buena Vista city, Virginia",51530,Median gross rent,640,38,260.36058333333335,982.3754299725989
B25064_001,2012,"Charlottesville city, Virginia",51540,Median gross rent,983,25,260.36058333333335,1508.8672619735387
B25064_001,2012,"Chesapeake city, Virginia",51550,Median gross rent,1113,22,260.36058333333335,1708.4122711867228
B25064_001,2012,"Colonial Heights city, Virginia",51570,Median gross rent,875,30,260.36058333333335,1343.0914081656626
B25064_001,2012,"Covington city, Virginia",51580,Median gross rent,642,54,260.36058333333335,985.4453531912633
B25064_001,2012,"Danville city, Virginia",51590,Median gross rent,598,23,260.36058333333335,917.9070423806471
B25064_001,2012,"Emporia city, Virginia",51595,Median gross rent,618,48,260.36058333333335,948.6062745672908
B25064_001,2012,"Fairfax city, Virginia",51600,Median gross rent,1643,103,260.36058333333335,2521.9419241327814
B25064_001,2012,"Falls Church city, Virginia",51610,Median gross rent,1510,101,260.36058333333335,2317.7920300916007
B25064_001,2012,"Franklin city, Virginia",51620,Median gross rent,730,46,260.36058333333335,1120.5219748124957
B25064_001,2012,"Fredericksburg city, Virginia",51630,Median gross rent,1063,26,260.36058333333335,1631.6641907201135
B25064_001,2012,"Galax city, Virginia",51640,Median gross rent,471,73,260.36058333333335,722.9669179954595
B25064_001,2012,"Hampton city, Virginia",51650,Median gross rent,980,16,260.36058333333335,1504.2623771455421
B25064_001,2012,"Harrisonburg city, Virginia",51660,Median gross rent,846,41,260.36058333333335,1298.5775214950293
B25064_001,2012,"Hopewell city, Virginia",51670,Median gross rent,794,31,260.36058333333335,1218.7595178097556
B25064_001,2012,"Lexington city, Virginia",51678,Median gross rent,768,121,260.36058333333335,1178.8505159671188
B25064_001,2012,"Lynchburg city, Virginia",51680,Median gross rent,701,17,260.36058333333335,1076.0080881418623
B25064_001,2012,"Manassas city, Virginia",51683,Median gross rent,1284,58,260.36058333333335,1970.8907063825266
B25064_001,2012,"Manassas Park city, Virginia",51685,Median gross rent,1384,85,260.36058333333335,2124.3868673157453
B25064_001,2012,"Martinsville city, Virginia",51690,Median gross rent,560,30,260.36058333333335,859.5785012260241
B25064_001,2012,"Newport News city, Virginia",51700,Median gross rent,960,17,260.36058333333335,1473.5631449588984
B25064_001,2012,"Norfolk city, Virginia",51710,Median gross rent,920,11,260.36058333333335,1412.164680585611
B25064_001,2012,"Norton city, Virginia",51720,Median gross rent,612,87,260.36058333333335,939.3965049112977
B25064_001,2012,"Petersburg city, Virginia",51730,Median gross rent,805,32,260.36058333333335,1235.6440955124096
B25064_001,2012,"Poquoson city, Virginia",51735,Median gross rent,1221,190,260.36058333333335,1874.1881249945989
B25064_001,2012,"Portsmouth city, Virginia",51740,Median gross rent,942,20,260.36058333333335,1445.933835990919
B25064_001,2012,"Radford city, Virginia",51750,Median gross rent,652,61,260.36058333333335,1000.7949692845851
B25064_001,2012,"Richmond city, Virginia",51760,Median gross rent,863,11,260.36058333333335,1324.6718688536764
B25064_001,2012,"Roanoke city, Virginia",51770,Median gross rent,673,15,260.36058333333335,1033.0291630805611
B25064_001,2012,"Salem city, Virginia",51775,Median gross rent,787,38,260.36058333333335,1208.0147865444303
B25064_001,2012,"Staunton city, Virginia",51790,Median gross rent,724,51,260.36058333333335,1111.3122051565026
B25064_001,2012,"Suffolk city, Virginia",51800,Median gross rent,982,36,260.36058333333335,1507.3323003642065
B25064_001,2012,"Virginia Beach city, Virginia",51810,Median gross rent,1224,13,260.36058333333335,1878.7930098225954
B25064_001,2012,"Waynesboro city, Virginia",51820,Median gross rent,761,53,260.36058333333335,1168.1057847017935
B25064_001,2012,"Williamsburg city, Virginia",51830,Median gross rent,1064,60,260.36058333333335,1633.1991523294457
B25064_001,2012,"Winchester city, Virginia",51840,Median gross rent,880,40,260.36058333333335,1350.7662162123236
B25064_001,2013,"Accomack County, Virginia",51001,Median gross rent,734,31,267.71575,1095.7081494084678
B25064_001,2013,"Albemarle County, Virginia",51003,Median gross rent,1106,24,267.71575,1651.026176084149
B25064_001,2013,"Alleghany County, Virginia",51005,Median gross rent,521,32,267.71575,777.7437954248115
B25064_001,2013,"Amelia County, Virginia",51007,Median gross rent,738,194,267.71575,1101.6793109856255
B25064_001,2013,"Amherst County, Virginia",51009,Median gross rent,671,29,267.71575,1001.6623545682314
B25064_001,2013,"Appomattox County, Virginia",51011,Median gross rent,609,79,267.71575,909.1093501222846
B25064_001,2013,"Arlington County, Virginia",51013,Median gross rent,1733,22,267.71575,2587.005753303644
B25064_001,2013,"Augusta County, Virginia",51015,Median gross rent,743,40,267.71575,1109.143262957073
B25064_001,2013,"Bath County, Virginia",51017,Median gross rent,764,102,267.71575,1140.4918612371516
B25064_001,2013,"Bedford County, Virginia",51019,Median gross rent,763,44,267.71575,1138.9990708428622
B25064_001,2013,"Bland County, Virginia",51021,Median gross rent,540,84,267.71575,806.1068129163115
B25064_001,2013,"Botetourt County, Virginia",51023,Median gross rent,788,67,267.71575,1176.318830700099
B25064_001,2013,"Brunswick County, Virginia",51025,Median gross rent,617,76,267.71575,921.0516732766002
B25064_001,2013,"Buchanan County, Virginia",51027,Median gross rent,596,35,267.71575,889.7030749965215
B25064_001,2013,"Buckingham County, Virginia",51029,Median gross rent,708,75,267.71575,1056.8955991569417
B25064_001,2013,"Campbell County, Virginia",51031,Median gross rent,685,47,267.71575,1022.561420088284
B25064_001,2013,"Caroline County, Virginia",51033,Median gross rent,1025,123,267.71575,1530.1101541467021
B25064_001,2013,"Carroll County, Virginia",51035,Median gross rent,532,23,267.71575,794.1644897619957
B25064_001,2013,"Charles City County, Virginia",51036,Median gross rent,824,137,267.71575,1230.0592848945196
B25064_001,2013,"Charlotte County, Virginia",51037,Median gross rent,556,37,267.71575,829.9914592249429
B25064_001,2013,"Chesterfield County, Virginia",51041,Median gross rent,1077,15,267.71575,1607.7352546497543
B25064_001,2013,"Clarke County, Virginia",51043,Median gross rent,1022,80,267.71575,1525.6317829638338
B25064_001,2013,"Craig County, Virginia",51045,Median gross rent,553,194,267.71575,825.5130880420745
B25064_001,2013,"Culpeper County, Virginia",51047,Median gross rent,1021,59,267.71575,1524.1389925695444
B25064_001,2013,"Cumberland County, Virginia",51049,Median gross rent,838,225,267.71575,1250.9583504145721
B25064_001,2013,"Dickenson County, Virginia",51051,Median gross rent,517,42,267.71575,771.7726338476537
B25064_001,2013,"Dinwiddie County, Virginia",51053,Median gross rent,905,104,267.71575,1350.9753068319665
B25064_001,2013,"Essex County, Virginia",51057,Median gross rent,825,56,267.71575,1231.5520752888092
B25064_001,2013,"Fairfax County, Virginia",51059,Median gross rent,1687,12,267.71575,2518.3373951663284
B25064_001,2013,"Fauquier County, Virginia",51061,Median gross rent,1138,42,267.71575,1698.795468701412
B25064_001,2013,"Floyd County, Virginia",51063,Median gross rent,540,68,267.71575,806.1068129163115
B25064_001,2013,"Fluvanna County, Virginia",51065,Median gross rent,1254,140,267.71575,1871.9591544389898
B25064_001,2013,"Franklin County, Virginia",51067,Median gross rent,655,40,267.71575,977.7777082596
B25064_001,2013,"Frederick County, Virginia",51069,Median gross rent,1084,32,267.71575,1618.1847874097807
B25064_001,2013,"Giles County, Virginia",51071,Median gross rent,578,35,267.71575,862.8328478993111
B25064_001,2013,"Gloucester County, Virginia",51073,Median gross rent,817,44,267.71575,1219.6097521344934
B25064_001,2013,"Goochland County, Virginia",51075,Median gross rent,982,276,267.71575,1465.9201671922551
B25064_001,2013,"Grayson County, Virginia",51077,Median gross rent,555,60,267.71575,828.4986688306534
B25064_001,2013,"Greene County, Virginia",51079,Median gross rent,1007,173,267.71575,1503.2399270494918
B25064_001,2013,"Greensville County, Virginia",51081,Median gross rent,720,53,267.71575,1074.8090838884152
B25064_001,2013,"Halifax County, Virginia",51083,Median gross rent,568,22,267.71575,847.9049439564164
B25064_001,2013,"Hanover County, Virginia",51085,Median gross rent,1016,39,267.71575,1516.675040598097
B25064_001,2013,"Henrico County, Virginia",51087,Median gross rent,1008,14,267.71575,1504.7327174437812
B25064_001,2013,"Henry County, Virginia",51089,Median gross rent,586,25,267.71575,874.7751710536269
B25064_001,2013,"Highland County, Virginia",51091,Median gross rent,490,390,267.71575,731.4672932018382
B25064_001,2013,"Isle of Wight County, Virginia",51093,Median gross rent,951,99,267.71575,1419.6436649692819
B25064_001,2013,"James City County, Virginia",51095,Median gross rent,1153,52,267.71575,1721.1873246157538
B25064_001,2013,"King and Queen County, Virginia",51097,Median gross rent,851,31,267.71575,1270.3646255403353
B25064_001,2013,"King George County, Virginia",51099,Median gross rent,1109,44,267.71575,1655.5045472670174
B25064_001,2013,"King William County, Virginia",51101,Median gross rent,1012,86,267.71575,1510.7038790209392
B25064_001,2013,"Lancaster County, Virginia",51103,Median gross rent,850,71,267.71575,1268.8718351460457
B25064_001,2013,"Lee County, Virginia",51105,Median gross rent,482,24,267.71575,719.5249700475224
B25064_001,2013,"Loudoun County, Virginia",51107,Median gross rent,1654,31,267.71575,2469.075312154776
B25064_001,2013,"Louisa County, Virginia",51109,Median gross rent,954,42,267.71575,1424.1220361521503
B25064_001,2013,"Lunenburg County, Virginia",51111,Median gross rent,681,33,267.71575,1016.5902585111261
B25064_001,2013,"Madison County, Virginia",51113,Median gross rent,854,117,267.71575,1274.8429967232037
B25064_001,2013,"Mathews County, Virginia",51115,Median gross rent,970,112,267.71575,1448.0066824607816
B25064_001,2013,"Mecklenburg County, Virginia",51117,Median gross rent,657,35,267.71575,980.7632890481789
B25064_001,2013,"Middlesex County, Virginia",51119,Median gross rent,770,101,267.71575,1149.4486036028884
B25064_001,2013,"Montgomery County, Virginia",51121,Median gross rent,830,20,267.71575,1239.0160272602564
B25064_001,2013,"Nelson County, Virginia",51125,Median gross rent,709,118,267.71575,1058.388389551231
B25064_001,2013,"New Kent County, Virginia",51127,Median gross rent,996,114,267.71575,1486.8192327123077
B25064_001,2013,"Northampton County, Virginia",51131,Median gross rent,672,22,267.71575,1003.1551449625209
B25064_001,2013,"Northumberland County, Virginia",51133,Median gross rent,803,180,267.71575,1198.7106866144409
B25064_001,2013,"Nottoway County, Virginia",51135,Median gross rent,802,85,267.71575,1197.2178962201515
B25064_001,2013,"Orange County, Virginia",51137,Median gross rent,862,54,267.71575,1286.7853198775194
B25064_001,2013,"Page County, Virginia",51139,Median gross rent,695,36,267.71575,1037.4893240311785
B25064_001,2013,"Patrick County, Virginia",51141,Median gross rent,527,71,267.71575,786.7005377905483
B25064_001,2013,"Pittsylvania County, Virginia",51143,Median gross rent,616,40,267.71575,919.5588828823109
B25064_001,2013,"Powhatan County, Virginia",51145,Median gross rent,1040,88,267.71575,1552.5020100610443
B25064_001,2013,"Prince Edward County, Virginia",51147,Median gross rent,760,46,267.71575,1134.5206996599939
B25064_001,2013,"Prince George County, Virginia",51149,Median gross rent,1182,56,267.71575,1764.4782460501483
B25064_001,2013,"Prince William County, Virginia",51153,Median gross rent,1477,22,267.71575,2204.8514123655405
B25064_001,2013,"Pulaski County, Virginia",51155,Median gross rent,591,22,267.71575,882.23912302507415
B25064_001,2013,"Rappahannock County, Virginia",51157,Median gross rent,966,59,267.71575,1442.0355208836238
B25064_001,2013,"Richmond County, Virginia",51159,Median gross rent,716,44,267.71575,1068.8379223112574
B25064_001,2013,"Roanoke County, Virginia",51161,Median gross rent,826,21,267.71575,1233.0448656830986
B25064_001,2013,"Rockbridge County, Virginia",51163,Median gross rent,695,95,267.71575,1037.4893240311785
B25064_001,2013,"Rockingham County, Virginia",51165,Median gross rent,817,41,267.71575,1219.6097521344934
B25064_001,2013,"Russell County, Virginia",51167,Median gross rent,531,37,267.71575,792.6716993677062
B25064_001,2013,"Scott County, Virginia",51169,Median gross rent,496,32,267.71575,740.424035567575
B25064_001,2013,"Shenandoah County, Virginia",51171,Median gross rent,782,44,267.71575,1167.3620883343622
B25064_001,2013,"Smyth County, Virginia",51173,Median gross rent,559,20,267.71575,834.4698304078113
B25064_001,2013,"Southampton County, Virginia",51175,Median gross rent,734,55,267.71575,1095.7081494084678
B25064_001,2013,"Spotsylvania County, Virginia",51177,Median gross rent,1285,43,267.71575,1918.2356566619633
B25064_001,2013,"Stafford County, Virginia",51179,Median gross rent,1428,34,267.71575,2131.704683045357
B25064_001,2013,"Surry County, Virginia",51181,Median gross rent,687,173,267.71575,1025.547000876863
B25064_001,2013,"Sussex County, Virginia",51183,Median gross rent,681,32,267.71575,1016.5902585111261
B25064_001,2013,"Tazewell County, Virginia",51185,Median gross rent,560,32,267.71575,835.9626208021007
B25064_001,2013,"Warren County, Virginia",51187,Median gross rent,960,54,267.71575,1433.078778517887
B25064_001,2013,"Washington County, Virginia",51191,Median gross rent,626,24,267.71575,934.4867868252054
B25064_001,2013,"Westmoreland County, Virginia",51193,Median gross rent,873,92,267.71575,1303.2060142147034
B25064_001,2013,"Wise County, Virginia",51195,Median gross rent,616,33,267.71575,919.5588828823109
B25064_001,2013,"Wythe County, Virginia",51197,Median gross rent,612,33,267.71575,913.587721305153
B25064_001,2013,"York County, Virginia",51199,Median gross rent,1349,35,267.71575,2013.774241896489
B25064_001,2013,"Alexandria city, Virginia",51510,Median gross rent,1501,24,267.71575,2240.678381828488
B25064_001,2013,"Bedford city, Virginia",51515,Median gross rent,636,117,267.71575,949.4146907681001
B25064_001,2013,"Bristol city, Virginia",51520,Median gross rent,623,43,267.71575,930.008415642337
B25064_001,2013,"Buena Vista city, Virginia",51530,Median gross rent,637,44,267.71575,950.9074811623896
B25064_001,2013,"Charlottesville city, Virginia",51540,Median gross rent,993,30,267.71575,1482.3408615294393
B25064_001,2013,"Chesapeake city, Virginia",51550,Median gross rent,1160,25,267.71575,1731.63685737578
B25064_001,2013,"Colonial Heights city, Virginia",51570,Median gross rent,881,24,267.71575,1315.1483373690191
B25064_001,2013,"Covington city, Virginia",51580,Median gross rent,641,58,267.71575,956.8786427395474
B25064_001,2013,"Danville city, Virginia",51590,Median gross rent,589,26,267.71575,879.2535422364953
B25064_001,2013,"Emporia city, Virginia",51595,Median gross rent,629,72,267.71575,938.9651580080739
B25064_001,2013,"Fairfax city, Virginia",51600,Median gross rent,1666,66,267.71575,2486.9887968862495
B25064_001,2013,"Falls Church city, Virginia",51610,Median gross rent,1588,146,267.71575,2370.5511461316714
B25064_001,2013,"Franklin city, Virginia",51620,Median gross rent,746,40,267.71575,1113.6216341399413
B25064_001,2013,"Fredericksburg city, Virginia",51630,Median gross rent,1045,32,267.71575,1559.9659620324915
B25064_001,2013,"Galax city, Virginia",51640,Median gross rent,520,100,267.71575,776.2510050305222
B25064_001,2013,"Hampton city, Virginia",51650,Median gross rent,998,19,267.71575,1489.8048135008867
B25064_001,2013,"Harrisonburg city, Virginia",51660,Median gross rent,852,38,267.71575,1271.8574159346247
B25064_001,2013,"Hopewell city, Virginia",51670,Median gross rent,820,24,267.71575,1224.0881233173618
B25064_001,2013,"Lexington city, Virginia",51678,Median gross rent,795,139,267.71575,1186.768363460125
B25064_001,2013,"Lynchburg city, Virginia",51680,Median gross rent,735,18,267.71575,1097.2009398027571
B25064_001,2013,"Manassas city, Virginia",51683,Median gross rent,1328,44,267.71575,1982.4256436164103
B25064_001,2013,"Manassas Park city, Virginia",51685,Median gross rent,1469,92,267.71575,2192.909089211225
B25064_001,2013,"Martinsville city, Virginia",51690,Median gross rent,558,24,267.71575,832.9770400135218
B25064_001,2013,"Newport News city, Virginia",51700,Median gross rent,974,14,267.71575,1453.9778440379396
B25064_001,2013,"Norfolk city, Virginia",51710,Median gross rent,948,10,267.71575,1415.1652937864135
B25064_001,2013,"Norton city, Virginia",51720,Median gross rent,596,74,267.71575,889.7030749965215
B25064_001,2013,"Petersburg city, Virginia",51730,Median gross rent,833,24,267.71575,1243.4943984431247
B25064_001,2013,"Poquoson city, Virginia",51735,Median gross rent,1237,140,267.71575,1846.5817177360689
B25064_001,2013,"Portsmouth city, Virginia",51740,Median gross rent,953,23,267.71575,1422.6292457578606
B25064_001,2013,"Radford city, Virginia",51750,Median gross rent,718,73,267.71575,1071.8235030998362
B25064_001,2013,"Richmond city, Virginia",51760,Median gross rent,883,12,267.71575,1318.1339181575981
B25064_001,2013,"Roanoke city, Virginia",51770,Median gross rent,697,20,267.71575,1040.4749048197575
B25064_001,2013,"Salem city, Virginia",51775,Median gross rent,809,38,267.71575,1207.6674289801776
B25064_001,2013,"Staunton city, Virginia",51790,Median gross rent,704,41,267.71575,1050.9244375797837
B25064_001,2013,"Suffolk city, Virginia",51800,Median gross rent,986,32,267.71575,1471.8913287694131
B25064_001,2013,"Virginia Beach city, Virginia",51810,Median gross rent,1235,13,267.71575,1843.59613694749
B25064_001,2013,"Waynesboro city, Virginia",51820,Median gross rent,771,34,267.71575,1150.941393997178
B25064_001,2013,"Williamsburg city, Virginia",51830,Median gross rent,1068,59,267.71575,1594.3001411011492
B25064_001,2013,"Winchester city, Virginia",51840,Median gross rent,900,37,267.71575,1343.511354860519
B25064_001,2014,"Accomack County, Virginia",51001,Median gross rent,715,25,276.15633333333335,1034.7222497160424
B25064_001,2014,"Albemarle County, Virginia",51003,Median gross rent,1115,26,276.15633333333335,1613.5878439627795
B25064_001,2014,"Alleghany County, Virginia",51005,Median gross rent,575,99,276.15633333333335,832.1192917296845
B25064_001,2014,"Amelia County, Virginia",51007,Median gross rent,679,74,276.15633333333335,982.6243462338361
B25064_001,2014,"Amherst County, Virginia",51009,Median gross rent,687,28,276.15633333333335,994.2016581187709
B25064_001,2014,"Appomattox County, Virginia",51011,Median gross rent,674,45,276.15633333333335,975.3885263057518
B25064_001,2014,"Arlington County, Virginia",51013,Median gross rent,1802,21,276.15633333333335,2607.7895020815504
B25064_001,2014,"Augusta County, Virginia",51015,Median gross rent,806,44,276.15633333333335,1166.414172407175
B25064_001,2014,"Bath County, Virginia",51017,Median gross rent,583,333,276.15633333333335,843.6966036146192
B25064_001,2014,"Bedford County, Virginia",51019,Median gross rent,756,37,276.15633333333335,1094.055973126333
B25064_001,2014,"Bland County, Virginia",51021,Median gross rent,607,89,276.15633333333335,878.4285392694235
B25064_001,2014,"Botetourt County, Virginia",51023,Median gross rent,881,123,276.15633333333335,1274.9514713284384
B25064_001,2014,"Brunswick County, Virginia",51025,Median gross rent,662,53,276.15633333333335,958.0225584783498
B25064_001,2014,"Buchanan County, Virginia",51027,Median gross rent,621,35,276.15633333333335,898.6888350680592
B25064_001,2014,"Buckingham County, Virginia",51029,Median gross rent,654,69,276.15633333333335,946.445246593415
B25064_001,2014,"Campbell County, Virginia",51031,Median gross rent,727,35,276.15633333333335,1052.0882175434444
B25064_001,2014,"Caroline County, Virginia",51033,Median gross rent,998,124,276.15633333333335,1444.269657645609
B25064_001,2014,"Carroll County, Virginia",51035,Median gross rent,528,22,276.15633333333335,764.1025844056928
B25064_001,2014,"Charles City County, Virginia",51036,Median gross rent,861,111,276.15633333333335,1246.0081916161014
B25064_001,2014,"Charlotte County, Virginia",51037,Median gross rent,570,41,276.15633333333335,824.8834718016003
B25064_001,2014,"Chesterfield County, Virginia",51041,Median gross rent,1107,17,276.15633333333335,1602.0105320778448
B25064_001,2014,"Clarke County, Virginia",51043,Median gross rent,985,65,276.15633333333335,1425.45652583259
B25064_001,2014,"Craig County, Virginia",51045,Median gross rent,550,112,276.15633333333335,795.9401920892634
B25064_001,2014,"Culpeper County, Virginia",51047,Median gross rent,1012,55,276.15633333333335,1464.5299534442447
B25064_001,2014,"Cumberland County, Virginia",51049,Median gross rent,750,310,276.15633333333335,1085.3729892126319
B25064_001,2014,"Dickenson County, Virginia",51051,Median gross rent,523,43,276.15633333333335,756.8667644776086
B25064_001,2014,"Dinwiddie County, Virginia",51053,Median gross rent,946,95,276.15633333333335,1369.017130393533
B25064_001,2014,"Essex County, Virginia",51057,Median gross rent,830,38,276.15633333333335,1201.1461080619792
B25064_001,2014,"Fairfax County, Virginia",51059,Median gross rent,1724,11,276.15633333333335,2494.9107112034367
B25064_001,2014,"Fauquier County, Virginia",51061,Median gross rent,1161,49,276.15633333333335,1680.1573873011541
B25064_001,2014,"Floyd County, Virginia",51063,Median gross rent,553,85,276.15633333333335,800.2816840461139
B25064_001,2014,"Fluvanna County, Virginia",51065,Median gross rent,1219,124,276.15633333333335,1764.092898466931
B25064_001,2014,"Franklin County, Virginia",51067,Median gross rent,668,45,276.15633333333335,966.7055423920508
B25064_001,2014,"Frederick County, Virginia",51069,Median gross rent,1111,34,276.15633333333335,1607.7991880203122
B25064_001,2014,"Giles County, Virginia",51071,Median gross rent,600,29,276.15633333333335,868.2983913701055
B25064_001,2014,"Gloucester County, Virginia",51073,Median gross rent,847,41,276.15633333333335,1225.7478958174656
B25064_001,2014,"Goochland County, Virginia",51075,Median gross rent,947,185,276.15633333333335,1370.4642943791498
B25064_001,2014,"Grayson County, Virginia",51077,Median gross rent,579,47,276.15633333333335,837.9079476721519
B25064_001,2014,"Greene County, Virginia",51079,Median gross rent,980,142,276.15633333333335,1418.2207059045056
B25064_001,2014,"Greensville County, Virginia",51081,Median gross rent,728,44,276.15633333333335,1053.5353815290614
B25064_001,2014,"Halifax County, Virginia",51083,Median gross rent,555,27,276.15633333333335,803.1760120173476
B25064_001,2014,"Hanover County, Virginia",51085,Median gross rent,1049,34,276.15633333333335,1518.0750209120679
B25064_001,2014,"Henrico County, Virginia",51087,Median gross rent,1029,16,276.15633333333335,1489.131741199731
B25064_001,2014,"Henry County, Virginia",51089,Median gross rent,590,29,276.15633333333335,853.8267515139371
B25064_001,2014,"Highland County, Virginia",51091,Median gross rent,470,145,276.15633333333335,680.167073239916
B25064_001,2014,"Isle of Wight County, Virginia",51093,Median gross rent,937,105,276.15633333333335,1355.9926545229814
B25064_001,2014,"James City County, Virginia",51095,Median gross rent,1159,44,276.15633333333335,1677.2630593299205
B25064_001,2014,"King and Queen County, Virginia",51097,Median gross rent,878,57,276.15633333333335,1270.6099793715878
B25064_001,2014,"King George County, Virginia",51099,Median gross rent,1088,65,276.15633333333335,1574.5144163511247
B25064_001,2014,"King William County, Virginia",51101,Median gross rent,967,79,276.15633333333335,1399.4075740914868
B25064_001,2014,"Lancaster County, Virginia",51103,Median gross rent,869,40,276.15633333333335,1257.585503501036
B25064_001,2014,"Lee County, Virginia",51105,Median gross rent,496,30,276.15633333333335,717.793336865954
B25064_001,2014,"Loudoun County, Virginia",51107,Median gross rent,1673,25,276.15633333333335,2421.1053479369775
B25064_001,2014,"Louisa County, Virginia",51109,Median gross rent,963,38,276.15633333333335,1393.6189181490195
B25064_001,2014,"Lunenburg County, Virginia",51111,Median gross rent,708,38,276.15633333333335,1024.5921018167246
B25064_001,2014,"Madison County, Virginia",51113,Median gross rent,865,64,276.15633333333335,1251.7968475585687
B25064_001,2014,"Mathews County, Virginia",51115,Median gross rent,976,157,276.15633333333335,1412.4320499620383
B25064_001,2014,"Mecklenburg County, Virginia",51117,Median gross rent,651,35,276.15633333333335,942.1037546365645
B25064_001,2014,"Middlesex County, Virginia",51119,Median gross rent,807,81,276.15633333333335,1167.861336392792
B25064_001,2014,"Montgomery County, Virginia",51121,Median gross rent,851,20,276.15633333333335,1231.536551759933
B25064_001,2014,"Nelson County, Virginia",51125,Median gross rent,658,120,276.15633333333335,952.2339025358824
B25064_001,2014,"New Kent County, Virginia",51127,Median gross rent,892,263,276.15633333333335,1290.8702751702235
B25064_001,2014,"Northampton County, Virginia",51131,Median gross rent,680,23,276.15633333333335,984.071510219453
B25064_001,2014,"Northumberland County, Virginia",51133,Median gross rent,717,191,276.15633333333335,1037.616577687276
B25064_001,2014,"Nottoway County, Virginia",51135,Median gross rent,794,74,276.15633333333335,1149.048204579773
B25064_001,2014,"Orange County, Virginia",51137,Median gross rent,877,72,276.15633333333335,1269.1628153859708
B25064_001,2014,"Page County, Virginia",51139,Median gross rent,687,23,276.15633333333335,994.2016581187709
B25064_001,2014,"Patrick County, Virginia",51141,Median gross rent,534,39,276.15633333333335,772.785568319394
B25064_001,2014,"Pittsylvania County, Virginia",51143,Median gross rent,612,53,276.15633333333335,885.6643591975077
B25064_001,2014,"Powhatan County, Virginia",51145,Median gross rent,1040,63,276.15633333333335,1505.0505450415162
B25064_001,2014,"Prince Edward County, Virginia",51147,Median gross rent,741,51,276.15633333333335,1072.3485133420804
B25064_001,2014,"Prince George County, Virginia",51149,Median gross rent,1252,68,276.15633333333335,1811.8493099922869
B25064_001,2014,"Prince William County, Virginia",51153,Median gross rent,1532,30,276.15633333333335,2217.0552259650026
B25064_001,2014,"Pulaski County, Virginia",51155,Median gross rent,603,26,276.15633333333335,872.639883326956
B25064_001,2014,"Rappahannock County, Virginia",51157,Median gross rent,999,85,276.15633333333335,1445.7168216312257
B25064_001,2014,"Richmond County, Virginia",51159,Median gross rent,745,54,276.15633333333335,1078.1371692845478
B25064_001,2014,"Roanoke County, Virginia",51161,Median gross rent,857,23,276.15633333333335,1240.219535673634
B25064_001,2014,"Rockbridge County, Virginia",51163,Median gross rent,759,75,276.15633333333335,1098.3974650831835
B25064_001,2014,"Rockingham County, Virginia",51165,Median gross rent,795,41,276.15633333333335,1150.4953685653898
B25064_001,2014,"Russell County, Virginia",51167,Median gross rent,535,22,276.15633333333335,774.2327323050108
B25064_001,2014,"Scott County, Virginia",51169,Median gross rent,491,34,276.15633333333335,710.55751693786965
B25064_001,2014,"Shenandoah County, Virginia",51171,Median gross rent,782,39,276.15633333333335,1131.682236752371
B25064_001,2014,"Smyth County, Virginia",51173,Median gross rent,570,17,276.15633333333335,824.8834718016003
B25064_001,2014,"Southampton County, Virginia",51175,Median gross rent,734,58,276.15633333333335,1062.2183654427624
B25064_001,2014,"Spotsylvania County, Virginia",51177,Median gross rent,1322,50,276.15633333333335,1913.1507889854659
B25064_001,2014,"Stafford County, Virginia",51179,Median gross rent,1447,40,276.15633333333335,2094.046287187571
B25064_001,2014,"Surry County, Virginia",51181,Median gross rent,764,162,276.15633333333335,1105.6332850112676
B25064_001,2014,"Sussex County, Virginia",51183,Median gross rent,693,64,276.15633333333335,1002.8846420324719
B25064_001,2014,"Tazewell County, Virginia",51185,Median gross rent,578,35,276.15633333333335,836.460783686535
B25064_001,2014,"Warren County, Virginia",51187,Median gross rent,955,86,276.15633333333335,1382.0416062640847
B25064_001,2014,"Washington County, Virginia",51191,Median gross rent,610,17,276.15633333333335,882.770031226274
B25064_001,2014,"Westmoreland County, Virginia",51193,Median gross rent,914,110,276.15633333333335,1322.707882853794
B25064_001,2014,"Wise County, Virginia",51195,Median gross rent,612,27,276.15633333333335,885.6643591975077
B25064_001,2014,"Wythe County, Virginia",51197,Median gross rent,599,31,276.15633333333335,866.8512273844887
B25064_001,2014,"York County, Virginia",51199,Median gross rent,1343,41,276.15633333333335,1943.5412326834196
B25064_001,2014,"Alexandria city, Virginia",51510,Median gross rent,1520,30,276.15633333333335,2199.6892581376005
B25064_001,2014,"Bristol city, Virginia",51520,Median gross rent,635,38,276.15633333333335,918.949130866695
B25064_001,2014,"Buena Vista city, Virginia",51530,Median gross rent,646,71,276.15633333333335,934.8679347084803
B25064_001,2014,"Charlottesville city, Virginia",51540,Median gross rent,1015,33,276.15633333333335,1468.8714454010951
B25064_001,2014,"Chesapeake city, Virginia",51550,Median gross rent,1163,22,276.15633333333335,1683.0517152723878
B25064_001,2014,"Colonial Heights city, Virginia",51570,Median gross rent,903,36,276.15633333333335,1306.7890790120089
B25064_001,2014,"Covington city, Virginia",51580,Median gross rent,600,63,276.15633333333335,868.2983913701055
B25064_001,2014,"Danville city, Virginia",51590,Median gross rent,595,24,276.15633333333335,861.0625714420213
B25064_001,2014,"Emporia city, Virginia",51595,Median gross rent,669,57,276.15633333333335,968.1527063776676
B25064_001,2014,"Fairfax city, Virginia",51600,Median gross rent,1671,63,276.15633333333335,2418.211019965744
B25064_001,2014,"Falls Church city, Virginia",51610,Median gross rent,1673,135,276.15633333333335,2421.1053479369775
B25064_001,2014,"Franklin city, Virginia",51620,Median gross rent,794,65,276.15633333333335,1149.048204579773
B25064_001,2014,"Fredericksburg city, Virginia",51630,Median gross rent,1065,27,276.15633333333335,1541.2296446819373
B25064_001,2014,"Galax city, Virginia",51640,Median gross rent,531,97,276.15633333333335,768.4440763625435
B25064_001,2014,"Hampton city, Virginia",51650,Median gross rent,1005,21,276.15633333333335,1454.3998055449267
B25064_001,2014,"Harrisonburg city, Virginia",51660,Median gross rent,843,35,276.15633333333335,1219.9592398749983
B25064_001,2014,"Hopewell city, Virginia",51670,Median gross rent,833,30,276.15633333333335,1205.4876000188299
B25064_001,2014,"Lexington city, Virginia",51678,Median gross rent,846,156,276.15633333333335,1224.300731831849
B25064_001,2014,"Lynchburg city, Virginia",51680,Median gross rent,759,19,276.15633333333335,1098.3974650831835
B25064_001,2014,"Manassas city, Virginia",51683,Median gross rent,1334,43,276.15633333333335,1930.516756812868
B25064_001,2014,"Manassas Park city, Virginia",51685,Median gross rent,1474,102,276.15633333333335,2133.119714799226
B25064_001,2014,"Martinsville city, Virginia",51690,Median gross rent,593,31,276.15633333333335,858.1682434707876
B25064_001,2014,"Newport News city, Virginia",51700,Median gross rent,975,14,276.15633333333335,1410.9848859764215
B25064_001,2014,"Norfolk city, Virginia",51710,Median gross rent,965,10,276.15633333333335,1396.5132461202531
B25064_001,2014,"Norton city, Virginia",51720,Median gross rent,532,137,276.15633333333335,769.8912403481603
B25064_001,2014,"Petersburg city, Virginia",51730,Median gross rent,845,23,276.15633333333335,1222.853567846232
B25064_001,2014,"Poquoson city, Virginia",51735,Median gross rent,1223,193,276.15633333333335,1769.8815544093984
B25064_001,2014,"Portsmouth city, Virginia",51740,Median gross rent,967,14,276.15633333333335,1399.4075740914868
B25064_001,2014,"Radford city, Virginia",51750,Median gross rent,743,94,276.15633333333335,1075.242841313314
B25064_001,2014,"Richmond city, Virginia",51760,Median gross rent,893,11,276.15633333333335,1292.3174391558405
B25064_001,2014,"Roanoke city, Virginia",51770,Median gross rent,719,14,276.15633333333335,1040.5109056585097
B25064_001,2014,"Salem city, Virginia",51775,Median gross rent,833,24,276.15633333333335,1205.4876000188299
B25064_001,2014,"Staunton city, Virginia",51790,Median gross rent,742,46,276.15633333333335,1073.7956773276971
B25064_001,2014,"Suffolk city, Virginia",51800,Median gross rent,1022,40,276.15633333333335,1479.001593300413
B25064_001,2014,"Virginia Beach city, Virginia",51810,Median gross rent,1239,13,276.15633333333335,1793.0361781792678
B25064_001,2014,"Waynesboro city, Virginia",51820,Median gross rent,785,24,276.15633333333335,1136.0237287092214
B25064_001,2014,"Williamsburg city, Virginia",51830,Median gross rent,1063,57,276.15633333333335,1538.3353167107036
B25064_001,2014,"Winchester city, Virginia",51840,Median gross rent,919,42,276.15633333333335,1329.9437027818783
B25064_001,2015,"Accomack County, Virginia",51001,Median gross rent,733,35,286.027,1024.164451258098
B25064_001,2015,"Albemarle County, Virginia",51003,Median gross rent,1117,23,286.027,1560.6980792023132
B25064_001,2015,"Alleghany County, Virginia",51005,Median gross rent,591,70,286.027,825.7587867578935
B25064_001,2015,"Amelia County, Virginia",51007,Median gross rent,693,125,286.027,968.2755316805757
B25064_001,2015,"Amherst County, Virginia",51009,Median gross rent,679,23,286.027,948.7144098284429
B25064_001,2015,"Appomattox County, Virginia",51011,Median gross rent,695,67,286.027,971.0699776594518
B25064_001,2015,"Arlington County, Virginia",51013,Median gross rent,1827,20,286.027,2552.726401703336
B25064_001,2015,"Augusta County, Virginia",51015,Median gross rent,832,50,286.027,1162.489527212466
B25064_001,2015,"Bath County, Virginia",51017,Median gross rent,535,305,286.027,747.5142993493622
B25064_001,2015,"Bedford County, Virginia",51019,Median gross rent,754,41,286.027,1053.5061340362972
B25064_001,2015,"Bland County, Virginia",51021,Median gross rent,580,140,286.027,810.3893338740749
B25064_001,2015,"Botetourt County, Virginia",51023,Median gross rent,831,77,286.027,1161.092304223028
B25064_001,2015,"Brunswick County, Virginia",51025,Median gross rent,674,72,286.027,941.7282948812525
B25064_001,2015,"Buchanan County, Virginia",51027,Median gross rent,637,49,286.027,890.0310442720443
B25064_001,2015,"Buckingham County, Virginia",51029,Median gross rent,685,81,286.027,957.0977477650712
B25064_001,2015,"Campbell County, Virginia",51031,Median gross rent,725,29,286.027,1012.9866673425936
B25064_001,2015,"Caroline County, Virginia",51033,Median gross rent,1050,98,286.027,1467.084138909963
B25064_001,2015,"Carroll County, Virginia",51035,Median gross rent,534,24,286.027,746.1170763599241
B25064_001,2015,"Charles City County, Virginia",51036,Median gross rent,871,97,286.027,1216.9812238005504
B25064_001,2015,"Charlotte County, Virginia",51037,Median gross rent,566,37,286.027,790.828212021942
B25064_001,2015,"Chesterfield County, Virginia",51041,Median gross rent,1123,15,286.027,1569.0814171389416
B25064_001,2015,"Clarke County, Virginia",51043,Median gross rent,1032,84,286.027,1441.934125100078
B25064_001,2015,"Craig County, Virginia",51045,Median gross rent,547,125,286.027,764.2809752226188
B25064_001,2015,"Culpeper County, Virginia",51047,Median gross rent,1050,56,286.027,1467.084138909963
B25064_001,2015,"Cumberland County, Virginia",51049,Median gross rent,867,117,286.027,1211.392331842798
B25064_001,2015,"Dickenson County, Virginia",51051,Median gross rent,528,26,286.027,737.7337384232958
B25064_001,2015,"Dinwiddie County, Virginia",51053,Median gross rent,933,67,286.027,1303.60904914571
B25064_001,2015,"Essex County, Virginia",51057,Median gross rent,834,25,286.027,1165.283973191342
B25064_001,2015,"Fairfax County, Virginia",51059,Median gross rent,1747,12,286.027,2440.948562548291
B25064_001,2015,"Fauquier County, Virginia",51061,Median gross rent,1169,41,286.027,1633.3536746530922
B25064_001,2015,"Floyd County, Virginia",51063,Median gross rent,527,53,286.027,736.3365154338577
B25064_001,2015,"Fluvanna County, Virginia",51065,Median gross rent,1282,110,286.027,1791.239872459593
B25064_001,2015,"Franklin County, Virginia",51067,Median gross rent,659,37,286.027,920.7699500396816
B25064_001,2015,"Frederick County, Virginia",51069,Median gross rent,1073,32,286.027,1499.2202676670386
B25064_001,2015,"Giles County, Virginia",51071,Median gross rent,593,28,286.027,828.5532327367697
B25064_001,2015,"Gloucester County, Virginia",51073,Median gross rent,873,39,286.027,1219.7756697794264
B25064_001,2015,"Goochland County, Virginia",51075,Median gross rent,1027,126,286.027,1434.9480101528877
B25064_001,2015,"Grayson County, Virginia",51077,Median gross rent,552,61,286.027,771.2670901698092
B25064_001,2015,"Greene County, Virginia",51079,Median gross rent,928,128,286.027,1296.6229341985197
B25064_001,2015,"Greensville County, Virginia",51081,Median gross rent,716,85,286.027,1000.411660437651
B25064_001,2015,"Halifax County, Virginia",51083,Median gross rent,549,26,286.027,767.075421201495
B25064_001,2015,"Hanover County, Virginia",51085,Median gross rent,1044,39,286.027,1458.7008009733347
B25064_001,2015,"Henrico County, Virginia",51087,Median gross rent,1035,13,286.027,1446.1257940683922
B25064_001,2015,"Henry County, Virginia",51089,Median gross rent,584,28,286.027,815.9782258318271
B25064_001,2015,"Highland County, Virginia",51091,Median gross rent,473,257,286.027,660.8864740042025
B25064_001,2015,"Isle of Wight County, Virginia",51093,Median gross rent,959,111,286.027,1339.9368468710998
B25064_001,2015,"James City County, Virginia",51095,Median gross rent,1159,47,286.027,1619.3814447587117
B25064_001,2015,"King and Queen County, Virginia",51097,Median gross rent,863,48,286.027,1205.803439885046
B25064_001,2015,"King George County, Virginia",51099,Median gross rent,1098,96,286.027,1534.15084240299
B25064_001,2015,"King William County, Virginia",51101,Median gross rent,1026,89,286.027,1433.5507871634497
B25064_001,2015,"Lancaster County, Virginia",51103,Median gross rent,870,50,286.027,1215.5840008111122
B25064_001,2015,"Lee County, Virginia",51105,Median gross rent,497,29,286.027,694.4198257507159
B25064_001,2015,"Loudoun County, Virginia",51107,Median gross rent,1668,25,286.027,2330.567946382684
B25064_001,2015,"Louisa County, Virginia",51109,Median gross rent,936,45,286.027,1307.8007181140242
B25064_001,2015,"Lunenburg County, Virginia",51111,Median gross rent,685,41,286.027,957.0977477650712
B25064_001,2015,"Madison County, Virginia",51113,Median gross rent,775,76,286.027,1082.8478168144966
B25064_001,2015,"Mathews County, Virginia",51115,Median gross rent,942,280,286.027,1316.1840560506525
B25064_001,2015,"Mecklenburg County, Virginia",51117,Median gross rent,683,47,286.027,954.3033017861951
B25064_001,2015,"Middlesex County, Virginia",51119,Median gross rent,781,37,286.027,1091.231154751125
B25064_001,2015,"Montgomery County, Virginia",51121,Median gross rent,861,22,286.027,1203.0089939061697
B25064_001,2015,"Nelson County, Virginia",51125,Median gross rent,709,109,286.027,990.6310995115846
B25064_001,2015,"New Kent County, Virginia",51127,Median gross rent,883,182,286.027,1233.747899673807
B25064_001,2015,"Northampton County, Virginia",51131,Median gross rent,694,30,286.027,969.6727546700138
B25064_001,2015,"Northumberland County, Virginia",51133,Median gross rent,720,133,286.027,1006.0005523954032
B25064_001,2015,"Nottoway County, Virginia",51135,Median gross rent,783,57,286.027,1094.025600730001
B25064_001,2015,"Orange County, Virginia",51137,Median gross rent,879,101,286.027,1228.159007716055
B25064_001,2015,"Page County, Virginia",51139,Median gross rent,711,58,286.027,993.4255454904608
B25064_001,2015,"Patrick County, Virginia",51141,Median gross rent,532,39,286.027,743.3226303810479
B25064_001,2015,"Pittsylvania County, Virginia",51143,Median gross rent,645,50,286.027,901.2088281875488
B25064_001,2015,"Powhatan County, Virginia",51145,Median gross rent,970,68,286.027,1355.3062997549182
B25064_001,2015,"Prince Edward County, Virginia",51147,Median gross rent,749,51,286.027,1046.520019089107
B25064_001,2015,"Prince George County, Virginia",51149,Median gross rent,1279,50,286.027,1787.0482034912789
B25064_001,2015,"Prince William County, Virginia",51153,Median gross rent,1547,28,286.027,2161.503964660679
B25064_001,2015,"Pulaski County, Virginia",51155,Median gross rent,596,25,286.027,832.7449017050839
B25064_001,2015,"Rappahannock County, Virginia",51157,Median gross rent,1036,80,286.027,1447.5230170578302
B25064_001,2015,"Richmond County, Virginia",51159,Median gross rent,773,49,286.027,1080.0533708356204
B25064_001,2015,"Roanoke County, Virginia",51161,Median gross rent,872,25,286.027,1218.3784467899884
B25064_001,2015,"Rockbridge County, Virginia",51163,Median gross rent,684,79,286.027,955.7005247756331
B25064_001,2015,"Rockingham County, Virginia",51165,Median gross rent,809,27,286.027,1130.3533984553906
B25064_001,2015,"Russell County, Virginia",51167,Median gross rent,536,25,286.027,748.9115223388002
B25064_001,2015,"Scott County, Virginia",51169,Median gross rent,503,31,286.027,702.8031636873442
B25064_001,2015,"Shenandoah County, Virginia",51171,Median gross rent,781,33,286.027,1091.231154751125
B25064_001,2015,"Smyth County, Virginia",51173,Median gross rent,574,20,286.027,802.0059959374465
B25064_001,2015,"Southampton County, Virginia",51175,Median gross rent,729,45,286.027,1018.5755593003458
B25064_001,2015,"Spotsylvania County, Virginia",51177,Median gross rent,1346,34,286.027,1880.6621437836288
B25064_001,2015,"Stafford County, Virginia",51179,Median gross rent,1445,42,286.027,2018.9872197379968
B25064_001,2015,"Surry County, Virginia",51181,Median gross rent,823,109,286.027,1149.9145203075234
B25064_001,2015,"Sussex County, Virginia",51183,Median gross rent,728,115,286.027,1017.1783363109078
B25064_001,2015,"Tazewell County, Virginia",51185,Median gross rent,585,31,286.027,817.3754488212652
B25064_001,2015,"Warren County, Virginia",51187,Median gross rent,915,55,286.027,1278.459035335825
B25064_001,2015,"Washington County, Virginia",51191,Median gross rent,614,24,286.027,857.89491551496894
B25064_001,2015,"Westmoreland County, Virginia",51193,Median gross rent,910,89,286.027,1271.4729203886347
B25064_001,2015,"Wise County, Virginia",51195,Median gross rent,600,27,286.027,838.3337936628361
B25064_001,2015,"Wythe County, Virginia",51197,Median gross rent,611,26,286.027,853.7032465466548
B25064_001,2015,"York County, Virginia",51199,Median gross rent,1389,51,286.027,1940.7427323294655
B25064_001,2015,"Alexandria city, Virginia",51510,Median gross rent,1555,26,286.027,2172.6817485761835
B25064_001,2015,"Bristol city, Virginia",51520,Median gross rent,649,39,286.027,906.797720145301
B25064_001,2015,"Buena Vista city, Virginia",51530,Median gross rent,691,69,286.027,965.4810857016995
B25064_001,2015,"Charlottesville city, Virginia",51540,Median gross rent,998,29,286.027,1394.428543459184
B25064_001,2015,"Chesapeake city, Virginia",51550,Median gross rent,1176,20,286.027,1643.1342355791587
B25064_001,2015,"Colonial Heights city, Virginia",51570,Median gross rent,940,47,286.027,1313.3896100717766
B25064_001,2015,"Covington city, Virginia",51580,Median gross rent,590,39,286.027,824.3615637684554
B25064_001,2015,"Danville city, Virginia",51590,Median gross rent,601,22,286.027,839.7310166522741
B25064_001,2015,"Emporia city, Virginia",51595,Median gross rent,680,50,286.027,950.1116328178808
B25064_001,2015,"Fairfax city, Virginia",51600,Median gross rent,1692,81,286.027,2364.101298129198
B25064_001,2015,"Falls Church city, Virginia",51610,Median gross rent,1517,154,286.027,2119.587274977537
B25064_001,2015,"Franklin city, Virginia",51620,Median gross rent,781,25,286.027,1091.231154751125
B25064_001,2015,"Fredericksburg city, Virginia",51630,Median gross rent,1058,33,286.027,1478.2619228254675
B25064_001,2015,"Galax city, Virginia",51640,Median gross rent,529,36,286.027,739.1309614127338
B25064_001,2015,"Hampton city, Virginia",51650,Median gross rent,1009,21,286.027,1409.7979963430028
B25064_001,2015,"Harrisonburg city, Virginia",51660,Median gross rent,837,30,286.027,1169.4756421596562
B25064_001,2015,"Hopewell city, Virginia",51670,Median gross rent,835,36,286.027,1166.6811961807803
B25064_001,2015,"Lexington city, Virginia",51678,Median gross rent,744,86,286.027,1039.5339041419168
B25064_001,2015,"Lynchburg city, Virginia",51680,Median gross rent,778,18,286.027,1087.0394857828107
B25064_001,2015,"Manassas city, Virginia",51683,Median gross rent,1327,44,286.027,1854.1149069843057
B25064_001,2015,"Manassas Park city, Virginia",51685,Median gross rent,1470,104,286.027,2053.9177944739486
B25064_001,2015,"Martinsville city, Virginia",51690,Median gross rent,589,31,286.027,822.9643407790174
B25064_001,2015,"Newport News city, Virginia",51700,Median gross rent,964,15,286.027,1346.9229618182899
B25064_001,2015,"Norfolk city, Virginia",51710,Median gross rent,970,13,286.027,1355.3062997549182
B25064_001,2015,"Norton city, Virginia",51720,Median gross rent,557,86,286.027,778.2532051169995
B25064_001,2015,"Petersburg city, Virginia",51730,Median gross rent,842,22,286.027,1176.4617571068466
B25064_001,2015,"Poquoson city, Virginia",51735,Median gross rent,1154,70,286.027,1612.3953298115214
B25064_001,2015,"Portsmouth city, Virginia",51740,Median gross rent,964,17,286.027,1346.9229618182899
B25064_001,2015,"Radford city, Virginia",51750,Median gross rent,705,54,286.027,985.0422075538323
B25064_001,2015,"Richmond city, Virginia",51760,Median gross rent,896,12,286.027,1251.911798536502
B25064_001,2015,"Roanoke city, Virginia",51770,Median gross rent,728,19,286.027,1017.1783363109078
B25064_001,2015,"Salem city, Virginia",51775,Median gross rent,836,20,286.027,1168.0784191702182
B25064_001,2015,"Staunton city, Virginia",51790,Median gross rent,795,53,286.027,1110.7922766032577
B25064_001,2015,"Suffolk city, Virginia",51800,Median gross rent,1031,36,286.027,1440.53690211064
B25064_001,2015,"Virginia Beach city, Virginia",51810,Median gross rent,1236,12,286.027,1726.9676149454424
B25064_001,2015,"Waynesboro city, Virginia",51820,Median gross rent,794,38,286.027,1109.3950536138198
B25064_001,2015,"Williamsburg city, Virginia",51830,Median gross rent,1093,51,286.027,1527.1647274557997
B25064_001,2015,"Winchester city, Virginia",51840,Median gross rent,936,34,286.027,1307.8007181140242
B25064_001,2016,"Accomack County, Virginia",51001,Median gross rent,749,45,296.81891666666667,1008.4700290047776
B25064_001,2016,"Albemarle County, Virginia",51003,Median gross rent,1156,26,296.81891666666667,1556.4637563812055
B25064_001,2016,"Alleghany County, Virginia",51005,Median gross rent,636,30,296.81891666666667,856.3243503965803
B25064_001,2016,"Amelia County, Virginia",51007,Median gross rent,689,94,296.81891666666667,927.6847129296285
B25064_001,2016,"Amherst County, Virginia",51009,Median gross rent,696,32,296.81891666666667,937.1096664717293
B25064_001,2016,"Appomattox County, Virginia",51011,Median gross rent,700,64,296.81891666666667,942.4953542100726
B25064_001,2016,"Arlington County, Virginia",51013,Median gross rent,1861,17,296.81891666666667,2505.691220264207
B25064_001,2016,"Augusta County, Virginia",51015,Median gross rent,866,52,296.81891666666667,1166.0013953513183
B25064_001,2016,"Bath County, Virginia",51017,Median gross rent,478,115,296.81891666666667,643.5896847320209
B25064_001,2016,"Bedford County, Virginia",51019,Median gross rent,759,45,296.81891666666667,1021.9342483506358
B25064_001,2016,"Bland County, Virginia",51021,Median gross rent,584,80,296.81891666666667,786.3104097981177
B25064_001,2016,"Botetourt County, Virginia",51023,Median gross rent,870,63,296.81891666666667,1171.3870830896617
B25064_001,2016,"Brunswick County, Virginia",51025,Median gross rent,697,80,296.81891666666667,938.4560884063151
B25064_001,2016,"Buchanan County, Virginia",51027,Median gross rent,594,68,296.81891666666667,799.7746291439759
B25064_001,2016,"Buckingham County, Virginia",51029,Median gross rent,695,67,296.81891666666667,935.7632445371435
B25064_001,2016,"Campbell County, Virginia",51031,Median gross rent,722,37,296.81891666666667,972.1166367709606
B25064_001,2016,"Caroline County, Virginia",51033,Median gross rent,1033,93,296.81891666666667,1390.8538584271498
B25064_001,2016,"Carroll County, Virginia",51035,Median gross rent,540,35,296.81891666666667,727.0678446763417
B25064_001,2016,"Charles City County, Virginia",51036,Median gross rent,883,87,296.81891666666667,1188.8905682392772
B25064_001,2016,"Charlotte County, Virginia",51037,Median gross rent,594,48,296.81891666666667,799.7746291439759
B25064_001,2016,"Chesterfield County, Virginia",51041,Median gross rent,1137,13,296.81891666666667,1530.881739624075
B25064_001,2016,"Clarke County, Virginia",51043,Median gross rent,1054,95,296.81891666666667,1419.1287190534522
B25064_001,2016,"Craig County, Virginia",51045,Median gross rent,533,60,296.81891666666667,717.6428911342409
B25064_001,2016,"Culpeper County, Virginia",51047,Median gross rent,1066,68,296.81891666666667,1435.2857822684819
B25064_001,2016,"Cumberland County, Virginia",51049,Median gross rent,848,108,296.81891666666667,1141.7658005287735
B25064_001,2016,"Dickenson County, Virginia",51051,Median gross rent,545,60,296.81891666666667,733.7999543492708
B25064_001,2016,"Dinwiddie County, Virginia",51053,Median gross rent,923,45,296.81891666666667,1242.7474456227098
B25064_001,2016,"Essex County, Virginia",51057,Median gross rent,833,24,296.81891666666667,1121.5694715099864
B25064_001,2016,"Fairfax County, Virginia",51059,Median gross rent,1779,9,296.81891666666667,2395.28462162817
B25064_001,2016,"Fauquier County, Virginia",51061,Median gross rent,1180,42,296.81891666666667,1588.7778828112653
B25064_001,2016,"Floyd County, Virginia",51063,Median gross rent,524,53,296.81891666666667,705.5250937229686
B25064_001,2016,"Fluvanna County, Virginia",51065,Median gross rent,1263,76,296.81891666666667,1700.530903381888
B25064_001,2016,"Franklin County, Virginia",51067,Median gross rent,667,43,296.81891666666667,898.0634303687406
B25064_001,2016,"Frederick County, Virginia",51069,Median gross rent,1106,41,296.81891666666667,1489.1426596519145
B25064_001,2016,"Giles County, Virginia",51071,Median gross rent,650,54,296.81891666666667,875.1742574807816
B25064_001,2016,"Gloucester County, Virginia",51073,Median gross rent,889,57,296.81891666666667,1196.9690998467922
B25064_001,2016,"Goochland County, Virginia",51075,Median gross rent,1069,91,296.81891666666667,1439.3250480722393
B25064_001,2016,"Grayson County, Virginia",51077,Median gross rent,525,38,296.81891666666667,706.8715156575544
B25064_001,2016,"Greene County, Virginia",51079,Median gross rent,901,151,296.81891666666667,1213.126163061822
B25064_001,2016,"Greensville County, Virginia",51081,Median gross rent,678,54,296.81891666666667,912.8740716491845
B25064_001,2016,"Halifax County, Virginia",51083,Median gross rent,571,31,296.81891666666667,768.806924648502
B25064_001,2016,"Hanover County, Virginia",51085,Median gross rent,1088,31,296.81891666666667,1464.90706482937
B25064_001,2016,"Henrico County, Virginia",51087,Median gross rent,1065,13,296.81891666666667,1433.939360333896
B25064_001,2016,"Henry County, Virginia",51089,Median gross rent,573,24,296.81891666666667,771.4997685176737
B25064_001,2016,"Highland County, Virginia",51091,Median gross rent,489,407,296.81891666666667,658.4003260124649
B25064_001,2016,"Isle of Wight County, Virginia",51093,Median gross rent,1019,54,296.81891666666667,1372.0039513429485
B25064_001,2016,"James City County, Virginia",51095,Median gross rent,1214,64,296.81891666666667,1634.5562285871829
B25064_001,2016,"King and Queen County, Virginia",51097,Median gross rent,841,56,296.81891666666667,1132.3408469866729
B25064_001,2016,"King George County, Virginia",51099,Median gross rent,1079,92,296.81891666666667,1452.7892674180976
B25064_001,2016,"King William County, Virginia",51101,Median gross rent,1070,82,296.81891666666667,1440.6714700068253
B25064_001,2016,"Lancaster County, Virginia",51103,Median gross rent,818,59,296.81891666666667,1101.3731424911991
B25064_001,2016,"Lee County, Virginia",51105,Median gross rent,507,30,296.81891666666667,682.6359208350096
B25064_001,2016,"Loudoun County, Virginia",51107,Median gross rent,1705,26,296.81891666666667,2295.6493984688195
B25064_001,2016,"Louisa County, Virginia",51109,Median gross rent,940,56,296.81891666666667,1265.6366185106688
B25064_001,2016,"Lunenburg County, Virginia",51111,Median gross rent,680,44,296.81891666666667,915.5669155183562
B25064_001,2016,"Madison County, Virginia",51113,Median gross rent,752,119,296.81891666666667,1012.5092948085351
B25064_001,2016,"Mathews County, Virginia",51115,Median gross rent,928,115,296.81891666666667,1249.479555295639
B25064_001,2016,"Mecklenburg County, Virginia",51117,Median gross rent,702,45,296.81891666666667,945.1881980792442
B25064_001,2016,"Middlesex County, Virginia",51119,Median gross rent,776,26,296.81891666666667,1044.8234212385946
B25064_001,2016,"Montgomery County, Virginia",51121,Median gross rent,885,24,296.81891666666667,1191.5834121084488
B25064_001,2016,"Nelson County, Virginia",51125,Median gross rent,669,78,296.81891666666667,900.7562742379122
B25064_001,2016,"New Kent County, Virginia",51127,Median gross rent,889,119,296.81891666666667,1196.9690998467922
B25064_001,2016,"Northampton County, Virginia",51131,Median gross rent,729,53,296.81891666666667,981.5415903130613
B25064_001,2016,"Northumberland County, Virginia",51133,Median gross rent,675,333,296.81891666666667,908.8348058454271
B25064_001,2016,"Nottoway County, Virginia",51135,Median gross rent,770,52,296.81891666666667,1036.7448896310798
B25064_001,2016,"Orange County, Virginia",51137,Median gross rent,877,48,296.81891666666667,1180.8120366317623
B25064_001,2016,"Page County, Virginia",51139,Median gross rent,700,33,296.81891666666667,942.4953542100726
B25064_001,2016,"Patrick County, Virginia",51141,Median gross rent,556,34,296.81891666666667,748.6105956297148
B25064_001,2016,"Pittsylvania County, Virginia",51143,Median gross rent,652,31,296.81891666666667,877.8671013499533
B25064_001,2016,"Powhatan County, Virginia",51145,Median gross rent,937,68,296.81891666666667,1261.5973527069114
B25064_001,2016,"Prince Edward County, Virginia",51147,Median gross rent,743,55,296.81891666666667,1000.3914973972627
B25064_001,2016,"Prince George County, Virginia",51149,Median gross rent,1263,73,296.81891666666667,1700.530903381888
B25064_001,2016,"Prince William County, Virginia",51153,Median gross rent,1581,25,296.81891666666667,2128.6930785801783
B25064_001,2016,"Pulaski County, Virginia",51155,Median gross rent,620,19,296.81891666666667,834.7815994432071
B25064_001,2016,"Rappahannock County, Virginia",51157,Median gross rent,1046,84,296.81891666666667,1408.3573435767655
B25064_001,2016,"Richmond County, Virginia",51159,Median gross rent,815,55,296.81891666666667,1097.3338766874417
B25064_001,2016,"Roanoke County, Virginia",51161,Median gross rent,894,29,296.81891666666667,1203.7012095197213
B25064_001,2016,"Rockbridge County, Virginia",51163,Median gross rent,685,86,296.81891666666667,922.2990251912853
B25064_001,2016,"Rockingham County, Virginia",51165,Median gross rent,826,26,296.81891666666667,1112.1445179678856
B25064_001,2016,"Russell County, Virginia",51167,Median gross rent,544,21,296.81891666666667,732.453532414685
B25064_001,2016,"Scott County, Virginia",51169,Median gross rent,517,31,296.81891666666667,696.1001401808679
B25064_001,2016,"Shenandoah County, Virginia",51171,Median gross rent,770,28,296.81891666666667,1036.7448896310798
B25064_001,2016,"Smyth County, Virginia",51173,Median gross rent,572,19,296.81891666666667,770.1533465830879
B25064_001,2016,"Southampton County, Virginia",51175,Median gross rent,741,54,296.81891666666667,997.6986535280911
B25064_001,2016,"Spotsylvania County, Virginia",51177,Median gross rent,1368,33,296.81891666666667,1841.905206513399
B25064_001,2016,"Stafford County, Virginia",51179,Median gross rent,1466,44,296.81891666666667,1973.854556102809
B25064_001,2016,"Surry County, Virginia",51181,Median gross rent,829,123,296.81891666666667,1116.183783771643
B25064_001,2016,"Sussex County, Virginia",51183,Median gross rent,736,125,296.81891666666667,990.966543855162
B25064_001,2016,"Tazewell County, Virginia",51185,Median gross rent,610,28,296.81891666666667,821.317380097349
B25064_001,2016,"Warren County, Virginia",51187,Median gross rent,939,45,296.81891666666667,1264.290196576083
B25064_001,2016,"Washington County, Virginia",51191,Median gross rent,626,25,296.81891666666667,842.860131050722
B25064_001,2016,"Westmoreland County, Virginia",51193,Median gross rent,1012,102,296.81891666666667,1362.5789978008477
B25064_001,2016,"Wise County, Virginia",51195,Median gross rent,634,28,296.81891666666667,853.6315065274085
B25064_001,2016,"Wythe County, Virginia",51197,Median gross rent,617,20,296.81891666666667,830.7423336394496
B25064_001,2016,"York County, Virginia",51199,Median gross rent,1403,41,296.81891666666667,1889.0299742239026
B25064_001,2016,"Alexandria city, Virginia",51510,Median gross rent,1611,20,296.81891666666667,2169.085736617753
B25064_001,2016,"Bristol city, Virginia",51520,Median gross rent,669,59,296.81891666666667,900.7562742379122
B25064_001,2016,"Buena Vista city, Virginia",51530,Median gross rent,709,31,296.81891666666667,954.613151621345
B25064_001,2016,"Charlottesville city, Virginia",51540,Median gross rent,1030,30,296.81891666666667,1386.8145926233924
B25064_001,2016,"Chesapeake city, Virginia",51550,Median gross rent,1180,18,296.81891666666667,1588.7778828112653
B25064_001,2016,"Colonial Heights city, Virginia",51570,Median gross rent,965,47,296.81891666666667,1299.2971668753144
B25064_001,2016,"Covington city, Virginia",51580,Median gross rent,590,105,296.81891666666667,794.3889414056326
B25064_001,2016,"Danville city, Virginia",51590,Median gross rent,602,19,296.81891666666667,810.5460046206624
B25064_001,2016,"Emporia city, Virginia",51595,Median gross rent,705,37,296.81891666666667,949.2274638830016
B25064_001,2016,"Fairfax city, Virginia",51600,Median gross rent,1750,58,296.81891666666667,2356.2383855251815
B25064_001,2016,"Falls Church city, Virginia",51610,Median gross rent,1569,132,296.81891666666667,2112.536015365148
B25064_001,2016,"Franklin city, Virginia",51620,Median gross rent,850,43,296.81891666666667,1144.4586443979451
B25064_001,2016,"Fredericksburg city, Virginia",51630,Median gross rent,1096,24,296.81891666666667,1475.6784403060565
B25064_001,2016,"Galax city, Virginia",51640,Median gross rent,542,46,296.81891666666667,729.7606885455133
B25064_001,2016,"Hampton city, Virginia",51650,Median gross rent,1032,20,296.81891666666667,1389.507436492564
B25064_001,2016,"Harrisonburg city, Virginia",51660,Median gross rent,834,31,296.81891666666667,1122.9158934445722
B25064_001,2016,"Hopewell city, Virginia",51670,Median gross rent,820,33,296.81891666666667,1104.0659863603707
B25064_001,2016,"Lexington city, Virginia",51678,Median gross rent,765,67,296.81891666666667,1030.0127799581508
B25064_001,2016,"Lynchburg city, Virginia",51680,Median gross rent,782,21,296.81891666666667,1052.9019528461097
B25064_001,2016,"Manassas city, Virginia",51683,Median gross rent,1376,39,296.81891666666667,1852.6765819900854
B25064_001,2016,"Manassas Park city, Virginia",51685,Median gross rent,1551,119,296.81891666666667,2088.3004205426037
B25064_001,2016,"Martinsville city, Virginia",51690,Median gross rent,629,35,296.81891666666667,846.8993968544795
B25064_001,2016,"Newport News city, Virginia",51700,Median gross rent,972,17,296.81891666666667,1308.722120417415
B25064_001,2016,"Norfolk city, Virginia",51710,Median gross rent,980,11,296.81891666666667,1319.4934958941017
B25064_001,2016,"Norton city, Virginia",51720,Median gross rent,574,69,296.81891666666667,772.8461904522595
B25064_001,2016,"Petersburg city, Virginia",51730,Median gross rent,857,18,296.81891666666667,1153.883597940046
B25064_001,2016,"Poquoson city, Virginia",51735,Median gross rent,1140,88,296.81891666666667,1534.9210054278324
B25064_001,2016,"Portsmouth city, Virginia",51740,Median gross rent,977,16,296.81891666666667,1315.454230090344
B25064_001,2016,"Radford city, Virginia",51750,Median gross rent,762,85,296.81891666666667,1025.9735141543933
B25064_001,2016,"Richmond city, Virginia",51760,Median gross rent,916,11,296.81891666666667,1233.3224920806092
B25064_001,2016,"Roanoke city, Virginia",51770,Median gross rent,748,17,296.81891666666667,1007.1236070701918
B25064_001,2016,"Salem city, Virginia",51775,Median gross rent,842,20,296.81891666666667,1133.6872689212587
B25064_001,2016,"Staunton city, Virginia",51790,Median gross rent,799,34,296.81891666666667,1075.7911257340686
B25064_001,2016,"Suffolk city, Virginia",51800,Median gross rent,1052,33,296.81891666666667,1416.4358751842806
B25064_001,2016,"Virginia Beach city, Virginia",51810,Median gross rent,1258,15,296.81891666666667,1693.798793708959
B25064_001,2016,"Waynesboro city, Virginia",51820,Median gross rent,801,40,296.81891666666667,1078.4839696032402
B25064_001,2016,"Williamsburg city, Virginia",51830,Median gross rent,1093,51,296.81891666666667,1471.639174502299
B25064_001,2016,"Winchester city, Virginia",51840,Median gross rent,937,43,296.81891666666667,1261.5973527069114
B25064_001,2017,"Accomack County, Virginia",51001,Median gross rent,771,29,308.144,999.9387899813074
B25064_001,2017,"Albemarle County, Virginia",51003,Median gross rent,1189,26,308.144,1542.0586527727296
B25064_001,2017,"Alleghany County, Virginia",51005,Median gross rent,653,48,308.144,846.9001684277481
B25064_001,2017,"Amelia County, Virginia",51007,Median gross rent,729,24,308.144,945.4674162080066
B25064_001,2017,"Amherst County, Virginia",51009,Median gross rent,731,26,308.144,948.0612911495924
B25064_001,2017,"Appomattox County, Virginia",51011,Median gross rent,683,27,308.144,885.8082925515344
B25064_001,2017,"Arlington County, Virginia",51013,Median gross rent,1895,19,308.144,2457.6965071525
B25064_001,2017,"Augusta County, Virginia",51015,Median gross rent,857,50,308.144,1111.4754124694948
B25064_001,2017,"Bath County, Virginia",51017,Median gross rent,478,138,308.144,619.9361110389948
B25064_001,2017,"Bedford County, Virginia",51019,Median gross rent,816,33,308.144,1058.3009761669869
B25064_001,2017,"Bland County, Virginia",51021,Median gross rent,639,132,308.144,828.7430438366478
B25064_001,2017,"Botetourt County, Virginia",51023,Median gross rent,898,56,308.144,1164.6498487720028
B25064_001,2017,"Brunswick County, Virginia",51025,Median gross rent,693,66,308.144,898.7776672594631
B25064_001,2017,"Buchanan County, Virginia",51027,Median gross rent,611,48,308.144,792.4287946544473
B25064_001,2017,"Buckingham County, Virginia",51029,Median gross rent,721,39,308.144,935.0919164416636
B25064_001,2017,"Campbell County, Virginia",51031,Median gross rent,747,33,308.144,968.8122906822784
B25064_001,2017,"Caroline County, Virginia",51033,Median gross rent,996,81,308.144,1291.7497209097046
B25064_001,2017,"Carroll County, Virginia",51035,Median gross rent,563,32,308.144,730.1757960563892
B25064_001,2017,"Charles City County, Virginia",51036,Median gross rent,885,112,308.144,1147.7896616516953
B25064_001,2017,"Charlotte County, Virginia",51037,Median gross rent,600,39,308.144,778.1624824757256
B25064_001,2017,"Chesterfield County, Virginia",51041,Median gross rent,1180,15,308.144,1530.3862155355937
B25064_001,2017,"Clarke County, Virginia",51043,Median gross rent,1031,126,308.144,1337.1425323874553
B25064_001,2017,"Craig County, Virginia",51045,Median gross rent,527,116,308.144,683.4860471078457
B25064_001,2017,"Culpeper County, Virginia",51047,Median gross rent,1092,58,308.144,1416.2557181058205
B25064_001,2017,"Cumberland County, Virginia",51049,Median gross rent,818,78,308.144,1060.8948511085725
B25064_001,2017,"Dickenson County, Virginia",51051,Median gross rent,569,36,308.144,737.9574208811465
B25064_001,2017,"Dinwiddie County, Virginia",51053,Median gross rent,945,41,308.144,1225.6059098992678
B25064_001,2017,"Essex County, Virginia",51057,Median gross rent,864,30,308.144,1120.5539747650448
B25064_001,2017,"Fairfax County, Virginia",51059,Median gross rent,1823,8,308.144,2364.317009255413
B25064_001,2017,"Fauquier County, Virginia",51061,Median gross rent,1229,44,308.144,1593.9361516044446
B25064_001,2017,"Floyd County, Virginia",51063,Median gross rent,611,106,308.144,792.4287946544473
B25064_001,2017,"Fluvanna County, Virginia",51065,Median gross rent,1252,84,308.144,1623.7657134326807
B25064_001,2017,"Franklin County, Virginia",51067,Median gross rent,660,41,308.144,855.9787307232982
B25064_001,2017,"Frederick County, Virginia",51069,Median gross rent,1121,34,308.144,1453.866904758814
B25064_001,2017,"Giles County, Virginia",51071,Median gross rent,683,42,308.144,885.8082925515344
B25064_001,2017,"Gloucester County, Virginia",51073,Median gross rent,923,70,308.144,1197.0732855418246
B25064_001,2017,"Goochland County, Virginia",51075,Median gross rent,1096,131,308.144,1421.443467988992
B25064_001,2017,"Grayson County, Virginia",51077,Median gross rent,513,30,308.144,665.3289225167454
B25064_001,2017,"Greene County, Virginia",51079,Median gross rent,957,128,308.144,1241.1691595487823
B25064_001,2017,"Greensville County, Virginia",51081,Median gross rent,769,130,308.144,997.3449150397216
B25064_001,2017,"Halifax County, Virginia",51083,Median gross rent,595,34,308.144,771.6777951217613
B25064_001,2017,"Hanover County, Virginia",51085,Median gross rent,1113,28,308.144,1443.491404992471
B25064_001,2017,"Henrico County, Virginia",51087,Median gross rent,1095,13,308.144,1420.1465305181991
B25064_001,2017,"Henry County, Virginia",51089,Median gross rent,586,19,308.144,760.0053578846254
B25064_001,2017,"Highland County, Virginia",51091,Median gross rent,555,146,308.144,719.8002962900462
B25064_001,2017,"Isle of Wight County, Virginia",51093,Median gross rent,1018,69,308.144,1320.2823452671478
B25064_001,2017,"James City County, Virginia",51095,Median gross rent,1202,57,308.144,1558.9188398930369
B25064_001,2017,"King and Queen County, Virginia",51097,Median gross rent,845,57,308.144,1095.9121628199803
B25064_001,2017,"King George County, Virginia",51099,Median gross rent,1178,95,308.144,1527.792340594008
B25064_001,2017,"King William County, Virginia",51101,Median gross rent,1094,88,308.144,1418.8495930474064
B25064_001,2017,"Lancaster County, Virginia",51103,Median gross rent,817,48,308.144,1059.5979136377798
B25064_001,2017,"Lee County, Virginia",51105,Median gross rent,530,30,308.144,687.3768595202243
B25064_001,2017,"Loudoun County, Virginia",51107,Median gross rent,1764,23,308.144,2287.7976984786333
B25064_001,2017,"Louisa County, Virginia",51109,Median gross rent,932,50,308.144,1208.7457227789605
B25064_001,2017,"Lunenburg County, Virginia",51111,Median gross rent,676,31,308.144,876.7297302559842
B25064_001,2017,"Madison County, Virginia",51113,Median gross rent,742,125,308.144,962.327603328314
B25064_001,2017,"Mathews County, Virginia",51115,Median gross rent,924,274,308.144,1198.3702230126175
B25064_001,2017,"Mecklenburg County, Virginia",51117,Median gross rent,690,37,308.144,894.8868548470845
B25064_001,2017,"Middlesex County, Virginia",51119,Median gross rent,793,66,308.144,1028.4714143387507
B25064_001,2017,"Montgomery County, Virginia",51121,Median gross rent,936,34,308.144,1213.9334726621319
B25064_001,2017,"Nelson County, Virginia",51125,Median gross rent,688,53,308.144,892.2929799054987
B25064_001,2017,"New Kent County, Virginia",51127,Median gross rent,882,97,308.144,1143.8988492393166
B25064_001,2017,"Northampton County, Virginia",51131,Median gross rent,713,56,308.144,924.7164166753206
B25064_001,2017,"Northumberland County, Virginia",51133,Median gross rent,754,176,308.144,977.8908529778286
B25064_001,2017,"Nottoway County, Virginia",51135,Median gross rent,780,30,308.144,1011.6112272184433
B25064_001,2017,"Orange County, Virginia",51137,Median gross rent,918,79,308.144,1190.5885981878603
B25064_001,2017,"Page County, Virginia",51139,Median gross rent,734,42,308.144,951.9521035619711
B25064_001,2017,"Patrick County, Virginia",51141,Median gross rent,544,46,308.144,705.5339841113246
B25064_001,2017,"Pittsylvania County, Virginia",51143,Median gross rent,667,28,308.144,865.0572930188483
B25064_001,2017,"Powhatan County, Virginia",51145,Median gross rent,983,93,308.144,1274.889533789397
B25064_001,2017,"Prince Edward County, Virginia",51147,Median gross rent,764,51,308.144,990.8602276857573
B25064_001,2017,"Prince George County, Virginia",51149,Median gross rent,1295,80,308.144,1679.5340246767744
B25064_001,2017,"Prince William County, Virginia",51153,Median gross rent,1620,23,308.144,2101.038702684459
B25064_001,2017,"Pulaski County, Virginia",51155,Median gross rent,641,30,308.144,831.3369187782336
B25064_001,2017,"Rappahannock County, Virginia",51157,Median gross rent,1056,75,308.144,1369.565969157277
B25064_001,2017,"Richmond County, Virginia",51159,Median gross rent,816,59,308.144,1058.3009761669869
B25064_001,2017,"Roanoke County, Virginia",51161,Median gross rent,907,22,308.144,1176.3222860091385
B25064_001,2017,"Rockbridge County, Virginia",51163,Median gross rent,742,84,308.144,962.327603328314
B25064_001,2017,"Rockingham County, Virginia",51165,Median gross rent,848,27,308.144,1099.802975232359
B25064_001,2017,"Russell County, Virginia",51167,Median gross rent,544,31,308.144,705.5339841113246
B25064_001,2017,"Scott County, Virginia",51169,Median gross rent,529,25,308.144,686.0799220494314
B25064_001,2017,"Shenandoah County, Virginia",51171,Median gross rent,831,36,308.144,1077.75503822888
B25064_001,2017,"Smyth County, Virginia",51173,Median gross rent,598,28,308.144,775.5686075341399
B25064_001,2017,"Southampton County, Virginia",51175,Median gross rent,724,40,308.144,938.9827288540422
B25064_001,2017,"Spotsylvania County, Virginia",51177,Median gross rent,1400,27,308.144,1815.7124591100264
B25064_001,2017,"Stafford County, Virginia",51179,Median gross rent,1481,47,308.144,1920.7643942442494
B25064_001,2017,"Surry County, Virginia",51181,Median gross rent,920,158,308.144,1193.182473129446
B25064_001,2017,"Sussex County, Virginia",51183,Median gross rent,837,58,308.144,1085.5366630536373
B25064_001,2017,"Tazewell County, Virginia",51185,Median gross rent,622,24,308.144,806.6951068331689
B25064_001,2017,"Warren County, Virginia",51187,Median gross rent,940,50,308.144,1219.1212225453035
B25064_001,2017,"Washington County, Virginia",51191,Median gross rent,644,25,308.144,835.2277311906122
B25064_001,2017,"Westmoreland County, Virginia",51193,Median gross rent,961,169,308.144,1246.356909431954
B25064_001,2017,"Wise County, Virginia",51195,Median gross rent,634,26,308.144,822.2583564826834
B25064_001,2017,"Wythe County, Virginia",51197,Median gross rent,635,24,308.144,823.5552939534763
B25064_001,2017,"York County, Virginia",51199,Median gross rent,1458,42,308.144,1890.9348324160133
B25064_001,2017,"Alexandria city, Virginia",51510,Median gross rent,1663,17,308.144,2156.807013928553
B25064_001,2017,"Bristol city, Virginia",51520,Median gross rent,685,50,308.144,888.40216749312
B25064_001,2017,"Buena Vista city, Virginia",51530,Median gross rent,742,60,308.144,962.327603328314
B25064_001,2017,"Charlottesville city, Virginia",51540,Median gross rent,1089,29,308.144,1412.364905693442
B25064_001,2017,"Chesapeake city, Virginia",51550,Median gross rent,1201,22,308.144,1557.6219024222441
B25064_001,2017,"Colonial Heights city, Virginia",51570,Median gross rent,1001,43,308.144,1298.234408263669
B25064_001,2017,"Covington city, Virginia",51580,Median gross rent,688,103,308.144,892.2929799054987
B25064_001,2017,"Danville city, Virginia",51590,Median gross rent,628,18,308.144,814.4767316579262
B25064_001,2017,"Emporia city, Virginia",51595,Median gross rent,738,59,308.144,957.1398534451425
B25064_001,2017,"Fairfax city, Virginia",51600,Median gross rent,1803,63,308.144,2338.3782598395555
B25064_001,2017,"Falls Church city, Virginia",51610,Median gross rent,1775,99,308.144,2302.064010657355
B25064_001,2017,"Franklin city, Virginia",51620,Median gross rent,847,35,308.144,1098.506037761566
B25064_001,2017,"Fredericksburg city, Virginia",51630,Median gross rent,1123,29,308.144,1456.4607797003998
B25064_001,2017,"Galax city, Virginia",51640,Median gross rent,580,48,308.144,752.2237330598681
B25064_001,2017,"Hampton city, Virginia",51650,Median gross rent,1062,19,308.144,1377.3475939820344
B25064_001,2017,"Harrisonburg city, Virginia",51660,Median gross rent,857,25,308.144,1111.4754124694948
B25064_001,2017,"Hopewell city, Virginia",51670,Median gross rent,831,40,308.144,1077.75503822888
B25064_001,2017,"Lexington city, Virginia",51678,Median gross rent,785,52,308.144,1018.0959145724077
B25064_001,2017,"Lynchburg city, Virginia",51680,Median gross rent,835,18,308.144,1082.9427881120514
B25064_001,2017,"Manassas city, Virginia",51683,Median gross rent,1439,44,308.144,1866.2930204709487
B25064_001,2017,"Manassas Park city, Virginia",51685,Median gross rent,1635,80,308.144,2120.4927647463523
B25064_001,2017,"Martinsville city, Virginia",51690,Median gross rent,642,42,308.144,832.6338562490264
B25064_001,2017,"Newport News city, Virginia",51700,Median gross rent,985,16,308.144,1277.4834087309828
B25064_001,2017,"Norfolk city, Virginia",51710,Median gross rent,1003,14,308.144,1300.8282832052546
B25064_001,2017,"Norton city, Virginia",51720,Median gross rent,549,98,308.144,712.0186714652889
B25064_001,2017,"Petersburg city, Virginia",51730,Median gross rent,882,22,308.144,1143.8988492393166
B25064_001,2017,"Poquoson city, Virginia",51735,Median gross rent,1173,67,308.144,1521.3076532400435
B25064_001,2017,"Portsmouth city, Virginia",51740,Median gross rent,988,19,308.144,1281.3742211433614
B25064_001,2017,"Radford city, Virginia",51750,Median gross rent,779,52,308.144,1010.3142897476504
B25064_001,2017,"Richmond city, Virginia",51760,Median gross rent,942,10,308.144,1221.7150974868891
B25064_001,2017,"Roanoke city, Virginia",51770,Median gross rent,776,14,308.144,1006.4234773352717
B25064_001,2017,"Salem city, Virginia",51775,Median gross rent,874,28,308.144,1133.5233494729737
B25064_001,2017,"Staunton city, Virginia",51790,Median gross rent,806,41,308.144,1045.331601459058
B25064_001,2017,"Suffolk city, Virginia",51800,Median gross rent,1083,35,308.144,1404.5832808686848
B25064_001,2017,"Virginia Beach city, Virginia",51810,Median gross rent,1296,14,308.144,1680.8309621475673
B25064_001,2017,"Waynesboro city, Virginia",51820,Median gross rent,835,46,308.144,1082.9427881120514
B25064_001,2017,"Williamsburg city, Virginia",51830,Median gross rent,1118,54,308.144,1449.9760923464355
B25064_001,2017,"Winchester city, Virginia",51840,Median gross rent,973,39,308.144,1261.9201590814685
B25064_001,2018,"Accomack County, Virginia",51001,Median gross rent,797,34,319.28866666666664,997.5796285701759
B25064_001,2018,"Albemarle County, Virginia",51003,Median gross rent,1244,34,319.28866666666664,1557.0753550079032
B25064_001,2018,"Alleghany County, Virginia",51005,Median gross rent,676,38,319.28866666666664,846.1277652615294
B25064_001,2018,"Amelia County, Virginia",51007,Median gross rent,808,70,319.28866666666664,1011.3479797800529
B25064_001,2018,"Amherst County, Virginia",51009,Median gross rent,741,41,319.28866666666664,927.4862042289841
B25064_001,2018,"Appomattox County, Virginia",51011,Median gross rent,723,54,319.28866666666664,904.9561749764582
B25064_001,2018,"Arlington County, Virginia",51013,Median gross rent,1936,20,319.28866666666664,2423.2298129383444
B25064_001,2018,"Augusta County, Virginia",51015,Median gross rent,885,40,319.28866666666664,1107.7264382491915
B25064_001,2018,"Bath County, Virginia",51017,Median gross rent,485,58,319.28866666666664,607.0591215263931
B25064_001,2018,"Bedford County, Virginia",51019,Median gross rent,852,33,319.28866666666664,1066.4213846195607
B25064_001,2018,"Bland County, Virginia",51021,Median gross rent,663,99,319.28866666666664,829.8560774680384
B25064_001,2018,"Botetourt County, Virginia",51023,Median gross rent,890,47,319.28866666666664,1113.9847797082266
B25064_001,2018,"Brunswick County, Virginia",51025,Median gross rent,679,57,319.28866666666664,849.8827701369504
B25064_001,2018,"Buchanan County, Virginia",51027,Median gross rent,598,38,319.28866666666664,748.4976385005837
B25064_001,2018,"Buckingham County, Virginia",51029,Median gross rent,726,31,319.28866666666664,908.7111798518791
B25064_001,2018,"Campbell County, Virginia",51031,Median gross rent,762,26,319.28866666666664,953.771238356931
B25064_001,2018,"Caroline County, Virginia",51033,Median gross rent,1050,106,319.28866666666664,1314.251706397346
B25064_001,2018,"Carroll County, Virginia",51035,Median gross rent,556,39,319.28866666666664,695.9275702446898
B25064_001,2018,"Charles City County, Virginia",51036,Median gross rent,780,28,319.28866666666664,976.301267609457
B25064_001,2018,"Charlotte County, Virginia",51037,Median gross rent,636,48,319.28866666666664,796.0610335892495
B25064_001,2018,"Chesterfield County, Virginia",51041,Median gross rent,1226,17,319.28866666666664,1534.5453257553772
B25064_001,2018,"Clarke County, Virginia",51043,Median gross rent,1120,109,319.28866666666664,1401.8684868238356
B25064_001,2018,"Craig County, Virginia",51045,Median gross rent,568,53,319.28866666666664,710.9475897463738
B25064_001,2018,"Culpeper County, Virginia",51047,Median gross rent,1141,61,319.28866666666664,1428.1535209517826
B25064_001,2018,"Cumberland County, Virginia",51049,Median gross rent,847,67,319.28866666666664,1060.1630431605258
B25064_001,2018,"Dickenson County, Virginia",51051,Median gross rent,565,23,319.28866666666664,707.1925848709528
B25064_001,2018,"Dinwiddie County, Virginia",51053,Median gross rent,948,48,319.28866666666664,1186.5815406330323
B25064_001,2018,"Essex County, Virginia",51057,Median gross rent,868,33,319.28866666666664,1086.4480772884726
B25064_001,2018,"Fairfax County, Virginia",51059,Median gross rent,1851,10,319.28866666666664,2316.83800813475
B25064_001,2018,"Fauquier County, Virginia",51061,Median gross rent,1255,65,319.28866666666664,1570.8437062177802
B25064_001,2018,"Floyd County, Virginia",51063,Median gross rent,639,139,319.28866666666664,799.8160384646706
B25064_001,2018,"Fluvanna County, Virginia",51065,Median gross rent,1124,81,319.28866666666664,1406.8751599910636
B25064_001,2018,"Franklin County, Virginia",51067,Median gross rent,724,29,319.28866666666664,906.2078432682652
B25064_001,2018,"Frederick County, Virginia",51069,Median gross rent,1122,33,319.28866666666664,1404.3718234074497
B25064_001,2018,"Giles County, Virginia",51071,Median gross rent,713,60,319.28866666666664,892.4394920583883
B25064_001,2018,"Gloucester County, Virginia",51073,Median gross rent,983,76,319.28866666666664,1230.3899308462771
B25064_001,2018,"Goochland County, Virginia",51075,Median gross rent,1197,145,319.28866666666664,1498.2469452929743
B25064_001,2018,"Grayson County, Virginia",51077,Median gross rent,530,34,319.28866666666664,663.3841946577079
B25064_001,2018,"Greene County, Virginia",51079,Median gross rent,1015,129,319.28866666666664,1270.4433161841011
B25064_001,2018,"Greensville County, Virginia",51081,Median gross rent,810,135,319.28866666666664,1013.8513163636669
B25064_001,2018,"Halifax County, Virginia",51083,Median gross rent,644,65,319.28866666666664,806.0743799237055
B25064_001,2018,"Hanover County, Virginia",51085,Median gross rent,1155,29,319.28866666666664,1445.6768770370804
B25064_001,2018,"Henrico County, Virginia",51087,Median gross rent,1128,13,319.28866666666664,1411.8818331582916
B25064_001,2018,"Henry County, Virginia",51089,Median gross rent,592,17,319.28866666666664,740.9876287497417
B25064_001,2018,"Highland County, Virginia",51091,Median gross rent,561,180,319.28866666666664,702.1859117037249
B25064_001,2018,"Isle of Wight County, Virginia",51093,Median gross rent,1036,61,319.28866666666664,1296.728350312048
B25064_001,2018,"James City County, Virginia",51095,Median gross rent,1248,64,319.28866666666664,1562.0820281751312
B25064_001,2018,"King and Queen County, Virginia",51097,Median gross rent,893,204,319.28866666666664,1117.7397845836476
B25064_001,2018,"King George County, Virginia",51099,Median gross rent,1193,101,319.28866666666664,1493.2402721257463
B25064_001,2018,"King William County, Virginia",51101,Median gross rent,1079,117,319.28866666666664,1350.5500868597487
B25064_001,2018,"Lancaster County, Virginia",51103,Median gross rent,817,74,319.28866666666664,1022.6129944063158
B25064_001,2018,"Lee County, Virginia",51105,Median gross rent,538,32,319.28866666666664,673.397540992164
B25064_001,2018,"Loudoun County, Virginia",51107,Median gross rent,1813,22,319.28866666666664,2269.274613046084
B25064_001,2018,"Louisa County, Virginia",51109,Median gross rent,910,56,319.28866666666664,1139.0181455443665
B25064_001,2018,"Lunenburg County, Virginia",51111,Median gross rent,706,43,319.28866666666664,883.6778140157393
B25064_001,2018,"Madison County, Virginia",51113,Median gross rent,740,165,319.28866666666664,926.2345359371772
B25064_001,2018,"Mathews County, Virginia",51115,Median gross rent,953,123,319.28866666666664,1192.8398820920672
B25064_001,2018,"Mecklenburg County, Virginia",51117,Median gross rent,693,35,319.28866666666664,867.4061262222483
B25064_001,2018,"Middlesex County, Virginia",51119,Median gross rent,868,69,319.28866666666664,1086.4480772884726
B25064_001,2018,"Montgomery County, Virginia",51121,Median gross rent,972,28,319.28866666666664,1216.6215796364002
B25064_001,2018,"Nelson County, Virginia",51125,Median gross rent,698,169,319.28866666666664,873.6644676812833
B25064_001,2018,"New Kent County, Virginia",51127,Median gross rent,987,180,319.28866666666664,1235.396604013505
B25064_001,2018,"Northampton County, Virginia",51131,Median gross rent,736,71,319.28866666666664,921.2278627699492
B25064_001,2018,"Northumberland County, Virginia",51133,Median gross rent,820,105,319.28866666666664,1026.3679992817367
B25064_001,2018,"Nottoway County, Virginia",51135,Median gross rent,775,38,319.28866666666664,970.042926150422
B25064_001,2018,"Orange County, Virginia",51137,Median gross rent,973,64,319.28866666666664,1217.8732479282073
B25064_001,2018,"Page County, Virginia",51139,Median gross rent,780,73,319.28866666666664,976.301267609457
B25064_001,2018,"Patrick County, Virginia",51141,Median gross rent,549,56,319.28866666666664,687.1658922020408
B25064_001,2018,"Pittsylvania County, Virginia",51143,Median gross rent,696,29,319.28866666666664,871.1611310976693
B25064_001,2018,"Powhatan County, Virginia",51145,Median gross rent,1046,161,319.28866666666664,1309.245033230118
B25064_001,2018,"Prince Edward County, Virginia",51147,Median gross rent,802,64,319.28866666666664,1003.8379700292109
B25064_001,2018,"Prince George County, Virginia",51149,Median gross rent,1318,88,319.28866666666664,1649.6988086016208
B25064_001,2018,"Prince William County, Virginia",51153,Median gross rent,1675,21,319.28866666666664,2096.5443887767187
B25064_001,2018,"Pulaski County, Virginia",51155,Median gross rent,657,29,319.28866666666664,822.3460677171964
B25064_001,2018,"Rappahannock County, Virginia",51157,Median gross rent,1049,71,319.28866666666664,1313.000038105539
B25064_001,2018,"Richmond County, Virginia",51159,Median gross rent,872,72,319.28866666666664,1091.4547504557006
B25064_001,2018,"Roanoke County, Virginia",51161,Median gross rent,949,19,319.28866666666664,1187.8332089248393
B25064_001,2018,"Rockbridge County, Virginia",51163,Median gross rent,728,68,319.28866666666664,911.2145164354931
B25064_001,2018,"Rockingham County, Virginia",51165,Median gross rent,861,23,319.28866666666664,1077.6863992458236
B25064_001,2018,"Russell County, Virginia",51167,Median gross rent,563,30,319.28866666666664,704.6892482873388
B25064_001,2018,"Scott County, Virginia",51169,Median gross rent,553,36,319.28866666666664,692.1725653692689
B25064_001,2018,"Shenandoah County, Virginia",51171,Median gross rent,854,41,319.28866666666664,1068.9247212031746
B25064_001,2018,"Smyth County, Virginia",51173,Median gross rent,595,24,319.28866666666664,744.7426336251627
B25064_001,2018,"Southampton County, Virginia",51175,Median gross rent,759,41,319.28866666666664,950.0162334815101
B25064_001,2018,"Spotsylvania County, Virginia",51177,Median gross rent,1435,36,319.28866666666664,1796.1439987430394
B25064_001,2018,"Stafford County, Virginia",51179,Median gross rent,1543,52,319.28866666666664,1931.324174258195
B25064_001,2018,"Surry County, Virginia",51181,Median gross rent,923,91,319.28866666666664,1155.2898333378573
B25064_001,2018,"Sussex County, Virginia",51183,Median gross rent,791,83,319.28866666666664,990.069618819334
B25064_001,2018,"Tazewell County, Virginia",51185,Median gross rent,654,33,319.28866666666664,818.5910628417755
B25064_001,2018,"Warren County, Virginia",51187,Median gross rent,956,55,319.28866666666664,1196.5948869674883
B25064_001,2018,"Washington County, Virginia",51191,Median gross rent,684,30,319.28866666666664,856.1411115959853
B25064_001,2018,"Westmoreland County, Virginia",51193,Median gross rent,1009,181,319.28866666666664,1262.933306433259
B25064_001,2018,"Wise County, Virginia",51195,Median gross rent,629,27,319.28866666666664,787.2993555466005
B25064_001,2018,"Wythe County, Virginia",51197,Median gross rent,655,35,319.28866666666664,819.8427311335824
B25064_001,2018,"York County, Virginia",51199,Median gross rent,1456,42,319.28866666666664,1822.4290328709862
B25064_001,2018,"Alexandria city, Virginia",51510,Median gross rent,1702,17,319.28866666666664,2130.3394326555076
B25064_001,2018,"Bristol city, Virginia",51520,Median gross rent,702,43,319.28866666666664,878.6711408485113
B25064_001,2018,"Buena Vista city, Virginia",51530,Median gross rent,739,131,319.28866666666664,924.9828676453701
B25064_001,2018,"Charlottesville city, Virginia",51540,Median gross rent,1118,31,319.28866666666664,1399.3651502402217
B25064_001,2018,"Chesapeake city, Virginia",51550,Median gross rent,1235,26,319.28866666666664,1545.8103403816401
B25064_001,2018,"Colonial Heights city, Virginia",51570,Median gross rent,1013,48,319.28866666666664,1267.939979600487
B25064_001,2018,"Covington city, Virginia",51580,Median gross rent,598,89,319.28866666666664,748.4976385005837
B25064_001,2018,"Danville city, Virginia",51590,Median gross rent,659,27,319.28866666666664,824.8494043008104
B25064_001,2018,"Emporia city, Virginia",51595,Median gross rent,715,62,319.28866666666664,894.9428286420023
B25064_001,2018,"Fairfax city, Virginia",51600,Median gross rent,1899,80,319.28866666666664,2376.9180861414857
B25064_001,2018,"Falls Church city, Virginia",51610,Median gross rent,1860,71,319.28866666666664,2328.1030227610127
B25064_001,2018,"Franklin city, Virginia",51620,Median gross rent,876,36,319.28866666666664,1096.4614236229286
B25064_001,2018,"Fredericksburg city, Virginia",51630,Median gross rent,1183,40,319.28866666666664,1480.7235892076765
B25064_001,2018,"Galax city, Virginia",51640,Median gross rent,585,46,319.28866666666664,732.2259507070927
B25064_001,2018,"Hampton city, Virginia",51650,Median gross rent,1100,21,319.28866666666664,1376.8351209876957
B25064_001,2018,"Harrisonburg city, Virginia",51660,Median gross rent,875,35,319.28866666666664,1095.2097553311216
B25064_001,2018,"Hopewell city, Virginia",51670,Median gross rent,878,48,319.28866666666664,1098.9647602065427
B25064_001,2018,"Lexington city, Virginia",51678,Median gross rent,809,105,319.28866666666664,1012.5996480718599
B25064_001,2018,"Lynchburg city, Virginia",51680,Median gross rent,843,18,319.28866666666664,1055.1563699932976
B25064_001,2018,"Manassas city, Virginia",51683,Median gross rent,1467,53,319.28866666666664,1836.1973840808632
B25064_001,2018,"Manassas Park city, Virginia",51685,Median gross rent,1683,81,319.28866666666664,2106.5577351111747
B25064_001,2018,"Martinsville city, Virginia",51690,Median gross rent,671,39,319.28866666666664,839.8694238024945
B25064_001,2018,"Newport News city, Virginia",51700,Median gross rent,1008,21,319.28866666666664,1261.6816381414521
B25064_001,2018,"Norfolk city, Virginia",51710,Median gross rent,1031,16,319.28866666666664,1290.470008853013
B25064_001,2018,"Norton city, Virginia",51720,Median gross rent,592,73,319.28866666666664,740.9876287497417
B25064_001,2018,"Petersburg city, Virginia",51730,Median gross rent,912,25,319.28866666666664,1141.5214821279806
B25064_001,2018,"Poquoson city, Virginia",51735,Median gross rent,1208,95,319.28866666666664,1512.0152965028512
B25064_001,2018,"Portsmouth city, Virginia",51740,Median gross rent,1027,23,319.28866666666664,1285.463335685785
B25064_001,2018,"Radford city, Virginia",51750,Median gross rent,777,86,319.28866666666664,972.546262734036
B25064_001,2018,"Richmond city, Virginia",51760,Median gross rent,979,12,319.28866666666664,1225.3832576790492
B25064_001,2018,"Roanoke city, Virginia",51770,Median gross rent,799,18,319.28866666666664,1000.0829651537899
B25064_001,2018,"Salem city, Virginia",51775,Median gross rent,915,33,319.28866666666664,1145.2764870034014
B25064_001,2018,"Staunton city, Virginia",51790,Median gross rent,863,50,319.28866666666664,1080.1897358294377
B25064_001,2018,"Suffolk city, Virginia",51800,Median gross rent,1135,40,319.28866666666664,1420.6435112009406
B25064_001,2018,"Virginia Beach city, Virginia",51810,Median gross rent,1339,15,319.28866666666664,1675.9838427295679
B25064_001,2018,"Waynesboro city, Virginia",51820,Median gross rent,828,52,319.28866666666664,1036.381345616193
B25064_001,2018,"Williamsburg city, Virginia",51830,Median gross rent,1149,51,319.28866666666664,1438.1668672862386
B25064_001,2018,"Winchester city, Virginia",51840,Median gross rent,1011,46,319.28866666666664,1265.4366430168732
B25064_001,2019,"Accomack County, Virginia",51001,Median gross rent,831,38,331.12675,1002.9505272527815
B25064_001,2019,"Albemarle County, Virginia",51003,Median gross rent,1273,35,331.12675,1536.4091711104584
B25064_001,2019,"Alleghany County, Virginia",51005,Median gross rent,653,86,331.12675,788.1187656992374
B25064_001,2019,"Amelia County, Virginia",51007,Median gross rent,826,89,331.12675,996.9159272091426
B25064_001,2019,"Amherst County, Virginia",51009,Median gross rent,728,35,331.12675,878.6377663538207
B25064_001,2019,"Appomattox County, Virginia",51011,Median gross rent,691,29,331.12675,833.9817260308929
B25064_001,2019,"Arlington County, Virginia",51013,Median gross rent,1970,19,331.12675,2377.632417193718
B25064_001,2019,"Augusta County, Virginia",51015,Median gross rent,890,47,331.12675,1074.1588077677202
B25064_001,2019,"Bath County, Virginia",51017,Median gross rent,537,81,331.12675,648.1160446868155
B25064_001,2019,"Bedford County, Virginia",51019,Median gross rent,855,30,331.12675,1031.916607462248
B25064_001,2019,"Bland County, Virginia",51021,Median gross rent,589,59,331.12675,710.8758851406599
B25064_001,2019,"Botetourt County, Virginia",51023,Median gross rent,908,62,331.12675,1095.8833679248203
B25064_001,2019,"Brunswick County, Virginia",51025,Median gross rent,668,59,331.12675,806.222565830154
B25064_001,2019,"Buchanan County, Virginia",51027,Median gross rent,617,42,331.12675,744.6696453850376
B25064_001,2019,"Buckingham County, Virginia",51029,Median gross rent,779,38,331.12675,940.1906867989372
B25064_001,2019,"Campbell County, Virginia",51031,Median gross rent,757,29,331.12675,913.6384466069261
B25064_001,2019,"Caroline County, Virginia",51033,Median gross rent,1093,95,331.12675,1319.1635695394586
B25064_001,2019,"Carroll County, Virginia",51035,Median gross rent,565,34,331.12675,681.9098049311932
B25064_001,2019,"Charles City County, Virginia",51036,Median gross rent,813,123,331.12675,981.2259670956815
B25064_001,2019,"Charlotte County, Virginia",51037,Median gross rent,620,32,331.12675,748.2904054112208
B25064_001,2019,"Chesterfield County, Virginia",51041,Median gross rent,1251,18,331.12675,1509.8569309184472
B25064_001,2019,"Clarke County, Virginia",51043,Median gross rent,1151,103,331.12675,1389.1649300456697
B25064_001,2019,"Craig County, Virginia",51045,Median gross rent,566,88,331.12675,683.116724939921
B25064_001,2019,"Culpeper County, Virginia",51047,Median gross rent,1160,59,331.12675,1400.0272101242197
B25064_001,2019,"Cumberland County, Virginia",51049,Median gross rent,855,54,331.12675,1031.916607462248
B25064_001,2019,"Dickenson County, Virginia",51051,Median gross rent,592,25,331.12675,714.4966451668431
B25064_001,2019,"Dinwiddie County, Virginia",51053,Median gross rent,1005,69,331.12675,1212.9546087714145
B25064_001,2019,"Essex County, Virginia",51057,Median gross rent,885,38,331.12675,1068.1242077240813
B25064_001,2019,"Fairfax County, Virginia",51059,Median gross rent,1881,11,331.12675,2270.216536416946
B25064_001,2019,"Fauquier County, Virginia",51061,Median gross rent,1281,70,331.12675,1546.0645311802805
B25064_001,2019,"Floyd County, Virginia",51063,Median gross rent,705,169,331.12675,850.8786061530818
B25064_001,2019,"Fluvanna County, Virginia",51065,Median gross rent,1163,124,331.12675,1403.6479701504031
B25064_001,2019,"Franklin County, Virginia",51067,Median gross rent,732,20,331.12675,883.4654463887317
B25064_001,2019,"Frederick County, Virginia",51069,Median gross rent,1125,39,331.12675,1357.7850098187475
B25064_001,2019,"Giles County, Virginia",51071,Median gross rent,700,49,331.12675,844.844006109443
B25064_001,2019,"Gloucester County, Virginia",51073,Median gross rent,1084,83,331.12675,1308.3012894609087
B25064_001,2019,"Goochland County, Virginia",51075,Median gross rent,1208,115,331.12675,1457.959370543153
B25064_001,2019,"Grayson County, Virginia",51077,Median gross rent,520,69,331.12675,627.5984045384433
B25064_001,2019,"Greene County, Virginia",51079,Median gross rent,1165,192,331.12675,1406.0618101678585
B25064_001,2019,"Greensville County, Virginia",51081,Median gross rent,854,42,331.12675,1030.7096874535205
B25064_001,2019,"Halifax County, Virginia",51083,Median gross rent,671,27,331.12675,809.8433258563374
B25064_001,2019,"Hanover County, Virginia",51085,Median gross rent,1159,30,331.12675,1398.8202901154918
B25064_001,2019,"Henrico County, Virginia",51087,Median gross rent,1170,13,331.12675,1412.0964102114974
B25064_001,2019,"Henry County, Virginia",51089,Median gross rent,604,23,331.12675,728.9796852715765
B25064_001,2019,"Highland County, Virginia",51091,Median gross rent,618,85,331.12675,745.8765653937653
B25064_001,2019,"Isle of Wight County, Virginia",51093,Median gross rent,1045,69,331.12675,1261.2314091205255
B25064_001,2019,"James City County, Virginia",51095,Median gross rent,1327,69,331.12675,1601.5828515817582
B25064_001,2019,"King and Queen County, Virginia",51097,Median gross rent,968,217,331.12675,1168.2985684484868
B25064_001,2019,"King George County, Virginia",51099,Median gross rent,1208,91,331.12675,1457.959370543153
B25064_001,2019,"King William County, Virginia",51101,Median gross rent,1061,157,331.12675,1280.54212926017
B25064_001,2019,"Lancaster County, Virginia",51103,Median gross rent,763,88,331.12675,920.8799666592928
B25064_001,2019,"Lee County, Virginia",51105,Median gross rent,558,35,331.12675,673.4613648700988
B25064_001,2019,"Loudoun County, Virginia",51107,Median gross rent,1870,31,331.12675,2256.9404163209406
B25064_001,2019,"Louisa County, Virginia",51109,Median gross rent,937,49,331.12675,1130.8840481779257
B25064_001,2019,"Lunenburg County, Virginia",51111,Median gross rent,683,78,331.12675,824.3263659610708
B25064_001,2019,"Madison County, Virginia",51113,Median gross rent,687,170,331.12675,829.1540459959818
B25064_001,2019,"Mathews County, Virginia",51115,Median gross rent,922,151,331.12675,1112.780248047009
B25064_001,2019,"Mecklenburg County, Virginia",51117,Median gross rent,695,32,331.12675,838.8094060658041
B25064_001,2019,"Middlesex County, Virginia",51119,Median gross rent,844,59,331.12675,1018.6404873662426
B25064_001,2019,"Montgomery County, Virginia",51121,Median gross rent,992,32,331.12675,1197.2646486579533
B25064_001,2019,"Nelson County, Virginia",51125,Median gross rent,759,139,331.12675,916.0522866243817
B25064_001,2019,"New Kent County, Virginia",51127,Median gross rent,1010,154,331.12675,1218.9892088150534
B25064_001,2019,"Northampton County, Virginia",51131,Median gross rent,733,78,331.12675,884.6723663974595
B25064_001,2019,"Northumberland County, Virginia",51133,Median gross rent,858,92,331.12675,1035.5373674884315
B25064_001,2019,"Nottoway County, Virginia",51135,Median gross rent,770,44,331.12675,929.3284067203872
B25064_001,2019,"Orange County, Virginia",51137,Median gross rent,987,75,331.12675,1191.2300486143145
B25064_001,2019,"Page County, Virginia",51139,Median gross rent,790,55,331.12675,953.4668068949427
B25064_001,2019,"Patrick County, Virginia",51141,Median gross rent,573,36,331.12675,691.5651650010154
B25064_001,2019,"Pittsylvania County, Virginia",51143,Median gross rent,725,19,331.12675,875.0170063276373
B25064_001,2019,"Powhatan County, Virginia",51145,Median gross rent,980,84,331.12675,1182.7816085532202
B25064_001,2019,"Prince Edward County, Virginia",51147,Median gross rent,765,74,331.12675,923.2938066767483
B25064_001,2019,"Prince George County, Virginia",51149,Median gross rent,1338,76,331.12675,1614.8589716777637
B25064_001,2019,"Prince William County, Virginia",51153,Median gross rent,1713,18,331.12675,2067.45397495068
B25064_001,2019,"Pulaski County, Virginia",51155,Median gross rent,711,51,331.12675,858.1201262054484
B25064_001,2019,"Rappahannock County, Virginia",51157,Median gross rent,1055,87,331.12675,1273.3006092078033
B25064_001,2019,"Richmond County, Virginia",51159,Median gross rent,797,55,331.12675,961.9152469560372
B25064_001,2019,"Roanoke County, Virginia",51161,Median gross rent,956,20,331.12675,1153.8155283437534
B25064_001,2019,"Rockbridge County, Virginia",51163,Median gross rent,800,63,331.12675,965.5360069822204
B25064_001,2019,"Rockingham County, Virginia",51165,Median gross rent,907,24,331.12675,1094.6764479160925
B25064_001,2019,"Russell County, Virginia",51167,Median gross rent,582,39,331.12675,702.4274450795654
B25064_001,2019,"Scott County, Virginia",51169,Median gross rent,563,32,331.12675,679.4959649137377
B25064_001,2019,"Shenandoah County, Virginia",51171,Median gross rent,900,47,331.12675,1086.228007854998
B25064_001,2019,"Smyth County, Virginia",51173,Median gross rent,610,25,331.12675,736.2212053239431
B25064_001,2019,"Southampton County, Virginia",51175,Median gross rent,829,86,331.12675,1000.536687235326
B25064_001,2019,"Spotsylvania County, Virginia",51177,Median gross rent,1477,33,331.12675,1782.6208528909247
B25064_001,2019,"Stafford County, Virginia",51179,Median gross rent,1546,59,331.12675,1865.898333493141
B25064_001,2019,"Surry County, Virginia",51181,Median gross rent,903,185,331.12675,1089.8487678811814
B25064_001,2019,"Sussex County, Virginia",51183,Median gross rent,807,102,331.12675,973.984447043315
B25064_001,2019,"Tazewell County, Virginia",51185,Median gross rent,656,25,331.12675,791.7395257254208
B25064_001,2019,"Warren County, Virginia",51187,Median gross rent,1020,64,331.12675,1231.0584089023312
B25064_001,2019,"Washington County, Virginia",51191,Median gross rent,716,24,331.12675,864.1547262490874
B25064_001,2019,"Westmoreland County, Virginia",51193,Median gross rent,948,93,331.12675,1144.1601682739313
B25064_001,2019,"Wise County, Virginia",51195,Median gross rent,632,39,331.12675,762.7734455159542
B25064_001,2019,"Wythe County, Virginia",51197,Median gross rent,676,33,331.12675,815.8779258999763
B25064_001,2019,"York County, Virginia",51199,Median gross rent,1480,54,331.12675,1786.2416129171079
B25064_001,2019,"Alexandria city, Virginia",51510,Median gross rent,1747,16,331.12675,2108.489255247424
B25064_001,2019,"Bristol city, Virginia",51520,Median gross rent,687,37,331.12675,829.1540459959818
B25064_001,2019,"Buena Vista city, Virginia",51530,Median gross rent,795,103,331.12675,959.5014069385816
B25064_001,2019,"Charlottesville city, Virginia",51540,Median gross rent,1142,35,331.12675,1378.3026499671198
B25064_001,2019,"Chesapeake city, Virginia",51550,Median gross rent,1279,31,331.12675,1543.650691162825
B25064_001,2019,"Colonial Heights city, Virginia",51570,Median gross rent,1038,54,331.12675,1252.782969059431
B25064_001,2019,"Covington city, Virginia",51580,Median gross rent,619,54,331.12675,747.0834854024931
B25064_001,2019,"Danville city, Virginia",51590,Median gross rent,682,32,331.12675,823.119445952343
B25064_001,2019,"Emporia city, Virginia",51595,Median gross rent,694,69,331.12675,837.6024860570762
B25064_001,2019,"Fairfax city, Virginia",51600,Median gross rent,1834,76,331.12675,2213.4912960067404
B25064_001,2019,"Falls Church city, Virginia",51610,Median gross rent,1867,76,331.12675,2253.319656294757
B25064_001,2019,"Franklin city, Virginia",51620,Median gross rent,860,44,331.12675,1037.951207505887
B25064_001,2019,"Fredericksburg city, Virginia",51630,Median gross rent,1258,52,331.12675,1518.3053709795417
B25064_001,2019,"Galax city, Virginia",51640,Median gross rent,574,33,331.12675,692.7720850097433
B25064_001,2019,"Hampton city, Virginia",51650,Median gross rent,1118,23,331.12675,1349.336569757653
B25064_001,2019,"Harrisonburg city, Virginia",51660,Median gross rent,883,32,331.12675,1065.710367706626
B25064_001,2019,"Hopewell city, Virginia",51670,Median gross rent,886,48,331.12675,1069.3311277328091
B25064_001,2019,"Lexington city, Virginia",51678,Median gross rent,788,69,331.12675,951.0529668774872
B25064_001,2019,"Lynchburg city, Virginia",51680,Median gross rent,857,21,331.12675,1034.3304474797037
B25064_001,2019,"Manassas city, Virginia",51683,Median gross rent,1528,79,331.12675,1844.1737733360412
B25064_001,2019,"Manassas Park city, Virginia",51685,Median gross rent,1732,67,331.12675,2090.3854551165073
B25064_001,2019,"Martinsville city, Virginia",51690,Median gross rent,656,45,331.12675,791.7395257254208
B25064_001,2019,"Newport News city, Virginia",51700,Median gross rent,1057,19,331.12675,1275.7144492252587
B25064_001,2019,"Norfolk city, Virginia",51710,Median gross rent,1059,15,331.12675,1278.1282892427143
B25064_001,2019,"Norton city, Virginia",51720,Median gross rent,618,38,331.12675,745.8765653937653
B25064_001,2019,"Petersburg city, Virginia",51730,Median gross rent,947,20,331.12675,1142.9532482652035
B25064_001,2019,"Poquoson city, Virginia",51735,Median gross rent,1222,150,331.12675,1474.8562506653418
B25064_001,2019,"Portsmouth city, Virginia",51740,Median gross rent,1048,18,331.12675,1264.8521691467088
B25064_001,2019,"Radford city, Virginia",51750,Median gross rent,728,60,331.12675,878.6377663538207
B25064_001,2019,"Richmond city, Virginia",51760,Median gross rent,1025,15,331.12675,1237.09300894597
B25064_001,2019,"Roanoke city, Virginia",51770,Median gross rent,814,19,331.12675,982.4328871044094
B25064_001,2019,"Salem city, Virginia",51775,Median gross rent,913,40,331.12675,1101.9179679684592
B25064_001,2019,"Staunton city, Virginia",51790,Median gross rent,861,29,331.12675,1039.1581275146148
B25064_001,2019,"Suffolk city, Virginia",51800,Median gross rent,1201,47,331.12675,1449.5109304820585
B25064_001,2019,"Virginia Beach city, Virginia",51810,Median gross rent,1367,16,331.12675,1649.8596519308692
B25064_001,2019,"Waynesboro city, Virginia",51820,Median gross rent,821,75,331.12675,990.8813271655038
B25064_001,2019,"Williamsburg city, Virginia",51830,Median gross rent,1193,51,331.12675,1439.8555704122364
B25064_001,2019,"Winchester city, Virginia",51840,Median gross rent,1054,44,331.12675,1272.0936891990755
B25064_001,2020,"Accomack County, Virginia",51001,Median gross rent,825,34,341.47316666666666,965.5396666111882
B25064_001,2020,"Albemarle County, Virginia",51003,Median gross rent,1349,39,341.47316666666666,1578.803648798173
B25064_001,2020,"Alleghany County, Virginia",51005,Median gross rent,616,109,341.47316666666666,720.9362844030205
B25064_001,2020,"Amelia County, Virginia",51007,Median gross rent,846,287,341.47316666666666,990.1170399431094
B25064_001,2020,"Amherst County, Virginia",51009,Median gross rent,700,44,341.47316666666666,819.2457777307051
B25064_001,2020,"Appomattox County, Virginia",51011,Median gross rent,685,39,341.47316666666666,801.6905110650472
B25064_001,2020,"Arlington County, Virginia",51013,Median gross rent,2005,27,341.47316666666666,2346.553977642948
B25064_001,2020,"Augusta County, Virginia",51015,Median gross rent,900,54,341.47316666666666,1053.315999939478
B25064_001,2020,"Bath County, Virginia",51017,Median gross rent,656,218,341.47316666666666,767.7503288447751
B25064_001,2020,"Bedford County, Virginia",51019,Median gross rent,856,38,341.47316666666666,1001.820551053548
B25064_001,2020,"Bland County, Virginia",51021,Median gross rent,613,76,341.47316666666666,717.4252310698889
B25064_001,2020,"Botetourt County, Virginia",51023,Median gross rent,807,75,341.47316666666666,944.4733466123986
B25064_001,2020,"Brunswick County, Virginia",51025,Median gross rent,705,70,341.47316666666666,825.0975332859244
B25064_001,2020,"Buchanan County, Virginia",51027,Median gross rent,608,49,341.47316666666666,711.5734755146696
B25064_001,2020,"Buckingham County, Virginia",51029,Median gross rent,785,47,341.47316666666666,918.7256221694336
B25064_001,2020,"Campbell County, Virginia",51031,Median gross rent,730,21,341.47316666666666,854.3563110620211
B25064_001,2020,"Caroline County, Virginia",51033,Median gross rent,961,117,341.47316666666666,1124.7074177131537
B25064_001,2020,"Carroll County, Virginia",51035,Median gross rent,595,67,341.47316666666666,696.3589110710993
B25064_001,2020,"Charles City County, Virginia",51036,Median gross rent,840,116,341.47316666666666,983.0949332768462
B25064_001,2020,"Charlotte County, Virginia",51037,Median gross rent,640,51,341.47316666666666,749.0247110680732
B25064_001,2020,"Chesterfield County, Virginia",51041,Median gross rent,1266,28,341.47316666666666,1481.6645065815324
B25064_001,2020,"Clarke County, Virginia",51043,Median gross rent,1258,121,341.47316666666666,1472.3016976931815
B25064_001,2020,"Craig County, Virginia",51045,Median gross rent,611,51,341.47316666666666,715.0845288478012
B25064_001,2020,"Culpeper County, Virginia",51047,Median gross rent,1201,63,341.47316666666666,1405.5916843636812
B25064_001,2020,"Cumberland County, Virginia",51049,Median gross rent,705,154,341.47316666666666,825.0975332859244
B25064_001,2020,"Dickenson County, Virginia",51051,Median gross rent,579,41,341.47316666666666,677.6332932943975
B25064_001,2020,"Dinwiddie County, Virginia",51053,Median gross rent,1042,69,341.47316666666666,1219.5058577077068
B25064_001,2020,"Essex County, Virginia",51057,Median gross rent,887,55,341.47316666666666,1038.1014354959077
B25064_001,2020,"Fairfax County, Virginia",51059,Median gross rent,1898,13,341.47316666666666,2221.3264087612547
B25064_001,2020,"Fauquier County, Virginia",51061,Median gross rent,1353,54,341.47316666666666,1583.4850532423486
B25064_001,2020,"Floyd County, Virginia",51063,Median gross rent,684,152,341.47316666666666,800.5201599540032
B25064_001,2020,"Fluvanna County, Virginia",51065,Median gross rent,1235,112,341.47316666666666,1445.3836221391725
B25064_001,2020,"Franklin County, Virginia",51067,Median gross rent,725,38,341.47316666666666,848.5045555068017
B25064_001,2020,"Frederick County, Virginia",51069,Median gross rent,1119,43,341.47316666666666,1309.6228932580843
B25064_001,2020,"Giles County, Virginia",51071,Median gross rent,726,28,341.47316666666666,849.6749066178456
B25064_001,2020,"Gloucester County, Virginia",51073,Median gross rent,1045,101,341.47316666666666,1223.0169110408383
B25064_001,2020,"Goochland County, Virginia",51075,Median gross rent,1129,139,341.47316666666666,1321.326404368523
B25064_001,2020,"Grayson County, Virginia",51077,Median gross rent,538,72,341.47316666666666,629.6488977415991
B25064_001,2020,"Greene County, Virginia",51079,Median gross rent,1154,204,341.47316666666666,1350.5851821446197
B25064_001,2020,"Greensville County, Virginia",51081,Median gross rent,891,68,341.47316666666666,1042.7828399400832
B25064_001,2020,"Halifax County, Virginia",51083,Median gross rent,678,30,341.47316666666666,793.4980532877402
B25064_001,2020,"Hanover County, Virginia",51085,Median gross rent,1215,43,341.47316666666666,1421.9765999182953
B25064_001,2020,"Henrico County, Virginia",51087,Median gross rent,1192,13,341.47316666666666,1395.0585243642865
B25064_001,2020,"Henry County, Virginia",51089,Median gross rent,600,22,341.47316666666666,702.2106666263187
B25064_001,2020,"Highland County, Virginia",51091,Median gross rent,669,97,341.47316666666666,782.9648932883454
B25064_001,2020,"Isle of Wight County, Virginia",51093,Median gross rent,1120,99,341.47316666666666,1310.7932443691282
B25064_001,2020,"James City County, Virginia",51095,Median gross rent,1243,59,341.47316666666666,1454.7464310275236
B25064_001,2020,"King and Queen County, Virginia",51097,Median gross rent,969,217,341.47316666666666,1134.0702266015046
B25064_001,2020,"King George County, Virginia",51099,Median gross rent,1241,87,341.47316666666666,1452.4057288054357
B25064_001,2020,"King William County, Virginia",51101,Median gross rent,1076,150,341.47316666666666,1259.2977954831981
B25064_001,2020,"Lancaster County, Virginia",51103,Median gross rent,903,73,341.47316666666666,1056.8270532726096
B25064_001,2020,"Lee County, Virginia",51105,Median gross rent,551,38,341.47316666666666,644.8634621851693
B25064_001,2020,"Loudoun County, Virginia",51107,Median gross rent,1913,30,341.47316666666666,2238.881675426913
B25064_001,2020,"Louisa County, Virginia",51109,Median gross rent,905,109,341.47316666666666,1059.1677554946973
B25064_001,2020,"Lunenburg County, Virginia",51111,Median gross rent,692,95,341.47316666666666,809.8829688423542
B25064_001,2020,"Madison County, Virginia",51113,Median gross rent,815,97,341.47316666666666,953.8361555007496
B25064_001,2020,"Mathews County, Virginia",51115,Median gross rent,931,136,341.47316666666666,1089.5968843818378
B25064_001,2020,"Mecklenburg County, Virginia",51117,Median gross rent,707,28,341.47316666666666,827.4382355080122
B25064_001,2020,"Middlesex County, Virginia",51119,Median gross rent,888,77,341.47316666666666,1039.2717866069515
B25064_001,2020,"Montgomery County, Virginia",51121,Median gross rent,1017,37,341.47316666666666,1190.2470799316102
B25064_001,2020,"Nelson County, Virginia",51125,Median gross rent,834,97,341.47316666666666,976.072826610583
B25064_001,2020,"New Kent County, Virginia",51127,Median gross rent,1066,130,341.47316666666666,1247.5942843727596
B25064_001,2020,"Northampton County, Virginia",51131,Median gross rent,708,87,341.47316666666666,828.608586619056
B25064_001,2020,"Northumberland County, Virginia",51133,Median gross rent,1014,292,341.47316666666666,1186.7360265984785
B25064_001,2020,"Nottoway County, Virginia",51135,Median gross rent,725,41,341.47316666666666,848.5045555068017
B25064_001,2020,"Orange County, Virginia",51137,Median gross rent,938,67,341.47316666666666,1097.7893421591448
B25064_001,2020,"Page County, Virginia",51139,Median gross rent,746,55,341.47316666666666,873.0819288387229
B25064_001,2020,"Patrick County, Virginia",51141,Median gross rent,614,45,341.47316666666666,718.5955821809328
B25064_001,2020,"Pittsylvania County, Virginia",51143,Median gross rent,731,42,341.47316666666666,855.5266621730649
B25064_001,2020,"Powhatan County, Virginia",51145,Median gross rent,1125,205,341.47316666666666,1316.6449999243475
B25064_001,2020,"Prince Edward County, Virginia",51147,Median gross rent,715,34,341.47316666666666,836.8010443963631
B25064_001,2020,"Prince George County, Virginia",51149,Median gross rent,1377,54,341.47316666666666,1611.5734799074014
B25064_001,2020,"Prince William County, Virginia",51153,Median gross rent,1738,21,341.47316666666666,2034.0702309942365
B25064_001,2020,"Pulaski County, Virginia",51155,Median gross rent,749,43,341.47316666666666,876.5929821718545
B25064_001,2020,"Rappahannock County, Virginia",51157,Median gross rent,1107,93,341.47316666666666,1295.578679925558
B25064_001,2020,"Richmond County, Virginia",51159,Median gross rent,842,104,341.47316666666666,985.4356354989338
B25064_001,2020,"Roanoke County, Virginia",51161,Median gross rent,937,26,341.47316666666666,1096.618991048101
B25064_001,2020,"Rockbridge County, Virginia",51163,Median gross rent,843,44,341.47316666666666,986.6059866099778
B25064_001,2020,"Rockingham County, Virginia",51165,Median gross rent,938,30,341.47316666666666,1097.7893421591448
B25064_001,2020,"Russell County, Virginia",51167,Median gross rent,564,55,341.47316666666666,660.0780266287395
B25064_001,2020,"Scott County, Virginia",51169,Median gross rent,544,42,341.47316666666666,636.6710044078623
B25064_001,2020,"Shenandoah County, Virginia",51171,Median gross rent,878,45,341.47316666666666,1027.568275496513
B25064_001,2020,"Smyth County, Virginia",51173,Median gross rent,615,25,341.47316666666666,719.7659332919767
B25064_001,2020,"Southampton County, Virginia",51175,Median gross rent,796,40,341.47316666666666,931.5994843909161
B25064_001,2020,"Spotsylvania County, Virginia",51177,Median gross rent,1462,43,341.47316666666666,1711.0533243461298
B25064_001,2020,"Stafford County, Virginia",51179,Median gross rent,1559,50,341.47316666666666,1824.5773821173848
B25064_001,2020,"Surry County, Virginia",51181,Median gross rent,837,151,341.47316666666666,979.5838799437146
B25064_001,2020,"Sussex County, Virginia",51183,Median gross rent,835,85,341.47316666666666,977.2431777216268
B25064_001,2020,"Tazewell County, Virginia",51185,Median gross rent,668,24,341.47316666666666,781.7945421773014
B25064_001,2020,"Warren County, Virginia",51187,Median gross rent,1051,58,341.47316666666666,1230.0390177071015
B25064_001,2020,"Washington County, Virginia",51191,Median gross rent,724,21,341.47316666666666,847.3342043957579
B25064_001,2020,"Westmoreland County, Virginia",51193,Median gross rent,884,97,341.47316666666666,1034.5903821627762
B25064_001,2020,"Wise County, Virginia",51195,Median gross rent,638,28,341.47316666666666,746.6840088459855
B25064_001,2020,"Wythe County, Virginia",51197,Median gross rent,656,44,341.47316666666666,767.7503288447751
B25064_001,2020,"York County, Virginia",51199,Median gross rent,1503,69,341.47316666666666,1759.0377198989283
B25064_001,2020,"Alexandria city, Virginia",51510,Median gross rent,1774,19,341.47316666666666,2076.2028709918154
B25064_001,2020,"Bristol city, Virginia",51520,Median gross rent,712,28,341.47316666666666,833.2899910632315
B25064_001,2020,"Buena Vista city, Virginia",51530,Median gross rent,871,170,341.47316666666666,1019.375817719206
B25064_001,2020,"Charlottesville city, Virginia",51540,Median gross rent,1188,44,341.47316666666666,1390.377119920111
B25064_001,2020,"Chesapeake city, Virginia",51550,Median gross rent,1300,29,341.47316666666666,1521.4564443570239
B25064_001,2020,"Colonial Heights city, Virginia",51570,Median gross rent,1034,60,341.47316666666666,1210.143048819356
B25064_001,2020,"Covington city, Virginia",51580,Median gross rent,760,116,341.47316666666666,889.4668443933369
B25064_001,2020,"Danville city, Virginia",51590,Median gross rent,688,37,341.47316666666666,805.2015643981788
B25064_001,2020,"Emporia city, Virginia",51595,Median gross rent,756,106,341.47316666666666,884.7854399491615
B25064_001,2020,"Fairfax city, Virginia",51600,Median gross rent,1822,74,341.47316666666666,2132.379724321921
B25064_001,2020,"Falls Church city, Virginia",51610,Median gross rent,2044,177,341.47316666666666,2392.197670973659
B25064_001,2020,"Franklin city, Virginia",51620,Median gross rent,833,62,341.47316666666666,974.9024754995392
B25064_001,2020,"Fredericksburg city, Virginia",51630,Median gross rent,1287,41,341.47316666666666,1506.2418799134537
B25064_001,2020,"Galax city, Virginia",51640,Median gross rent,571,37,341.47316666666666,668.2704844060466
B25064_001,2020,"Hampton city, Virginia",51650,Median gross rent,1115,23,341.47316666666666,1304.9414888139088
B25064_001,2020,"Harrisonburg city, Virginia",51660,Median gross rent,911,40,341.47316666666666,1066.1898621609605
B25064_001,2020,"Hopewell city, Virginia",51670,Median gross rent,920,41,341.47316666666666,1076.7230221603554
B25064_001,2020,"Lexington city, Virginia",51678,Median gross rent,916,78,341.47316666666666,1072.0416177161799
B25064_001,2020,"Lynchburg city, Virginia",51680,Median gross rent,859,23,341.47316666666666,1005.3316043866796
B25064_001,2020,"Manassas city, Virginia",51683,Median gross rent,1549,75,341.47316666666666,1812.873871006946
B25064_001,2020,"Manassas Park city, Virginia",51685,Median gross rent,1709,70,341.47316666666666,2000.1300487739643
B25064_001,2020,"Martinsville city, Virginia",51690,Median gross rent,664,28,341.47316666666666,777.113137733126
B25064_001,2020,"Newport News city, Virginia",51700,Median gross rent,1075,16,341.47316666666666,1258.1274443721543
B25064_001,2020,"Norfolk city, Virginia",51710,Median gross rent,1077,18,341.47316666666666,1260.468146594242
B25064_001,2020,"Norton city, Virginia",51720,Median gross rent,451,194,341.47316666666666,527.8283510807829
B25064_001,2020,"Petersburg city, Virginia",51730,Median gross rent,958,24,341.47316666666666,1121.1963643800223
B25064_001,2020,"Poquoson city, Virginia",51735,Median gross rent,1383,282,341.47316666666666,1618.5955865736646
B25064_001,2020,"Portsmouth city, Virginia",51740,Median gross rent,1083,21,341.47316666666666,1267.4902532605051
B25064_001,2020,"Radford city, Virginia",51750,Median gross rent,839,117,341.47316666666666,981.9245821658022
B25064_001,2020,"Richmond city, Virginia",51760,Median gross rent,1070,15,341.47316666666666,1252.275688816935
B25064_001,2020,"Roanoke city, Virginia",51770,Median gross rent,804,20,341.47316666666666,940.962293279267
B25064_001,2020,"Salem city, Virginia",51775,Median gross rent,926,34,341.47316666666666,1083.7451288266184
B25064_001,2020,"Staunton city, Virginia",51790,Median gross rent,864,32,341.47316666666666,1011.1833599418989
B25064_001,2020,"Suffolk city, Virginia",51800,Median gross rent,1231,49,341.47316666666666,1440.7022176949972
B25064_001,2020,"Virginia Beach city, Virginia",51810,Median gross rent,1380,18,341.47316666666666,1615.084533240533
B25064_001,2020,"Waynesboro city, Virginia",51820,Median gross rent,790,72,341.47316666666666,924.5773777246529
B25064_001,2020,"Williamsburg city, Virginia",51830,Median gross rent,1153,37,341.47316666666666,1349.4148310335756
B25064_001,2020,"Winchester city, Virginia",51840,Median gross rent,1096,53,341.47316666666666,1282.7048177040754
B25064_001,2021,"Accomack County, Virginia",51001,Median gross rent,884,46,349.1381666666667,1011.8769236056976
B25064_001,2021,"Albemarle County, Virginia",51003,Median gross rent,1434,36,349.1381666666667,1641.4383579757584
B25064_001,2021,"Alleghany County, Virginia",51005,Median gross rent,606,106,349.1381666666667,693.6622349604669
B25064_001,2021,"Amelia County, Virginia",51007,Median gross rent,1005,242,349.1381666666667,1150.380439167111
B25064_001,2021,"Amherst County, Virginia",51009,Median gross rent,752,43,349.1381666666667,860.782179356883
B25064_001,2021,"Appomattox County, Virginia",51011,Median gross rent,743,77,349.1381666666667,850.480264976282
B25064_001,2021,"Arlington County, Virginia",51013,Median gross rent,2094,26,349.1381666666667,2396.9120792198314
B25064_001,2021,"Augusta County, Virginia",51015,Median gross rent,950,62,349.1381666666667,1087.4242957301049
B25064_001,2021,"Bath County, Virginia",51017,Median gross rent,628,33,349.1381666666667,718.8446923352693
B25064_001,2021,"Bedford County, Virginia",51019,Median gross rent,893,51,349.1381666666667,1022.1788379862986
B25064_001,2021,"Bland County, Virginia",51021,Median gross rent,702,115,349.1381666666667,803.5493216868775
B25064_001,2021,"Botetourt County, Virginia",51023,Median gross rent,831,62,349.1381666666667,951.2100944754918
B25064_001,2021,"Brunswick County, Virginia",51025,Median gross rent,752,116,349.1381666666667,860.782179356883
B25064_001,2021,"Buchanan County, Virginia",51027,Median gross rent,661,84,349.1381666666667,756.618378397473
B25064_001,2021,"Buckingham County, Virginia",51029,Median gross rent,789,53,349.1381666666667,903.1344940326871
B25064_001,2021,"Campbell County, Virginia",51031,Median gross rent,749,30,349.1381666666667,857.3482078966828
B25064_001,2021,"Caroline County, Virginia",51033,Median gross rent,1058,128,349.1381666666667,1211.0472682973168
B25064_001,2021,"Carroll County, Virginia",51035,Median gross rent,585,49,349.1381666666667,669.6244347390646
B25064_001,2021,"Charles City County, Virginia",51036,Median gross rent,829,152,349.1381666666667,948.9207801686915
B25064_001,2021,"Charlotte County, Virginia",51037,Median gross rent,664,43,349.1381666666667,760.0523498576733
B25064_001,2021,"Chesterfield County, Virginia",51041,Median gross rent,1345,19,349.1381666666667,1539.5638713231485
B25064_001,2021,"Clarke County, Virginia",51043,Median gross rent,1186,103,349.1381666666667,1357.563383932531
B25064_001,2021,"Craig County, Virginia",51045,Median gross rent,630,95,349.1381666666667,721.1340066420696
B25064_001,2021,"Culpeper County, Virginia",51047,Median gross rent,1290,50,349.1381666666667,1476.6077278861424
B25064_001,2021,"Cumberland County, Virginia",51049,Median gross rent,741,63,349.1381666666667,848.1909506694818
B25064_001,2021,"Dickenson County, Virginia",51051,Median gross rent,615,35,349.1381666666667,703.9641493410679
B25064_001,2021,"Dinwiddie County, Virginia",51053,Median gross rent,1088,90,349.1381666666667,1245.3869828993202
B25064_001,2021,"Essex County, Virginia",51057,Median gross rent,881,34,349.1381666666667,1008.4429521454973
B25064_001,2021,"Fairfax County, Virginia",51059,Median gross rent,1977,16,349.1381666666667,2262.987192272018
B25064_001,2021,"Fauquier County, Virginia",51061,Median gross rent,1412,57,349.1381666666667,1616.255900600956
B25064_001,2021,"Floyd County, Virginia",51063,Median gross rent,760,75,349.1381666666667,869.939436584084
B25064_001,2021,"Fluvanna County, Virginia",51065,Median gross rent,1188,89,349.1381666666667,1359.8526982393312
B25064_001,2021,"Franklin County, Virginia",51067,Median gross rent,758,78,349.1381666666667,867.6501222772837
B25064_001,2021,"Frederick County, Virginia",51069,Median gross rent,1182,54,349.1381666666667,1352.9847553189306
B25064_001,2021,"Giles County, Virginia",51071,Median gross rent,705,70,349.1381666666667,806.9832931470778
B25064_001,2021,"Gloucester County, Virginia",51073,Median gross rent,1022,90,349.1381666666667,1169.839610774913
B25064_001,2021,"Goochland County, Virginia",51075,Median gross rent,1286,162,349.1381666666667,1472.029099272542
B25064_001,2021,"Grayson County, Virginia",51077,Median gross rent,616,62,349.1381666666667,705.108806494468
B25064_001,2021,"Greene County, Virginia",51079,Median gross rent,1264,193,349.1381666666667,1446.8466418977396
B25064_001,2021,"Greensville County, Virginia",51081,Median gross rent,930,44,349.1381666666667,1064.5311526621026
B25064_001,2021,"Halifax County, Virginia",51083,Median gross rent,692,28,349.1381666666667,792.1027501528764
B25064_001,2021,"Hanover County, Virginia",51085,Median gross rent,1260,48,349.1381666666667,1442.2680132841392
B25064_001,2021,"Henrico County, Virginia",51087,Median gross rent,1258,23,349.1381666666667,1439.9786989773388
B25064_001,2021,"Henry County, Virginia",51089,Median gross rent,637,21,349.1381666666667,729.1466067158703
B25064_001,2021,"Highland County, Virginia",51091,Median gross rent,710,95,349.1381666666667,812.7065789140784
B25064_001,2021,"Isle of Wight County, Virginia",51093,Median gross rent,1124,86,349.1381666666667,1286.594640421724
B25064_001,2021,"James City County, Virginia",51095,Median gross rent,1248,61,349.1381666666667,1428.532127443338
B25064_001,2021,"King and Queen County, Virginia",51097,Median gross rent,1041,142,349.1381666666667,1191.588096689515
B25064_001,2021,"King George County, Virginia",51099,Median gross rent,1403,182,349.1381666666667,1605.9539862203549
B25064_001,2021,"King William County, Virginia",51101,Median gross rent,1014,207,349.1381666666667,1160.682353547712
B25064_001,2021,"Lancaster County, Virginia",51103,Median gross rent,890,86,349.1381666666667,1018.7448665260982
B25064_001,2021,"Lee County, Virginia",51105,Median gross rent,601,47,349.1381666666667,687.9389491934663
B25064_001,2021,"Loudoun County, Virginia",51107,Median gross rent,2033,43,349.1381666666667,2327.0879928624245
B25064_001,2021,"Louisa County, Virginia",51109,Median gross rent,1046,86,349.1381666666667,1197.3113824565155
B25064_001,2021,"Lunenburg County, Virginia",51111,Median gross rent,714,62,349.1381666666667,817.2852075276788
B25064_001,2021,"Madison County, Virginia",51113,Median gross rent,983,180,349.1381666666667,1125.1979817923086
B25064_001,2021,"Mathews County, Virginia",51115,Median gross rent,1063,141,349.1381666666667,1216.7705540643174
B25064_001,2021,"Mecklenburg County, Virginia",51117,Median gross rent,719,31,349.1381666666667,823.0084932946794
B25064_001,2021,"Middlesex County, Virginia",51119,Median gross rent,939,83,349.1381666666667,1074.8330670427038
B25064_001,2021,"Montgomery County, Virginia",51121,Median gross rent,1082,34,349.1381666666667,1238.5190399789194
B25064_001,2021,"Nelson County, Virginia",51125,Median gross rent,858,75,349.1381666666667,982.1158376172948
B25064_001,2021,"New Kent County, Virginia",51127,Median gross rent,1101,109,349.1381666666667,1260.2675258935217
B25064_001,2021,"Northampton County, Virginia",51131,Median gross rent,694,81,349.1381666666667,794.3920644596766
B25064_001,2021,"Northumberland County, Virginia",51133,Median gross rent,977,230,349.1381666666667,1118.3300388719078
B25064_001,2021,"Nottoway County, Virginia",51135,Median gross rent,765,73,349.1381666666667,875.6627223510844
B25064_001,2021,"Orange County, Virginia",51137,Median gross rent,950,62,349.1381666666667,1087.4242957301049
B25064_001,2021,"Page County, Virginia",51139,Median gross rent,797,59,349.1381666666667,912.291751259888
B25064_001,2021,"Patrick County, Virginia",51141,Median gross rent,621,43,349.1381666666667,710.8320922614686
B25064_001,2021,"Pittsylvania County, Virginia",51143,Median gross rent,770,34,349.1381666666667,881.386008118085
B25064_001,2021,"Powhatan County, Virginia",51145,Median gross rent,1114,193,349.1381666666667,1275.148068887723
B25064_001,2021,"Prince Edward County, Virginia",51147,Median gross rent,752,59,349.1381666666667,860.782179356883
B25064_001,2021,"Prince George County, Virginia",51149,Median gross rent,1394,81,349.1381666666667,1595.652071839754
B25064_001,2021,"Prince William County, Virginia",51153,Median gross rent,1806,19,349.1381666666667,2067.2508190405993
B25064_001,2021,"Pulaski County, Virginia",51155,Median gross rent,748,43,349.1381666666667,856.2035507432826
B25064_001,2021,"Rappahannock County, Virginia",51157,Median gross rent,1097,172,349.1381666666667,1255.688897279921
B25064_001,2021,"Richmond County, Virginia",51159,Median gross rent,861,44,349.1381666666667,985.5498090774951
B25064_001,2021,"Roanoke County, Virginia",51161,Median gross rent,1029,40,349.1381666666667,1177.8522108487136
B25064_001,2021,"Rockbridge County, Virginia",51163,Median gross rent,857,50,349.1381666666667,980.9711804638946
B25064_001,2021,"Rockingham County, Virginia",51165,Median gross rent,964,31,349.1381666666667,1103.4494958777063
B25064_001,2021,"Russell County, Virginia",51167,Median gross rent,587,48,349.1381666666667,671.9137490458648
B25064_001,2021,"Scott County, Virginia",51169,Median gross rent,582,35,349.1381666666667,666.1904632788643
B25064_001,2021,"Shenandoah County, Virginia",51171,Median gross rent,904,37,349.1381666666667,1034.7700666736998
B25064_001,2021,"Smyth County, Virginia",51173,Median gross rent,630,16,349.1381666666667,721.1340066420696
B25064_001,2021,"Southampton County, Virginia",51175,Median gross rent,817,47,349.1381666666667,935.1848943278902
B25064_001,2021,"Spotsylvania County, Virginia",51177,Median gross rent,1556,48,349.1381666666667,1781.0865306905719
B25064_001,2021,"Stafford County, Virginia",51179,Median gross rent,1647,56,349.1381666666667,1885.250331649982
B25064_001,2021,"Surry County, Virginia",51181,Median gross rent,943,101,349.1381666666667,1079.4116956563041
B25064_001,2021,"Sussex County, Virginia",51183,Median gross rent,868,80,349.1381666666667,993.5624091512958
B25064_001,2021,"Tazewell County, Virginia",51185,Median gross rent,671,38,349.1381666666667,768.0649499314741
B25064_001,2021,"Warren County, Virginia",51187,Median gross rent,1067,62,349.1381666666667,1221.3491826779177
B25064_001,2021,"Washington County, Virginia",51191,Median gross rent,737,24,349.1381666666667,843.61232205588135
B25064_001,2021,"Westmoreland County, Virginia",51193,Median gross rent,908,152,349.1381666666667,1039.3486952873002
B25064_001,2021,"Wise County, Virginia",51195,Median gross rent,636,45,349.1381666666667,728.0019495624703
B25064_001,2021,"Wythe County, Virginia",51197,Median gross rent,637,60,349.1381666666667,729.1466067158703
B25064_001,2021,"York County, Virginia",51199,Median gross rent,1622,48,349.1381666666667,1856.6339028149791
B25064_001,2021,"Alexandria city, Virginia",51510,Median gross rent,1848,23,349.1381666666667,2115.326419483404
B25064_001,2021,"Bristol city, Virginia",51520,Median gross rent,737,32,349.1381666666667,843.61232205588135
B25064_001,2021,"Buena Vista city, Virginia",51530,Median gross rent,874,134,349.1381666666667,1000.4303520716965
B25064_001,2021,"Charlottesville city, Virginia",51540,Median gross rent,1250,44,349.1381666666667,1430.821441750138
B25064_001,2021,"Chesapeake city, Virginia",51550,Median gross rent,1328,30,349.1381666666667,1520.1046997153467
B25064_001,2021,"Colonial Heights city, Virginia",51570,Median gross rent,1075,43,349.1381666666667,1230.5064399051187
B25064_001,2021,"Covington city, Virginia",51580,Median gross rent,802,201,349.1381666666667,918.0150370268885
B25064_001,2021,"Danville city, Virginia",51590,Median gross rent,733,31,349.1381666666667,839.033693442281
B25064_001,2021,"Emporia city, Virginia",51595,Median gross rent,841,147,349.1381666666667,962.6566660094928
B25064_001,2021,"Fairfax city, Virginia",51600,Median gross rent,1841,70,349.1381666666667,2107.313819409603
B25064_001,2021,"Falls Church city, Virginia",51610,Median gross rent,2020,122,349.1381666666667,2312.207449868223
B25064_001,2021,"Franklin city, Virginia",51620,Median gross rent,851,46,349.1381666666667,974.103237543494
B25064_001,2021,"Fredericksburg city, Virginia",51630,Median gross rent,1355,35,349.1381666666667,1551.0104428571497
B25064_001,2021,"Galax city, Virginia",51640,Median gross rent,569,86,349.1381666666667,651.3099202846628
B25064_001,2021,"Hampton city, Virginia",51650,Median gross rent,1159,19,349.1381666666667,1326.657640790728
B25064_001,2021,"Harrisonburg city, Virginia",51660,Median gross rent,945,39,349.1381666666667,1081.7010099631043
B25064_001,2021,"Hopewell city, Virginia",51670,Median gross rent,957,56,349.1381666666667,1095.4368958039056
B25064_001,2021,"Lexington city, Virginia",51678,Median gross rent,1057,127,349.1381666666667,1209.9026111439168
B25064_001,2021,"Lynchburg city, Virginia",51680,Median gross rent,928,21,349.1381666666667,1062.2418383553024
B25064_001,2021,"Manassas city, Virginia",51683,Median gross rent,1641,59,349.1381666666667,1878.3823887295812
B25064_001,2021,"Manassas Park city, Virginia",51685,Median gross rent,1916,112,349.1381666666667,2193.1631059146116
B25064_001,2021,"Martinsville city, Virginia",51690,Median gross rent,685,42,349.1381666666667,784.0901500790757
B25064_001,2021,"Newport News city, Virginia",51700,Median gross rent,1118,17,349.1381666666667,1279.7266975013235
B25064_001,2021,"Norfolk city, Virginia",51710,Median gross rent,1114,16,349.1381666666667,1275.148068887723
B25064_001,2021,"Norton city, Virginia",51720,Median gross rent,469,229,349.1381666666667,536.8442049446518
B25064_001,2021,"Petersburg city, Virginia",51730,Median gross rent,1023,35,349.1381666666667,1170.9842679283129
B25064_001,2021,"Poquoson city, Virginia",51735,Median gross rent,1475,248,349.1381666666667,1688.369301265163
B25064_001,2021,"Portsmouth city, Virginia",51740,Median gross rent,1116,19,349.1381666666667,1277.4373831945231
B25064_001,2021,"Radford city, Virginia",51750,Median gross rent,856,86,349.1381666666667,979.8265233104945
B25064_001,2021,"Richmond city, Virginia",51760,Median gross rent,1132,15,349.1381666666667,1295.751897648925
B25064_001,2021,"Roanoke city, Virginia",51770,Median gross rent,845,16,349.1381666666667,967.2352946230933
B25064_001,2021,"Salem city, Virginia",51775,Median gross rent,988,44,349.1381666666667,1130.9212675593092
B25064_001,2021,"Staunton city, Virginia",51790,Median gross rent,897,47,349.1381666666667,1026.757466599899
B25064_001,2021,"Suffolk city, Virginia",51800,Median gross rent,1266,55,349.1381666666667,1449.1359562045398
B25064_001,2021,"Virginia Beach city, Virginia",51810,Median gross rent,1433,14,349.1381666666667,1640.2937008223582
B25064_001,2021,"Waynesboro city, Virginia",51820,Median gross rent,860,67,349.1381666666667,984.405151924095
B25064_001,2021,"Williamsburg city, Virginia",51830,Median gross rent,1204,42,349.1381666666667,1378.167212693733
B25064_001,2021,"Winchester city, Virginia",51840,Median gross rent,1125,63,349.1381666666667,1287.7392975751243
B25064_001,2022,"Accomack County, Virginia",51001,Median gross rent,974,65,370.2015833333333,1051.4616536621154
B25064_001,2022,"Albemarle County, Virginia",51003,Median gross rent,1570,38,370.2015833333333,1694.861187114498
B25064_001,2022,"Alleghany County, Virginia",51005,Median gross rent,662,96,370.2015833333333,714.6484750763043
B25064_001,2022,"Amelia County, Virginia",51007,Median gross rent,1249,253,370.2015833333333,1348.3322437617887
B25064_001,2022,"Amherst County, Virginia",51009,Median gross rent,811,51,370.2015833333333,875.4983584394
B25064_001,2022,"Appomattox County, Virginia",51011,Median gross rent,861,115,370.2015833333333,929.4748293666133
B25064_001,2022,"Arlington County, Virginia",51013,Median gross rent,2227,24,370.2015833333333,2404.112015098081
B25064_001,2022,"Augusta County, Virginia",51015,Median gross rent,1019,61,370.2015833333333,1100.0404774966073
B25064_001,2022,"Bath County, Virginia",51017,Median gross rent,650,140,370.2015833333333,701.6941220537731
B25064_001,2022,"Bedford County, Virginia",51019,Median gross rent,939,57,370.2015833333333,1013.678124013066
B25064_001,2022,"Bland County, Virginia",51021,Median gross rent,705,114,370.2015833333333,761.0682400737078
B25064_001,2022,"Botetourt County, Virginia",51023,Median gross rent,869,60,370.2015833333333,938.1110647149675
B25064_001,2022,"Brunswick County, Virginia",51025,Median gross rent,841,132,370.2015833333333,907.884240995728
B25064_001,2022,"Buchanan County, Virginia",51027,Median gross rent,728,61,370.2015833333333,785.8974167002259
B25064_001,2022,"Buckingham County, Virginia",51029,Median gross rent,844,36,370.2015833333333,911.1228292513608
B25064_001,2022,"Campbell County, Virginia",51031,Median gross rent,792,32,370.2015833333333,854.987299487059
B25064_001,2022,"Caroline County, Virginia",51033,Median gross rent,1212,140,370.2015833333333,1308.3896552756507
B25064_001,2022,"Carroll County, Virginia",51035,Median gross rent,643,55,370.2015833333333,694.1374161239632
B25064_001,2022,"Charles City County, Virginia",51036,Median gross rent,927,105,370.2015833333333,1000.7237709905348
B25064_001,2022,"Charlotte County, Virginia",51037,Median gross rent,732,60,370.2015833333333,790.215534374403
B25064_001,2022,"Chesterfield County, Virginia",51041,Median gross rent,1460,23,370.2015833333333,1576.1129510746289
B25064_001,2022,"Clarke County, Virginia",51043,Median gross rent,1260,79,370.2015833333333,1360.2070673657756
B25064_001,2022,"Craig County, Virginia",51045,Median gross rent,687,156,370.2015833333333,741.636710539911
B25064_001,2022,"Culpeper County, Virginia",51047,Median gross rent,1383,66,370.2015833333333,1492.9891858467204
B25064_001,2022,"Cumberland County, Virginia",51049,Median gross rent,803,130,370.2015833333333,866.8621230910459
B25064_001,2022,"Dickenson County, Virginia",51051,Median gross rent,680,30,370.2015833333333,734.0800046101011
B25064_001,2022,"Dinwiddie County, Virginia",51053,Median gross rent,1154,81,370.2015833333333,1245.7769490000833
B25064_001,2022,"Essex County, Virginia",51057,Median gross rent,942,57,370.2015833333333,1016.9167122686989
B25064_001,2022,"Fairfax County, Virginia",51059,Median gross rent,2159,18,370.2015833333333,2330.704014637071
B25064_001,2022,"Fauquier County, Virginia",51061,Median gross rent,1468,66,370.2015833333333,1584.749186422983
B25064_001,2022,"Floyd County, Virginia",51063,Median gross rent,809,102,370.2015833333333,873.3392996023115
B25064_001,2022,"Fluvanna County, Virginia",51065,Median gross rent,1363,149,370.2015833333333,1471.398597475835
B25064_001,2022,"Franklin County, Virginia",51067,Median gross rent,809,67,370.2015833333333,873.3392996023115
B25064_001,2022,"Frederick County, Virginia",51069,Median gross rent,1347,89,370.2015833333333,1454.1261267791267
B25064_001,2022,"Giles County, Virginia",51071,Median gross rent,758,66,370.2015833333333,818.2832992565538
B25064_001,2022,"Gloucester County, Virginia",51073,Median gross rent,1133,89,370.2015833333333,1223.1068312106538
B25064_001,2022,"Goochland County, Virginia",51075,Median gross rent,1407,170,370.2015833333333,1518.8978918917828
B25064_001,2022,"Grayson County, Virginia",51077,Median gross rent,703,80,370.2015833333333,758.9091812366192
B25064_001,2022,"Greene County, Virginia",51079,Median gross rent,1277,123,370.2015833333333,1378.559067481028
B25064_001,2022,"Greensville County, Virginia",51081,Median gross rent,979,144,370.2015833333333,1056.8593007548368
B25064_001,2022,"Halifax County, Virginia",51083,Median gross rent,724,23,370.2015833333333,781.5792990260488
B25064_001,2022,"Hanover County, Virginia",51085,Median gross rent,1392,61,370.2015833333333,1502.7049506136186
B25064_001,2022,"Henrico County, Virginia",51087,Median gross rent,1380,19,370.2015833333333,1489.7505975910876
B25064_001,2022,"Henry County, Virginia",51089,Median gross rent,686,26,370.2015833333333,740.5571811213667
B25064_001,2022,"Highland County, Virginia",51091,Median gross rent,800,180,370.2015833333333,863.623534835413
B25064_001,2022,"Isle of Wight County, Virginia",51093,Median gross rent,1223,80,370.2015833333333,1320.2644788796376
B25064_001,2022,"James City County, Virginia",51095,Median gross rent,1435,73,370.2015833333333,1549.124715611022
B25064_001,2022,"King and Queen County, Virginia",51097,Median gross rent,1065,159,370.2015833333333,1149.6988307496435
B25064_001,2022,"King George County, Virginia",51099,Median gross rent,1385,135,370.2015833333333,1495.1482446838088
B25064_001,2022,"King William County, Virginia",51101,Median gross rent,1239,178,370.2015833333333,1337.536949576346
B25064_001,2022,"Lancaster County, Virginia",51103,Median gross rent,959,196,370.2015833333333,1035.2687123839514
B25064_001,2022,"Lee County, Virginia",51105,Median gross rent,651,62,370.2015833333333,702.7736514723174
B25064_001,2022,"Loudoun County, Virginia",51107,Median gross rent,2195,39,370.2015833333333,2369.5670737046644
B25064_001,2022,"Louisa County, Virginia",51109,Median gross rent,1137,93,370.2015833333333,1227.4249488848309
B25064_001,2022,"Lunenburg County, Virginia",51111,Median gross rent,802,66,370.2015833333333,865.7825936725015
B25064_001,2022,"Madison County, Virginia",51113,Median gross rent,955,116,370.2015833333333,1030.9505947097744
B25064_001,2022,"Mathews County, Virginia",51115,Median gross rent,966,159,370.2015833333333,1042.8254183137612
B25064_001,2022,"Mecklenburg County, Virginia",51117,Median gross rent,784,29,370.2015833333333,846.3510641387048
B25064_001,2022,"Middlesex County, Virginia",51119,Median gross rent,1056,70,370.2015833333333,1139.9830659827453
B25064_001,2022,"Montgomery County, Virginia",51121,Median gross rent,1161,38,370.2015833333333,1253.333654929893
B25064_001,2022,"Nelson County, Virginia",51125,Median gross rent,921,85,370.2015833333333,994.2465944792693
B25064_001,2022,"New Kent County, Virginia",51127,Median gross rent,1391,217,370.2015833333333,1501.6254211950745
B25064_001,2022,"Northampton County, Virginia",51131,Median gross rent,763,73,370.2015833333333,823.6809463492752
B25064_001,2022,"Northumberland County, Virginia",51133,Median gross rent,1026,280,370.2015833333333,1107.5971834264171
B25064_001,2022,"Nottoway County, Virginia",51135,Median gross rent,895,96,370.2015833333333,966.1788295971184
B25064_001,2022,"Orange County, Virginia",51137,Median gross rent,1085,87,370.2015833333333,1171.289419120529
B25064_001,2022,"Page County, Virginia",51139,Median gross rent,845,41,370.2015833333333,912.202358669905
B25064_001,2022,"Patrick County, Virginia",51141,Median gross rent,668,47,370.2015833333333,721.1256515875699
B25064_001,2022,"Pittsylvania County, Virginia",51143,Median gross rent,831,37,370.2015833333333,897.0889468102853
B25064_001,2022,"Powhatan County, Virginia",51145,Median gross rent,1170,118,370.2015833333333,1263.0494196967916
B25064_001,2022,"Prince Edward County, Virginia",51147,Median gross rent,909,102,370.2015833333333,981.2922414567381
B25064_001,2022,"Prince George County, Virginia",51149,Median gross rent,1519,84,370.2015833333333,1639.8051867687404
B25064_001,2022,"Prince William County, Virginia",51153,Median gross rent,1907,28,370.2015833333333,2058.662601163916
B25064_001,2022,"Pulaski County, Virginia",51155,Median gross rent,806,41,370.2015833333333,870.1007113466786
B25064_001,2022,"Rappahannock County, Virginia",51157,Median gross rent,1179,176,370.2015833333333,1272.76518446369
B25064_001,2022,"Richmond County, Virginia",51159,Median gross rent,915,145,370.2015833333333,987.7694179680037
B25064_001,2022,"Roanoke County, Virginia",51161,Median gross rent,1116,40,370.2015833333333,1204.7548310954012
B25064_001,2022,"Rockbridge County, Virginia",51163,Median gross rent,925,58,370.2015833333333,998.5647121534463
B25064_001,2022,"Rockingham County, Virginia",51165,Median gross rent,1078,50,370.2015833333333,1163.732713190719
B25064_001,2022,"Russell County, Virginia",51167,Median gross rent,668,34,370.2015833333333,721.1256515875699
B25064_001,2022,"Scott County, Virginia",51169,Median gross rent,621,33,370.2015833333333,670.3877689159893
B25064_001,2022,"Shenandoah County, Virginia",51171,Median gross rent,950,35,370.2015833333333,1025.552947617053
B25064_001,2022,"Smyth County, Virginia",51173,Median gross rent,691,26,370.2015833333333,745.954828214088
B25064_001,2022,"Southampton County, Virginia",51175,Median gross rent,881,40,370.2015833333333,951.0654177374986
B25064_001,2022,"Spotsylvania County, Virginia",51177,Median gross rent,1677,43,370.2015833333333,1810.3708348987345
B25064_001,2022,"Stafford County, Virginia",51179,Median gross rent,1828,57,370.2015833333333,1973.3797770989188
B25064_001,2022,"Surry County, Virginia",51181,Median gross rent,888,198,370.2015833333333,958.6221236673085
B25064_001,2022,"Sussex County, Virginia",51183,Median gross rent,927,100,370.2015833333333,1000.7237709905348
B25064_001,2022,"Tazewell County, Virginia",51185,Median gross rent,733,52,370.2015833333333,791.2950637929472
B25064_001,2022,"Warren County, Virginia",51187,Median gross rent,1175,73,370.2015833333333,1268.447066789513
B25064_001,2022,"Washington County, Virginia",51191,Median gross rent,796,30,370.2015833333333,859.3054171612359
B25064_001,2022,"Westmoreland County, Virginia",51193,Median gross rent,985,100,370.2015833333333,1063.3364772661023
B25064_001,2022,"Wise County, Virginia",51195,Median gross rent,715,43,370.2015833333333,771.8635342591505
B25064_001,2022,"Wythe County, Virginia",51197,Median gross rent,668,39,370.2015833333333,721.1256515875699
B25064_001,2022,"York County, Virginia",51199,Median gross rent,1701,39,370.2015833333333,1836.279540943797
B25064_001,2022,"Alexandria city, Virginia",51510,Median gross rent,1983,29,370.2015833333333,2140.70683697328
B25064_001,2022,"Bristol city, Virginia",51520,Median gross rent,784,62,370.2015833333333,846.3510641387048
B25064_001,2022,"Buena Vista city, Virginia",51530,Median gross rent,953,131,370.2015833333333,1028.7915358726857
B25064_001,2022,"Charlottesville city, Virginia",51540,Median gross rent,1357,53,370.2015833333333,1464.9214209645693
B25064_001,2022,"Chesapeake city, Virginia",51550,Median gross rent,1446,36,370.2015833333333,1560.999539215009
B25064_001,2022,"Colonial Heights city, Virginia",51570,Median gross rent,1123,50,370.2015833333333,1212.311537025211
B25064_001,2022,"Covington city, Virginia",51580,Median gross rent,718,269,370.2015833333333,775.1021225147832
B25064_001,2022,"Danville city, Virginia",51590,Median gross rent,770,38,370.2015833333333,831.2376522790851
B25064_001,2022,"Emporia city, Virginia",51595,Median gross rent,960,112,370.2015833333333,1036.3482418024957
B25064_001,2022,"Fairfax city, Virginia",51600,Median gross rent,1972,107,370.2015833333333,2128.8320133692932
B25064_001,2022,"Falls Church city, Virginia",51610,Median gross rent,2074,130,370.2015833333333,2238.9440140608085
B25064_001,2022,"Franklin city, Virginia",51620,Median gross rent,925,67,370.2015833333333,998.5647121534463
B25064_001,2022,"Fredericksburg city, Virginia",51630,Median gross rent,1462,53,370.2015833333333,1578.2720099117173
B25064_001,2022,"Galax city, Virginia",51640,Median gross rent,660,107,370.2015833333333,712.4894162392158
B25064_001,2022,"Hampton city, Virginia",51650,Median gross rent,1255,34,370.2015833333333,1354.8094202730542
B25064_001,2022,"Harrisonburg city, Virginia",51660,Median gross rent,1060,41,370.2015833333333,1144.3011836569224
B25064_001,2022,"Hopewell city, Virginia",51670,Median gross rent,1033,66,370.2015833333333,1115.1538893562272
B25064_001,2022,"Lexington city, Virginia",51678,Median gross rent,1000,248,370.2015833333333,1079.5294185442663
B25064_001,2022,"Lynchburg city, Virginia",51680,Median gross rent,972,24,370.2015833333333,1049.302594825027
B25064_001,2022,"Manassas city, Virginia",51683,Median gross rent,1784,53,370.2015833333333,1925.8804826829712
B25064_001,2022,"Manassas Park city, Virginia",51685,Median gross rent,2073,129,370.2015833333333,2237.864484642264
B25064_001,2022,"Martinsville city, Virginia",51690,Median gross rent,736,34,370.2015833333333,794.53365204858
B25064_001,2022,"Newport News city, Virginia",51700,Median gross rent,1209,22,370.2015833333333,1305.151067020018
B25064_001,2022,"Norfolk city, Virginia",51710,Median gross rent,1188,14,370.2015833333333,1282.4809492305883
B25064_001,2022,"Norton city, Virginia",51720,Median gross rent,613,160,370.2015833333333,661.7515335676353
B25064_001,2022,"Petersburg city, Virginia",51730,Median gross rent,1082,28,370.2015833333333,1168.0508308648962
B25064_001,2022,"Poquoson city, Virginia",51735,Median gross rent,1584,162,370.2015833333333,1709.974598974118
B25064_001,2022,"Portsmouth city, Virginia",51740,Median gross rent,1225,30,370.2015833333333,1322.4235377167263
B25064_001,2022,"Radford city, Virginia",51750,Median gross rent,967,73,370.2015833333333,1043.9049477323056
B25064_001,2022,"Richmond city, Virginia",51760,Median gross rent,1227,20,370.2015833333333,1324.5825965538147
B25064_001,2022,"Roanoke city, Virginia",51770,Median gross rent,917,18,370.2015833333333,989.9284768050923
B25064_001,2022,"Salem city, Virginia",51775,Median gross rent,1053,59,370.2015833333333,1136.7444777271123
B25064_001,2022,"Staunton city, Virginia",51790,Median gross rent,984,48,370.2015833333333,1062.256947847558
B25064_001,2022,"Suffolk city, Virginia",51800,Median gross rent,1376,62,370.2015833333333,1485.4324799169106
B25064_001,2022,"Virginia Beach city, Virginia",51810,Median gross rent,1568,24,370.2015833333333,1692.7021282774097
B25064_001,2022,"Waynesboro city, Virginia",51820,Median gross rent,909,55,370.2015833333333,981.2922414567381
B25064_001,2022,"Williamsburg city, Virginia",51830,Median gross rent,1274,67,370.2015833333333,1375.3204792253953
B25064_001,2022,"Winchester city, Virginia",51840,Median gross rent,1230,62,370.2015833333333,1327.8211848094475
B25064_001,2023,"Accomack County, Virginia",51001,Median gross rent,973,59,399.6435,973
B25064_001,2023,"Albemarle County, Virginia",51003,Median gross rent,1623,38,399.6435,1623
B25064_001,2023,"Alleghany County, Virginia",51005,Median gross rent,774,109,399.6435,774
B25064_001,2023,"Amelia County, Virginia",51007,Median gross rent,972,126,399.6435,972
B25064_001,2023,"Amherst County, Virginia",51009,Median gross rent,842,38,399.6435,842
B25064_001,2023,"Appomattox County, Virginia",51011,Median gross rent,883,73,399.6435,883
B25064_001,2023,"Arlington County, Virginia",51013,Median gross rent,2275,26,399.6435,2275
B25064_001,2023,"Augusta County, Virginia",51015,Median gross rent,1057,48,399.6435,1057
B25064_001,2023,"Bath County, Virginia",51017,Median gross rent,825,180,399.6435,825
B25064_001,2023,"Bedford County, Virginia",51019,Median gross rent,955,65,399.6435,955
B25064_001,2023,"Bland County, Virginia",51021,Median gross rent,683,79,399.6435,683
B25064_001,2023,"Botetourt County, Virginia",51023,Median gross rent,951,37,399.6435,951
B25064_001,2023,"Brunswick County, Virginia",51025,Median gross rent,864,140,399.6435,864
B25064_001,2023,"Buchanan County, Virginia",51027,Median gross rent,712,64,399.6435,712
B25064_001,2023,"Buckingham County, Virginia",51029,Median gross rent,874,45,399.6435,874
B25064_001,2023,"Campbell County, Virginia",51031,Median gross rent,853,37,399.6435,853
B25064_001,2023,"Caroline County, Virginia",51033,Median gross rent,1201,92,399.6435,1201
B25064_001,2023,"Carroll County, Virginia",51035,Median gross rent,687,52,399.6435,687
B25064_001,2023,"Charles City County, Virginia",51036,Median gross rent,1076,108,399.6435,1076
B25064_001,2023,"Charlotte County, Virginia",51037,Median gross rent,682,21,399.6435,682
B25064_001,2023,"Chesterfield County, Virginia",51041,Median gross rent,1542,29,399.6435,1542
B25064_001,2023,"Clarke County, Virginia",51043,Median gross rent,1360,59,399.6435,1360
B25064_001,2023,"Craig County, Virginia",51045,Median gross rent,728,68,399.6435,728
B25064_001,2023,"Culpeper County, Virginia",51047,Median gross rent,1417,64,399.6435,1417
B25064_001,2023,"Cumberland County, Virginia",51049,Median gross rent,847,61,399.6435,847
B25064_001,2023,"Dickenson County, Virginia",51051,Median gross rent,733,37,399.6435,733
B25064_001,2023,"Dinwiddie County, Virginia",51053,Median gross rent,1242,100,399.6435,1242
B25064_001,2023,"Essex County, Virginia",51057,Median gross rent,967,48,399.6435,967
B25064_001,2023,"Fairfax County, Virginia",51059,Median gross rent,2230,15,399.6435,2230
B25064_001,2023,"Fauquier County, Virginia",51061,Median gross rent,1561,100,399.6435,1561
B25064_001,2023,"Floyd County, Virginia",51063,Median gross rent,826,48,399.6435,826
B25064_001,2023,"Fluvanna County, Virginia",51065,Median gross rent,1173,125,399.6435,1173
B25064_001,2023,"Franklin County, Virginia",51067,Median gross rent,797,73,399.6435,797
B25064_001,2023,"Frederick County, Virginia",51069,Median gross rent,1402,80,399.6435,1402
B25064_001,2023,"Giles County, Virginia",51071,Median gross rent,780,47,399.6435,780
B25064_001,2023,"Gloucester County, Virginia",51073,Median gross rent,1144,70,399.6435,1144
B25064_001,2023,"Goochland County, Virginia",51075,Median gross rent,1567,204,399.6435,1567
B25064_001,2023,"Grayson County, Virginia",51077,Median gross rent,712,62,399.6435,712
B25064_001,2023,"Greene County, Virginia",51079,Median gross rent,1502,409,399.6435,1502
B25064_001,2023,"Greensville County, Virginia",51081,Median gross rent,960,118,399.6435,960
B25064_001,2023,"Halifax County, Virginia",51083,Median gross rent,769,29,399.6435,769
B25064_001,2023,"Hanover County, Virginia",51085,Median gross rent,1496,84,399.6435,1496
B25064_001,2023,"Henrico County, Virginia",51087,Median gross rent,1474,25,399.6435,1474
B25064_001,2023,"Henry County, Virginia",51089,Median gross rent,705,33,399.6435,705
B25064_001,2023,"Highland County, Virginia",51091,Median gross rent,859,68,399.6435,859
B25064_001,2023,"Isle of Wight County, Virginia",51093,Median gross rent,1313,80,399.6435,1313
B25064_001,2023,"James City County, Virginia",51095,Median gross rent,1491,100,399.6435,1491
B25064_001,2023,"King and Queen County, Virginia",51097,Median gross rent,982,74,399.6435,982
B25064_001,2023,"King George County, Virginia",51099,Median gross rent,1426,87,399.6435,1426
B25064_001,2023,"King William County, Virginia",51101,Median gross rent,1246,296,399.6435,1246
B25064_001,2023,"Lancaster County, Virginia",51103,Median gross rent,978,160,399.6435,978
B25064_001,2023,"Lee County, Virginia",51105,Median gross rent,725,38,399.6435,725
B25064_001,2023,"Loudoun County, Virginia",51107,Median gross rent,2317,39,399.6435,2317
B25064_001,2023,"Louisa County, Virginia",51109,Median gross rent,1208,82,399.6435,1208
B25064_001,2023,"Lunenburg County, Virginia",51111,Median gross rent,780,77,399.6435,780
B25064_001,2023,"Madison County, Virginia",51113,Median gross rent,1048,189,399.6435,1048
B25064_001,2023,"Mathews County, Virginia",51115,Median gross rent,1108,183,399.6435,1108
B25064_001,2023,"Mecklenburg County, Virginia",51117,Median gross rent,804,52,399.6435,804
B25064_001,2023,"Middlesex County, Virginia",51119,Median gross rent,1071,77,399.6435,1071
B25064_001,2023,"Montgomery County, Virginia",51121,Median gross rent,1206,33,399.6435,1206
B25064_001,2023,"Nelson County, Virginia",51125,Median gross rent,950,39,399.6435,950
B25064_001,2023,"New Kent County, Virginia",51127,Median gross rent,1653,178,399.6435,1653
B25064_001,2023,"Northampton County, Virginia",51131,Median gross rent,780,43,399.6435,780
B25064_001,2023,"Northumberland County, Virginia",51133,Median gross rent,1053,197,399.6435,1053
B25064_001,2023,"Nottoway County, Virginia",51135,Median gross rent,1009,125,399.6435,1009
B25064_001,2023,"Orange County, Virginia",51137,Median gross rent,1145,94,399.6435,1145
B25064_001,2023,"Page County, Virginia",51139,Median gross rent,851,58,399.6435,851
B25064_001,2023,"Patrick County, Virginia",51141,Median gross rent,721,46,399.6435,721
B25064_001,2023,"Pittsylvania County, Virginia",51143,Median gross rent,856,44,399.6435,856
B25064_001,2023,"Powhatan County, Virginia",51145,Median gross rent,1107,293,399.6435,1107
B25064_001,2023,"Prince Edward County, Virginia",51147,Median gross rent,898,83,399.6435,898
B25064_001,2023,"Prince George County, Virginia",51149,Median gross rent,1563,74,399.6435,1563
B25064_001,2023,"Prince William County, Virginia",51153,Median gross rent,2002,41,399.6435,2002
B25064_001,2023,"Pulaski County, Virginia",51155,Median gross rent,815,59,399.6435,815
B25064_001,2023,"Rappahannock County, Virginia",51157,Median gross rent,1384,241,399.6435,1384
B25064_001,2023,"Richmond County, Virginia",51159,Median gross rent,1011,78,399.6435,1011
B25064_001,2023,"Roanoke County, Virginia",51161,Median gross rent,1148,42,399.6435,1148
B25064_001,2023,"Rockbridge County, Virginia",51163,Median gross rent,956,85,399.6435,956
B25064_001,2023,"Rockingham County, Virginia",51165,Median gross rent,1125,52,399.6435,1125
B25064_001,2023,"Russell County, Virginia",51167,Median gross rent,682,55,399.6435,682
B25064_001,2023,"Scott County, Virginia",51169,Median gross rent,665,38,399.6435,665
B25064_001,2023,"Shenandoah County, Virginia",51171,Median gross rent,968,28,399.6435,968
B25064_001,2023,"Smyth County, Virginia",51173,Median gross rent,692,39,399.6435,692
B25064_001,2023,"Southampton County, Virginia",51175,Median gross rent,930,49,399.6435,930
B25064_001,2023,"Spotsylvania County, Virginia",51177,Median gross rent,1733,38,399.6435,1733
B25064_001,2023,"Stafford County, Virginia",51179,Median gross rent,1925,63,399.6435,1925
B25064_001,2023,"Surry County, Virginia",51181,Median gross rent,858,257,399.6435,858
B25064_001,2023,"Sussex County, Virginia",51183,Median gross rent,952,100,399.6435,952
B25064_001,2023,"Tazewell County, Virginia",51185,Median gross rent,738,45,399.6435,738
B25064_001,2023,"Warren County, Virginia",51187,Median gross rent,1199,75,399.6435,1199
B25064_001,2023,"Washington County, Virginia",51191,Median gross rent,832,37,399.6435,832
B25064_001,2023,"Westmoreland County, Virginia",51193,Median gross rent,991,142,399.6435,991
B25064_001,2023,"Wise County, Virginia",51195,Median gross rent,770,37,399.6435,770
B25064_001,2023,"Wythe County, Virginia",51197,Median gross rent,718,42,399.6435,718
B25064_001,2023,"York County, Virginia",51199,Median gross rent,1777,40,399.6435,1777
B25064_001,2023,"Alexandria city, Virginia",51510,Median gross rent,2031,33,399.6435,2031
B25064_001,2023,"Bristol city, Virginia",51520,Median gross rent,775,87,399.6435,775
B25064_001,2023,"Buena Vista city, Virginia",51530,Median gross rent,1067,100,399.6435,1067
B25064_001,2023,"Charlottesville city, Virginia",51540,Median gross rent,1453,62,399.6435,1453
B25064_001,2023,"Chesapeake city, Virginia",51550,Median gross rent,1523,52,399.6435,1523
B25064_001,2023,"Colonial Heights city, Virginia",51570,Median gross rent,1162,54,399.6435,1162
B25064_001,2023,"Covington city, Virginia",51580,Median gross rent,822,220,399.6435,822
B25064_001,2023,"Danville city, Virginia",51590,Median gross rent,808,33,399.6435,808
B25064_001,2023,"Emporia city, Virginia",51595,Median gross rent,1060,74,399.6435,1060
B25064_001,2023,"Fairfax city, Virginia",51600,Median gross rent,2122,100,399.6435,2122
B25064_001,2023,"Falls Church city, Virginia",51610,Median gross rent,2205,113,399.6435,2205
B25064_001,2023,"Franklin city, Virginia",51620,Median gross rent,995,105,399.6435,995
B25064_001,2023,"Fredericksburg city, Virginia",51630,Median gross rent,1521,83,399.6435,1521
B25064_001,2023,"Galax city, Virginia",51640,Median gross rent,692,63,399.6435,692
B25064_001,2023,"Hampton city, Virginia",51650,Median gross rent,1346,24,399.6435,1346
B25064_001,2023,"Harrisonburg city, Virginia",51660,Median gross rent,1120,54,399.6435,1120
B25064_001,2023,"Hopewell city, Virginia",51670,Median gross rent,1085,45,399.6435,1085
B25064_001,2023,"Lexington city, Virginia",51678,Median gross rent,985,181,399.6435,985
B25064_001,2023,"Lynchburg city, Virginia",51680,Median gross rent,1043,32,399.6435,1043
B25064_001,2023,"Manassas city, Virginia",51683,Median gross rent,1835,62,399.6435,1835
B25064_001,2023,"Manassas Park city, Virginia",51685,Median gross rent,2175,71,399.6435,2175
B25064_001,2023,"Martinsville city, Virginia",51690,Median gross rent,784,32,399.6435,784
B25064_001,2023,"Newport News city, Virginia",51700,Median gross rent,1285,23,399.6435,1285
B25064_001,2023,"Norfolk city, Virginia",51710,Median gross rent,1246,20,399.6435,1246
B25064_001,2023,"Norton city, Virginia",51720,Median gross rent,670,75,399.6435,670
B25064_001,2023,"Petersburg city, Virginia",51730,Median gross rent,1132,38,399.6435,1132
B25064_001,2023,"Poquoson city, Virginia",51735,Median gross rent,1634,149,399.6435,1634
B25064_001,2023,"Portsmouth city, Virginia",51740,Median gross rent,1266,36,399.6435,1266
B25064_001,2023,"Radford city, Virginia",51750,Median gross rent,966,91,399.6435,966
B25064_001,2023,"Richmond city, Virginia",51760,Median gross rent,1314,22,399.6435,1314
B25064_001,2023,"Roanoke city, Virginia",51770,Median gross rent,964,27,399.6435,964
B25064_001,2023,"Salem city, Virginia",51775,Median gross rent,1046,69,399.6435,1046
B25064_001,2023,"Staunton city, Virginia",51790,Median gross rent,993,62,399.6435,993
B25064_001,2023,"Suffolk city, Virginia",51800,Median gross rent,1484,76,399.6435,1484
B25064_001,2023,"Virginia Beach city, Virginia",51810,Median gross rent,1649,20,399.6435,1649
B25064_001,2023,"Waynesboro city, Virginia",51820,Median gross rent,972,41,399.6435,972
B25064_001,2023,"Williamsburg city, Virginia",51830,Median gross rent,1361,84,399.6435,1361
B25064_001,2023,"Winchester city, Virginia",51840,Median gross rent,1298,80,399.6435,1298
