GEOID,tenure,bedrooms,estimate,moe,cv,reliability
51001,Owner,1 bedroom,336,139,25.14835721522652,Medium
51001,Owner,2 bedrooms,2352,345,8.916940636436944,High
51001,Owner,3 bedrooms,5341,450,5.121816719772318,High
51001,Owner,4 bedrooms,1829,315,10.469620650745089,High
51001,Owner,5 or more bedrooms,205,75,22.24034398398695,Medium
51001,Owner,No bedroom,18,20,67.54474839581222,Low
51001,Renter,1 bedroom,477,154,19.626209911236007,Medium
51001,Renter,2 bedrooms,1596,365,13.902537498762102,High
51001,Renter,3 bedrooms,1738,344,12.032136998471499,High
51001,Renter,4 bedrooms,288,126,26.595744680851062,Medium
51001,Renter,5 or more bedrooms,33,33,60.790273556231,Low
51001,Renter,No bedroom,89,67,45.76346436255592,Low
51003,Owner,1 bedroom,367,140,23.189750130442345,Medium
51003,Owner,2 bedrooms,2957,374,7.688725840389041,High
51003,Owner,3 bedrooms,12603,856,4.1288958314793085,High
51003,Owner,4 bedrooms,9667,710,4.464786823722355,High
51003,Owner,5 or more bedrooms,4019,474,7.169591855101641,High
51003,Owner,No bedroom,107,78,44.31440502229923,Low
51003,Renter,1 bedroom,3200,454,8.624620060790274,High
51003,Renter,2 bedrooms,6418,633,5.99567515754039,High
51003,Renter,3 bedrooms,3821,530,8.432045272128352,High
51003,Renter,4 bedrooms,1123,229,12.39623565839439,High
51003,Renter,5 or more bedrooms,183,113,37.537163452754655,Low
51003,Renter,No bedroom,599,177,17.963069147667593,Medium
51005,Owner,1 bedroom,83,48,35.15582085179624,Low
51005,Owner,2 bedrooms,1160,261,13.677811550151976,High
51005,Owner,3 bedrooms,2828,277,5.954351405613857,High
51005,Owner,4 bedrooms,884,170,11.690437222352116,High
51005,Owner,5 or more bedrooms,114,59,31.4616328054178,Low
51005,Owner,No bedroom,1,4,243.161094224924,Low
51005,Renter,1 bedroom,248,67,16.42317874301402,Medium
51005,Renter,2 bedrooms,438,176,24.427141885608805,Medium
51005,Renter,3 bedrooms,459,138,18.27681427180801,Medium
51005,Renter,4 bedrooms,63,40,38.59699908332127,Low
51005,Renter,5 or more bedrooms,14,12,52.10594876248372,Low
51005,Renter,No bedroom,0,21,Inf,Low
51007,Owner,1 bedroom,106,103,59.06979411596032,Low
51007,Owner,2 bedrooms,497,192,23.4843712732321,Medium
51007,Owner,3 bedrooms,2678,361,8.194655994697309,High
51007,Owner,4 bedrooms,761,234,18.692410002835818,Medium
51007,Owner,5 or more bedrooms,247,144,35.44048336881483,Low
51007,Owner,No bedroom,0,21,Inf,Low
51007,Renter,1 bedroom,0,21,Inf,Low
51007,Renter,2 bedrooms,114,90,47.99232122860342,Low
51007,Renter,3 bedrooms,546,246,27.38902434951067,Medium
51007,Renter,4 bedrooms,265,170,38.99753397946895,Low
51007,Renter,5 or more bedrooms,0,21,Inf,Low
51007,Renter,No bedroom,71,89,76.20189220428956,Low
51009,Owner,1 bedroom,167,71,25.844966601750908,Medium
51009,Owner,2 bedrooms,1404,248,10.737883078308611,High
51009,Owner,3 bedrooms,6204,344,3.3707050456710936,High
51009,Owner,4 bedrooms,1734,243,8.519052176565243,High
51009,Owner,5 or more bedrooms,398,137,20.925295168853385,Medium
51009,Owner,No bedroom,52,46,53.77601122281973,Low
51009,Renter,1 bedroom,370,166,27.273474081984716,Medium
51009,Renter,2 bedrooms,1083,238,13.359266026207736,High
51009,Renter,3 bedrooms,890,203,13.865646665072914,High
51009,Renter,4 bedrooms,206,102,30.100038362793992,Low
51009,Renter,5 or more bedrooms,135,99,44.57953394123607,Low
51009,Renter,No bedroom,59,83,85.51852042656225,Low
51011,Owner,1 bedroom,107,64,36.360537454194244,Low
51011,Owner,2 bedrooms,716,177,15.027763155660455,Medium
51011,Owner,3 bedrooms,3175,304,5.820549027116291,High
51011,Owner,4 bedrooms,848,212,15.19756838905775,Medium
51011,Owner,5 or more bedrooms,235,96,24.8334734527582,Medium
51011,Owner,No bedroom,11,18,99.47499309201436,Low
51011,Renter,1 bedroom,146,110,45.80089103551651,Low
51011,Renter,2 bedrooms,504,162,19.539730785931393,Medium
51011,Renter,3 bedrooms,614,189,18.712315475777945,Medium
51011,Renter,4 bedrooms,156,90,35.07131166705635,Low
51011,Renter,5 or more bedrooms,40,35,53.191489361702125,Low
51011,Renter,No bedroom,11,13,71.84305056645482,Low
51013,Owner,1 bedroom,5262,543,6.273112607570018,High
51013,Owner,2 bedrooms,11233,692,3.7449362860243793,High
51013,Owner,3 bedrooms,13660,763,3.3955328494439425,High
51013,Owner,4 bedrooms,9915,633,3.881012925980255,High
51013,Owner,5 or more bedrooms,5932,432,4.4270731922272075,High
51013,Owner,No bedroom,668,207,18.83770453014943,Medium
51013,Renter,1 bedroom,28845,1248,2.6301356005608003,High
51013,Renter,2 bedrooms,21775,1182,3.2998440111809435,High
51013,Renter,3 bedrooms,4696,491,6.356052878217509,High
51013,Renter,4 bedrooms,1660,269,9.850953967847072,High
51013,Renter,5 or more bedrooms,416,136,19.8737432779986,Medium
51013,Renter,No bedroom,7468,730,5.942273660424295,High
51015,Owner,1 bedroom,228,104,27.728896709859757,Medium
51015,Owner,2 bedrooms,3282,412,7.631198264828511,High
51015,Owner,3 bedrooms,15020,832,3.367344047855139,High
51015,Owner,4 bedrooms,4677,512,6.654825755995354,High
51015,Owner,5 or more bedrooms,977,282,17.546424915923378,Medium
51015,Owner,No bedroom,8,15,113.98176291793314,Low
51015,Renter,1 bedroom,779,287,22.39641657334826,Medium
51015,Renter,2 bedrooms,2816,417,9.001968775904947,High
51015,Renter,3 bedrooms,2158,441,12.422850156764538,High
51015,Renter,4 bedrooms,300,125,25.32928064842958,Medium
51015,Renter,5 or more bedrooms,73,63,52.462838822500736,Low
51015,Renter,No bedroom,326,211,39.345851902959325,Low
51017,Owner,1 bedroom,52,45,52.606967500584524,Low
51017,Owner,2 bedrooms,214,82,23.293469306593188,Medium
51017,Owner,3 bedrooms,910,187,12.492067203313404,High
51017,Owner,4 bedrooms,136,54,24.137314500268193,Medium
51017,Owner,5 or more bedrooms,31,22,43.14148445926072,Low
51017,Owner,No bedroom,0,13,Inf,Low
51017,Renter,1 bedroom,48,36,45.59270516717325,Low
51017,Renter,2 bedrooms,119,75,38.31319761947332,Low
51017,Renter,3 bedrooms,228,97,25.86252866208073,Medium
51017,Renter,4 bedrooms,28,32,69.4745983499783,Low
51017,Renter,5 or more bedrooms,11,16,88.42221608179055,Low
51017,Renter,No bedroom,4,8,121.580547112462,Low
51019,Owner,1 bedroom,285,135,28.79539273716205,Medium
51019,Owner,2 bedrooms,3824,431,6.851623405527082,High
51019,Owner,3 bedrooms,15419,686,2.7045935313298184,High
51019,Owner,4 bedrooms,6385,491,4.674710151309228,High
51019,Owner,5 or more bedrooms,1544,227,8.937430114808574,High
51019,Owner,No bedroom,79,47,36.166365280289334,Low
51019,Renter,1 bedroom,790,211,16.23638951944904,Medium
51019,Renter,2 bedrooms,2043,313,9.313438875722126,High
51019,Renter,3 bedrooms,1893,310,9.955089700175177,High
51019,Renter,4 bedrooms,249,112,27.343416218063744,Medium
51019,Renter,5 or more bedrooms,87,54,37.731893931453726,Low
51019,Renter,No bedroom,100,64,38.90577507598784,Low
51021,Owner,1 bedroom,32,29,55.09118541033434,Low
51021,Owner,2 bedrooms,280,92,19.973947025618756,Medium
51021,Owner,3 bedrooms,1244,194,9.48015520089133,High
51021,Owner,4 bedrooms,330,104,19.158146817721285,Medium
51021,Owner,5 or more bedrooms,10,15,91.1854103343465,Low
51021,Owner,No bedroom,0,19,Inf,Low
51021,Renter,1 bedroom,14,17,73.81676074685194,Low
51021,Renter,2 bedrooms,101,55,33.10361431279906,Low
51021,Renter,3 bedrooms,279,120,26.146354217733762,Medium
51021,Renter,4 bedrooms,30,36,72.94832826747721,Low
51021,Renter,5 or more bedrooms,25,32,77.81155015197568,Low
51021,Renter,No bedroom,0,19,Inf,Low
51023,Owner,1 bedroom,110,61,33.71096988118264,Low
51023,Owner,2 bedrooms,1160,251,13.153757467770674,High
51023,Owner,3 bedrooms,6216,398,3.8922987251254724,High
51023,Owner,4 bedrooms,3203,353,6.699646133421649,High
51023,Owner,5 or more bedrooms,531,130,14.882741171958628,High
51023,Owner,No bedroom,25,43,104.55927051671732,Low
51023,Renter,1 bedroom,226,83,22.3256314387928,Medium
51023,Renter,2 bedrooms,993,268,16.406639791611184,Medium
51023,Renter,3 bedrooms,558,132,14.38049481975357,High
51023,Renter,4 bedrooms,52,46,53.77601122281973,Low
51023,Renter,5 or more bedrooms,23,30,79.29166116030132,Low
51023,Renter,No bedroom,8,8,60.790273556231,Low
51025,Owner,1 bedroom,66,48,44.211108040895276,Low
51025,Owner,2 bedrooms,505,145,17.454633001294052,Medium
51025,Owner,3 bedrooms,2996,269,5.458138713827149,High
51025,Owner,4 bedrooms,869,192,13.431222695968184,High
51025,Owner,5 or more bedrooms,187,87,28.282105879102126,Medium
51025,Owner,No bedroom,12,19,96.25126646403243,Low
51025,Renter,1 bedroom,143,62,26.35662210130295,Medium
51025,Renter,2 bedrooms,523,167,19.41104337263973,Medium
51025,Renter,3 bedrooms,863,250,17.61016035812022,Medium
51025,Renter,4 bedrooms,130,68,31.79798924479776,Low
51025,Renter,5 or more bedrooms,75,68,55.116514690982775,Low
51025,Renter,No bedroom,21,37,107.10667245621654,Low
51027,Owner,1 bedroom,62,71,69.61466810471615,Low
51027,Owner,2 bedrooms,1590,248,9.481753359714018,High
51027,Owner,3 bedrooms,3441,394,6.960583487693989,High
51027,Owner,4 bedrooms,846,196,14.083798601679995,High
51027,Owner,5 or more bedrooms,90,55,37.14961161769672,Low
51027,Owner,No bedroom,9,17,114.8260722728808,Low
51027,Renter,1 bedroom,51,33,39.33488288932594,Low
51027,Renter,2 bedrooms,623,191,18.63714646748013,Medium
51027,Renter,3 bedrooms,437,133,18.501387604070306,Medium
51027,Renter,4 bedrooms,126,105,50.658561296859176,Low
51027,Renter,5 or more bedrooms,50,72,87.53799392097264,Low
51027,Renter,No bedroom,26,34,79.4949731119944,Low
51029,Owner,1 bedroom,141,82,35.35320873482938,Low
51029,Owner,2 bedrooms,833,178,12.989998430983334,High
51029,Owner,3 bedrooms,2685,234,5.297923281995551,High
51029,Owner,4 bedrooms,887,188,12.88452246738605,High
51029,Owner,5 or more bedrooms,87,56,39.12937148447053,Low
51029,Owner,No bedroom,0,21,Inf,Low
51029,Renter,1 bedroom,69,54,47.57499669618079,Low
51029,Renter,2 bedrooms,466,141,18.39362354383813,Medium
51029,Renter,3 bedrooms,751,167,13.517943653649239,High
51029,Renter,4 bedrooms,56,39,42.33608336951802,Low
51029,Renter,5 or more bedrooms,15,18,72.94832826747721,Low
51029,Renter,No bedroom,72,78,65.85612968591693,Low
51031,Owner,1 bedroom,222,103,28.20449628960267,Medium
51031,Owner,2 bedrooms,2609,364,8.481280020876996,High
51031,Owner,3 bedrooms,9864,569,3.506657101935872,High
51031,Owner,4 bedrooms,3270,442,8.216911593839175,High
51031,Owner,5 or more bedrooms,658,189,17.46103602147061,Medium
51031,Owner,No bedroom,54,63,70.92198581560284,Low
51031,Renter,1 bedroom,573,207,21.960884164292878,Medium
51031,Renter,2 bedrooms,2724,451,10.064762618891404,High
51031,Renter,3 bedrooms,1522,361,14.418717972272924,High
51031,Renter,4 bedrooms,385,181,28.57932341215016,Medium
51031,Renter,5 or more bedrooms,84,68,49.211173831234625,Low
51031,Renter,No bedroom,115,84,44.40333024976873,Low
51033,Owner,1 bedroom,92,55,36.34201136513809,Low
51033,Owner,2 bedrooms,945,275,17.69029124652225,Medium
51033,Owner,3 bedrooms,5709,552,5.877777369598793,High
51033,Owner,4 bedrooms,2381,402,10.263624514743748,High
51033,Owner,5 or more bedrooms,404,141,21.216407355021218,Medium
51033,Owner,No bedroom,17,20,71.51796888968353,Low
51033,Renter,1 bedroom,158,74,28.47139394405756,Medium
51033,Renter,2 bedrooms,901,264,17.812022440449482,Medium
51033,Renter,3 bedrooms,842,224,16.172234295244355,Medium
51033,Renter,4 bedrooms,101,89,53.56766679707484,Low
51033,Renter,5 or more bedrooms,64,80,75.98784194528875,Low
51033,Renter,No bedroom,66,48,44.211108040895276,Low
51035,Owner,1 bedroom,171,99,35.19436890097584,Low
51035,Owner,2 bedrooms,2379,353,9.020162490689174,High
51035,Owner,3 bedrooms,5749,445,4.7054569025087485,High
51035,Owner,4 bedrooms,1247,236,11.504815203905787,High
51035,Owner,5 or more bedrooms,155,90,35.29757819394058,Low
51035,Owner,No bedroom,23,26,68.71943967226113,Low
51035,Renter,1 bedroom,247,116,28.549278269323057,Medium
51035,Renter,2 bedrooms,1117,273,14.857425855730586,High
51035,Renter,3 bedrooms,1282,290,13.751309930816685,High
51035,Renter,4 bedrooms,45,40,54.03579871664977,Low
51035,Renter,5 or more bedrooms,0,25,Inf,Low
51035,Renter,No bedroom,78,59,45.98238640791833,Low
51036,Owner,1 bedroom,66,34,31.316201528967486,Low
51036,Owner,2 bedrooms,328,74,13.714878790125287,High
51036,Owner,3 bedrooms,1686,114,4.11037436857078,High
51036,Owner,4 bedrooms,409,88,13.07956986050936,High
51036,Owner,5 or more bedrooms,37,17,27.93066622853857,Medium
51036,Owner,No bedroom,1,3,182.370820668693,Low
51036,Renter,1 bedroom,52,30,35.07131166705635,Low
51036,Renter,2 bedrooms,145,50,20.96216329525207,Medium
51036,Renter,3 bedrooms,167,43,15.652585406694207,Medium
51036,Renter,4 bedrooms,34,19,33.971035222599674,Low
51036,Renter,5 or more bedrooms,17,16,57.21437511174683,Low
51036,Renter,No bedroom,5,9,109.4224924012158,Low
51037,Owner,1 bedroom,34,29,51.85052744502055,Low
51037,Owner,2 bedrooms,609,161,16.070991859693255,Medium
51037,Owner,3 bedrooms,1672,256,9.307601692820057,High
51037,Owner,4 bedrooms,743,159,13.008954906380524,High
51037,Owner,5 or more bedrooms,214,91,25.850069596341225,Medium
51037,Owner,No bedroom,15,23,93.21175278622087,Low
51037,Renter,1 bedroom,127,58,27.76248713591652,Medium
51037,Renter,2 bedrooms,536,147,16.671959352175293,Medium
51037,Renter,3 bedrooms,548,152,16.861535730925386,Medium
51037,Renter,4 bedrooms,105,51,29.526704298740775,Medium
51037,Renter,5 or more bedrooms,0,21,Inf,Low
51037,Renter,No bedroom,18,29,97.93988517392772,Low
51041,Owner,1 bedroom,521,258,30.1034368090357,Low
51041,Owner,2 bedrooms,5769,661,6.965222884497954,High
51041,Owner,3 bedrooms,43652,1421,1.9789008229497904,High
51041,Owner,4 bedrooms,40148,1473,2.230349530445558,High
51041,Owner,5 or more bedrooms,15713,929,3.594104507970381,High
51041,Owner,No bedroom,100,112,68.08510638297872,Low
51041,Renter,1 bedroom,5510,681,7.513280633719294,High
51041,Renter,2 bedrooms,11438,903,4.799232122860342,High
51041,Renter,3 bedrooms,9614,861,5.444188218422601,High
51041,Renter,4 bedrooms,3202,533,10.119055529503786,High
51041,Renter,5 or more bedrooms,779,259,20.2114003222899,Medium
51041,Renter,No bedroom,550,213,23.54241503177673,Medium
51043,Owner,1 bedroom,35,29,50.36908380373426,Low
51043,Owner,2 bedrooms,518,132,15.49095774019786,Medium
51043,Owner,3 bedrooms,1992,229,6.988440082518524,High
51043,Owner,4 bedrooms,1452,235,9.838646202282566,High
51043,Owner,5 or more bedrooms,639,220,20.929358657857307,Medium
51043,Owner,No bedroom,2,3,91.1854103343465,Low
51043,Renter,1 bedroom,77,49,38.684719535783366,Low
51043,Renter,2 bedrooms,510,142,16.92591930389177,Medium
51043,Renter,3 bedrooms,311,132,25.801659515827946,Medium
51043,Renter,4 bedrooms,58,45,47.16486741431716,Low
51043,Renter,5 or more bedrooms,22,22,60.790273556231,Low
51043,Renter,No bedroom,35,52,90.31697785497178,Low
51045,Owner,1 bedroom,38,32,51.191809310510315,Low
51045,Owner,2 bedrooms,216,111,31.239446133063154,Low
51045,Owner,3 bedrooms,849,194,13.890828115322511,High
51045,Owner,4 bedrooms,166,90,32.958582048558974,Low
51045,Owner,5 or more bedrooms,186,85,27.780501356342125,Medium
51045,Owner,No bedroom,0,13,Inf,Low
51045,Renter,1 bedroom,2,4,121.580547112462,Low
51045,Renter,2 bedrooms,232,139,36.421758725500474,Low
51045,Renter,3 bedrooms,63,61,58.86042360206494,Low
51045,Renter,4 bedrooms,0,13,Inf,Low
51045,Renter,5 or more bedrooms,0,13,Inf,Low
51045,Renter,No bedroom,0,13,Inf,Low
51047,Owner,1 bedroom,102,89,53.04249359318195,Low
51047,Owner,2 bedrooms,1040,257,15.022211830722467,Medium
51047,Owner,3 bedrooms,6862,459,4.066268662534251,High
51047,Owner,4 bedrooms,4685,426,5.52756809710873,High
51047,Owner,5 or more bedrooms,1081,245,13.777629066860865,High
51047,Owner,No bedroom,78,50,38.968124074507045,Low
51047,Renter,1 bedroom,570,168,17.91713325867861,Medium
51047,Renter,2 bedrooms,1788,346,11.763665911888104,High
51047,Renter,3 bedrooms,1974,343,10.562848951259998,High
51047,Renter,4 bedrooms,291,116,24.232548909013044,Medium
51047,Renter,5 or more bedrooms,35,58,100.73816760746853,Low
51047,Renter,No bedroom,78,66,51.4379237783493,Low
51049,Owner,1 bedroom,18,21,70.92198581560284,Low
51049,Owner,2 bedrooms,414,170,24.962189624539302,Medium
51049,Owner,3 bedrooms,1956,209,6.4954842399040285,High
51049,Owner,4 bedrooms,630,192,18.52655955999421,Medium
51049,Owner,5 or more bedrooms,132,76,35.00046053237543,Low
51049,Owner,No bedroom,0,19,Inf,Low
51049,Renter,1 bedroom,28,26,56.44811115935736,Low
51049,Renter,2 bedrooms,238,127,32.43850731782075,Low
51049,Renter,3 bedrooms,708,212,18.202737279549396,Medium
51049,Renter,4 bedrooms,31,39,76.47808608687126,Low
51049,Renter,5 or more bedrooms,20,24,72.94832826747721,Low
51049,Renter,No bedroom,0,19,Inf,Low
51051,Owner,1 bedroom,88,53,36.612323846366394,Low
51051,Owner,2 bedrooms,974,212,13.231558515319271,High
51051,Owner,3 bedrooms,2313,283,7.437806924519401,High
51051,Owner,4 bedrooms,756,175,14.07182258246088,High
51051,Owner,5 or more bedrooms,131,86,39.908118517831035,Low
51051,Owner,No bedroom,3,5,101.31712259371832,Low
51051,Renter,1 bedroom,101,53,31.899846519606367,Low
51051,Renter,2 bedrooms,652,170,15.850224700244281,Medium
51051,Renter,3 bedrooms,608,169,16.897296432570787,Medium
51051,Renter,4 bedrooms,64,47,44.64285714285714,Low
51051,Renter,5 or more bedrooms,12,19,96.25126646403243,Low
51051,Renter,No bedroom,15,21,85.1063829787234,Low
51053,Owner,1 bedroom,33,32,58.94814405452703,Low
51053,Owner,2 bedrooms,768,186,14.722644376899696,High
51053,Owner,3 bedrooms,5285,495,5.693696387953518,High
51053,Owner,4 bedrooms,1871,285,9.259875982643418,High
51053,Owner,5 or more bedrooms,126,69,33.289911709364596,Low
51053,Owner,No bedroom,76,74,59.190529515277554,Low
51053,Renter,1 bedroom,178,91,31.07817355964619,Low
51053,Renter,2 bedrooms,973,264,16.49396939244089,Medium
51053,Renter,3 bedrooms,897,257,17.41705719504054,Medium
51053,Renter,4 bedrooms,202,116,34.9092660025881,Low
51053,Renter,5 or more bedrooms,18,29,97.93988517392772,Low
51053,Renter,No bedroom,0,25,Inf,Low
51057,Owner,1 bedroom,148,130,53.3968619075002,Low
51057,Owner,2 bedrooms,527,160,18.45625003604736,Medium
51057,Owner,3 bedrooms,1540,224,8.842221608179054,High
51057,Owner,4 bedrooms,696,150,13.101352059532543,High
51057,Owner,5 or more bedrooms,109,57,31.789409107386856,Low
51057,Owner,No bedroom,11,16,88.42221608179055,Low
51057,Renter,1 bedroom,212,117,33.549349085278436,Low
51057,Renter,2 bedrooms,554,172,18.873514533703485,Medium
51057,Renter,3 bedrooms,499,144,17.542684152499525,Medium
51057,Renter,4 bedrooms,66,49,45.13217279174726,Low
51057,Renter,5 or more bedrooms,0,21,Inf,Low
51057,Renter,No bedroom,34,35,62.57822277847309,Low
51059,Owner,1 bedroom,7277,615,5.137559191573734,High
51059,Owner,2 bedrooms,31868,1323,2.523708168535635,High
51059,Owner,3 bedrooms,87739,1914,1.326121605974836,High
51059,Owner,4 bedrooms,99650,1786,1.0895276324277832,High
51059,Owner,5 or more bedrooms,54350,1435,1.6050421812914717,High
51059,Owner,No bedroom,1155,214,11.263306096132842,High
51059,Renter,1 bedroom,35596,1514,2.5855847332322095,High
51059,Renter,2 bedrooms,48007,1557,1.9715969739215462,High
51059,Renter,3 bedrooms,26542,1502,3.440094600311166,High
51059,Renter,4 bedrooms,9803,796,4.936147888479025,High
51059,Renter,5 or more bedrooms,3059,407,8.088146890286374,High
51059,Renter,No bedroom,7617,752,6.001612933475871,High
51061,Owner,1 bedroom,103,54,31.870628854723055,Low
51061,Owner,2 bedrooms,1536,311,12.30844731509625,High
51061,Owner,3 bedrooms,7799,527,4.10776691423692,High
51061,Owner,4 bedrooms,8325,490,3.57804613123762,High
51061,Owner,5 or more bedrooms,2715,351,7.859074039866328,High
51061,Owner,No bedroom,44,43,59.40867642995302,Low
51061,Renter,1 bedroom,769,214,16.91692918209809,Medium
51061,Renter,2 bedrooms,1718,351,12.419898730056508,High
51061,Renter,3 bedrooms,2239,382,10.37154287560529,High
51061,Renter,4 bedrooms,673,150,13.549095146262482,High
51061,Renter,5 or more bedrooms,144,92,38.83823032759203,Low
51061,Renter,No bedroom,201,120,36.29270063058568,Low
51063,Owner,1 bedroom,200,95,28.87537993920973,Medium
51063,Owner,2 bedrooms,1206,270,13.609762736469627,High
51063,Owner,3 bedrooms,3153,327,6.304604964442606,High
51063,Owner,4 bedrooms,937,234,15.181348999101447,Medium
51063,Owner,5 or more bedrooms,86,47,33.22259136212624,Low
51063,Owner,No bedroom,0,21,Inf,Low
51063,Renter,1 bedroom,102,54,32.18308600035759,Low
51063,Renter,2 bedrooms,378,173,27.822003505894084,Medium
51063,Renter,3 bedrooms,427,156,22.209092915156994,Medium
51063,Renter,4 bedrooms,60,46,46.605876393110435,Low
51063,Renter,5 or more bedrooms,30,32,64.84295845997974,Low
51063,Renter,No bedroom,70,91,79.0273556231003,Low
51065,Owner,1 bedroom,145,105,44.02054292002935,Low
51065,Owner,2 bedrooms,652,201,18.74055979264177,Medium
51065,Owner,3 bedrooms,5077,453,5.42406813491681,High
51065,Owner,4 bedrooms,2478,440,10.794076014827134,High
51065,Owner,5 or more bedrooms,674,203,18.309236694235747,Medium
51065,Owner,No bedroom,37,46,75.5770968536926,Low
51065,Renter,1 bedroom,26,31,72.48071077858313,Low
51065,Renter,2 bedrooms,557,211,23.028272388446574,Medium
51065,Renter,3 bedrooms,507,183,21.942051401953204,Medium
51065,Renter,4 bedrooms,98,85,52.72625767632281,Low
51065,Renter,5 or more bedrooms,0,25,Inf,Low
51065,Renter,No bedroom,0,25,Inf,Low
51067,Owner,1 bedroom,136,79,35.311997139281246,Low
51067,Owner,2 bedrooms,3505,468,8.116932389248534,High
51067,Owner,3 bedrooms,9183,563,3.7269872603896395,High
51067,Owner,4 bedrooms,4094,549,8.151895501311875,High
51067,Owner,5 or more bedrooms,983,224,13.852514014848163,High
51067,Owner,No bedroom,21,35,101.31712259371835,Low
51067,Renter,1 bedroom,327,147,27.327737653718522,Medium
51067,Renter,2 bedrooms,2069,383,11.25310525473005,High
51067,Renter,3 bedrooms,1789,459,15.596833740810522,Medium
51067,Renter,4 bedrooms,277,111,24.36000131675683,Medium
51067,Renter,5 or more bedrooms,14,18,78.15892314372557,Low
51067,Renter,No bedroom,86,75,53.01477345020146,Low
51069,Owner,1 bedroom,182,86,28.72507431777948,Medium
51069,Owner,2 bedrooms,3598,499,8.430891190816919,High
51069,Owner,3 bedrooms,12841,637,3.015606592579951,High
51069,Owner,4 bedrooms,7979,740,5.637899790902487,High
51069,Owner,5 or more bedrooms,2160,327,9.202971968929416,High
51069,Owner,No bedroom,31,41,80.40003921953132,Low
51069,Renter,1 bedroom,1000,310,18.84498480243161,Medium
51069,Renter,2 bedrooms,2710,360,8.075460693816664,High
51069,Renter,3 bedrooms,2965,463,9.492713880787507,High
51069,Renter,4 bedrooms,626,206,20.004467016906688,Medium
51069,Renter,5 or more bedrooms,107,88,49.99573899951709,Low
51069,Renter,No bedroom,139,140,61.22761365375784,Low
51071,Owner,1 bedroom,21,19,55.00072369373281,Low
51071,Owner,2 bedrooms,1117,202,10.993406677133986,High
51071,Owner,3 bedrooms,3039,332,6.641122349677095,High
51071,Owner,4 bedrooms,861,175,12.35574665777053,High
51071,Owner,5 or more bedrooms,295,126,25.964659213847817,Medium
51071,Owner,No bedroom,6,9,91.1854103343465,Low
51071,Renter,1 bedroom,201,111,33.570748083291754,Low
51071,Renter,2 bedrooms,674,197,17.7680769889874,Medium
51071,Renter,3 bedrooms,444,143,19.57884936608341,Medium
51071,Renter,4 bedrooms,90,61,41.202296521445454,Low
51071,Renter,5 or more bedrooms,4,5,75.98784194528875,Low
51071,Renter,No bedroom,17,16,57.21437511174683,Low
51073,Owner,1 bedroom,114,83,44.25958513304538,Low
51073,Owner,2 bedrooms,1623,280,10.4875394921409,High
51073,Owner,3 bedrooms,6989,475,4.131546707570429,High
51073,Owner,4 bedrooms,2930,432,8.96293453115761,High
51073,Owner,5 or more bedrooms,394,165,25.457855677101815,Medium
51073,Owner,No bedroom,14,24,104.21189752496744,Low
51073,Renter,1 bedroom,295,179,36.886301581577456,Low
51073,Renter,2 bedrooms,1195,290,14.75245132326945,High
51073,Renter,3 bedrooms,1230,282,13.937282229965156,High
51073,Renter,4 bedrooms,216,101,28.425081616570978,Medium
51073,Renter,5 or more bedrooms,27,32,72.0477316221997,Low
51073,Renter,No bedroom,84,92,66.57982341872919,Low
51075,Owner,1 bedroom,126,96,46.31639889998553,Low
51075,Owner,2 bedrooms,377,104,16.769730636201654,Medium
51075,Owner,3 bedrooms,4296,405,5.730926627158649,High
51075,Owner,4 bedrooms,2863,313,6.64595027003154,High
51075,Owner,5 or more bedrooms,984,226,13.961993723280697,High
51075,Owner,No bedroom,0,25,Inf,Low
51075,Renter,1 bedroom,334,130,23.6608849170959,Medium
51075,Renter,2 bedrooms,446,164,22.353374132784495,Medium
51075,Renter,3 bedrooms,440,182,25.145067698259187,Medium
51075,Renter,4 bedrooms,55,55,60.790273556231,Low
51075,Renter,5 or more bedrooms,41,44,65.2383423530284,Low
51075,Renter,No bedroom,51,49,58.40634125990821,Low
51077,Owner,1 bedroom,180,89,30.057413036136438,Low
51077,Owner,2 bedrooms,1329,202,9.239755649630295,High
51077,Owner,3 bedrooms,2932,283,5.867546867808109,High
51077,Owner,4 bedrooms,547,142,15.781021654451195,Medium
51077,Owner,5 or more bedrooms,84,49,35.46099290780142,Low
51077,Owner,No bedroom,8,10,75.98784194528875,Low
51077,Renter,1 bedroom,177,96,32.97099582710834,Low
51077,Renter,2 bedrooms,359,110,18.62654621500114,Medium
51077,Renter,3 bedrooms,490,137,16.996464239191116,Medium
51077,Renter,4 bedrooms,50,38,46.20060790273556,Low
51077,Renter,5 or more bedrooms,36,45,75.98784194528876,Low
51077,Renter,No bedroom,10,13,79.0273556231003,Low
51079,Owner,1 bedroom,53,62,71.11315019785513,Low
51079,Owner,2 bedrooms,514,151,17.858621219826617,Medium
51079,Owner,3 bedrooms,3896,399,6.2256979335051765,High
51079,Owner,4 bedrooms,1434,283,11.99696472553234,High
51079,Owner,5 or more bedrooms,399,141,21.482277121374864,Medium
51079,Owner,No bedroom,0,25,Inf,Low
51079,Renter,1 bedroom,112,107,58.076422058184974,Low
51079,Renter,2 bedrooms,425,162,23.171821920257464,Medium
51079,Renter,3 bedrooms,892,200,13.630106178527129,High
51079,Renter,4 bedrooms,91,73,48.76582384181168,Low
51079,Renter,5 or more bedrooms,67,50,45.36587578823209,Low
51079,Renter,No bedroom,29,30,62.88648988575621,Low
51081,Owner,1 bedroom,19,30,95.98464245720685,Low
51081,Owner,2 bedrooms,203,80,23.95675805171665,Medium
51081,Owner,3 bedrooms,1548,174,6.833015244692632,High
51081,Owner,4 bedrooms,334,119,21.658810039495478,Medium
51081,Owner,5 or more bedrooms,28,27,58.619192357794184,Low
51081,Owner,No bedroom,0,21,Inf,Low
51081,Renter,1 bedroom,41,40,59.30758395729854,Low
51081,Renter,2 bedrooms,295,123,25.34645304208954,Medium
51081,Renter,3 bedrooms,501,138,16.744626249021714,Medium
51081,Renter,4 bedrooms,123,82,40.52684903748733,Low
51081,Renter,5 or more bedrooms,0,21,Inf,Low
51081,Renter,No bedroom,0,21,Inf,Low
51083,Owner,1 bedroom,118,97,49.971665550461076,Low
51083,Owner,2 bedrooms,1698,293,10.489723293271897,High
51083,Owner,3 bedrooms,5697,441,4.705724177338578,High
51083,Owner,4 bedrooms,1585,271,10.39379440614423,High
51083,Owner,5 or more bedrooms,537,175,19.81061056301755,Medium
51083,Owner,No bedroom,13,18,84.17114800093522,Low
51083,Renter,1 bedroom,398,153,23.36912526156619,Medium
51083,Renter,2 bedrooms,1652,274,10.082648277486255,High
51083,Renter,3 bedrooms,1637,285,10.58352349635054,High
51083,Renter,4 bedrooms,274,111,24.62671665964103,Medium
51083,Renter,5 or more bedrooms,37,29,47.646430625154025,Low
51083,Renter,No bedroom,27,23,51.78430710345604,Low
51085,Owner,1 bedroom,96,57,36.09422492401216,Low
51085,Owner,2 bedrooms,2108,344,9.920234394375457,High
51085,Owner,3 bedrooms,15987,684,2.6008974236856197,High
51085,Owner,4 bedrooms,12745,723,3.448518460663399,High
51085,Owner,5 or more bedrooms,3612,357,6.008340991022831,High
51085,Owner,No bedroom,242,203,50.99349393353262,Low
51085,Renter,1 bedroom,883,233,16.040921561270466,Medium
51085,Renter,2 bedrooms,2722,360,8.039859838443483,High
51085,Renter,3 bedrooms,2351,409,10.575594166098885,High
51085,Renter,4 bedrooms,794,268,20.518631376662352,Medium
51085,Renter,5 or more bedrooms,207,125,36.70910238902838,Low
51085,Renter,No bedroom,265,176,40.3739175316855,Low
51087,Owner,1 bedroom,671,181,16.397972449594352,Medium
51087,Owner,2 bedrooms,9766,775,4.824130862797361,High
51087,Owner,3 bedrooms,37547,1412,2.2860911993341193,High
51087,Owner,4 bedrooms,29231,1045,2.17323512251587,High
51087,Owner,5 or more bedrooms,10242,851,5.051017652446063,High
51087,Owner,No bedroom,165,74,27.263516625218752,Medium
51087,Renter,1 bedroom,9948,716,4.375335330343928,High
51087,Renter,2 bedrooms,20368,1154,3.4442250433960417,High
51087,Renter,3 bedrooms,11960,896,4.554187717924998,High
51087,Renter,4 bedrooms,3451,592,10.428235857806072,High
51087,Renter,5 or more bedrooms,650,213,19.920505026888005,Medium
51087,Renter,No bedroom,1600,272,10.33434650455927,High
51089,Owner,1 bedroom,331,150,27.548462336660574,Medium
51089,Owner,2 bedrooms,3465,416,7.298341644846204,High
51089,Owner,3 bedrooms,8500,546,3.9048811013767213,High
51089,Owner,4 bedrooms,2612,411,9.565391436298217,High
51089,Owner,5 or more bedrooms,663,173,15.862318740916988,Medium
51089,Owner,No bedroom,30,35,70.92198581560284,Low
51089,Renter,1 bedroom,562,164,17.739510432779156,Medium
51089,Renter,2 bedrooms,2194,338,9.36513785870833,High
51089,Renter,3 bedrooms,1590,269,10.284643765173671,High
51089,Renter,4 bedrooms,313,133,25.831010808238737,Medium
51089,Renter,5 or more bedrooms,57,70,74.65472191116088,Low
51089,Renter,No bedroom,186,161,52.6195378631892,Low
51091,Owner,1 bedroom,33,27,49.737496546007186,Low
51091,Owner,2 bedrooms,159,62,23.704383399285046,Medium
51091,Owner,3 bedrooms,554,102,11.192433037428813,High
51091,Owner,4 bedrooms,111,38,20.811084640871876,Medium
51091,Owner,5 or more bedrooms,22,29,80.13263332412268,Low
51091,Owner,No bedroom,5,7,85.1063829787234,Low
51091,Renter,1 bedroom,6,8,81.05369807497466,Low
51091,Renter,2 bedrooms,39,35,54.55537370430987,Low
51091,Renter,3 bedrooms,44,29,40.06631666206134,Low
51091,Renter,4 bedrooms,7,10,86.84324793747285,Low
51091,Renter,5 or more bedrooms,23,31,81.93471653231136,Low
51091,Renter,No bedroom,0,13,Inf,Low
51093,Owner,1 bedroom,69,48,42.2888859521607,Low
51093,Owner,2 bedrooms,1348,238,10.733000820758885,High
51093,Owner,3 bedrooms,6727,372,3.3616741137086272,High
51093,Owner,4 bedrooms,3292,359,6.629315980160063,High
51093,Owner,5 or more bedrooms,1109,243,13.320141094827893,High
51093,Owner,No bedroom,0,28,Inf,Low
51093,Renter,1 bedroom,487,160,19.972163796708337,Medium
51093,Renter,2 bedrooms,1198,253,12.838012695931925,High
51093,Renter,3 bedrooms,916,252,16.72396172070984,Medium
51093,Renter,4 bedrooms,89,61,41.66524367337181,Low
51093,Renter,5 or more bedrooms,191,120,38.19284202485718,Low
51093,Renter,No bedroom,0,28,Inf,Low
51095,Owner,1 bedroom,100,58,35.25835866261398,Low
51095,Owner,2 bedrooms,2456,355,8.78686771680049,High
51095,Owner,3 bedrooms,11567,618,3.247893927358067,High
51095,Owner,4 bedrooms,8001,564,4.285178638384488,High
51095,Owner,5 or more bedrooms,2545,393,9.387260317327616,High
51095,Owner,No bedroom,51,55,65.55813814887657,Low
51095,Renter,1 bedroom,1088,211,11.78929018415877,High
51095,Renter,2 bedrooms,3203,529,10.039979616374087,High
51095,Renter,3 bedrooms,1904,294,9.386733416770964,High
51095,Renter,4 bedrooms,317,123,23.5873932095155,Medium
51095,Renter,5 or more bedrooms,32,32,60.790273556231,Low
51095,Renter,No bedroom,87,69,48.21297557907976,Low
51097,Owner,1 bedroom,65,70,65.46644844517185,Low
51097,Owner,2 bedrooms,380,127,20.31674932010878,Medium
51097,Owner,3 bedrooms,1391,185,8.084975275271557,High
51097,Owner,4 bedrooms,291,106,22.143536072029164,Medium
51097,Owner,5 or more bedrooms,51,50,59.59830740806961,Low
51097,Owner,No bedroom,0,19,Inf,Low
51097,Renter,1 bedroom,10,17,103.34346504559271,Low
51097,Renter,2 bedrooms,132,75,34.539928156949436,Low
51097,Renter,3 bedrooms,435,128,17.8877126786151,Medium
51097,Renter,4 bedrooms,25,31,75.37993920972644,Low
51097,Renter,5 or more bedrooms,34,40,71.51796888968353,Low
51097,Renter,No bedroom,0,19,Inf,Low
51099,Owner,1 bedroom,24,37,93.71833839918948,Low
51099,Owner,2 bedrooms,503,149,18.007456779082347,Medium
51099,Owner,3 bedrooms,3560,361,6.164406953314436,High
51099,Owner,4 bedrooms,2476,302,7.414645643772926,High
51099,Owner,5 or more bedrooms,954,205,13.06289945390708,High
51099,Owner,No bedroom,0,25,Inf,Low
51099,Renter,1 bedroom,206,110,32.46082568536607,Low
51099,Renter,2 bedrooms,878,222,15.370661423101689,Medium
51099,Renter,3 bedrooms,960,228,14.437689969604865,High
51099,Renter,4 bedrooms,183,81,26.90717026259405,Medium
51099,Renter,5 or more bedrooms,62,44,43.14148445926072,Low
51099,Renter,No bedroom,71,53,45.378654908172436,Low
51101,Owner,1 bedroom,19,19,60.790273556231,Low
51101,Owner,2 bedrooms,469,151,19.57213498292299,Medium
51101,Owner,3 bedrooms,4242,324,4.643104345171816,High
51101,Owner,4 bedrooms,1269,230,11.01793768158639,High
51101,Owner,5 or more bedrooms,303,140,28.087915174496175,Medium
51101,Owner,No bedroom,16,15,56.99088145896657,Low
51101,Renter,1 bedroom,50,78,94.83282674772036,Low
51101,Renter,2 bedrooms,330,109,20.07921156857327,Medium
51101,Renter,3 bedrooms,271,118,26.469565607510177,Medium
51101,Renter,4 bedrooms,127,101,48.34502070219946,Low
51101,Renter,5 or more bedrooms,9,14,94.56264775413712,Low
51101,Renter,No bedroom,10,16,97.2644376899696,Low
51103,Owner,1 bedroom,70,50,43.42162396873643,Low
51103,Owner,2 bedrooms,804,192,14.517080252234269,High
51103,Owner,3 bedrooms,2709,266,5.969070788467127,High
51103,Owner,4 bedrooms,639,139,13.223549333828027,High
51103,Owner,5 or more bedrooms,130,59,27.589431844750994,Medium
51103,Owner,No bedroom,12,20,101.31712259371832,Low
51103,Renter,1 bedroom,279,116,25.274809077142635,Medium
51103,Renter,2 bedrooms,362,117,19.647685099665825,Medium
51103,Renter,3 bedrooms,331,113,20.753174960284298,Medium
51103,Renter,4 bedrooms,63,43,41.49177401457037,Low
51103,Renter,5 or more bedrooms,29,27,56.597840897180596,Low
51103,Renter,No bedroom,40,41,62.310030395136785,Low
51105,Owner,1 bedroom,105,70,40.52684903748733,Low
51105,Owner,2 bedrooms,1527,310,12.341181926936223,High
51105,Owner,3 bedrooms,3284,428,7.922727491494173,High
51105,Owner,4 bedrooms,1031,216,12.735886603439281,High
51105,Owner,5 or more bedrooms,238,100,25.542131746315544,Medium
51105,Owner,No bedroom,57,52,55.457793419719515,Low
51105,Renter,1 bedroom,286,144,30.607690182158265,Low
51105,Renter,2 bedrooms,799,190,14.455759669191352,High
51105,Renter,3 bedrooms,956,261,16.596507738678127,Medium
51105,Renter,4 bedrooms,76,65,51.991681330987035,Low
51105,Renter,5 or more bedrooms,48,55,69.65552178318136,Low
51105,Renter,No bedroom,39,55,85.72987296391551,Low
51107,Owner,1 bedroom,724,154,12.930527800634772,High
51107,Owner,2 bedrooms,8069,680,5.122987485219617,High
51107,Owner,3 bedrooms,35068,1327,2.300350547767724,High
51107,Owner,4 bedrooms,41657,1171,1.7088463003660008,High
51107,Owner,5 or more bedrooms,23905,1073,2.728632651153979,High
51107,Owner,No bedroom,300,160,32.42147922998986,Low
51107,Renter,1 bedroom,6373,587,5.599229652833454,High
51107,Renter,2 bedrooms,10328,840,4.944212798918866,High
51107,Renter,3 bedrooms,8919,708,4.825598573585778,High
51107,Renter,4 bedrooms,2983,482,9.822632200503971,High
51107,Renter,5 or more bedrooms,1225,306,15.185162210780966,Medium
51107,Renter,No bedroom,1272,310,14.815239624553152,High
51109,Owner,1 bedroom,121,66,33.15833103067145,Low
51109,Owner,2 bedrooms,1427,314,13.376416185463585,High
51109,Owner,3 bedrooms,7243,507,4.255235219247427,High
51109,Owner,4 bedrooms,2781,366,8.000445926494264,High
51109,Owner,5 or more bedrooms,763,225,17.926358519203113,Medium
51109,Owner,No bedroom,20,23,69.90881458966565,Low
51109,Renter,1 bedroom,230,78,20.615831901678337,Medium
51109,Renter,2 bedrooms,1201,288,14.57751772206039,High
51109,Renter,3 bedrooms,1184,260,13.34921547687505,High
51109,Renter,4 bedrooms,207,92,27.017899358324886,Medium
51109,Renter,5 or more bedrooms,16,15,56.99088145896657,Low
51109,Renter,No bedroom,18,15,50.658561296859176,Low
51111,Owner,1 bedroom,26,19,44.42366144493804,Low
51111,Owner,2 bedrooms,566,154,16.540109766182994,Medium
51111,Owner,3 bedrooms,1872,225,7.306523263970072,High
51111,Owner,4 bedrooms,727,165,13.796967175760818,High
51111,Owner,5 or more bedrooms,167,90,32.76122526982509,Low
51111,Owner,No bedroom,0,21,Inf,Low
51111,Renter,1 bedroom,67,44,39.92197069364424,Low
51111,Renter,2 bedrooms,420,156,22.579244463742942,Medium
51111,Renter,3 bedrooms,623,200,19.51533661516244,Medium
51111,Renter,4 bedrooms,122,61,30.3951367781155,Low
51111,Renter,5 or more bedrooms,45,64,86.45727794663965,Low
51111,Renter,No bedroom,34,40,71.51796888968353,Low
51113,Owner,1 bedroom,42,40,57.8954986249819,Low
51113,Owner,2 bedrooms,609,159,15.871352209262282,Medium
51113,Owner,3 bedrooms,2384,334,8.516758124069277,High
51113,Owner,4 bedrooms,935,189,12.288087381954718,High
51113,Owner,5 or more bedrooms,293,173,35.89323319190431,Low
51113,Owner,No bedroom,27,38,85.55668130136215,Low
51113,Renter,1 bedroom,96,56,35.46099290780142,Low
51113,Renter,2 bedrooms,336,117,21.16804168475901,Medium
51113,Renter,3 bedrooms,495,170,20.877467685978324,Medium
51113,Renter,4 bedrooms,125,73,35.5015197568389,Low
51113,Renter,5 or more bedrooms,18,22,74.29922323539346,Low
51113,Renter,No bedroom,32,38,72.18844984802432,Low
51115,Owner,1 bedroom,103,81,47.80594328208457,Low
51115,Owner,2 bedrooms,702,286,24.76640774513115,Medium
51115,Owner,3 bedrooms,1890,276,8.877309789163892,High
51115,Owner,4 bedrooms,476,220,28.096344920947097,Medium
51115,Owner,5 or more bedrooms,54,37,41.652594844084206,Low
51115,Owner,No bedroom,0,19,Inf,Low
51115,Renter,1 bedroom,34,46,82.24566422313606,Low
51115,Renter,2 bedrooms,249,122,29.784792666105147,Medium
51115,Renter,3 bedrooms,259,131,30.747203999483634,Low
51115,Renter,4 bedrooms,0,19,Inf,Low
51115,Renter,5 or more bedrooms,0,19,Inf,Low
51115,Renter,No bedroom,0,19,Inf,Low
51117,Owner,1 bedroom,138,69,30.3951367781155,Low
51117,Owner,2 bedrooms,1835,242,8.01702790223864,High
51117,Owner,3 bedrooms,5655,410,4.407429205668384,High
51117,Owner,4 bedrooms,1505,220,8.886285835462338,High
51117,Owner,5 or more bedrooms,489,129,16.03669793201186,Medium
51117,Owner,No bedroom,13,15,70.1426233341127,Low
51117,Renter,1 bedroom,439,149,20.6326896580374,Medium
51117,Renter,2 bedrooms,1370,273,12.113682248796396,High
51117,Renter,3 bedrooms,1534,274,10.85823660652366,High
51117,Renter,4 bedrooms,245,109,27.045468643384407,Medium
51117,Renter,5 or more bedrooms,82,69,51.15279116316999,Low
51117,Renter,No bedroom,90,102,68.89564336372848,Low
51119,Owner,1 bedroom,40,36,54.7112462006079,Low
51119,Owner,2 bedrooms,797,159,12.127545163664653,High
51119,Owner,3 bedrooms,2471,266,6.543995453645264,High
51119,Owner,4 bedrooms,564,123,13.257453275561017,High
51119,Owner,5 or more bedrooms,184,86,28.412845249107967,Medium
51119,Owner,No bedroom,0,21,Inf,Low
51119,Renter,1 bedroom,119,62,31.672243365431278,Low
51119,Renter,2 bedrooms,219,111,30.811508514802018,Low
51119,Renter,3 bedrooms,269,130,29.378199116394164,Medium
51119,Renter,4 bedrooms,62,45,44.12197274242573,Low
51119,Renter,5 or more bedrooms,8,14,106.38297872340425,Low
51119,Renter,No bedroom,0,21,Inf,Low
51121,Owner,1 bedroom,179,73,24.79156407600482,Medium
51121,Owner,2 bedrooms,2816,354,7.6419591047250615,High
51121,Owner,3 bedrooms,9651,618,3.892693923712647,High
51121,Owner,4 bedrooms,5786,480,5.043092171965241,High
51121,Owner,5 or more bedrooms,1641,274,10.150234585257339,High
51121,Owner,No bedroom,32,46,87.38601823708207,Low
51121,Renter,1 bedroom,2770,432,9.48064916111617,High
51121,Renter,2 bedrooms,6560,716,6.635035955222775,High
51121,Renter,3 bedrooms,4933,568,6.999569304670426,High
51121,Renter,4 bedrooms,1724,253,8.921078427915571,High
51121,Renter,5 or more bedrooms,392,234,36.28807145958688,Low
51121,Renter,No bedroom,247,113,27.810934865806086,Medium
51125,Owner,1 bedroom,192,93,29.445288753799392,Medium
51125,Owner,2 bedrooms,830,252,18.45680594719303,Medium
51125,Owner,3 bedrooms,2617,285,6.620262882508918,High
51125,Owner,4 bedrooms,1128,210,11.317338162064283,High
51125,Owner,5 or more bedrooms,330,108,19.894998618402877,Medium
51125,Owner,No bedroom,27,33,74.29922323539344,Low
51125,Renter,1 bedroom,266,150,34.28022944900244,Low
51125,Renter,2 bedrooms,353,161,27.72587547465493,Medium
51125,Renter,3 bedrooms,549,187,20.706340901667026,Medium
51125,Renter,4 bedrooms,144,113,47.70347855454238,Low
51125,Renter,5 or more bedrooms,24,42,106.38297872340425,Low
51125,Renter,No bedroom,10,17,103.34346504559271,Low
51127,Owner,1 bedroom,59,70,72.12405337179949,Low
51127,Owner,2 bedrooms,661,199,18.30145905853248,Medium
51127,Owner,3 bedrooms,4361,428,5.966117193778231,High
51127,Owner,4 bedrooms,2337,332,8.636016611325926,High
51127,Owner,5 or more bedrooms,903,250,16.830086809587762,Medium
51127,Owner,No bedroom,0,25,Inf,Low
51127,Renter,1 bedroom,192,138,43.693009118541035,Low
51127,Renter,2 bedrooms,115,89,47.046385621778775,Low
51127,Renter,3 bedrooms,335,139,25.22342693825704,Medium
51127,Renter,4 bedrooms,70,61,52.97438124185844,Low
51127,Renter,5 or more bedrooms,0,25,Inf,Low
51127,Renter,No bedroom,1,2,121.580547112462,Low
51131,Owner,1 bedroom,42,25,36.18468664061369,Low
51131,Owner,2 bedrooms,509,128,15.287141483688737,Medium
51131,Owner,3 bedrooms,1930,217,6.834968581192813,High
51131,Owner,4 bedrooms,843,177,12.763794091877683,High
51131,Owner,5 or more bedrooms,150,62,25.126646403242148,Medium
51131,Owner,No bedroom,7,9,78.15892314372557,Low
51131,Renter,1 bedroom,342,94,16.70843776106934,Medium
51131,Renter,2 bedrooms,929,219,14.330538114978028,High
51131,Renter,3 bedrooms,501,123,14.924558178475877,High
51131,Renter,4 bedrooms,72,65,54.880108071597434,Low
51131,Renter,5 or more bedrooms,12,15,75.98784194528876,Low
51131,Renter,No bedroom,1,2,121.580547112462,Low
51133,Owner,1 bedroom,62,63,61.77076183939603,Low
51133,Owner,2 bedrooms,1045,240,13.96140253923009,High
51133,Owner,3 bedrooms,2692,321,7.248765903250429,High
51133,Owner,4 bedrooms,713,156,13.30053671076022,High
51133,Owner,5 or more bedrooms,327,175,32.533021016331574,Low
51133,Owner,No bedroom,15,26,105.36980749746706,Low
51133,Renter,1 bedroom,17,21,75.09386733416771,Low
51133,Renter,2 bedrooms,199,123,37.57388767545937,Low
51133,Renter,3 bedrooms,262,105,24.362514211466625,Medium
51133,Renter,4 bedrooms,45,59,79.70280310705843,Low
51133,Renter,5 or more bedrooms,10,16,97.2644376899696,Low
51133,Renter,No bedroom,49,77,95.52757273122016,Low
51135,Owner,1 bedroom,77,55,43.42162396873643,Low
51135,Owner,2 bedrooms,684,206,18.308181802022787,Medium
51135,Owner,3 bedrooms,2136,246,7.001127010689526,High
51135,Owner,4 bedrooms,713,156,13.30053671076022,High
51135,Owner,5 or more bedrooms,170,70,25.03128911138924,Medium
51135,Owner,No bedroom,23,23,60.790273556231,Low
51135,Renter,1 bedroom,144,84,35.46099290780142,Low
51135,Renter,2 bedrooms,590,161,16.588532275513884,Medium
51135,Renter,3 bedrooms,723,196,16.47979753391601,Medium
51135,Renter,4 bedrooms,223,122,33.2574590756062,Low
51135,Renter,5 or more bedrooms,3,5,101.31712259371832,Low
51135,Renter,No bedroom,6,12,121.580547112462,Low
51137,Owner,1 bedroom,41,37,54.85951516050115,Low
51137,Owner,2 bedrooms,1114,294,16.043393559723444,Medium
51137,Owner,3 bedrooms,6319,522,5.021763379704476,High
51137,Owner,4 bedrooms,2980,510,10.403704534791212,High
51137,Owner,5 or more bedrooms,955,255,16.2319578605643,Medium
51137,Owner,No bedroom,2,8,243.161094224924,Low
51137,Renter,1 bedroom,478,194,24.672203075123043,Medium
51137,Renter,2 bedrooms,1447,276,11.5951040093433,High
51137,Renter,3 bedrooms,974,315,19.66009873738477,Medium
51137,Renter,4 bedrooms,149,120,48.95860957548806,Low
51137,Renter,5 or more bedrooms,100,92,55.92705167173252,Low
51137,Renter,No bedroom,108,114,64.16751097602162,Low
51139,Owner,1 bedroom,111,58,31.764287083436017,Low
51139,Owner,2 bedrooms,1279,308,14.63909636850598,High
51139,Owner,3 bedrooms,4000,472,7.173252279635259,High
51139,Owner,4 bedrooms,1151,231,12.200306856202745,High
51139,Owner,5 or more bedrooms,287,118,24.993910382004383,Medium
51139,Owner,No bedroom,98,68,42.18100614105825,Low
51139,Renter,1 bedroom,216,78,21.952043228638974,Medium
51139,Renter,2 bedrooms,978,177,11.001920674287206,High
51139,Renter,3 bedrooms,949,255,16.33458351616323,Medium
51139,Renter,4 bedrooms,226,96,25.82241708583264,Medium
51139,Renter,5 or more bedrooms,103,75,44.26476229822646,Low
51139,Renter,No bedroom,111,120,65.71921465538487,Low
51141,Owner,1 bedroom,191,106,33.73701045529051,Low
51141,Owner,2 bedrooms,1293,236,11.095517833929247,High
51141,Owner,3 bedrooms,3665,408,6.767375610079742,High
51141,Owner,4 bedrooms,675,171,15.400202634245186,Medium
51141,Owner,5 or more bedrooms,163,89,33.192235254629196,Low
51141,Owner,No bedroom,31,33,64.71222668889106,Low
51141,Renter,1 bedroom,210,118,34.15834418873933,Low
51141,Renter,2 bedrooms,721,215,18.1274740840356,Medium
51141,Renter,3 bedrooms,595,169,17.26648106050931,Medium
51141,Renter,4 bedrooms,153,131,52.049188469714124,Low
51141,Renter,5 or more bedrooms,42,48,69.4745983499783,Low
51141,Renter,No bedroom,58,72,75.46378786290745,Low
51143,Owner,1 bedroom,214,100,28.406669886089254,Medium
51143,Owner,2 bedrooms,3747,419,6.797738089154201,High
51143,Owner,3 bedrooms,12133,640,3.2066080174720053,High
51143,Owner,4 bedrooms,2773,368,8.067371319398848,High
51143,Owner,5 or more bedrooms,473,131,16.836206841154887,Medium
51143,Owner,No bedroom,57,46,49.058817255905716,Low
51143,Renter,1 bedroom,399,139,21.177563970717067,Medium
51143,Renter,2 bedrooms,1887,359,11.565293167295671,High
51143,Renter,3 bedrooms,2298,369,9.761362463990094,High
51143,Renter,4 bedrooms,528,166,19.112093580178684,Medium
51143,Renter,5 or more bedrooms,119,84,42.910781333810114,Low
51143,Renter,No bedroom,5,7,85.1063829787234,Low
51145,Owner,1 bedroom,37,58,95.29286125030805,Low
51145,Owner,2 bedrooms,568,197,21.08395051158012,Medium
51145,Owner,3 bedrooms,5469,471,5.235366400618906,High
51145,Owner,4 bedrooms,3398,380,6.798205989219476,High
51145,Owner,5 or more bedrooms,873,253,17.617341591897418,Medium
51145,Owner,No bedroom,42,47,68.02721088435374,Low
51145,Renter,1 bedroom,39,46,71.70134829709298,Low
51145,Renter,2 bedrooms,315,196,37.825059101654844,Low
51145,Renter,3 bedrooms,291,128,26.739364313393704,Medium
51145,Renter,4 bedrooms,105,70,40.52684903748733,Low
51145,Renter,5 or more bedrooms,14,23,99.86973512809378,Low
51145,Renter,No bedroom,0,28,Inf,Low
51147,Owner,1 bedroom,25,25,60.790273556231,Low
51147,Owner,2 bedrooms,642,194,18.369646526337714,Medium
51147,Owner,3 bedrooms,2682,277,6.278488357597311,High
51147,Owner,4 bedrooms,958,190,12.056526070651243,High
51147,Owner,5 or more bedrooms,225,103,27.828436339074635,Medium
51147,Owner,No bedroom,0,25,Inf,Low
51147,Renter,1 bedroom,736,250,20.648870093828464,Medium
51147,Renter,2 bedrooms,821,234,17.326338626258288,Medium
51147,Renter,3 bedrooms,1125,233,12.590341100979396,High
51147,Renter,4 bedrooms,210,106,30.684614271240413,Low
51147,Renter,5 or more bedrooms,106,129,73.98061593163962,Low
51147,Renter,No bedroom,30,36,72.94832826747721,Low
51149,Owner,1 bedroom,38,61,97.58438649816028,Low
51149,Owner,2 bedrooms,583,209,21.792739576762056,Medium
51149,Owner,3 bedrooms,5379,496,5.605498361013307,High
51149,Owner,4 bedrooms,2707,427,9.589008795164625,High
51149,Owner,5 or more bedrooms,689,209,18.440010411106357,Medium
51149,Owner,No bedroom,6,11,111.44883485309019,Low
51149,Renter,1 bedroom,70,55,47.763786365610066,Low
51149,Renter,2 bedrooms,745,213,17.38030639929826,Medium
51149,Renter,3 bedrooms,1806,321,10.804915731755345,High
51149,Renter,4 bedrooms,556,160,17.49360390107367,Medium
51149,Renter,5 or more bedrooms,129,68,32.0444852854551,Low
51149,Renter,No bedroom,10,17,103.34346504559271,Low
51153,Owner,1 bedroom,668,305,27.756038075824037,Medium
51153,Owner,2 bedrooms,8106,612,4.58964315524468,High
51153,Owner,3 bedrooms,42622,1335,1.904063985678016,High
51153,Owner,4 bedrooms,43740,1390,1.9318353965057407,High
51153,Owner,5 or more bedrooms,19640,1085,3.3583221389262037,High
51153,Owner,No bedroom,225,92,24.856467409658897,Medium
51153,Renter,1 bedroom,6469,722,6.784754600030729,High
51153,Renter,2 bedrooms,13174,1119,5.16352786620787,High
51153,Renter,3 bedrooms,12445,1001,4.889599343494353,High
51153,Renter,4 bedrooms,4683,653,8.47662793769354,High
51153,Renter,5 or more bedrooms,1233,302,14.889426288711894,High
51153,Renter,No bedroom,1604,427,16.1829468880989,Medium
51155,Owner,1 bedroom,179,84,28.527279210745277,Medium
51155,Owner,2 bedrooms,1986,320,9.795008830812648,High
51155,Owner,3 bedrooms,5471,464,5.155672990329223,High
51155,Owner,4 bedrooms,2093,342,9.93324106843335,High
51155,Owner,5 or more bedrooms,635,176,16.848957710073474,Medium
51155,Owner,No bedroom,16,19,72.18844984802432,Low
51155,Renter,1 bedroom,476,159,20.30599473832086,Medium
51155,Renter,2 bedrooms,2036,346,10.33076358077403,High
51155,Renter,3 bedrooms,971,220,13.77328546073205,High
51155,Renter,4 bedrooms,465,195,25.49269536229042,Medium
51155,Renter,5 or more bedrooms,10,18,109.4224924012158,Low
51155,Renter,No bedroom,48,62,78.52077001013171,Low
51157,Owner,1 bedroom,56,59,64.04689535388624,Low
51157,Owner,2 bedrooms,529,183,21.029527525123388,Medium
51157,Owner,3 bedrooms,937,165,10.704797371161275,High
51157,Owner,4 bedrooms,556,173,18.914959218035907,Medium
51157,Owner,5 or more bedrooms,114,64,34.127872873673546,Low
51157,Owner,No bedroom,36,48,81.05369807497466,Low
51157,Renter,1 bedroom,67,50,45.36587578823209,Low
51157,Renter,2 bedrooms,127,84,40.20773998994807,Low
51157,Renter,3 bedrooms,334,137,24.934932566477986,Medium
51157,Renter,4 bedrooms,70,66,57.316543638732085,Low
51157,Renter,5 or more bedrooms,35,40,69.47459834997828,Low
51157,Renter,No bedroom,0,19,Inf,Low
51159,Owner,1 bedroom,30,45,91.1854103343465,Low
51159,Owner,2 bedrooms,529,180,20.684781172252514,Medium
51159,Owner,3 bedrooms,1200,198,10.030395136778116,High
51159,Owner,4 bedrooms,217,99,27.733811438096172,Medium
51159,Owner,5 or more bedrooms,91,82,54.77804869902134,Low
51159,Owner,No bedroom,0,19,Inf,Low
51159,Renter,1 bedroom,77,45,35.52678324714799,Low
51159,Renter,2 bedrooms,449,192,25.994949939412816,Medium
51159,Renter,3 bedrooms,177,100,34.34478731990452,Low
51159,Renter,4 bedrooms,110,102,56.36916275214148,Low
51159,Renter,5 or more bedrooms,5,9,109.4224924012158,Low
51159,Renter,No bedroom,46,55,72.68402273027618,Low
51161,Owner,1 bedroom,431,227,32.01715103773652,Low
51161,Owner,2 bedrooms,3280,462,8.562532433834976,High
51161,Owner,3 bedrooms,14163,684,2.935857312184001,High
51161,Owner,4 bedrooms,9251,716,4.704987122069117,High
51161,Owner,5 or more bedrooms,2776,368,8.05865297863581,High
51161,Owner,No bedroom,18,21,70.92198581560284,Low
51161,Renter,1 bedroom,2179,460,12.833192214716044,High
51161,Renter,2 bedrooms,3912,522,8.11158558188972,High
51161,Renter,3 bedrooms,2246,419,11.340661006260369,High
51161,Renter,4 bedrooms,417,149,21.721224843833138,Medium
51161,Renter,5 or more bedrooms,250,119,28.936170212765955,Medium
51161,Renter,No bedroom,308,128,25.263490309083014,Medium
51163,Owner,1 bedroom,349,194,33.79172799400806,Low
51163,Owner,2 bedrooms,1631,306,11.405164750586565,High
51163,Owner,3 bedrooms,4050,386,5.793838417951893,High
51163,Owner,4 bedrooms,1112,231,12.628195316087554,High
51163,Owner,5 or more bedrooms,343,121,21.444965307008605,Medium
51163,Owner,No bedroom,7,11,95.52757273122016,Low
51163,Renter,1 bedroom,212,106,30.3951367781155,Low
51163,Renter,2 bedrooms,917,239,15.843920806912987,Medium
51163,Renter,3 bedrooms,820,187,13.863147750018534,High
51163,Renter,4 bedrooms,60,57,57.75075987841946,Low
51163,Renter,5 or more bedrooms,43,34,48.06672792818266,Low
51163,Renter,No bedroom,8,13,98.78419452887537,Low
51165,Owner,1 bedroom,211,87,25.06518388337487,Medium
51165,Owner,2 bedrooms,3899,426,6.641871386241191,High
51165,Owner,3 bedrooms,12915,620,2.918309686787706,High
51165,Owner,4 bedrooms,5100,458,5.459204958579177,High
51165,Owner,5 or more bedrooms,1916,335,10.628779562284649,High
51165,Owner,No bedroom,52,41,47.930792611643675,Low
51165,Renter,1 bedroom,1094,246,13.6694765035035,High
51165,Renter,2 bedrooms,2842,422,9.026564194486095,High
51165,Renter,3 bedrooms,2841,363,7.767289440658871,High
51165,Renter,4 bedrooms,716,204,17.32013380652392,Medium
51165,Renter,5 or more bedrooms,200,95,28.87537993920973,Medium
51165,Renter,No bedroom,262,134,31.09120861272883,Low
51167,Owner,1 bedroom,218,176,49.078385990351634,Low
51167,Owner,2 bedrooms,1406,268,11.5873352155547,High
51167,Owner,3 bedrooms,4829,451,5.677451516641165,High
51167,Owner,4 bedrooms,1193,319,16.254901311347602,Medium
51167,Owner,5 or more bedrooms,252,97,23.399430694263522,Medium
51167,Owner,No bedroom,38,31,49.592065269556876,Low
51167,Renter,1 bedroom,204,107,31.885094463317238,Low
51167,Renter,2 bedrooms,1138,240,12.820444335233253,High
51167,Renter,3 bedrooms,991,229,14.04739923751453,High
51167,Renter,4 bedrooms,199,100,30.547876158910046,Low
51167,Renter,5 or more bedrooms,0,25,Inf,Low
51167,Renter,No bedroom,2,3,91.1854103343465,Low
51169,Owner,1 bedroom,110,47,25.97402597402597,Medium
51169,Owner,2 bedrooms,1597,286,10.886673911760843,High
51169,Owner,3 bedrooms,4303,310,4.379499140699886,High
51169,Owner,4 bedrooms,717,157,13.311119872145422,High
51169,Owner,5 or more bedrooms,237,100,25.649904454105908,Medium
51169,Owner,No bedroom,47,54,69.84414408588243,Low
51169,Renter,1 bedroom,174,87,30.3951367781155,Low
51169,Renter,2 bedrooms,736,201,16.601691555438087,Medium
51169,Renter,3 bedrooms,739,145,11.927726205214473,High
51169,Renter,4 bedrooms,166,85,31.127549712527923,Low
51169,Renter,5 or more bedrooms,47,41,53.02981310224407,Low
51169,Renter,No bedroom,78,59,45.98238640791833,Low
51171,Owner,1 bedroom,137,77,34.16679608634882,Low
51171,Owner,2 bedrooms,2746,351,7.770351791055019,High
51171,Owner,3 bedrooms,6842,359,3.189667963561375,High
51171,Owner,4 bedrooms,2445,331,8.22968529534252,High
51171,Owner,5 or more bedrooms,690,215,18.941896832738646,Medium
51171,Owner,No bedroom,17,19,67.94207044519935,Low
51171,Renter,1 bedroom,802,235,17.812611328820804,Medium
51171,Renter,2 bedrooms,1849,294,9.665949391850685,High
51171,Renter,3 bedrooms,1668,265,9.657927153717756,High
51171,Renter,4 bedrooms,464,187,24.499528351325857,Medium
51171,Renter,5 or more bedrooms,71,70,59.934072520227744,Low
51171,Renter,No bedroom,51,39,46.486679778294295,Low
51173,Owner,1 bedroom,242,101,25.37114722801376,Medium
51173,Owner,2 bedrooms,1741,264,9.218054117659381,High
51173,Owner,3 bedrooms,5428,341,3.8189910248111225,High
51173,Owner,4 bedrooms,1167,183,9.532665004961673,High
51173,Owner,5 or more bedrooms,284,110,23.54552849008947,Medium
51173,Owner,No bedroom,18,18,60.790273556231,Low
51173,Renter,1 bedroom,447,134,18.22348245309833,Medium
51173,Renter,2 bedrooms,1369,245,10.879194317952223,High
51173,Renter,3 bedrooms,1408,236,10.189278806300083,High
51173,Renter,4 bedrooms,237,112,28.72789298859862,Medium
51173,Renter,5 or more bedrooms,93,64,41.834166748374024,Low
51173,Renter,No bedroom,96,60,37.99392097264438,Low
51175,Owner,1 bedroom,83,62,45.40960193357015,Low
51175,Owner,2 bedrooms,647,183,17.194157744652664,Medium
51175,Owner,3 bedrooms,3227,249,4.690665669507752,High
51175,Owner,4 bedrooms,925,177,11.63230099400312,High
51175,Owner,5 or more bedrooms,266,99,22.624951436341615,Medium
51175,Owner,No bedroom,4,6,91.1854103343465,Low
51175,Renter,1 bedroom,91,47,31.39717425431711,Low
51175,Renter,2 bedrooms,767,213,16.88178392109153,Medium
51175,Renter,3 bedrooms,730,173,14.406462089353376,High
51175,Renter,4 bedrooms,137,83,36.82914383333703,Low
51175,Renter,5 or more bedrooms,0,21,Inf,Low
51175,Renter,No bedroom,10,18,109.4224924012158,Low
51177,Owner,1 bedroom,207,76,22.319134252529256,Medium
51177,Owner,2 bedrooms,3442,488,8.618725594259363,High
51177,Owner,3 bedrooms,17036,801,2.8582419064651936,High
51177,Owner,4 bedrooms,14375,786,3.323906435839831,High
51177,Owner,5 or more bedrooms,5696,600,6.403469826850175,High
51177,Owner,No bedroom,94,59,38.15559723210244,Low
51177,Renter,1 bedroom,1518,276,11.052777010223817,High
51177,Renter,2 bedrooms,3638,545,9.106844169363908,High
51177,Renter,3 bedrooms,3532,466,8.020460780635233,High
51177,Renter,4 bedrooms,1395,299,13.029599851837325,High
51177,Renter,5 or more bedrooms,310,186,36.474164133738604,Low
51177,Renter,No bedroom,46,37,48.89652438218581,Low
51179,Owner,1 bedroom,100,82,49.848024316109424,Low
51179,Owner,2 bedrooms,2413,411,10.354248831997904,High
51179,Owner,3 bedrooms,13410,700,3.1732432132260775,High
51179,Owner,4 bedrooms,16759,834,3.025185759645364,High
51179,Owner,5 or more bedrooms,8711,744,5.192051833984142,High
51179,Owner,No bedroom,79,58,44.630833750144276,Low
51179,Renter,1 bedroom,776,225,17.626045812051512,Medium
51179,Renter,2 bedrooms,3054,378,7.524139949003052,High
51179,Renter,3 bedrooms,3615,509,8.559405045676785,High
51179,Renter,4 bedrooms,1630,298,11.113804613347753,High
51179,Renter,5 or more bedrooms,429,160,22.67236309789501,Medium
51179,Renter,No bedroom,333,238,43.447703022171105,Low
51181,Owner,1 bedroom,30,26,52.68490374873353,Low
51181,Owner,2 bedrooms,359,110,18.62654621500114,Medium
51181,Owner,3 bedrooms,1281,145,6.881022377559326,High
51181,Owner,4 bedrooms,501,101,12.25512500834198,High
51181,Owner,5 or more bedrooms,31,22,43.14148445926072,Low
51181,Owner,No bedroom,8,11,83.58662613981764,Low
51181,Renter,1 bedroom,72,54,45.59270516717325,Low
51181,Renter,2 bedrooms,212,101,28.96140391122326,Medium
51181,Renter,3 bedrooms,184,75,24.778644112594158,Medium
51181,Renter,4 bedrooms,77,47,37.105751391465674,Low
51181,Renter,5 or more bedrooms,0,19,Inf,Low
51181,Renter,No bedroom,0,19,Inf,Low
51183,Owner,1 bedroom,6,9,91.1854103343465,Low
51183,Owner,2 bedrooms,270,87,19.587977034785546,Medium
51183,Owner,3 bedrooms,1760,195,6.73528599060514,High
51183,Owner,4 bedrooms,456,113,15.064256385644962,Medium
51183,Owner,5 or more bedrooms,75,40,32.42147922998986,Low
51183,Owner,No bedroom,0,21,Inf,Low
51183,Renter,1 bedroom,54,27,30.3951367781155,Low
51183,Renter,2 bedrooms,349,123,21.424652284860784,Medium
51183,Renter,3 bedrooms,508,144,17.2318885671206,Medium
51183,Renter,4 bedrooms,204,123,36.65295905596281,Low
51183,Renter,5 or more bedrooms,23,36,95.14999339236157,Low
51183,Renter,No bedroom,0,21,Inf,Low
51185,Owner,1 bedroom,144,71,29.972982100641676,Medium
51185,Owner,2 bedrooms,2317,304,7.975935762233156,High
51185,Owner,3 bedrooms,6316,441,4.244539366418283,High
51185,Owner,4 bedrooms,2477,334,8.196992881623398,High
51185,Owner,5 or more bedrooms,357,159,27.07465965109448,Medium
51185,Owner,No bedroom,41,41,60.790273556231,Low
51185,Renter,1 bedroom,430,164,23.185127588888104,Medium
51185,Renter,2 bedrooms,1775,361,12.363542959886981,High
51185,Renter,3 bedrooms,1732,346,12.144015387099264,High
51185,Renter,4 bedrooms,177,90,30.91030858791407,Low
51185,Renter,5 or more bedrooms,103,48,28.329447870864932,Medium
51185,Renter,No bedroom,82,64,47.446067165838826,Low
51187,Owner,1 bedroom,118,64,32.97099582710834,Low
51187,Owner,2 bedrooms,1615,262,9.861951499524782,High
51187,Owner,3 bedrooms,6725,495,4.474525711573881,High
51187,Owner,4 bedrooms,2468,318,7.832782411216151,High
51187,Owner,5 or more bedrooms,768,203,16.06826241134752,Medium
51187,Owner,No bedroom,5,10,121.580547112462,Low
51187,Renter,1 bedroom,682,185,16.490030216866185,Medium
51187,Renter,2 bedrooms,1417,277,11.883490314097381,High
51187,Renter,3 bedrooms,1152,302,15.93633907463695,Medium
51187,Renter,4 bedrooms,253,109,26.190275959008613,Medium
51187,Renter,5 or more bedrooms,26,30,70.1426233341127,Low
51187,Renter,No bedroom,128,96,45.59270516717325,Low
51191,Owner,1 bedroom,108,60,33.77237419790611,Low
51191,Owner,2 bedrooms,2867,384,8.142122443527278,High
51191,Owner,3 bedrooms,9858,511,3.151129010674989,High
51191,Owner,4 bedrooms,3007,341,6.893742362046814,High
51191,Owner,5 or more bedrooms,897,215,14.570689871337422,High
51191,Owner,No bedroom,33,33,60.790273556231,Low
51191,Renter,1 bedroom,584,143,14.885289586542866,High
51191,Renter,2 bedrooms,2738,361,8.015079895470926,High
51191,Renter,3 bedrooms,1475,263,10.839214878161867,High
51191,Renter,4 bedrooms,381,157,25.050060231832727,Medium
51191,Renter,5 or more bedrooms,68,72,64.36617200071517,Low
51191,Renter,No bedroom,102,77,45.8906967042136,Low
51193,Owner,1 bedroom,80,47,35.71428571428571,Low
51193,Owner,2 bedrooms,1042,237,13.826578534382675,High
51193,Owner,3 bedrooms,4084,397,5.909338541092975,High
51193,Owner,4 bedrooms,931,260,16.97687553664883,Medium
51193,Owner,5 or more bedrooms,193,91,28.662771469518244,Medium
51193,Owner,No bedroom,18,32,108.07159743329954,Low
51193,Renter,1 bedroom,141,83,35.78434542671754,Low
51193,Renter,2 bedrooms,467,172,22.389565421138613,Medium
51193,Renter,3 bedrooms,821,254,18.80722226952823,Medium
51193,Renter,4 bedrooms,222,127,34.77641775514116,Low
51193,Renter,5 or more bedrooms,11,16,88.42221608179055,Low
51193,Renter,No bedroom,19,27,86.38617821148617,Low
51195,Owner,1 bedroom,68,45,40.228857500446985,Low
51195,Owner,2 bedrooms,1670,254,9.24594579837286,High
51195,Owner,3 bedrooms,6510,508,4.74369569378884,High
51195,Owner,4 bedrooms,1806,298,10.030731738514307,High
51195,Owner,5 or more bedrooms,359,101,17.10255607013741,Medium
51195,Owner,No bedroom,6,9,91.1854103343465,Low
51195,Renter,1 bedroom,402,183,27.673184230821573,Medium
51195,Renter,2 bedrooms,1160,230,12.05324389476994,High
51195,Renter,3 bedrooms,1691,342,12.294662067552338,High
51195,Renter,4 bedrooms,241,149,37.58402804928805,Low
51195,Renter,5 or more bedrooms,116,72,37.731893931453726,Low
51195,Renter,No bedroom,26,24,56.11409866729016,Low
51197,Owner,1 bedroom,221,115,31.632947778129257,Low
51197,Owner,2 bedrooms,1768,251,8.630293361207004,High
51197,Owner,3 bedrooms,5483,422,4.678733438032006,High
51197,Owner,4 bedrooms,1578,270,10.401377604678308,High
51197,Owner,5 or more bedrooms,412,138,20.36179065718417,Medium
51197,Owner,No bedroom,31,23,45.10246102559074,Low
51197,Renter,1 bedroom,456,153,20.396736522156452,Medium
51197,Renter,2 bedrooms,1308,285,13.245587128077856,High
51197,Renter,3 bedrooms,904,229,15.399306022540818,Medium
51197,Renter,4 bedrooms,125,81,39.39209726443769,Low
51197,Renter,5 or more bedrooms,72,58,48.96994258696386,Low
51197,Renter,No bedroom,38,54,86.38617821148617,Low
51199,Owner,1 bedroom,64,58,55.09118541033434,Low
51199,Owner,2 bedrooms,1780,300,10.24555172296028,High
51199,Owner,3 bedrooms,7184,566,4.789434135972543,High
51199,Owner,4 bedrooms,7250,528,4.427208887957237,High
51199,Owner,5 or more bedrooms,2546,401,9.574587468990037,High
51199,Owner,No bedroom,0,31,Inf,Low
51199,Renter,1 bedroom,1007,251,15.152292614313783,Medium
51199,Renter,2 bedrooms,2331,340,8.866878167790022,High
51199,Renter,3 bedrooms,2835,342,7.333429825831042,High
51199,Renter,4 bedrooms,1244,232,11.337092817560764,High
51199,Renter,5 or more bedrooms,125,67,32.58358662613981,Low
51199,Renter,No bedroom,79,58,44.630833750144276,Low
51510,Owner,1 bedroom,4262,574,8.18714618049662,High
51510,Owner,2 bedrooms,9741,676,4.218686472026707,High
51510,Owner,3 bedrooms,10563,609,3.5048070241166975,High
51510,Owner,4 bedrooms,4906,428,5.303350404008738,High
51510,Owner,5 or more bedrooms,1861,243,7.937687519701307,High
51510,Owner,No bedroom,341,110,19.609765663300323,Medium
51510,Renter,1 bedroom,17458,936,3.2592333628498236,High
51510,Renter,2 bedrooms,15177,798,3.1963259074831876,High
51510,Renter,3 bedrooms,4708,624,8.057164549508952,High
51510,Renter,4 bedrooms,1026,270,15.997440409534471,Medium
51510,Renter,5 or more bedrooms,100,56,34.04255319148936,Low
51510,Renter,No bedroom,5206,590,6.889408643522145,High
51520,Owner,1 bedroom,49,48,59.54965572855282,Low
51520,Owner,2 bedrooms,911,174,11.610875520070465,High
51520,Owner,3 bedrooms,2574,363,8.57298729639155,High
51520,Owner,4 bedrooms,893,213,14.499807690344014,High
51520,Owner,5 or more bedrooms,191,124,39.46593675901908,Low
51520,Owner,No bedroom,9,16,108.07159743329954,Low
51520,Renter,1 bedroom,503,161,19.45772175457891,Medium
51520,Renter,2 bedrooms,1062,253,14.48205198655974,High
51520,Renter,3 bedrooms,641,214,20.295036725481175,Medium
51520,Renter,4 bedrooms,67,68,61.69759107199565,Low
51520,Renter,5 or more bedrooms,73,104,86.60532123079486,Low
51520,Renter,No bedroom,354,167,28.67789741212028,Medium
51530,Owner,1 bedroom,0,19,Inf,Low
51530,Owner,2 bedrooms,180,85,28.7065180682202,Medium
51530,Owner,3 bedrooms,1051,225,13.014092816509967,High
51530,Owner,4 bedrooms,211,99,28.522450625909336,Medium
51530,Owner,5 or more bedrooms,51,45,53.638476667262644,Low
51530,Owner,No bedroom,0,19,Inf,Low
51530,Renter,1 bedroom,90,69,46.605876393110435,Low
51530,Renter,2 bedrooms,164,95,35.21387797464601,Low
51530,Renter,3 bedrooms,545,155,17.288976882964782,Medium
51530,Renter,4 bedrooms,311,206,40.26622621409513,Low
51530,Renter,5 or more bedrooms,8,16,121.580547112462,Low
51530,Renter,No bedroom,0,19,Inf,Low
51540,Owner,1 bedroom,111,77,42.16982940387196,Low
51540,Owner,2 bedrooms,1274,228,10.879264027331766,High
51540,Owner,3 bedrooms,4064,371,5.549505779862623,High
51540,Owner,4 bedrooms,2652,289,6.624581092666198,High
51540,Owner,5 or more bedrooms,502,147,17.801135882003898,Medium
51540,Owner,No bedroom,11,17,93.94860458690246,Low
51540,Renter,1 bedroom,2649,363,8.330263986754192,High
51540,Renter,2 bedrooms,3986,377,5.749606906848743,High
51540,Renter,3 bedrooms,2553,408,9.715014340361241,High
51540,Renter,4 bedrooms,988,214,13.167124029386065,High
51540,Renter,5 or more bedrooms,282,119,25.652633167345705,Medium
51540,Renter,No bedroom,627,192,18.61520338564012,Medium
51550,Owner,1 bedroom,183,96,31.889979570481835,Low
51550,Owner,2 bedrooms,7431,716,5.857332238764823,High
51550,Owner,3 bedrooms,27773,1181,2.5850038911860014,High
51550,Owner,4 bedrooms,24338,1063,2.6551097374588526,High
51550,Owner,5 or more bedrooms,8207,741,5.488679505929959,High
51550,Owner,No bedroom,208,111,32.44096329202713,Low
51550,Renter,1 bedroom,3756,582,9.41957912932014,High
51550,Renter,2 bedrooms,11750,911,4.7131863157214,High
51550,Renter,3 bedrooms,6017,739,7.466181179666729,High
51550,Renter,4 bedrooms,1669,301,10.963374679703733,High
51550,Renter,5 or more bedrooms,546,211,23.492211942059964,Medium
51550,Renter,No bedroom,483,241,30.33220688830574,Low
51570,Owner,1 bedroom,33,34,62.63240305793497,Low
51570,Owner,2 bedrooms,601,178,18.00444042098023,Medium
51570,Owner,3 bedrooms,2563,323,7.66104500923239,High
51570,Owner,4 bedrooms,1655,218,8.00741971918934,High
51570,Owner,5 or more bedrooms,284,110,23.54552849008947,Medium
51570,Owner,No bedroom,0,21,Inf,Low
51570,Renter,1 bedroom,173,92,32.32777553279336,Low
51570,Renter,2 bedrooms,1442,262,11.045112116319364,High
51570,Renter,3 bedrooms,560,197,21.38514980460269,Medium
51570,Renter,4 bedrooms,138,87,38.32430289414563,Low
51570,Renter,5 or more bedrooms,38,37,59.190529515277554,Low
51570,Renter,No bedroom,58,62,64.98270621528141,Low
51580,Owner,1 bedroom,53,59,67.67219131731376,Low
51580,Owner,2 bedrooms,671,159,14.40484872643924,High
51580,Owner,3 bedrooms,686,160,14.178489459179241,High
51580,Owner,4 bedrooms,280,120,26.05297438124186,Medium
51580,Owner,5 or more bedrooms,91,57,38.07742409566118,Low
51580,Owner,No bedroom,0,19,Inf,Low
51580,Renter,1 bedroom,72,56,47.28132387706856,Low
51580,Renter,2 bedrooms,325,114,21.32335749357026,Medium
51580,Renter,3 bedrooms,234,120,31.174499259605643,Low
51580,Renter,4 bedrooms,81,59,44.27933505947691,Low
51580,Renter,5 or more bedrooms,0,19,Inf,Low
51580,Renter,No bedroom,0,19,Inf,Low
51590,Owner,1 bedroom,205,93,27.578026540143817,Medium
51590,Owner,2 bedrooms,2531,375,9.00685601880151,High
51590,Owner,3 bedrooms,4171,351,5.115652365916346,High
51590,Owner,4 bedrooms,1759,307,10.609786231815189,High
51590,Owner,5 or more bedrooms,459,142,18.80657700432419,Medium
51590,Owner,No bedroom,12,20,101.31712259371832,Low
51590,Renter,1 bedroom,1730,283,9.94430486497883,High
51590,Renter,2 bedrooms,4337,486,6.812098904387426,High
51590,Renter,3 bedrooms,2546,397,9.479080362067442,High
51590,Renter,4 bedrooms,457,141,18.75586120662707,Medium
51590,Renter,5 or more bedrooms,123,70,34.596090641757485,Low
51590,Renter,No bedroom,302,147,29.58996759194025,Medium
51595,Owner,1 bedroom,0,19,Inf,Low
51595,Owner,2 bedrooms,231,108,28.42142659771839,Medium
51595,Owner,3 bedrooms,422,135,19.44712542675636,Medium
51595,Owner,4 bedrooms,178,95,32.44424712270756,Low
51595,Owner,5 or more bedrooms,21,23,66.57982341872919,Low
51595,Owner,No bedroom,0,19,Inf,Low
51595,Renter,1 bedroom,159,94,35.93890386343217,Low
51595,Renter,2 bedrooms,411,117,17.305260355423425,Medium
51595,Renter,3 bedrooms,646,175,16.467953362756077,Medium
51595,Renter,4 bedrooms,127,86,41.16506713256587,Low
51595,Renter,5 or more bedrooms,16,27,102.58358662613982,Low
51595,Renter,No bedroom,8,14,106.38297872340425,Low
51600,Owner,1 bedroom,185,103,33.845395547523204,Low
51600,Owner,2 bedrooms,681,156,13.925525219929568,High
51600,Owner,3 bedrooms,2267,290,7.776435523293777,High
51600,Owner,4 bedrooms,2102,260,7.51925362731687,High
51600,Owner,5 or more bedrooms,1095,222,12.324603405920808,High
51600,Owner,No bedroom,20,22,66.8693009118541,Low
51600,Renter,1 bedroom,677,225,20.203562112484452,Medium
51600,Renter,2 bedrooms,1042,240,14.001598515830556,High
51600,Renter,3 bedrooms,730,204,16.98796685680976,Medium
51600,Renter,4 bedrooms,152,88,35.194368900975846,Low
51600,Renter,5 or more bedrooms,94,65,42.03582745909591,Low
51600,Renter,No bedroom,113,93,50.030933103800734,Low
51610,Owner,1 bedroom,89,60,40.98220689184113,Low
51610,Owner,2 bedrooms,512,139,16.503609422492403,Medium
51610,Owner,3 bedrooms,929,158,10.338927041856296,High
51610,Owner,4 bedrooms,876,171,11.866594495565641,High
51610,Owner,5 or more bedrooms,585,156,16.210739614994935,Medium
51610,Owner,No bedroom,48,59,74.72137791286727,Low
51610,Renter,1 bedroom,1281,235,11.152001784320285,High
51610,Renter,2 bedrooms,1060,224,12.846246487354476,High
51610,Renter,3 bedrooms,338,132,23.740580205391986,Medium
51610,Renter,4 bedrooms,61,43,42.85216004783497,Low
51610,Renter,5 or more bedrooms,0,21,Inf,Low
51610,Renter,No bedroom,274,108,23.961129722893972,Medium
51620,Owner,1 bedroom,0,19,Inf,Low
51620,Owner,2 bedrooms,267,121,27.549150188404315,Medium
51620,Owner,3 bedrooms,859,160,11.322984597202513,High
51620,Owner,4 bedrooms,594,193,19.751721879381453,Medium
51620,Owner,5 or more bedrooms,89,74,50.54472183327072,Low
51620,Owner,No bedroom,0,19,Inf,Low
51620,Renter,1 bedroom,186,87,28.43416021178547,Medium
51620,Renter,2 bedrooms,732,218,18.104207151992295,Medium
51620,Renter,3 bedrooms,493,163,20.099015394859336,Medium
51620,Renter,4 bedrooms,161,74,27.940871075534744,Medium
51620,Renter,5 or more bedrooms,0,19,Inf,Low
51620,Renter,No bedroom,7,12,104.21189752496744,Low
51630,Owner,1 bedroom,70,61,52.97438124185844,Low
51630,Owner,2 bedrooms,536,143,16.218300594292973,Medium
51630,Owner,3 bedrooms,1810,290,9.739878083595023,High
51630,Owner,4 bedrooms,1639,284,10.533519029877732,High
51630,Owner,5 or more bedrooms,701,202,17.517311352865423,Medium
51630,Owner,No bedroom,0,25,Inf,Low
51630,Renter,1 bedroom,2155,348,9.816712388662825,High
51630,Renter,2 bedrooms,2590,384,9.01292086702421,High
51630,Renter,3 bedrooms,1389,337,14.748972057919257,High
51630,Renter,4 bedrooms,214,108,30.679203476976397,Low
51630,Renter,5 or more bedrooms,73,56,46.633634508889536,Low
51630,Renter,No bedroom,266,144,32.909020271042344,Low
51640,Owner,1 bedroom,4,9,136.77811550151975,Low
51640,Owner,2 bedrooms,416,181,26.44961421557166,Medium
51640,Owner,3 bedrooms,846,193,13.868230255735913,High
51640,Owner,4 bedrooms,315,139,26.824914362908288,Medium
51640,Owner,5 or more bedrooms,101,60,36.113033795780794,Low
51640,Owner,No bedroom,0,19,Inf,Low
51640,Renter,1 bedroom,141,94,40.52684903748733,Low
51640,Renter,2 bedrooms,537,156,17.659744273318502,Medium
51640,Renter,3 bedrooms,234,98,25.459174395344608,Medium
51640,Renter,4 bedrooms,67,64,58.068321008937076,Low
51640,Renter,5 or more bedrooms,23,38,100.43610413638166,Low
51640,Renter,No bedroom,45,60,81.05369807497468,Low
51650,Owner,1 bedroom,242,109,27.380743048054455,Medium
51650,Owner,2 bedrooms,4526,517,6.9440060602234706,High
51650,Owner,3 bedrooms,15980,881,3.3514537548835737,High
51650,Owner,4 bedrooms,9953,889,5.429775262884494,High
51650,Owner,5 or more bedrooms,1369,306,13.587891678748493,High
51650,Owner,No bedroom,48,46,58.257345491388044,Low
51650,Renter,1 bedroom,5362,586,6.643621839603014,High
51650,Renter,2 bedrooms,10569,983,5.65397283619785,High
51650,Renter,3 bedrooms,6900,819,7.215541165587419,High
51650,Renter,4 bedrooms,1958,378,11.735813791754504,High
51650,Renter,5 or more bedrooms,80,46,34.954407294832826,Low
51650,Renter,No bedroom,753,238,19.213924444067697,Medium
51660,Owner,1 bedroom,41,37,54.85951516050115,Low
51660,Owner,2 bedrooms,1280,243,11.54065349544073,High
51660,Owner,3 bedrooms,3440,414,7.316038736127801,High
51660,Owner,4 bedrooms,1483,261,10.698760214549084,High
51660,Owner,5 or more bedrooms,678,199,17.842572916946857,Medium
51660,Owner,No bedroom,0,31,Inf,Low
51660,Renter,1 bedroom,1831,358,11.885809903402894,High
51660,Renter,2 bedrooms,3117,417,8.1326737481387,High
51660,Renter,3 bedrooms,2621,418,9.694900551890331,High
51660,Renter,4 bedrooms,2269,334,8.948414000784997,High
51660,Renter,5 or more bedrooms,292,140,29.146021568055957,Medium
51660,Renter,No bedroom,279,142,30.939852490984954,Low
51670,Owner,1 bedroom,60,41,41.54002026342452,Low
51670,Owner,2 bedrooms,745,225,18.35947859080802,Medium
51670,Owner,3 bedrooms,3061,388,7.705529611178578,High
51670,Owner,4 bedrooms,1110,278,15.224951395164164,Medium
51670,Owner,5 or more bedrooms,254,131,31.35246392073331,Low
51670,Owner,No bedroom,0,25,Inf,Low
51670,Renter,1 bedroom,433,132,18.531907873954946,Medium
51670,Renter,2 bedrooms,1830,318,10.56355573272211,High
51670,Renter,3 bedrooms,1231,314,15.506211126447228,Medium
51670,Renter,4 bedrooms,485,166,20.806567856359475,Medium
51670,Renter,5 or more bedrooms,70,100,86.84324793747285,Low
51670,Renter,No bedroom,139,104,45.48337014279154,Low
51678,Owner,1 bedroom,32,35,66.48936170212765,Low
51678,Owner,2 bedrooms,411,171,25.292303596388084,Medium
51678,Owner,3 bedrooms,346,121,21.259026301456508,Medium
51678,Owner,4 bedrooms,191,88,28.00808415156193,Medium
51678,Owner,5 or more bedrooms,85,73,52.20811728946898,Low
51678,Owner,No bedroom,0,19,Inf,Low
51678,Renter,1 bedroom,271,148,33.199116185690734,Low
51678,Renter,2 bedrooms,450,160,21.614319486659912,Medium
51678,Renter,3 bedrooms,206,99,29.21474311682946,Medium
51678,Renter,4 bedrooms,49,55,68.2339805223001,Low
51678,Renter,5 or more bedrooms,0,19,Inf,Low
51678,Renter,No bedroom,20,26,79.0273556231003,Low
51680,Owner,1 bedroom,146,82,34.14248240829413,Low
51680,Owner,2 bedrooms,2260,326,8.768862468730667,High
51680,Owner,3 bedrooms,6703,511,4.634317438047746,High
51680,Owner,4 bedrooms,3867,390,6.130904237633848,High
51680,Owner,5 or more bedrooms,1076,209,11.807776183319962,High
51680,Owner,No bedroom,24,24,60.790273556231,Low
51680,Renter,1 bedroom,2900,368,7.714076092652762,High
51680,Renter,2 bedrooms,7045,626,5.401662348644515,High
51680,Renter,3 bedrooms,3198,452,8.591996137403505,High
51680,Renter,4 bedrooms,739,270,22.210248795916606,Medium
51680,Renter,5 or more bedrooms,386,162,25.513016362977776,Medium
51680,Renter,No bedroom,343,122,21.622196425248344,Medium
51683,Owner,1 bedroom,143,87,36.984292303441244,Low
51683,Owner,2 bedrooms,1249,298,14.504004419340944,High
51683,Owner,3 bedrooms,3826,496,7.88080911758771,High
51683,Owner,4 bedrooms,3593,401,6.784553213484173,High
51683,Owner,5 or more bedrooms,1278,305,14.507850887832907,High
51683,Owner,No bedroom,45,64,86.45727794663965,Low
51683,Renter,1 bedroom,838,227,16.467055008668783,Medium
51683,Renter,2 bedrooms,1384,306,13.440624066623327,High
51683,Renter,3 bedrooms,1042,269,15.693458336493416,Medium
51683,Renter,4 bedrooms,304,163,32.59478483442649,Low
51683,Renter,5 or more bedrooms,147,99,40.94038831338007,Low
51683,Renter,No bedroom,192,109,34.51114488348531,Low
51685,Owner,1 bedroom,28,42,91.1854103343465,Low
51685,Owner,2 bedrooms,520,148,17.301847089081132,Medium
51685,Owner,3 bedrooms,1719,295,10.432304071604506,High
51685,Owner,4 bedrooms,702,196,16.972782930229737,Medium
51685,Owner,5 or more bedrooms,521,140,16.335198268468982,Medium
51685,Owner,No bedroom,0,21,Inf,Low
51685,Renter,1 bedroom,375,189,30.638297872340424,Low
51685,Renter,2 bedrooms,590,201,20.709906753902427,Medium
51685,Renter,3 bedrooms,486,219,27.393147960523844,Medium
51685,Renter,4 bedrooms,174,125,43.67117353177514,Low
51685,Renter,5 or more bedrooms,0,21,Inf,Low
51685,Renter,No bedroom,50,53,64.43768996960486,Low
51690,Owner,1 bedroom,24,24,60.790273556231,Low
51690,Owner,2 bedrooms,834,241,17.566493917328145,Medium
51690,Owner,3 bedrooms,1385,235,10.314595152140278,High
51690,Owner,4 bedrooms,668,172,15.652585406694207,Medium
51690,Owner,5 or more bedrooms,273,88,19.59539953460926,Medium
51690,Owner,No bedroom,0,21,Inf,Low
51690,Renter,1 bedroom,382,159,25.302757841467876,Medium
51690,Renter,2 bedrooms,1259,233,11.250304796347754,High
51690,Renter,3 bedrooms,612,187,18.57480580884836,Medium
51690,Renter,4 bedrooms,117,87,45.20302392642818,Low
51690,Renter,5 or more bedrooms,53,42,48.17342432757928,Low
51690,Renter,No bedroom,12,16,81.05369807497466,Low
51700,Owner,1 bedroom,273,110,24.494249418261575,Medium
51700,Owner,2 bedrooms,4187,475,6.896436574924703,High
51700,Owner,3 bedrooms,20393,1012,3.01670950026508,High
51700,Owner,4 bedrooms,9184,703,4.653262446649651,High
51700,Owner,5 or more bedrooms,2380,389,9.935889249316748,High
51700,Owner,No bedroom,35,31,53.84281372123317,Low
51700,Renter,1 bedroom,7603,768,6.140593198893255,High
51700,Renter,2 bedrooms,17863,1062,3.6141337130782802,High
51700,Renter,3 bedrooms,9258,777,5.101970463727748,High
51700,Renter,4 bedrooms,2647,428,9.829330216118953,High
51700,Renter,5 or more bedrooms,359,159,26.92382589259256,Medium
51700,Renter,No bedroom,1616,388,14.595684492461402,High
51710,Owner,1 bedroom,645,164,15.456751725925402,Medium
51710,Owner,2 bedrooms,6451,520,4.900161563980797,High
51710,Owner,3 bedrooms,20897,1067,3.103948982365817,High
51710,Owner,4 bedrooms,11911,888,4.532093268233829,High
51710,Owner,5 or more bedrooms,3189,406,7.739370041966066,High
51710,Owner,No bedroom,66,52,47.895367044303214,Low
51710,Renter,1 bedroom,12436,806,3.9399292768030065,High
51710,Renter,2 bedrooms,21107,1014,2.920421537216006,High
51710,Renter,3 bedrooms,11568,653,3.431539473739527,High
51710,Renter,4 bedrooms,3595,540,9.131223288001317,High
51710,Renter,5 or more bedrooms,626,180,17.479631373996135,Medium
51710,Renter,No bedroom,1966,382,11.811741860874996,High
51720,Owner,1 bedroom,18,27,91.1854103343465,Low
51720,Owner,2 bedrooms,176,70,24.177949709864603,Medium
51720,Owner,3 bedrooms,364,104,17.368649587494573,Medium
51720,Owner,4 bedrooms,224,125,33.923143725575336,Low
51720,Owner,5 or more bedrooms,30,25,50.65856129685916,Low
51720,Owner,No bedroom,0,13,Inf,Low
51720,Renter,1 bedroom,189,117,37.63207410623824,Low
51720,Renter,2 bedrooms,348,136,23.75711840128568,Medium
51720,Renter,3 bedrooms,190,110,35.19436890097584,Low
51720,Renter,4 bedrooms,14,21,91.1854103343465,Low
51720,Renter,5 or more bedrooms,0,13,Inf,Low
51720,Renter,No bedroom,0,13,Inf,Low
51730,Owner,1 bedroom,87,49,34.238200048911715,Low
51730,Owner,2 bedrooms,1037,239,14.010487348060954,High
51730,Owner,3 bedrooms,2943,363,7.498086748525943,High
51730,Owner,4 bedrooms,1368,299,13.2867630068078,High
51730,Owner,5 or more bedrooms,247,134,32.97933869042492,Low
51730,Owner,No bedroom,0,28,Inf,Low
51730,Renter,1 bedroom,2553,447,10.643655417013417,High
51730,Renter,2 bedrooms,3698,552,9.074156571941458,High
51730,Renter,3 bedrooms,1956,408,12.680179760195424,High
51730,Renter,4 bedrooms,533,216,24.63545795149324,Medium
51730,Renter,5 or more bedrooms,95,73,46.712525995840664,Low
51730,Renter,No bedroom,337,160,28.861850946578514,Medium
51735,Owner,1 bedroom,0,21,Inf,Low
51735,Owner,2 bedrooms,385,133,21.000276319425257,Medium
51735,Owner,3 bedrooms,1437,214,9.052970453050406,High
51735,Owner,4 bedrooms,1530,204,8.105369807497468,High
51735,Owner,5 or more bedrooms,615,141,13.937282229965156,High
51735,Owner,No bedroom,0,21,Inf,Low
51735,Renter,1 bedroom,9,15,101.31712259371835,Low
51735,Renter,2 bedrooms,345,135,23.78749834809039,Medium
51735,Renter,3 bedrooms,271,118,26.469565607510177,Medium
51735,Renter,4 bedrooms,65,72,67.33691840074817,Low
51735,Renter,5 or more bedrooms,0,21,Inf,Low
51735,Renter,No bedroom,0,21,Inf,Low
51740,Owner,1 bedroom,188,83,26.838259070038156,Medium
51740,Owner,2 bedrooms,4123,472,6.9592551827652285,High
51740,Owner,3 bedrooms,12279,587,2.9060909339121754,High
51740,Owner,4 bedrooms,5091,451,5.38527074717348,High
51740,Owner,5 or more bedrooms,841,218,15.757764132292934,Medium
51740,Owner,No bedroom,35,34,59.05340859748155,Low
51740,Renter,1 bedroom,3300,411,7.571152252003316,High
51740,Renter,2 bedrooms,8056,701,5.289719682586636,High
51740,Renter,3 bedrooms,4456,493,6.725674340938484,High
51740,Renter,4 bedrooms,763,219,17.44832229202436,Medium
51740,Renter,5 or more bedrooms,161,122,46.06467934074647,Low
51740,Renter,No bedroom,385,170,26.842458453400702,Medium
51750,Owner,1 bedroom,42,44,63.6850484874801,Low
51750,Owner,2 bedrooms,378,128,20.585066177771346,Medium
51750,Owner,3 bedrooms,1263,190,9.145013440763176,High
51750,Owner,4 bedrooms,491,130,16.095184444623282,Medium
51750,Owner,5 or more bedrooms,161,83,31.339085125261946,Low
51750,Owner,No bedroom,12,20,101.31712259371832,Low
51750,Renter,1 bedroom,604,170,17.10984520622396,Medium
51750,Renter,2 bedrooms,1476,263,10.831871236645496,High
51750,Renter,3 bedrooms,631,181,17.437463571597164,Medium
51750,Renter,4 bedrooms,297,128,26.19917513534535,Medium
51750,Renter,5 or more bedrooms,91,78,52.10594876248371,Low
51750,Renter,No bedroom,54,47,52.910052910052904,Low
51760,Owner,1 bedroom,1059,226,12.973183969507277,High
51760,Owner,2 bedrooms,8352,674,4.905728493402741,High
51760,Owner,3 bedrooms,22394,1090,2.9588906928771896,High
51760,Owner,4 bedrooms,10495,757,4.384777235070687,High
51760,Owner,5 or more bedrooms,1987,246,7.526123449840376,High
51760,Owner,No bedroom,99,78,47.895367044303214,Low
51760,Renter,1 bedroom,17455,996,3.468754652650019,High
51760,Renter,2 bedrooms,24155,1334,3.3572438387088455,High
51760,Renter,3 bedrooms,9660,772,4.858187493313699,High
51760,Renter,4 bedrooms,2559,389,9.240881755910067,High
51760,Renter,5 or more bedrooms,101,51,30.696078726413678,Low
51760,Renter,No bedroom,3829,644,10.224323888799365,High
51770,Owner,1 bedroom,315,133,25.66700439040865,Medium
51770,Owner,2 bedrooms,4367,529,7.363877882126449,High
51770,Owner,3 bedrooms,11291,866,4.662507917783725,High
51770,Owner,4 bedrooms,5391,593,6.68681732866722,High
51770,Owner,5 or more bedrooms,1056,317,18.24859537625495,Medium
51770,Owner,No bedroom,32,28,53.191489361702125,Low
51770,Renter,1 bedroom,4609,481,6.344135730212002,High
51770,Renter,2 bedrooms,8515,720,5.140222778683068,High
51770,Renter,3 bedrooms,4895,549,6.81794896473357,High
51770,Renter,4 bedrooms,999,309,18.802997526401782,Medium
51770,Renter,5 or more bedrooms,192,138,43.693009118541035,Low
51770,Renter,No bedroom,1767,379,13.03877401121197,High
51775,Owner,1 bedroom,198,91,27.93896410917688,Medium
51775,Owner,2 bedrooms,841,159,11.493048151534756,High
51775,Owner,3 bedrooms,2989,282,5.735315203364718,High
51775,Owner,4 bedrooms,1971,243,7.494691260357247,High
51775,Owner,5 or more bedrooms,442,124,17.05428488907838,Medium
51775,Owner,No bedroom,0,25,Inf,Low
51775,Renter,1 bedroom,672,192,17.368649587494573,Medium
51775,Renter,2 bedrooms,1840,276,9.118541033434651,High
51775,Renter,3 bedrooms,785,207,16.030046657502954,Medium
51775,Renter,4 bedrooms,234,135,35.07131166705634,Low
51775,Renter,5 or more bedrooms,19,30,95.98464245720685,Low
51775,Renter,No bedroom,149,91,37.12694559474511,Low
51790,Owner,1 bedroom,30,35,70.92198581560284,Low
51790,Owner,2 bedrooms,1239,238,11.677227688767537,High
51790,Owner,3 bedrooms,3739,373,6.064394767711732,High
51790,Owner,4 bedrooms,1462,240,9.979251472979097,High
51790,Owner,5 or more bedrooms,286,107,22.74321423257593,Medium
51790,Owner,No bedroom,0,25,Inf,Low
51790,Renter,1 bedroom,1226,233,11.553127029854668,High
51790,Renter,2 bedrooms,1786,283,9.632501352975014,High
51790,Renter,3 bedrooms,1098,197,10.90681592948771,High
51790,Renter,4 bedrooms,192,106,33.5612968591692,Low
51790,Renter,5 or more bedrooms,107,102,57.949606567622084,Low
51790,Renter,No bedroom,191,109,34.691831505911935,Low
51800,Owner,1 bedroom,112,78,42.33608336951802,Low
51800,Owner,2 bedrooms,1824,238,7.932064203060843,High
51800,Owner,3 bedrooms,12404,610,2.989524900782079,High
51800,Owner,4 bedrooms,9315,574,3.74595995934263,High
51800,Owner,5 or more bedrooms,2438,354,8.82680756312788,High
51800,Owner,No bedroom,34,47,84.03361344537814,Low
51800,Renter,1 bedroom,1425,319,13.608489308377326,High
51800,Renter,2 bedrooms,4602,503,6.644395393043068,High
51800,Renter,3 bedrooms,3199,414,7.867200141381568,High
51800,Renter,4 bedrooms,1300,263,12.298339957914425,High
51800,Renter,5 or more bedrooms,230,131,34.62402537333157,Low
51800,Renter,No bedroom,250,131,31.854103343465045,Low
51810,Owner,1 bedroom,934,327,21.28310433928002,Medium
51810,Owner,2 bedrooms,12317,770,3.800317499252892,High
51810,Owner,3 bedrooms,52033,1589,1.8564323540993422,High
51810,Owner,4 bedrooms,39758,1219,1.8638599392586546,High
51810,Owner,5 or more bedrooms,11491,771,4.078783475054747,High
51810,Owner,No bedroom,196,114,35.35760808882824,Low
51810,Renter,1 bedroom,11154,860,4.687075063507142,High
51810,Renter,2 bedrooms,26550,1186,2.715527850760451,High
51810,Renter,3 bedrooms,18631,1076,3.5108332535293085,High
51810,Renter,4 bedrooms,4659,441,5.754134071323862,High
51810,Renter,5 or more bedrooms,686,181,16.039416200696518,Medium
51810,Renter,No bedroom,1391,327,14.29074008115567,High
51820,Owner,1 bedroom,37,35,57.50431282346176,Low
51820,Owner,2 bedrooms,683,186,16.554891480906246,Medium
51820,Owner,3 bedrooms,3021,340,6.841672627977008,High
51820,Owner,4 bedrooms,1788,341,11.59367073975099,High
51820,Owner,5 or more bedrooms,202,95,28.589485088326462,Medium
51820,Owner,No bedroom,0,25,Inf,Low
51820,Renter,1 bedroom,795,240,18.351780696220683,Medium
51820,Renter,2 bedrooms,1882,286,9.238054323635529,High
51820,Renter,3 bedrooms,780,205,15.976930870547893,Medium
51820,Renter,4 bedrooms,253,109,26.190275959008613,Medium
51820,Renter,5 or more bedrooms,50,52,63.22188449848024,Low
51820,Renter,No bedroom,129,115,54.192879526872595,Low
51830,Owner,1 bedroom,72,91,76.8321513002364,Low
51830,Owner,2 bedrooms,491,134,16.590420889073226,Medium
51830,Owner,3 bedrooms,1262,219,10.549183762927566,High
51830,Owner,4 bedrooms,571,148,15.756498224732379,Medium
51830,Owner,5 or more bedrooms,213,98,27.96923384277295,Medium
51830,Owner,No bedroom,6,13,131.71225937183385,Low
51830,Renter,1 bedroom,428,171,24.28770275260631,Medium
51830,Renter,2 bedrooms,1188,280,14.327673902141989,High
51830,Renter,3 bedrooms,508,173,20.702199459110165,Medium
51830,Renter,4 bedrooms,147,93,38.4591526580237,Low
51830,Renter,5 or more bedrooms,21,29,83.94847300622375,Low
51830,Renter,No bedroom,66,62,57.10601455282306,Low
51840,Owner,1 bedroom,14,25,108.55405992184106,Low
51840,Owner,2 bedrooms,570,152,16.210739614994935,Medium
51840,Owner,3 bedrooms,2317,274,7.188836838328569,High
51840,Owner,4 bedrooms,1320,287,13.217279174725983,High
51840,Owner,5 or more bedrooms,490,152,18.857390980708395,Medium
51840,Owner,No bedroom,0,25,Inf,Low
51840,Renter,1 bedroom,1443,323,13.607247649800842,High
51840,Renter,2 bedrooms,2762,477,10.498537467893623,High
51840,Renter,3 bedrooms,1911,381,12.119881855009949,High
51840,Renter,4 bedrooms,130,66,30.862754267009585,Low
51840,Renter,5 or more bedrooms,48,52,65.85612968591693,Low
51840,Renter,No bedroom,250,132,32.097264437689965,Low
51001,All,1 bedroom,813,207.45360927204905,15.511883958026226,Medium
51001,All,2 bedrooms,3948,502.24496015390736,7.733436808509213,High
51001,All,3 bedrooms,7079,566.4238695535349,4.864113854914295,High
51001,All,4 bedrooms,2117,339.2653828494738,9.742104596872437,High
51001,All,5 or more bedrooms,238,81.93900170248598,20.92896776646471,Medium
51001,All,No bedroom,107,69.92138442565336,39.72467370715755,Low
51003,All,1 bedroom,3567,475.09577981708065,8.096776680821762,High
51003,All,2 bedrooms,9375,735.2312561364621,4.767456980013534,High
51003,All,3 bedrooms,16424,1006.7949145680068,3.7264575177551973,High
51003,All,4 bedrooms,10790,746.0167558439957,4.203017855911815,High
51003,All,5 or more bedrooms,4202,487.2832851637741,7.049520277126309,High
51003,All,No bedroom,706,193.42440383777844,16.654847622874573,Medium
51005,All,1 bedroom,331,82.41965784932621,15.13689893375076,Medium
51005,All,2 bedrooms,1598,314.79675983084707,11.975332380933883,High
51005,All,3 bedrooms,3287,309.4721312170128,5.7234242515095906,High
51005,All,4 bedrooms,947,174.64249196572982,11.210733749882355,High
51005,All,5 or more bedrooms,128,60.207972893961475,28.59421205070359,Medium
51005,All,No bedroom,1,21.37755832643195,1299.547618628082,Low
51007,All,1 bedroom,106,105.11898020814318,60.28501474344393,Low
51007,All,2 bedrooms,611,212.0471645648675,21.097226089560444,Medium
51007,All,3 bedrooms,3224,436.84894414431176,8.237024447048197,High
51007,All,4 bedrooms,1026,289.2334697091607,17.137019244871084,Medium
51007,All,5 or more bedrooms,247,145.52319402761884,35.81536345633778,Low
51007,All,No bedroom,71,91.44397191723465,78.29442349178873,Low
51009,All,1 bedroom,537,180.54639292990598,20.438481593668072,Medium
51009,All,2 bedrooms,2487,343.7266355696049,8.40178375747455,High
51009,All,3 bedrooms,7094,399.43084507834396,3.422823560629977,High
51009,All,4 bedrooms,1940,263.53937087274073,8.258056932057178,High
51009,All,5 or more bedrooms,533,169.0266251216062,19.278001462343244,Medium
51009,All,No bedroom,111,94.89467845985885,51.970031194643255,Low
51011,All,1 bedroom,253,127.26350615946427,30.57859032869139,Low
51011,All,2 bedrooms,1220,239.94374340665772,11.955939180161328,High
51011,All,3 bedrooms,3789,357.96228851654195,5.743105157491442,High
51011,All,4 bedrooms,1004,230.31283073246266,13.944999983801127,High
51011,All,5 or more bedrooms,275,102.18121158021175,22.587722924611604,Medium
51011,All,No bedroom,22,22.20360331117452,61.352869055469796,Low
51013,All,1 bedroom,34107,1361.0117560109463,2.4257858199534335,High
51013,All,2 bedrooms,33008,1369.667112841657,2.522492682701692,High
51013,All,3 bedrooms,18356,907.331251528349,3.004843919510012,High
51013,All,4 bedrooms,11575,687.7863040218233,3.6121570254613995,High
51013,All,5 or more bedrooms,6348,452.90175535098115,4.337117454613005,High
51013,All,No bedroom,8136,758.7812596526089,5.6694346538377145,High
51015,All,1 bedroom,1007,305.26218239408564,18.427975743901243,Medium
51015,All,2 bedrooms,6098,586.2021835510338,5.84378338755777,High
51015,All,3 bedrooms,17178,941.6501473477291,3.3323535948034513,High
51015,All,4 bedrooms,4977,527.0379492977712,6.437368115797974,High
51015,All,5 or more bedrooms,1050,288.951553032684,16.728994241290142,Medium
51015,All,No bedroom,334,211.53250341259616,38.500355534389485,Low
51017,All,1 bedroom,100,57.62811813689564,35.03229066072683,Low
51017,All,2 bedrooms,333,111.12605455067681,20.286436202283163,Medium
51017,All,3 bedrooms,1138,210.6608648990125,11.253191216874507,High
51017,All,4 bedrooms,164,62.76941930590086,23.266891283972445,Medium
51017,All,5 or more bedrooms,42,27.202941017470888,39.37319585681124,Low
51017,All,No bedroom,4,15.264337522473747,231.9808134114551,Low
51019,All,1 bedroom,1075,250.49151682242655,14.16506774990749,High
51019,All,2 bedrooms,5867,532.6631205555722,5.519130187811299,High
51019,All,3 bedrooms,17312,752.7921359844296,2.6433941703715877,High
51019,All,4 bedrooms,6634,503.6119537898202,4.61481887806318,High
51019,All,5 or more bedrooms,1631,233.33452380648689,8.696793091544594,High
51019,All,No bedroom,179,79.40403012442127,26.966439735926123,Medium
51021,All,1 bedroom,46,33.61547262794322,44.42377775597095,Low
51021,All,2 bedrooms,381,107.18675291284833,17.102131315423076,Medium
51021,All,3 bedrooms,1523,228.114006584427,9.105129916136045,High
51021,All,4 bedrooms,360,110.05453193758083,18.584014173856943,Medium
51021,All,5 or more bedrooms,35,35.34119409414458,61.38288162248299,Low
51021,All,No bedroom,0,19,Inf,Low
51023,All,1 bedroom,336,103.00485425454472,18.635991868313923,Medium
51023,All,2 bedrooms,2153,367.18523935474315,10.367529561627958,High
51023,All,3 bedrooms,6774,419.3184947030121,3.762988780658858,High
51023,All,4 bedrooms,3255,355.9845502265513,6.648355818760034,High
51023,All,5 or more bedrooms,554,133.41664064126334,14.639772710353368,High
51023,All,No bedroom,33,43.73785545725808,80.57079387907908,Low
51025,All,1 bedroom,209,78.40918313565064,22.806295177688117,Medium
51025,All,2 bedrooms,1028,221.16509670379727,13.078489036686888,High
51025,All,3 bedrooms,3859,367.2342576612373,5.7849885935335665,High
51025,All,4 bedrooms,999,203.68603290358425,12.394524183976332,High
51025,All,5 or more bedrooms,262,110.42191811411355,25.620529041071382,Medium
51025,All,No bedroom,33,41.593268686170845,76.62018731909524,Low
51027,All,1 bedroom,113,78.29431652425353,42.11976034873902,Low
51027,All,2 bedrooms,2213,313.0255580619576,8.5986937662351,High
51027,All,3 bedrooms,3878,415.84251826863493,6.518612800892807,High
51027,All,4 bedrooms,972,222.35332243976026,13.90629557330233,High
51027,All,5 or more bedrooms,140,90.60353193998566,39.34152494137458,Low
51027,All,No bedroom,35,38.01315561749642,66.02371796351963,Low
51029,All,1 bedroom,210,98.18350166906862,28.421913929387355,Medium
51029,All,2 bedrooms,1299,227.07928130941406,10.62679879118677,High
51029,All,3 bedrooms,3436,287.4804341168282,5.086150824221778,High
51029,All,4 bedrooms,943,192.00260414900626,12.37740278868168,High
51029,All,5 or more bedrooms,102,58.82176467941097,35.05677613648666,Low
51029,All,No bedroom,72,80.77747210701756,68.20117536897801,Low
51031,All,1 bedroom,795,231.2098613813866,17.679636128644958,Medium
51031,All,2 bedrooms,5333,579.5662170968905,6.606410815914107,High
51031,All,3 bedrooms,11386,673.8560677177286,3.59774237608351,High
51031,All,4 bedrooms,3655,477.62432936357,7.943888820553433,High
51031,All,5 or more bedrooms,742,200.8606482116395,16.456029314646152,Medium
51031,All,No bedroom,169,105,37.769104872214534,Low
51033,All,1 bedroom,250,92.20086767487604,22.41966387231028,Medium
51033,All,2 bedrooms,1846,381.209915925596,12.553550959623403,High
51033,All,3 bedrooms,6551,595.7180541162069,5.527990149917546,High
51033,All,4 bedrooms,2482,411.7341375208036,10.084379876038874,High
51033,All,5 or more bedrooms,468,162.1141573089778,21.05761532083467,Medium
51033,All,No bedroom,83,52,38.08547258944593,Low
51035,All,1 bedroom,418,152.50245899656832,22.178627273682512,Medium
51035,All,2 bedrooms,3496,446.24880952222156,7.759607324084174,High
51035,All,3 bedrooms,7031,531.1544031635245,4.592379671299569,High
51035,All,4 bedrooms,1292,239.3658288060349,11.262472301186394,High
51035,All,5 or more bedrooms,155,93.40770846134703,36.6340654814578,Low
51035,All,No bedroom,101,64.47480127925948,38.806344626235806,Low
51036,All,1 bedroom,118,45.34313619501854,23.359505535530648,Medium
51036,All,2 bedrooms,473,89.30845424706443,11.477981743262552,High
51036,All,3 bedrooms,1853,121.8400590938793,3.997134658620763,High
51036,All,4 bedrooms,443,90.02777349240623,12.35397963490243,High
51036,All,5 or more bedrooms,54,23.345235059857504,26.280800472652828,Medium
51036,All,No bedroom,6,9.486832980505138,96.11786201119693,Low
51037,All,1 bedroom,161,64.8459713474939,24.484498989029017,Medium
51037,All,2 bedrooms,1145,218.01376103356412,11.57477394956606,High
51037,All,3 bedrooms,2220,297.7247050548543,8.1525974165463,High
51037,All,4 bedrooms,848,166.97904060090895,11.97016692958285,High
51037,All,5 or more bedrooms,214,93.39164844888434,26.52945727605157,Medium
51037,All,No bedroom,33,37.013511046643494,68.18368066066776,Low
51041,All,1 bedroom,6031,728.2341656363013,7.340333964852329,High
51041,All,2 bedrooms,17207,1119.075511303862,3.9535599733969224,High
51041,All,3 bedrooms,53266,1661.4939060977624,1.896193989856452,High
51041,All,4 bedrooms,43350,1566.4667248301191,2.1966768331985276,High
51041,All,5 or more bedrooms,16492,964.4283280783492,3.55492735200469,High
51041,All,No bedroom,650,240.65119987234635,22.50654195673101,Medium
51043,All,1 bedroom,112,56.938563381947034,30.90456110613712,Low
51043,All,2 bedrooms,1028,193.8762491900439,11.464776482800367,High
51043,All,3 bedrooms,2303,264.31988196123274,6.977020378104223,High
51043,All,4 bedrooms,1510,239.26972228010797,9.632630378232571,High
51043,All,5 or more bedrooms,661,221.09726366465958,20.33368099955944,Medium
51043,All,No bedroom,37,52.08646657242167,85.5770419328377,Low
51045,All,1 bedroom,40,32.2490309931942,49.010685399991175,Low
51045,All,2 bedrooms,448,177.88198334851114,24.137264349287772,Medium
51045,All,3 bedrooms,912,203.364205306637,13.555444815938584,High
51045,All,4 bedrooms,166,90.93404203047393,33.300634280760946,Low
51045,All,5 or more bedrooms,186,85.98837130682264,28.10353018492749,Medium
51045,All,No bedroom,0,13,Inf,Low
51047,All,1 bedroom,672,190.11838417154718,17.198435389668113,Medium
51047,All,2 bedrooms,2828,431.00464034624963,9.264812585096701,High
51047,All,3 bedrooms,8836,573.0008725996846,3.9421547977924285,High
51047,All,4 bedrooms,4976,441.51104176452935,5.393805668601742,High
51047,All,5 or more bedrooms,1116,251.7717220022932,13.7144013030849,High
51047,All,No bedroom,156,82.80096617793781,32.265983235109424,Low
51049,All,1 bedroom,46,33.421549934136806,44.167503547161104,Low
51049,All,2 bedrooms,652,212.20037700249262,19.784845040976805,Medium
51049,All,3 bedrooms,2664,297.6995129320839,6.793256317078869,High
51049,All,4 bedrooms,661,195.92090240706835,18.018283287003513,Medium
51049,All,5 or more bedrooms,152,79.6994353806851,31.87467420440133,Low
51049,All,No bedroom,0,19,Inf,Low
51051,All,1 bedroom,189,74.95331880577403,24.10810981031956,Medium
51051,All,2 bedrooms,1626,271.7425251961864,10.159472597501333,High
51051,All,3 bedrooms,2921,329.6209944769902,6.859894017163007,High
51051,All,4 bedrooms,820,181.2015452472743,13.43328232243119,High
51051,All,5 or more bedrooms,143,88.07383266328314,37.44078587934752,Low
51051,All,No bedroom,18,21.587033144922902,72.90453611929382,Low
51053,All,1 bedroom,211,96.46242791885346,27.79136199566501,Medium
51053,All,2 bedrooms,1741,322.94271937914937,11.276149485382902,High
51053,All,3 bedrooms,6182,557.7400828342894,5.484498901451212,High
51053,All,4 bedrooms,2073,307.7027786679867,9.023316975031024,High
51053,All,5 or more bedrooms,144,74.84650960465692,31.596804122195593,Low
51053,All,No bedroom,76,78.10889834071403,62.47712233299795,Low
51057,All,1 bedroom,360,174.89711261195822,29.533453666321886,Medium
51057,All,2 bedrooms,1081,234.91274976041638,13.210370323572757,High
51057,All,3 bedrooms,2039,266.2930716334918,7.939199936600777,High
51057,All,4 bedrooms,762,157.8005069700348,12.58889237010545,High
51057,All,5 or more bedrooms,109,60.74537019394976,33.87823551710759,Low
51057,All,No bedroom,45,38.48376280978771,51.98752152622453,Low
51059,All,1 bedroom,42873,1634.1422826669652,2.3170749980903733,High
51059,All,2 bedrooms,79875,2043.1784063071927,1.5549968606397286,High
51059,All,3 bedrooms,114281,2432.981709754514,1.2941925927606825,High
51059,All,4 bedrooms,109453,1955.3546992809258,1.0860053819333348,High
51059,All,5 or more bedrooms,57409,1491.6011531237164,1.5794534330014516,High
51059,All,No bedroom,8772,781.8567643756752,5.418295324690714,High
51061,All,1 bedroom,872,220.70795182774907,15.386349504179266,Medium
51061,All,2 bedrooms,3254,468.95842033169635,8.760943656564777,High
51061,All,3 bedrooms,10038,650.8863187992201,3.94177698483889,High
51061,All,4 bedrooms,8998,512.4451190127583,3.462067011262606,High
51061,All,5 or more bedrooms,2859,362.8567210346255,7.715340795177293,High
51061,All,No bedroom,245,127.47156545677157,31.62869932554347,Low
51063,All,1 bedroom,302,109.27488274987991,21.996192103279032,Medium
51063,All,2 bedrooms,1584,320.6696119060863,12.306561508170086,High
51063,All,3 bedrooms,3580,362.30512003006527,6.15213054677396,High
51063,All,4 bedrooms,997,238.47851056227267,14.540796283212721,High
51063,All,5 or more bedrooms,116,56.859475903318,29.797440469195053,Medium
51063,All,No bedroom,70,93.39164844888434,81.10434081535766,Low
51065,All,1 bedroom,171,109.48059188732951,38.92020543818038,Low
51065,All,2 bedrooms,1209,291.41379514360676,14.652708291843936,High
51065,All,3 bedrooms,5584,488.5672932155815,5.3187928734245205,High
51065,All,4 bedrooms,2576,448.13502429513363,10.575407887045575,High
51065,All,5 or more bedrooms,674,204.53361581901396,18.447558541666044,Medium
51065,All,No bedroom,37,52.354560450833695,86.01751491141657,Low
51067,All,1 bedroom,463,166.88319268278636,21.91117696571013,Medium
51067,All,2 bedrooms,5574,604.7420937887489,6.595342180191237,High
51067,All,3 bedrooms,10972,726.3952092353032,4.024586536579451,High
51067,All,4 bedrooms,4371,560.1089179793515,7.789790515957294,High
51067,All,5 or more bedrooms,997,224.72205054244233,13.70202098956092,High
51067,All,No bedroom,107,82.76472678623425,47.021405440578505,Low
51069,All,1 bedroom,1182,321.70794208412076,16.54544315102015,Medium
51069,All,2 bedrooms,6308,615.3056151214614,5.929707778046707,High
51069,All,3 bedrooms,15806,787.4884126131635,3.0287002420040694,High
51069,All,4 bedrooms,8605,768.1380084333804,5.4265333714821224,High
51069,All,5 or more bedrooms,2267,338.6340207362515,9.08057113189375,High
51069,All,No bedroom,170,145.8800877433243,52.16523788425687,Low
51071,All,1 bedroom,222,112.61438629233834,30.83720427512756,Low
51071,All,2 bedrooms,1791,282.1577572919093,9.577022474476717,High
51071,All,3 bedrooms,3483,361.4872058593499,6.309189242396633,High
51071,All,4 bedrooms,951,185.32673849177834,11.846543775183271,High
51071,All,5 or more bedrooms,299,126.09916732476864,25.637467815671013,Medium
51071,All,No bedroom,23,18.35755975068582,48.520046916045516,Low
51073,All,1 bedroom,409,197.3068675946177,29.32601089388719,Medium
51073,All,2 bedrooms,2818,403.11288741492746,8.696005216464012,High
51073,All,3 bedrooms,8219,552.40293264971,4.085743446774562,High
51073,All,4 bedrooms,3146,443.64963653766245,8.572658222583266,High
51073,All,5 or more bedrooms,421,168.07438829280326,24.269092736616866,Medium
51073,All,No bedroom,98,95.0789145920377,58.97829823958669,Low
51075,All,1 bedroom,460,161.60445538412608,21.35647619718859,Medium
51075,All,2 bedrooms,823,194.1957775030137,14.344124468861692,High
51075,All,3 bedrooms,4736,444.01463939829733,5.699276054052736,High
51075,All,4 bedrooms,2918,317.79553174958266,6.620588522962654,High
51075,All,5 or more bedrooms,1025,230.24334952393303,13.65517678250029,High
51075,All,No bedroom,51,55.00909015790027,65.56897330937512,Low
51077,All,1 bedroom,357,130.9083648969767,22.291191352622192,Medium
51077,All,2 bedrooms,1688,230.00869548780108,8.283348056288663,High
51077,All,3 bedrooms,3422,314.416920664267,5.585473587927695,High
51077,All,4 bedrooms,597,146.99659860010368,14.968112966056593,High
51077,All,5 or more bedrooms,120,66.52818951391959,33.70222366459959,Low
51077,All,No bedroom,18,16.401219466856727,55.390812113666755,Low
51079,All,1 bedroom,165,123.664869708418,45.56134096285088,Low
51079,All,2 bedrooms,939,221.46105752479374,14.337250552699066,High
51079,All,3 bedrooms,4788,446.31939236380936,5.666641176952123,High
51079,All,4 bedrooms,1525,292.26357966739545,11.650349480986415,High
51079,All,5 or more bedrooms,466,149.60280746028798,19.51587036543146,Medium
51079,All,No bedroom,29,39.05124837953327,81.85986454152241,Low
51081,All,1 bedroom,60,50,50.65856129685916,Low
51081,All,2 bedrooms,498,146.72763884149435,17.910870087217486,Medium
51081,All,3 bedrooms,2049,222.08106627986098,6.588759771016211,High
51081,All,4 bedrooms,457,144.51643505151932,19.22361842484278,Medium
51081,All,5 or more bedrooms,28,34.20526275297414,74.26240285057347,Low
51081,All,No bedroom,0,21,Inf,Low
51083,All,1 bedroom,516,181.1573901335521,21.342262215022277,Medium
51083,All,2 bedrooms,3350,401.15458367068425,7.279491605873687,High
51083,All,3 bedrooms,7334,525.077137190337,4.352274721560297,High
51083,All,4 bedrooms,1859,292.851498203441,9.576397357256198,High
51083,All,5 or more bedrooms,574,177.38658348364456,18.786374451526065,Medium
51083,All,No bedroom,40,29.206163733020468,44.38626707145968,Low
51085,All,1 bedroom,979,239.87079855622275,14.894598020821617,High
51085,All,2 bedrooms,4830,497.9317222270539,6.266957682506799,High
51085,All,3 bedrooms,18338,796.9548293347623,2.64189672195548,High
51085,All,4 bedrooms,13539,771.0726295233154,3.4621254214081327,High
51085,All,5 or more bedrooms,3819,378.25123925771874,6.020946925231764,High
51085,All,No bedroom,507,268.6726632912251,32.21436824172528,Low
51087,All,1 bedroom,10619,738.5235270456859,4.227803676129562,High
51087,All,2 bedrooms,30134,1390.0866879443167,2.8042659463400192,High
51087,All,3 bedrooms,49507,1672.2918405589378,2.0534283728246687,High
51087,All,4 bedrooms,32682,1201.0366355777828,2.233992583924752,High
51087,All,5 or more bedrooms,10892,877.2513892835964,4.896102821532641,High
51087,All,No bedroom,1765,281.8865019826242,9.708757828517154,High
51089,All,1 bedroom,893,222.25210910135362,15.129637749967062,Medium
51089,All,2 bedrooms,5659,536.0037313302959,5.757874793201843,High
51089,All,3 bedrooms,10090,608.668218325879,3.667106788603957,High
51089,All,4 bedrooms,2925,431.983795992396,8.97791901888439,High
51089,All,5 or more bedrooms,720,186.62529303392935,15.756948077839358,Medium
51089,All,No bedroom,216,164.7604321431575,46.369591394561944,Low
51091,All,1 bedroom,39,28.160255680657446,43.894093493348066,Low
51091,All,2 bedrooms,198,71.19691004531025,21.85898807077162,Medium
51091,All,3 bedrooms,598,106.04244433244644,10.779848159767251,High
51091,All,4 bedrooms,118,39.293765408777,20.243040239440006,Medium
51091,All,5 or more bedrooms,45,42.44997055358225,57.34545160902701,Low
51091,All,No bedroom,5,14.7648230602334,179.51152656818726,Low
51093,All,1 bedroom,556,167.0449041425688,18.26385866726824,Medium
51093,All,2 bedrooms,2546,347.3514070793438,8.29363199391008,High
51093,All,3 bedrooms,7643,449.31948544437734,3.5737608837248005,High
51093,All,4 bedrooms,3381,364.1455752854894,6.5473259792653105,High
51093,All,5 or more bedrooms,1300,271.01475974566404,12.673124140550108,High
51093,All,No bedroom,0,28,Inf,Low
51095,All,1 bedroom,1188,218.82641522448793,11.19740542325422,High
51095,All,2 bedrooms,5659,637.0761335978613,6.84361767760381,High
51095,All,3 bedrooms,13471,684.3683218852258,3.088333271518197,High
51095,All,4 bedrooms,8318,577.2564421468157,4.21875174683837,High
51095,All,5 or more bedrooms,2577,394.30064671516834,9.301375311297587,High
51095,All,No bedroom,138,88.23831367382311,38.86979149545091,Low
51097,All,1 bedroom,75,72.03471385380801,58.38679947623749,Low
51097,All,2 bedrooms,512,147.49237268414933,17.511917349466817,Medium
51097,All,3 bedrooms,1826,224.96444163467257,7.489403038004659,High
51097,All,4 bedrooms,316,110.44002897500525,21.245821433381792,Medium
51097,All,5 or more bedrooms,85,64.03124237432849,45.79384400095011,Low
51097,All,No bedroom,0,19,Inf,Low
51099,All,1 bedroom,230,116.05602095539895,30.67424896402774,Low
51099,All,2 bedrooms,1381,267.36678926149375,11.769225386717865,High
51099,All,3 bedrooms,4520,426.9718960306404,5.742419991266648,High
51099,All,4 bedrooms,2659,312.6739515853535,7.148377228575168,High
51099,All,5 or more bedrooms,1016,209.6687864227768,12.545101262641314,High
51099,All,No bedroom,71,58.60034129593445,50.17367292772331,Low
51101,All,1 bedroom,69,80.2807573457052,70.72882899053361,Low
51101,All,2 bedrooms,799,186.23103930333417,14.169006037435409,High
51101,All,3 bedrooms,4513,344.81879299133334,4.6447216382168275,High
51101,All,4 bedrooms,1396,251.19912420229494,10.938727419300255,High
51101,All,5 or more bedrooms,312,140.69825869569246,27.413736009604172,Medium
51101,All,No bedroom,26,21.93171219946131,51.2782609292993,Low
51103,All,1 bedroom,349,126.31706139710502,22.00243185429582,Medium
51103,All,2 bedrooms,1166,224.8399430706208,11.722196951655611,High
51103,All,3 bedrooms,3040,289.0069203323685,5.779213732450178,High
51103,All,4 bedrooms,702,145.49914089093448,12.599619055493594,High
51103,All,5 or more bedrooms,159,64.88451279003334,24.807215610496204,Medium
51103,All,No bedroom,52,45.617978911828175,53.329411867931,Low
51105,All,1 bedroom,391,160.11246047700348,24.89329992879352,Medium
51105,All,2 bedrooms,2326,363.59317925395686,9.502548938103084,High
51105,All,3 bedrooms,4240,501.3033014054466,7.187350195065759,High
51105,All,4 bedrooms,1107,225.5681715136247,12.386947472350567,High
51105,All,5 or more bedrooms,286,114.12712210513327,24.258108297050455,Medium
51105,All,No bedroom,96,75.69015788066504,47.92943128208273,Low
51107,All,1 bedroom,7097,606.8648943545837,5.198179926657513,High
51107,All,2 bedrooms,18397,1080.7404868885037,3.571153440302573,High
51107,All,3 bedrooms,43987,1504.0588419340515,2.0786175107608837,High
51107,All,4 bedrooms,44640,1266.3194699600888,1.7244602819994452,High
51107,All,5 or more bedrooms,25130,1115.7799962358172,2.699107489046786,High
51107,All,No bedroom,1572,348.85527085024813,13.490462688625726,High
51109,All,1 bedroom,351,102.17631819555841,17.696086421870366,Medium
51109,All,2 bedrooms,2628,426.07511074926686,9.85586854564283,High
51109,All,3 bedrooms,8427,569.7797820210893,4.110249058487207,High
51109,All,4 bedrooms,2988,377.385744298854,7.677838899648319,High
51109,All,5 or more bedrooms,779,225.49944567559362,17.597141193065198,Medium
51109,All,No bedroom,38,27.459060435491963,43.92746830185884,Low
51111,All,1 bedroom,93,47.92702786528704,31.327926179224786,Low
51111,All,2 bedrooms,986,219.20766409959302,13.514902501254216,High
51111,All,3 bedrooms,2495,301.0398644698074,7.334787860701522,High
51111,All,4 bedrooms,849,175.9147520817967,12.595884454215522,High
51111,All,5 or more bedrooms,212,110.43550153822818,31.667001645417265,Low
51111,All,No bedroom,34,45.17742799230607,80.77494724174159,Low
51113,All,1 bedroom,138,68.81860213634101,30.315229345112993,Low
51113,All,2 bedrooms,945,197.40820651634522,12.698940609919122,High
51113,All,3 bedrooms,2879,374.77459892580765,7.913390201676488,High
51113,All,4 bedrooms,1060,202.6079958935481,11.61942971230992,High
51113,All,5 or more bedrooms,311,174.39323381370048,34.088142732767224,Low
51113,All,No bedroom,59,53.74011537017761,55.37078498807646,Low
51115,All,1 bedroom,137,93.15041599477696,41.3331333591183,Low
51115,All,2 bedrooms,951,310.9340766143203,19.87567568384713,Medium
51115,All,3 bedrooms,2149,305.5110472634337,8.642205741086437,High
51115,All,4 bedrooms,476,220.81893034792103,28.200931055135374,Medium
51115,All,5 or more bedrooms,54,41.593268686170845,46.823447806113755,Low
51115,All,No bedroom,0,19,Inf,Low
51117,All,1 bedroom,577,164.20109622045769,17.29953129544997,Medium
51117,All,2 bedrooms,3205,364.81913327017264,6.919642717641464,High
51117,All,3 bedrooms,7189,493.1287864239929,4.169903161102621,High
51117,All,4 bedrooms,1750,245.52189311749777,8.528767455232227,High
51117,All,5 or more bedrooms,571,146.2942240828393,15.57489650033688,Medium
51117,All,No bedroom,103,103.0970416646375,60.847547239140376,Low
51119,All,1 bedroom,159,71.69379331573968,27.410599421054727,Medium
51119,All,2 bedrooms,1016,193.91235133430774,11.602347326323368,High
51119,All,3 bedrooms,2740,296.0675598575433,6.568623341191918,High
51119,All,4 bedrooms,626,130.97327971765844,12.7186924961553,High
51119,All,5 or more bedrooms,192,87.13208364316786,27.587412501002994,Medium
51119,All,No bedroom,0,21,Inf,Low
51121,All,1 bedroom,2949,438.1244115545264,9.031435344205628,High
51121,All,2 bedrooms,9376,798.7314943083188,5.178658920326351,High
51121,All,3 bedrooms,14584,839.3735759481591,3.4987485804827503,High
51121,All,4 bedrooms,7510,542.5946921966708,4.392074536457334,High
51121,All,5 or more bedrooms,2033,360.32207814676025,10.774263501668077,High
51121,All,No bedroom,279,122.00409829181969,26.58301974960937,Medium
51125,All,1 bedroom,458,176.49079296099274,23.42559734553467,Medium
51125,All,2 bedrooms,1183,299.0401310861136,15.366636832642456,Medium
51125,All,3 bedrooms,3166,340.87241014784405,6.545081194143782,High
51125,All,4 bedrooms,1272,238.47222060441337,11.396848684044148,High
51125,All,5 or more bedrooms,354,115.8792474949678,19.89924055002624,Medium
51125,All,No bedroom,37,37.12142238654117,60.9897681533577,Low
51127,All,1 bedroom,251,154.7384890710776,37.47647442354051,Low
51127,All,2 bedrooms,776,217.9954127957742,17.07732059002399,Medium
51127,All,3 bedrooms,4696,450.0055555212624,5.825374962087147,High
51127,All,4 bedrooms,2407,337.5574025258519,8.525220955744627,High
51127,All,5 or more bedrooms,903,251.24689052802225,16.914027912902434,Medium
51127,All,No bedroom,1,25.079872407968907,1524.6123044357996,Low
51131,All,1 bedroom,384,97.26767191621273,15.398250999907031,Medium
51131,All,2 bedrooms,1438,253.6631624812716,10.723402669245601,High
51131,All,3 bedrooms,2431,249.43536236869062,6.237451218835998,High
51131,All,4 bedrooms,915,188.55768348173987,12.52729307102097,High
51131,All,5 or more bedrooms,162,63.788713735268246,23.936625665228807,Medium
51131,All,No bedroom,8,9.219544457292887,70.05732870283349,Low
51133,All,1 bedroom,79,66.40783086353596,51.10063549962369,Low
51133,All,2 bedrooms,1244,269.6831474156292,13.178546868891857,High
51133,All,3 bedrooms,2954,337.7365837453799,6.95027058761969,High
51133,All,4 bedrooms,758,166.78429182629878,13.37580834433109,High
51133,All,5 or more bedrooms,337,175.72990639046048,31.699314781860416,Low
51133,All,No bedroom,64,81.27115109311545,77.19524229969173,Low
51135,All,1 bedroom,221,100.40418317978589,27.61808941940774,Medium
51135,All,2 bedrooms,1274,261.45171638373307,12.475448477796904,High
51135,All,3 bedrooms,2859,314.53457679562035,6.687877917558276,High
51135,All,4 bedrooms,936,198.04039991880444,12.862104793001613,High
51135,All,5 or more bedrooms,173,70.178344238091,24.659888693392485,Medium
51135,All,No bedroom,29,25.942243542145693,54.38055453756565,Low
51137,All,1 bedroom,519,197.4968354176846,23.132729579057763,Medium
51137,All,2 bedrooms,2561,403.2517823891173,9.571958673749386,High
51137,All,3 bedrooms,7293,609.6794239598381,5.081938703431222,High
51137,All,4 bedrooms,3129,523.9274758971894,10.17887330885771,High
51137,All,5 or more bedrooms,1055,271.0885464197999,15.62042359698641,Medium
51137,All,No bedroom,110,114.28035701729323,63.15576513804544,Low
51139,All,1 bedroom,327,97.20082304178294,18.069922393274577,Medium
51139,All,2 bedrooms,2257,355.2365409132343,9.567978067915266,High
51139,All,3 bedrooms,4949,536.478331342469,6.589748336896147,High
51139,All,4 bedrooms,1377,250.15395259719563,11.043520123134325,High
51139,All,5 or more bedrooms,390,139.8177385026664,21.793739927155546,Medium
51139,All,No bedroom,209,137.92751719653333,40.11794976702879,Low
51141,All,1 bedroom,401,158.61904047118682,24.046121849053176,Medium
51141,All,2 bedrooms,2014,319.25068519895143,9.636214739949574,High
51141,All,3 bedrooms,4260,441.61634933503086,6.301872930277136,High
51141,All,4 bedrooms,828,215.41123461880997,15.815106134737821,Medium
51141,All,5 or more bedrooms,205,101.11874208078342,29.985541428062394,Medium
51141,All,No bedroom,89,79.20227269466452,54.09806543127934,Low
51143,All,1 bedroom,613,171.2337583538947,16.980990232291703,Medium
51143,All,2 bedrooms,5634,551.762630122773,5.953461345983116,High
51143,All,3 bedrooms,14431,738.7563874512355,3.1119952106280637,High
51143,All,4 bedrooms,3301,403.7078151336682,7.434567863909127,High
51143,All,5 or more bedrooms,592,155.6181223379848,15.979844978434322,Medium
51143,All,No bedroom,62,46.52956049652737,45.62168888766288,Low
51145,All,1 bedroom,76,74.02702209328699,59.21214373163253,Low
51145,All,2 bedrooms,883,277.89386463180506,19.1316467163824,Medium
51145,All,3 bedrooms,5760,488.082984747471,5.151162875163279,High
51145,All,4 bedrooms,3503,386.39358172723314,6.705387249092322,High
51145,All,5 or more bedrooms,887,254.043303395307,17.410780054711726,Medium
51145,All,No bedroom,42,54.70831746635972,79.18413296621758,Low
51147,All,1 bedroom,761,251.24689052802225,20.07012773370683,Medium
51147,All,2 bedrooms,1463,303.9605237526742,12.63010484567349,High
51147,All,3 bedrooms,3807,361.96408661633825,5.779851810595875,High
51147,All,4 bedrooms,1168,217.56838005555863,11.32366553147555,High
51147,All,5 or more bedrooms,331,165.07574019219177,30.317218742539744,Low
51147,All,No bedroom,30,43.829214001622255,88.81299696377357,Low
51149,All,1 bedroom,108,82.13403679352427,46.23102374959151,Low
51149,All,2 bedrooms,1328,298.41246622753545,13.66007187843481,High
51149,All,3 bedrooms,7185,590.8104603000864,4.998681906962423,High
51149,All,4 bedrooms,3263,455.99232449680557,8.495218555226009,High
51149,All,5 or more bedrooms,818,219.78398485785993,16.33340900096313,Medium
51149,All,No bedroom,16,20.248456731316587,76.93182648676515,Low
51153,All,1 bedroom,7137,783.7786677372637,6.675931010128422,High
51153,All,2 bedrooms,21280,1275.4234590911365,3.643484068523711,High
51153,All,3 bedrooms,55067,1668.600011986096,1.8420224668960559,High
51153,All,4 bedrooms,48423,1535.7437937364423,1.9279740068463815,High
51153,All,5 or more bedrooms,20873,1126.2455327325388,3.2800639115744814,High
51153,All,No bedroom,1829,436.7985805837743,14.517826792050876,High
51155,All,1 bedroom,655,179.82491484774852,16.68947445163447,Medium
51155,All,2 bedrooms,4022,471.29184164379507,7.123311779797664,High
51155,All,3 bedrooms,6442,513.5133883356889,4.845796235907112,High
51155,All,4 bedrooms,2558,393.68642343875666,9.355866057942224,High
51155,All,5 or more bedrooms,645,176.91806012954132,16.67425933691867,Medium
51155,All,No bedroom,64,64.8459713474939,61.593817769276114,Low
51157,All,1 bedroom,123,77.33692520394123,38.22221820443386,Low
51157,All,2 bedrooms,656,201.357890334598,18.659453103880754,Medium
51157,All,3 bedrooms,1271,214.46211786700232,10.257443597626851,High
51157,All,4 bedrooms,626,185.16209115258988,17.980917209919678,Medium
51157,All,5 or more bedrooms,149,75.47184905645283,30.79163993245867,Low
51157,All,No bedroom,36,51.62363799656123,87.1726409938555,Low
51159,All,1 bedroom,107,63.63961030678928,36.15578803328653,Low
51159,All,2 bedrooms,978,263.1805463935357,16.358709008120016,Medium
51159,All,3 bedrooms,1377,221.81974664127628,9.792652925560667,High
51159,All,4 bedrooms,327,142.1442928857856,26.42504724459917,Medium
51159,All,5 or more bedrooms,96,82.49242389456137,52.23684390486408,Low
51159,All,No bedroom,46,58.18934610390462,76.89883190683841,Low
51161,All,1 bedroom,2610,512.9610121636927,11.947525001192345,High
51161,All,2 bedrooms,7192,697.0853606266595,5.892103693623272,High
51161,All,3 bedrooms,16409,802.1327820255198,2.971654046422814,High
51161,All,4 bedrooms,9668,731.3391825958732,4.59850113491865,High
51161,All,5 or more bedrooms,3026,386.76220084180926,7.7697884964915875,High
51161,All,No bedroom,326,129.71121771072848,24.18766996302767,Medium
51163,All,1 bedroom,561,221.0701246211256,23.955282265291096,Medium
51163,All,2 bedrooms,2548,388.2743875148089,9.263463984263453,High
51163,All,3 bedrooms,4870,428.9114127649205,5.353930618761607,High
51163,All,4 bedrooms,1172,237.92856070678022,12.341077041130958,High
51163,All,5 or more bedrooms,386,125.686116973992,19.79402443800368,Medium
51163,All,No bedroom,15,17.029386365926403,69.01473704529444,Low
51165,All,1 bedroom,1305,260.93102536877444,12.154841694617357,High
51165,All,2 bedrooms,6741,599.6332212277769,5.407486656555487,High
51165,All,3 bedrooms,15756,718.4490239397643,2.771941654068636,High
51165,All,4 bedrooms,5816,501.37810083808006,5.2405281817487035,High
51165,All,5 or more bedrooms,2116,348.209706929603,10.003668874851414,High
51165,All,No bedroom,314,140.13208055259867,27.12951436559322,Medium
51167,All,1 bedroom,422,205.9732992404598,29.671026554755876,Medium
51167,All,2 bedrooms,2544,359.7554725087584,8.59655408300258,High
51167,All,3 bedrooms,5820,505.8082640685104,5.283199783458261,High
51167,All,4 bedrooms,1392,334.3067453701765,14.599567889903945,High
51167,All,5 or more bedrooms,252,100.16985574512923,24.164098939819855,Medium
51167,All,No bedroom,40,31.144823004794873,47.332557758046924,Low
51169,All,1 bedroom,284,98.88377015466189,21.166096612582276,Medium
51169,All,2 bedrooms,2333,349.56687486087696,9.108558057860899,High
51169,All,3 bedrooms,5042,342.23529917295207,4.126254949885425,High
51169,All,4 bedrooms,883,178.53291013143766,12.291126212548246,High
51169,All,5 or more bedrooms,284,108.07867504739313,23.13426838635925,Medium
51169,All,No bedroom,125,79.98124780221924,38.89665546612486,Low
51171,All,1 bedroom,939,247.29334807066687,16.00961690932065,Medium
51171,All,2 bedrooms,4595,457.86133271985307,6.057348349697578,High
51171,All,3 bedrooms,8510,446.21295364433337,3.1874744437570914,High
51171,All,4 bedrooms,2909,380.1710141502111,7.944551374472705,High
51171,All,5 or more bedrooms,761,226.10838109190027,18.062010959176273,Medium
51171,All,No bedroom,68,43.382023926967726,38.782427969754806,Low
51173,All,1 bedroom,689,167.80047675736802,14.80498822198314,High
51173,All,2 bedrooms,3110,360.16801634792614,7.040100398712383,High
51173,All,3 bedrooms,6836,414.701097177232,3.68779887967716,High
51173,All,4 bedrooms,1404,214.55302374937528,9.28969872225146,High
51173,All,5 or more bedrooms,377,127.26350615946427,20.520910751084674,Medium
51173,All,No bedroom,114,62.6418390534633,33.403636246714285,Low
51175,All,1 bedroom,174,77.80102827083971,27.18129765253108,Medium
51175,All,2 bedrooms,1414,280.8166661720775,12.072787804631817,High
51175,All,3 bedrooms,3957,303.19960422137757,4.657969897083274,High
51175,All,4 bedrooms,1062,195.49424543960367,11.19034713648067,High
51175,All,5 or more bedrooms,266,101.20276676059801,23.128360436181183,Medium
51175,All,No bedroom,14,18.973665961010276,82.38673886674023,Low
51177,All,1 bedroom,1725,286.27259736132623,10.08845768420162,High
51177,All,2 bedrooms,7080,731.5524588161809,6.281253402848735,High
51177,All,3 bedrooms,20568,926.6914265277304,2.7389063263727476,High
51177,All,4 bedrooms,15770,840.9500579701509,3.2416984192221805,High
51177,All,5 or more bedrooms,6006,628.1687671318911,6.3580671317728985,High
51177,All,No bedroom,140,69.6419413859206,30.23966191312228,Low
51179,All,1 bedroom,876,239.47651241823277,16.618541895201506,Medium
51179,All,2 bedrooms,5467,558.3950214677777,6.2090700763606534,High
51179,All,3 bedrooms,17025,865.4946562515565,3.090376323934698,High
51179,All,4 bedrooms,18389,885.641010793877,2.92774807323817,High
51179,All,5 or more bedrooms,9140,761.0098553895343,5.0614876682842,High
51179,All,No bedroom,412,244.96530366564158,36.14443646024162,Low
51181,All,1 bedroom,102,59.93329625508679,35.7192301418957,Low
51181,All,2 bedrooms,571,149.33519344079613,15.898646691486288,Medium
51181,All,3 bedrooms,1465,163.24827717314508,6.773998243644308,High
51181,All,4 bedrooms,578,111.40017953306898,11.71634496198704,High
51181,All,5 or more bedrooms,31,29.068883707497267,57.00339975977501,Low
51181,All,No bedroom,8,21.95449840010015,166.8274954414905,Low
51183,All,1 bedroom,60,28.460498941515414,28.83535860335908,Medium
51183,All,2 bedrooms,619,150.65855435387664,14.795758857445005,High
51183,All,3 bedrooms,2268,242.40668307618913,6.49734064200182,High
51183,All,4 bedrooms,660,167.0269439342048,15.384263050032681,Medium
51183,All,5 or more bedrooms,98,53.81449618829484,33.381611679359125,Low
51183,All,No bedroom,0,21,Inf,Low
51185,All,1 bedroom,574,178.70926109186397,18.926454475272333,Medium
51185,All,2 bedrooms,4092,471.9502092382204,7.011237127202316,High
51185,All,3 bedrooms,8048,560.5327822705823,4.233963863253475,High
51185,All,4 bedrooms,2654,345.9132839311032,7.9231963665809975,High
51185,All,5 or more bedrooms,460,166.0873264279969,21.948900016915147,Medium
51185,All,No bedroom,123,76.00657866263946,37.56472121117921,Low
51187,All,1 bedroom,800,195.757503049053,14.87519020129582,High
51187,All,2 bedrooms,3032,381.27811371753296,7.644459377932909,High
51187,All,3 bedrooms,7877,579.8525674686626,4.47497730083825,High
51187,All,4 bedrooms,2721,336.1621632486321,7.510249857823863,High
51187,All,5 or more bedrooms,794,205.20477577288497,15.71089981647194,Medium
51187,All,No bedroom,133,96.51942809610924,44.11610855228157,Low
51191,All,1 bedroom,692,155.07740002979156,13.623117876011698,High
51191,All,2 bedrooms,5605,527.045538829426,5.7161895596845635,High
51191,All,3 bedrooms,11333,574.708621825008,3.082740169052038,High
51191,All,4 bedrooms,3388,375.40644640176333,6.735850227726023,High
51191,All,5 or more bedrooms,965,226.73552875542023,14.283227790630754,High
51191,All,No bedroom,135,83.773504164503,37.72306840684588,Low
51193,All,1 bedroom,221,95.38343671728336,26.237037152837573,Medium
51193,All,2 bedrooms,1509,292.8361316504505,11.79694403590415,High
51193,All,3 bedrooms,4905,471.3013897709193,5.841088768930894,High
51193,All,4 bedrooms,1153,289.35963782117227,15.256072453843009,Medium
51193,All,5 or more bedrooms,204,92.39588735436226,27.533192488933267,Medium
51193,All,No bedroom,37,41.86884283091664,68.78968673443956,Low
51195,All,1 bedroom,470,188.45158529447292,24.37451791948172,Medium
51195,All,2 bedrooms,2830,342.6601815209932,7.3605675517628795,High
51195,All,3 bedrooms,8201,612.3952971733208,4.539407101538295,High
51195,All,4 bedrooms,2047,333.17412864746865,9.89435584872424,High
51195,All,5 or more bedrooms,475,124.03628501370073,15.874104625013693,Medium
51195,All,No bedroom,32,25.632011235952593,48.693030463435775,Low
51197,All,1 bedroom,677,191.4001044931794,17.186506219839845,Medium
51197,All,2 bedrooms,3076,379.7709836203919,7.505325742198488,High
51197,All,3 bedrooms,6387,480.13019067748695,4.569789515248127,High
51197,All,4 bedrooms,1703,281.88827574058485,10.062281500037832,High
51197,All,5 or more bedrooms,484,149.69301920931383,18.80140410576928,Medium
51197,All,No bedroom,69,58.69412236331676,51.71060513925973,Low
51199,All,1 bedroom,1071,257.6140524117425,14.622249036451034,High
51199,All,2 bedrooms,4111,453.43136195018536,6.704990642648056,High
51199,All,3 bedrooms,10019,661.3017465575,4.012447756906255,High
51199,All,4 bedrooms,8494,576.7217700069939,4.1275104973580055,High
51199,All,5 or more bedrooms,2671,406.55872884492345,9.253019971230415,High
51199,All,No bedroom,79,65.76473218982953,50.605772913569716,Low
51510,All,1 bedroom,21720,1097.9854279543058,3.0730586798387485,High
51510,All,2 bedrooms,24918,1045.8393758125576,2.551443203769294,High
51510,All,3 bedrooms,15271,871.9271758581676,3.470937826044788,High
51510,All,4 bedrooms,5932,506.0474286072403,5.18590047495978,High
51510,All,5 or more bedrooms,1961,249.3692041933005,7.730352952274537,High
51510,All,No bedroom,5547,600.1666435249464,6.577302044205241,High
51520,All,1 bedroom,552,168.00297616411441,18.501715361009914,Medium
51520,All,2 bedrooms,1973,307.05862632402955,9.460809879390911,High
51520,All,3 bedrooms,3215,421.3846224057067,7.967678528283677,High
51520,All,4 bedrooms,960,223.59114472626146,14.158507138187781,High
51520,All,5 or more bedrooms,264,161.83942659315127,37.26614778326224,Low
51520,All,No bedroom,363,167.7647161950331,28.094939367987653,Medium
51530,All,1 bedroom,90,71.56814934033156,48.3405264034661,Low
51530,All,2 bedrooms,344,127.47548783981962,22.526947027606493,Medium
51530,All,3 bedrooms,1596,273.22152184628504,10.40677384366254,High
51530,All,4 bedrooms,522,228.55415113272392,26.616607988066,Medium
51530,All,5 or more bedrooms,59,47.75981574503821,49.20902142603494,Low
51530,All,No bedroom,0,19,Inf,Low
51540,All,1 bedroom,2760,371.076811455526,8.17313799954905,High
51540,All,2 bedrooms,5260,440.5825688789787,5.091850738832719,High
51540,All,3 bedrooms,6617,551.457160620841,5.066228146997634,High
51540,All,4 bedrooms,3640,359.60672963669634,6.005656996504498,High
51540,All,5 or more bedrooms,784,189.12958520548815,14.664845946706793,High
51540,All,No bedroom,638,192.75113488641253,18.365821658336987,Medium
51550,All,1 bedroom,3939,589.8643911951289,9.103330211178355,High
51550,All,2 bedrooms,19181,1158.6962501018115,3.6722518123282506,High
51550,All,3 bedrooms,33790,1393.155411287628,2.5063716649457954,High
51550,All,4 bedrooms,26007,1104.7940984636007,2.5824099461265,High
51550,All,5 or more bedrooms,8753,770.4557093045647,5.3508755091493745,High
51550,All,No bedroom,691,265.3337520934719,23.34256349271105,Medium
51570,All,1 bedroom,206,98.08159868191383,28.943724343233047,Medium
51570,All,2 bedrooms,2043,316.7459549860108,9.424901248864037,High
51570,All,3 bedrooms,3123,378.33582965402576,7.36443758590837,High
51570,All,4 bedrooms,1793,234.71898091121648,7.957964895946799,High
51570,All,5 or more bedrooms,322,116.05602095539895,21.910177831448387,Medium
51570,All,No bedroom,58,65.45991139621256,68.60906759900698,Low
51580,All,1 bedroom,125,81.34494452638098,39.559851441401086,Low
51580,All,2 bedrooms,996,195.64508682816444,11.941082678932412,High
51580,All,3 bedrooms,920,200,13.215276860050217,High
51580,All,4 bedrooms,361,133.71985641631537,22.517636153594857,Medium
51580,All,5 or more bedrooms,91,60.08327554319921,40.13712919148883,Low
51580,All,No bedroom,0,19,Inf,Low
51590,All,1 bedroom,1935,297.88924116187883,9.358536671673736,High
51590,All,2 bedrooms,6868,613.8574753149138,5.4333960176078815,High
51590,All,3 bedrooms,6717,529.9150875376167,4.7958438488887625,High
51590,All,4 bedrooms,2216,337.8313188560232,9.267535329025248,High
51590,All,5 or more bedrooms,582,158.3161394173064,16.53622237722416,Medium
51590,All,No bedroom,314,148.35430563350698,28.721333830272584,Medium
51595,All,1 bedroom,159,95.90099061010788,36.665707254729554,Low
51595,All,2 bedrooms,642,159.2262541165872,15.07695879296151,Medium
51595,All,3 bedrooms,1068,221.02036105300343,12.580419672199461,High
51595,All,4 bedrooms,305,128.14444974324874,25.540774277392746,Medium
51595,All,5 or more bedrooms,37,35.4682957019364,58.273713467405564,Low
51595,All,No bedroom,8,23.600847442411894,179.33774652288673,Low
51600,All,1 bedroom,862,247.45504642257754,17.45111364837393,Medium
51600,All,2 bedrooms,1723,286.2446506050375,10.099182016417872,High
51600,All,3 bedrooms,2997,354.5645216318181,7.191883304415217,High
51600,All,4 bedrooms,2254,274.4886154287642,7.402944995557083,High
51600,All,5 or more bedrooms,1189,231.32012450281968,11.82675664221011,High
51600,All,No bedroom,133,95.56673061269805,43.680659374590604,Low
51610,All,1 bedroom,1370,242.53865671269807,10.762037437610013,High
51610,All,2 bedrooms,1572,263.62283664356545,10.194468419358742,High
51610,All,3 bedrooms,1267,205.8834621818858,9.87822571960598,High
51610,All,4 bedrooms,937,176.32356620712955,11.43944271519916,High
51610,All,5 or more bedrooms,585,157.40711546813887,16.356960015393852,Medium
51610,All,No bedroom,322,123.06502346320826,23.23340509792676,Medium
51620,All,1 bedroom,186,89.05054744357274,29.104339459284486,Medium
51620,All,2 bedrooms,999,249.3290997858052,15.171956137645559,Medium
51620,All,3 bedrooms,1352,228.40534144367115,10.269839636142837,High
51620,All,4 bedrooms,755,206.70026608594387,16.6428685026626,Medium
51620,All,5 or more bedrooms,89,76.40026177965623,52.184188914078234,Low
51620,All,No bedroom,7,22.47220505424423,195.15592752274625,Low
51630,All,1 bedroom,2225,353.30581653859025,9.65283471298358,High
51630,All,2 bedrooms,3126,409.76212611709246,7.968506634562021,High
51630,All,3 bedrooms,3199,444.59982006294155,8.448685428157955,High
51630,All,4 bedrooms,1853,303.84206423732707,9.96796665023045,High
51630,All,5 or more bedrooms,774,209.61870145576228,16.463537731263187,Medium
51630,All,No bedroom,266,146.15402833996743,33.401290842600595,Low
51640,All,1 bedroom,145,94.42986815621421,39.58908632479371,Low
51640,All,2 bedrooms,953,238.949785519887,15.24220653510667,Medium
51640,All,3 bedrooms,1080,216.45553815968765,12.183695719896862,High
51640,All,4 bedrooms,382,153.0261415575783,24.352096875758416,Medium
51640,All,5 or more bedrooms,124,71.02112361825881,34.81768978245848,Low
51640,All,No bedroom,45,62.93647591023825,85.02056860552278,Low
51650,All,1 bedroom,5604,596.0511722998286,6.465759068097567,High
51650,All,2 bedrooms,15095,1110.6655662259454,4.472849526357167,High
51650,All,3 bedrooms,22880,1202.8807089649413,3.195954866848421,High
51650,All,4 bedrooms,11911,966.0253619859056,4.930311981981386,High
51650,All,5 or more bedrooms,1449,309.438200615244,12.981941245099083,High
51650,All,No bedroom,801,242.404620418011,18.39680797316508,Medium
51660,All,1 bedroom,1872,359.9069324144785,11.687414998002184,High
51660,All,2 bedrooms,4397,482.6365091867792,6.672641669704051,High
51660,All,3 bedrooms,6061,588.3196410115847,5.9006949209037884,High
51660,All,4 bedrooms,3752,423.88323864007646,6.867797983164017,High
51660,All,5 or more bedrooms,970,243.31255619059203,15.248491598445277,Medium
51660,All,No bedroom,279,145.34441853748632,31.66855542209722,Low
51670,All,1 bedroom,493,138.2208377922808,17.043575132990227,Medium
51670,All,2 bedrooms,2575,389.5497400846264,9.196440879030341,High
51670,All,3 bedrooms,4292,499.13925912514634,7.0696207140894956,High
51670,All,4 bedrooms,1595,323.7900554371613,12.340618209913629,High
51670,All,5 or more bedrooms,324,164.80594649465777,30.921600528098196,Low
51670,All,No bedroom,139,106.96261028976434,46.77903841585111,Low
51678,All,1 bedroom,303,152.08221460775746,30.511945310372962,Low
51678,All,2 bedrooms,861,234.1815535006974,16.53421683987287,Medium
51678,All,3 bedrooms,552,156.33937443907084,17.217234311161494,Medium
51678,All,4 bedrooms,240,103.77379245262264,26.28515512984363,Medium
51678,All,5 or more bedrooms,85,75.43208866258443,53.94749770254563,Low
51678,All,No bedroom,20,32.202484376209235,97.87989172100072,Low
51680,All,1 bedroom,3046,377.02519809689113,7.524446792482664,High
51680,All,2 bedrooms,9305,705.7988381968336,4.6110375550408955,High
51680,All,3 bedrooms,9901,682.22063879657,4.188706116367049,High
51680,All,4 bedrooms,4606,474.3416490252569,6.260390491393634,High
51680,All,5 or more bedrooms,1462,264.43335644354704,10.995195674141971,High
51680,All,No bedroom,367,124.33824833895642,20.595520790266338,Medium
51683,All,1 bedroom,981,243.10080213771406,15.064387628634886,Medium
51683,All,2 bedrooms,2633,427.12995680471766,9.861506615351278,High
51683,All,3 bedrooms,4868,564.2490584839287,7.0461903490311855,High
51683,All,4 bedrooms,3897,432.862564793954,6.752330953573576,High
51683,All,5 or more bedrooms,1425,320.66493416025395,13.679515135082553,High
51683,All,No bedroom,237,126.40015822774906,32.421519815256325,Low
51685,All,1 bedroom,403,193.61043360315063,29.205040253290388,Medium
51685,All,2 bedrooms,1110,249.6096953245206,13.670127622581155,High
51685,All,3 bedrooms,2205,367.40440933663274,10.129076893124434,High
51685,All,4 bedrooms,876,232.46720198772127,16.132128769047014,Medium
51685,All,5 or more bedrooms,521,141.56623891309678,16.517947005477748,Medium
51685,All,No bedroom,50,57.0087712549569,69.31157599386857,Low
51690,All,1 bedroom,406,160.80111939908875,24.076709449307312,Medium
51690,All,2 bedrooms,2093,335.21634805003174,9.736212851639833,High
51690,All,3 bedrooms,1997,300.32315928013276,9.142076618883728,High
51690,All,4 bedrooms,785,192.75113488641253,14.926616838240761,High
51690,All,5 or more bedrooms,326,97.50897394599124,18.182813498049722,Medium
51690,All,No bedroom,12,26.40075756488817,133.74243953844058,Low
51700,All,1 bedroom,7876,775.8376118750624,5.988240307401982,High
51700,All,2 bedrooms,22050,1163.3868660080361,3.2073744143471554,High
51700,All,3 bedrooms,29651,1275.881264068095,2.6158028757198513,High
51700,All,4 bedrooms,11831,823.0388812200795,4.228954334949112,High
51700,All,5 or more bedrooms,2739,420.240407386058,9.326954846433159,High
51700,All,No bedroom,1651,389.23643200502187,14.331792355927671,High
51710,All,1 bedroom,13081,822.515653346488,3.822410486294249,High
51710,All,2 bedrooms,27558,1139.5595640421786,2.513757806507852,High
51710,All,3 bedrooms,32465,1250.9588322562818,2.342403499782617,High
51710,All,4 bedrooms,15506,1039.299764264382,4.074507737427974,High
51710,All,5 or more bedrooms,3815,444.1125983351519,7.076730365022916,High
51710,All,No bedroom,2032,385.5230213618896,11.533489139180098,High
51720,All,1 bedroom,207,120.07497657713701,35.262756876242456,Low
51720,All,2 bedrooms,524,152.95751043999115,17.744902484975423,Medium
51720,All,3 bedrooms,554,151.38031576133008,16.610922032779573,Medium
51720,All,4 bedrooms,238,126.75172582651489,32.375092801337104,Low
51720,All,5 or more bedrooms,30,28.178005607210743,57.098288971045065,Low
51720,All,No bedroom,0,13,Inf,Low
51730,All,1 bedroom,2640,449.67766233158613,10.354556100478634,High
51730,All,2 bedrooms,4735,601.5189107584233,7.72259749403393,High
51730,All,3 bedrooms,4899,546.1071323467585,6.776485398319718,High
51730,All,4 bedrooms,1901,368.8590516715023,11.795393295530022,High
51730,All,5 or more bedrooms,342,152.59423318068085,27.123523912739444,Medium
51730,All,No bedroom,337,162.43152403397562,29.30046522308869,Medium
51735,All,1 bedroom,9,25.80697580112788,174.31256873439972,Low
51735,All,2 bedrooms,730,189.50989420080418,15.78131275353326,Medium
51735,All,3 bedrooms,1708,244.37675830569486,8.69773418512186,High
51735,All,4 bedrooms,1595,216.33307652783935,8.245107775165149,High
51735,All,5 or more bedrooms,615,142.55525244620065,14.091012671678222,High
51735,All,No bedroom,0,21,Inf,Low
51740,All,1 bedroom,3488,419.2970307550484,7.307678096592545,High
51740,All,2 bedrooms,12179,845.0946692530962,4.218206431136241,High
51740,All,3 bedrooms,16735,766.5624566856898,2.7845558075804933,High
51740,All,4 bedrooms,5854,501.36014999199926,5.206323995252244,High
51740,All,5 or more bedrooms,1002,249.81593223811808,15.15606672600805,Medium
51740,All,No bedroom,420,173.3666634621547,25.09287356522719,Medium
51750,All,1 bedroom,646,175.60182231400674,16.524586401611668,Medium
51750,All,2 bedrooms,1854,292.4944443916841,9.590516336703493,High
51750,All,3 bedrooms,1894,262.4137953690697,8.422495462204104,High
51750,All,4 bedrooms,788,182.43903091169938,14.074262178243515,High
51750,All,5 or more bedrooms,252,113.89907813498755,27.47601633979533,Medium
51750,All,No bedroom,66,51.07837115648854,47.046487203176326,Low
51760,All,1 bedroom,18514,1021.3187553354732,3.353475560384184,High
51760,All,2 bedrooms,32507,1494.6009500866778,2.795004171814437,High
51760,All,3 bedrooms,32054,1335.6960732142622,2.5331418755437247,High
51760,All,4 bedrooms,13054,851.099289154914,3.9634256634932563,High
51760,All,5 or more bedrooms,2088,251.23096942853203,7.314367508313014,High
51760,All,No bedroom,3928,648.7064050863071,10.039470423339054,High
51770,All,1 bedroom,4924,499.0490957811666,6.1611151605456635,High
51770,All,2 bedrooms,12882,893.4433389980587,4.216167131243939,High
51770,All,3 bedrooms,16186,1025.3570109966577,3.8509658464899412,High
51770,All,4 bedrooms,6390,668.6777998408501,6.361362499734578,High
51770,All,5 or more bedrooms,1248,345.7354479945613,16.84082729300918,Medium
51770,All,No bedroom,1799,380.0328933131973,12.84174738458878,High
51775,All,1 bedroom,870,212.47352776287215,14.846349282945335,High
51775,All,2 bedrooms,2681,318.5231545743574,7.222346027813815,High
51775,All,3 bedrooms,3774,349.8185243808567,5.6347545819155656,High
51775,All,4 bedrooms,2205,277.98201380664904,7.663765380053595,High
51775,All,5 or more bedrooms,461,127.57742747053649,16.823138211570786,Medium
51775,All,No bedroom,149,94.37160589923221,38.502521735269454,Low
51790,All,1 bedroom,1256,235.61409125941512,11.403698297263233,High
51790,All,2 bedrooms,3025,369.7742554586514,7.430967981283658,High
51790,All,3 bedrooms,4837,421.8269787483963,5.301421838228954,High
51790,All,4 bedrooms,1654,262.36615635405417,9.642872077787077,High
51790,All,5 or more bedrooms,393,147.82760229402356,22.866362296731335,Medium
51790,All,No bedroom,191,111.83022847155415,35.5926187468146,Low
51800,All,1 bedroom,1537,328.39762483915746,12.988537052172353,High
51800,All,2 bedrooms,6426,556.4647338331514,5.264183534720284,High
51800,All,3 bedrooms,15603,737.2218119399344,2.8722627455905205,High
51800,All,4 bedrooms,10615,631.3834017457222,3.615823806969962,High
51800,All,5 or more bedrooms,2668,377.4612562899668,8.600439665197039,High
51800,All,No bedroom,284,139.17614738165446,29.79069039377851,Medium
51810,All,1 bedroom,12088,920.0701060245354,4.627011369634512,High
51810,All,2 bedrooms,38867,1414.035360236794,2.2116344551156084,High
51810,All,3 bedrooms,70664,1919.0354347953037,1.6508928031997512,High
51810,All,4 bedrooms,44417,1296.3186336699785,1.774175751555431,High
51810,All,5 or more bedrooms,12177,791.9608576186073,3.9536435230732074,High
51810,All,No bedroom,1587,346.30189141845585,13.265146006533165,High
51820,All,1 bedroom,832,242.53865671269807,17.721143376833794,Medium
51820,All,2 bedrooms,2565,341.1627177755506,8.085526292695109,High
51820,All,3 bedrooms,3801,397.0201506221063,6.349635244318305,High
51820,All,4 bedrooms,2041,357.9972066930132,10.662786931521236,High
51820,All,5 or more bedrooms,252,108.30050784737807,26.125466263177998,Medium
51820,All,No bedroom,129,117.6860229593982,55.45864751509069,Low
51830,All,1 bedroom,500,193.70596273734063,23.55087692855205,Medium
51830,All,2 bedrooms,1679,310.4126286090822,11.238873501164292,High
51830,All,3 bedrooms,1770,279.0877998050076,9.585211127883076,High
51830,All,4 bedrooms,718,174.79416466232504,14.799143573615078,High
51830,All,5 or more bedrooms,234,102.20078277586722,26.55048522481158,Medium
51830,All,No bedroom,72,63.34824385884742,53.485514909530075,Low
51840,All,1 bedroom,1457,323.9660476037574,13.516804843351657,High
51840,All,2 bedrooms,3332,500.6325998174709,9.133731300741651,High
51840,All,3 bedrooms,4228,469.2941508265365,6.747521241032234,High
51840,All,4 bedrooms,1450,294.49108645254444,12.346340486428861,High
51840,All,5 or more bedrooms,538,160.64868502418562,18.15218867856698,Medium
51840,All,No bedroom,250,134.34656675925888,32.66785817854319,Low
