GEOID,tenure,opr,overcrowded,estimate,moe,cv,reliability
51001,Owner,0.50 or less,Not overcrowded,8623,426,3.0032072984987135,High
51001,Owner,0.51 to 1.00,Not overcrowded,1353,272,12.220956694231216,High
51001,Owner,1.01 to 1.50,Overcrowded,102,69,41.12283211156803,Low
51001,Owner,1.51 to 2.00,Very overcrowded,3,5,101.31712259371832,Low
51001,Owner,2.01 or more,Very overcrowded,0,28,Inf,Low
51001,Renter,0.50 or less,Not overcrowded,2494,393,9.579221133760539,High
51001,Renter,0.51 to 1.00,Not overcrowded,1599,368,13.990506984798628,High
51001,Renter,1.01 to 1.50,Overcrowded,126,101,48.7287113426931,Low
51001,Renter,1.51 to 2.00,Very overcrowded,2,6,182.370820668693,Low
51001,Renter,2.01 or more,Very overcrowded,0,28,Inf,Low
51003,Owner,0.50 or less,Not overcrowded,25997,678,1.585406218837736,High
51003,Owner,0.51 to 1.00,Not overcrowded,3573,452,7.690233318616404,High
51003,Owner,1.01 to 1.50,Overcrowded,79,53,40.78334808202839,Low
51003,Owner,1.51 to 2.00,Very overcrowded,68,57,50.956552833899515,Low
51003,Owner,2.01 or more,Very overcrowded,3,6,121.580547112462,Low
51003,Renter,0.50 or less,Not overcrowded,11030,669,3.6870981875900757,High
51003,Renter,0.51 to 1.00,Not overcrowded,4119,458,6.7593943405568835,High
51003,Renter,1.01 to 1.50,Overcrowded,58,48,50.309191908604966,Low
51003,Renter,1.51 to 2.00,Very overcrowded,137,78,34.61052071084685,Low
51003,Renter,2.01 or more,Very overcrowded,0,31,Inf,Low
51005,Owner,0.50 or less,Not overcrowded,4321,256,3.6015528883117645,High
51005,Owner,0.51 to 1.00,Not overcrowded,739,145,11.927726205214473,High
51005,Owner,1.01 to 1.50,Overcrowded,9,16,108.07159743329954,Low
51005,Owner,1.51 to 2.00,Very overcrowded,1,4,243.161094224924,Low
51005,Owner,2.01 or more,Very overcrowded,0,21,Inf,Low
51005,Renter,0.50 or less,Not overcrowded,760,160,12.797952327627579,High
51005,Renter,0.51 to 1.00,Not overcrowded,462,160,21.05290859090251,Medium
51005,Renter,1.01 to 1.50,Overcrowded,0,21,Inf,Low
51005,Renter,1.51 to 2.00,Very overcrowded,0,21,Inf,Low
51005,Renter,2.01 or more,Very overcrowded,0,21,Inf,Low
51007,Owner,0.50 or less,Not overcrowded,3603,316,5.3315921298276425,High
51007,Owner,0.51 to 1.00,Not overcrowded,640,196,18.617021276595743,Medium
51007,Owner,1.01 to 1.50,Overcrowded,46,45,59.46874587022598,Low
51007,Owner,1.51 to 2.00,Very overcrowded,0,21,Inf,Low
51007,Owner,2.01 or more,Very overcrowded,0,21,Inf,Low
51007,Renter,0.50 or less,Not overcrowded,561,194,21.021948431210006,Medium
51007,Renter,0.51 to 1.00,Not overcrowded,240,141,35.71428571428571,Low
51007,Renter,1.01 to 1.50,Overcrowded,0,21,Inf,Low
51007,Renter,1.51 to 2.00,Very overcrowded,71,89,76.20189220428956,Low
51007,Renter,2.01 or more,Very overcrowded,124,140,68.63417982155113,Low
51009,Owner,0.50 or less,Not overcrowded,8049,415,3.1342978662984056,High
51009,Owner,0.51 to 1.00,Not overcrowded,1768,252,8.664677000096274,High
51009,Owner,1.01 to 1.50,Overcrowded,63,42,40.52684903748733,Low
51009,Owner,1.51 to 2.00,Very overcrowded,71,61,52.22826319619847,Low
51009,Owner,2.01 or more,Very overcrowded,8,12,91.1854103343465,Low
51009,Renter,0.50 or less,Not overcrowded,2041,312,9.292780671016205,High
51009,Renter,0.51 to 1.00,Not overcrowded,588,188,19.43634596695821,Medium
51009,Renter,1.01 to 1.50,Overcrowded,55,46,50.84277424702957,Low
51009,Renter,1.51 to 2.00,Very overcrowded,59,83,85.51852042656225,Low
51009,Renter,2.01 or more,Very overcrowded,0,28,Inf,Low
51011,Owner,0.50 or less,Not overcrowded,3971,267,4.087384296024598,High
51011,Owner,0.51 to 1.00,Not overcrowded,1076,207,11.69478310979537,High
51011,Owner,1.01 to 1.50,Overcrowded,34,33,59.00232433398891,Low
51011,Owner,1.51 to 2.00,Very overcrowded,11,18,99.47499309201436,Low
51011,Owner,2.01 or more,Very overcrowded,0,21,Inf,Low
51011,Renter,0.50 or less,Not overcrowded,1029,235,13.883104262113008,High
51011,Renter,0.51 to 1.00,Not overcrowded,430,164,23.185127588888104,Medium
51011,Renter,1.01 to 1.50,Overcrowded,12,18,91.1854103343465,Low
51011,Renter,1.51 to 2.00,Very overcrowded,0,21,Inf,Low
51011,Renter,2.01 or more,Very overcrowded,0,21,Inf,Low
51013,Owner,0.50 or less,Not overcrowded,39180,1087,1.6865499580301966,High
51013,Owner,0.51 to 1.00,Not overcrowded,6980,663,5.774205067017357,High
51013,Owner,1.01 to 1.50,Overcrowded,324,141,26.455026455026452,Medium
51013,Owner,1.51 to 2.00,Very overcrowded,119,115,58.746903016525756,Low
51013,Owner,2.01 or more,Very overcrowded,67,51,46.273193303996734,Low
51013,Renter,0.50 or less,Not overcrowded,38640,1212,1.9067756612358173,High
51013,Renter,0.51 to 1.00,Not overcrowded,22693,1140,3.053845320323595,High
51013,Renter,1.01 to 1.50,Overcrowded,2126,404,11.551867599584819,High
51013,Renter,1.51 to 2.00,Very overcrowded,1216,275,13.747800351943686,High
51013,Renter,2.01 or more,Very overcrowded,185,94,30.888030888030887,Low
51015,Owner,0.50 or less,Not overcrowded,19441,715,2.235741247502966,High
51015,Owner,0.51 to 1.00,Not overcrowded,4520,466,6.267315813540629,High
51015,Owner,1.01 to 1.50,Overcrowded,223,123,33.53006119917674,Low
51015,Owner,1.51 to 2.00,Very overcrowded,8,15,113.98176291793314,Low
51015,Owner,2.01 or more,Very overcrowded,0,31,Inf,Low
51015,Renter,0.50 or less,Not overcrowded,4641,566,7.413767470981847,High
51015,Renter,0.51 to 1.00,Not overcrowded,1543,326,12.84357043378568,High
51015,Renter,1.01 to 1.50,Overcrowded,200,144,43.76899696048632,Low
51015,Renter,1.51 to 2.00,Very overcrowded,68,85,75.98784194528876,Low
51015,Renter,2.01 or more,Very overcrowded,0,31,Inf,Low
51017,Owner,0.50 or less,Not overcrowded,1280,174,8.263677811550153,High
51017,Owner,0.51 to 1.00,Not overcrowded,63,34,32.80744922082308,Low
51017,Owner,1.01 to 1.50,Overcrowded,0,13,Inf,Low
51017,Owner,1.51 to 2.00,Very overcrowded,0,13,Inf,Low
51017,Owner,2.01 or more,Very overcrowded,0,13,Inf,Low
51017,Renter,0.50 or less,Not overcrowded,250,102,24.80243161094225,Medium
51017,Renter,0.51 to 1.00,Not overcrowded,160,84,31.914893617021278,Low
51017,Renter,1.01 to 1.50,Overcrowded,28,45,97.69865392965697,Low
51017,Renter,1.51 to 2.00,Very overcrowded,0,13,Inf,Low
51017,Renter,2.01 or more,Very overcrowded,0,13,Inf,Low
51019,Owner,0.50 or less,Not overcrowded,23118,719,1.8906569204485721,High
51019,Owner,0.51 to 1.00,Not overcrowded,4212,514,7.418376212702453,High
51019,Owner,1.01 to 1.50,Overcrowded,133,65,29.70953218913545,Medium
51019,Owner,1.51 to 2.00,Very overcrowded,38,32,51.191809310510315,Low
51019,Owner,2.01 or more,Very overcrowded,35,40,69.47459834997828,Low
51019,Renter,0.50 or less,Not overcrowded,3614,415,6.980620787447666,High
51019,Renter,0.51 to 1.00,Not overcrowded,1358,293,13.116016312205952,High
51019,Renter,1.01 to 1.50,Overcrowded,179,120,40.753256015350395,Low
51019,Renter,1.51 to 2.00,Very overcrowded,11,19,105.00138159712628,Low
51019,Renter,2.01 or more,Very overcrowded,0,31,Inf,Low
51021,Owner,0.50 or less,Not overcrowded,1626,211,7.888528733311649,High
51021,Owner,0.51 to 1.00,Not overcrowded,270,91,20.488573680063045,Medium
51021,Owner,1.01 to 1.50,Overcrowded,0,19,Inf,Low
51021,Owner,1.51 to 2.00,Very overcrowded,0,19,Inf,Low
51021,Owner,2.01 or more,Very overcrowded,0,19,Inf,Low
51021,Renter,0.50 or less,Not overcrowded,303,112,22.470332139596938,Medium
51021,Renter,0.51 to 1.00,Not overcrowded,104,57,33.31774608370353,Low
51021,Renter,1.01 to 1.50,Overcrowded,42,40,57.8954986249819,Low
51021,Renter,1.51 to 2.00,Very overcrowded,0,19,Inf,Low
51021,Renter,2.01 or more,Very overcrowded,0,19,Inf,Low
51023,Owner,0.50 or less,Not overcrowded,9572,444,2.8197744942505816,High
51023,Owner,0.51 to 1.00,Not overcrowded,1649,245,9.031908442253847,High
51023,Owner,1.01 to 1.50,Overcrowded,24,36,91.1854103343465,Low
51023,Owner,1.51 to 2.00,Very overcrowded,0,28,Inf,Low
51023,Owner,2.01 or more,Very overcrowded,0,28,Inf,Low
51023,Renter,0.50 or less,Not overcrowded,1539,250,9.87496321576202,High
51023,Renter,0.51 to 1.00,Not overcrowded,281,112,24.22957522525933,Medium
51023,Renter,1.01 to 1.50,Overcrowded,35,37,64.26400347372993,Low
51023,Renter,1.51 to 2.00,Very overcrowded,5,6,72.94832826747721,Low
51023,Renter,2.01 or more,Very overcrowded,0,28,Inf,Low
51025,Owner,0.50 or less,Not overcrowded,4053,239,3.584721287919864,High
51025,Owner,0.51 to 1.00,Not overcrowded,538,159,17.965898690410278,Medium
51025,Owner,1.01 to 1.50,Overcrowded,44,34,46.97430229345123,Low
51025,Owner,1.51 to 2.00,Very overcrowded,0,21,Inf,Low
51025,Owner,2.01 or more,Very overcrowded,0,21,Inf,Low
51025,Renter,0.50 or less,Not overcrowded,1078,224,12.631745154541507,High
51025,Renter,0.51 to 1.00,Not overcrowded,633,175,16.8061577762092,Medium
51025,Renter,1.01 to 1.50,Overcrowded,44,42,58.027079303675045,Low
51025,Renter,1.51 to 2.00,Very overcrowded,0,21,Inf,Low
51025,Renter,2.01 or more,Very overcrowded,0,21,Inf,Low
51027,Owner,0.50 or less,Not overcrowded,5106,312,3.71456430660871,High
51027,Owner,0.51 to 1.00,Not overcrowded,901,244,16.46262680102149,Medium
51027,Owner,1.01 to 1.50,Overcrowded,31,44,86.28296891852143,Low
51027,Owner,1.51 to 2.00,Very overcrowded,0,21,Inf,Low
51027,Owner,2.01 or more,Very overcrowded,0,21,Inf,Low
51027,Renter,0.50 or less,Not overcrowded,881,216,14.904312245341542,High
51027,Renter,0.51 to 1.00,Not overcrowded,413,165,24.286671033361053,Medium
51027,Renter,1.01 to 1.50,Overcrowded,0,21,Inf,Low
51027,Renter,1.51 to 2.00,Very overcrowded,19,30,95.98464245720685,Low
51027,Renter,2.01 or more,Very overcrowded,0,21,Inf,Low
51029,Owner,0.50 or less,Not overcrowded,3736,253,4.116686083973888,High
51029,Owner,0.51 to 1.00,Not overcrowded,836,175,12.725236689402422,High
51029,Owner,1.01 to 1.50,Overcrowded,31,38,74.51710952054123,Low
51029,Owner,1.51 to 2.00,Very overcrowded,30,45,91.1854103343465,Low
51029,Owner,2.01 or more,Very overcrowded,0,21,Inf,Low
51029,Renter,0.50 or less,Not overcrowded,762,161,12.844139163455631,High
51029,Renter,0.51 to 1.00,Not overcrowded,605,148,14.871009068301138,High
51029,Renter,1.01 to 1.50,Overcrowded,62,43,42.16099617609569,Low
51029,Renter,1.51 to 2.00,Very overcrowded,0,21,Inf,Low
51029,Renter,2.01 or more,Very overcrowded,0,21,Inf,Low
51031,Owner,0.50 or less,Not overcrowded,13313,563,2.5707897552886694,High
51031,Owner,0.51 to 1.00,Not overcrowded,3204,360,6.830367815306854,High
51031,Owner,1.01 to 1.50,Overcrowded,121,69,34.66552789570198,Low
51031,Owner,1.51 to 2.00,Very overcrowded,39,58,90.40604785285635,Low
51031,Owner,2.01 or more,Very overcrowded,0,31,Inf,Low
51031,Renter,0.50 or less,Not overcrowded,3793,515,8.253886338375684,High
51031,Renter,0.51 to 1.00,Not overcrowded,1483,347,14.22402220095223,High
51031,Renter,1.01 to 1.50,Overcrowded,97,80,50.13630808761319,Low
51031,Renter,1.51 to 2.00,Very overcrowded,30,54,109.42249240121582,Low
51031,Renter,2.01 or more,Very overcrowded,0,31,Inf,Low
51033,Owner,0.50 or less,Not overcrowded,7465,483,3.9332487779852072,High
51033,Owner,0.51 to 1.00,Not overcrowded,1996,346,10.537792911050065,High
51033,Owner,1.01 to 1.50,Overcrowded,78,70,54.55537370430987,Low
51033,Owner,1.51 to 2.00,Very overcrowded,9,13,87.8081729145559,Low
51033,Owner,2.01 or more,Very overcrowded,0,28,Inf,Low
51033,Renter,0.50 or less,Not overcrowded,1391,243,10.619724280491829,High
51033,Renter,0.51 to 1.00,Not overcrowded,665,196,17.91713325867861,Medium
51033,Renter,1.01 to 1.50,Overcrowded,33,31,57.10601455282306,Low
51033,Renter,1.51 to 2.00,Very overcrowded,43,36,50.894182512193396,Low
51033,Renter,2.01 or more,Very overcrowded,0,28,Inf,Low
51035,Owner,0.50 or less,Not overcrowded,8003,502,3.8131597307544625,High
51035,Owner,0.51 to 1.00,Not overcrowded,1677,285,10.331084056962334,High
51035,Owner,1.01 to 1.50,Overcrowded,37,37,60.790273556231014,Low
51035,Owner,1.51 to 2.00,Very overcrowded,7,12,104.21189752496744,Low
51035,Owner,2.01 or more,Very overcrowded,0,25,Inf,Low
51035,Renter,0.50 or less,Not overcrowded,1847,356,11.717020782901049,High
51035,Renter,0.51 to 1.00,Not overcrowded,843,227,16.369385643255562,Medium
51035,Renter,1.01 to 1.50,Overcrowded,79,93,71.56323342695549,Low
51035,Renter,1.51 to 2.00,Very overcrowded,0,25,Inf,Low
51035,Renter,2.01 or more,Very overcrowded,0,25,Inf,Low
51036,Owner,0.50 or less,Not overcrowded,2149,115,3.2530858347913285,High
51036,Owner,0.51 to 1.00,Not overcrowded,372,69,11.275615256397685,High
51036,Owner,1.01 to 1.50,Overcrowded,5,6,72.94832826747721,Low
51036,Owner,1.51 to 2.00,Very overcrowded,1,3,182.370820668693,Low
51036,Owner,2.01 or more,Very overcrowded,0,19,Inf,Low
51036,Renter,0.50 or less,Not overcrowded,298,67,13.66761183982375,High
51036,Renter,0.51 to 1.00,Not overcrowded,102,35,20.859407592824365,Medium
51036,Renter,1.01 to 1.50,Overcrowded,14,14,60.790273556231,Low
51036,Renter,1.51 to 2.00,Very overcrowded,6,7,70.92198581560284,Low
51036,Renter,2.01 or more,Very overcrowded,0,19,Inf,Low
51037,Owner,0.50 or less,Not overcrowded,2757,279,6.151790468693671,High
51037,Owner,0.51 to 1.00,Not overcrowded,445,123,16.802704825654864,Medium
51037,Owner,1.01 to 1.50,Overcrowded,85,73,52.20811728946898,Low
51037,Owner,1.51 to 2.00,Very overcrowded,0,21,Inf,Low
51037,Owner,2.01 or more,Very overcrowded,0,21,Inf,Low
51037,Renter,0.50 or less,Not overcrowded,965,190,11.969069404853773,High
51037,Renter,0.51 to 1.00,Not overcrowded,335,116,21.04976636573969,Medium
51037,Renter,1.01 to 1.50,Overcrowded,34,18,32.183086000357584,Low
51037,Renter,1.51 to 2.00,Very overcrowded,0,21,Inf,Low
51037,Renter,2.01 or more,Very overcrowded,0,21,Inf,Low
51041,Owner,0.50 or less,Not overcrowded,88594,1469,1.0079792294523708,High
51041,Owner,0.51 to 1.00,Not overcrowded,16880,953,3.4320575058701506,High
51041,Owner,1.01 to 1.50,Overcrowded,408,178,26.521246796590976,Medium
51041,Owner,1.51 to 2.00,Very overcrowded,21,24,69.4745983499783,Low
51041,Owner,2.01 or more,Very overcrowded,0,31,Inf,Low
51041,Renter,0.50 or less,Not overcrowded,20745,1124,3.293722221123338,High
51041,Renter,0.51 to 1.00,Not overcrowded,8512,762,5.441986425029137,High
51041,Renter,1.01 to 1.50,Overcrowded,1544,396,15.59128777737531,Medium
51041,Renter,1.51 to 2.00,Very overcrowded,170,114,40.76524226711962,Low
51041,Renter,2.01 or more,Very overcrowded,122,104,51.821216802032986,Low
51043,Owner,0.50 or less,Not overcrowded,3911,275,4.274437542307217,High
51043,Owner,0.51 to 1.00,Not overcrowded,678,192,17.214944723888426,Medium
51043,Owner,1.01 to 1.50,Overcrowded,41,38,56.34220475943361,Low
51043,Owner,1.51 to 2.00,Very overcrowded,8,13,98.78419452887537,Low
51043,Owner,2.01 or more,Very overcrowded,0,21,Inf,Low
51043,Renter,0.50 or less,Not overcrowded,740,189,15.526164462334673,Medium
51043,Renter,0.51 to 1.00,Not overcrowded,222,99,27.109176045346256,Medium
51043,Renter,1.01 to 1.50,Overcrowded,51,59,70.32600274152215,Low
51043,Renter,1.51 to 2.00,Very overcrowded,0,21,Inf,Low
51043,Renter,2.01 or more,Very overcrowded,0,21,Inf,Low
51045,Owner,0.50 or less,Not overcrowded,1035,225,13.215276860050217,High
51045,Owner,0.51 to 1.00,Not overcrowded,322,117,22.088391323226794,Medium
51045,Owner,1.01 to 1.50,Overcrowded,98,77,47.76378636561008,Low
51045,Owner,1.51 to 2.00,Very overcrowded,0,13,Inf,Low
51045,Owner,2.01 or more,Very overcrowded,0,13,Inf,Low
51045,Renter,0.50 or less,Not overcrowded,258,144,33.929455008128926,Low
51045,Renter,0.51 to 1.00,Not overcrowded,39,39,60.790273556231,Low
51045,Renter,1.01 to 1.50,Overcrowded,0,13,Inf,Low
51045,Renter,1.51 to 2.00,Very overcrowded,0,13,Inf,Low
51045,Renter,2.01 or more,Very overcrowded,0,13,Inf,Low
51047,Owner,0.50 or less,Not overcrowded,10507,488,2.8234180541963196,High
51047,Owner,0.51 to 1.00,Not overcrowded,3084,424,8.357677038859256,High
51047,Owner,1.01 to 1.50,Overcrowded,192,119,37.677304964539005,Low
51047,Owner,1.51 to 2.00,Very overcrowded,22,25,69.07985631389887,Low
51047,Owner,2.01 or more,Very overcrowded,43,49,69.27263730826323,Low
51047,Renter,0.50 or less,Not overcrowded,2726,419,9.343772787990018,High
51047,Renter,0.51 to 1.00,Not overcrowded,1719,328,11.599307577919586,High
51047,Renter,1.01 to 1.50,Overcrowded,261,132,30.7445061663697,Low
51047,Renter,1.51 to 2.00,Very overcrowded,30,33,66.8693009118541,Low
51047,Renter,2.01 or more,Very overcrowded,0,31,Inf,Low
51049,Owner,0.50 or less,Not overcrowded,2480,204,5.000490244141583,High
51049,Owner,0.51 to 1.00,Not overcrowded,571,148,15.756498224732379,Medium
51049,Owner,1.01 to 1.50,Overcrowded,77,89,70.26408242213714,Low
51049,Owner,1.51 to 2.00,Very overcrowded,0,19,Inf,Low
51049,Owner,2.01 or more,Very overcrowded,22,35,96.71179883945841,Low
51049,Renter,0.50 or less,Not overcrowded,799,183,13.92317904980009,High
51049,Renter,0.51 to 1.00,Not overcrowded,195,107,33.35671420777803,Low
51049,Renter,1.01 to 1.50,Overcrowded,31,42,82.36101578586135,Low
51049,Renter,1.51 to 2.00,Very overcrowded,0,19,Inf,Low
51049,Renter,2.01 or more,Very overcrowded,0,19,Inf,Low
51051,Owner,0.50 or less,Not overcrowded,3566,260,4.432268963718469,High
51051,Owner,0.51 to 1.00,Not overcrowded,685,175,15.530361857431277,Medium
51051,Owner,1.01 to 1.50,Overcrowded,14,22,95.52757273122016,Low
51051,Owner,1.51 to 2.00,Very overcrowded,0,21,Inf,Low
51051,Owner,2.01 or more,Very overcrowded,0,21,Inf,Low
51051,Renter,0.50 or less,Not overcrowded,1192,240,12.239652393872015,High
51051,Renter,0.51 to 1.00,Not overcrowded,260,107,25.017535655833527,Medium
51051,Renter,1.01 to 1.50,Overcrowded,0,21,Inf,Low
51051,Renter,1.51 to 2.00,Very overcrowded,0,21,Inf,Low
51051,Renter,2.01 or more,Very overcrowded,0,21,Inf,Low
51053,Owner,0.50 or less,Not overcrowded,6612,452,4.155656933971024,High
51053,Owner,0.51 to 1.00,Not overcrowded,1414,243,10.446984776636587,High
51053,Owner,1.01 to 1.50,Overcrowded,122,138,68.76276844885145,Low
51053,Owner,1.51 to 2.00,Very overcrowded,0,25,Inf,Low
51053,Owner,2.01 or more,Very overcrowded,11,20,110.52777010223818,Low
51053,Renter,0.50 or less,Not overcrowded,1568,309,11.979715898517462,High
51053,Renter,0.51 to 1.00,Not overcrowded,614,242,23.959684365810915,Medium
51053,Renter,1.01 to 1.50,Overcrowded,86,68,48.06672792818266,Low
51053,Renter,1.51 to 2.00,Very overcrowded,0,25,Inf,Low
51053,Renter,2.01 or more,Very overcrowded,0,25,Inf,Low
51057,Owner,0.50 or less,Not overcrowded,2558,230,5.465896371357752,High
51057,Owner,0.51 to 1.00,Not overcrowded,411,97,14.347096192103178,High
51057,Owner,1.01 to 1.50,Overcrowded,62,53,51.965879007745855,Low
51057,Owner,1.51 to 2.00,Very overcrowded,0,21,Inf,Low
51057,Owner,2.01 or more,Very overcrowded,0,21,Inf,Low
51057,Renter,0.50 or less,Not overcrowded,862,196,13.822382386335589,High
51057,Renter,0.51 to 1.00,Not overcrowded,503,193,23.325095022569748,Medium
51057,Renter,1.01 to 1.50,Overcrowded,0,21,Inf,Low
51057,Renter,1.51 to 2.00,Very overcrowded,0,21,Inf,Low
51057,Renter,2.01 or more,Very overcrowded,0,21,Inf,Low
51059,Owner,0.50 or less,Not overcrowded,229879,2458,0.650004969576237,High
51059,Owner,0.51 to 1.00,Not overcrowded,49131,1472,1.821320198546173,High
51059,Owner,1.01 to 1.50,Overcrowded,2164,339,9.523060413845801,High
51059,Owner,1.51 to 2.00,Very overcrowded,741,189,15.505211473856493,Medium
51059,Owner,2.01 or more,Very overcrowded,124,73,35.78782233552309,Low
51059,Renter,0.50 or less,Not overcrowded,71701,2073,1.7575520157608242,High
51059,Renter,0.51 to 1.00,Not overcrowded,49038,1643,2.036755566150486,High
51059,Renter,1.01 to 1.50,Overcrowded,5612,612,6.629302818320274,High
51059,Renter,1.51 to 2.00,Very overcrowded,3448,485,8.550836042567296,High
51059,Renter,2.01 or more,Very overcrowded,825,266,19.600257898130238,Medium
51061,Owner,0.50 or less,Not overcrowded,17077,533,1.8973599464467483,High
51061,Owner,0.51 to 1.00,Not overcrowded,3196,372,7.0757139433410305,High
51061,Owner,1.01 to 1.50,Overcrowded,162,83,31.145633982513417,Low
51061,Owner,1.51 to 2.00,Very overcrowded,73,83,69.11770828996127,Low
51061,Owner,2.01 or more,Very overcrowded,14,28,121.580547112462,Low
51061,Renter,0.50 or less,Not overcrowded,3479,472,8.24748753048032,High
51061,Renter,0.51 to 1.00,Not overcrowded,2096,319,9.251954801735538,High
51061,Renter,1.01 to 1.50,Overcrowded,162,96,36.02386581109985,Low
51061,Renter,1.51 to 2.00,Very overcrowded,7,10,86.84324793747285,Low
51061,Renter,2.01 or more,Very overcrowded,0,31,Inf,Low
51063,Owner,0.50 or less,Not overcrowded,4800,287,3.6347517730496453,High
51063,Owner,0.51 to 1.00,Not overcrowded,758,173,13.874297262833727,High
51063,Owner,1.01 to 1.50,Overcrowded,4,9,136.77811550151975,Low
51063,Owner,1.51 to 2.00,Very overcrowded,20,33,100.30395136778114,Low
51063,Owner,2.01 or more,Very overcrowded,0,21,Inf,Low
51063,Renter,0.50 or less,Not overcrowded,633,164,15.749770715990339,Medium
51063,Renter,0.51 to 1.00,Not overcrowded,360,173,29.21310368118879,Medium
51063,Renter,1.01 to 1.50,Overcrowded,13,19,88.84732288987608,Low
51063,Renter,1.51 to 2.00,Very overcrowded,61,89,88.69400568040261,Low
51063,Renter,2.01 or more,Very overcrowded,0,21,Inf,Low
51065,Owner,0.50 or less,Not overcrowded,7351,471,3.895010045569963,High
51065,Owner,0.51 to 1.00,Not overcrowded,1616,294,11.059616599957868,High
51065,Owner,1.01 to 1.50,Overcrowded,96,97,61.42350557244174,Low
51065,Owner,1.51 to 2.00,Very overcrowded,0,25,Inf,Low
51065,Owner,2.01 or more,Very overcrowded,0,25,Inf,Low
51065,Renter,0.50 or less,Not overcrowded,936,252,16.366612111292962,Medium
51065,Renter,0.51 to 1.00,Not overcrowded,252,141,34.01360544217687,Low
51065,Renter,1.01 to 1.50,Overcrowded,0,25,Inf,Low
51065,Renter,1.51 to 2.00,Very overcrowded,0,25,Inf,Low
51065,Renter,2.01 or more,Very overcrowded,0,25,Inf,Low
51067,Owner,0.50 or less,Not overcrowded,14527,558,2.335029437900248,High
51067,Owner,0.51 to 1.00,Not overcrowded,3051,445,8.8664935209842,High
51067,Owner,1.01 to 1.50,Overcrowded,331,134,24.60995968741678,Medium
51067,Owner,1.51 to 2.00,Very overcrowded,13,26,121.580547112462,Low
51067,Owner,2.01 or more,Very overcrowded,0,31,Inf,Low
51067,Renter,0.50 or less,Not overcrowded,3125,470,9.142857142857142,High
51067,Renter,0.51 to 1.00,Not overcrowded,1409,337,14.539618302661353,High
51067,Renter,1.01 to 1.50,Overcrowded,28,29,62.96135475466782,Low
51067,Renter,1.51 to 2.00,Very overcrowded,0,31,Inf,Low
51067,Renter,2.01 or more,Very overcrowded,0,31,Inf,Low
51069,Owner,0.50 or less,Not overcrowded,21940,687,1.9035058310451551,High
51069,Owner,0.51 to 1.00,Not overcrowded,4548,461,6.161898880699757,High
51069,Owner,1.01 to 1.50,Overcrowded,276,140,30.83564600678384,Low
51069,Owner,1.51 to 2.00,Very overcrowded,27,39,87.8081729145559,Low
51069,Owner,2.01 or more,Very overcrowded,0,31,Inf,Low
51069,Renter,0.50 or less,Not overcrowded,5477,622,6.903697307280571,High
51069,Renter,0.51 to 1.00,Not overcrowded,1827,260,8.651051518675459,High
51069,Renter,1.01 to 1.50,Overcrowded,243,135,33.77237419790611,Low
51069,Renter,1.51 to 2.00,Very overcrowded,0,31,Inf,Low
51069,Renter,2.01 or more,Very overcrowded,0,31,Inf,Low
51071,Owner,0.50 or less,Not overcrowded,4503,318,4.292984008634567,High
51071,Owner,0.51 to 1.00,Not overcrowded,773,179,14.076919749761124,High
51071,Owner,1.01 to 1.50,Overcrowded,63,41,39.5619240604043,Low
51071,Owner,1.51 to 2.00,Very overcrowded,0,21,Inf,Low
51071,Owner,2.01 or more,Very overcrowded,0,21,Inf,Low
51071,Renter,0.50 or less,Not overcrowded,973,207,12.932771455436606,High
51071,Renter,0.51 to 1.00,Not overcrowded,427,160,22.778556836058453,Medium
51071,Renter,1.01 to 1.50,Overcrowded,12,21,106.38297872340425,Low
51071,Renter,1.51 to 2.00,Very overcrowded,18,29,97.93988517392772,Low
51071,Renter,2.01 or more,Very overcrowded,0,21,Inf,Low
51073,Owner,0.50 or less,Not overcrowded,9589,505,3.201490055886605,High
51073,Owner,0.51 to 1.00,Not overcrowded,2428,330,8.262269470163192,High
51073,Owner,1.01 to 1.50,Overcrowded,33,29,53.42175554941512,Low
51073,Owner,1.51 to 2.00,Very overcrowded,14,24,104.21189752496744,Low
51073,Owner,2.01 or more,Very overcrowded,0,28,Inf,Low
51073,Renter,0.50 or less,Not overcrowded,2236,402,10.92919944973384,High
51073,Renter,0.51 to 1.00,Not overcrowded,803,240,18.168948509956966,Medium
51073,Renter,1.01 to 1.50,Overcrowded,8,15,113.98176291793314,Low
51073,Renter,1.51 to 2.00,Very overcrowded,0,28,Inf,Low
51073,Renter,2.01 or more,Very overcrowded,0,28,Inf,Low
51075,Owner,0.50 or less,Not overcrowded,7713,272,2.1437773119791044,High
51075,Owner,0.51 to 1.00,Not overcrowded,737,172,14.187146610138035,High
51075,Owner,1.01 to 1.50,Overcrowded,196,162,50.24502202096643,Low
51075,Owner,1.51 to 2.00,Very overcrowded,0,25,Inf,Low
51075,Owner,2.01 or more,Very overcrowded,0,25,Inf,Low
51075,Renter,0.50 or less,Not overcrowded,996,207,12.634123118614275,High
51075,Renter,0.51 to 1.00,Not overcrowded,355,150,25.686031080097603,Medium
51075,Renter,1.01 to 1.50,Overcrowded,5,8,97.2644376899696,Low
51075,Renter,1.51 to 2.00,Very overcrowded,11,22,121.580547112462,Low
51075,Renter,2.01 or more,Very overcrowded,0,25,Inf,Low
51077,Owner,0.50 or less,Not overcrowded,4117,250,3.691418117332463,High
51077,Owner,0.51 to 1.00,Not overcrowded,914,166,11.040684256383312,High
51077,Owner,1.01 to 1.50,Overcrowded,48,64,81.05369807497466,Low
51077,Owner,1.51 to 2.00,Very overcrowded,1,2,121.580547112462,Low
51077,Owner,2.01 or more,Very overcrowded,0,21,Inf,Low
51077,Renter,0.50 or less,Not overcrowded,801,196,14.875023242223815,High
51077,Renter,0.51 to 1.00,Not overcrowded,301,106,21.407870421795636,Medium
51077,Renter,1.01 to 1.50,Overcrowded,20,30,91.1854103343465,Low
51077,Renter,1.51 to 2.00,Very overcrowded,0,21,Inf,Low
51077,Renter,2.01 or more,Very overcrowded,0,21,Inf,Low
51079,Owner,0.50 or less,Not overcrowded,5259,343,3.9648343467935416,High
51079,Owner,0.51 to 1.00,Not overcrowded,903,230,15.483679864820743,Medium
51079,Owner,1.01 to 1.50,Overcrowded,134,106,48.08782833552602,Low
51079,Owner,1.51 to 2.00,Very overcrowded,0,25,Inf,Low
51079,Owner,2.01 or more,Very overcrowded,0,25,Inf,Low
51079,Renter,0.50 or less,Not overcrowded,879,227,15.69896711861711,Medium
51079,Renter,0.51 to 1.00,Not overcrowded,674,224,20.203295662604962,Medium
51079,Renter,1.01 to 1.50,Overcrowded,47,49,63.377093707559986,Low
51079,Renter,1.51 to 2.00,Very overcrowded,16,24,91.1854103343465,Low
51079,Renter,2.01 or more,Very overcrowded,0,25,Inf,Low
51081,Owner,0.50 or less,Not overcrowded,1812,209,7.01168166294276,High
51081,Owner,0.51 to 1.00,Not overcrowded,286,110,23.38087444470423,Medium
51081,Owner,1.01 to 1.50,Overcrowded,34,34,60.790273556231,Low
51081,Owner,1.51 to 2.00,Very overcrowded,0,21,Inf,Low
51081,Owner,2.01 or more,Very overcrowded,0,21,Inf,Low
51081,Renter,0.50 or less,Not overcrowded,594,165,16.886187098953055,Medium
51081,Renter,0.51 to 1.00,Not overcrowded,326,135,25.173886288623265,Medium
51081,Renter,1.01 to 1.50,Overcrowded,26,32,74.81879822305353,Low
51081,Renter,1.51 to 2.00,Very overcrowded,0,21,Inf,Low
51081,Renter,2.01 or more,Very overcrowded,14,25,108.55405992184106,Low
51083,Owner,0.50 or less,Not overcrowded,7835,456,3.538017197401575,High
51083,Owner,0.51 to 1.00,Not overcrowded,1664,271,9.900339022679448,High
51083,Owner,1.01 to 1.50,Overcrowded,132,76,35.00046053237543,Low
51083,Owner,1.51 to 2.00,Very overcrowded,9,13,87.8081729145559,Low
51083,Owner,2.01 or more,Very overcrowded,8,13,98.78419452887537,Low
51083,Renter,0.50 or less,Not overcrowded,3084,378,7.4509479261528275,High
51083,Renter,0.51 to 1.00,Not overcrowded,891,222,15.146398125121529,Medium
51083,Renter,1.01 to 1.50,Overcrowded,50,60,72.94832826747721,Low
51083,Renter,1.51 to 2.00,Very overcrowded,0,28,Inf,Low
51083,Renter,2.01 or more,Very overcrowded,0,28,Inf,Low
51085,Owner,0.50 or less,Not overcrowded,29593,696,1.429731030822721,High
51085,Owner,0.51 to 1.00,Not overcrowded,5084,491,5.870972524805158,High
51085,Owner,1.01 to 1.50,Overcrowded,53,37,42.43849286001032,Low
51085,Owner,1.51 to 2.00,Very overcrowded,55,40,44.21110804089527,Low
51085,Owner,2.01 or more,Very overcrowded,5,8,97.2644376899696,Low
51085,Renter,0.50 or less,Not overcrowded,5265,548,6.327268738616257,High
51085,Renter,0.51 to 1.00,Not overcrowded,1748,352,12.241519617730729,High
51085,Renter,1.01 to 1.50,Overcrowded,152,103,41.193409054551275,Low
51085,Renter,1.51 to 2.00,Very overcrowded,57,44,46.92582520130112,Low
51085,Renter,2.01 or more,Very overcrowded,0,31,Inf,Low
51087,Owner,0.50 or less,Not overcrowded,74742,1416,1.1516821513422588,High
51087,Owner,0.51 to 1.00,Not overcrowded,12288,853,4.219897733029382,High
51087,Owner,1.01 to 1.50,Overcrowded,409,182,27.05092857514436,Medium
51087,Owner,1.51 to 2.00,Very overcrowded,133,88,40.222135886829534,Low
51087,Owner,2.01 or more,Very overcrowded,50,45,54.7112462006079,Low
51087,Renter,0.50 or less,Not overcrowded,33118,1118,2.052162746417847,High
51087,Renter,0.51 to 1.00,Not overcrowded,13294,878,4.014883419766122,High
51087,Renter,1.01 to 1.50,Overcrowded,1207,300,15.109430047116238,Medium
51087,Renter,1.51 to 2.00,Very overcrowded,333,182,33.224714075777904,Low
51087,Renter,2.01 or more,Very overcrowded,25,27,65.65349544072949,Low
51089,Owner,0.50 or less,Not overcrowded,13254,577,2.6464454385050016,High
51089,Owner,0.51 to 1.00,Not overcrowded,2181,286,7.971581034884029,High
51089,Owner,1.01 to 1.50,Overcrowded,120,79,40.020263424518745,Low
51089,Owner,1.51 to 2.00,Very overcrowded,40,49,74.46808510638297,Low
51089,Owner,2.01 or more,Very overcrowded,6,9,91.1854103343465,Low
51089,Renter,0.50 or less,Not overcrowded,3493,454,7.901169251224986,High
51089,Renter,0.51 to 1.00,Not overcrowded,1255,329,15.936254980079681,Medium
51089,Renter,1.01 to 1.50,Overcrowded,154,91,35.92152528322741,Low
51089,Renter,1.51 to 2.00,Very overcrowded,0,31,Inf,Low
51089,Renter,2.01 or more,Very overcrowded,0,31,Inf,Low
51091,Owner,0.50 or less,Not overcrowded,718,112,9.482605345818763,High
51091,Owner,0.51 to 1.00,Not overcrowded,161,53,20.011704959504613,Medium
51091,Owner,1.01 to 1.50,Overcrowded,0,13,Inf,Low
51091,Owner,1.51 to 2.00,Very overcrowded,5,7,85.1063829787234,Low
51091,Owner,2.01 or more,Very overcrowded,0,13,Inf,Low
51091,Renter,0.50 or less,Not overcrowded,106,56,32.11561621838619,Low
51091,Renter,0.51 to 1.00,Not overcrowded,13,13,60.790273556231,Low
51091,Renter,1.01 to 1.50,Overcrowded,0,13,Inf,Low
51091,Renter,1.51 to 2.00,Very overcrowded,0,13,Inf,Low
51091,Renter,2.01 or more,Very overcrowded,0,13,Inf,Low
51093,Owner,0.50 or less,Not overcrowded,10453,372,2.163396322865965,High
51093,Owner,0.51 to 1.00,Not overcrowded,2020,258,7.764302266092871,High
51093,Owner,1.01 to 1.50,Overcrowded,72,57,48.12563323201621,Low
51093,Owner,1.51 to 2.00,Very overcrowded,0,28,Inf,Low
51093,Owner,2.01 or more,Very overcrowded,0,28,Inf,Low
51093,Renter,0.50 or less,Not overcrowded,2342,367,9.526059092714252,High
51093,Renter,0.51 to 1.00,Not overcrowded,523,140,16.27273097107522,Medium
51093,Renter,1.01 to 1.50,Overcrowded,16,22,83.58662613981764,Low
51093,Renter,1.51 to 2.00,Very overcrowded,0,28,Inf,Low
51093,Renter,2.01 or more,Very overcrowded,0,28,Inf,Low
51095,Owner,0.50 or less,Not overcrowded,21571,591,1.6655255515151137,High
51095,Owner,0.51 to 1.00,Not overcrowded,3010,426,8.603540377061265,High
51095,Owner,1.01 to 1.50,Overcrowded,71,56,47.9472580161822,Low
51095,Owner,1.51 to 2.00,Very overcrowded,39,51,79.4949731119944,Low
51095,Owner,2.01 or more,Very overcrowded,29,37,77.56000419243266,Low
51095,Renter,0.50 or less,Not overcrowded,4979,543,6.6296683151302345,High
51095,Renter,0.51 to 1.00,Not overcrowded,1512,291,11.699715347131761,High
51095,Renter,1.01 to 1.50,Overcrowded,125,84,40.85106382978723,Low
51095,Renter,1.51 to 2.00,Very overcrowded,15,26,105.36980749746706,Low
51095,Renter,2.01 or more,Very overcrowded,0,31,Inf,Low
51097,Owner,0.50 or less,Not overcrowded,1945,186,5.813362921058594,High
51097,Owner,0.51 to 1.00,Not overcrowded,208,75,21.919569791910217,Medium
51097,Owner,1.01 to 1.50,Overcrowded,25,24,58.35866261398176,Low
51097,Owner,1.51 to 2.00,Very overcrowded,0,19,Inf,Low
51097,Owner,2.01 or more,Very overcrowded,0,19,Inf,Low
51097,Renter,0.50 or less,Not overcrowded,489,133,16.533959883392072,Medium
51097,Renter,0.51 to 1.00,Not overcrowded,147,72,29.77482786427641,Medium
51097,Renter,1.01 to 1.50,Overcrowded,0,19,Inf,Low
51097,Renter,1.51 to 2.00,Very overcrowded,0,19,Inf,Low
51097,Renter,2.01 or more,Very overcrowded,0,19,Inf,Low
51099,Owner,0.50 or less,Not overcrowded,6145,367,3.6305989251646507,High
51099,Owner,0.51 to 1.00,Not overcrowded,1224,226,11.224347895186442,High
51099,Owner,1.01 to 1.50,Overcrowded,148,87,35.73482296886552,Low
51099,Owner,1.51 to 2.00,Very overcrowded,0,25,Inf,Low
51099,Owner,2.01 or more,Very overcrowded,0,25,Inf,Low
51099,Renter,0.50 or less,Not overcrowded,1721,285,10.066954075261963,High
51099,Renter,0.51 to 1.00,Not overcrowded,515,144,16.99766872251896,Medium
51099,Renter,1.01 to 1.50,Overcrowded,99,70,42.98302170642596,Low
51099,Renter,1.51 to 2.00,Very overcrowded,8,13,98.78419452887537,Low
51099,Renter,2.01 or more,Very overcrowded,17,28,100.12515644555695,Low
51101,Owner,0.50 or less,Not overcrowded,4932,260,3.2046778435969308,High
51101,Owner,0.51 to 1.00,Not overcrowded,1374,230,10.175955544347257,High
51101,Owner,1.01 to 1.50,Overcrowded,12,20,101.31712259371832,Low
51101,Owner,1.51 to 2.00,Very overcrowded,0,21,Inf,Low
51101,Owner,2.01 or more,Very overcrowded,0,21,Inf,Low
51101,Renter,0.50 or less,Not overcrowded,633,191,18.342720772891184,Medium
51101,Renter,0.51 to 1.00,Not overcrowded,164,89,32.98984357624731,Low
51101,Renter,1.01 to 1.50,Overcrowded,0,21,Inf,Low
51101,Renter,1.51 to 2.00,Very overcrowded,0,21,Inf,Low
51101,Renter,2.01 or more,Very overcrowded,0,21,Inf,Low
51103,Owner,0.50 or less,Not overcrowded,4007,250,3.7927547764057277,High
51103,Owner,0.51 to 1.00,Not overcrowded,342,128,22.751915249115694,Medium
51103,Owner,1.01 to 1.50,Overcrowded,15,27,109.42249240121582,Low
51103,Owner,1.51 to 2.00,Very overcrowded,0,21,Inf,Low
51103,Owner,2.01 or more,Very overcrowded,0,21,Inf,Low
51103,Renter,0.50 or less,Not overcrowded,701,154,13.354781922481562,High
51103,Renter,0.51 to 1.00,Not overcrowded,378,123,19.780962030202154,Medium
51103,Renter,1.01 to 1.50,Overcrowded,25,40,97.2644376899696,Low
51103,Renter,1.51 to 2.00,Very overcrowded,0,21,Inf,Low
51103,Renter,2.01 or more,Very overcrowded,0,21,Inf,Low
51105,Owner,0.50 or less,Not overcrowded,5092,435,5.193198938916042,High
51105,Owner,0.51 to 1.00,Not overcrowded,1017,277,16.557429474017688,Medium
51105,Owner,1.01 to 1.50,Overcrowded,86,96,67.85891001625787,Low
51105,Owner,1.51 to 2.00,Very overcrowded,13,15,70.1426233341127,Low
51105,Owner,2.01 or more,Very overcrowded,34,45,80.45771500089397,Low
51105,Renter,0.50 or less,Not overcrowded,1654,297,10.915786726844383,High
51105,Renter,0.51 to 1.00,Not overcrowded,503,141,17.040613462084632,Medium
51105,Renter,1.01 to 1.50,Overcrowded,16,17,64.58966565349544,Low
51105,Renter,1.51 to 2.00,Very overcrowded,13,20,93.52349777881692,Low
51105,Renter,2.01 or more,Very overcrowded,18,31,104.69436001350896,Low
51107,Owner,0.50 or less,Not overcrowded,87318,1379,0.9600516186129155,High
51107,Owner,0.51 to 1.00,Not overcrowded,21237,1155,3.3061527502682493,High
51107,Owner,1.01 to 1.50,Overcrowded,998,234,14.253430873905867,High
51107,Owner,1.51 to 2.00,Very overcrowded,156,82,31.953861741095785,Low
51107,Owner,2.01 or more,Very overcrowded,14,16,69.4745983499783,Low
51107,Renter,0.50 or less,Not overcrowded,18773,931,3.0147416332419468,High
51107,Renter,0.51 to 1.00,Not overcrowded,10470,721,4.186226096852201,High
51107,Renter,1.01 to 1.50,Overcrowded,1196,279,14.181008630592348,High
51107,Renter,1.51 to 2.00,Very overcrowded,431,204,28.77312251849449,Medium
51107,Renter,2.01 or more,Very overcrowded,230,128,33.83110876172856,Low
51109,Owner,0.50 or less,Not overcrowded,9261,413,2.7109796975189937,High
51109,Owner,0.51 to 1.00,Not overcrowded,2794,414,9.007578114631222,High
51109,Owner,1.01 to 1.50,Overcrowded,222,130,35.59790793833347,Low
51109,Owner,1.51 to 2.00,Very overcrowded,64,101,95.93465045592706,Low
51109,Owner,2.01 or more,Very overcrowded,14,21,91.1854103343465,Low
51109,Renter,0.50 or less,Not overcrowded,1967,310,9.58057183651836,High
51109,Renter,0.51 to 1.00,Not overcrowded,820,266,19.719771665801762,Medium
51109,Renter,1.01 to 1.50,Overcrowded,69,57,50.21805206819083,Low
51109,Renter,1.51 to 2.00,Very overcrowded,0,28,Inf,Low
51109,Renter,2.01 or more,Very overcrowded,0,28,Inf,Low
51111,Owner,0.50 or less,Not overcrowded,2758,202,4.452369564306984,High
51111,Owner,0.51 to 1.00,Not overcrowded,595,174,17.77732369543562,Medium
51111,Owner,1.01 to 1.50,Overcrowded,5,13,158.0547112462006,Low
51111,Owner,1.51 to 2.00,Very overcrowded,0,21,Inf,Low
51111,Owner,2.01 or more,Very overcrowded,0,21,Inf,Low
51111,Renter,0.50 or less,Not overcrowded,978,211,13.11528396765311,High
51111,Renter,0.51 to 1.00,Not overcrowded,235,91,23.54006337709371,Medium
51111,Renter,1.01 to 1.50,Overcrowded,68,92,82.24566422313606,Low
51111,Renter,1.51 to 2.00,Very overcrowded,30,26,52.68490374873353,Low
51111,Renter,2.01 or more,Very overcrowded,0,21,Inf,Low
51113,Owner,0.50 or less,Not overcrowded,3302,255,4.694585026298881,High
51113,Owner,0.51 to 1.00,Not overcrowded,924,206,13.552809905393492,High
51113,Owner,1.01 to 1.50,Overcrowded,37,42,69.0051753881541,Low
51113,Owner,1.51 to 2.00,Very overcrowded,27,38,85.55668130136215,Low
51113,Owner,2.01 or more,Very overcrowded,0,21,Inf,Low
51113,Renter,0.50 or less,Not overcrowded,807,186,14.011141117049524,High
51113,Renter,0.51 to 1.00,Not overcrowded,231,111,29.210910669877237,Medium
51113,Renter,1.01 to 1.50,Overcrowded,53,38,43.58547915352411,Low
51113,Renter,1.51 to 2.00,Very overcrowded,0,21,Inf,Low
51113,Renter,2.01 or more,Very overcrowded,11,17,93.94860458690246,Low
51115,Owner,0.50 or less,Not overcrowded,2843,277,5.9229355522602845,High
51115,Owner,0.51 to 1.00,Not overcrowded,382,133,21.165199955441686,Medium
51115,Owner,1.01 to 1.50,Overcrowded,0,19,Inf,Low
51115,Owner,1.51 to 2.00,Very overcrowded,0,19,Inf,Low
51115,Owner,2.01 or more,Very overcrowded,0,19,Inf,Low
51115,Renter,0.50 or less,Not overcrowded,420,171,24.750325662179765,Medium
51115,Renter,0.51 to 1.00,Not overcrowded,122,99,49.32981214808909,Low
51115,Renter,1.01 to 1.50,Overcrowded,0,19,Inf,Low
51115,Renter,1.51 to 2.00,Very overcrowded,0,19,Inf,Low
51115,Renter,2.01 or more,Very overcrowded,0,19,Inf,Low
51117,Owner,0.50 or less,Not overcrowded,8159,406,3.024984809882312,High
51117,Owner,0.51 to 1.00,Not overcrowded,1421,254,10.866100973457197,High
51117,Owner,1.01 to 1.50,Overcrowded,49,36,44.66224179641461,Low
51117,Owner,1.51 to 2.00,Very overcrowded,6,12,121.580547112462,Low
51117,Owner,2.01 or more,Very overcrowded,0,28,Inf,Low
51117,Renter,0.50 or less,Not overcrowded,2740,377,8.364209171787989,High
51117,Renter,0.51 to 1.00,Not overcrowded,922,244,16.087664585380004,Medium
51117,Renter,1.01 to 1.50,Overcrowded,98,84,52.10594876248371,Low
51117,Renter,1.51 to 2.00,Very overcrowded,0,28,Inf,Low
51117,Renter,2.01 or more,Very overcrowded,0,28,Inf,Low
51119,Owner,0.50 or less,Not overcrowded,3656,257,4.273276888389323,High
51119,Owner,0.51 to 1.00,Not overcrowded,343,97,17.19141846925483,Medium
51119,Owner,1.01 to 1.50,Overcrowded,57,45,47.99232122860342,Low
51119,Owner,1.51 to 2.00,Very overcrowded,0,21,Inf,Low
51119,Owner,2.01 or more,Very overcrowded,0,21,Inf,Low
51119,Renter,0.50 or less,Not overcrowded,507,134,16.066857310719833,Medium
51119,Renter,0.51 to 1.00,Not overcrowded,128,81,38.46884498480243,Low
51119,Renter,1.01 to 1.50,Overcrowded,20,31,94.22492401215806,Low
51119,Renter,1.51 to 2.00,Very overcrowded,22,15,41.44791378833933,Low
51119,Renter,2.01 or more,Very overcrowded,0,21,Inf,Low
51121,Owner,0.50 or less,Not overcrowded,17011,668,2.387155530866046,High
51121,Owner,0.51 to 1.00,Not overcrowded,2934,382,7.914752726135052,High
51121,Owner,1.01 to 1.50,Overcrowded,128,88,41.79331306990882,Low
51121,Owner,1.51 to 2.00,Very overcrowded,32,46,87.38601823708207,Low
51121,Owner,2.01 or more,Very overcrowded,0,31,Inf,Low
51121,Renter,0.50 or less,Not overcrowded,10618,750,4.293907060385501,High
51121,Renter,0.51 to 1.00,Not overcrowded,5520,599,6.596625699308401,High
51121,Renter,1.01 to 1.50,Overcrowded,393,222,34.339543840924385,Low
51121,Renter,1.51 to 2.00,Very overcrowded,64,49,46.54255319148936,Low
51121,Renter,2.01 or more,Very overcrowded,31,40,78.43906265320129,Low
51125,Owner,0.50 or less,Not overcrowded,4405,339,4.678298010343316,High
51125,Owner,0.51 to 1.00,Not overcrowded,630,156,15.052829642495297,Medium
51125,Owner,1.01 to 1.50,Overcrowded,89,63,43.03131723643319,Low
51125,Owner,1.51 to 2.00,Very overcrowded,0,21,Inf,Low
51125,Owner,2.01 or more,Very overcrowded,0,21,Inf,Low
51125,Renter,0.50 or less,Not overcrowded,1074,275,15.565479728085219,Medium
51125,Renter,0.51 to 1.00,Not overcrowded,272,140,31.289111389236545,Low
51125,Renter,1.01 to 1.50,Overcrowded,0,21,Inf,Low
51125,Renter,1.51 to 2.00,Very overcrowded,0,21,Inf,Low
51125,Renter,2.01 or more,Very overcrowded,0,21,Inf,Low
51127,Owner,0.50 or less,Not overcrowded,6914,382,3.358675802499312,High
51127,Owner,0.51 to 1.00,Not overcrowded,1407,296,12.788856412682573,High
51127,Owner,1.01 to 1.50,Overcrowded,0,25,Inf,Low
51127,Owner,1.51 to 2.00,Very overcrowded,0,25,Inf,Low
51127,Owner,2.01 or more,Very overcrowded,0,25,Inf,Low
51127,Renter,0.50 or less,Not overcrowded,323,143,26.913340924275648,Medium
51127,Renter,0.51 to 1.00,Not overcrowded,389,159,24.847438291621412,Medium
51127,Renter,1.01 to 1.50,Overcrowded,0,25,Inf,Low
51127,Renter,1.51 to 2.00,Very overcrowded,0,25,Inf,Low
51127,Renter,2.01 or more,Very overcrowded,1,2,121.580547112462,Low
51131,Owner,0.50 or less,Not overcrowded,3165,254,4.8785875144653,High
51131,Owner,0.51 to 1.00,Not overcrowded,273,83,18.482024561051915,Medium
51131,Owner,1.01 to 1.50,Overcrowded,43,61,86.2373648123277,Low
51131,Owner,1.51 to 2.00,Very overcrowded,0,21,Inf,Low
51131,Owner,2.01 or more,Very overcrowded,0,21,Inf,Low
51131,Renter,0.50 or less,Not overcrowded,1346,231,10.43280326262211,High
51131,Renter,0.51 to 1.00,Not overcrowded,460,142,18.76569314127131,Medium
51131,Renter,1.01 to 1.50,Overcrowded,50,55,66.8693009118541,Low
51131,Renter,1.51 to 2.00,Very overcrowded,1,2,121.580547112462,Low
51131,Renter,2.01 or more,Very overcrowded,0,21,Inf,Low
51133,Owner,0.50 or less,Not overcrowded,4418,345,4.747090171321796,High
51133,Owner,0.51 to 1.00,Not overcrowded,396,164,25.17576985662092,Medium
51133,Owner,1.01 to 1.50,Overcrowded,40,40,60.790273556231,Low
51133,Owner,1.51 to 2.00,Very overcrowded,0,21,Inf,Low
51133,Owner,2.01 or more,Very overcrowded,0,21,Inf,Low
51133,Renter,0.50 or less,Not overcrowded,464,146,19.127974006917515,Medium
51133,Renter,0.51 to 1.00,Not overcrowded,41,38,56.34220475943361,Low
51133,Renter,1.01 to 1.50,Overcrowded,0,21,Inf,Low
51133,Renter,1.51 to 2.00,Very overcrowded,77,80,63.158725772707534,Low
51133,Renter,2.01 or more,Very overcrowded,0,21,Inf,Low
51135,Owner,0.50 or less,Not overcrowded,3210,248,4.696569421166757,High
51135,Owner,0.51 to 1.00,Not overcrowded,549,144,15.944989785240917,Medium
51135,Owner,1.01 to 1.50,Overcrowded,26,29,67.80453588964227,Low
51135,Owner,1.51 to 2.00,Very overcrowded,18,20,67.54474839581222,Low
51135,Owner,2.01 or more,Very overcrowded,0,21,Inf,Low
51135,Renter,0.50 or less,Not overcrowded,1231,233,11.506201249879629,High
51135,Renter,0.51 to 1.00,Not overcrowded,432,146,20.544860970392886,Medium
51135,Renter,1.01 to 1.50,Overcrowded,26,34,79.4949731119944,Low
51135,Renter,1.51 to 2.00,Very overcrowded,0,21,Inf,Low
51135,Renter,2.01 or more,Very overcrowded,0,21,Inf,Low
51137,Owner,0.50 or less,Not overcrowded,9045,501,3.367156114059893,High
51137,Owner,0.51 to 1.00,Not overcrowded,2200,365,10.085659021829235,High
51137,Owner,1.01 to 1.50,Overcrowded,163,129,48.110093796035585,Low
51137,Owner,1.51 to 2.00,Very overcrowded,3,9,182.370820668693,Low
51137,Owner,2.01 or more,Very overcrowded,0,28,Inf,Low
51137,Renter,0.50 or less,Not overcrowded,2289,392,10.410566725226104,High
51137,Renter,0.51 to 1.00,Not overcrowded,802,301,22.815302170106648,Medium
51137,Renter,1.01 to 1.50,Overcrowded,76,60,47.99232122860342,Low
51137,Renter,1.51 to 2.00,Very overcrowded,89,99,67.62064137153786,Low
51137,Renter,2.01 or more,Very overcrowded,0,28,Inf,Low
51139,Owner,0.50 or less,Not overcrowded,5601,374,4.059196984472486,High
51139,Owner,0.51 to 1.00,Not overcrowded,1309,256,11.888701321921417,High
51139,Owner,1.01 to 1.50,Overcrowded,9,15,101.31712259371835,Low
51139,Owner,1.51 to 2.00,Very overcrowded,6,12,121.580547112462,Low
51139,Owner,2.01 or more,Very overcrowded,1,9,547.112462006079,Low
51139,Renter,0.50 or less,Not overcrowded,1793,280,9.493182708167696,High
51139,Renter,0.51 to 1.00,Not overcrowded,761,223,17.813706968514474,Medium
51139,Renter,1.01 to 1.50,Overcrowded,29,27,56.597840897180596,Low
51139,Renter,1.51 to 2.00,Very overcrowded,0,25,Inf,Low
51139,Renter,2.01 or more,Very overcrowded,0,25,Inf,Low
51141,Owner,0.50 or less,Not overcrowded,4902,335,4.1543740598403485,High
51141,Owner,0.51 to 1.00,Not overcrowded,1059,206,11.825114591674774,High
51141,Owner,1.01 to 1.50,Overcrowded,26,29,67.80453588964227,Low
51141,Owner,1.51 to 2.00,Very overcrowded,31,33,64.71222668889106,Low
51141,Owner,2.01 or more,Very overcrowded,0,21,Inf,Low
51141,Renter,0.50 or less,Not overcrowded,1286,282,13.330371028660295,High
51141,Renter,0.51 to 1.00,Not overcrowded,452,165,22.191139683137422,Medium
51141,Renter,1.01 to 1.50,Overcrowded,41,34,50.41144636370376,Low
51141,Renter,1.51 to 2.00,Very overcrowded,0,21,Inf,Low
51141,Renter,2.01 or more,Very overcrowded,0,21,Inf,Low
51143,Owner,0.50 or less,Not overcrowded,15567,621,2.425050419375567,High
51143,Owner,0.51 to 1.00,Not overcrowded,3717,361,5.904032486897872,High
51143,Owner,1.01 to 1.50,Overcrowded,73,43,35.80796935504018,Low
51143,Owner,1.51 to 2.00,Very overcrowded,21,24,69.4745983499783,Low
51143,Owner,2.01 or more,Very overcrowded,19,32,102.38361862102063,Low
51143,Renter,0.50 or less,Not overcrowded,3717,459,7.506789228493416,High
51143,Renter,0.51 to 1.00,Not overcrowded,1377,236,10.418667072818096,High
51143,Renter,1.01 to 1.50,Overcrowded,132,104,47.895367044303214,Low
51143,Renter,1.51 to 2.00,Very overcrowded,10,16,97.2644376899696,Low
51143,Renter,2.01 or more,Very overcrowded,0,31,Inf,Low
51145,Owner,0.50 or less,Not overcrowded,8703,389,2.717156889965973,High
51145,Owner,0.51 to 1.00,Not overcrowded,1648,268,9.885796913270575,High
51145,Owner,1.01 to 1.50,Overcrowded,36,45,75.98784194528876,Low
51145,Owner,1.51 to 2.00,Very overcrowded,0,28,Inf,Low
51145,Owner,2.01 or more,Very overcrowded,0,28,Inf,Low
51145,Renter,0.50 or less,Not overcrowded,653,224,20.85301880029976,Medium
51145,Renter,0.51 to 1.00,Not overcrowded,111,74,40.52684903748734,Low
51145,Renter,1.01 to 1.50,Overcrowded,0,28,Inf,Low
51145,Renter,1.51 to 2.00,Very overcrowded,0,28,Inf,Low
51145,Renter,2.01 or more,Very overcrowded,0,28,Inf,Low
51147,Owner,0.50 or less,Not overcrowded,3623,287,4.815569558553215,High
51147,Owner,0.51 to 1.00,Not overcrowded,909,218,14.57896549533373,High
51147,Owner,1.01 to 1.50,Overcrowded,0,25,Inf,Low
51147,Owner,1.51 to 2.00,Very overcrowded,0,25,Inf,Low
51147,Owner,2.01 or more,Very overcrowded,0,25,Inf,Low
51147,Renter,0.50 or less,Not overcrowded,2191,334,9.266979172880491,High
51147,Renter,0.51 to 1.00,Not overcrowded,781,242,18.836422792071577,Medium
51147,Renter,1.01 to 1.50,Overcrowded,39,45,70.1426233341127,Low
51147,Renter,1.51 to 2.00,Very overcrowded,17,26,92.97335955658859,Low
51147,Renter,2.01 or more,Very overcrowded,0,25,Inf,Low
51149,Owner,0.50 or less,Not overcrowded,7798,439,3.4222788011266236,High
51149,Owner,0.51 to 1.00,Not overcrowded,1525,310,12.357367083561712,High
51149,Owner,1.01 to 1.50,Overcrowded,73,50,41.637173668651364,Low
51149,Owner,1.51 to 2.00,Very overcrowded,0,28,Inf,Low
51149,Owner,2.01 or more,Very overcrowded,6,11,111.44883485309019,Low
51149,Renter,0.50 or less,Not overcrowded,1601,336,12.757983706991642,High
51149,Renter,0.51 to 1.00,Not overcrowded,1640,281,10.415894432500556,High
51149,Renter,1.01 to 1.50,Overcrowded,48,44,55.724417426545095,Low
51149,Renter,1.51 to 2.00,Very overcrowded,27,37,83.30518968816841,Low
51149,Renter,2.01 or more,Very overcrowded,0,28,Inf,Low
51153,Owner,0.50 or less,Not overcrowded,86708,1754,1.2297151337550074,High
51153,Owner,0.51 to 1.00,Not overcrowded,26028,1121,2.6181764506122236,High
51153,Owner,1.01 to 1.50,Overcrowded,1934,363,11.40996344411161,High
51153,Owner,1.51 to 2.00,Very overcrowded,227,117,31.332431744841532,Low
51153,Owner,2.01 or more,Very overcrowded,104,84,49.09983633387889,Low
51153,Renter,0.50 or less,Not overcrowded,21579,1087,3.0621913599158024,High
51153,Renter,0.51 to 1.00,Not overcrowded,14993,1002,4.062686193779995,High
51153,Renter,1.01 to 1.50,Overcrowded,2225,518,14.152522113315802,High
51153,Renter,1.51 to 2.00,Very overcrowded,556,213,23.28836019330432,Medium
51153,Renter,2.01 or more,Very overcrowded,255,241,57.4527683413791,Low
51155,Owner,0.50 or less,Not overcrowded,8814,398,2.745011217991824,High
51155,Owner,0.51 to 1.00,Not overcrowded,1527,237,9.435032634464143,High
51155,Owner,1.01 to 1.50,Overcrowded,35,42,72.94832826747721,Low
51155,Owner,1.51 to 2.00,Very overcrowded,4,9,136.77811550151975,Low
51155,Owner,2.01 or more,Very overcrowded,0,28,Inf,Low
51155,Renter,0.50 or less,Not overcrowded,3047,377,7.521474608040397,High
51155,Renter,0.51 to 1.00,Not overcrowded,878,206,14.262866005220484,High
51155,Renter,1.01 to 1.50,Overcrowded,73,52,43.30266061539743,Low
51155,Renter,1.51 to 2.00,Very overcrowded,8,13,98.78419452887537,Low
51155,Renter,2.01 or more,Very overcrowded,0,28,Inf,Low
51157,Owner,0.50 or less,Not overcrowded,1954,193,6.004361717683001,High
51157,Owner,0.51 to 1.00,Not overcrowded,238,112,28.607187555873416,Medium
51157,Owner,1.01 to 1.50,Overcrowded,0,19,Inf,Low
51157,Owner,1.51 to 2.00,Very overcrowded,36,48,81.05369807497466,Low
51157,Owner,2.01 or more,Very overcrowded,0,19,Inf,Low
51157,Renter,0.50 or less,Not overcrowded,412,132,19.47649541121964,Medium
51157,Renter,0.51 to 1.00,Not overcrowded,210,103,29.81618179186568,Medium
51157,Renter,1.01 to 1.50,Overcrowded,11,23,127.10693561757391,Low
51157,Renter,1.51 to 2.00,Very overcrowded,0,19,Inf,Low
51157,Renter,2.01 or more,Very overcrowded,0,19,Inf,Low
51159,Owner,0.50 or less,Not overcrowded,1751,245,8.505777853384691,High
51159,Owner,0.51 to 1.00,Not overcrowded,299,111,22.567626637931912,Medium
51159,Owner,1.01 to 1.50,Overcrowded,17,18,64.36617200071517,Low
51159,Owner,1.51 to 2.00,Very overcrowded,0,19,Inf,Low
51159,Owner,2.01 or more,Very overcrowded,0,19,Inf,Low
51159,Renter,0.50 or less,Not overcrowded,560,182,19.756838905775076,Medium
51159,Renter,0.51 to 1.00,Not overcrowded,285,156,33.274676051831705,Low
51159,Renter,1.01 to 1.50,Overcrowded,19,27,86.38617821148617,Low
51159,Renter,1.51 to 2.00,Very overcrowded,0,19,Inf,Low
51159,Renter,2.01 or more,Very overcrowded,0,19,Inf,Low
51161,Owner,0.50 or less,Not overcrowded,25741,682,1.6106198891010275,High
51161,Owner,0.51 to 1.00,Not overcrowded,4058,427,6.396610844876944,High
51161,Owner,1.01 to 1.50,Overcrowded,93,59,38.565872471157306,Low
51161,Owner,1.51 to 2.00,Very overcrowded,7,11,95.52757273122016,Low
51161,Owner,2.01 or more,Very overcrowded,20,35,106.38297872340425,Low
51161,Renter,0.50 or less,Not overcrowded,6589,624,5.757039110500553,High
51161,Renter,0.51 to 1.00,Not overcrowded,2554,424,10.092042281848842,High
51161,Renter,1.01 to 1.50,Overcrowded,99,93,57.10601455282306,Low
51161,Renter,1.51 to 2.00,Very overcrowded,70,58,50.36908380373426,Low
51161,Renter,2.01 or more,Very overcrowded,0,31,Inf,Low
51163,Owner,0.50 or less,Not overcrowded,6411,379,3.593747259056551,High
51163,Owner,0.51 to 1.00,Not overcrowded,1048,227,13.167358871435534,High
51163,Owner,1.01 to 1.50,Overcrowded,33,42,77.36943907156673,Low
51163,Owner,1.51 to 2.00,Very overcrowded,0,25,Inf,Low
51163,Owner,2.01 or more,Very overcrowded,0,25,Inf,Low
51163,Renter,0.50 or less,Not overcrowded,1589,310,11.859650599390568,High
51163,Renter,0.51 to 1.00,Not overcrowded,471,163,21.037822907995015,Medium
51163,Renter,1.01 to 1.50,Overcrowded,0,25,Inf,Low
51163,Renter,1.51 to 2.00,Very overcrowded,0,25,Inf,Low
51163,Renter,2.01 or more,Very overcrowded,0,25,Inf,Low
51165,Owner,0.50 or less,Not overcrowded,19322,626,1.9695016688852398,High
51165,Owner,0.51 to 1.00,Not overcrowded,4550,378,5.050268880056114,High
51165,Owner,1.01 to 1.50,Overcrowded,171,106,37.68285963134787,Low
51165,Owner,1.51 to 2.00,Very overcrowded,50,57,69.30091185410335,Low
51165,Owner,2.01 or more,Very overcrowded,0,31,Inf,Low
51165,Renter,0.50 or less,Not overcrowded,5056,446,5.362433149936517,High
51165,Renter,0.51 to 1.00,Not overcrowded,2668,324,7.382327073545294,High
51165,Renter,1.01 to 1.50,Overcrowded,127,80,38.29308570471244,Low
51165,Renter,1.51 to 2.00,Very overcrowded,78,56,43.644298963447895,Low
51165,Renter,2.01 or more,Very overcrowded,26,29,67.80453588964227,Low
51167,Owner,0.50 or less,Not overcrowded,6951,379,3.314561023998209,High
51167,Owner,0.51 to 1.00,Not overcrowded,939,178,11.5236088317456,High
51167,Owner,1.01 to 1.50,Overcrowded,36,37,62.47889226612631,Low
51167,Owner,1.51 to 2.00,Very overcrowded,10,17,103.34346504559271,Low
51167,Owner,2.01 or more,Very overcrowded,0,25,Inf,Low
51167,Renter,0.50 or less,Not overcrowded,1900,297,9.502479603263478,High
51167,Renter,0.51 to 1.00,Not overcrowded,618,165,16.230412842683034,Medium
51167,Renter,1.01 to 1.50,Overcrowded,16,29,110.18237082066868,Low
51167,Renter,1.51 to 2.00,Very overcrowded,0,25,Inf,Low
51167,Renter,2.01 or more,Very overcrowded,0,25,Inf,Low
51169,Owner,0.50 or less,Not overcrowded,5970,300,3.054787615891005,High
51169,Owner,0.51 to 1.00,Not overcrowded,988,168,10.33680764923766,High
51169,Owner,1.01 to 1.50,Overcrowded,40,34,51.671732522796354,Low
51169,Owner,1.51 to 2.00,Very overcrowded,13,19,88.84732288987608,Low
51169,Owner,2.01 or more,Very overcrowded,0,25,Inf,Low
51169,Renter,0.50 or less,Not overcrowded,1446,232,9.753349560889067,High
51169,Renter,0.51 to 1.00,Not overcrowded,376,111,17.94606479984479,Medium
51169,Renter,1.01 to 1.50,Overcrowded,116,77,40.352164343360236,Low
51169,Renter,1.51 to 2.00,Very overcrowded,2,3,91.1854103343465,Low
51169,Renter,2.01 or more,Very overcrowded,0,25,Inf,Low
51171,Owner,0.50 or less,Not overcrowded,10298,465,2.7449482621525942,High
51171,Owner,0.51 to 1.00,Not overcrowded,2388,279,7.102381206946587,High
51171,Owner,1.01 to 1.50,Overcrowded,113,79,42.499394787099554,Low
51171,Owner,1.51 to 2.00,Very overcrowded,68,50,44.698730556052205,Low
51171,Owner,2.01 or more,Very overcrowded,10,16,97.2644376899696,Low
51171,Renter,0.50 or less,Not overcrowded,3694,465,7.652267786585656,High
51171,Renter,0.51 to 1.00,Not overcrowded,1129,205,11.038092186915284,High
51171,Renter,1.01 to 1.50,Overcrowded,79,47,36.166365280289334,Low
51171,Renter,1.51 to 2.00,Very overcrowded,3,5,101.31712259371832,Low
51171,Renter,2.01 or more,Very overcrowded,0,28,Inf,Low
51173,Owner,0.50 or less,Not overcrowded,7471,351,2.856028111127972,High
51173,Owner,0.51 to 1.00,Not overcrowded,1299,187,8.751178718256503,High
51173,Owner,1.01 to 1.50,Overcrowded,99,60,36.8425900340794,Low
51173,Owner,1.51 to 2.00,Very overcrowded,8,15,113.98176291793314,Low
51173,Owner,2.01 or more,Very overcrowded,3,4,81.05369807497466,Low
51173,Renter,0.50 or less,Not overcrowded,2587,306,7.190500080481904,High
51173,Renter,0.51 to 1.00,Not overcrowded,934,204,13.27753298230313,High
51173,Renter,1.01 to 1.50,Overcrowded,94,57,36.862187156437955,Low
51173,Renter,1.51 to 2.00,Very overcrowded,30,42,85.1063829787234,Low
51173,Renter,2.01 or more,Very overcrowded,5,8,97.2644376899696,Low
51175,Owner,0.50 or less,Not overcrowded,4300,292,4.128083692655687,High
51175,Owner,0.51 to 1.00,Not overcrowded,815,172,12.829358345609487,High
51175,Owner,1.01 to 1.50,Overcrowded,22,38,105.00138159712628,Low
51175,Owner,1.51 to 2.00,Very overcrowded,15,12,48.632218844984806,Low
51175,Owner,2.01 or more,Very overcrowded,0,21,Inf,Low
51175,Renter,0.50 or less,Not overcrowded,1334,237,10.800071089075523,High
51175,Renter,0.51 to 1.00,Not overcrowded,322,105,19.822915290075326,Medium
51175,Renter,1.01 to 1.50,Overcrowded,79,67,51.556307952752874,Low
51175,Renter,1.51 to 2.00,Very overcrowded,0,21,Inf,Low
51175,Renter,2.01 or more,Very overcrowded,0,21,Inf,Low
51177,Owner,0.50 or less,Not overcrowded,32511,837,1.5650536423538295,High
51177,Owner,0.51 to 1.00,Not overcrowded,7689,659,5.210143097094061,High
51177,Owner,1.01 to 1.50,Overcrowded,511,186,22.12718372105473,Medium
51177,Owner,1.51 to 2.00,Very overcrowded,83,64,46.87442780239498,Low
51177,Owner,2.01 or more,Very overcrowded,56,42,45.59270516717325,Low
51177,Renter,0.50 or less,Not overcrowded,6435,575,5.431920325537347,High
51177,Renter,0.51 to 1.00,Not overcrowded,3556,528,9.026227344682217,High
51177,Renter,1.01 to 1.50,Overcrowded,385,193,30.474085185331383,Low
51177,Renter,1.51 to 2.00,Very overcrowded,41,34,50.41144636370376,Low
51177,Renter,2.01 or more,Very overcrowded,22,29,80.13263332412268,Low
51179,Owner,0.50 or less,Not overcrowded,33436,831,1.5108481075854756,High
51179,Owner,0.51 to 1.00,Not overcrowded,7403,654,5.370368621609494,High
51179,Owner,1.01 to 1.50,Overcrowded,593,191,19.580003792985025,Medium
51179,Owner,1.51 to 2.00,Very overcrowded,22,26,71.84305056645482,Low
51179,Owner,2.01 or more,Very overcrowded,18,24,81.05369807497466,Low
51179,Renter,0.50 or less,Not overcrowded,5805,540,5.654909168021488,High
51179,Renter,0.51 to 1.00,Not overcrowded,3357,536,9.706162235966582,High
51179,Renter,1.01 to 1.50,Overcrowded,561,292,31.641283205738773,Low
51179,Renter,1.51 to 2.00,Very overcrowded,84,71,51.38225502967144,Low
51179,Renter,2.01 or more,Very overcrowded,30,39,79.0273556231003,Low
51181,Owner,0.50 or less,Not overcrowded,1797,117,3.9579643884691302,High
51181,Owner,0.51 to 1.00,Not overcrowded,357,101,17.1983687091858,Medium
51181,Owner,1.01 to 1.50,Overcrowded,48,50,63.323201621073956,Low
51181,Owner,1.51 to 2.00,Very overcrowded,8,11,83.58662613981764,Low
51181,Owner,2.01 or more,Very overcrowded,0,19,Inf,Low
51181,Renter,0.50 or less,Not overcrowded,430,126,17.81296387926769,Medium
51181,Renter,0.51 to 1.00,Not overcrowded,111,64,35.05024781620526,Low
51181,Renter,1.01 to 1.50,Overcrowded,4,7,106.38297872340425,Low
51181,Renter,1.51 to 2.00,Very overcrowded,0,19,Inf,Low
51181,Renter,2.01 or more,Very overcrowded,0,19,Inf,Low
51183,Owner,0.50 or less,Not overcrowded,2288,198,5.260696750058452,High
51183,Owner,0.51 to 1.00,Not overcrowded,254,104,24.89050570806309,Medium
51183,Owner,1.01 to 1.50,Overcrowded,16,31,117.78115501519757,Low
51183,Owner,1.51 to 2.00,Very overcrowded,9,17,114.8260722728808,Low
51183,Owner,2.01 or more,Very overcrowded,0,21,Inf,Low
51183,Renter,0.50 or less,Not overcrowded,644,152,14.34801487662595,High
51183,Renter,0.51 to 1.00,Not overcrowded,494,161,19.812214661038848,Medium
51183,Renter,1.01 to 1.50,Overcrowded,0,21,Inf,Low
51183,Renter,1.51 to 2.00,Very overcrowded,0,21,Inf,Low
51183,Renter,2.01 or more,Very overcrowded,0,21,Inf,Low
51185,Owner,0.50 or less,Not overcrowded,9524,467,2.980791448000827,High
51185,Owner,0.51 to 1.00,Not overcrowded,2031,276,8.261012063771421,High
51185,Owner,1.01 to 1.50,Overcrowded,85,76,54.35365635615948,Low
51185,Owner,1.51 to 2.00,Very overcrowded,0,28,Inf,Low
51185,Owner,2.01 or more,Very overcrowded,12,22,111.44883485309019,Low
51185,Renter,0.50 or less,Not overcrowded,3009,369,7.4548391300263335,High
51185,Renter,0.51 to 1.00,Not overcrowded,1240,259,12.69732326698696,High
51185,Renter,1.01 to 1.50,Overcrowded,50,49,59.57446808510638,Low
51185,Renter,1.51 to 2.00,Very overcrowded,0,28,Inf,Low
51185,Renter,2.01 or more,Very overcrowded,0,28,Inf,Low
51187,Owner,0.50 or less,Not overcrowded,9508,389,2.487107321558042,High
51187,Owner,0.51 to 1.00,Not overcrowded,2001,413,12.546918030346529,High
51187,Owner,1.01 to 1.50,Overcrowded,170,91,32.54067584480601,Low
51187,Owner,1.51 to 2.00,Very overcrowded,20,34,103.34346504559271,Low
51187,Owner,2.01 or more,Very overcrowded,0,28,Inf,Low
51187,Renter,0.50 or less,Not overcrowded,2129,346,9.879490206883949,High
51187,Renter,0.51 to 1.00,Not overcrowded,1203,244,12.329864295694401,High
51187,Renter,1.01 to 1.50,Overcrowded,232,183,47.95094853788911,Low
51187,Renter,1.51 to 2.00,Very overcrowded,94,86,55.61663325357304,Low
51187,Renter,2.01 or more,Very overcrowded,0,28,Inf,Low
51191,Owner,0.50 or less,Not overcrowded,14414,512,2.159332597529504,High
51191,Owner,0.51 to 1.00,Not overcrowded,2211,294,8.083374231357718,High
51191,Owner,1.01 to 1.50,Overcrowded,118,73,37.60754211529545,Low
51191,Owner,1.51 to 2.00,Very overcrowded,27,34,76.55071484858719,Low
51191,Owner,2.01 or more,Very overcrowded,0,31,Inf,Low
51191,Renter,0.50 or less,Not overcrowded,3896,403,6.2881109453698905,High
51191,Renter,0.51 to 1.00,Not overcrowded,1366,338,15.041810001468578,Medium
51191,Renter,1.01 to 1.50,Overcrowded,41,43,63.75565275409593,Low
51191,Renter,1.51 to 2.00,Very overcrowded,37,41,67.3621950217695,Low
51191,Renter,2.01 or more,Very overcrowded,8,13,98.78419452887537,Low
51193,Owner,0.50 or less,Not overcrowded,5404,440,4.949615167420732,High
51193,Owner,0.51 to 1.00,Not overcrowded,798,197,15.007122669896624,Medium
51193,Owner,1.01 to 1.50,Overcrowded,140,116,50.36908380373426,Low
51193,Owner,1.51 to 2.00,Very overcrowded,6,19,192.50253292806485,Low
51193,Owner,2.01 or more,Very overcrowded,0,21,Inf,Low
51193,Renter,0.50 or less,Not overcrowded,1083,266,14.930944382232175,High
51193,Renter,0.51 to 1.00,Not overcrowded,537,223,25.24437803173094,Medium
51193,Renter,1.01 to 1.50,Overcrowded,53,69,79.14205425245167,Low
51193,Renter,1.51 to 2.00,Very overcrowded,8,14,106.38297872340425,Low
51193,Renter,2.01 or more,Very overcrowded,0,21,Inf,Low
51195,Owner,0.50 or less,Not overcrowded,8413,473,3.4177819317838183,High
51195,Owner,0.51 to 1.00,Not overcrowded,1941,344,10.773752758033726,High
51195,Owner,1.01 to 1.50,Overcrowded,59,64,65.94199165421668,Low
51195,Owner,1.51 to 2.00,Very overcrowded,6,9,91.1854103343465,Low
51195,Owner,2.01 or more,Very overcrowded,0,28,Inf,Low
51195,Renter,0.50 or less,Not overcrowded,2418,344,8.64840947201963,High
51195,Renter,0.51 to 1.00,Not overcrowded,1133,224,12.018553642185124,High
51195,Renter,1.01 to 1.50,Overcrowded,83,86,62.98751235946827,Low
51195,Renter,1.51 to 2.00,Very overcrowded,0,28,Inf,Low
51195,Renter,2.01 or more,Very overcrowded,2,4,121.580547112462,Low
51197,Owner,0.50 or less,Not overcrowded,7480,376,3.0557677616501144,High
51197,Owner,0.51 to 1.00,Not overcrowded,1934,330,10.372694040101464,High
51197,Owner,1.01 to 1.50,Overcrowded,48,46,58.257345491388044,Low
51197,Owner,1.51 to 2.00,Very overcrowded,0,25,Inf,Low
51197,Owner,2.01 or more,Very overcrowded,31,23,45.10246102559074,Low
51197,Renter,0.50 or less,Not overcrowded,2208,294,8.094357076780758,High
51197,Renter,0.51 to 1.00,Not overcrowded,646,152,14.303593777936708,High
51197,Renter,1.01 to 1.50,Overcrowded,49,54,66.99336269462192,Low
51197,Renter,1.51 to 2.00,Very overcrowded,0,25,Inf,Low
51197,Renter,2.01 or more,Very overcrowded,0,25,Inf,Low
51199,Owner,0.50 or less,Not overcrowded,15513,514,2.0141945856960444,High
51199,Owner,0.51 to 1.00,Not overcrowded,3260,341,6.35873720327447,High
51199,Owner,1.01 to 1.50,Overcrowded,51,53,63.17420585255379,Low
51199,Owner,1.51 to 2.00,Very overcrowded,0,31,Inf,Low
51199,Owner,2.01 or more,Very overcrowded,0,31,Inf,Low
51199,Renter,0.50 or less,Not overcrowded,5393,429,4.835718033677564,High
51199,Renter,0.51 to 1.00,Not overcrowded,2161,359,10.098893200688075,High
51199,Renter,1.01 to 1.50,Overcrowded,14,26,112.89622231871472,Low
51199,Renter,1.51 to 2.00,Very overcrowded,0,31,Inf,Low
51199,Renter,2.01 or more,Very overcrowded,53,47,53.908355795148246,Low
51510,Owner,0.50 or less,Not overcrowded,26929,854,1.9278433516662807,High
51510,Owner,0.51 to 1.00,Not overcrowded,4516,512,6.89207707280564,High
51510,Owner,1.01 to 1.50,Overcrowded,189,88,28.304465994435603,Medium
51510,Owner,1.51 to 2.00,Very overcrowded,40,36,54.7112462006079,Low
51510,Owner,2.01 or more,Very overcrowded,0,31,Inf,Low
51510,Renter,0.50 or less,Not overcrowded,26391,936,2.156026526036612,High
51510,Renter,0.51 to 1.00,Not overcrowded,14255,910,3.8806838959081174,High
51510,Renter,1.01 to 1.50,Overcrowded,1346,306,13.820077049187732,High
51510,Renter,1.51 to 2.00,Very overcrowded,1392,394,17.206442371519408,Medium
51510,Renter,2.01 or more,Very overcrowded,291,134,27.992772015584034,Medium
51520,Owner,0.50 or less,Not overcrowded,3789,341,5.470964181228497,High
51520,Owner,0.51 to 1.00,Not overcrowded,751,207,16.755774468894565,Medium
51520,Owner,1.01 to 1.50,Overcrowded,78,64,49.87919881536902,Low
51520,Owner,1.51 to 2.00,Very overcrowded,9,16,108.07159743329954,Low
51520,Owner,2.01 or more,Very overcrowded,0,21,Inf,Low
51520,Renter,0.50 or less,Not overcrowded,1597,304,11.571849192920617,High
51520,Renter,0.51 to 1.00,Not overcrowded,1074,290,16.414505895071688,Medium
51520,Renter,1.01 to 1.50,Overcrowded,29,36,75.46378786290745,Low
51520,Renter,1.51 to 2.00,Very overcrowded,0,21,Inf,Low
51520,Renter,2.01 or more,Very overcrowded,0,21,Inf,Low
51530,Owner,0.50 or less,Not overcrowded,1203,224,11.31921968129322,High
51530,Owner,0.51 to 1.00,Not overcrowded,270,104,23.415512777214907,Medium
51530,Owner,1.01 to 1.50,Overcrowded,20,29,88.14589665653494,Low
51530,Owner,1.51 to 2.00,Very overcrowded,0,19,Inf,Low
51530,Owner,2.01 or more,Very overcrowded,0,19,Inf,Low
51530,Renter,0.50 or less,Not overcrowded,875,250,17.368649587494573,Medium
51530,Renter,0.51 to 1.00,Not overcrowded,212,116,33.26260251189998,Low
51530,Renter,1.01 to 1.50,Overcrowded,31,46,90.20492205118148,Low
51530,Renter,1.51 to 2.00,Very overcrowded,0,19,Inf,Low
51530,Renter,2.01 or more,Very overcrowded,0,19,Inf,Low
51540,Owner,0.50 or less,Not overcrowded,7337,475,3.935584017883294,High
51540,Owner,0.51 to 1.00,Not overcrowded,1249,264,12.849185123174525,High
51540,Owner,1.01 to 1.50,Overcrowded,28,35,75.98784194528875,Low
51540,Owner,1.51 to 2.00,Very overcrowded,0,28,Inf,Low
51540,Owner,2.01 or more,Very overcrowded,0,28,Inf,Low
51540,Renter,0.50 or less,Not overcrowded,7565,580,4.660721568091736,High
51540,Renter,0.51 to 1.00,Not overcrowded,3294,405,7.47421396183168,High
51540,Renter,1.01 to 1.50,Overcrowded,168,95,34.37545230858301,Low
51540,Renter,1.51 to 2.00,Very overcrowded,28,28,60.790273556231,Low
51540,Renter,2.01 or more,Very overcrowded,30,50,101.31712259371832,Low
51550,Owner,0.50 or less,Not overcrowded,54043,1215,1.3666928625505739,High
51550,Owner,0.51 to 1.00,Not overcrowded,13337,819,3.7330159737986945,High
51550,Owner,1.01 to 1.50,Overcrowded,512,202,23.983662613981764,Medium
51550,Owner,1.51 to 2.00,Very overcrowded,197,105,32.400907225402314,Low
51550,Owner,2.01 or more,Very overcrowded,51,42,50.06257822277848,Low
51550,Renter,0.50 or less,Not overcrowded,15389,866,3.420909539261553,High
51550,Renter,0.51 to 1.00,Not overcrowded,8108,789,5.915580394162094,High
51550,Renter,1.01 to 1.50,Overcrowded,454,174,23.298474887189855,Medium
51550,Renter,1.51 to 2.00,Very overcrowded,241,156,39.34972064220762,Low
51550,Renter,2.01 or more,Very overcrowded,29,61,127.86919610103762,Low
51570,Owner,0.50 or less,Not overcrowded,4202,292,4.224359799719051,High
51570,Owner,0.51 to 1.00,Not overcrowded,854,162,11.531644398254592,High
51570,Owner,1.01 to 1.50,Overcrowded,69,69,60.790273556231,Low
51570,Owner,1.51 to 2.00,Very overcrowded,11,12,66.31666206134291,Low
51570,Owner,2.01 or more,Very overcrowded,0,21,Inf,Low
51570,Renter,0.50 or less,Not overcrowded,1850,270,8.872093978476956,High
51570,Renter,0.51 to 1.00,Not overcrowded,545,124,13.831181506371825,High
51570,Renter,1.01 to 1.50,Overcrowded,14,23,99.86973512809378,Low
51570,Renter,1.51 to 2.00,Very overcrowded,0,21,Inf,Low
51570,Renter,2.01 or more,Very overcrowded,0,21,Inf,Low
51580,Owner,0.50 or less,Not overcrowded,1362,175,7.810791389383572,High
51580,Owner,0.51 to 1.00,Not overcrowded,419,129,18.715859877694033,Medium
51580,Owner,1.01 to 1.50,Overcrowded,0,19,Inf,Low
51580,Owner,1.51 to 2.00,Very overcrowded,0,19,Inf,Low
51580,Owner,2.01 or more,Very overcrowded,0,19,Inf,Low
51580,Renter,0.50 or less,Not overcrowded,483,139,17.4945093671141,Medium
51580,Renter,0.51 to 1.00,Not overcrowded,229,85,22.564075337465656,Medium
51580,Renter,1.01 to 1.50,Overcrowded,0,19,Inf,Low
51580,Renter,1.51 to 2.00,Very overcrowded,0,19,Inf,Low
51580,Renter,2.01 or more,Very overcrowded,0,19,Inf,Low
51590,Owner,0.50 or less,Not overcrowded,8332,507,3.699072094696245,High
51590,Owner,0.51 to 1.00,Not overcrowded,740,218,17.908485993592375,Medium
51590,Owner,1.01 to 1.50,Overcrowded,40,36,54.7112462006079,Low
51590,Owner,1.51 to 2.00,Very overcrowded,12,20,101.31712259371832,Low
51590,Owner,2.01 or more,Very overcrowded,13,16,74.81879822305353,Low
51590,Renter,0.50 or less,Not overcrowded,6812,490,4.372758961032471,High
51590,Renter,0.51 to 1.00,Not overcrowded,2389,381,9.694890843417333,High
51590,Renter,1.01 to 1.50,Overcrowded,234,170,44.163873951107995,Low
51590,Renter,1.51 to 2.00,Very overcrowded,52,52,60.790273556231,Low
51590,Renter,2.01 or more,Very overcrowded,8,14,106.38297872340425,Low
51595,Owner,0.50 or less,Not overcrowded,739,190,15.62943433786724,Medium
51595,Owner,0.51 to 1.00,Not overcrowded,113,93,50.030933103800734,Low
51595,Owner,1.01 to 1.50,Overcrowded,0,19,Inf,Low
51595,Owner,1.51 to 2.00,Very overcrowded,0,19,Inf,Low
51595,Owner,2.01 or more,Very overcrowded,0,19,Inf,Low
51595,Renter,0.50 or less,Not overcrowded,940,221,14.29218133609261,High
51595,Renter,0.51 to 1.00,Not overcrowded,427,142,20.215969192001882,Medium
51595,Renter,1.01 to 1.50,Overcrowded,0,19,Inf,Low
51595,Renter,1.51 to 2.00,Very overcrowded,0,19,Inf,Low
51595,Renter,2.01 or more,Very overcrowded,0,19,Inf,Low
51600,Owner,0.50 or less,Not overcrowded,5477,355,3.9402130933836053,High
51600,Owner,0.51 to 1.00,Not overcrowded,735,166,13.729503959638567,High
51600,Owner,1.01 to 1.50,Overcrowded,93,64,41.834166748374024,Low
51600,Owner,1.51 to 2.00,Very overcrowded,8,13,98.78419452887537,Low
51600,Owner,2.01 or more,Very overcrowded,37,44,72.29113612092335,Low
51600,Renter,0.50 or less,Not overcrowded,1476,288,11.861516791459707,High
51600,Renter,0.51 to 1.00,Not overcrowded,994,210,12.843015540048805,High
51600,Renter,1.01 to 1.50,Overcrowded,247,137,33.71768209394189,Low
51600,Renter,1.51 to 2.00,Very overcrowded,16,26,98.78419452887537,Low
51600,Renter,2.01 or more,Very overcrowded,75,79,64.03242147923,Low
51610,Owner,0.50 or less,Not overcrowded,2604,269,6.279794004080698,High
51610,Owner,0.51 to 1.00,Not overcrowded,413,131,19.28214488103211,Medium
51610,Owner,1.01 to 1.50,Overcrowded,16,28,106.38297872340425,Low
51610,Owner,1.51 to 2.00,Very overcrowded,6,11,111.44883485309019,Low
51610,Owner,2.01 or more,Very overcrowded,0,21,Inf,Low
51610,Renter,0.50 or less,Not overcrowded,1884,311,10.034912460715415,High
51610,Renter,0.51 to 1.00,Not overcrowded,1023,228,13.548565367371133,High
51610,Renter,1.01 to 1.50,Overcrowded,54,37,41.652594844084206,Low
51610,Renter,1.51 to 2.00,Very overcrowded,53,43,49.320410621093075,Low
51610,Renter,2.01 or more,Very overcrowded,0,21,Inf,Low
51620,Owner,0.50 or less,Not overcrowded,1580,226,8.695317609941903,High
51620,Owner,0.51 to 1.00,Not overcrowded,225,92,24.856467409658897,Medium
51620,Owner,1.01 to 1.50,Overcrowded,4,9,136.77811550151975,Low
51620,Owner,1.51 to 2.00,Very overcrowded,0,19,Inf,Low
51620,Owner,2.01 or more,Very overcrowded,0,19,Inf,Low
51620,Renter,0.50 or less,Not overcrowded,1037,216,12.662197770632494,High
51620,Renter,0.51 to 1.00,Not overcrowded,416,178,26.011222819733458,Medium
51620,Renter,1.01 to 1.50,Overcrowded,126,114,55.00072369373281,Low
51620,Renter,1.51 to 2.00,Very overcrowded,0,19,Inf,Low
51620,Renter,2.01 or more,Very overcrowded,0,19,Inf,Low
51630,Owner,0.50 or less,Not overcrowded,4087,338,5.027431480794245,High
51630,Owner,0.51 to 1.00,Not overcrowded,620,205,20.10000980488283,Medium
51630,Owner,1.01 to 1.50,Overcrowded,33,49,90.26434558349452,Low
51630,Owner,1.51 to 2.00,Very overcrowded,16,23,87.38601823708207,Low
51630,Owner,2.01 or more,Very overcrowded,0,25,Inf,Low
51630,Renter,0.50 or less,Not overcrowded,4264,451,6.429740472293664,High
51630,Renter,0.51 to 1.00,Not overcrowded,2064,437,12.870808887632244,High
51630,Renter,1.01 to 1.50,Overcrowded,342,188,33.41687552213868,Low
51630,Renter,1.51 to 2.00,Very overcrowded,0,25,Inf,Low
51630,Renter,2.01 or more,Very overcrowded,17,24,85.82156266762024,Low
51640,Owner,0.50 or less,Not overcrowded,1344,251,11.352945433492545,High
51640,Owner,0.51 to 1.00,Not overcrowded,305,101,20.13054960386666,Medium
51640,Owner,1.01 to 1.50,Overcrowded,17,24,85.82156266762024,Low
51640,Owner,1.51 to 2.00,Very overcrowded,16,21,79.7872340425532,Low
51640,Owner,2.01 or more,Very overcrowded,0,19,Inf,Low
51640,Renter,0.50 or less,Not overcrowded,831,227,16.605766663374776,Medium
51640,Renter,0.51 to 1.00,Not overcrowded,186,85,27.780501356342125,Medium
51640,Renter,1.01 to 1.50,Overcrowded,13,17,79.4949731119944,Low
51640,Renter,1.51 to 2.00,Very overcrowded,17,25,89.39746111210441,Low
51640,Renter,2.01 or more,Very overcrowded,0,19,Inf,Low
51650,Owner,0.50 or less,Not overcrowded,26309,1007,2.3268009225407513,High
51650,Owner,0.51 to 1.00,Not overcrowded,5433,657,7.35122579172534,High
51650,Owner,1.01 to 1.50,Overcrowded,328,167,30.95114537771518,Low
51650,Owner,1.51 to 2.00,Very overcrowded,39,36,56.11409866729016,Low
51650,Owner,2.01 or more,Very overcrowded,9,15,101.31712259371835,Low
51650,Renter,0.50 or less,Not overcrowded,17267,997,3.5100424356033075,High
51650,Renter,0.51 to 1.00,Not overcrowded,7399,737,6.0552009205219965,High
51650,Renter,1.01 to 1.50,Overcrowded,560,211,22.90490664350847,Medium
51650,Renter,1.51 to 2.00,Very overcrowded,311,164,32.056607277240786,Low
51650,Renter,2.01 or more,Very overcrowded,85,98,70.08760951188987,Low
51660,Owner,0.50 or less,Not overcrowded,5266,446,5.14858754388132,High
51660,Owner,0.51 to 1.00,Not overcrowded,1487,272,11.119673441354966,High
51660,Owner,1.01 to 1.50,Overcrowded,93,64,41.834166748374024,Low
51660,Owner,1.51 to 2.00,Very overcrowded,76,50,39.993601023836185,Low
51660,Owner,2.01 or more,Very overcrowded,0,31,Inf,Low
51660,Renter,0.50 or less,Not overcrowded,6026,562,5.669454652937574,High
51660,Renter,0.51 to 1.00,Not overcrowded,3986,462,7.04593737656265,High
51660,Renter,1.01 to 1.50,Overcrowded,278,136,29.73912663182524,Medium
51660,Renter,1.51 to 2.00,Very overcrowded,90,76,51.334008780817285,Low
51660,Renter,2.01 or more,Very overcrowded,29,52,109.00324913531077,Low
51670,Owner,0.50 or less,Not overcrowded,4291,371,5.25592903504118,High
51670,Owner,0.51 to 1.00,Not overcrowded,912,242,16.13075241294726,Medium
51670,Owner,1.01 to 1.50,Overcrowded,27,31,69.79624000900597,Low
51670,Owner,1.51 to 2.00,Very overcrowded,0,25,Inf,Low
51670,Owner,2.01 or more,Very overcrowded,0,25,Inf,Low
51670,Renter,0.50 or less,Not overcrowded,2626,392,9.07455721022184,High
51670,Renter,0.51 to 1.00,Not overcrowded,1417,350,15.01524046907611,Medium
51670,Renter,1.01 to 1.50,Overcrowded,125,104,50.5775075987842,Low
51670,Renter,1.51 to 2.00,Very overcrowded,20,29,88.14589665653494,Low
51670,Renter,2.01 or more,Very overcrowded,0,25,Inf,Low
51678,Owner,0.50 or less,Not overcrowded,1049,197,11.416285882342713,High
51678,Owner,0.51 to 1.00,Not overcrowded,16,29,110.18237082066868,Low
51678,Owner,1.01 to 1.50,Overcrowded,0,19,Inf,Low
51678,Owner,1.51 to 2.00,Very overcrowded,0,19,Inf,Low
51678,Owner,2.01 or more,Very overcrowded,0,19,Inf,Low
51678,Renter,0.50 or less,Not overcrowded,714,179,15.240138608634943,Medium
51678,Renter,0.51 to 1.00,Not overcrowded,282,117,25.221496475457545,Medium
51678,Renter,1.01 to 1.50,Overcrowded,0,19,Inf,Low
51678,Renter,1.51 to 2.00,Very overcrowded,0,19,Inf,Low
51678,Renter,2.01 or more,Very overcrowded,0,19,Inf,Low
51680,Owner,0.50 or less,Not overcrowded,11917,623,3.1780096018739545,High
51680,Owner,0.51 to 1.00,Not overcrowded,2014,320,9.658831945379305,High
51680,Owner,1.01 to 1.50,Overcrowded,128,67,31.819908814589663,Low
51680,Owner,1.51 to 2.00,Very overcrowded,17,27,96.54925800107277,Low
51680,Owner,2.01 or more,Very overcrowded,0,31,Inf,Low
51680,Renter,0.50 or less,Not overcrowded,9664,618,3.8874574770023553,High
51680,Renter,0.51 to 1.00,Not overcrowded,4577,570,7.5705606132950996,High
51680,Renter,1.01 to 1.50,Overcrowded,275,152,33.60044211108041,Low
51680,Renter,1.51 to 2.00,Very overcrowded,71,61,52.22826319619847,Low
51680,Renter,2.01 or more,Very overcrowded,24,34,86.11955420466059,Low
51683,Owner,0.50 or less,Not overcrowded,7310,415,3.451157801071938,High
51683,Owner,0.51 to 1.00,Not overcrowded,2472,426,10.475993743913595,High
51683,Owner,1.01 to 1.50,Overcrowded,257,129,30.513405792816346,Low
51683,Owner,1.51 to 2.00,Very overcrowded,50,59,71.73252279635258,Low
51683,Owner,2.01 or more,Very overcrowded,45,64,86.45727794663965,Low
51683,Renter,0.50 or less,Not overcrowded,1616,295,11.09723434349514,High
51683,Renter,0.51 to 1.00,Not overcrowded,1844,351,11.571250552189307,High
51683,Renter,1.01 to 1.50,Overcrowded,331,146,26.813836674349627,Medium
51683,Renter,1.51 to 2.00,Very overcrowded,116,91,47.68892149669846,Low
51683,Renter,2.01 or more,Very overcrowded,0,28,Inf,Low
51685,Owner,0.50 or less,Not overcrowded,2179,260,7.253543425709069,High
51685,Owner,0.51 to 1.00,Not overcrowded,1178,219,11.30141757963887,High
51685,Owner,1.01 to 1.50,Overcrowded,41,38,56.34220475943361,Low
51685,Owner,1.51 to 2.00,Very overcrowded,92,47,31.05590062111801,Low
51685,Owner,2.01 or more,Very overcrowded,0,21,Inf,Low
51685,Renter,0.50 or less,Not overcrowded,891,235,16.0333493666827,Medium
51685,Renter,0.51 to 1.00,Not overcrowded,463,186,24.42114661222239,Medium
51685,Renter,1.01 to 1.50,Overcrowded,288,218,46.01485984464708,Low
51685,Renter,1.51 to 2.00,Very overcrowded,22,36,99.47499309201436,Low
51685,Renter,2.01 or more,Very overcrowded,11,20,110.52777010223818,Low
51690,Owner,0.50 or less,Not overcrowded,2611,246,5.7274635368949935,High
51690,Owner,0.51 to 1.00,Not overcrowded,549,178,19.70977904008947,Medium
51690,Owner,1.01 to 1.50,Overcrowded,24,23,58.257345491388044,Low
51690,Owner,1.51 to 2.00,Very overcrowded,0,21,Inf,Low
51690,Owner,2.01 or more,Very overcrowded,0,21,Inf,Low
51690,Renter,0.50 or less,Not overcrowded,1910,250,7.956842088511911,High
51690,Renter,0.51 to 1.00,Not overcrowded,496,191,23.40915776056476,Medium
51690,Renter,1.01 to 1.50,Overcrowded,29,19,39.82811026097893,Low
51690,Renter,1.51 to 2.00,Very overcrowded,0,21,Inf,Low
51690,Renter,2.01 or more,Very overcrowded,0,21,Inf,Low
51700,Owner,0.50 or less,Not overcrowded,30318,1080,2.165495594720281,High
51700,Owner,0.51 to 1.00,Not overcrowded,5710,510,5.4296041179821035,High
51700,Owner,1.01 to 1.50,Overcrowded,398,162,24.74377968871714,Medium
51700,Owner,1.51 to 2.00,Very overcrowded,26,28,65.46644844517185,Low
51700,Owner,2.01 or more,Very overcrowded,0,31,Inf,Low
51700,Renter,0.50 or less,Not overcrowded,26789,1068,2.4235325005806376,High
51700,Renter,0.51 to 1.00,Not overcrowded,11201,927,5.031031478138215,High
51700,Renter,1.01 to 1.50,Overcrowded,531,213,24.384798997132208,Medium
51700,Renter,1.51 to 2.00,Very overcrowded,425,197,28.17807974253531,Medium
51700,Renter,2.01 or more,Very overcrowded,400,245,37.234042553191486,Low
51710,Owner,0.50 or less,Not overcrowded,35498,1197,2.0498607653053273,High
51710,Owner,0.51 to 1.00,Not overcrowded,7386,630,5.185197988143181,High
51710,Owner,1.01 to 1.50,Overcrowded,193,112,35.27725719325323,Low
51710,Owner,1.51 to 2.00,Very overcrowded,30,32,64.84295845997974,Low
51710,Owner,2.01 or more,Very overcrowded,52,64,74.81879822305353,Low
51710,Renter,0.50 or less,Not overcrowded,35291,1131,1.9481964067920226,High
51710,Renter,0.51 to 1.00,Not overcrowded,14503,877,3.6760028896652135,High
51710,Renter,1.01 to 1.50,Overcrowded,812,223,16.694865767290043,Medium
51710,Renter,1.51 to 2.00,Very overcrowded,602,268,27.062779589817122,Medium
51710,Renter,2.01 or more,Very overcrowded,90,63,42.55319148936171,Low
51720,Owner,0.50 or less,Not overcrowded,733,149,12.357095170366193,High
51720,Owner,0.51 to 1.00,Not overcrowded,79,58,44.630833750144276,Low
51720,Owner,1.01 to 1.50,Overcrowded,0,13,Inf,Low
51720,Owner,1.51 to 2.00,Very overcrowded,0,13,Inf,Low
51720,Owner,2.01 or more,Very overcrowded,0,13,Inf,Low
51720,Renter,0.50 or less,Not overcrowded,514,161,19.041311366835004,Medium
51720,Renter,0.51 to 1.00,Not overcrowded,194,122,38.228934916805066,Low
51720,Renter,1.01 to 1.50,Overcrowded,33,43,79.2115685732707,Low
51720,Renter,1.51 to 2.00,Very overcrowded,0,13,Inf,Low
51720,Renter,2.01 or more,Very overcrowded,0,13,Inf,Low
51730,Owner,0.50 or less,Not overcrowded,4997,411,4.999960462599748,High
51730,Owner,0.51 to 1.00,Not overcrowded,654,197,18.31144325776377,Medium
51730,Owner,1.01 to 1.50,Overcrowded,31,43,84.32199235219139,Low
51730,Owner,1.51 to 2.00,Very overcrowded,0,28,Inf,Low
51730,Owner,2.01 or more,Very overcrowded,0,28,Inf,Low
51730,Renter,0.50 or less,Not overcrowded,6538,577,5.364941548171504,High
51730,Renter,0.51 to 1.00,Not overcrowded,2356,532,13.726835964310228,High
51730,Renter,1.01 to 1.50,Overcrowded,55,44,48.632218844984806,Low
51730,Renter,1.51 to 2.00,Very overcrowded,203,98,29.347028613352897,Medium
51730,Renter,2.01 or more,Very overcrowded,20,31,94.22492401215806,Low
51735,Owner,0.50 or less,Not overcrowded,3461,243,4.268141136713127,High
51735,Owner,0.51 to 1.00,Not overcrowded,506,153,18.381248723524394,Medium
51735,Owner,1.01 to 1.50,Overcrowded,0,21,Inf,Low
51735,Owner,1.51 to 2.00,Very overcrowded,0,21,Inf,Low
51735,Owner,2.01 or more,Very overcrowded,0,21,Inf,Low
51735,Renter,0.50 or less,Not overcrowded,464,145,18.99696048632219,Medium
51735,Renter,0.51 to 1.00,Not overcrowded,191,98,31.190820986966695,Low
51735,Renter,1.01 to 1.50,Overcrowded,35,40,69.47459834997828,Low
51735,Renter,1.51 to 2.00,Very overcrowded,0,21,Inf,Low
51735,Renter,2.01 or more,Very overcrowded,0,21,Inf,Low
51740,Owner,0.50 or less,Not overcrowded,18723,700,2.2727763440347006,High
51740,Owner,0.51 to 1.00,Not overcrowded,3783,400,6.427731806104256,High
51740,Owner,1.01 to 1.50,Overcrowded,51,44,52.44651051910127,Low
51740,Owner,1.51 to 2.00,Very overcrowded,0,31,Inf,Low
51740,Owner,2.01 or more,Very overcrowded,0,31,Inf,Low
51740,Renter,0.50 or less,Not overcrowded,11219,700,3.7929576155951246,High
51740,Renter,0.51 to 1.00,Not overcrowded,5169,573,6.7387941086709935,High
51740,Renter,1.01 to 1.50,Overcrowded,504,255,30.75698364452164,Low
51740,Renter,1.51 to 2.00,Very overcrowded,229,172,45.659070094636384,Low
51740,Renter,2.01 or more,Very overcrowded,0,31,Inf,Low
51750,Owner,0.50 or less,Not overcrowded,1859,202,6.605505787175181,High
51750,Owner,0.51 to 1.00,Not overcrowded,469,122,15.813248131898042,Medium
51750,Owner,1.01 to 1.50,Overcrowded,7,14,121.580547112462,Low
51750,Owner,1.51 to 2.00,Very overcrowded,12,20,101.31712259371832,Low
51750,Owner,2.01 or more,Very overcrowded,0,21,Inf,Low
51750,Renter,0.50 or less,Not overcrowded,2213,304,8.350765097647638,High
51750,Renter,0.51 to 1.00,Not overcrowded,893,225,15.3166982644479,Medium
51750,Renter,1.01 to 1.50,Overcrowded,33,39,71.84305056645482,Low
51750,Renter,1.51 to 2.00,Very overcrowded,14,23,99.86973512809378,Low
51750,Renter,2.01 or more,Very overcrowded,0,21,Inf,Low
51760,Owner,0.50 or less,Not overcrowded,38646,1195,1.8797385731950538,High
51760,Owner,0.51 to 1.00,Not overcrowded,5460,551,6.134696104300968,High
51760,Owner,1.01 to 1.50,Overcrowded,191,117,37.238020974235745,Low
51760,Owner,1.51 to 2.00,Very overcrowded,89,93,63.52242068235374,Low
51760,Owner,2.01 or more,Very overcrowded,0,31,Inf,Low
51760,Renter,0.50 or less,Not overcrowded,40177,1513,2.2892621124169925,High
51760,Renter,0.51 to 1.00,Not overcrowded,15771,1021,3.9355062647208077,High
51760,Renter,1.01 to 1.50,Overcrowded,1141,309,16.462922461766325,Medium
51760,Renter,1.51 to 2.00,Very overcrowded,644,213,20.106099794219258,Medium
51760,Renter,2.01 or more,Very overcrowded,26,41,95.86158522328735,Low
51770,Owner,0.50 or less,Not overcrowded,19850,843,2.5816725747054274,High
51770,Owner,0.51 to 1.00,Not overcrowded,2492,371,9.050237355281581,High
51770,Owner,1.01 to 1.50,Overcrowded,94,60,38.802302269934685,Low
51770,Owner,1.51 to 2.00,Very overcrowded,16,20,75.98784194528875,Low
51770,Owner,2.01 or more,Very overcrowded,0,31,Inf,Low
51770,Renter,0.50 or less,Not overcrowded,14562,846,3.531696980399082,High
51770,Renter,0.51 to 1.00,Not overcrowded,5216,545,6.351744457083185,High
51770,Renter,1.01 to 1.50,Overcrowded,338,170,30.574989658459383,Low
51770,Renter,1.51 to 2.00,Very overcrowded,721,189,15.935314427361524,Medium
51770,Renter,2.01 or more,Very overcrowded,140,117,50.80330004342163,Low
51775,Owner,0.50 or less,Not overcrowded,5364,332,3.7625598099680637,High
51775,Owner,0.51 to 1.00,Not overcrowded,1050,198,11.46330872774642,High
51775,Owner,1.01 to 1.50,Overcrowded,18,23,77.67646065518406,Low
51775,Owner,1.51 to 2.00,Very overcrowded,9,14,94.56264775413712,Low
51775,Owner,2.01 or more,Very overcrowded,0,25,Inf,Low
51775,Renter,0.50 or less,Not overcrowded,2810,284,6.143928003547902,High
51775,Renter,0.51 to 1.00,Not overcrowded,710,208,17.808981548867674,Medium
51775,Renter,1.01 to 1.50,Overcrowded,146,111,46.21726277220303,Low
51775,Renter,1.51 to 2.00,Very overcrowded,33,46,84.7379570783826,Low
51775,Renter,2.01 or more,Very overcrowded,0,25,Inf,Low
51790,Owner,0.50 or less,Not overcrowded,5821,342,3.571598274562962,High
51790,Owner,0.51 to 1.00,Not overcrowded,935,194,12.613169058726005,High
51790,Owner,1.01 to 1.50,Overcrowded,0,25,Inf,Low
51790,Owner,1.51 to 2.00,Very overcrowded,0,25,Inf,Low
51790,Owner,2.01 or more,Very overcrowded,0,25,Inf,Low
51790,Renter,0.50 or less,Not overcrowded,3555,335,5.728478661416987,High
51790,Renter,0.51 to 1.00,Not overcrowded,909,193,12.907065782566098,High
51790,Renter,1.01 to 1.50,Overcrowded,66,54,49.737496546007186,Low
51790,Renter,1.51 to 2.00,Very overcrowded,70,62,53.84281372123317,Low
51790,Renter,2.01 or more,Very overcrowded,0,25,Inf,Low
51800,Owner,0.50 or less,Not overcrowded,21325,621,1.7702583764792241,High
51800,Owner,0.51 to 1.00,Not overcrowded,4579,459,6.093630828196119,High
51800,Owner,1.01 to 1.50,Overcrowded,189,86,27.661182676380243,Medium
51800,Owner,1.51 to 2.00,Very overcrowded,5,8,97.2644376899696,Low
51800,Owner,2.01 or more,Very overcrowded,29,43,90.1373021695839,Low
51800,Renter,0.50 or less,Not overcrowded,7332,585,4.850287783741836,High
51800,Renter,0.51 to 1.00,Not overcrowded,3363,451,8.15236793751418,High
51800,Renter,1.01 to 1.50,Overcrowded,255,159,37.904523511532275,Low
51800,Renter,1.51 to 2.00,Very overcrowded,56,44,47.76378636561008,Low
51800,Renter,2.01 or more,Very overcrowded,0,31,Inf,Low
51810,Owner,0.50 or less,Not overcrowded,95830,1453,0.9217183290953109,High
51810,Owner,0.51 to 1.00,Not overcrowded,20322,1209,3.6165456514852514,High
51810,Owner,1.01 to 1.50,Overcrowded,467,140,18.224064877670966,Medium
51810,Owner,1.51 to 2.00,Very overcrowded,87,78,54.501624567655384,Low
51810,Owner,2.01 or more,Very overcrowded,23,23,60.790273556231,Low
51810,Renter,0.50 or less,Not overcrowded,42040,1312,1.897165530584564,High
51810,Renter,0.51 to 1.00,Not overcrowded,19230,878,2.775551751553345,High
51810,Renter,1.01 to 1.50,Overcrowded,1311,399,18.501387604070306,Medium
51810,Renter,1.51 to 2.00,Very overcrowded,328,178,32.98984357624731,Low
51810,Renter,2.01 or more,Very overcrowded,162,88,33.0218769935082,Low
51820,Owner,0.50 or less,Not overcrowded,4700,349,4.514001164069068,High
51820,Owner,0.51 to 1.00,Not overcrowded,882,177,12.199408638835473,High
51820,Owner,1.01 to 1.50,Overcrowded,149,110,44.87872544419738,Low
51820,Owner,1.51 to 2.00,Very overcrowded,0,25,Inf,Low
51820,Owner,2.01 or more,Very overcrowded,0,25,Inf,Low
51820,Renter,0.50 or less,Not overcrowded,2943,337,6.961033703176979,High
51820,Renter,0.51 to 1.00,Not overcrowded,874,194,13.493493214998642,High
51820,Renter,1.01 to 1.50,Overcrowded,58,83,86.99297767529607,Low
51820,Renter,1.51 to 2.00,Very overcrowded,14,25,108.55405992184106,Low
51820,Renter,2.01 or more,Very overcrowded,0,25,Inf,Low
51830,Owner,0.50 or less,Not overcrowded,2302,253,6.681120421253886,High
51830,Owner,0.51 to 1.00,Not overcrowded,300,119,24.113475177304963,Medium
51830,Owner,1.01 to 1.50,Overcrowded,7,12,104.21189752496744,Low
51830,Owner,1.51 to 2.00,Very overcrowded,6,13,131.71225937183385,Low
51830,Owner,2.01 or more,Very overcrowded,0,21,Inf,Low
51830,Renter,0.50 or less,Not overcrowded,1600,303,11.512158054711247,High
51830,Renter,0.51 to 1.00,Not overcrowded,751,239,19.346039121090826,Medium
51830,Renter,1.01 to 1.50,Overcrowded,7,14,121.580547112462,Low
51830,Renter,1.51 to 2.00,Very overcrowded,0,21,Inf,Low
51830,Renter,2.01 or more,Very overcrowded,0,21,Inf,Low
51840,Owner,0.50 or less,Not overcrowded,3976,392,5.993407252022775,High
51840,Owner,0.51 to 1.00,Not overcrowded,611,171,17.013317149125207,Medium
51840,Owner,1.01 to 1.50,Overcrowded,124,128,62.75125012256103,Low
51840,Owner,1.51 to 2.00,Very overcrowded,0,25,Inf,Low
51840,Owner,2.01 or more,Very overcrowded,0,25,Inf,Low
51840,Renter,0.50 or less,Not overcrowded,4115,491,7.253468849601317,High
51840,Renter,0.51 to 1.00,Not overcrowded,2083,383,11.17747228614329,High
51840,Renter,1.01 to 1.50,Overcrowded,134,91,41.28294696729121,Low
51840,Renter,1.51 to 2.00,Very overcrowded,212,114,32.68910936514309,Low
51840,Renter,2.01 or more,Very overcrowded,0,25,Inf,Low
51001,All,0.50 or less,Not overcrowded,11117,579.5903725908497,3.169331411383971,High
51001,All,0.51 to 1.00,Not overcrowded,2952,457.6111886744029,9.423546525036922,High
51001,All,1.01 to 1.50,Overcrowded,228,122.31925441237777,32.61324972334501,Low
51001,All,1.51 to 2.00,Very overcrowded,5,7.810249675906654,94.95744286816601,Low
51001,All,2.01 or more,Very overcrowded,0,28,Inf,Low
51003,All,0.50 or less,Not overcrowded,37027,952.4940944698817,1.5637879537504698,High
51003,All,0.51 to 1.00,Not overcrowded,7692,643.4811574552903,5.0854648452921545,High
51003,All,1.01 to 1.50,Overcrowded,137,71.50524456289902,31.728637793312636,Low
51003,All,1.51 to 2.00,Very overcrowded,205,96.60745312862771,28.647773186634357,Medium
51003,All,2.01 or more,Very overcrowded,3,31.575306807693888,639.8238461538781,Low
51005,All,0.50 or less,Not overcrowded,5081,301.8873962258113,3.6118514858778523,High
51005,All,0.51 to 1.00,Not overcrowded,1201,215.92822881689185,10.92950549399775,High
51005,All,1.01 to 1.50,Overcrowded,9,26.40075756488817,178.32325271792078,Low
51005,All,1.51 to 2.00,Very overcrowded,1,21.37755832643195,1299.547618628082,Low
51005,All,2.01 or more,Very overcrowded,0,21,Inf,Low
51007,All,0.50 or less,Not overcrowded,4164,370.7991370000745,5.4132999454007935,High
51007,All,0.51 to 1.00,Not overcrowded,880,241.4477169078225,16.679173591311308,Medium
51007,All,1.01 to 1.50,Overcrowded,46,49.658836071740545,65.62552672358999,Low
51007,All,1.51 to 2.00,Very overcrowded,71,91.44397191723465,78.29442349178873,Low
51007,All,2.01 or more,Very overcrowded,124,141.56623891309678,69.40201927301538,Low
51009,All,0.50 or less,Not overcrowded,10090,519.2003466870954,3.1280803870761646,High
51009,All,0.51 to 1.00,Not overcrowded,2356,314.40101781005734,8.112276688892548,High
51009,All,1.01 to 1.50,Overcrowded,118,62.289646009589745,32.089869666472495,Low
51009,All,1.51 to 2.00,Very overcrowded,130,103.00485425454472,48.16687129041137,Low
51009,All,2.01 or more,Very overcrowded,8,30.463092423455635,231.48246522382703,Low
51011,All,0.50 or less,Not overcrowded,5000,355.6880655855633,4.324474961526606,High
51011,All,0.51 to 1.00,Not overcrowded,1506,264.09278672466615,10.660207668804667,High
51011,All,1.01 to 1.50,Overcrowded,46,37.589892258425,49.67608333345448,Low
51011,All,1.51 to 2.00,Very overcrowded,11,27.65863337187866,152.8523535334549,Low
51011,All,2.01 or more,Very overcrowded,0,21,Inf,Low
51013,All,0.50 or less,Not overcrowded,77820,1628.039618682543,1.271767846056204,High
51013,All,0.51 to 1.00,Not overcrowded,29673,1318.775568472513,2.7017398836220843,High
51013,All,1.01 to 1.50,Overcrowded,2450,427.8983524156175,10.617166488818746,High
51013,All,1.51 to 2.00,Very overcrowded,1335,298.0771712157776,13.573178111666387,High
51013,All,2.01 or more,Very overcrowded,252,106.94391053257777,25.79821260495435,Medium
51015,All,0.50 or less,Not overcrowded,24082,911.9106315862317,2.301939072874446,High
51015,All,0.51 to 1.00,Not overcrowded,6063,568.7108228265047,5.7021419254515004,High
51015,All,1.01 to 1.50,Overcrowded,423,189.38056922503955,27.216304041193606,Medium
51015,All,1.51 to 2.00,Very overcrowded,76,86.31338250816034,69.03965966098252,Low
51015,All,2.01 or more,Very overcrowded,0,31,Inf,Low
51017,All,0.50 or less,Not overcrowded,1530,201.69283576765935,8.01370108539084,High
51017,All,0.51 to 1.00,Not overcrowded,223,90.62008607367353,24.70322790182876,Medium
51017,All,1.01 to 1.50,Overcrowded,28,46.84015371452148,101.69377706148823,Low
51017,All,1.51 to 2.00,Very overcrowded,0,13,Inf,Low
51017,All,2.01 or more,Very overcrowded,0,13,Inf,Low
51019,All,0.50 or less,Not overcrowded,26732,830.1722712786786,1.887864711575209,High
51019,All,0.51 to 1.00,Not overcrowded,5570,591.6460090290477,6.457149504008641,High
51019,All,1.01 to 1.50,Overcrowded,312,136.4734406395618,26.590569838586593,Medium
51019,All,1.51 to 2.00,Very overcrowded,49,37.21558813185679,46.170322103910166,Low
51019,All,2.01 or more,Very overcrowded,35,50.60632371551998,87.89635035261828,Low
51021,All,0.50 or less,Not overcrowded,1929,238.88281646028875,7.5281242926406815,High
51021,All,0.51 to 1.00,Not overcrowded,374,107.37783756436893,17.453283741750067,Medium
51021,All,1.01 to 1.50,Overcrowded,42,44.28317965096906,64.09491916481265,Low
51021,All,1.51 to 2.00,Very overcrowded,0,19,Inf,Low
51021,All,2.01 or more,Very overcrowded,0,19,Inf,Low
51023,All,0.50 or less,Not overcrowded,11111,509.5448949798241,2.7878114980653863,High
51023,All,0.51 to 1.00,Not overcrowded,1930,269.386339668514,8.485009990031465,High
51023,All,1.01 to 1.50,Overcrowded,59,51.62363799656123,53.19008603014912,Low
51023,All,1.51 to 2.00,Very overcrowded,5,28.635642126552707,348.15370366629435,Low
51023,All,2.01 or more,Very overcrowded,0,28,Inf,Low
51025,All,0.50 or less,Not overcrowded,5131,327.5622078323444,3.880841204601678,High
51025,All,0.51 to 1.00,Not overcrowded,1171,236.4444966583067,12.27457355484527,High
51025,All,1.01 to 1.50,Overcrowded,88,54.037024344425184,37.32869877343546,Low
51025,All,1.51 to 2.00,Very overcrowded,0,21,Inf,Low
51025,All,2.01 or more,Very overcrowded,0,21,Inf,Low
51027,All,0.50 or less,Not overcrowded,5987,379.4733192202055,3.853062783144691,High
51027,All,0.51 to 1.00,Not overcrowded,1314,294.5522025040723,13.627023566828694,High
51027,All,1.01 to 1.50,Overcrowded,31,48.75448697299562,95.60640645748725,Low
51027,All,1.51 to 2.00,Very overcrowded,19,36.61966684720111,117.16418764102099,Low
51027,All,2.01 or more,Very overcrowded,0,21,Inf,Low
51029,All,0.50 or less,Not overcrowded,4498,299.88331063932185,4.052909846312266,High
51029,All,0.51 to 1.00,Not overcrowded,1441,229.19205919926634,9.668735583372165,High
51029,All,1.01 to 1.50,Overcrowded,93,57.38466694161429,37.5099957130531,Low
51029,All,1.51 to 2.00,Very overcrowded,30,49.658836071740545,100.625807642838,Low
51029,All,2.01 or more,Very overcrowded,0,21,Inf,Low
51031,All,0.50 or less,Not overcrowded,17106,763.0163825239928,2.7115617105997494,High
51031,All,0.51 to 1.00,Not overcrowded,4687,500.00899991900144,6.48510430673215,High
51031,All,1.01 to 1.50,Overcrowded,218,105.64563407921787,29.459756860996027,Medium
51031,All,1.51 to 2.00,Very overcrowded,69,79.2464510246358,69.8175860311315,Low
51031,All,2.01 or more,Very overcrowded,0,31,Inf,Low
51033,All,0.50 or less,Not overcrowded,8856,540.6829015236195,3.71141164078563,High
51033,All,0.51 to 1.00,Not overcrowded,2661,397.6581446418519,9.084459749959208,High
51033,All,1.01 to 1.50,Overcrowded,111,76.55716818169282,41.92730807617559,Low
51033,All,1.51 to 2.00,Very overcrowded,52,38.27531841800928,44.74552071312751,Low
51033,All,2.01 or more,Very overcrowded,0,28,Inf,Low
51035,All,0.50 or less,Not overcrowded,9850,615.4185567562942,3.7981180118574613,High
51035,All,0.51 to 1.00,Not overcrowded,2520,364.3542232498479,8.789362262986632,High
51035,All,1.01 to 1.50,Overcrowded,116,100.08995953640904,52.452551900434464,Low
51035,All,1.51 to 2.00,Very overcrowded,7,27.730849247724095,240.82370167367864,Low
51035,All,2.01 or more,Very overcrowded,0,25,Inf,Low
51036,All,0.50 or less,Not overcrowded,2447,133.09395177843356,3.306423268202204,High
51036,All,0.51 to 1.00,Not overcrowded,474,77.3692445355388,9.922568650114629,High
51036,All,1.01 to 1.50,Overcrowded,19,15.231546211727817,48.733150573437264,Low
51036,All,1.51 to 2.00,Very overcrowded,7,7.615773105863909,66.13784720680772,Low
51036,All,2.01 or more,Very overcrowded,0,19,Inf,Low
51037,All,0.50 or less,Not overcrowded,3722,337.55147755564633,5.513123766769938,High
51037,All,0.51 to 1.00,Not overcrowded,780,169.07099100673656,13.176758709900755,High
51037,All,1.01 to 1.50,Overcrowded,119,75.18643494673756,38.40843653890708,Low
51037,All,1.51 to 2.00,Very overcrowded,0,21,Inf,Low
51037,All,2.01 or more,Very overcrowded,0,21,Inf,Low
51041,All,0.50 or less,Not overcrowded,109339,1849.6856489684944,1.0283878267940023,High
51041,All,0.51 to 1.00,Not overcrowded,25392,1220.185641613603,2.9212121511923503,High
51041,All,1.01 to 1.50,Overcrowded,1952,434.1658669218482,13.52103576790847,High
51041,All,1.51 to 2.00,Very overcrowded,191,116.49892703368559,37.0785426355243,Low
51041,All,2.01 or more,Very overcrowded,122,108.52188719332152,54.074386961643086,Low
51043,All,0.50 or less,Not overcrowded,4651,333.68548065506235,4.361391453615066,High
51043,All,0.51 to 1.00,Not overcrowded,900,216.0208323287363,14.591072767898433,High
51043,All,1.01 to 1.50,Overcrowded,92,70.178344238091,46.37131243431413,Low
51043,All,1.51 to 2.00,Very overcrowded,8,24.698178070456937,187.67612515544783,Low
51043,All,2.01 or more,Very overcrowded,0,21,Inf,Low
51045,All,0.50 or less,Not overcrowded,1293,267.1347974338049,12.55931741097398,High
51045,All,0.51 to 1.00,Not overcrowded,361,123.3288287465668,20.76784830158826,Medium
51045,All,1.01 to 1.50,Overcrowded,98,78.08969202141856,48.439732039835334,Low
51045,All,1.51 to 2.00,Very overcrowded,0,13,Inf,Low
51045,All,2.01 or more,Very overcrowded,0,13,Inf,Low
51047,All,0.50 or less,Not overcrowded,13233,643.1990360689294,2.954752917232246,High
51047,All,0.51 to 1.00,Not overcrowded,4803,536.0596981680305,6.784762792859713,High
51047,All,1.01 to 1.50,Overcrowded,453,177.72169254201918,23.849338424957452,Medium
51047,All,1.51 to 2.00,Very overcrowded,52,41.400483088968905,48.39897485266414,Low
51047,All,2.01 or more,Very overcrowded,43,57.982756057296896,81.97180470389043,Low
51049,All,0.50 or less,Not overcrowded,3279,274.05291459862275,5.080741581986182,High
51049,All,0.51 to 1.00,Not overcrowded,766,182.62803727796015,14.493483479327352,High
51049,All,1.01 to 1.50,Overcrowded,108,98.41239759298622,55.39367195372409,Low
51049,All,1.51 to 2.00,Very overcrowded,0,19,Inf,Low
51049,All,2.01 or more,Very overcrowded,22,39.824615503479755,110.04314866946604,Low
51051,All,0.50 or less,Not overcrowded,4758,353.83612025908263,4.520763880753485,High
51051,All,0.51 to 1.00,Not overcrowded,945,205.11947737842937,13.19499380057763,High
51051,All,1.01 to 1.50,Overcrowded,14,30.4138126514911,132.06171364086453,Low
51051,All,1.51 to 2.00,Very overcrowded,0,21,Inf,Low
51051,All,2.01 or more,Very overcrowded,0,21,Inf,Low
51053,All,0.50 or less,Not overcrowded,8180,547.5262550782383,4.068981763499367,High
51053,All,0.51 to 1.00,Not overcrowded,2028,342.94751785076386,10.280016482040606,High
51053,All,1.01 to 1.50,Overcrowded,208,153.8440769090575,44.96261307840118,Low
51053,All,1.51 to 2.00,Very overcrowded,0,25,Inf,Low
51053,All,2.01 or more,Very overcrowded,11,32.01562118716424,176.93076091276177,Low
51057,All,0.50 or less,Not overcrowded,3420,302.1853735705949,5.371325007031673,High
51057,All,0.51 to 1.00,Not overcrowded,914,216.00462958001617,14.366499476566224,High
51057,All,1.01 to 1.50,Overcrowded,62,57.0087712549569,55.89643225311982,Low
51057,All,1.51 to 2.00,Very overcrowded,0,21,Inf,Low
51057,All,2.01 or more,Very overcrowded,0,21,Inf,Low
51059,All,0.50 or less,Not overcrowded,301580,3215.44600327855,0.6481459053803061,High
51059,All,0.51 to 1.00,Not overcrowded,98169,2205.9539886407424,1.3660172398815271,High
51059,All,1.01 to 1.50,Overcrowded,7776,699.6177527764715,5.469387162561381,High
51059,All,1.51 to 2.00,Very overcrowded,4189,520.5247352431967,7.5537935183143095,High
51059,All,2.01 or more,Very overcrowded,949,275.835095664058,17.669221203189917,Medium
51061,All,0.50 or less,Not overcrowded,20556,711.9501387035472,2.1054506562650923,High
51061,All,0.51 to 1.00,Not overcrowded,5292,490.0459162160215,5.629256481837832,High
51061,All,1.01 to 1.50,Overcrowded,324,126.90547663517127,23.810551359370194,Medium
51061,All,1.51 to 2.00,Very overcrowded,80,83.60023923410746,63.52601765509686,Low
51061,All,2.01 or more,Very overcrowded,14,41.773197148410844,181.38600585501888,Low
51063,All,0.50 or less,Not overcrowded,5433,330.55256768024054,3.698579240566241,High
51063,All,0.51 to 1.00,Not overcrowded,1118,244.65894629054543,13.303116523239252,High
51063,All,1.01 to 1.50,Overcrowded,17,21.02379604162864,75.17895956241244,Low
51063,All,1.51 to 2.00,Very overcrowded,81,94.92101980067429,71.23795999900506,Low
51063,All,2.01 or more,Very overcrowded,0,21,Inf,Low
51065,All,0.50 or less,Not overcrowded,8287,534.1769369787505,3.9185184175658034,High
51065,All,0.51 to 1.00,Not overcrowded,1868,326.06287737183453,10.611055413257828,High
51065,All,1.01 to 1.50,Overcrowded,96,100.16985574512923,63.430759717027115,Low
51065,All,1.51 to 2.00,Very overcrowded,0,25,Inf,Low
51065,All,2.01 or more,Very overcrowded,0,25,Inf,Low
51067,All,0.50 or less,Not overcrowded,17652,729.5642535102717,2.512486434836669,High
51067,All,0.51 to 1.00,Not overcrowded,4460,558.2060551445138,7.608407801116493,High
51067,All,1.01 to 1.50,Overcrowded,359,137.10215169719257,23.215814225125953,Medium
51067,All,1.51 to 2.00,Very overcrowded,13,40.45985664828782,189.19736566886985,Low
51067,All,2.01 or more,Very overcrowded,0,31,Inf,Low
51069,All,0.50 or less,Not overcrowded,27417,926.7432222573846,2.054819053777196,High
51069,All,0.51 to 1.00,Not overcrowded,6375,529.2645841164889,5.04692374150058,High
51069,All,1.01 to 1.50,Overcrowded,519,194.48650338776724,22.780130527817377,Medium
51069,All,1.51 to 2.00,Very overcrowded,27,49.8196748283246,112.16858004801216,Low
51069,All,2.01 or more,Very overcrowded,0,31,Inf,Low
51071,All,0.50 or less,Not overcrowded,5476,379.4377419287649,4.21222135306943,High
51071,All,0.51 to 1.00,Not overcrowded,1200,240.08540147205952,12.16238102695337,High
51071,All,1.01 to 1.50,Overcrowded,75,46.06517122512408,37.33752480253218,Low
51071,All,1.51 to 2.00,Very overcrowded,18,35.805027579936315,120.9220789595958,Low
51071,All,2.01 or more,Very overcrowded,0,21,Inf,Low
51073,All,0.50 or less,Not overcrowded,11825,645.4680472339433,3.318239252698321,High
51073,All,0.51 to 1.00,Not overcrowded,3231,408.0441152620633,7.677224818876844,High
51073,All,1.01 to 1.50,Overcrowded,41,32.64965543462902,48.409304521653226,Low
51073,All,1.51 to 2.00,Very overcrowded,14,36.87817782917155,160.13103703504797,Low
51073,All,2.01 or more,Very overcrowded,0,28,Inf,Low
51075,All,0.50 or less,Not overcrowded,8709,341.80842587625017,2.3858798613895917,High
51075,All,0.51 to 1.00,Not overcrowded,1092,228.21919288263203,12.704676892048946,High
51075,All,1.01 to 1.50,Overcrowded,201,162.19741058352318,49.05485054469996,Low
51075,All,1.51 to 2.00,Very overcrowded,11,33.301651610693426,184.03786466257765,Low
51075,All,2.01 or more,Very overcrowded,0,25,Inf,Low
51077,All,0.50 or less,Not overcrowded,4918,317.6727876290319,3.9266806956769673,High
51077,All,0.51 to 1.00,Not overcrowded,1215,196.95684806576287,9.85437092402531,High
51077,All,1.01 to 1.50,Overcrowded,68,70.68238818828917,63.18826049373249,Low
51077,All,1.51 to 2.00,Very overcrowded,1,21.095023109728988,1282.3722255154398,Low
51077,All,2.01 or more,Very overcrowded,0,21,Inf,Low
51079,All,0.50 or less,Not overcrowded,6138,411.3125332396279,4.07360726828663,High
51079,All,0.51 to 1.00,Not overcrowded,1577,321.05451250527534,12.376025137386224,High
51079,All,1.01 to 1.50,Overcrowded,181,116.77756633874505,39.2206641047692,Low
51079,All,1.51 to 2.00,Very overcrowded,16,34.655446902326915,131.66963108786823,Low
51079,All,2.01 or more,Very overcrowded,0,25,Inf,Low
51081,All,0.50 or less,Not overcrowded,2406,266.28180561202447,6.727906818870364,High
51081,All,0.51 to 1.00,Not overcrowded,612,174.14074767268,17.29748968677911,Medium
51081,All,1.01 to 1.50,Overcrowded,60,46.69047011971501,47.305440850775085,Low
51081,All,1.51 to 2.00,Very overcrowded,0,21,Inf,Low
51081,All,2.01 or more,Very overcrowded,14,32.64965543462902,141.7701060991273,Low
51083,All,0.50 or less,Not overcrowded,10919,592.30059935813,3.2975652955857035,High
51083,All,0.51 to 1.00,Not overcrowded,2555,350.3212811120672,8.335078869421473,High
51083,All,1.01 to 1.50,Overcrowded,182,96.82974749528164,32.342345267137055,Low
51083,All,1.51 to 2.00,Very overcrowded,9,30.870698080866262,208.51535346751947,Low
51083,All,2.01 or more,Very overcrowded,8,30.870698080866262,234.57977265095943,Low
51085,All,0.50 or less,Not overcrowded,34858,885.844230099175,1.5448595179280993,High
51085,All,0.51 to 1.00,Not overcrowded,6832,604.139884463855,5.37556042780848,High
51085,All,1.01 to 1.50,Overcrowded,205,109.4440496326776,32.45431081108388,Low
51085,All,1.51 to 2.00,Very overcrowded,112,59.464274989274024,32.27544235197244,Low
51085,All,2.01 or more,Very overcrowded,5,32.01562118716424,389.2476740080759,Low
51087,All,0.50 or less,Not overcrowded,107860,1804.1563125184025,1.0168288130557637,High
51087,All,0.51 to 1.00,Not overcrowded,25582,1224.129486614876,2.9088877476181274,High
51087,All,1.01 to 1.50,Overcrowded,1616,350.89029624656195,13.199701173920445,High
51087,All,1.51 to 2.00,Very overcrowded,466,202.15835377248203,26.37180606761053,Medium
51087,All,2.01 or more,Very overcrowded,75,52.478567053607705,42.53581929370432,Low
51089,All,0.50 or less,Not overcrowded,16747,734.196840091266,2.665075939169311,High
51089,All,0.51 to 1.00,Not overcrowded,3436,435.9323341987837,7.712586102430261,High
51089,All,1.01 to 1.50,Overcrowded,274,120.50726119201282,26.73601961085635,Medium
51089,All,1.51 to 2.00,Very overcrowded,40,57.982756057296896,88.1196900566822,Low
51089,All,2.01 or more,Very overcrowded,6,32.28002478313795,327.0519228281454,Low
51091,All,0.50 or less,Not overcrowded,824,125.21980673998823,9.238041633959057,High
51091,All,0.51 to 1.00,Not overcrowded,174,54.57105459856901,19.065455961488667,Medium
51091,All,1.01 to 1.50,Overcrowded,0,13,Inf,Low
51091,All,1.51 to 2.00,Very overcrowded,5,14.7648230602334,179.51152656818726,Low
51091,All,2.01 or more,Very overcrowded,0,13,Inf,Low
51093,All,0.50 or less,Not overcrowded,12795,522.563871694169,2.482751130198651,High
51093,All,0.51 to 1.00,Not overcrowded,2543,293.53705047233814,7.0169868647670555,High
51093,All,1.01 to 1.50,Overcrowded,88,61.09828148156051,42.206605057723486,Low
51093,All,1.51 to 2.00,Very overcrowded,0,28,Inf,Low
51093,All,2.01 or more,Very overcrowded,0,28,Inf,Low
51095,All,0.50 or less,Not overcrowded,26550,802.5770991001425,1.8376226517613552,High
51095,All,0.51 to 1.00,Not overcrowded,4522,515.9040608485263,6.935415521395923,High
51095,All,1.01 to 1.50,Overcrowded,196,100.9554357129917,31.311778336639073,Low
51095,All,1.51 to 2.00,Very overcrowded,54,57.245087125446844,64.44341677974428,Low
51095,All,2.01 or more,Very overcrowded,29,48.27007354458868,101.18451639154948,Low
51097,All,0.50 or less,Not overcrowded,2434,228.65913495856665,5.710867446697787,High
51097,All,0.51 to 1.00,Not overcrowded,355,103.96634070698074,17.80321772455683,Medium
51097,All,1.01 to 1.50,Overcrowded,25,30.610455730027933,74.43271910037187,Low
51097,All,1.51 to 2.00,Very overcrowded,0,19,Inf,Low
51097,All,2.01 or more,Very overcrowded,0,19,Inf,Low
51099,All,0.50 or less,Not overcrowded,7866,464.6654710649372,3.591042600835555,High
51099,All,0.51 to 1.00,Not overcrowded,1739,267.9776110050987,9.367701138553887,High
51099,All,1.01 to 1.50,Overcrowded,247,111.66467659918243,27.482292457620915,Medium
51099,All,1.51 to 2.00,Very overcrowded,8,28.178005607210743,214.118583641419,Low
51099,All,2.01 or more,Very overcrowded,17,37.53664875824692,134.22724390576406,Low
51101,All,0.50 or less,Not overcrowded,5565,322.61587065735,3.52415220679999,High
51101,All,0.51 to 1.00,Not overcrowded,1538,246.6191395654441,9.747753549015384,High
51101,All,1.01 to 1.50,Overcrowded,12,29,146.90982776089157,Low
51101,All,1.51 to 2.00,Very overcrowded,0,21,Inf,Low
51101,All,2.01 or more,Very overcrowded,0,21,Inf,Low
51103,All,0.50 or less,Not overcrowded,4708,293.62561196189955,3.791329922319373,High
51103,All,0.51 to 1.00,Not overcrowded,720,177.51901306620653,14.988096341287276,High
51103,All,1.01 to 1.50,Overcrowded,40,48.25971404805462,73.34303046816811,Low
51103,All,1.51 to 2.00,Very overcrowded,0,21,Inf,Low
51103,All,2.01 or more,Very overcrowded,0,21,Inf,Low
51105,All,0.50 or less,Not overcrowded,6746,526.7200394896704,4.746435708290225,High
51105,All,0.51 to 1.00,Not overcrowded,1520,310.82149217838844,12.430870747815886,High
51105,All,1.01 to 1.50,Overcrowded,102,97.49358953285082,58.104529192950004,Low
51105,All,1.51 to 2.00,Very overcrowded,26,25,58.452186111760575,Low
51105,All,2.01 or more,Very overcrowded,52,54.644304369257,63.88158097879004,Low
51107,All,0.50 or less,Not overcrowded,106091,1663.8515558787087,0.9533889890643625,High
51107,All,0.51 to 1.00,Not overcrowded,31707,1361.5674790475866,2.610466443263968,High
51107,All,1.01 to 1.50,Overcrowded,2194,364.1387098345904,10.089376382524055,High
51107,All,1.51 to 2.00,Very overcrowded,587,219.8635940759634,22.769281139580823,Medium
51107,All,2.01 or more,Very overcrowded,244,128.9961239727768,32.13815436064995,Low
51109,All,0.50 or less,Not overcrowded,11228,516.4000387296654,2.7958763465287357,High
51109,All,0.51 to 1.00,Not overcrowded,3614,492.0894227678543,8.277324467123872,High
51109,All,1.01 to 1.50,Overcrowded,291,141.94717327231282,29.652946713943706,Medium
51109,All,1.51 to 2.00,Very overcrowded,64,104.80935072788114,99.55295471873208,Low
51109,All,2.01 or more,Very overcrowded,14,35,151.9756838905775,Low
51111,All,0.50 or less,Not overcrowded,3736,292.1044333795706,4.752973343718402,High
51111,All,0.51 to 1.00,Not overcrowded,830,196.3593644316461,14.381613830274004,High
51111,All,1.01 to 1.50,Overcrowded,73,92.91393867445294,77.37347601653241,Low
51111,All,1.51 to 2.00,Very overcrowded,30,33.421549934136806,67.72350543898035,Low
51111,All,2.01 or more,Very overcrowded,0,21,Inf,Low
51113,All,0.50 or less,Not overcrowded,4109,315.62794553081005,4.6695325263589975,High
51113,All,0.51 to 1.00,Not overcrowded,1155,234.00213674238105,12.316063987283046,High
51113,All,1.01 to 1.50,Overcrowded,90,56.639209034025185,38.25681123541046,Low
51113,All,1.51 to 2.00,Very overcrowded,27,43.41658669218482,97.7520808109531,Low
51113,All,2.01 or more,Very overcrowded,11,27.018512172212592,149.31479509374185,Low
51115,All,0.50 or less,Not overcrowded,3263,325.53033652794943,6.0646883874918744,High
51115,All,0.51 to 1.00,Not overcrowded,504,165.8010856418015,19.99820109540714,Medium
51115,All,1.01 to 1.50,Overcrowded,0,19,Inf,Low
51115,All,1.51 to 2.00,Very overcrowded,0,19,Inf,Low
51115,All,2.01 or more,Very overcrowded,0,19,Inf,Low
51117,All,0.50 or less,Not overcrowded,10899,554.0442220617412,3.0902376200919757,High
51117,All,0.51 to 1.00,Not overcrowded,2343,352.2101645324848,9.138263871623934,High
51117,All,1.01 to 1.50,Overcrowded,147,91.3892772703669,37.79305554674727,Low
51117,All,1.51 to 2.00,Very overcrowded,6,30.463092423455635,308.6432869651027,Low
51117,All,2.01 or more,Very overcrowded,0,28,Inf,Low
51119,All,0.50 or less,Not overcrowded,4163,289.836160614924,4.232337134342766,High
51119,All,0.51 to 1.00,Not overcrowded,471,126.37246535539299,16.3104389361564,Medium
51119,All,1.01 to 1.50,Overcrowded,77,54.644304369257,43.14080793372834,Low
51119,All,1.51 to 2.00,Very overcrowded,22,25.80697580112788,71.309687209527155,Low
51119,All,2.01 or more,Very overcrowded,0,21,Inf,Low
51121,All,0.50 or less,Not overcrowded,27629,1004.352527751088,2.209810883813411,High
51121,All,0.51 to 1.00,Not overcrowded,8454,710.4400045042509,5.1085689873555,High
51121,All,1.01 to 1.50,Overcrowded,521,238.8053600738476,27.863806459853052,Medium
51121,All,1.51 to 2.00,Very overcrowded,96,67.20863039818622,42.55865653380586,Low
51121,All,2.01 or more,Very overcrowded,31,50.60632371551998,99.23781491424644,Low
51125,All,0.50 or less,Not overcrowded,5479,436.5157500022193,4.84320347768539,High
51125,All,0.51 to 1.00,Not overcrowded,902,209.60916010518244,14.126605524041977,High
51125,All,1.01 to 1.50,Overcrowded,89,66.40783086353596,45.35899106146372,Low
51125,All,1.51 to 2.00,Very overcrowded,0,21,Inf,Low
51125,All,2.01 or more,Very overcrowded,0,21,Inf,Low
51127,All,0.50 or less,Not overcrowded,7237,407.8884651470301,3.4262334360534967,High
51127,All,0.51 to 1.00,Not overcrowded,1796,336.0014880919428,11.372840966820656,High
51127,All,1.01 to 1.50,Overcrowded,0,25,Inf,Low
51127,All,1.51 to 2.00,Very overcrowded,0,25,Inf,Low
51127,All,2.01 or more,Very overcrowded,1,25.079872407968907,1524.6123044357996,Low
51131,All,0.50 or less,Not overcrowded,4511,343.3322006453808,4.626747594301815,High
51131,All,0.51 to 1.00,Not overcrowded,733,164.47796204963143,13.64073711728305,High
51131,All,1.01 to 1.50,Overcrowded,93,82.13403679352427,53.68764048339659,Low
51131,All,1.51 to 2.00,Very overcrowded,1,21.095023109728988,1282.3722255154398,Low
51131,All,2.01 or more,Very overcrowded,0,21,Inf,Low
51133,All,0.50 or less,Not overcrowded,4882,374.62114195544274,4.664752498856823,High
51133,All,0.51 to 1.00,Not overcrowded,437,168.34488409215172,23.41815001316683,Medium
51133,All,1.01 to 1.50,Overcrowded,40,45.17742799230607,68.65870515548036,Low
51133,All,1.51 to 2.00,Very overcrowded,77,82.71033792700887,65.29849439624905,Low
51133,All,2.01 or more,Very overcrowded,0,21,Inf,Low
51135,All,0.50 or less,Not overcrowded,4441,340.2837051637942,4.657946301201285,High
51135,All,0.51 to 1.00,Not overcrowded,981,205.06584308460538,12.707450252958512,High
51135,All,1.01 to 1.50,Overcrowded,52,44.68780594300866,52.24199899813965,Low
51135,All,1.51 to 2.00,Very overcrowded,18,29,97.93988517392772,Low
51135,All,2.01 or more,Very overcrowded,0,21,Inf,Low
51137,All,0.50 or less,Not overcrowded,11334,636.1328477605916,3.411918990071521,High
51137,All,0.51 to 1.00,Not overcrowded,3002,473.102525886303,9.580290462615663,High
51137,All,1.01 to 1.50,Overcrowded,239,142.2708684165525,36.18696656955972,Low
51137,All,1.51 to 2.00,Very overcrowded,92,99.40824915468535,65.685376737601,Low
51137,All,2.01 or more,Very overcrowded,0,28,Inf,Low
51139,All,0.50 or less,Not overcrowded,7394,467.2001712328453,3.8411179625050904,High
51139,All,0.51 to 1.00,Not overcrowded,2070,339.50699550966544,9.970397647964568,High
51139,All,1.01 to 1.50,Overcrowded,38,30.886890422961002,49.411118897713976,Low
51139,All,1.51 to 2.00,Very overcrowded,6,27.730849247724095,280.9609852859584,Low
51139,All,2.01 or more,Very overcrowded,1,26.570660511172846,1615.2377210439422,Low
51141,All,0.50 or less,Not overcrowded,6188,437.8915390824536,4.3018013007080445,High
51141,All,0.51 to 1.00,Not overcrowded,1511,263.9337037969952,10.618532134036123,High
51141,All,1.01 to 1.50,Overcrowded,67,44.68780594300866,40.546029073183014,Low
51141,All,1.51 to 2.00,Very overcrowded,31,39.11521443121589,76.70401888658867,Low
51141,All,2.01 or more,Very overcrowded,0,21,Inf,Low
51143,All,0.50 or less,Not overcrowded,19284,772.218880888055,2.4343184512793727,High
51143,All,0.51 to 1.00,Not overcrowded,5094,431.29688150970907,5.146968082238822,High
51143,All,1.01 to 1.50,Overcrowded,205,112.53888216967503,33.37204601369265,Low
51143,All,1.51 to 2.00,Very overcrowded,31,28.844410203711913,56.56321247908993,Low
51143,All,2.01 or more,Very overcrowded,19,44.553338819890925,142.54787656340082,Low
51145,All,0.50 or less,Not overcrowded,9356,448.8841721424359,2.9166087665242593,High
51145,All,0.51 to 1.00,Not overcrowded,1759,278.0287754891569,9.608553336264798,High
51145,All,1.01 to 1.50,Overcrowded,36,53,89.4967916244512,Low
51145,All,1.51 to 2.00,Very overcrowded,0,28,Inf,Low
51145,All,2.01 or more,Very overcrowded,0,28,Inf,Low
51147,All,0.50 or less,Not overcrowded,5814,440.3691633164157,4.604431011994063,High
51147,All,0.51 to 1.00,Not overcrowded,1690,325.7115288103877,11.71603132355129,High
51147,All,1.01 to 1.50,Overcrowded,39,51.478150704935004,80.2402785518432,Low
51147,All,1.51 to 2.00,Very overcrowded,17,36.069377593742864,128.9804312309775,Low
51147,All,2.01 or more,Very overcrowded,0,25,Inf,Low
51149,All,0.50 or less,Not overcrowded,9399,552.826374189944,3.575536388563253,High
51149,All,0.51 to 1.00,Not overcrowded,3165,418.40291585982044,8.036280477675572,High
51149,All,1.01 to 1.50,Overcrowded,121,66.60330322138685,33.46142993865048,Low
51149,All,1.51 to 2.00,Very overcrowded,27,46.400431032480725,104.47018131820494,Low
51149,All,2.01 or more,Very overcrowded,6,30.083217912982647,304.7945077303206,Low
51153,All,0.50 or less,Not overcrowded,108287,2063.512781642023,1.1584170443617217,High
51153,All,0.51 to 1.00,Not overcrowded,41021,1503.5441463422349,2.228148020770197,High
51153,All,1.01 to 1.50,Overcrowded,4159,632.5290507162497,9.245398900049034,High
51153,All,1.51 to 2.00,Very overcrowded,783,243.01851781294363,18.867384645055736,Medium
51153,All,2.01 or more,Very overcrowded,359,255.21951336055793,43.21689145982304,Low
51155,All,0.50 or less,Not overcrowded,11861,548.2089017883602,2.809693036478829,High
51155,All,0.51 to 1.00,Not overcrowded,2405,314.0143308831621,7.937221236991377,High
51155,All,1.01 to 1.50,Overcrowded,108,66.84309986827361,37.62416968832242,Low
51155,All,1.51 to 2.00,Very overcrowded,12,15.811388300841896,80.09821834266411,Low
51155,All,2.01 or more,Very overcrowded,0,28,Inf,Low
51157,All,0.50 or less,Not overcrowded,2366,233.82258231402716,6.007666416945922,High
51157,All,0.51 to 1.00,Not overcrowded,448,152.16109883935513,20.647131301475678,Medium
51157,All,1.01 to 1.50,Overcrowded,11,29.832867780352597,164.86801757586406,Low
51157,All,1.51 to 2.00,Very overcrowded,36,51.62363799656123,87.1726409938555,Low
51157,All,2.01 or more,Very overcrowded,0,19,Inf,Low
51159,All,0.50 or less,Not overcrowded,2311,305.20321099228295,8.028293676530062,High
51159,All,0.51 to 1.00,Not overcrowded,584,191.4601786273062,19.929651770340403,Medium
51159,All,1.01 to 1.50,Overcrowded,36,32.449961479175904,54.795612089118386,Low
51159,All,1.51 to 2.00,Very overcrowded,0,19,Inf,Low
51159,All,2.01 or more,Very overcrowded,0,19,Inf,Low
51161,All,0.50 or less,Not overcrowded,32330,924.3916918709298,1.7381386892032482,High
51161,All,0.51 to 1.00,Not overcrowded,6612,601.7516098856737,5.532462942808909,High
51161,All,1.01 to 1.50,Overcrowded,192,110.13627921806692,34.870909073602746,Low
51161,All,1.51 to 2.00,Very overcrowded,77,59.033888572581766,46.606314745653314,Low
51161,All,2.01 or more,Very overcrowded,20,46.75467891024384,142.11148604937338,Low
51163,All,0.50 or less,Not overcrowded,8000,489.6335364331165,3.720619577759244,High
51163,All,0.51 to 1.00,Not overcrowded,1519,279.46019394539894,11.183977378550477,High
51163,All,1.01 to 1.50,Overcrowded,33,48.877397639399746,90.03849615805424,Low
51163,All,1.51 to 2.00,Very overcrowded,0,25,Inf,Low
51163,All,2.01 or more,Very overcrowded,0,25,Inf,Low
51165,All,0.50 or less,Not overcrowded,24378,768.6299499759295,1.9166964034190215,High
51165,All,0.51 to 1.00,Not overcrowded,7218,497.8554006938159,4.19295732884789,High
51165,All,1.01 to 1.50,Overcrowded,298,132.80060240827223,27.090553519567578,Medium
51165,All,1.51 to 2.00,Very overcrowded,128,79.90619500389191,37.94937072753225,Low
51165,All,2.01 or more,Very overcrowded,26,42.44997055358225,99.25174316946983,Low
51167,All,0.50 or less,Not overcrowded,8851,481.5080477001397,3.3070846163391954,High
51167,All,0.51 to 1.00,Not overcrowded,1557,242.71176320895532,9.476245652400486,High
51167,All,1.01 to 1.50,Overcrowded,52,47.01063709417264,54.95749017322029,Low
51167,All,1.51 to 2.00,Very overcrowded,10,30.23243291566195,183.7837867213492,Low
51167,All,2.01 or more,Very overcrowded,0,25,Inf,Low
51169,All,0.50 or less,Not overcrowded,7416,379.2413479566805,3.108708911289158,High
51169,All,0.51 to 1.00,Not overcrowded,1364,201.357890334598,8.974047827086345,High
51169,All,1.01 to 1.50,Overcrowded,156,84.17244204607586,32.800421653057384,Low
51169,All,1.51 to 2.00,Very overcrowded,15,19.235384061671343,77.95495060454445,Low
51169,All,2.01 or more,Very overcrowded,0,25,Inf,Low
51171,All,0.50 or less,Not overcrowded,13992,657.6093065034892,2.8570790191159565,High
51171,All,0.51 to 1.00,Not overcrowded,3517,346.2166951491508,5.984250101748965,High
51171,All,1.01 to 1.50,Overcrowded,192,91.92388155425118,29.104572427257846,Medium
51171,All,1.51 to 2.00,Very overcrowded,71,50.24937810560445,43.02356959253773,Low
51171,All,2.01 or more,Very overcrowded,10,32.2490309931942,196.0427415999647,Low
51173,All,0.50 or less,Not overcrowded,10058,465.65759952995506,2.814421640382167,High
51173,All,0.51 to 1.00,Not overcrowded,2233,276.739950133695,7.533854577951208,High
51173,All,1.01 to 1.50,Overcrowded,193,82.75868534480233,26.06695917753668,Medium
51173,All,1.51 to 2.00,Very overcrowded,38,44.598206241955516,71.34571467278118,Low
51173,All,2.01 or more,Very overcrowded,8,8.94427190999916,67.96559202127021,Low
51175,All,0.50 or less,Not overcrowded,5634,376.0757902338304,4.057818630846698,High
51175,All,0.51 to 1.00,Not overcrowded,1137,201.51674868357716,10.774193736707923,High
51175,All,1.01 to 1.50,Overcrowded,101,77.02596964660685,46.36069075001165,Low
51175,All,1.51 to 2.00,Very overcrowded,15,24.186773244895647,98.02137079998235,Low
51175,All,2.01 or more,Very overcrowded,0,21,Inf,Low
51177,All,0.50 or less,Not overcrowded,38946,1015.477227711188,1.5850443810066812,High
51177,All,0.51 to 1.00,Not overcrowded,11245,844.4317616006637,4.564983351469488,High
51177,All,1.01 to 1.50,Overcrowded,896,268.03917624108607,18.18546299942236,Medium
51177,All,1.51 to 2.00,Very overcrowded,124,72.47068372797375,35.528328134117935,Low
51177,All,2.01 or more,Very overcrowded,78,51.03920062069938,39.77803804902142,Low
51179,All,0.50 or less,Not overcrowded,39241,991.0403624474636,1.53527215765265,High
51179,All,0.51 to 1.00,Not overcrowded,10760,845.5838219833679,4.777255748428649,High
51179,All,1.01 to 1.50,Overcrowded,1154,348.919761549844,18.380353339505987,Medium
51179,All,1.51 to 2.00,Very overcrowded,106,75.61084578286372,43.362301876964914,Low
51179,All,2.01 or more,Very overcrowded,48,45.79301256742124,57.995203352863776,Low
51181,All,0.50 or less,Not overcrowded,2227,171.9447585708852,4.693564845120882,High
51181,All,0.51 to 1.00,Not overcrowded,468,119.57006314291216,15.531403520498813,Medium
51181,All,1.01 to 1.50,Overcrowded,52,50.48762224545735,59.02223783663474,Low
51181,All,1.51 to 2.00,Very overcrowded,8,21.95449840010015,166.8274954414905,Low
51181,All,2.01 or more,Very overcrowded,0,19,Inf,Low
51183,All,0.50 or less,Not overcrowded,2932,249.61570463414355,5.175377547285452,High
51183,All,0.51 to 1.00,Not overcrowded,748,191.66898549321954,15.577018797296907,Medium
51183,All,1.01 to 1.50,Overcrowded,16,37.44329045369811,142.26174184535756,Low
51183,All,1.51 to 2.00,Very overcrowded,9,27.018512172212592,182.49586067012896,Low
51183,All,2.01 or more,Very overcrowded,0,21,Inf,Low
51185,All,0.50 or less,Not overcrowded,12533,595.1890455981192,2.8869149365340867,High
51185,All,0.51 to 1.00,Not overcrowded,3271,378.4930646656554,7.034147642972004,High
51185,All,1.01 to 1.50,Overcrowded,135,90.4267659490264,40.71902102849326,Low
51185,All,1.51 to 2.00,Very overcrowded,0,28,Inf,Low
51185,All,2.01 or more,Very overcrowded,12,35.608987629529715,180.3900082549631,Low
51187,All,0.50 or less,Not overcrowded,11637,520.612139697107,2.719614538874442,High
51187,All,0.51 to 1.00,Not overcrowded,3204,479.69260990763655,9.101324899871296,High
51187,All,1.01 to 1.50,Overcrowded,402,204.37710243566914,30.905820810184508,Low
51187,All,1.51 to 2.00,Very overcrowded,114,92.47702417357513,49.31318944892824,Low
51187,All,2.01 or more,Very overcrowded,0,28,Inf,Low
51191,All,0.50 or less,Not overcrowded,18310,651.5773169778089,2.1632748958009853,High
51191,All,0.51 to 1.00,Not overcrowded,3577,447.97321348491363,7.613199383173545,High
51191,All,1.01 to 1.50,Overcrowded,159,84.72307831990054,32.39206985907382,Low
51191,All,1.51 to 2.00,Very overcrowded,64,53.2634959423431,50.592226389003706,Low
51191,All,2.01 or more,Very overcrowded,8,33.61547262794322,255.436722096833,Low
51193,All,0.50 or less,Not overcrowded,6487,514.1556184658493,4.818199583322355,High
51193,All,0.51 to 1.00,Not overcrowded,1335,297.55335655979417,13.549325799883619,High
51193,All,1.01 to 1.50,Overcrowded,193,134.97036711811967,42.512360306193884,Low
51193,All,1.51 to 2.00,Very overcrowded,14,23.600847442411894,102.47871229879242,Low
51193,All,2.01 or more,Very overcrowded,0,21,Inf,Low
51195,All,0.50 or less,Not overcrowded,10831,584.863231875624,3.282614334659823,High
51195,All,0.51 to 1.00,Not overcrowded,3074,410.50213154136,8.117936523036825,High
51195,All,1.01 to 1.50,Overcrowded,142,107.20074626605917,45.89269500666089,Low
51195,All,1.51 to 2.00,Very overcrowded,6,29.410882339705484,297.98259716013666,Low
51195,All,2.01 or more,Very overcrowded,2,28.284271247461902,859.7042932359241,Low
51197,All,0.50 or less,Not overcrowded,9688,477.2965535178313,2.994940963645253,High
51197,All,0.51 to 1.00,Not overcrowded,2580,363.3235472688221,8.560673576702294,High
51197,All,1.01 to 1.50,Overcrowded,97,70.9365914038728,44.45623501637125,Low
51197,All,1.51 to 2.00,Very overcrowded,0,25,Inf,Low
51197,All,2.01 or more,Very overcrowded,31,33.97057550292606,66.61550250598305,Low
51199,All,0.50 or less,Not overcrowded,20906,669.5050410564509,1.9467805698410654,High
51199,All,0.51 to 1.00,Not overcrowded,5421,495.13836450026776,5.552406682559694,High
51199,All,1.01 to 1.50,Overcrowded,65,59.033888572581766,55.21055746792777,Low
51199,All,1.51 to 2.00,Very overcrowded,0,31,Inf,Low
51199,All,2.01 or more,Very overcrowded,53,56.302753041036986,64.57848602516142,Low
51510,All,0.50 or less,Not overcrowded,53320,1267.048538928166,1.4445654030469994,High
51510,All,0.51 to 1.00,Not overcrowded,18771,1044.147499159003,3.381493373125048,High
51510,All,1.01 to 1.50,Overcrowded,1535,318.4022612985027,12.609616003425748,High
51510,All,1.51 to 2.00,Very overcrowded,1432,395.64125164092786,16.795488769121253,Medium
51510,All,2.01 or more,Very overcrowded,291,137.53908535394584,28.73209148914149,Medium
51520,All,0.50 or less,Not overcrowded,5386,456.8336677610353,5.156153663737409,High
51520,All,0.51 to 1.00,Not overcrowded,1825,356.29903171353135,11.868227729142902,High
51520,All,1.01 to 1.50,Overcrowded,107,73.43023900274328,41.71817118015129,Low
51520,All,1.51 to 2.00,Very overcrowded,9,26.40075756488817,178.32325271792078,Low
51520,All,2.01 or more,Very overcrowded,0,21,Inf,Low
51530,All,0.50 or less,Not overcrowded,2078,335.6724594005293,9.819836685395101,High
51530,All,0.51 to 1.00,Not overcrowded,482,155.79473675320358,19.648972335784734,Medium
51530,All,1.01 to 1.50,Overcrowded,51,54.378304497290095,64.81709815518218,Low
51530,All,1.51 to 2.00,Very overcrowded,0,19,Inf,Low
51530,All,2.01 or more,Very overcrowded,0,19,Inf,Low
51540,All,0.50 or less,Not overcrowded,14902,749.6832664532402,3.0582103642612593,High
51540,All,0.51 to 1.00,Not overcrowded,4543,483.44699812906066,6.469045843320338,High
51540,All,1.01 to 1.50,Overcrowded,196,101.24228365658294,31.400745504802103,Low
51540,All,1.51 to 2.00,Very overcrowded,28,39.59797974644666,85.9704293235924,Low
51540,All,2.01 or more,Very overcrowded,30,57.30619512757761,116.1219759424065,Low
51550,All,0.50 or less,Not overcrowded,69432,1492.0392086000957,1.3063352870063116,High
51550,All,0.51 to 1.00,Not overcrowded,21445,1137.2255712918172,3.2237003298657334,High
51550,All,1.01 to 1.50,Overcrowded,966,266.60832695172894,16.777632637437552,Medium
51550,All,1.51 to 2.00,Very overcrowded,438,188.04520733057782,26.098903183936077,Medium
51550,All,2.01 or more,Very overcrowded,80,74.06078584514209,56.27719289144536,Low
51570,All,0.50 or less,Not overcrowded,6052,397.69837817119645,3.994744415382756,High
51570,All,0.51 to 1.00,Not overcrowded,1399,204.00980368599937,8.86476895941736,High
51570,All,1.01 to 1.50,Overcrowded,83,72.73238618387272,53.2701403917477,Low
51570,All,1.51 to 2.00,Very overcrowded,11,24.186773244895647,133.6655056363396,Low
51570,All,2.01 or more,Very overcrowded,0,21,Inf,Low
51580,All,0.50 or less,Not overcrowded,1845,223.48601745970598,7.363564302096556,High
51580,All,0.51 to 1.00,Not overcrowded,648,154.48624534242524,14.49268690592754,High
51580,All,1.01 to 1.50,Overcrowded,0,19,Inf,Low
51580,All,1.51 to 2.00,Very overcrowded,0,19,Inf,Low
51580,All,2.01 or more,Very overcrowded,0,19,Inf,Low
51590,All,0.50 or less,Not overcrowded,15144,705.0879377779768,2.83032809156907,High
51590,All,0.51 to 1.00,Not overcrowded,3129,438.95899580712546,8.52810400609895,High
51590,All,1.01 to 1.50,Overcrowded,274,173.76996288196645,38.553005764419154,Low
51590,All,1.51 to 2.00,Very overcrowded,64,55.71355310873648,52.91940834796398,Low
51590,All,2.01 or more,Very overcrowded,21,21.2602916254693,61.54375922845361,Low
51595,All,0.50 or less,Not overcrowded,1679,291.44639301250584,10.552177461707588,High
51595,All,0.51 to 1.00,Not overcrowded,540,169.7439247808298,19.108851151731372,Medium
51595,All,1.01 to 1.50,Overcrowded,0,19,Inf,Low
51595,All,1.51 to 2.00,Very overcrowded,0,19,Inf,Low
51595,All,2.01 or more,Very overcrowded,0,19,Inf,Low
51600,All,0.50 or less,Not overcrowded,6953,457.1312721746348,3.996711503898164,High
51600,All,0.51 to 1.00,Not overcrowded,1729,267.686383665662,9.41164169480266,High
51600,All,1.01 to 1.50,Overcrowded,340,151.21177202850313,27.035897019221018,Medium
51600,All,1.51 to 2.00,Very overcrowded,24,29.068883707497267,73.62939135637605,Low
51600,All,2.01 or more,Very overcrowded,112,90.4267659490264,49.08096284684455,Low
51610,All,0.50 or less,Not overcrowded,4488,411.19581709934744,5.569676070999835,High
51610,All,0.51 to 1.00,Not overcrowded,1436,262.9543686649834,11.131662955397188,High
51610,All,1.01 to 1.50,Overcrowded,70,46.400431032480725,40.29564136559333,Low
51610,All,1.51 to 2.00,Very overcrowded,59,44.384682042344295,45.731473950177005,Low
51610,All,2.01 or more,Very overcrowded,0,21,Inf,Low
51620,All,0.50 or less,Not overcrowded,2617,312.62117650600703,7.2618749863473235,High
51620,All,0.51 to 1.00,Not overcrowded,641,200.3696583817021,19.002381194059634,Medium
51620,All,1.01 to 1.50,Overcrowded,130,114.35471131527551,53.47426294845711,Low
51620,All,1.51 to 2.00,Very overcrowded,0,19,Inf,Low
51620,All,2.01 or more,Very overcrowded,0,19,Inf,Low
51630,All,0.50 or less,Not overcrowded,8351,563.6000354861593,4.102670378817522,High
51630,All,0.51 to 1.00,Not overcrowded,2684,482.6945203749469,10.932612495412346,High
51630,All,1.01 to 1.50,Overcrowded,375,194.28072472584614,31.494342407431997,Low
51630,All,1.51 to 2.00,Very overcrowded,16,33.97057550292606,129.06753610534216,Low
51630,All,2.01 or more,Very overcrowded,17,34.655446902326915,123.9243586709348,Low
51640,All,0.50 or less,Not overcrowded,2175,338.42281246984516,9.458765677108484,High
51640,All,0.51 to 1.00,Not overcrowded,491,132.0075755401939,16.343740587745856,Medium
51640,All,1.01 to 1.50,Overcrowded,30,29.410882339705484,59.59651943202733,Low
51640,All,1.51 to 2.00,Very overcrowded,33,32.64965543462902,60.14489349659946,Low
51640,All,2.01 or more,Very overcrowded,0,19,Inf,Low
51650,All,0.50 or less,Not overcrowded,43576,1417.0596317727775,1.9768552106884318,High
51650,All,0.51 to 1.00,Not overcrowded,12832,987.3287193230024,4.6773677476284705,High
51650,All,1.01 to 1.50,Overcrowded,888,269.09106265351886,18.421305529554402,Medium
51650,All,1.51 to 2.00,Very overcrowded,350,167.90473489452285,29.1627850446414,Medium
51650,All,2.01 or more,Very overcrowded,94,99.14131328563285,64.11518675912362,Low
51660,All,0.50 or less,Not overcrowded,11292,717.4677693109287,3.8624744920465983,High
51660,All,0.51 to 1.00,Not overcrowded,5473,536.1231201878911,5.954882356302213,High
51660,All,1.01 to 1.50,Overcrowded,371,150.30635382444748,24.628475380667954,Medium
51660,All,1.51 to 2.00,Very overcrowded,166,90.97252332435328,33.31472637944603,Low
51660,All,2.01 or more,Very overcrowded,29,60.53924347066124,126.90335074030234,Low
51670,All,0.50 or less,Not overcrowded,6917,539.7267827336345,4.743405922799205,High
51670,All,0.51 to 1.00,Not overcrowded,2329,425.5161571550486,11.106588061851259,High
51670,All,1.01 to 1.50,Overcrowded,152,108.52188719332152,43.40181058763458,Low
51670,All,1.51 to 2.00,Very overcrowded,20,38.28837943815329,116.37805300350546,Low
51670,All,2.01 or more,Very overcrowded,0,25,Inf,Low
51678,All,0.50 or less,Not overcrowded,1763,266.1766330841233,9.178077333783541,High
51678,All,0.51 to 1.00,Not overcrowded,298,120.5404496424333,24.58955338374029,Medium
51678,All,1.01 to 1.50,Overcrowded,0,19,Inf,Low
51678,All,1.51 to 2.00,Very overcrowded,0,19,Inf,Low
51678,All,2.01 or more,Very overcrowded,0,19,Inf,Low
51680,All,0.50 or less,Not overcrowded,21581,877.5266377723243,2.4718541477716154,High
51680,All,0.51 to 1.00,Not overcrowded,6591,653.6818798161687,6.0290548160789275,High
51680,All,1.01 to 1.50,Overcrowded,403,166.1114083980989,25.056967636057664,Medium
51680,All,1.51 to 2.00,Very overcrowded,88,66.70832032063167,46.08201182690776,Low
51680,All,2.01 or more,Very overcrowded,24,46.010868281309364,116.54221955752118,Low
51683,All,0.50 or less,Not overcrowded,8926,509.1659847240387,3.4676607099374914,High
51683,All,0.51 to 1.00,Not overcrowded,4316,551.9755429364602,7.77450052165351,High
51683,All,1.01 to 1.50,Overcrowded,588,194.82556300444764,20.142005562563078,Medium
51683,All,1.51 to 2.00,Very overcrowded,166,108.45275469069469,39.71610015406112,Low
51683,All,2.01 or more,Very overcrowded,45,69.85699678629192,94.369465432343,Low
51685,All,0.50 or less,Not overcrowded,3070,350.46397817750113,6.939674627040803,High
51685,All,0.51 to 1.00,Not overcrowded,1641,287.3273394579778,10.643941234512198,High
51685,All,1.01 to 1.50,Overcrowded,329,221.28714377477965,40.887860196188065,Low
51685,All,1.51 to 2.00,Very overcrowded,114,59.20304046246274,31.569903728716863,Low
51685,All,2.01 or more,Very overcrowded,11,29,160.26526664824536,Low
51690,All,0.50 or less,Not overcrowded,4521,350.736368231183,4.716071614884447,High
51690,All,0.51 to 1.00,Not overcrowded,1045,261.0842775810141,15.187927899885928,Medium
51690,All,1.01 to 1.50,Overcrowded,53,29.832867780352597,34.21789044027367,Low
51690,All,1.51 to 2.00,Very overcrowded,0,21,Inf,Low
51690,All,2.01 or more,Very overcrowded,0,21,Inf,Low
51700,All,0.50 or less,Not overcrowded,57107,1518.8890677070528,1.616854009621945,High
51700,All,0.51 to 1.00,Not overcrowded,16911,1058.0307178905534,3.803321907129219,High
51700,All,1.01 to 1.50,Overcrowded,929,267.6060537431842,17.511135858290228,Medium
51700,All,1.51 to 2.00,Very overcrowded,451,198.97989848223364,26.820493261476848,Medium
51700,All,2.01 or more,Very overcrowded,400,246.9534369066363,37.53091746301464,Low
51710,All,0.50 or less,Not overcrowded,70789,1646.8059995032809,1.4141997655546321,High
51710,All,0.51 to 1.00,Not overcrowded,21889,1079.8282270805853,2.998905994699105,High
51710,All,1.01 to 1.50,Overcrowded,1005,249.545587017683,15.094472138860892,Medium
51710,All,1.51 to 2.00,Very overcrowded,632,269.9036865253974,25.961264141952732,Medium
51710,All,2.01 or more,Very overcrowded,142,89.80534505250787,38.44571473629345,Low
51720,All,0.50 or less,Not overcrowded,1247,219.36727194365162,10.693982735155332,High
51720,All,0.51 to 1.00,Not overcrowded,273,135.08515832614626,30.08008691587255,Low
51720,All,1.01 to 1.50,Overcrowded,33,44.9221548904324,82.75242680378079,Low
51720,All,1.51 to 2.00,Very overcrowded,0,13,Inf,Low
51720,All,2.01 or more,Very overcrowded,0,13,Inf,Low
51730,All,0.50 or less,Not overcrowded,11535,708.4137209286675,3.733390887407125,High
51730,All,0.51 to 1.00,Not overcrowded,3010,567.3032698654222,11.457315935037657,High
51730,All,1.01 to 1.50,Overcrowded,86,61.5223536610881,43.48791521954343,Low
51730,All,1.51 to 2.00,Very overcrowded,203,101.92153844992725,30.52137046129554,Low
51730,All,2.01 or more,Very overcrowded,20,41.773197148410844,126.97020409851321,Low
51735,All,0.50 or less,Not overcrowded,3925,282.9734969922095,4.382684405431777,High
51735,All,0.51 to 1.00,Not overcrowded,697,181.69479904499192,15.846881689654921,Medium
51735,All,1.01 to 1.50,Overcrowded,35,45.17742799230607,78.46709160626327,Low
51735,All,1.51 to 2.00,Very overcrowded,0,21,Inf,Low
51735,All,2.01 or more,Very overcrowded,0,21,Inf,Low
51740,All,0.50 or less,Not overcrowded,29942,989.9494936611666,2.0098624182257256,High
51740,All,0.51 to 1.00,Not overcrowded,8952,698.8054092521036,4.745372206323652,High
51740,All,1.01 to 1.50,Overcrowded,555,258.7682360723588,28.34340875405775,Medium
51740,All,1.51 to 2.00,Very overcrowded,229,174.77127910500627,46.39473304177175,Low
51740,All,2.01 or more,Very overcrowded,0,31,Inf,Low
51750,All,0.50 or less,Not overcrowded,4072,364.99315062066574,5.448927670034601,High
51750,All,0.51 to 1.00,Not overcrowded,1362,255.9472601924076,11.42371803455528,High
51750,All,1.01 to 1.50,Overcrowded,40,41.43669871020132,62.973706246506566,Low
51750,All,1.51 to 2.00,Very overcrowded,26,30.479501308256342,71.263739322554,Low
51750,All,2.01 or more,Very overcrowded,0,21,Inf,Low
51760,All,0.50 or less,Not overcrowded,78823,1928.0025933592517,1.486923931687854,High
51760,All,0.51 to 1.00,Not overcrowded,21231,1160.1905015987677,3.32194894114879,High
51760,All,1.01 to 1.50,Overcrowded,1332,330.4088376542008,15.079312031828218,Medium
51760,All,1.51 to 2.00,Very overcrowded,733,232.41772737895877,19.275221318805492,Medium
51760,All,2.01 or more,Very overcrowded,26,51.40038910358559,120.17860440398782,Low
51770,All,0.50 or less,Not overcrowded,34412,1194.3052373660596,2.1097914125631223,High
51770,All,0.51 to 1.00,Not overcrowded,7708,659.2920445447526,5.199603495241612,High
51770,All,1.01 to 1.50,Overcrowded,432,180.27756377319946,25.3683389301474,Medium
51770,All,1.51 to 2.00,Very overcrowded,737,190.05525512334563,15.676405630593562,Medium
51770,All,2.01 or more,Very overcrowded,140,121.03718436910205,52.556311059097716,Low
51775,All,0.50 or less,Not overcrowded,8174,436.89815746922073,3.249224187517399,High
51775,All,0.51 to 1.00,Not overcrowded,1760,287.17242207426534,9.918914827102284,High
51775,All,1.01 to 1.50,Overcrowded,164,113.35784048754634,42.018622762082565,Low
51775,All,1.51 to 2.00,Very overcrowded,42,48.08326112068523,69.59510945243194,Low
51775,All,2.01 or more,Very overcrowded,0,25,Inf,Low
51790,All,0.50 or less,Not overcrowded,9376,478.73687971577874,3.1039404734832172,High
51790,All,0.51 to 1.00,Not overcrowded,1844,273.6512378923216,9.02133059136414,High
51790,All,1.01 to 1.50,Overcrowded,66,59.50630218724736,54.80915739821991,Low
51790,All,1.51 to 2.00,Very overcrowded,70,66.85057965343307,58.05521463606866,Low
51790,All,2.01 or more,Very overcrowded,0,25,Inf,Low
51800,All,0.50 or less,Not overcrowded,28657,853.1506314830928,1.8097937771758534,High
51800,All,0.51 to 1.00,Not overcrowded,7942,643.4920356927504,4.925466744021438,High
51800,All,1.01 to 1.50,Overcrowded,444,180.76780686836912,24.749829796594803,Medium
51800,All,1.51 to 2.00,Very overcrowded,61,44.721359549995796,44.567601325423084,Low
51800,All,2.01 or more,Very overcrowded,29,53.009433122794285,111.11923933087577,Low
51810,All,0.50 or less,Not overcrowded,137870,1957.6907314486627,0.8631939878382691,High
51810,All,0.51 to 1.00,Not overcrowded,39552,1494.1770310107165,2.2965066357346915,High
51810,All,1.01 to 1.50,Overcrowded,1778,422.8486726950908,14.457303985390189,High
51810,All,1.51 to 2.00,Very overcrowded,415,194.33990840792325,28.467412518097667,Medium
51810,All,2.01 or more,Very overcrowded,185,90.95603333479313,29.887795394658056,Medium
51820,All,0.50 or less,Not overcrowded,7643,485.14946150645164,3.8587424415328226,High
51820,All,0.51 to 1.00,Not overcrowded,1756,262.6118809193522,9.091257448863201,High
51820,All,1.01 to 1.50,Overcrowded,207,137.80058055030102,40.46828496550843,Low
51820,All,1.51 to 2.00,Very overcrowded,14,35.35533905932738,153.51862379212932,Low
51820,All,2.01 or more,Very overcrowded,0,25,Inf,Low
51830,All,0.50 or less,Not overcrowded,3902,394.7378877179134,6.14972428943638,High
51830,All,0.51 to 1.00,Not overcrowded,1051,266.98689106396216,15.442631915990395,Medium
51830,All,1.01 to 1.50,Overcrowded,14,18.439088914585774,80.06551851752398,Low
51830,All,1.51 to 2.00,Very overcrowded,6,24.698178070456937,250.23483354059715,Low
51830,All,2.01 or more,Very overcrowded,0,21,Inf,Low
51840,All,0.50 or less,Not overcrowded,8091,628.2873546395789,4.720524058887742,High
51840,All,0.51 to 1.00,Not overcrowded,2694,419.4401029944562,9.464691388822086,High
51840,All,1.01 to 1.50,Overcrowded,258,157.05094714773293,37.00453503634055,Low
51840,All,1.51 to 2.00,Very overcrowded,212,116.70903992407786,33.46591728051782,Low
51840,All,2.01 or more,Very overcrowded,0,25,Inf,Low
