year,period,periodName,employment,footnotes,seriesID,date,fips,name_long,name_short,cbsa_title,hu
2023,M13,Annual,15631,,LAUCN510010000000005,2023-12-01,51001,Accomack County,Accomack,Non-Metro,22211
2022,M13,Annual,15086,,LAUCN510010000000005,2022-12-01,51001,Accomack County,Accomack,Non-Metro,22042
2021,M13,Annual,14679,,LAUCN510010000000005,2021-12-01,51001,Accomack County,Accomack,Non-Metro,21869
2020,M13,Annual,14824,,LAUCN510010000000005,2020-12-01,51001,Accomack County,Accomack,Non-Metro,21713
2019,M13,Annual,16074,,LAUCN510010000000005,2019-12-01,51001,Accomack County,Accomack,Non-Metro,21319
2018,M13,Annual,16169,,LAUCN510010000000005,2018-12-01,51001,Accomack County,Accomack,Non-Metro,21272
2017,M13,Annual,16035,,LAUCN510010000000005,2017-12-01,51001,Accomack County,Accomack,Non-Metro,21251
2016,M13,Annual,15060,,LAUCN510010000000005,2016-12-01,51001,Accomack County,Accomack,Non-Metro,21237
2015,M13,Annual,15082,,LAUCN510010000000005,2015-12-01,51001,Accomack County,Accomack,Non-Metro,21231
2014,M13,Annual,15056,,LAUCN510010000000005,2014-12-01,51001,Accomack County,Accomack,Non-Metro,21206
2013,M13,Annual,15083,,LAUCN510010000000005,2013-12-01,51001,Accomack County,Accomack,Non-Metro,21158
2012,M13,Annual,15123,,LAUCN510010000000005,2012-12-01,51001,Accomack County,Accomack,Non-Metro,21095
2011,M13,Annual,15177,,LAUCN510010000000005,2011-12-01,51001,Accomack County,Accomack,Non-Metro,21065
2010,M13,Annual,15471,,LAUCN510010000000005,2010-12-01,51001,Accomack County,Accomack,Non-Metro,21002
2023,M13,Annual,58244,,LAUCN510030000000005,2023-12-01,51003,Albemarle County,Albemarle,"Charlottesville, VA",50048
2022,M13,Annual,56548,,LAUCN510030000000005,2022-12-01,51003,Albemarle County,Albemarle,"Charlottesville, VA",49196
2021,M13,Annual,54402,,LAUCN510030000000005,2021-12-01,51003,Albemarle County,Albemarle,"Charlottesville, VA",48408
2020,M13,Annual,52894,,LAUCN510030000000005,2020-12-01,51003,Albemarle County,Albemarle,"Charlottesville, VA",47506
2019,M13,Annual,56788,,LAUCN510030000000005,2019-12-01,51003,Albemarle County,Albemarle,"Charlottesville, VA",47081
2018,M13,Annual,54914,,LAUCN510030000000005,2018-12-01,51003,Albemarle County,Albemarle,"Charlottesville, VA",46080
2017,M13,Annual,54055,,LAUCN510030000000005,2017-12-01,51003,Albemarle County,Albemarle,"Charlottesville, VA",45352
2016,M13,Annual,52631,,LAUCN510030000000005,2016-12-01,51003,Albemarle County,Albemarle,"Charlottesville, VA",44723
2015,M13,Annual,52053,,LAUCN510030000000005,2015-12-01,51003,Albemarle County,Albemarle,"Charlottesville, VA",44300
2014,M13,Annual,51417,,LAUCN510030000000005,2014-12-01,51003,Albemarle County,Albemarle,"Charlottesville, VA",43965
2013,M13,Annual,50068,,LAUCN510030000000005,2013-12-01,51003,Albemarle County,Albemarle,"Charlottesville, VA",43618
2012,M13,Annual,49877,,LAUCN510030000000005,2012-12-01,51003,Albemarle County,Albemarle,"Charlottesville, VA",43347
2011,M13,Annual,49185,,LAUCN510030000000005,2011-12-01,51003,Albemarle County,Albemarle,"Charlottesville, VA",42742
2010,M13,Annual,47912,,LAUCN510030000000005,2010-12-01,51003,Albemarle County,Albemarle,"Charlottesville, VA",42122
2023,M13,Annual,6264,,LAUCN510050000000005,2023-12-01,51005,Alleghany County,Alleghany,Non-Metro,7899
2022,M13,Annual,6385,,LAUCN510050000000005,2022-12-01,51005,Alleghany County,Alleghany,Non-Metro,7909
2021,M13,Annual,6284,,LAUCN510050000000005,2021-12-01,51005,Alleghany County,Alleghany,Non-Metro,7921
2020,M13,Annual,6297,,LAUCN510050000000005,2020-12-01,51005,Alleghany County,Alleghany,Non-Metro,7930
2019,M13,Annual,6766,,LAUCN510050000000005,2019-12-01,51005,Alleghany County,Alleghany,Non-Metro,8010
2018,M13,Annual,6699,,LAUCN510050000000005,2018-12-01,51005,Alleghany County,Alleghany,Non-Metro,8019
2017,M13,Annual,6749,,LAUCN510050000000005,2017-12-01,51005,Alleghany County,Alleghany,Non-Metro,8026
2016,M13,Annual,6593,,LAUCN510050000000005,2016-12-01,51005,Alleghany County,Alleghany,Non-Metro,8037
2015,M13,Annual,6722,,LAUCN510050000000005,2015-12-01,51005,Alleghany County,Alleghany,Non-Metro,8044
2014,M13,Annual,6801,,LAUCN510050000000005,2014-12-01,51005,Alleghany County,Alleghany,Non-Metro,8049
2013,M13,Annual,7032,,LAUCN510050000000005,2013-12-01,51005,Alleghany County,Alleghany,Non-Metro,8055
2012,M13,Annual,7248,,LAUCN510050000000005,2012-12-01,51005,Alleghany County,Alleghany,Non-Metro,8062
2011,M13,Annual,7276,,LAUCN510050000000005,2011-12-01,51005,Alleghany County,Alleghany,Non-Metro,8073
2010,M13,Annual,7261,,LAUCN510050000000005,2010-12-01,51005,Alleghany County,Alleghany,Non-Metro,8074
2023,M13,Annual,6272,,LAUCN510070000000005,2023-12-01,51007,Amelia County,Amelia,"Richmond, VA",5897
2022,M13,Annual,6100,,LAUCN510070000000005,2022-12-01,51007,Amelia County,Amelia,"Richmond, VA",5827
2021,M13,Annual,5857,,LAUCN510070000000005,2021-12-01,51007,Amelia County,Amelia,"Richmond, VA",5770
2020,M13,Annual,5714,,LAUCN510070000000005,2020-12-01,51007,Amelia County,Amelia,"Richmond, VA",5717
2019,M13,Annual,6154,,LAUCN510070000000005,2019-12-01,51007,Amelia County,Amelia,"Richmond, VA",5677
2018,M13,Annual,6028,,LAUCN510070000000005,2018-12-01,51007,Amelia County,Amelia,"Richmond, VA",5634
2017,M13,Annual,6021,,LAUCN510070000000005,2017-12-01,51007,Amelia County,Amelia,"Richmond, VA",5583
2016,M13,Annual,5947,,LAUCN510070000000005,2016-12-01,51007,Amelia County,Amelia,"Richmond, VA",5543
2015,M13,Annual,5941,,LAUCN510070000000005,2015-12-01,51007,Amelia County,Amelia,"Richmond, VA",5514
2014,M13,Annual,5908,,LAUCN510070000000005,2014-12-01,51007,Amelia County,Amelia,"Richmond, VA",5479
2013,M13,Annual,5816,,LAUCN510070000000005,2013-12-01,51007,Amelia County,Amelia,"Richmond, VA",5447
2012,M13,Annual,5811,,LAUCN510070000000005,2012-12-01,51007,Amelia County,Amelia,"Richmond, VA",5426
2011,M13,Annual,5785,,LAUCN510070000000005,2011-12-01,51007,Amelia County,Amelia,"Richmond, VA",5408
2010,M13,Annual,5697,,LAUCN510070000000005,2010-12-01,51007,Amelia County,Amelia,"Richmond, VA",5359
2023,M13,Annual,14526,,LAUCN510090000000005,2023-12-01,51009,Amherst County,Amherst,"Lynchburg, VA",14403
2022,M13,Annual,14317,,LAUCN510090000000005,2022-12-01,51009,Amherst County,Amherst,"Lynchburg, VA",14335
2021,M13,Annual,13983,,LAUCN510090000000005,2021-12-01,51009,Amherst County,Amherst,"Lynchburg, VA",14286
2020,M13,Annual,13793,,LAUCN510090000000005,2020-12-01,51009,Amherst County,Amherst,"Lynchburg, VA",14237
2019,M13,Annual,14651,,LAUCN510090000000005,2019-12-01,51009,Amherst County,Amherst,"Lynchburg, VA",14266
2018,M13,Annual,14508,,LAUCN510090000000005,2018-12-01,51009,Amherst County,Amherst,"Lynchburg, VA",14231
2017,M13,Annual,14533,,LAUCN510090000000005,2017-12-01,51009,Amherst County,Amherst,"Lynchburg, VA",14184
2016,M13,Annual,14364,,LAUCN510090000000005,2016-12-01,51009,Amherst County,Amherst,"Lynchburg, VA",14165
2015,M13,Annual,14618,,LAUCN510090000000005,2015-12-01,51009,Amherst County,Amherst,"Lynchburg, VA",14141
2014,M13,Annual,14847,,LAUCN510090000000005,2014-12-01,51009,Amherst County,Amherst,"Lynchburg, VA",14118
2013,M13,Annual,14856,,LAUCN510090000000005,2013-12-01,51009,Amherst County,Amherst,"Lynchburg, VA",14078
2012,M13,Annual,14990,,LAUCN510090000000005,2012-12-01,51009,Amherst County,Amherst,"Lynchburg, VA",14049
2011,M13,Annual,14983,,LAUCN510090000000005,2011-12-01,51009,Amherst County,Amherst,"Lynchburg, VA",14031
2010,M13,Annual,15022,,LAUCN510090000000005,2010-12-01,51009,Amherst County,Amherst,"Lynchburg, VA",13976
2023,M13,Annual,6982,,LAUCN510110000000005,2023-12-01,51011,Appomattox County,Appomattox,"Lynchburg, VA",7536
2022,M13,Annual,6886,,LAUCN510110000000005,2022-12-01,51011,Appomattox County,Appomattox,"Lynchburg, VA",7440
2021,M13,Annual,6729,,LAUCN510110000000005,2021-12-01,51011,Appomattox County,Appomattox,"Lynchburg, VA",7384
2020,M13,Annual,6640,,LAUCN510110000000005,2020-12-01,51011,Appomattox County,Appomattox,"Lynchburg, VA",7317
2019,M13,Annual,7002,,LAUCN510110000000005,2019-12-01,51011,Appomattox County,Appomattox,"Lynchburg, VA",7424
2018,M13,Annual,6886,,LAUCN510110000000005,2018-12-01,51011,Appomattox County,Appomattox,"Lynchburg, VA",7371
2017,M13,Annual,6842,,LAUCN510110000000005,2017-12-01,51011,Appomattox County,Appomattox,"Lynchburg, VA",7315
2016,M13,Annual,6684,,LAUCN510110000000005,2016-12-01,51011,Appomattox County,Appomattox,"Lynchburg, VA",7251
2015,M13,Annual,6725,,LAUCN510110000000005,2015-12-01,51011,Appomattox County,Appomattox,"Lynchburg, VA",7210
2014,M13,Annual,6739,,LAUCN510110000000005,2014-12-01,51011,Appomattox County,Appomattox,"Lynchburg, VA",7160
2013,M13,Annual,6707,,LAUCN510110000000005,2013-12-01,51011,Appomattox County,Appomattox,"Lynchburg, VA",7107
2012,M13,Annual,6684,,LAUCN510110000000005,2012-12-01,51011,Appomattox County,Appomattox,"Lynchburg, VA",7069
2011,M13,Annual,6675,,LAUCN510110000000005,2011-12-01,51011,Appomattox County,Appomattox,"Lynchburg, VA",7017
2010,M13,Annual,6707,,LAUCN510110000000005,2010-12-01,51011,Appomattox County,Appomattox,"Lynchburg, VA",6921
2023,M13,Annual,157923,,LAUCN510130000000005,2023-12-01,51013,Arlington County,Arlington,"Washington-Arlington-Alexandria, DC-VA-MD-WV",123963
2022,M13,Annual,153622,,LAUCN510130000000005,2022-12-01,51013,Arlington County,Arlington,"Washington-Arlington-Alexandria, DC-VA-MD-WV",122412
2021,M13,Annual,147645,,LAUCN510130000000005,2021-12-01,51013,Arlington County,Arlington,"Washington-Arlington-Alexandria, DC-VA-MD-WV",119440
2020,M13,Annual,144218,,LAUCN510130000000005,2020-12-01,51013,Arlington County,Arlington,"Washington-Arlington-Alexandria, DC-VA-MD-WV",119183
2019,M13,Annual,152042,,LAUCN510130000000005,2019-12-01,51013,Arlington County,Arlington,"Washington-Arlington-Alexandria, DC-VA-MD-WV",118880
2018,M13,Annual,149775,,LAUCN510130000000005,2018-12-01,51013,Arlington County,Arlington,"Washington-Arlington-Alexandria, DC-VA-MD-WV",116517
2017,M13,Annual,147637,,LAUCN510130000000005,2017-12-01,51013,Arlington County,Arlington,"Washington-Arlington-Alexandria, DC-VA-MD-WV",114005
2016,M13,Annual,142857,,LAUCN510130000000005,2016-12-01,51013,Arlington County,Arlington,"Washington-Arlington-Alexandria, DC-VA-MD-WV",112440
2015,M13,Annual,140880,,LAUCN510130000000005,2015-12-01,51013,Arlington County,Arlington,"Washington-Arlington-Alexandria, DC-VA-MD-WV",112101
2014,M13,Annual,140437,,LAUCN510130000000005,2014-12-01,51013,Arlington County,Arlington,"Washington-Arlington-Alexandria, DC-VA-MD-WV",110281
2013,M13,Annual,140275,,LAUCN510130000000005,2013-12-01,51013,Arlington County,Arlington,"Washington-Arlington-Alexandria, DC-VA-MD-WV",109644
2012,M13,Annual,138982,,LAUCN510130000000005,2012-12-01,51013,Arlington County,Arlington,"Washington-Arlington-Alexandria, DC-VA-MD-WV",107749
2011,M13,Annual,136334,,LAUCN510130000000005,2011-12-01,51013,Arlington County,Arlington,"Washington-Arlington-Alexandria, DC-VA-MD-WV",106105
2010,M13,Annual,131635,,LAUCN510130000000005,2010-12-01,51013,Arlington County,Arlington,"Washington-Arlington-Alexandria, DC-VA-MD-WV",105404
2023,M13,Annual,38500,,LAUCN510150000000005,2023-12-01,51015,Augusta County,Augusta,"Staunton, VA",33333
2022,M13,Annual,37354,,LAUCN510150000000005,2022-12-01,51015,Augusta County,Augusta,"Staunton, VA",33134
2021,M13,Annual,35668,,LAUCN510150000000005,2021-12-01,51015,Augusta County,Augusta,"Staunton, VA",32939
2020,M13,Annual,35086,,LAUCN510150000000005,2020-12-01,51015,Augusta County,Augusta,"Staunton, VA",32670
2019,M13,Annual,36786,,LAUCN510150000000005,2019-12-01,51015,Augusta County,Augusta,"Staunton, VA",32851
2018,M13,Annual,35941,,LAUCN510150000000005,2018-12-01,51015,Augusta County,Augusta,"Staunton, VA",32700
2017,M13,Annual,35823,,LAUCN510150000000005,2017-12-01,51015,Augusta County,Augusta,"Staunton, VA",32523
2016,M13,Annual,35570,,LAUCN510150000000005,2016-12-01,51015,Augusta County,Augusta,"Staunton, VA",32378
2015,M13,Annual,35304,,LAUCN510150000000005,2015-12-01,51015,Augusta County,Augusta,"Staunton, VA",32224
2014,M13,Annual,35275,,LAUCN510150000000005,2014-12-01,51015,Augusta County,Augusta,"Staunton, VA",31874
2013,M13,Annual,35024,,LAUCN510150000000005,2013-12-01,51015,Augusta County,Augusta,"Staunton, VA",31744
2012,M13,Annual,34890,,LAUCN510150000000005,2012-12-01,51015,Augusta County,Augusta,"Staunton, VA",31618
2011,M13,Annual,35012,,LAUCN510150000000005,2011-12-01,51015,Augusta County,Augusta,"Staunton, VA",31457
2010,M13,Annual,34464,,LAUCN510150000000005,2010-12-01,51015,Augusta County,Augusta,"Staunton, VA",31194
2023,M13,Annual,2349,,LAUCN510170000000005,2023-12-01,51017,Bath County,Bath,Non-Metro,3258
2022,M13,Annual,2360,,LAUCN510170000000005,2022-12-01,51017,Bath County,Bath,Non-Metro,3252
2021,M13,Annual,2145,,LAUCN510170000000005,2021-12-01,51017,Bath County,Bath,Non-Metro,3240
2020,M13,Annual,2058,,LAUCN510170000000005,2020-12-01,51017,Bath County,Bath,Non-Metro,3239
2019,M13,Annual,2425,,LAUCN510170000000005,2019-12-01,51017,Bath County,Bath,Non-Metro,3300
2018,M13,Annual,2461,,LAUCN510170000000005,2018-12-01,51017,Bath County,Bath,Non-Metro,3302
2017,M13,Annual,2508,,LAUCN510170000000005,2017-12-01,51017,Bath County,Bath,Non-Metro,3303
2016,M13,Annual,2408,,LAUCN510170000000005,2016-12-01,51017,Bath County,Bath,Non-Metro,3300
2015,M13,Annual,2444,,LAUCN510170000000005,2015-12-01,51017,Bath County,Bath,Non-Metro,3296
2014,M13,Annual,2488,,LAUCN510170000000005,2014-12-01,51017,Bath County,Bath,Non-Metro,3299
2013,M13,Annual,2445,,LAUCN510170000000005,2013-12-01,51017,Bath County,Bath,Non-Metro,3295
2012,M13,Annual,2435,,LAUCN510170000000005,2012-12-01,51017,Bath County,Bath,Non-Metro,3292
2011,M13,Annual,2410,,LAUCN510170000000005,2011-12-01,51017,Bath County,Bath,Non-Metro,3288
2010,M13,Annual,2319,,LAUCN510170000000005,2010-12-01,51017,Bath County,Bath,Non-Metro,3270
2023,M13,Annual,37800,,LAUCN510190000000005,2023-12-01,51019,Bedford County,Bedford,"Lynchburg, VA",37588
2022,M13,Annual,37264,,LAUCN510190000000005,2022-12-01,51019,Bedford County,Bedford,"Lynchburg, VA",37464
2021,M13,Annual,36424,,LAUCN510190000000005,2021-12-01,51019,Bedford County,Bedford,"Lynchburg, VA",37362
2020,M13,Annual,35890,,LAUCN510190000000005,2020-12-01,51019,Bedford County,Bedford,"Lynchburg, VA",37253
2019,M13,Annual,37798,,LAUCN510190000000005,2019-12-01,51019,Bedford County,Bedford,"Lynchburg, VA",37040
2018,M13,Annual,37247,,LAUCN510190000000005,2018-12-01,51019,Bedford County,Bedford,"Lynchburg, VA",37008
2017,M13,Annual,36985,,LAUCN510190000000005,2017-12-01,51019,Bedford County,Bedford,"Lynchburg, VA",36869
2016,M13,Annual,36486,,LAUCN510190000000005,2016-12-01,51019,Bedford County,Bedford,"Lynchburg, VA",36628
2015,M13,Annual,36703,,LAUCN510190000000005,2015-12-01,51019,Bedford County,Bedford,"Lynchburg, VA",36372
2014,M13,Annual,36641,,LAUCN510190000000005,2014-12-01,51019,Bedford County,Bedford,"Lynchburg, VA",36005
2013,M13,Annual,36114,,LAUCN510190000000005,2013-12-01,51019,Bedford County,Bedford,"Lynchburg, VA",35668
2012,M13,Annual,36030,,LAUCN510190000000005,2012-12-01,51019,Bedford County,Bedford,"Lynchburg, VA",35425
2011,M13,Annual,36258,,LAUCN510190000000005,2011-12-01,51019,Bedford County,Bedford,"Lynchburg, VA",35199
2010,M13,Annual,36284,,LAUCN510190000000005,2010-12-01,51019,Bedford County,Bedford,"Lynchburg, VA",31937
2023,M13,Annual,2766,,LAUCN510210000000005,2023-12-01,51021,Bland County,Bland,"Bluefield, WV-VA",3217
2022,M13,Annual,2696,,LAUCN510210000000005,2022-12-01,51021,Bland County,Bland,"Bluefield, WV-VA",3214
2021,M13,Annual,2647,,LAUCN510210000000005,2021-12-01,51021,Bland County,Bland,"Bluefield, WV-VA",3211
2020,M13,Annual,2624,,LAUCN510210000000005,2020-12-01,51021,Bland County,Bland,"Bluefield, WV-VA",3205
2019,M13,Annual,2775,,LAUCN510210000000005,2019-12-01,51021,Bland County,Bland,"Bluefield, WV-VA",3356
2018,M13,Annual,2754,,LAUCN510210000000005,2018-12-01,51021,Bland County,Bland,"Bluefield, WV-VA",3337
2017,M13,Annual,2777,,LAUCN510210000000005,2017-12-01,51021,Bland County,Bland,"Bluefield, WV-VA",3320
2016,M13,Annual,2601,,LAUCN510210000000005,2016-12-01,51021,Bland County,Bland,"Bluefield, WV-VA",3303
2015,M13,Annual,2635,,LAUCN510210000000005,2015-12-01,51021,Bland County,Bland,"Bluefield, WV-VA",3296
2014,M13,Annual,2706,,LAUCN510210000000005,2014-12-01,51021,Bland County,Bland,"Bluefield, WV-VA",3289
2013,M13,Annual,2687,,LAUCN510210000000005,2013-12-01,51021,Bland County,Bland,"Bluefield, WV-VA",3286
2012,M13,Annual,2673,,LAUCN510210000000005,2012-12-01,51021,Bland County,Bland,"Bluefield, WV-VA",3284
2011,M13,Annual,2644,,LAUCN510210000000005,2011-12-01,51021,Bland County,Bland,"Bluefield, WV-VA",3279
2010,M13,Annual,2645,,LAUCN510210000000005,2010-12-01,51021,Bland County,Bland,"Bluefield, WV-VA",3265
2023,M13,Annual,17658,,LAUCN510230000000005,2023-12-01,51023,Botetourt County,Botetourt,"Roanoke, VA",15148
2022,M13,Annual,17214,,LAUCN510230000000005,2022-12-01,51023,Botetourt County,Botetourt,"Roanoke, VA",15088
2021,M13,Annual,16652,,LAUCN510230000000005,2021-12-01,51023,Botetourt County,Botetourt,"Roanoke, VA",15019
2020,M13,Annual,16364,,LAUCN510230000000005,2020-12-01,51023,Botetourt County,Botetourt,"Roanoke, VA",14909
2019,M13,Annual,17210,,LAUCN510230000000005,2019-12-01,51023,Botetourt County,Botetourt,"Roanoke, VA",15025
2018,M13,Annual,16885,,LAUCN510230000000005,2018-12-01,51023,Botetourt County,Botetourt,"Roanoke, VA",14941
2017,M13,Annual,16828,,LAUCN510230000000005,2017-12-01,51023,Botetourt County,Botetourt,"Roanoke, VA",14888
2016,M13,Annual,16755,,LAUCN510230000000005,2016-12-01,51023,Botetourt County,Botetourt,"Roanoke, VA",14845
2015,M13,Annual,16738,,LAUCN510230000000005,2015-12-01,51023,Botetourt County,Botetourt,"Roanoke, VA",14788
2014,M13,Annual,16900,,LAUCN510230000000005,2014-12-01,51023,Botetourt County,Botetourt,"Roanoke, VA",14739
2013,M13,Annual,16731,,LAUCN510230000000005,2013-12-01,51023,Botetourt County,Botetourt,"Roanoke, VA",14700
2012,M13,Annual,16752,,LAUCN510230000000005,2012-12-01,51023,Botetourt County,Botetourt,"Roanoke, VA",14650
2011,M13,Annual,16667,,LAUCN510230000000005,2011-12-01,51023,Botetourt County,Botetourt,"Roanoke, VA",14618
2010,M13,Annual,16551,,LAUCN510230000000005,2010-12-01,51023,Botetourt County,Botetourt,"Roanoke, VA",14562
2023,M13,Annual,5746,,LAUCN510250000000005,2023-12-01,51025,Brunswick County,Brunswick,Non-Metro,7986
2022,M13,Annual,5580,,LAUCN510250000000005,2022-12-01,51025,Brunswick County,Brunswick,Non-Metro,7952
2021,M13,Annual,5401,,LAUCN510250000000005,2021-12-01,51025,Brunswick County,Brunswick,Non-Metro,7916
2020,M13,Annual,5422,,LAUCN510250000000005,2020-12-01,51025,Brunswick County,Brunswick,Non-Metro,7890
2019,M13,Annual,5785,,LAUCN510250000000005,2019-12-01,51025,Brunswick County,Brunswick,Non-Metro,8236
2018,M13,Annual,5724,,LAUCN510250000000005,2018-12-01,51025,Brunswick County,Brunswick,Non-Metro,8250
2017,M13,Annual,5852,,LAUCN510250000000005,2017-12-01,51025,Brunswick County,Brunswick,Non-Metro,8230
2016,M13,Annual,5852,,LAUCN510250000000005,2016-12-01,51025,Brunswick County,Brunswick,Non-Metro,8220
2015,M13,Annual,5928,,LAUCN510250000000005,2015-12-01,51025,Brunswick County,Brunswick,Non-Metro,8215
2014,M13,Annual,5971,,LAUCN510250000000005,2014-12-01,51025,Brunswick County,Brunswick,Non-Metro,8228
2013,M13,Annual,6046,,LAUCN510250000000005,2013-12-01,51025,Brunswick County,Brunswick,Non-Metro,8216
2012,M13,Annual,6051,,LAUCN510250000000005,2012-12-01,51025,Brunswick County,Brunswick,Non-Metro,8199
2011,M13,Annual,6089,,LAUCN510250000000005,2011-12-01,51025,Brunswick County,Brunswick,Non-Metro,8168
2010,M13,Annual,6165,,LAUCN510250000000005,2010-12-01,51025,Brunswick County,Brunswick,Non-Metro,8166
2023,M13,Annual,6140,,LAUCN510270000000005,2023-12-01,51027,Buchanan County,Buchanan,Non-Metro,10329
2022,M13,Annual,6016,,LAUCN510270000000005,2022-12-01,51027,Buchanan County,Buchanan,Non-Metro,10327
2021,M13,Annual,5739,,LAUCN510270000000005,2021-12-01,51027,Buchanan County,Buchanan,Non-Metro,10322
2020,M13,Annual,5759,,LAUCN510270000000005,2020-12-01,51027,Buchanan County,Buchanan,Non-Metro,10317
2019,M13,Annual,6451,,LAUCN510270000000005,2019-12-01,51027,Buchanan County,Buchanan,Non-Metro,11556
2018,M13,Annual,6574,,LAUCN510270000000005,2018-12-01,51027,Buchanan County,Buchanan,Non-Metro,11568
2017,M13,Annual,6561,,LAUCN510270000000005,2017-12-01,51027,Buchanan County,Buchanan,Non-Metro,11573
2016,M13,Annual,6136,,LAUCN510270000000005,2016-12-01,51027,Buchanan County,Buchanan,Non-Metro,11583
2015,M13,Annual,6517,,LAUCN510270000000005,2015-12-01,51027,Buchanan County,Buchanan,Non-Metro,11591
2014,M13,Annual,6988,,LAUCN510270000000005,2014-12-01,51027,Buchanan County,Buchanan,Non-Metro,11597
2013,M13,Annual,7281,,LAUCN510270000000005,2013-12-01,51027,Buchanan County,Buchanan,Non-Metro,11594
2012,M13,Annual,7805,,LAUCN510270000000005,2012-12-01,51027,Buchanan County,Buchanan,Non-Metro,11592
2011,M13,Annual,7740,,LAUCN510270000000005,2011-12-01,51027,Buchanan County,Buchanan,Non-Metro,11592
2010,M13,Annual,7493,,LAUCN510270000000005,2010-12-01,51027,Buchanan County,Buchanan,Non-Metro,11576
2023,M13,Annual,6367,,LAUCN510290000000005,2023-12-01,51029,Buckingham County,Buckingham,Non-Metro,7367
2022,M13,Annual,6189,,LAUCN510290000000005,2022-12-01,51029,Buckingham County,Buckingham,Non-Metro,7272
2021,M13,Annual,5962,,LAUCN510290000000005,2021-12-01,51029,Buckingham County,Buckingham,Non-Metro,7192
2020,M13,Annual,5799,,LAUCN510290000000005,2020-12-01,51029,Buckingham County,Buckingham,Non-Metro,7145
2019,M13,Annual,6283,,LAUCN510290000000005,2019-12-01,51029,Buckingham County,Buckingham,Non-Metro,7479
2018,M13,Annual,6053,,LAUCN510290000000005,2018-12-01,51029,Buckingham County,Buckingham,Non-Metro,7466
2017,M13,Annual,6037,,LAUCN510290000000005,2017-12-01,51029,Buckingham County,Buckingham,Non-Metro,7442
2016,M13,Annual,5939,,LAUCN510290000000005,2016-12-01,51029,Buckingham County,Buckingham,Non-Metro,7421
2015,M13,Annual,5948,,LAUCN510290000000005,2015-12-01,51029,Buckingham County,Buckingham,Non-Metro,7382
2014,M13,Annual,5900,,LAUCN510290000000005,2014-12-01,51029,Buckingham County,Buckingham,Non-Metro,7357
2013,M13,Annual,5910,,LAUCN510290000000005,2013-12-01,51029,Buckingham County,Buckingham,Non-Metro,7320
2012,M13,Annual,5920,,LAUCN510290000000005,2012-12-01,51029,Buckingham County,Buckingham,Non-Metro,7294
2011,M13,Annual,5955,,LAUCN510290000000005,2011-12-01,51029,Buckingham County,Buckingham,Non-Metro,7271
2010,M13,Annual,5866,,LAUCN510290000000005,2010-12-01,51029,Buckingham County,Buckingham,Non-Metro,7244
2023,M13,Annual,25293,,LAUCN510310000000005,2023-12-01,51031,Campbell County,Campbell,"Lynchburg, VA",25751
2022,M13,Annual,24923,,LAUCN510310000000005,2022-12-01,51031,Campbell County,Campbell,"Lynchburg, VA",25556
2021,M13,Annual,24337,,LAUCN510310000000005,2021-12-01,51031,Campbell County,Campbell,"Lynchburg, VA",25313
2020,M13,Annual,23997,,LAUCN510310000000005,2020-12-01,51031,Campbell County,Campbell,"Lynchburg, VA",25069
2019,M13,Annual,25357,,LAUCN510310000000005,2019-12-01,51031,Campbell County,Campbell,"Lynchburg, VA",26097
2018,M13,Annual,25113,,LAUCN510310000000005,2018-12-01,51031,Campbell County,Campbell,"Lynchburg, VA",26065
2017,M13,Annual,25223,,LAUCN510310000000005,2017-12-01,51031,Campbell County,Campbell,"Lynchburg, VA",25808
2016,M13,Annual,24840,,LAUCN510310000000005,2016-12-01,51031,Campbell County,Campbell,"Lynchburg, VA",25748
2015,M13,Annual,25100,,LAUCN510310000000005,2015-12-01,51031,Campbell County,Campbell,"Lynchburg, VA",25675
2014,M13,Annual,25317,,LAUCN510310000000005,2014-12-01,51031,Campbell County,Campbell,"Lynchburg, VA",25424
2013,M13,Annual,25375,,LAUCN510310000000005,2013-12-01,51031,Campbell County,Campbell,"Lynchburg, VA",25146
2012,M13,Annual,25331,,LAUCN510310000000005,2012-12-01,51031,Campbell County,Campbell,"Lynchburg, VA",24909
2011,M13,Annual,25594,,LAUCN510310000000005,2011-12-01,51031,Campbell County,Campbell,"Lynchburg, VA",24852
2010,M13,Annual,25601,,LAUCN510310000000005,2010-12-01,51031,Campbell County,Campbell,"Lynchburg, VA",24769
2023,M13,Annual,15334,,LAUCN510330000000005,2023-12-01,51033,Caroline County,Caroline,Non-Metro,13191
2022,M13,Annual,14872,,LAUCN510330000000005,2022-12-01,51033,Caroline County,Caroline,Non-Metro,12939
2021,M13,Annual,14223,,LAUCN510330000000005,2021-12-01,51033,Caroline County,Caroline,Non-Metro,12610
2020,M13,Annual,13872,,LAUCN510330000000005,2020-12-01,51033,Caroline County,Caroline,Non-Metro,12438
2019,M13,Annual,14777,,LAUCN510330000000005,2019-12-01,51033,Caroline County,Caroline,Non-Metro,12417
2018,M13,Annual,14675,,LAUCN510330000000005,2018-12-01,51033,Caroline County,Caroline,Non-Metro,12332
2017,M13,Annual,14519,,LAUCN510330000000005,2017-12-01,51033,Caroline County,Caroline,Non-Metro,12255
2016,M13,Annual,14224,,LAUCN510330000000005,2016-12-01,51033,Caroline County,Caroline,Non-Metro,12162
2015,M13,Annual,14047,,LAUCN510330000000005,2015-12-01,51033,Caroline County,Caroline,Non-Metro,12101
2014,M13,Annual,13922,,LAUCN510330000000005,2014-12-01,51033,Caroline County,Caroline,Non-Metro,12045
2013,M13,Annual,13573,,LAUCN510330000000005,2013-12-01,51033,Caroline County,Caroline,Non-Metro,11976
2012,M13,Annual,13370,,LAUCN510330000000005,2012-12-01,51033,Caroline County,Caroline,Non-Metro,11881
2011,M13,Annual,13157,,LAUCN510330000000005,2011-12-01,51033,Caroline County,Caroline,Non-Metro,11832
2010,M13,Annual,12966,,LAUCN510330000000005,2010-12-01,51033,Caroline County,Caroline,Non-Metro,11729
2023,M13,Annual,12479,,LAUCN510350000000005,2023-12-01,51035,Carroll County,Carroll,Non-Metro,16736
2022,M13,Annual,12399,,LAUCN510350000000005,2022-12-01,51035,Carroll County,Carroll,Non-Metro,16679
2021,M13,Annual,12232,,LAUCN510350000000005,2021-12-01,51035,Carroll County,Carroll,Non-Metro,16619
2020,M13,Annual,11986,,LAUCN510350000000005,2020-12-01,51035,Carroll County,Carroll,Non-Metro,16573
2019,M13,Annual,12870,,LAUCN510350000000005,2019-12-01,51035,Carroll County,Carroll,Non-Metro,16708
2018,M13,Annual,12859,,LAUCN510350000000005,2018-12-01,51035,Carroll County,Carroll,Non-Metro,16737
2017,M13,Annual,13040,,LAUCN510350000000005,2017-12-01,51035,Carroll County,Carroll,Non-Metro,16756
2016,M13,Annual,12321,,LAUCN510350000000005,2016-12-01,51035,Carroll County,Carroll,Non-Metro,16782
2015,M13,Annual,12409,,LAUCN510350000000005,2015-12-01,51035,Carroll County,Carroll,Non-Metro,16755
2014,M13,Annual,12357,,LAUCN510350000000005,2014-12-01,51035,Carroll County,Carroll,Non-Metro,16732
2013,M13,Annual,12185,,LAUCN510350000000005,2013-12-01,51035,Carroll County,Carroll,Non-Metro,16712
2012,M13,Annual,12341,,LAUCN510350000000005,2012-12-01,51035,Carroll County,Carroll,Non-Metro,16676
2011,M13,Annual,12267,,LAUCN510350000000005,2011-12-01,51035,Carroll County,Carroll,Non-Metro,16652
2010,M13,Annual,12382,,LAUCN510350000000005,2010-12-01,51035,Carroll County,Carroll,Non-Metro,16569
2023,M13,Annual,3592,,LAUCN510360000000005,2023-12-01,51036,Charles City County,Charles City,"Richmond, VA",3301
2022,M13,Annual,3489,,LAUCN510360000000005,2022-12-01,51036,Charles City County,Charles City,"Richmond, VA",3284
2021,M13,Annual,3341,,LAUCN510360000000005,2021-12-01,51036,Charles City County,Charles City,"Richmond, VA",3265
2020,M13,Annual,3264,,LAUCN510360000000005,2020-12-01,51036,Charles City County,Charles City,"Richmond, VA",3249
2019,M13,Annual,3557,,LAUCN510360000000005,2019-12-01,51036,Charles City County,Charles City,"Richmond, VA",3391
2018,M13,Annual,3510,,LAUCN510360000000005,2018-12-01,51036,Charles City County,Charles City,"Richmond, VA",3379
2017,M13,Annual,3542,,LAUCN510360000000005,2017-12-01,51036,Charles City County,Charles City,"Richmond, VA",3359
2016,M13,Annual,3558,,LAUCN510360000000005,2016-12-01,51036,Charles City County,Charles City,"Richmond, VA",3347
2015,M13,Annual,3535,,LAUCN510360000000005,2015-12-01,51036,Charles City County,Charles City,"Richmond, VA",3337
2014,M13,Annual,3512,,LAUCN510360000000005,2014-12-01,51036,Charles City County,Charles City,"Richmond, VA",3324
2013,M13,Annual,3538,,LAUCN510360000000005,2013-12-01,51036,Charles City County,Charles City,"Richmond, VA",3309
2012,M13,Annual,3551,,LAUCN510360000000005,2012-12-01,51036,Charles City County,Charles City,"Richmond, VA",3295
2011,M13,Annual,3578,,LAUCN510360000000005,2011-12-01,51036,Charles City County,Charles City,"Richmond, VA",3272
2010,M13,Annual,3525,,LAUCN510360000000005,2010-12-01,51036,Charles City County,Charles City,"Richmond, VA",3229
2023,M13,Annual,5158,,LAUCN510370000000005,2023-12-01,51037,Charlotte County,Charlotte,Non-Metro,5986
2022,M13,Annual,5271,,LAUCN510370000000005,2022-12-01,51037,Charlotte County,Charlotte,Non-Metro,5978
2021,M13,Annual,5055,,LAUCN510370000000005,2021-12-01,51037,Charlotte County,Charlotte,Non-Metro,5962
2020,M13,Annual,4778,,LAUCN510370000000005,2020-12-01,51037,Charlotte County,Charlotte,Non-Metro,5957
2019,M13,Annual,5099,,LAUCN510370000000005,2019-12-01,51037,Charlotte County,Charlotte,Non-Metro,6348
2018,M13,Annual,5037,,LAUCN510370000000005,2018-12-01,51037,Charlotte County,Charlotte,Non-Metro,6339
2017,M13,Annual,5128,,LAUCN510370000000005,2017-12-01,51037,Charlotte County,Charlotte,Non-Metro,6339
2016,M13,Annual,5000,,LAUCN510370000000005,2016-12-01,51037,Charlotte County,Charlotte,Non-Metro,6342
2015,M13,Annual,4975,,LAUCN510370000000005,2015-12-01,51037,Charlotte County,Charlotte,Non-Metro,6340
2014,M13,Annual,4964,,LAUCN510370000000005,2014-12-01,51037,Charlotte County,Charlotte,Non-Metro,6340
2013,M13,Annual,4909,,LAUCN510370000000005,2013-12-01,51037,Charlotte County,Charlotte,Non-Metro,6332
2012,M13,Annual,4897,,LAUCN510370000000005,2012-12-01,51037,Charlotte County,Charlotte,Non-Metro,6327
2011,M13,Annual,4865,,LAUCN510370000000005,2011-12-01,51037,Charlotte County,Charlotte,Non-Metro,6305
2010,M13,Annual,4818,,LAUCN510370000000005,2010-12-01,51037,Charlotte County,Charlotte,Non-Metro,6273
2023,M13,Annual,194334,,LAUCN510410000000005,2023-12-01,51041,Chesterfield County,Chesterfield,"Richmond, VA",148930
2022,M13,Annual,188326,,LAUCN510410000000005,2022-12-01,51041,Chesterfield County,Chesterfield,"Richmond, VA",145915
2021,M13,Annual,179915,,LAUCN510410000000005,2021-12-01,51041,Chesterfield County,Chesterfield,"Richmond, VA",142315
2020,M13,Annual,175462,,LAUCN510410000000005,2020-12-01,51041,Chesterfield County,Chesterfield,"Richmond, VA",139428
2019,M13,Annual,185045,,LAUCN510410000000005,2019-12-01,51041,Chesterfield County,Chesterfield,"Richmond, VA",134267
2018,M13,Annual,181386,,LAUCN510410000000005,2018-12-01,51041,Chesterfield County,Chesterfield,"Richmond, VA",132275
2017,M13,Annual,178778,,LAUCN510410000000005,2017-12-01,51041,Chesterfield County,Chesterfield,"Richmond, VA",130292
2016,M13,Annual,174105,,LAUCN510410000000005,2016-12-01,51041,Chesterfield County,Chesterfield,"Richmond, VA",128811
2015,M13,Annual,171090,,LAUCN510410000000005,2015-12-01,51041,Chesterfield County,Chesterfield,"Richmond, VA",127768
2014,M13,Annual,169093,,LAUCN510410000000005,2014-12-01,51041,Chesterfield County,Chesterfield,"Richmond, VA",126363
2013,M13,Annual,165077,,LAUCN510410000000005,2013-12-01,51041,Chesterfield County,Chesterfield,"Richmond, VA",125163
2012,M13,Annual,162399,,LAUCN510410000000005,2012-12-01,51041,Chesterfield County,Chesterfield,"Richmond, VA",123944
2011,M13,Annual,159724,,LAUCN510410000000005,2011-12-01,51041,Chesterfield County,Chesterfield,"Richmond, VA",123423
2010,M13,Annual,156230,,LAUCN510410000000005,2010-12-01,51041,Chesterfield County,Chesterfield,"Richmond, VA",122555
2023,M13,Annual,7661,,LAUCN510430000000005,2023-12-01,51043,Clarke County,Clarke,"Washington-Arlington-Alexandria, DC-VA-MD-WV",6647
2022,M13,Annual,7481,,LAUCN510430000000005,2022-12-01,51043,Clarke County,Clarke,"Washington-Arlington-Alexandria, DC-VA-MD-WV",6571
2021,M13,Annual,7227,,LAUCN510430000000005,2021-12-01,51043,Clarke County,Clarke,"Washington-Arlington-Alexandria, DC-VA-MD-WV",6473
2020,M13,Annual,7061,,LAUCN510430000000005,2020-12-01,51043,Clarke County,Clarke,"Washington-Arlington-Alexandria, DC-VA-MD-WV",6411
2019,M13,Annual,7511,,LAUCN510430000000005,2019-12-01,51043,Clarke County,Clarke,"Washington-Arlington-Alexandria, DC-VA-MD-WV",6396
2018,M13,Annual,7312,,LAUCN510430000000005,2018-12-01,51043,Clarke County,Clarke,"Washington-Arlington-Alexandria, DC-VA-MD-WV",6379
2017,M13,Annual,7266,,LAUCN510430000000005,2017-12-01,51043,Clarke County,Clarke,"Washington-Arlington-Alexandria, DC-VA-MD-WV",6344
2016,M13,Annual,7184,,LAUCN510430000000005,2016-12-01,51043,Clarke County,Clarke,"Washington-Arlington-Alexandria, DC-VA-MD-WV",6302
2015,M13,Annual,7168,,LAUCN510430000000005,2015-12-01,51043,Clarke County,Clarke,"Washington-Arlington-Alexandria, DC-VA-MD-WV",6275
2014,M13,Annual,7246,,LAUCN510430000000005,2014-12-01,51043,Clarke County,Clarke,"Washington-Arlington-Alexandria, DC-VA-MD-WV",6258
2013,M13,Annual,7273,,LAUCN510430000000005,2013-12-01,51043,Clarke County,Clarke,"Washington-Arlington-Alexandria, DC-VA-MD-WV",6246
2012,M13,Annual,7331,,LAUCN510430000000005,2012-12-01,51043,Clarke County,Clarke,"Washington-Arlington-Alexandria, DC-VA-MD-WV",6242
2011,M13,Annual,7318,,LAUCN510430000000005,2011-12-01,51043,Clarke County,Clarke,"Washington-Arlington-Alexandria, DC-VA-MD-WV",6240
2010,M13,Annual,7178,,LAUCN510430000000005,2010-12-01,51043,Clarke County,Clarke,"Washington-Arlington-Alexandria, DC-VA-MD-WV",6235
2023,M13,Annual,2297,,LAUCN510450000000005,2023-12-01,51045,Craig County,Craig,"Roanoke, VA",2615
2022,M13,Annual,2242,,LAUCN510450000000005,2022-12-01,51045,Craig County,Craig,"Roanoke, VA",2610
2021,M13,Annual,2174,,LAUCN510450000000005,2021-12-01,51045,Craig County,Craig,"Roanoke, VA",2590
2020,M13,Annual,2133,,LAUCN510450000000005,2020-12-01,51045,Craig County,Craig,"Roanoke, VA",2585
2019,M13,Annual,2279,,LAUCN510450000000005,2019-12-01,51045,Craig County,Craig,"Roanoke, VA",2907
2018,M13,Annual,2216,,LAUCN510450000000005,2018-12-01,51045,Craig County,Craig,"Roanoke, VA",2908
2017,M13,Annual,2210,,LAUCN510450000000005,2017-12-01,51045,Craig County,Craig,"Roanoke, VA",2902
2016,M13,Annual,2243,,LAUCN510450000000005,2016-12-01,51045,Craig County,Craig,"Roanoke, VA",2896
2015,M13,Annual,2259,,LAUCN510450000000005,2015-12-01,51045,Craig County,Craig,"Roanoke, VA",2891
2014,M13,Annual,2312,,LAUCN510450000000005,2014-12-01,51045,Craig County,Craig,"Roanoke, VA",2879
2013,M13,Annual,2287,,LAUCN510450000000005,2013-12-01,51045,Craig County,Craig,"Roanoke, VA",2879
2012,M13,Annual,2292,,LAUCN510450000000005,2012-12-01,51045,Craig County,Craig,"Roanoke, VA",2879
2011,M13,Annual,2291,,LAUCN510450000000005,2011-12-01,51045,Craig County,Craig,"Roanoke, VA",2822
2010,M13,Annual,2245,,LAUCN510450000000005,2010-12-01,51045,Craig County,Craig,"Roanoke, VA",2809
2023,M13,Annual,25458,,LAUCN510470000000005,2023-12-01,51047,Culpeper County,Culpeper,"Washington-Arlington-Alexandria, DC-VA-MD-WV",20041
2022,M13,Annual,24839,,LAUCN510470000000005,2022-12-01,51047,Culpeper County,Culpeper,"Washington-Arlington-Alexandria, DC-VA-MD-WV",19768
2021,M13,Annual,23984,,LAUCN510470000000005,2021-12-01,51047,Culpeper County,Culpeper,"Washington-Arlington-Alexandria, DC-VA-MD-WV",19564
2020,M13,Annual,23398,,LAUCN510470000000005,2020-12-01,51047,Culpeper County,Culpeper,"Washington-Arlington-Alexandria, DC-VA-MD-WV",19246
2019,M13,Annual,24474,,LAUCN510470000000005,2019-12-01,51047,Culpeper County,Culpeper,"Washington-Arlington-Alexandria, DC-VA-MD-WV",19239
2018,M13,Annual,23673,,LAUCN510470000000005,2018-12-01,51047,Culpeper County,Culpeper,"Washington-Arlington-Alexandria, DC-VA-MD-WV",18940
2017,M13,Annual,23268,,LAUCN510470000000005,2017-12-01,51047,Culpeper County,Culpeper,"Washington-Arlington-Alexandria, DC-VA-MD-WV",18649
2016,M13,Annual,22585,,LAUCN510470000000005,2016-12-01,51047,Culpeper County,Culpeper,"Washington-Arlington-Alexandria, DC-VA-MD-WV",18472
2015,M13,Annual,22202,,LAUCN510470000000005,2015-12-01,51047,Culpeper County,Culpeper,"Washington-Arlington-Alexandria, DC-VA-MD-WV",18292
2014,M13,Annual,22281,,LAUCN510470000000005,2014-12-01,51047,Culpeper County,Culpeper,"Washington-Arlington-Alexandria, DC-VA-MD-WV",18112
2013,M13,Annual,22161,,LAUCN510470000000005,2013-12-01,51047,Culpeper County,Culpeper,"Washington-Arlington-Alexandria, DC-VA-MD-WV",17952
2012,M13,Annual,22029,,LAUCN510470000000005,2012-12-01,51047,Culpeper County,Culpeper,"Washington-Arlington-Alexandria, DC-VA-MD-WV",17835
2011,M13,Annual,21878,,LAUCN510470000000005,2011-12-01,51047,Culpeper County,Culpeper,"Washington-Arlington-Alexandria, DC-VA-MD-WV",17727
2010,M13,Annual,21580,,LAUCN510470000000005,2010-12-01,51047,Culpeper County,Culpeper,"Washington-Arlington-Alexandria, DC-VA-MD-WV",17657
2023,M13,Annual,4673,,LAUCN510490000000005,2023-12-01,51049,Cumberland County,Cumberland,Non-Metro,4781
2022,M13,Annual,4562,,LAUCN510490000000005,2022-12-01,51049,Cumberland County,Cumberland,Non-Metro,4731
2021,M13,Annual,4395,,LAUCN510490000000005,2021-12-01,51049,Cumberland County,Cumberland,Non-Metro,4678
2020,M13,Annual,4278,,LAUCN510490000000005,2020-12-01,51049,Cumberland County,Cumberland,Non-Metro,4643
2019,M13,Annual,4547,,LAUCN510490000000005,2019-12-01,51049,Cumberland County,Cumberland,Non-Metro,4760
2018,M13,Annual,4514,,LAUCN510490000000005,2018-12-01,51049,Cumberland County,Cumberland,Non-Metro,4742
2017,M13,Annual,4536,,LAUCN510490000000005,2017-12-01,51049,Cumberland County,Cumberland,Non-Metro,4720
2016,M13,Annual,4400,,LAUCN510490000000005,2016-12-01,51049,Cumberland County,Cumberland,Non-Metro,4710
2015,M13,Annual,4341,,LAUCN510490000000005,2015-12-01,51049,Cumberland County,Cumberland,Non-Metro,4697
2014,M13,Annual,4279,,LAUCN510490000000005,2014-12-01,51049,Cumberland County,Cumberland,Non-Metro,4685
2013,M13,Annual,4215,,LAUCN510490000000005,2013-12-01,51049,Cumberland County,Cumberland,Non-Metro,4672
2012,M13,Annual,4204,,LAUCN510490000000005,2012-12-01,51049,Cumberland County,Cumberland,Non-Metro,4657
2011,M13,Annual,4206,,LAUCN510490000000005,2011-12-01,51049,Cumberland County,Cumberland,Non-Metro,4644
2010,M13,Annual,4139,,LAUCN510490000000005,2010-12-01,51049,Cumberland County,Cumberland,Non-Metro,4626
2023,M13,Annual,4432,,LAUCN510510000000005,2023-12-01,51051,Dickenson County,Dickenson,Non-Metro,7343
2022,M13,Annual,4324,,LAUCN510510000000005,2022-12-01,51051,Dickenson County,Dickenson,Non-Metro,7348
2021,M13,Annual,4406,,LAUCN510510000000005,2021-12-01,51051,Dickenson County,Dickenson,Non-Metro,7346
2020,M13,Annual,4324,,LAUCN510510000000005,2020-12-01,51051,Dickenson County,Dickenson,Non-Metro,7343
2019,M13,Annual,4475,,LAUCN510510000000005,2019-12-01,51051,Dickenson County,Dickenson,Non-Metro,7563
2018,M13,Annual,4306,,LAUCN510510000000005,2018-12-01,51051,Dickenson County,Dickenson,Non-Metro,7573
2017,M13,Annual,4362,,LAUCN510510000000005,2017-12-01,51051,Dickenson County,Dickenson,Non-Metro,7575
2016,M13,Annual,4128,,LAUCN510510000000005,2016-12-01,51051,Dickenson County,Dickenson,Non-Metro,7583
2015,M13,Annual,4436,,LAUCN510510000000005,2015-12-01,51051,Dickenson County,Dickenson,Non-Metro,7586
2014,M13,Annual,4688,,LAUCN510510000000005,2014-12-01,51051,Dickenson County,Dickenson,Non-Metro,7589
2013,M13,Annual,4758,,LAUCN510510000000005,2013-12-01,51051,Dickenson County,Dickenson,Non-Metro,7594
2012,M13,Annual,4660,,LAUCN510510000000005,2012-12-01,51051,Dickenson County,Dickenson,Non-Metro,7588
2011,M13,Annual,4913,,LAUCN510510000000005,2011-12-01,51051,Dickenson County,Dickenson,Non-Metro,7576
2010,M13,Annual,4931,,LAUCN510510000000005,2010-12-01,51051,Dickenson County,Dickenson,Non-Metro,7579
2023,M13,Annual,13739,,LAUCN510530000000005,2023-12-01,51053,Dinwiddie County,Dinwiddie,"Richmond, VA",12054
2022,M13,Annual,13350,,LAUCN510530000000005,2022-12-01,51053,Dinwiddie County,Dinwiddie,"Richmond, VA",11986
2021,M13,Annual,12806,,LAUCN510530000000005,2021-12-01,51053,Dinwiddie County,Dinwiddie,"Richmond, VA",11907
2020,M13,Annual,12479,,LAUCN510530000000005,2020-12-01,51053,Dinwiddie County,Dinwiddie,"Richmond, VA",11821
2019,M13,Annual,13256,,LAUCN510530000000005,2019-12-01,51053,Dinwiddie County,Dinwiddie,"Richmond, VA",11856
2018,M13,Annual,13126,,LAUCN510530000000005,2018-12-01,51053,Dinwiddie County,Dinwiddie,"Richmond, VA",11802
2017,M13,Annual,12950,,LAUCN510530000000005,2017-12-01,51053,Dinwiddie County,Dinwiddie,"Richmond, VA",11742
2016,M13,Annual,12815,,LAUCN510530000000005,2016-12-01,51053,Dinwiddie County,Dinwiddie,"Richmond, VA",11700
2015,M13,Annual,12648,,LAUCN510530000000005,2015-12-01,51053,Dinwiddie County,Dinwiddie,"Richmond, VA",11658
2014,M13,Annual,12650,,LAUCN510530000000005,2014-12-01,51053,Dinwiddie County,Dinwiddie,"Richmond, VA",11634
2013,M13,Annual,12565,,LAUCN510530000000005,2013-12-01,51053,Dinwiddie County,Dinwiddie,"Richmond, VA",11593
2012,M13,Annual,12600,,LAUCN510530000000005,2012-12-01,51053,Dinwiddie County,Dinwiddie,"Richmond, VA",11556
2011,M13,Annual,12538,,LAUCN510530000000005,2011-12-01,51053,Dinwiddie County,Dinwiddie,"Richmond, VA",11510
2010,M13,Annual,12361,,LAUCN510530000000005,2010-12-01,51053,Dinwiddie County,Dinwiddie,"Richmond, VA",11422
2023,M13,Annual,5471,,LAUCN510570000000005,2023-12-01,51057,Essex County,Essex,Non-Metro,5843
2022,M13,Annual,5300,,LAUCN510570000000005,2022-12-01,51057,Essex County,Essex,Non-Metro,5811
2021,M13,Annual,5155,,LAUCN510570000000005,2021-12-01,51057,Essex County,Essex,Non-Metro,5776
2020,M13,Annual,5054,,LAUCN510570000000005,2020-12-01,51057,Essex County,Essex,Non-Metro,5748
2019,M13,Annual,5335,,LAUCN510570000000005,2019-12-01,51057,Essex County,Essex,Non-Metro,5894
2018,M13,Annual,5316,,LAUCN510570000000005,2018-12-01,51057,Essex County,Essex,Non-Metro,5866
2017,M13,Annual,5374,,LAUCN510570000000005,2017-12-01,51057,Essex County,Essex,Non-Metro,5847
2016,M13,Annual,5267,,LAUCN510570000000005,2016-12-01,51057,Essex County,Essex,Non-Metro,5833
2015,M13,Annual,5238,,LAUCN510570000000005,2015-12-01,51057,Essex County,Essex,Non-Metro,5826
2014,M13,Annual,5344,,LAUCN510570000000005,2014-12-01,51057,Essex County,Essex,Non-Metro,5820
2013,M13,Annual,5316,,LAUCN510570000000005,2013-12-01,51057,Essex County,Essex,Non-Metro,5809
2012,M13,Annual,5320,,LAUCN510570000000005,2012-12-01,51057,Essex County,Essex,Non-Metro,5792
2011,M13,Annual,5219,,LAUCN510570000000005,2011-12-01,51057,Essex County,Essex,Non-Metro,5778
2010,M13,Annual,5194,,LAUCN510570000000005,2010-12-01,51057,Essex County,Essex,Non-Metro,5757
2023,M13,Annual,640201,,LAUCN510590000000005,2023-12-01,51059,Fairfax County,Fairfax,"Washington-Arlington-Alexandria, DC-VA-MD-WV",431036
2022,M13,Annual,623085,,LAUCN510590000000005,2022-12-01,51059,Fairfax County,Fairfax,"Washington-Arlington-Alexandria, DC-VA-MD-WV",429799
2021,M13,Annual,599428,,LAUCN510590000000005,2021-12-01,51059,Fairfax County,Fairfax,"Washington-Arlington-Alexandria, DC-VA-MD-WV",428416
2020,M13,Annual,585189,,LAUCN510590000000005,2020-12-01,51059,Fairfax County,Fairfax,"Washington-Arlington-Alexandria, DC-VA-MD-WV",427498
2019,M13,Annual,623311,,LAUCN510590000000005,2019-12-01,51059,Fairfax County,Fairfax,"Washington-Arlington-Alexandria, DC-VA-MD-WV",416058
2018,M13,Annual,613987,,LAUCN510590000000005,2018-12-01,51059,Fairfax County,Fairfax,"Washington-Arlington-Alexandria, DC-VA-MD-WV",415450
2017,M13,Annual,610106,,LAUCN510590000000005,2017-12-01,51059,Fairfax County,Fairfax,"Washington-Arlington-Alexandria, DC-VA-MD-WV",414395
2016,M13,Annual,598093,,LAUCN510590000000005,2016-12-01,51059,Fairfax County,Fairfax,"Washington-Arlington-Alexandria, DC-VA-MD-WV",412622
2015,M13,Annual,594499,,LAUCN510590000000005,2015-12-01,51059,Fairfax County,Fairfax,"Washington-Arlington-Alexandria, DC-VA-MD-WV",410781
2014,M13,Annual,596624,,LAUCN510590000000005,2014-12-01,51059,Fairfax County,Fairfax,"Washington-Arlington-Alexandria, DC-VA-MD-WV",409356
2013,M13,Annual,597713,,LAUCN510590000000005,2013-12-01,51059,Fairfax County,Fairfax,"Washington-Arlington-Alexandria, DC-VA-MD-WV",409072
2012,M13,Annual,595562,,LAUCN510590000000005,2012-12-01,51059,Fairfax County,Fairfax,"Washington-Arlington-Alexandria, DC-VA-MD-WV",408359
2011,M13,Annual,589888,,LAUCN510590000000005,2011-12-01,51059,Fairfax County,Fairfax,"Washington-Arlington-Alexandria, DC-VA-MD-WV",408247
2010,M13,Annual,579209,,LAUCN510590000000005,2010-12-01,51059,Fairfax County,Fairfax,"Washington-Arlington-Alexandria, DC-VA-MD-WV",407998
2023,M13,Annual,37710,,LAUCN510610000000005,2023-12-01,51061,Fauquier County,Fauquier,"Washington-Arlington-Alexandria, DC-VA-MD-WV",28781
2022,M13,Annual,36790,,LAUCN510610000000005,2022-12-01,51061,Fauquier County,Fauquier,"Washington-Arlington-Alexandria, DC-VA-MD-WV",28629
2021,M13,Annual,35490,,LAUCN510610000000005,2021-12-01,51061,Fauquier County,Fauquier,"Washington-Arlington-Alexandria, DC-VA-MD-WV",28432
2020,M13,Annual,34677,,LAUCN510610000000005,2020-12-01,51061,Fauquier County,Fauquier,"Washington-Arlington-Alexandria, DC-VA-MD-WV",28283
2019,M13,Annual,36865,,LAUCN510610000000005,2019-12-01,51061,Fauquier County,Fauquier,"Washington-Arlington-Alexandria, DC-VA-MD-WV",27398
2018,M13,Annual,35867,,LAUCN510610000000005,2018-12-01,51061,Fauquier County,Fauquier,"Washington-Arlington-Alexandria, DC-VA-MD-WV",27127
2017,M13,Annual,35091,,LAUCN510610000000005,2017-12-01,51061,Fauquier County,Fauquier,"Washington-Arlington-Alexandria, DC-VA-MD-WV",26809
2016,M13,Annual,34745,,LAUCN510610000000005,2016-12-01,51061,Fauquier County,Fauquier,"Washington-Arlington-Alexandria, DC-VA-MD-WV",26544
2015,M13,Annual,34477,,LAUCN510610000000005,2015-12-01,51061,Fauquier County,Fauquier,"Washington-Arlington-Alexandria, DC-VA-MD-WV",26401
2014,M13,Annual,34427,,LAUCN510610000000005,2014-12-01,51061,Fauquier County,Fauquier,"Washington-Arlington-Alexandria, DC-VA-MD-WV",26189
2013,M13,Annual,34198,,LAUCN510610000000005,2013-12-01,51061,Fauquier County,Fauquier,"Washington-Arlington-Alexandria, DC-VA-MD-WV",25974
2012,M13,Annual,34162,,LAUCN510610000000005,2012-12-01,51061,Fauquier County,Fauquier,"Washington-Arlington-Alexandria, DC-VA-MD-WV",25856
2011,M13,Annual,34092,,LAUCN510610000000005,2011-12-01,51061,Fauquier County,Fauquier,"Washington-Arlington-Alexandria, DC-VA-MD-WV",25735
2010,M13,Annual,33536,,LAUCN510610000000005,2010-12-01,51061,Fauquier County,Fauquier,"Washington-Arlington-Alexandria, DC-VA-MD-WV",25600
2023,M13,Annual,8493,,LAUCN510630000000005,2023-12-01,51063,Floyd County,Floyd,Non-Metro,7992
2022,M13,Annual,8256,,LAUCN510630000000005,2022-12-01,51063,Floyd County,Floyd,Non-Metro,7953
2021,M13,Annual,7960,,LAUCN510630000000005,2021-12-01,51063,Floyd County,Floyd,Non-Metro,7956
2020,M13,Annual,7652,,LAUCN510630000000005,2020-12-01,51063,Floyd County,Floyd,Non-Metro,7928
2019,M13,Annual,8067,,LAUCN510630000000005,2019-12-01,51063,Floyd County,Floyd,Non-Metro,8110
2018,M13,Annual,7919,,LAUCN510630000000005,2018-12-01,51063,Floyd County,Floyd,Non-Metro,8082
2017,M13,Annual,7858,,LAUCN510630000000005,2017-12-01,51063,Floyd County,Floyd,Non-Metro,8052
2016,M13,Annual,7873,,LAUCN510630000000005,2016-12-01,51063,Floyd County,Floyd,Non-Metro,8016
2015,M13,Annual,7999,,LAUCN510630000000005,2015-12-01,51063,Floyd County,Floyd,Non-Metro,7990
2014,M13,Annual,7952,,LAUCN510630000000005,2014-12-01,51063,Floyd County,Floyd,Non-Metro,7957
2013,M13,Annual,7946,,LAUCN510630000000005,2013-12-01,51063,Floyd County,Floyd,Non-Metro,7918
2012,M13,Annual,7901,,LAUCN510630000000005,2012-12-01,51063,Floyd County,Floyd,Non-Metro,7875
2011,M13,Annual,7796,,LAUCN510630000000005,2011-12-01,51063,Floyd County,Floyd,Non-Metro,7847
2010,M13,Annual,7563,,LAUCN510630000000005,2010-12-01,51063,Floyd County,Floyd,Non-Metro,7790
2023,M13,Annual,14281,,LAUCN510650000000005,2023-12-01,51065,Fluvanna County,Fluvanna,"Charlottesville, VA",11741
2022,M13,Annual,13853,,LAUCN510650000000005,2022-12-01,51065,Fluvanna County,Fluvanna,"Charlottesville, VA",11468
2021,M13,Annual,13315,,LAUCN510650000000005,2021-12-01,51065,Fluvanna County,Fluvanna,"Charlottesville, VA",11297
2020,M13,Annual,12941,,LAUCN510650000000005,2020-12-01,51065,Fluvanna County,Fluvanna,"Charlottesville, VA",11156
2019,M13,Annual,14001,,LAUCN510650000000005,2019-12-01,51065,Fluvanna County,Fluvanna,"Charlottesville, VA",11162
2018,M13,Annual,13378,,LAUCN510650000000005,2018-12-01,51065,Fluvanna County,Fluvanna,"Charlottesville, VA",11059
2017,M13,Annual,13131,,LAUCN510650000000005,2017-12-01,51065,Fluvanna County,Fluvanna,"Charlottesville, VA",10947
2016,M13,Annual,12764,,LAUCN510650000000005,2016-12-01,51065,Fluvanna County,Fluvanna,"Charlottesville, VA",10854
2015,M13,Annual,12724,,LAUCN510650000000005,2015-12-01,51065,Fluvanna County,Fluvanna,"Charlottesville, VA",10770
2014,M13,Annual,12648,,LAUCN510650000000005,2014-12-01,51065,Fluvanna County,Fluvanna,"Charlottesville, VA",10691
2013,M13,Annual,12431,,LAUCN510650000000005,2013-12-01,51065,Fluvanna County,Fluvanna,"Charlottesville, VA",10621
2012,M13,Annual,12483,,LAUCN510650000000005,2012-12-01,51065,Fluvanna County,Fluvanna,"Charlottesville, VA",10557
2011,M13,Annual,12477,,LAUCN510650000000005,2011-12-01,51065,Fluvanna County,Fluvanna,"Charlottesville, VA",10508
2010,M13,Annual,12246,,LAUCN510650000000005,2010-12-01,51065,Fluvanna County,Fluvanna,"Charlottesville, VA",10383
2023,M13,Annual,26330,,LAUCN510670000000005,2023-12-01,51067,Franklin County,Franklin,"Roanoke, VA",28545
2022,M13,Annual,25703,,LAUCN510670000000005,2022-12-01,51067,Franklin County,Franklin,"Roanoke, VA",28422
2021,M13,Annual,24913,,LAUCN510670000000005,2021-12-01,51067,Franklin County,Franklin,"Roanoke, VA",28277
2020,M13,Annual,24463,,LAUCN510670000000005,2020-12-01,51067,Franklin County,Franklin,"Roanoke, VA",28151
2019,M13,Annual,25800,,LAUCN510670000000005,2019-12-01,51067,Franklin County,Franklin,"Roanoke, VA",30069
2018,M13,Annual,25475,,LAUCN510670000000005,2018-12-01,51067,Franklin County,Franklin,"Roanoke, VA",29993
2017,M13,Annual,25535,,LAUCN510670000000005,2017-12-01,51067,Franklin County,Franklin,"Roanoke, VA",29907
2016,M13,Annual,25288,,LAUCN510670000000005,2016-12-01,51067,Franklin County,Franklin,"Roanoke, VA",29829
2015,M13,Annual,25328,,LAUCN510670000000005,2015-12-01,51067,Franklin County,Franklin,"Roanoke, VA",29725
2014,M13,Annual,25824,,LAUCN510670000000005,2014-12-01,51067,Franklin County,Franklin,"Roanoke, VA",29653
2013,M13,Annual,25648,,LAUCN510670000000005,2013-12-01,51067,Franklin County,Franklin,"Roanoke, VA",29580
2012,M13,Annual,25618,,LAUCN510670000000005,2012-12-01,51067,Franklin County,Franklin,"Roanoke, VA",29484
2011,M13,Annual,25573,,LAUCN510670000000005,2011-12-01,51067,Franklin County,Franklin,"Roanoke, VA",29404
2010,M13,Annual,25204,,LAUCN510670000000005,2010-12-01,51067,Franklin County,Franklin,"Roanoke, VA",29315
2023,M13,Annual,52005,,LAUCN510690000000005,2023-12-01,51069,Frederick County,Frederick,"Winchester, VA-WV",37880
2022,M13,Annual,50228,,LAUCN510690000000005,2022-12-01,51069,Frederick County,Frederick,"Winchester, VA-WV",37272
2021,M13,Annual,48193,,LAUCN510690000000005,2021-12-01,51069,Frederick County,Frederick,"Winchester, VA-WV",36634
2020,M13,Annual,46678,,LAUCN510690000000005,2020-12-01,51069,Frederick County,Frederick,"Winchester, VA-WV",36005
2019,M13,Annual,47656,,LAUCN510690000000005,2019-12-01,51069,Frederick County,Frederick,"Winchester, VA-WV",35450
2018,M13,Annual,46301,,LAUCN510690000000005,2018-12-01,51069,Frederick County,Frederick,"Winchester, VA-WV",34800
2017,M13,Annual,45346,,LAUCN510690000000005,2017-12-01,51069,Frederick County,Frederick,"Winchester, VA-WV",34194
2016,M13,Annual,43842,,LAUCN510690000000005,2016-12-01,51069,Frederick County,Frederick,"Winchester, VA-WV",33464
2015,M13,Annual,43043,,LAUCN510690000000005,2015-12-01,51069,Frederick County,Frederick,"Winchester, VA-WV",32855
2014,M13,Annual,42578,,LAUCN510690000000005,2014-12-01,51069,Frederick County,Frederick,"Winchester, VA-WV",32471
2013,M13,Annual,41871,,LAUCN510690000000005,2013-12-01,51069,Frederick County,Frederick,"Winchester, VA-WV",32161
2012,M13,Annual,40959,,LAUCN510690000000005,2012-12-01,51069,Frederick County,Frederick,"Winchester, VA-WV",31936
2011,M13,Annual,40343,,LAUCN510690000000005,2011-12-01,51069,Frederick County,Frederick,"Winchester, VA-WV",31598
2010,M13,Annual,38812,,LAUCN510690000000005,2010-12-01,51069,Frederick County,Frederick,"Winchester, VA-WV",31346
2023,M13,Annual,8115,,LAUCN510710000000005,2023-12-01,51071,Giles County,Giles,"Blacksburg-Christiansburg, VA",8348
2022,M13,Annual,7853,,LAUCN510710000000005,2022-12-01,51071,Giles County,Giles,"Blacksburg-Christiansburg, VA",8327
2021,M13,Annual,7528,,LAUCN510710000000005,2021-12-01,51071,Giles County,Giles,"Blacksburg-Christiansburg, VA",8313
2020,M13,Annual,7225,,LAUCN510710000000005,2020-12-01,51071,Giles County,Giles,"Blacksburg-Christiansburg, VA",8289
2019,M13,Annual,7692,,LAUCN510710000000005,2019-12-01,51071,Giles County,Giles,"Blacksburg-Christiansburg, VA",8368
2018,M13,Annual,7603,,LAUCN510710000000005,2018-12-01,51071,Giles County,Giles,"Blacksburg-Christiansburg, VA",8359
2017,M13,Annual,7574,,LAUCN510710000000005,2017-12-01,51071,Giles County,Giles,"Blacksburg-Christiansburg, VA",8356
2016,M13,Annual,7530,,LAUCN510710000000005,2016-12-01,51071,Giles County,Giles,"Blacksburg-Christiansburg, VA",8356
2015,M13,Annual,7567,,LAUCN510710000000005,2015-12-01,51071,Giles County,Giles,"Blacksburg-Christiansburg, VA",8356
2014,M13,Annual,7601,,LAUCN510710000000005,2014-12-01,51071,Giles County,Giles,"Blacksburg-Christiansburg, VA",8360
2013,M13,Annual,7656,,LAUCN510710000000005,2013-12-01,51071,Giles County,Giles,"Blacksburg-Christiansburg, VA",8338
2012,M13,Annual,7641,,LAUCN510710000000005,2012-12-01,51071,Giles County,Giles,"Blacksburg-Christiansburg, VA",8335
2011,M13,Annual,7603,,LAUCN510710000000005,2011-12-01,51071,Giles County,Giles,"Blacksburg-Christiansburg, VA",8328
2010,M13,Annual,7504,,LAUCN510710000000005,2010-12-01,51071,Giles County,Giles,"Blacksburg-Christiansburg, VA",8319
2023,M13,Annual,19518,,LAUCN510730000000005,2023-12-01,51073,Gloucester County,Gloucester,"Virginia Beach-Norfolk-Newport News, VA-NC",17474
2022,M13,Annual,19018,,LAUCN510730000000005,2022-12-01,51073,Gloucester County,Gloucester,"Virginia Beach-Norfolk-Newport News, VA-NC",17328
2021,M13,Annual,18476,,LAUCN510730000000005,2021-12-01,51073,Gloucester County,Gloucester,"Virginia Beach-Norfolk-Newport News, VA-NC",17184
2020,M13,Annual,18059,,LAUCN510730000000005,2020-12-01,51073,Gloucester County,Gloucester,"Virginia Beach-Norfolk-Newport News, VA-NC",17067
2019,M13,Annual,19230,,LAUCN510730000000005,2019-12-01,51073,Gloucester County,Gloucester,"Virginia Beach-Norfolk-Newport News, VA-NC",16857
2018,M13,Annual,19032,,LAUCN510730000000005,2018-12-01,51073,Gloucester County,Gloucester,"Virginia Beach-Norfolk-Newport News, VA-NC",16733
2017,M13,Annual,18899,,LAUCN510730000000005,2017-12-01,51073,Gloucester County,Gloucester,"Virginia Beach-Norfolk-Newport News, VA-NC",16571
2016,M13,Annual,18430,,LAUCN510730000000005,2016-12-01,51073,Gloucester County,Gloucester,"Virginia Beach-Norfolk-Newport News, VA-NC",16416
2015,M13,Annual,18399,,LAUCN510730000000005,2015-12-01,51073,Gloucester County,Gloucester,"Virginia Beach-Norfolk-Newport News, VA-NC",16318
2014,M13,Annual,18581,,LAUCN510730000000005,2014-12-01,51073,Gloucester County,Gloucester,"Virginia Beach-Norfolk-Newport News, VA-NC",16207
2013,M13,Annual,18344,,LAUCN510730000000005,2013-12-01,51073,Gloucester County,Gloucester,"Virginia Beach-Norfolk-Newport News, VA-NC",16112
2012,M13,Annual,18278,,LAUCN510730000000005,2012-12-01,51073,Gloucester County,Gloucester,"Virginia Beach-Norfolk-Newport News, VA-NC",16021
2011,M13,Annual,18298,,LAUCN510730000000005,2011-12-01,51073,Gloucester County,Gloucester,"Virginia Beach-Norfolk-Newport News, VA-NC",15952
2010,M13,Annual,18210,,LAUCN510730000000005,2010-12-01,51073,Gloucester County,Gloucester,"Virginia Beach-Norfolk-Newport News, VA-NC",15852
2023,M13,Annual,11855,,LAUCN510750000000005,2023-12-01,51075,Goochland County,Goochland,"Richmond, VA",11529
2022,M13,Annual,11518,,LAUCN510750000000005,2022-12-01,51075,Goochland County,Goochland,"Richmond, VA",11220
2021,M13,Annual,11050,,LAUCN510750000000005,2021-12-01,51075,Goochland County,Goochland,"Richmond, VA",10884
2020,M13,Annual,10762,,LAUCN510750000000005,2020-12-01,51075,Goochland County,Goochland,"Richmond, VA",10600
2019,M13,Annual,11174,,LAUCN510750000000005,2019-12-01,51075,Goochland County,Goochland,"Richmond, VA",9613
2018,M13,Annual,10836,,LAUCN510750000000005,2018-12-01,51075,Goochland County,Goochland,"Richmond, VA",9442
2017,M13,Annual,10548,,LAUCN510750000000005,2017-12-01,51075,Goochland County,Goochland,"Richmond, VA",9262
2016,M13,Annual,10443,,LAUCN510750000000005,2016-12-01,51075,Goochland County,Goochland,"Richmond, VA",9148
2015,M13,Annual,10220,,LAUCN510750000000005,2015-12-01,51075,Goochland County,Goochland,"Richmond, VA",9027
2014,M13,Annual,10080,,LAUCN510750000000005,2014-12-01,51075,Goochland County,Goochland,"Richmond, VA",8915
2013,M13,Annual,9854,,LAUCN510750000000005,2013-12-01,51075,Goochland County,Goochland,"Richmond, VA",8787
2012,M13,Annual,9705,,LAUCN510750000000005,2012-12-01,51075,Goochland County,Goochland,"Richmond, VA",8711
2011,M13,Annual,9703,,LAUCN510750000000005,2011-12-01,51075,Goochland County,Goochland,"Richmond, VA",8675
2010,M13,Annual,9728,,LAUCN510750000000005,2010-12-01,51075,Goochland County,Goochland,"Richmond, VA",8618
2023,M13,Annual,8073,,LAUCN510770000000005,2023-12-01,51077,Grayson County,Grayson,Non-Metro,8995
2022,M13,Annual,7769,,LAUCN510770000000005,2022-12-01,51077,Grayson County,Grayson,Non-Metro,8967
2021,M13,Annual,7478,,LAUCN510770000000005,2021-12-01,51077,Grayson County,Grayson,Non-Metro,8945
2020,M13,Annual,7482,,LAUCN510770000000005,2020-12-01,51077,Grayson County,Grayson,Non-Metro,8927
2019,M13,Annual,7876,,LAUCN510770000000005,2019-12-01,51077,Grayson County,Grayson,Non-Metro,9256
2018,M13,Annual,7463,,LAUCN510770000000005,2018-12-01,51077,Grayson County,Grayson,Non-Metro,9247
2017,M13,Annual,7441,,LAUCN510770000000005,2017-12-01,51077,Grayson County,Grayson,Non-Metro,9239
2016,M13,Annual,6677,,LAUCN510770000000005,2016-12-01,51077,Grayson County,Grayson,Non-Metro,9235
2015,M13,Annual,6659,,LAUCN510770000000005,2015-12-01,51077,Grayson County,Grayson,Non-Metro,9227
2014,M13,Annual,6552,,LAUCN510770000000005,2014-12-01,51077,Grayson County,Grayson,Non-Metro,9217
2013,M13,Annual,6345,,LAUCN510770000000005,2013-12-01,51077,Grayson County,Grayson,Non-Metro,9208
2012,M13,Annual,6329,,LAUCN510770000000005,2012-12-01,51077,Grayson County,Grayson,Non-Metro,9199
2011,M13,Annual,6415,,LAUCN510770000000005,2011-12-01,51077,Grayson County,Grayson,Non-Metro,9184
2010,M13,Annual,6452,,LAUCN510770000000005,2010-12-01,51077,Grayson County,Grayson,Non-Metro,9156
2023,M13,Annual,10697,,LAUCN510790000000005,2023-12-01,51079,Greene County,Greene,"Charlottesville, VA",8970
2022,M13,Annual,10388,,LAUCN510790000000005,2022-12-01,51079,Greene County,Greene,"Charlottesville, VA",8866
2021,M13,Annual,9999,,LAUCN510790000000005,2021-12-01,51079,Greene County,Greene,"Charlottesville, VA",8766
2020,M13,Annual,9718,,LAUCN510790000000005,2020-12-01,51079,Greene County,Greene,"Charlottesville, VA",8503
2019,M13,Annual,10392,,LAUCN510790000000005,2019-12-01,51079,Greene County,Greene,"Charlottesville, VA",8488
2018,M13,Annual,10086,,LAUCN510790000000005,2018-12-01,51079,Greene County,Greene,"Charlottesville, VA",8352
2017,M13,Annual,9932,,LAUCN510790000000005,2017-12-01,51079,Greene County,Greene,"Charlottesville, VA",8293
2016,M13,Annual,9626,,LAUCN510790000000005,2016-12-01,51079,Greene County,Greene,"Charlottesville, VA",8164
2015,M13,Annual,9525,,LAUCN510790000000005,2015-12-01,51079,Greene County,Greene,"Charlottesville, VA",8117
2014,M13,Annual,9460,,LAUCN510790000000005,2014-12-01,51079,Greene County,Greene,"Charlottesville, VA",8012
2013,M13,Annual,9234,,LAUCN510790000000005,2013-12-01,51079,Greene County,Greene,"Charlottesville, VA",7893
2012,M13,Annual,9254,,LAUCN510790000000005,2012-12-01,51079,Greene County,Greene,"Charlottesville, VA",7826
2011,M13,Annual,9189,,LAUCN510790000000005,2011-12-01,51079,Greene County,Greene,"Charlottesville, VA",7751
2010,M13,Annual,9002,,LAUCN510790000000005,2010-12-01,51079,Greene County,Greene,"Charlottesville, VA",7509
2023,M13,Annual,4136,,LAUCN510810000000005,2023-12-01,51081,Greensville County,Greensville,Non-Metro,4026
2022,M13,Annual,4152,,LAUCN510810000000005,2022-12-01,51081,Greensville County,Greensville,Non-Metro,4017
2021,M13,Annual,4080,,LAUCN510810000000005,2021-12-01,51081,Greensville County,Greensville,Non-Metro,4007
2020,M13,Annual,3932,,LAUCN510810000000005,2020-12-01,51081,Greensville County,Greensville,Non-Metro,4002
2019,M13,Annual,4158,,LAUCN510810000000005,2019-12-01,51081,Greensville County,Greensville,Non-Metro,4205
2018,M13,Annual,4228,,LAUCN510810000000005,2018-12-01,51081,Greensville County,Greensville,Non-Metro,4199
2017,M13,Annual,4275,,LAUCN510810000000005,2017-12-01,51081,Greensville County,Greensville,Non-Metro,4189
2016,M13,Annual,4002,,LAUCN510810000000005,2016-12-01,51081,Greensville County,Greensville,Non-Metro,4181
2015,M13,Annual,3966,,LAUCN510810000000005,2015-12-01,51081,Greensville County,Greensville,Non-Metro,4165
2014,M13,Annual,3987,,LAUCN510810000000005,2014-12-01,51081,Greensville County,Greensville,Non-Metro,4157
2013,M13,Annual,4025,,LAUCN510810000000005,2013-12-01,51081,Greensville County,Greensville,Non-Metro,4148
2012,M13,Annual,4082,,LAUCN510810000000005,2012-12-01,51081,Greensville County,Greensville,Non-Metro,4135
2011,M13,Annual,4173,,LAUCN510810000000005,2011-12-01,51081,Greensville County,Greensville,Non-Metro,4113
2010,M13,Annual,4122,,LAUCN510810000000005,2010-12-01,51081,Greensville County,Greensville,Non-Metro,4090
2023,M13,Annual,15106,,LAUCN510830000000005,2023-12-01,51083,Halifax County,Halifax,Non-Metro,17526
2022,M13,Annual,14812,,LAUCN510830000000005,2022-12-01,51083,Halifax County,Halifax,Non-Metro,17435
2021,M13,Annual,14256,,LAUCN510830000000005,2021-12-01,51083,Halifax County,Halifax,Non-Metro,17357
2020,M13,Annual,13960,,LAUCN510830000000005,2020-12-01,51083,Halifax County,Halifax,Non-Metro,17288
2019,M13,Annual,15023,,LAUCN510830000000005,2019-12-01,51083,Halifax County,Halifax,Non-Metro,18207
2018,M13,Annual,14589,,LAUCN510830000000005,2018-12-01,51083,Halifax County,Halifax,Non-Metro,18205
2017,M13,Annual,14933,,LAUCN510830000000005,2017-12-01,51083,Halifax County,Halifax,Non-Metro,18199
2016,M13,Annual,14026,,LAUCN510830000000005,2016-12-01,51083,Halifax County,Halifax,Non-Metro,18230
2015,M13,Annual,14299,,LAUCN510830000000005,2015-12-01,51083,Halifax County,Halifax,Non-Metro,18203
2014,M13,Annual,14404,,LAUCN510830000000005,2014-12-01,51083,Halifax County,Halifax,Non-Metro,18175
2013,M13,Annual,14434,,LAUCN510830000000005,2013-12-01,51083,Halifax County,Halifax,Non-Metro,18143
2012,M13,Annual,14525,,LAUCN510830000000005,2012-12-01,51083,Halifax County,Halifax,Non-Metro,18127
2011,M13,Annual,14544,,LAUCN510830000000005,2011-12-01,51083,Halifax County,Halifax,Non-Metro,18037
2010,M13,Annual,14644,,LAUCN510830000000005,2010-12-01,51083,Halifax County,Halifax,Non-Metro,18004
2023,M13,Annual,60464,,LAUCN510850000000005,2023-12-01,51085,Hanover County,Hanover,"Richmond, VA",45241
2022,M13,Annual,58623,,LAUCN510850000000005,2022-12-01,51085,Hanover County,Hanover,"Richmond, VA",44745
2021,M13,Annual,56038,,LAUCN510850000000005,2021-12-01,51085,Hanover County,Hanover,"Richmond, VA",44027
2020,M13,Annual,54660,,LAUCN510850000000005,2020-12-01,51085,Hanover County,Hanover,"Richmond, VA",43407
2019,M13,Annual,58233,,LAUCN510850000000005,2019-12-01,51085,Hanover County,Hanover,"Richmond, VA",42264
2018,M13,Annual,57471,,LAUCN510850000000005,2018-12-01,51085,Hanover County,Hanover,"Richmond, VA",41859
2017,M13,Annual,56750,,LAUCN510850000000005,2017-12-01,51085,Hanover County,Hanover,"Richmond, VA",41340
2016,M13,Annual,55280,,LAUCN510850000000005,2016-12-01,51085,Hanover County,Hanover,"Richmond, VA",40834
2015,M13,Annual,54307,,LAUCN510850000000005,2015-12-01,51085,Hanover County,Hanover,"Richmond, VA",40278
2014,M13,Annual,53492,,LAUCN510850000000005,2014-12-01,51085,Hanover County,Hanover,"Richmond, VA",39830
2013,M13,Annual,52693,,LAUCN510850000000005,2013-12-01,51085,Hanover County,Hanover,"Richmond, VA",39302
2012,M13,Annual,52100,,LAUCN510850000000005,2012-12-01,51085,Hanover County,Hanover,"Richmond, VA",38881
2011,M13,Annual,51605,,LAUCN510850000000005,2011-12-01,51085,Hanover County,Hanover,"Richmond, VA",38626
2010,M13,Annual,50830,,LAUCN510850000000005,2010-12-01,51085,Hanover County,Hanover,"Richmond, VA",38360
2023,M13,Annual,186040,,LAUCN510870000000005,2023-12-01,51087,Henrico County,Henrico,"Richmond, VA",146792
2022,M13,Annual,180233,,LAUCN510870000000005,2022-12-01,51087,Henrico County,Henrico,"Richmond, VA",144688
2021,M13,Annual,172095,,LAUCN510870000000005,2021-12-01,51087,Henrico County,Henrico,"Richmond, VA",142774
2020,M13,Annual,167858,,LAUCN510870000000005,2020-12-01,51087,Henrico County,Henrico,"Richmond, VA",141131
2019,M13,Annual,178231,,LAUCN510870000000005,2019-12-01,51087,Henrico County,Henrico,"Richmond, VA",139274
2018,M13,Annual,176032,,LAUCN510870000000005,2018-12-01,51087,Henrico County,Henrico,"Richmond, VA",138142
2017,M13,Annual,175322,,LAUCN510870000000005,2017-12-01,51087,Henrico County,Henrico,"Richmond, VA",136845
2016,M13,Annual,172221,,LAUCN510870000000005,2016-12-01,51087,Henrico County,Henrico,"Richmond, VA",136193
2015,M13,Annual,170112,,LAUCN510870000000005,2015-12-01,51087,Henrico County,Henrico,"Richmond, VA",135057
2014,M13,Annual,168004,,LAUCN510870000000005,2014-12-01,51087,Henrico County,Henrico,"Richmond, VA",134642
2013,M13,Annual,164651,,LAUCN510870000000005,2013-12-01,51087,Henrico County,Henrico,"Richmond, VA",133965
2012,M13,Annual,162124,,LAUCN510870000000005,2012-12-01,51087,Henrico County,Henrico,"Richmond, VA",133553
2011,M13,Annual,158821,,LAUCN510870000000005,2011-12-01,51087,Henrico County,Henrico,"Richmond, VA",133151
2010,M13,Annual,155376,,LAUCN510870000000005,2010-12-01,51087,Henrico County,Henrico,"Richmond, VA",132778
2023,M13,Annual,23403,,LAUCN510890000000005,2023-12-01,51089,Henry County,Henry,"Martinsville, VA",25403
2022,M13,Annual,23072,,LAUCN510890000000005,2022-12-01,51089,Henry County,Henry,"Martinsville, VA",25412
2021,M13,Annual,22441,,LAUCN510890000000005,2021-12-01,51089,Henry County,Henry,"Martinsville, VA",25409
2020,M13,Annual,21719,,LAUCN510890000000005,2020-12-01,51089,Henry County,Henry,"Martinsville, VA",25414
2019,M13,Annual,23082,,LAUCN510890000000005,2019-12-01,51089,Henry County,Henry,"Martinsville, VA",26170
2018,M13,Annual,22882,,LAUCN510890000000005,2018-12-01,51089,Henry County,Henry,"Martinsville, VA",26202
2017,M13,Annual,22876,,LAUCN510890000000005,2017-12-01,51089,Henry County,Henry,"Martinsville, VA",26219
2016,M13,Annual,20946,,LAUCN510890000000005,2016-12-01,51089,Henry County,Henry,"Martinsville, VA",26237
2015,M13,Annual,21019,,LAUCN510890000000005,2015-12-01,51089,Henry County,Henry,"Martinsville, VA",26255
2014,M13,Annual,21257,,LAUCN510890000000005,2014-12-01,51089,Henry County,Henry,"Martinsville, VA",26275
2013,M13,Annual,21311,,LAUCN510890000000005,2013-12-01,51089,Henry County,Henry,"Martinsville, VA",26301
2012,M13,Annual,20347,,LAUCN510890000000005,2012-12-01,51089,Henry County,Henry,"Martinsville, VA",26299
2011,M13,Annual,19921,,LAUCN510890000000005,2011-12-01,51089,Henry County,Henry,"Martinsville, VA",26289
2010,M13,Annual,20457,,LAUCN510890000000005,2010-12-01,51089,Henry County,Henry,"Martinsville, VA",26268
2023,M13,Annual,1471,,LAUCN510910000000005,2023-12-01,51091,Highland County,Highland,Non-Metro,1809
2022,M13,Annual,1328,,LAUCN510910000000005,2022-12-01,51091,Highland County,Highland,Non-Metro,1804
2021,M13,Annual,1201,,LAUCN510910000000005,2021-12-01,51091,Highland County,Highland,Non-Metro,1797
2020,M13,Annual,1174,,LAUCN510910000000005,2020-12-01,51091,Highland County,Highland,Non-Metro,1790
2019,M13,Annual,1223,,LAUCN510910000000005,2019-12-01,51091,Highland County,Highland,Non-Metro,1890
2018,M13,Annual,1225,,LAUCN510910000000005,2018-12-01,51091,Highland County,Highland,Non-Metro,1882
2017,M13,Annual,1263,,LAUCN510910000000005,2017-12-01,51091,Highland County,Highland,Non-Metro,1874
2016,M13,Annual,1268,,LAUCN510910000000005,2016-12-01,51091,Highland County,Highland,Non-Metro,1868
2015,M13,Annual,1298,,LAUCN510910000000005,2015-12-01,51091,Highland County,Highland,Non-Metro,1863
2014,M13,Annual,1371,,LAUCN510910000000005,2014-12-01,51091,Highland County,Highland,Non-Metro,1857
2013,M13,Annual,1360,,LAUCN510910000000005,2013-12-01,51091,Highland County,Highland,Non-Metro,1856
2012,M13,Annual,1390,,LAUCN510910000000005,2012-12-01,51091,Highland County,Highland,Non-Metro,1849
2011,M13,Annual,1376,,LAUCN510910000000005,2011-12-01,51091,Highland County,Highland,Non-Metro,1842
2010,M13,Annual,1355,,LAUCN510910000000005,2010-12-01,51091,Highland County,Highland,Non-Metro,1837
2023,M13,Annual,19675,,LAUCN510930000000005,2023-12-01,51093,Isle Of Wight County,Isle of Wight,"Virginia Beach-Norfolk-Newport News, VA-NC",17566
2022,M13,Annual,19179,,LAUCN510930000000005,2022-12-01,51093,Isle Of Wight County,Isle of Wight,"Virginia Beach-Norfolk-Newport News, VA-NC",17080
2021,M13,Annual,18641,,LAUCN510930000000005,2021-12-01,51093,Isle Of Wight County,Isle of Wight,"Virginia Beach-Norfolk-Newport News, VA-NC",16755
2020,M13,Annual,18218,,LAUCN510930000000005,2020-12-01,51093,Isle Of Wight County,Isle of Wight,"Virginia Beach-Norfolk-Newport News, VA-NC",16486
2019,M13,Annual,19129,,LAUCN510930000000005,2019-12-01,51093,Isle of Wight County,Isle of Wight,"Virginia Beach-Norfolk-Newport News, VA-NC",16025
2018,M13,Annual,18849,,LAUCN510930000000005,2018-12-01,51093,Isle of Wight County,Isle of Wight,"Virginia Beach-Norfolk-Newport News, VA-NC",15875
2017,M13,Annual,18536,,LAUCN510930000000005,2017-12-01,51093,Isle of Wight County,Isle of Wight,"Virginia Beach-Norfolk-Newport News, VA-NC",15700
2016,M13,Annual,18151,,LAUCN510930000000005,2016-12-01,51093,Isle of Wight County,Isle of Wight,"Virginia Beach-Norfolk-Newport News, VA-NC",15553
2015,M13,Annual,18026,,LAUCN510930000000005,2015-12-01,51093,Isle of Wight County,Isle of Wight,"Virginia Beach-Norfolk-Newport News, VA-NC",15252
2014,M13,Annual,18058,,LAUCN510930000000005,2014-12-01,51093,Isle of Wight County,Isle of Wight,"Virginia Beach-Norfolk-Newport News, VA-NC",15144
2013,M13,Annual,17803,,LAUCN510930000000005,2013-12-01,51093,Isle of Wight County,Isle of Wight,"Virginia Beach-Norfolk-Newport News, VA-NC",15043
2012,M13,Annual,17575,,LAUCN510930000000005,2012-12-01,51093,Isle of Wight County,Isle of Wight,"Virginia Beach-Norfolk-Newport News, VA-NC",14971
2011,M13,Annual,17546,,LAUCN510930000000005,2011-12-01,51093,Isle of Wight County,Isle of Wight,"Virginia Beach-Norfolk-Newport News, VA-NC",14896
2010,M13,Annual,17449,,LAUCN510930000000005,2010-12-01,51093,Isle of Wight County,Isle of Wight,"Virginia Beach-Norfolk-Newport News, VA-NC",14633
2023,M13,Annual,36964,,LAUCN510950000000005,2023-12-01,51095,James City County,James City,"Virginia Beach-Norfolk-Newport News, VA-NC",34967
2022,M13,Annual,35991,,LAUCN510950000000005,2022-12-01,51095,James City County,James City,"Virginia Beach-Norfolk-Newport News, VA-NC",34718
2021,M13,Annual,34940,,LAUCN510950000000005,2021-12-01,51095,James City County,James City,"Virginia Beach-Norfolk-Newport News, VA-NC",34402
2020,M13,Annual,34137,,LAUCN510950000000005,2020-12-01,51095,James City County,James City,"Virginia Beach-Norfolk-Newport News, VA-NC",34062
2019,M13,Annual,35981,,LAUCN510950000000005,2019-12-01,51095,James City County,James City,"Virginia Beach-Norfolk-Newport News, VA-NC",34135
2018,M13,Annual,35579,,LAUCN510950000000005,2018-12-01,51095,James City County,James City,"Virginia Beach-Norfolk-Newport News, VA-NC",33731
2017,M13,Annual,34977,,LAUCN510950000000005,2017-12-01,51095,James City County,James City,"Virginia Beach-Norfolk-Newport News, VA-NC",33267
2016,M13,Annual,33580,,LAUCN510950000000005,2016-12-01,51095,James City County,James City,"Virginia Beach-Norfolk-Newport News, VA-NC",32855
2015,M13,Annual,32960,,LAUCN510950000000005,2015-12-01,51095,James City County,James City,"Virginia Beach-Norfolk-Newport News, VA-NC",32442
2014,M13,Annual,33060,,LAUCN510950000000005,2014-12-01,51095,James City County,James City,"Virginia Beach-Norfolk-Newport News, VA-NC",31781
2013,M13,Annual,31951,,LAUCN510950000000005,2013-12-01,51095,James City County,James City,"Virginia Beach-Norfolk-Newport News, VA-NC",31349
2012,M13,Annual,31095,,LAUCN510950000000005,2012-12-01,51095,James City County,James City,"Virginia Beach-Norfolk-Newport News, VA-NC",30918
2011,M13,Annual,30577,,LAUCN510950000000005,2011-12-01,51095,James City County,James City,"Virginia Beach-Norfolk-Newport News, VA-NC",30591
2010,M13,Annual,30190,,LAUCN510950000000005,2010-12-01,51095,James City County,James City,"Virginia Beach-Norfolk-Newport News, VA-NC",29797
2023,M13,Annual,3872,,LAUCN510970000000005,2023-12-01,51097,King And Queen County,King and Queen,"Richmond, VA",3531
2022,M13,Annual,3796,,LAUCN510970000000005,2022-12-01,51097,King And Queen County,King and Queen,"Richmond, VA",3500
2021,M13,Annual,3713,,LAUCN510970000000005,2021-12-01,51097,King And Queen County,King and Queen,"Richmond, VA",3481
2020,M13,Annual,3642,,LAUCN510970000000005,2020-12-01,51097,King And Queen County,King and Queen,"Richmond, VA",3459
2019,M13,Annual,3778,,LAUCN510970000000005,2019-12-01,51097,King and Queen County,King and Queen,"Richmond, VA",3513
2018,M13,Annual,3748,,LAUCN510970000000005,2018-12-01,51097,King and Queen County,King and Queen,"Richmond, VA",3505
2017,M13,Annual,3703,,LAUCN510970000000005,2017-12-01,51097,King and Queen County,King and Queen,"Richmond, VA",3493
2016,M13,Annual,3515,,LAUCN510970000000005,2016-12-01,51097,King and Queen County,King and Queen,"Richmond, VA",3475
2015,M13,Annual,3472,,LAUCN510970000000005,2015-12-01,51097,King and Queen County,King and Queen,"Richmond, VA",3468
2014,M13,Annual,3449,,LAUCN510970000000005,2014-12-01,51097,King and Queen County,King and Queen,"Richmond, VA",3462
2013,M13,Annual,3422,,LAUCN510970000000005,2013-12-01,51097,King and Queen County,King and Queen,"Richmond, VA",3457
2012,M13,Annual,3430,,LAUCN510970000000005,2012-12-01,51097,King and Queen County,King and Queen,"Richmond, VA",3447
2011,M13,Annual,3389,,LAUCN510970000000005,2011-12-01,51097,King and Queen County,King and Queen,"Richmond, VA",3433
2010,M13,Annual,3301,,LAUCN510970000000005,2010-12-01,51097,King and Queen County,King and Queen,"Richmond, VA",3414
2023,M13,Annual,14521,,LAUCN510990000000005,2023-12-01,51099,King George County,King George,Non-Metro,10864
2022,M13,Annual,14093,,LAUCN510990000000005,2022-12-01,51099,King George County,King George,Non-Metro,10720
2021,M13,Annual,13570,,LAUCN510990000000005,2021-12-01,51099,King George County,King George,Non-Metro,10505
2020,M13,Annual,13119,,LAUCN510990000000005,2020-12-01,51099,King George County,King George,Non-Metro,10356
2019,M13,Annual,13167,,LAUCN510990000000005,2019-12-01,51099,King George County,King George,Non-Metro,10257
2018,M13,Annual,12855,,LAUCN510990000000005,2018-12-01,51099,King George County,King George,Non-Metro,10145
2017,M13,Annual,12575,,LAUCN510990000000005,2017-12-01,51099,King George County,King George,Non-Metro,10070
2016,M13,Annual,11817,,LAUCN510990000000005,2016-12-01,51099,King George County,King George,Non-Metro,9985
2015,M13,Annual,11533,,LAUCN510990000000005,2015-12-01,51099,King George County,King George,Non-Metro,9893
2014,M13,Annual,11482,,LAUCN510990000000005,2014-12-01,51099,King George County,King George,Non-Metro,9806
2013,M13,Annual,11301,,LAUCN510990000000005,2013-12-01,51099,King George County,King George,Non-Metro,9720
2012,M13,Annual,10971,,LAUCN510990000000005,2012-12-01,51099,King George County,King George,Non-Metro,9627
2011,M13,Annual,10890,,LAUCN510990000000005,2011-12-01,51099,King George County,King George,Non-Metro,9572
2010,M13,Annual,10568,,LAUCN510990000000005,2010-12-01,51099,King George County,King George,Non-Metro,9477
2023,M13,Annual,9593,,LAUCN511010000000005,2023-12-01,51101,King William County,King William,"Richmond, VA",7885
2022,M13,Annual,9321,,LAUCN511010000000005,2022-12-01,51101,King William County,King William,"Richmond, VA",7765
2021,M13,Annual,8941,,LAUCN511010000000005,2021-12-01,51101,King William County,King William,"Richmond, VA",7582
2020,M13,Annual,8709,,LAUCN511010000000005,2020-12-01,51101,King William County,King William,"Richmond, VA",7428
2019,M13,Annual,9040,,LAUCN511010000000005,2019-12-01,51101,King William County,King William,"Richmond, VA",7268
2018,M13,Annual,8849,,LAUCN511010000000005,2018-12-01,51101,King William County,King William,"Richmond, VA",7154
2017,M13,Annual,8707,,LAUCN511010000000005,2017-12-01,51101,King William County,King William,"Richmond, VA",6941
2016,M13,Annual,8435,,LAUCN511010000000005,2016-12-01,51101,King William County,King William,"Richmond, VA",6827
2015,M13,Annual,8375,,LAUCN511010000000005,2015-12-01,51101,King William County,King William,"Richmond, VA",6741
2014,M13,Annual,8338,,LAUCN511010000000005,2014-12-01,51101,King William County,King William,"Richmond, VA",6679
2013,M13,Annual,8222,,LAUCN511010000000005,2013-12-01,51101,King William County,King William,"Richmond, VA",6623
2012,M13,Annual,8135,,LAUCN511010000000005,2012-12-01,51101,King William County,King William,"Richmond, VA",6602
2011,M13,Annual,8093,,LAUCN511010000000005,2011-12-01,51101,King William County,King William,"Richmond, VA",6568
2010,M13,Annual,8007,,LAUCN511010000000005,2010-12-01,51101,King William County,King William,"Richmond, VA",6522
2023,M13,Annual,5531,,LAUCN511030000000005,2023-12-01,51103,Lancaster County,Lancaster,Non-Metro,7547
2022,M13,Annual,5199,,LAUCN511030000000005,2022-12-01,51103,Lancaster County,Lancaster,Non-Metro,7496
2021,M13,Annual,4974,,LAUCN511030000000005,2021-12-01,51103,Lancaster County,Lancaster,Non-Metro,7464
2020,M13,Annual,4917,,LAUCN511030000000005,2020-12-01,51103,Lancaster County,Lancaster,Non-Metro,7451
2019,M13,Annual,5194,,LAUCN511030000000005,2019-12-01,51103,Lancaster County,Lancaster,Non-Metro,7684
2018,M13,Annual,5081,,LAUCN511030000000005,2018-12-01,51103,Lancaster County,Lancaster,Non-Metro,7653
2017,M13,Annual,5105,,LAUCN511030000000005,2017-12-01,51103,Lancaster County,Lancaster,Non-Metro,7625
2016,M13,Annual,4832,,LAUCN511030000000005,2016-12-01,51103,Lancaster County,Lancaster,Non-Metro,7601
2015,M13,Annual,4813,,LAUCN511030000000005,2015-12-01,51103,Lancaster County,Lancaster,Non-Metro,7600
2014,M13,Annual,4961,,LAUCN511030000000005,2014-12-01,51103,Lancaster County,Lancaster,Non-Metro,7585
2013,M13,Annual,5003,,LAUCN511030000000005,2013-12-01,51103,Lancaster County,Lancaster,Non-Metro,7554
2012,M13,Annual,5081,,LAUCN511030000000005,2012-12-01,51103,Lancaster County,Lancaster,Non-Metro,7531
2011,M13,Annual,5065,,LAUCN511030000000005,2011-12-01,51103,Lancaster County,Lancaster,Non-Metro,7483
2010,M13,Annual,5021,,LAUCN511030000000005,2010-12-01,51103,Lancaster County,Lancaster,Non-Metro,7402
2023,M13,Annual,8025,,LAUCN511050000000005,2023-12-01,51105,Lee County,Lee,Non-Metro,10849
2022,M13,Annual,7893,,LAUCN511050000000005,2022-12-01,51105,Lee County,Lee,Non-Metro,10847
2021,M13,Annual,7729,,LAUCN511050000000005,2021-12-01,51105,Lee County,Lee,Non-Metro,10844
2020,M13,Annual,7686,,LAUCN511050000000005,2020-12-01,51105,Lee County,Lee,Non-Metro,10834
2019,M13,Annual,8007,,LAUCN511050000000005,2019-12-01,51105,Lee County,Lee,Non-Metro,11781
2018,M13,Annual,7997,,LAUCN511050000000005,2018-12-01,51105,Lee County,Lee,Non-Metro,11789
2017,M13,Annual,8186,,LAUCN511050000000005,2017-12-01,51105,Lee County,Lee,Non-Metro,11785
2016,M13,Annual,7886,,LAUCN511050000000005,2016-12-01,51105,Lee County,Lee,Non-Metro,11783
2015,M13,Annual,7989,,LAUCN511050000000005,2015-12-01,51105,Lee County,Lee,Non-Metro,11790
2014,M13,Annual,8153,,LAUCN511050000000005,2014-12-01,51105,Lee County,Lee,Non-Metro,11795
2013,M13,Annual,8502,,LAUCN511050000000005,2013-12-01,51105,Lee County,Lee,Non-Metro,11789
2012,M13,Annual,8983,,LAUCN511050000000005,2012-12-01,51105,Lee County,Lee,Non-Metro,11783
2011,M13,Annual,9439,,LAUCN511050000000005,2011-12-01,51105,Lee County,Lee,Non-Metro,11778
2010,M13,Annual,9320,,LAUCN511050000000005,2010-12-01,51105,Lee County,Lee,Non-Metro,11745
2023,M13,Annual,233028,,LAUCN511070000000005,2023-12-01,51107,Loudoun County,Loudoun,"Washington-Arlington-Alexandria, DC-VA-MD-WV",149234
2022,M13,Annual,226714,,LAUCN511070000000005,2022-12-01,51107,Loudoun County,Loudoun,"Washington-Arlington-Alexandria, DC-VA-MD-WV",147052
2021,M13,Annual,217894,,LAUCN511070000000005,2021-12-01,51107,Loudoun County,Loudoun,"Washington-Arlington-Alexandria, DC-VA-MD-WV",145100
2020,M13,Annual,212910,,LAUCN511070000000005,2020-12-01,51107,Loudoun County,Loudoun,"Washington-Arlington-Alexandria, DC-VA-MD-WV",142769
2019,M13,Annual,222548,,LAUCN511070000000005,2019-12-01,51107,Loudoun County,Loudoun,"Washington-Arlington-Alexandria, DC-VA-MD-WV",139974
2018,M13,Annual,215012,,LAUCN511070000000005,2018-12-01,51107,Loudoun County,Loudoun,"Washington-Arlington-Alexandria, DC-VA-MD-WV",136473
2017,M13,Annual,209681,,LAUCN511070000000005,2017-12-01,51107,Loudoun County,Loudoun,"Washington-Arlington-Alexandria, DC-VA-MD-WV",132900
2016,M13,Annual,201078,,LAUCN511070000000005,2016-12-01,51107,Loudoun County,Loudoun,"Washington-Arlington-Alexandria, DC-VA-MD-WV",129791
2015,M13,Annual,193830,,LAUCN511070000000005,2015-12-01,51107,Loudoun County,Loudoun,"Washington-Arlington-Alexandria, DC-VA-MD-WV",126388
2014,M13,Annual,188499,,LAUCN511070000000005,2014-12-01,51107,Loudoun County,Loudoun,"Washington-Arlington-Alexandria, DC-VA-MD-WV",123099
2013,M13,Annual,182994,,LAUCN511070000000005,2013-12-01,51107,Loudoun County,Loudoun,"Washington-Arlington-Alexandria, DC-VA-MD-WV",118417
2012,M13,Annual,177761,,LAUCN511070000000005,2012-12-01,51107,Loudoun County,Loudoun,"Washington-Arlington-Alexandria, DC-VA-MD-WV",114770
2011,M13,Annual,172808,,LAUCN511070000000005,2011-12-01,51107,Loudoun County,Loudoun,"Washington-Arlington-Alexandria, DC-VA-MD-WV",111852
2010,M13,Annual,166403,,LAUCN511070000000005,2010-12-01,51107,Loudoun County,Loudoun,"Washington-Arlington-Alexandria, DC-VA-MD-WV",109442
2023,M13,Annual,20527,,LAUCN511090000000005,2023-12-01,51109,Louisa County,Louisa,Non-Metro,18843
2022,M13,Annual,20218,,LAUCN511090000000005,2022-12-01,51109,Louisa County,Louisa,Non-Metro,18451
2021,M13,Annual,19391,,LAUCN511090000000005,2021-12-01,51109,Louisa County,Louisa,Non-Metro,17964
2020,M13,Annual,18767,,LAUCN511090000000005,2020-12-01,51109,Louisa County,Louisa,Non-Metro,17555
2019,M13,Annual,19648,,LAUCN511090000000005,2019-12-01,51109,Louisa County,Louisa,Non-Metro,17916
2018,M13,Annual,19285,,LAUCN511090000000005,2018-12-01,51109,Louisa County,Louisa,Non-Metro,17658
2017,M13,Annual,19098,,LAUCN511090000000005,2017-12-01,51109,Louisa County,Louisa,Non-Metro,17402
2016,M13,Annual,17895,,LAUCN511090000000005,2016-12-01,51109,Louisa County,Louisa,Non-Metro,17177
2015,M13,Annual,18078,,LAUCN511090000000005,2015-12-01,51109,Louisa County,Louisa,Non-Metro,17002
2014,M13,Annual,17591,,LAUCN511090000000005,2014-12-01,51109,Louisa County,Louisa,Non-Metro,16856
2013,M13,Annual,17057,,LAUCN511090000000005,2013-12-01,51109,Louisa County,Louisa,Non-Metro,16723
2012,M13,Annual,16842,,LAUCN511090000000005,2012-12-01,51109,Louisa County,Louisa,Non-Metro,16591
2011,M13,Annual,16695,,LAUCN511090000000005,2011-12-01,51109,Louisa County,Louisa,Non-Metro,16505
2010,M13,Annual,16505,,LAUCN511090000000005,2010-12-01,51109,Louisa County,Louisa,Non-Metro,16319
2023,M13,Annual,5177,,LAUCN511110000000005,2023-12-01,51111,Lunenburg County,Lunenburg,Non-Metro,5935
2022,M13,Annual,4994,,LAUCN511110000000005,2022-12-01,51111,Lunenburg County,Lunenburg,Non-Metro,5918
2021,M13,Annual,4898,,LAUCN511110000000005,2021-12-01,51111,Lunenburg County,Lunenburg,Non-Metro,5883
2020,M13,Annual,4925,,LAUCN511110000000005,2020-12-01,51111,Lunenburg County,Lunenburg,Non-Metro,5869
2019,M13,Annual,5176,,LAUCN511110000000005,2019-12-01,51111,Lunenburg County,Lunenburg,Non-Metro,5998
2018,M13,Annual,5169,,LAUCN511110000000005,2018-12-01,51111,Lunenburg County,Lunenburg,Non-Metro,6002
2017,M13,Annual,5182,,LAUCN511110000000005,2017-12-01,51111,Lunenburg County,Lunenburg,Non-Metro,5999
2016,M13,Annual,5021,,LAUCN511110000000005,2016-12-01,51111,Lunenburg County,Lunenburg,Non-Metro,5985
2015,M13,Annual,5038,,LAUCN511110000000005,2015-12-01,51111,Lunenburg County,Lunenburg,Non-Metro,5975
2014,M13,Annual,5048,,LAUCN511110000000005,2014-12-01,51111,Lunenburg County,Lunenburg,Non-Metro,5973
2013,M13,Annual,4958,,LAUCN511110000000005,2013-12-01,51111,Lunenburg County,Lunenburg,Non-Metro,5963
2012,M13,Annual,4977,,LAUCN511110000000005,2012-12-01,51111,Lunenburg County,Lunenburg,Non-Metro,5954
2011,M13,Annual,5032,,LAUCN511110000000005,2011-12-01,51111,Lunenburg County,Lunenburg,Non-Metro,5942
2010,M13,Annual,5018,,LAUCN511110000000005,2010-12-01,51111,Lunenburg County,Lunenburg,Non-Metro,5935
2023,M13,Annual,7522,,LAUCN511130000000005,2023-12-01,51113,Madison County,Madison,"Washington-Arlington-Alexandria, DC-VA-MD-WV",6199
2022,M13,Annual,7386,,LAUCN511130000000005,2022-12-01,51113,Madison County,Madison,"Washington-Arlington-Alexandria, DC-VA-MD-WV",6153
2021,M13,Annual,7190,,LAUCN511130000000005,2021-12-01,51113,Madison County,Madison,"Washington-Arlington-Alexandria, DC-VA-MD-WV",6092
2020,M13,Annual,6982,,LAUCN511130000000005,2020-12-01,51113,Madison County,Madison,"Washington-Arlington-Alexandria, DC-VA-MD-WV",6064
2019,M13,Annual,7307,,LAUCN511130000000005,2019-12-01,51113,Madison County,Madison,"Washington-Arlington-Alexandria, DC-VA-MD-WV",6140
2018,M13,Annual,7123,,LAUCN511130000000005,2018-12-01,51113,Madison County,Madison,"Washington-Arlington-Alexandria, DC-VA-MD-WV",6097
2017,M13,Annual,7120,,LAUCN511130000000005,2017-12-01,51113,Madison County,Madison,"Washington-Arlington-Alexandria, DC-VA-MD-WV",6064
2016,M13,Annual,6962,,LAUCN511130000000005,2016-12-01,51113,Madison County,Madison,"Washington-Arlington-Alexandria, DC-VA-MD-WV",6037
2015,M13,Annual,7011,,LAUCN511130000000005,2015-12-01,51113,Madison County,Madison,"Washington-Arlington-Alexandria, DC-VA-MD-WV",6012
2014,M13,Annual,6984,,LAUCN511130000000005,2014-12-01,51113,Madison County,Madison,"Washington-Arlington-Alexandria, DC-VA-MD-WV",5996
2013,M13,Annual,6914,,LAUCN511130000000005,2013-12-01,51113,Madison County,Madison,"Washington-Arlington-Alexandria, DC-VA-MD-WV",5980
2012,M13,Annual,6911,,LAUCN511130000000005,2012-12-01,51113,Madison County,Madison,"Washington-Arlington-Alexandria, DC-VA-MD-WV",5967
2011,M13,Annual,6834,,LAUCN511130000000005,2011-12-01,51113,Madison County,Madison,"Washington-Arlington-Alexandria, DC-VA-MD-WV",5950
2010,M13,Annual,6714,,LAUCN511130000000005,2010-12-01,51113,Madison County,Madison,"Washington-Arlington-Alexandria, DC-VA-MD-WV",5932
2023,M13,Annual,4088,,LAUCN511150000000005,2023-12-01,51115,Mathews County,Mathews,"Virginia Beach-Norfolk-Newport News, VA-NC",5515
2022,M13,Annual,3982,,LAUCN511150000000005,2022-12-01,51115,Mathews County,Mathews,"Virginia Beach-Norfolk-Newport News, VA-NC",5504
2021,M13,Annual,3869,,LAUCN511150000000005,2021-12-01,51115,Mathews County,Mathews,"Virginia Beach-Norfolk-Newport News, VA-NC",5473
2020,M13,Annual,3779,,LAUCN511150000000005,2020-12-01,51115,Mathews County,Mathews,"Virginia Beach-Norfolk-Newport News, VA-NC",5454
2019,M13,Annual,4070,,LAUCN511150000000005,2019-12-01,51115,Mathews County,Mathews,"Virginia Beach-Norfolk-Newport News, VA-NC",5764
2018,M13,Annual,4014,,LAUCN511150000000005,2018-12-01,51115,Mathews County,Mathews,"Virginia Beach-Norfolk-Newport News, VA-NC",5759
2017,M13,Annual,3980,,LAUCN511150000000005,2017-12-01,51115,Mathews County,Mathews,"Virginia Beach-Norfolk-Newport News, VA-NC",5755
2016,M13,Annual,3885,,LAUCN511150000000005,2016-12-01,51115,Mathews County,Mathews,"Virginia Beach-Norfolk-Newport News, VA-NC",5743
2015,M13,Annual,3920,,LAUCN511150000000005,2015-12-01,51115,Mathews County,Mathews,"Virginia Beach-Norfolk-Newport News, VA-NC",5735
2014,M13,Annual,3951,,LAUCN511150000000005,2014-12-01,51115,Mathews County,Mathews,"Virginia Beach-Norfolk-Newport News, VA-NC",5724
2013,M13,Annual,3959,,LAUCN511150000000005,2013-12-01,51115,Mathews County,Mathews,"Virginia Beach-Norfolk-Newport News, VA-NC",5710
2012,M13,Annual,3937,,LAUCN511150000000005,2012-12-01,51115,Mathews County,Mathews,"Virginia Beach-Norfolk-Newport News, VA-NC",5698
2011,M13,Annual,3962,,LAUCN511150000000005,2011-12-01,51115,Mathews County,Mathews,"Virginia Beach-Norfolk-Newport News, VA-NC",5689
2010,M13,Annual,3954,,LAUCN511150000000005,2010-12-01,51115,Mathews County,Mathews,"Virginia Beach-Norfolk-Newport News, VA-NC",5669
2023,M13,Annual,12936,,LAUCN511170000000005,2023-12-01,51117,Mecklenburg County,Mecklenburg,Non-Metro,19503
2022,M13,Annual,12516,,LAUCN511170000000005,2022-12-01,51117,Mecklenburg County,Mecklenburg,Non-Metro,19303
2021,M13,Annual,11928,,LAUCN511170000000005,2021-12-01,51117,Mecklenburg County,Mecklenburg,Non-Metro,19135
2020,M13,Annual,11689,,LAUCN511170000000005,2020-12-01,51117,Mecklenburg County,Mecklenburg,Non-Metro,19023
2019,M13,Annual,12226,,LAUCN511170000000005,2019-12-01,51117,Mecklenburg County,Mecklenburg,Non-Metro,19066
2018,M13,Annual,12199,,LAUCN511170000000005,2018-12-01,51117,Mecklenburg County,Mecklenburg,Non-Metro,19029
2017,M13,Annual,12236,,LAUCN511170000000005,2017-12-01,51117,Mecklenburg County,Mecklenburg,Non-Metro,18973
2016,M13,Annual,11783,,LAUCN511170000000005,2016-12-01,51117,Mecklenburg County,Mecklenburg,Non-Metro,18932
2015,M13,Annual,11803,,LAUCN511170000000005,2015-12-01,51117,Mecklenburg County,Mecklenburg,Non-Metro,18870
2014,M13,Annual,11705,,LAUCN511170000000005,2014-12-01,51117,Mecklenburg County,Mecklenburg,Non-Metro,18837
2013,M13,Annual,11608,,LAUCN511170000000005,2013-12-01,51117,Mecklenburg County,Mecklenburg,Non-Metro,18785
2012,M13,Annual,12260,,LAUCN511170000000005,2012-12-01,51117,Mecklenburg County,Mecklenburg,Non-Metro,18740
2011,M13,Annual,12582,,LAUCN511170000000005,2011-12-01,51117,Mecklenburg County,Mecklenburg,Non-Metro,18673
2010,M13,Annual,12546,,LAUCN511170000000005,2010-12-01,51117,Mecklenburg County,Mecklenburg,Non-Metro,18591
2023,M13,Annual,5179,,LAUCN511190000000005,2023-12-01,51119,Middlesex County,Middlesex,Non-Metro,7206
2022,M13,Annual,5107,,LAUCN511190000000005,2022-12-01,51119,Middlesex County,Middlesex,Non-Metro,7173
2021,M13,Annual,4952,,LAUCN511190000000005,2021-12-01,51119,Middlesex County,Middlesex,Non-Metro,7131
2020,M13,Annual,4840,,LAUCN511190000000005,2020-12-01,51119,Middlesex County,Middlesex,Non-Metro,7106
2019,M13,Annual,5151,,LAUCN511190000000005,2019-12-01,51119,Middlesex County,Middlesex,Non-Metro,7369
2018,M13,Annual,5110,,LAUCN511190000000005,2018-12-01,51119,Middlesex County,Middlesex,Non-Metro,7350
2017,M13,Annual,5194,,LAUCN511190000000005,2017-12-01,51119,Middlesex County,Middlesex,Non-Metro,7327
2016,M13,Annual,4845,,LAUCN511190000000005,2016-12-01,51119,Middlesex County,Middlesex,Non-Metro,7308
2015,M13,Annual,4791,,LAUCN511190000000005,2015-12-01,51119,Middlesex County,Middlesex,Non-Metro,7278
2014,M13,Annual,4795,,LAUCN511190000000005,2014-12-01,51119,Middlesex County,Middlesex,Non-Metro,7253
2013,M13,Annual,4839,,LAUCN511190000000005,2013-12-01,51119,Middlesex County,Middlesex,Non-Metro,7232
2012,M13,Annual,4823,,LAUCN511190000000005,2012-12-01,51119,Middlesex County,Middlesex,Non-Metro,7214
2011,M13,Annual,4799,,LAUCN511190000000005,2011-12-01,51119,Middlesex County,Middlesex,Non-Metro,7188
2010,M13,Annual,4787,,LAUCN511190000000005,2010-12-01,51119,Middlesex County,Middlesex,Non-Metro,7133
2023,M13,Annual,52247,,LAUCN511210000000005,2023-12-01,51121,Montgomery County,Montgomery,"Blacksburg-Christiansburg, VA",43357
2022,M13,Annual,50440,,LAUCN511210000000005,2022-12-01,51121,Montgomery County,Montgomery,"Blacksburg-Christiansburg, VA",43044
2021,M13,Annual,48205,,LAUCN511210000000005,2021-12-01,51121,Montgomery County,Montgomery,"Blacksburg-Christiansburg, VA",42797
2020,M13,Annual,46258,,LAUCN511210000000005,2020-12-01,51121,Montgomery County,Montgomery,"Blacksburg-Christiansburg, VA",41251
2019,M13,Annual,49244,,LAUCN511210000000005,2019-12-01,51121,Montgomery County,Montgomery,"Blacksburg-Christiansburg, VA",41053
2018,M13,Annual,48582,,LAUCN511210000000005,2018-12-01,51121,Montgomery County,Montgomery,"Blacksburg-Christiansburg, VA",40701
2017,M13,Annual,48280,,LAUCN511210000000005,2017-12-01,51121,Montgomery County,Montgomery,"Blacksburg-Christiansburg, VA",40179
2016,M13,Annual,47769,,LAUCN511210000000005,2016-12-01,51121,Montgomery County,Montgomery,"Blacksburg-Christiansburg, VA",39825
2015,M13,Annual,47798,,LAUCN511210000000005,2015-12-01,51121,Montgomery County,Montgomery,"Blacksburg-Christiansburg, VA",39515
2014,M13,Annual,47448,,LAUCN511210000000005,2014-12-01,51121,Montgomery County,Montgomery,"Blacksburg-Christiansburg, VA",39347
2013,M13,Annual,46938,,LAUCN511210000000005,2013-12-01,51121,Montgomery County,Montgomery,"Blacksburg-Christiansburg, VA",39111
2012,M13,Annual,46231,,LAUCN511210000000005,2012-12-01,51121,Montgomery County,Montgomery,"Blacksburg-Christiansburg, VA",38917
2011,M13,Annual,45247,,LAUCN511210000000005,2011-12-01,51121,Montgomery County,Montgomery,"Blacksburg-Christiansburg, VA",38757
2010,M13,Annual,44117,,LAUCN511210000000005,2010-12-01,51121,Montgomery County,Montgomery,"Blacksburg-Christiansburg, VA",38569
2023,M13,Annual,7360,,LAUCN511250000000005,2023-12-01,51125,Nelson County,Nelson,"Charlottesville, VA",10058
2022,M13,Annual,7178,,LAUCN511250000000005,2022-12-01,51125,Nelson County,Nelson,"Charlottesville, VA",10003
2021,M13,Annual,6953,,LAUCN511250000000005,2021-12-01,51125,Nelson County,Nelson,"Charlottesville, VA",9934
2020,M13,Annual,6749,,LAUCN511250000000005,2020-12-01,51125,Nelson County,Nelson,"Charlottesville, VA",9876
2019,M13,Annual,7373,,LAUCN511250000000005,2019-12-01,51125,Nelson County,Nelson,"Charlottesville, VA",10240
2018,M13,Annual,7120,,LAUCN511250000000005,2018-12-01,51125,Nelson County,Nelson,"Charlottesville, VA",10215
2017,M13,Annual,7100,,LAUCN511250000000005,2017-12-01,51125,Nelson County,Nelson,"Charlottesville, VA",10180
2016,M13,Annual,6989,,LAUCN511250000000005,2016-12-01,51125,Nelson County,Nelson,"Charlottesville, VA",10146
2015,M13,Annual,7003,,LAUCN511250000000005,2015-12-01,51125,Nelson County,Nelson,"Charlottesville, VA",10104
2014,M13,Annual,7060,,LAUCN511250000000005,2014-12-01,51125,Nelson County,Nelson,"Charlottesville, VA",10069
2013,M13,Annual,6963,,LAUCN511250000000005,2013-12-01,51125,Nelson County,Nelson,"Charlottesville, VA",10033
2012,M13,Annual,7028,,LAUCN511250000000005,2012-12-01,51125,Nelson County,Nelson,"Charlottesville, VA",10005
2011,M13,Annual,7113,,LAUCN511250000000005,2011-12-01,51125,Nelson County,Nelson,"Charlottesville, VA",9974
2010,M13,Annual,7031,,LAUCN511250000000005,2010-12-01,51125,Nelson County,Nelson,"Charlottesville, VA",9931
2023,M13,Annual,13322,,LAUCN511270000000005,2023-12-01,51127,New Kent County,New Kent,"Richmond, VA",10183
2022,M13,Annual,12924,,LAUCN511270000000005,2022-12-01,51127,New Kent County,New Kent,"Richmond, VA",9841
2021,M13,Annual,12367,,LAUCN511270000000005,2021-12-01,51127,New Kent County,New Kent,"Richmond, VA",9407
2020,M13,Annual,12058,,LAUCN511270000000005,2020-12-01,51127,New Kent County,New Kent,"Richmond, VA",9102
2019,M13,Annual,12593,,LAUCN511270000000005,2019-12-01,51127,New Kent County,New Kent,"Richmond, VA",8956
2018,M13,Annual,12108,,LAUCN511270000000005,2018-12-01,51127,New Kent County,New Kent,"Richmond, VA",8720
2017,M13,Annual,11714,,LAUCN511270000000005,2017-12-01,51127,New Kent County,New Kent,"Richmond, VA",8441
2016,M13,Annual,11300,,LAUCN511270000000005,2016-12-01,51127,New Kent County,New Kent,"Richmond, VA",8234
2015,M13,Annual,10835,,LAUCN511270000000005,2015-12-01,51127,New Kent County,New Kent,"Richmond, VA",8061
2014,M13,Annual,10623,,LAUCN511270000000005,2014-12-01,51127,New Kent County,New Kent,"Richmond, VA",7911
2013,M13,Annual,10257,,LAUCN511270000000005,2013-12-01,51127,New Kent County,New Kent,"Richmond, VA",7736
2012,M13,Annual,10021,,LAUCN511270000000005,2012-12-01,51127,New Kent County,New Kent,"Richmond, VA",7605
2011,M13,Annual,9757,,LAUCN511270000000005,2011-12-01,51127,New Kent County,New Kent,"Richmond, VA",7460
2010,M13,Annual,9546,,LAUCN511270000000005,2010-12-01,51127,New Kent County,New Kent,"Richmond, VA",7295
2023,M13,Annual,5447,,LAUCN511310000000005,2023-12-01,51131,Northampton County,Northampton,Non-Metro,7618
2022,M13,Annual,5315,,LAUCN511310000000005,2022-12-01,51131,Northampton County,Northampton,Non-Metro,7515
2021,M13,Annual,5129,,LAUCN511310000000005,2021-12-01,51131,Northampton County,Northampton,Non-Metro,7427
2020,M13,Annual,4944,,LAUCN511310000000005,2020-12-01,51131,Northampton County,Northampton,Non-Metro,7386
2019,M13,Annual,5227,,LAUCN511310000000005,2019-12-01,51131,Northampton County,Northampton,Non-Metro,7440
2018,M13,Annual,5112,,LAUCN511310000000005,2018-12-01,51131,Northampton County,Northampton,Non-Metro,7413
2017,M13,Annual,5258,,LAUCN511310000000005,2017-12-01,51131,Northampton County,Northampton,Non-Metro,7402
2016,M13,Annual,5546,,LAUCN511310000000005,2016-12-01,51131,Northampton County,Northampton,Non-Metro,7392
2015,M13,Annual,5752,,LAUCN511310000000005,2015-12-01,51131,Northampton County,Northampton,Non-Metro,7363
2014,M13,Annual,5648,,LAUCN511310000000005,2014-12-01,51131,Northampton County,Northampton,Non-Metro,7334
2013,M13,Annual,5494,,LAUCN511310000000005,2013-12-01,51131,Northampton County,Northampton,Non-Metro,7330
2012,M13,Annual,5623,,LAUCN511310000000005,2012-12-01,51131,Northampton County,Northampton,Non-Metro,7332
2011,M13,Annual,5791,,LAUCN511310000000005,2011-12-01,51131,Northampton County,Northampton,Non-Metro,7308
2010,M13,Annual,5796,,LAUCN511310000000005,2010-12-01,51131,Northampton County,Northampton,Non-Metro,7301
2023,M13,Annual,5370,,LAUCN511330000000005,2023-12-01,51133,Northumberland County,Northumberland,Non-Metro,9088
2022,M13,Annual,5244,,LAUCN511330000000005,2022-12-01,51133,Northumberland County,Northumberland,Non-Metro,9039
2021,M13,Annual,5260,,LAUCN511330000000005,2021-12-01,51133,Northumberland County,Northumberland,Non-Metro,8991
2020,M13,Annual,5246,,LAUCN511330000000005,2020-12-01,51133,Northumberland County,Northumberland,Non-Metro,8954
2019,M13,Annual,5450,,LAUCN511330000000005,2019-12-01,51133,Northumberland County,Northumberland,Non-Metro,9364
2018,M13,Annual,5315,,LAUCN511330000000005,2018-12-01,51133,Northumberland County,Northumberland,Non-Metro,9340
2017,M13,Annual,5322,,LAUCN511330000000005,2017-12-01,51133,Northumberland County,Northumberland,Non-Metro,9282
2016,M13,Annual,5161,,LAUCN511330000000005,2016-12-01,51133,Northumberland County,Northumberland,Non-Metro,9231
2015,M13,Annual,5154,,LAUCN511330000000005,2015-12-01,51133,Northumberland County,Northumberland,Non-Metro,9191
2014,M13,Annual,5265,,LAUCN511330000000005,2014-12-01,51133,Northumberland County,Northumberland,Non-Metro,9151
2013,M13,Annual,5278,,LAUCN511330000000005,2013-12-01,51133,Northumberland County,Northumberland,Non-Metro,9110
2012,M13,Annual,5411,,LAUCN511330000000005,2012-12-01,51133,Northumberland County,Northumberland,Non-Metro,9072
2011,M13,Annual,5482,,LAUCN511330000000005,2011-12-01,51133,Northumberland County,Northumberland,Non-Metro,9040
2010,M13,Annual,5614,,LAUCN511330000000005,2010-12-01,51133,Northumberland County,Northumberland,Non-Metro,8995
2023,M13,Annual,7164,,LAUCN511350000000005,2023-12-01,51135,Nottoway County,Nottoway,Non-Metro,6799
2022,M13,Annual,7014,,LAUCN511350000000005,2022-12-01,51135,Nottoway County,Nottoway,Non-Metro,6729
2021,M13,Annual,6833,,LAUCN511350000000005,2021-12-01,51135,Nottoway County,Nottoway,Non-Metro,6686
2020,M13,Annual,6766,,LAUCN511350000000005,2020-12-01,51135,Nottoway County,Nottoway,Non-Metro,6642
2019,M13,Annual,7111,,LAUCN511350000000005,2019-12-01,51135,Nottoway County,Nottoway,Non-Metro,6821
2018,M13,Annual,7017,,LAUCN511350000000005,2018-12-01,51135,Nottoway County,Nottoway,Non-Metro,6789
2017,M13,Annual,6920,,LAUCN511350000000005,2017-12-01,51135,Nottoway County,Nottoway,Non-Metro,6775
2016,M13,Annual,6768,,LAUCN511350000000005,2016-12-01,51135,Nottoway County,Nottoway,Non-Metro,6764
2015,M13,Annual,6838,,LAUCN511350000000005,2015-12-01,51135,Nottoway County,Nottoway,Non-Metro,6747
2014,M13,Annual,6730,,LAUCN511350000000005,2014-12-01,51135,Nottoway County,Nottoway,Non-Metro,6736
2013,M13,Annual,6656,,LAUCN511350000000005,2013-12-01,51135,Nottoway County,Nottoway,Non-Metro,6719
2012,M13,Annual,6440,,LAUCN511350000000005,2012-12-01,51135,Nottoway County,Nottoway,Non-Metro,6705
2011,M13,Annual,6391,,LAUCN511350000000005,2011-12-01,51135,Nottoway County,Nottoway,Non-Metro,6698
2010,M13,Annual,6335,,LAUCN511350000000005,2010-12-01,51135,Nottoway County,Nottoway,Non-Metro,6650
2023,M13,Annual,17346,,LAUCN511370000000005,2023-12-01,51137,Orange County,Orange,Non-Metro,16319
2022,M13,Annual,16922,,LAUCN511370000000005,2022-12-01,51137,Orange County,Orange,Non-Metro,16106
2021,M13,Annual,16495,,LAUCN511370000000005,2021-12-01,51137,Orange County,Orange,Non-Metro,15872
2020,M13,Annual,16011,,LAUCN511370000000005,2020-12-01,51137,Orange County,Orange,Non-Metro,15694
2019,M13,Annual,16930,,LAUCN511370000000005,2019-12-01,51137,Orange County,Orange,Non-Metro,15382
2018,M13,Annual,16565,,LAUCN511370000000005,2018-12-01,51137,Orange County,Orange,Non-Metro,15228
2017,M13,Annual,16380,,LAUCN511370000000005,2017-12-01,51137,Orange County,Orange,Non-Metro,15090
2016,M13,Annual,15730,,LAUCN511370000000005,2016-12-01,51137,Orange County,Orange,Non-Metro,14987
2015,M13,Annual,15388,,LAUCN511370000000005,2015-12-01,51137,Orange County,Orange,Non-Metro,15002
2014,M13,Annual,15393,,LAUCN511370000000005,2014-12-01,51137,Orange County,Orange,Non-Metro,14943
2013,M13,Annual,15187,,LAUCN511370000000005,2013-12-01,51137,Orange County,Orange,Non-Metro,14875
2012,M13,Annual,14814,,LAUCN511370000000005,2012-12-01,51137,Orange County,Orange,Non-Metro,14735
2011,M13,Annual,14587,,LAUCN511370000000005,2011-12-01,51137,Orange County,Orange,Non-Metro,14688
2010,M13,Annual,14171,,LAUCN511370000000005,2010-12-01,51137,Orange County,Orange,Non-Metro,14616
2023,M13,Annual,12273,,LAUCN511390000000005,2023-12-01,51139,Page County,Page,Non-Metro,12080
2022,M13,Annual,11743,,LAUCN511390000000005,2022-12-01,51139,Page County,Page,Non-Metro,11935
2021,M13,Annual,11425,,LAUCN511390000000005,2021-12-01,51139,Page County,Page,Non-Metro,11820
2020,M13,Annual,11023,,LAUCN511390000000005,2020-12-01,51139,Page County,Page,Non-Metro,11762
2019,M13,Annual,11631,,LAUCN511390000000005,2019-12-01,51139,Page County,Page,Non-Metro,11814
2018,M13,Annual,11439,,LAUCN511390000000005,2018-12-01,51139,Page County,Page,Non-Metro,11783
2017,M13,Annual,11373,,LAUCN511390000000005,2017-12-01,51139,Page County,Page,Non-Metro,11741
2016,M13,Annual,10971,,LAUCN511390000000005,2016-12-01,51139,Page County,Page,Non-Metro,11708
2015,M13,Annual,10891,,LAUCN511390000000005,2015-12-01,51139,Page County,Page,Non-Metro,11686
2014,M13,Annual,10925,,LAUCN511390000000005,2014-12-01,51139,Page County,Page,Non-Metro,11672
2013,M13,Annual,10860,,LAUCN511390000000005,2013-12-01,51139,Page County,Page,Non-Metro,11658
2012,M13,Annual,10955,,LAUCN511390000000005,2012-12-01,51139,Page County,Page,Non-Metro,11633
2011,M13,Annual,11091,,LAUCN511390000000005,2011-12-01,51139,Page County,Page,Non-Metro,11619
2010,M13,Annual,10894,,LAUCN511390000000005,2010-12-01,51139,Page County,Page,Non-Metro,11600
2023,M13,Annual,7063,,LAUCN511410000000005,2023-12-01,51141,Patrick County,Patrick,Non-Metro,10032
2022,M13,Annual,6914,,LAUCN511410000000005,2022-12-01,51141,Patrick County,Patrick,Non-Metro,10012
2021,M13,Annual,6799,,LAUCN511410000000005,2021-12-01,51141,Patrick County,Patrick,Non-Metro,9988
2020,M13,Annual,6669,,LAUCN511410000000005,2020-12-01,51141,Patrick County,Patrick,Non-Metro,9995
2019,M13,Annual,7150,,LAUCN511410000000005,2019-12-01,51141,Patrick County,Patrick,Non-Metro,10266
2018,M13,Annual,7175,,LAUCN511410000000005,2018-12-01,51141,Patrick County,Patrick,Non-Metro,10240
2017,M13,Annual,7436,,LAUCN511410000000005,2017-12-01,51141,Patrick County,Patrick,Non-Metro,10224
2016,M13,Annual,7582,,LAUCN511410000000005,2016-12-01,51141,Patrick County,Patrick,Non-Metro,10210
2015,M13,Annual,7258,,LAUCN511410000000005,2015-12-01,51141,Patrick County,Patrick,Non-Metro,10203
2014,M13,Annual,7239,,LAUCN511410000000005,2014-12-01,51141,Patrick County,Patrick,Non-Metro,10187
2013,M13,Annual,7166,,LAUCN511410000000005,2013-12-01,51141,Patrick County,Patrick,Non-Metro,10166
2012,M13,Annual,7255,,LAUCN511410000000005,2012-12-01,51141,Patrick County,Patrick,Non-Metro,10148
2011,M13,Annual,7169,,LAUCN511410000000005,2011-12-01,51141,Patrick County,Patrick,Non-Metro,10128
2010,M13,Annual,7262,,LAUCN511410000000005,2010-12-01,51141,Patrick County,Patrick,Non-Metro,10083
2023,M13,Annual,30056,,LAUCN511430000000005,2023-12-01,51143,Pittsylvania County,Pittsylvania,"Danville, VA",29484
2022,M13,Annual,29238,,LAUCN511430000000005,2022-12-01,51143,Pittsylvania County,Pittsylvania,"Danville, VA",29447
2021,M13,Annual,28390,,LAUCN511430000000005,2021-12-01,51143,Pittsylvania County,Pittsylvania,"Danville, VA",29406
2020,M13,Annual,27745,,LAUCN511430000000005,2020-12-01,51143,Pittsylvania County,Pittsylvania,"Danville, VA",29374
2019,M13,Annual,29200,,LAUCN511430000000005,2019-12-01,51143,Pittsylvania County,Pittsylvania,"Danville, VA",31659
2018,M13,Annual,29521,,LAUCN511430000000005,2018-12-01,51143,Pittsylvania County,Pittsylvania,"Danville, VA",31662
2017,M13,Annual,29632,,LAUCN511430000000005,2017-12-01,51143,Pittsylvania County,Pittsylvania,"Danville, VA",31654
2016,M13,Annual,28343,,LAUCN511430000000005,2016-12-01,51143,Pittsylvania County,Pittsylvania,"Danville, VA",31647
2015,M13,Annual,28606,,LAUCN511430000000005,2015-12-01,51143,Pittsylvania County,Pittsylvania,"Danville, VA",31688
2014,M13,Annual,28461,,LAUCN511430000000005,2014-12-01,51143,Pittsylvania County,Pittsylvania,"Danville, VA",31663
2013,M13,Annual,28347,,LAUCN511430000000005,2013-12-01,51143,Pittsylvania County,Pittsylvania,"Danville, VA",31528
2012,M13,Annual,28344,,LAUCN511430000000005,2012-12-01,51143,Pittsylvania County,Pittsylvania,"Danville, VA",31421
2011,M13,Annual,28290,,LAUCN511430000000005,2011-12-01,51143,Pittsylvania County,Pittsylvania,"Danville, VA",31346
2010,M13,Annual,27529,,LAUCN511430000000005,2010-12-01,51143,Pittsylvania County,Pittsylvania,"Danville, VA",31307
2023,M13,Annual,14746,,LAUCN511450000000005,2023-12-01,51145,Powhatan County,Powhatan,"Richmond, VA",12237
2022,M13,Annual,14306,,LAUCN511450000000005,2022-12-01,51145,Powhatan County,Powhatan,"Richmond, VA",12037
2021,M13,Annual,13695,,LAUCN511450000000005,2021-12-01,51145,Powhatan County,Powhatan,"Richmond, VA",11840
2020,M13,Annual,13345,,LAUCN511450000000005,2020-12-01,51145,Powhatan County,Powhatan,"Richmond, VA",11648
2019,M13,Annual,14038,,LAUCN511450000000005,2019-12-01,51145,Powhatan County,Powhatan,"Richmond, VA",11274
2018,M13,Annual,13704,,LAUCN511450000000005,2018-12-01,51145,Powhatan County,Powhatan,"Richmond, VA",11102
2017,M13,Annual,13408,,LAUCN511450000000005,2017-12-01,51145,Powhatan County,Powhatan,"Richmond, VA",10897
2016,M13,Annual,13180,,LAUCN511450000000005,2016-12-01,51145,Powhatan County,Powhatan,"Richmond, VA",10705
2015,M13,Annual,12915,,LAUCN511450000000005,2015-12-01,51145,Powhatan County,Powhatan,"Richmond, VA",10552
2014,M13,Annual,13101,,LAUCN511450000000005,2014-12-01,51145,Powhatan County,Powhatan,"Richmond, VA",10379
2013,M13,Annual,12894,,LAUCN511450000000005,2013-12-01,51145,Powhatan County,Powhatan,"Richmond, VA",10251
2012,M13,Annual,12791,,LAUCN511450000000005,2012-12-01,51145,Powhatan County,Powhatan,"Richmond, VA",10174
2011,M13,Annual,12691,,LAUCN511450000000005,2011-12-01,51145,Powhatan County,Powhatan,"Richmond, VA",10118
2010,M13,Annual,12550,,LAUCN511450000000005,2010-12-01,51145,Powhatan County,Powhatan,"Richmond, VA",10043
2023,M13,Annual,9776,,LAUCN511470000000005,2023-12-01,51147,Prince Edward County,Prince Edward,Non-Metro,9300
2022,M13,Annual,9562,,LAUCN511470000000005,2022-12-01,51147,Prince Edward County,Prince Edward,Non-Metro,9228
2021,M13,Annual,9497,,LAUCN511470000000005,2021-12-01,51147,Prince Edward County,Prince Edward,Non-Metro,9141
2020,M13,Annual,9391,,LAUCN511470000000005,2020-12-01,51147,Prince Edward County,Prince Edward,Non-Metro,9095
2019,M13,Annual,10084,,LAUCN511470000000005,2019-12-01,51147,Prince Edward County,Prince Edward,Non-Metro,9501
2018,M13,Annual,10041,,LAUCN511470000000005,2018-12-01,51147,Prince Edward County,Prince Edward,Non-Metro,9471
2017,M13,Annual,9841,,LAUCN511470000000005,2017-12-01,51147,Prince Edward County,Prince Edward,Non-Metro,9438
2016,M13,Annual,9632,,LAUCN511470000000005,2016-12-01,51147,Prince Edward County,Prince Edward,Non-Metro,9407
2015,M13,Annual,9473,,LAUCN511470000000005,2015-12-01,51147,Prince Edward County,Prince Edward,Non-Metro,9378
2014,M13,Annual,9300,,LAUCN511470000000005,2014-12-01,51147,Prince Edward County,Prince Edward,Non-Metro,9344
2013,M13,Annual,9166,,LAUCN511470000000005,2013-12-01,51147,Prince Edward County,Prince Edward,Non-Metro,9319
2012,M13,Annual,9408,,LAUCN511470000000005,2012-12-01,51147,Prince Edward County,Prince Edward,Non-Metro,9270
2011,M13,Annual,9437,,LAUCN511470000000005,2011-12-01,51147,Prince Edward County,Prince Edward,Non-Metro,9214
2010,M13,Annual,9280,,LAUCN511470000000005,2010-12-01,51147,Prince Edward County,Prince Edward,Non-Metro,9149
2023,M13,Annual,15354,,LAUCN511490000000005,2023-12-01,51149,Prince George County,Prince George,"Richmond, VA",13641
2022,M13,Annual,14878,,LAUCN511490000000005,2022-12-01,51149,Prince George County,Prince George,"Richmond, VA",13499
2021,M13,Annual,14209,,LAUCN511490000000005,2021-12-01,51149,Prince George County,Prince George,"Richmond, VA",13438
2020,M13,Annual,13864,,LAUCN511490000000005,2020-12-01,51149,Prince George County,Prince George,"Richmond, VA",13390
2019,M13,Annual,14719,,LAUCN511490000000005,2019-12-01,51149,Prince George County,Prince George,"Richmond, VA",12605
2018,M13,Annual,14498,,LAUCN511490000000005,2018-12-01,51149,Prince George County,Prince George,"Richmond, VA",12537
2017,M13,Annual,14398,,LAUCN511490000000005,2017-12-01,51149,Prince George County,Prince George,"Richmond, VA",12459
2016,M13,Annual,14234,,LAUCN511490000000005,2016-12-01,51149,Prince George County,Prince George,"Richmond, VA",12396
2015,M13,Annual,14133,,LAUCN511490000000005,2015-12-01,51149,Prince George County,Prince George,"Richmond, VA",12347
2014,M13,Annual,13894,,LAUCN511490000000005,2014-12-01,51149,Prince George County,Prince George,"Richmond, VA",12299
2013,M13,Annual,13733,,LAUCN511490000000005,2013-12-01,51149,Prince George County,Prince George,"Richmond, VA",12133
2012,M13,Annual,13574,,LAUCN511490000000005,2012-12-01,51149,Prince George County,Prince George,"Richmond, VA",12108
2011,M13,Annual,13378,,LAUCN511490000000005,2011-12-01,51149,Prince George County,Prince George,"Richmond, VA",12086
2010,M13,Annual,12832,,LAUCN511490000000005,2010-12-01,51149,Prince George County,Prince George,"Richmond, VA",12056
2023,M13,Annual,250922,,LAUCN511530000000005,2023-12-01,51153,Prince William County,Prince William,"Washington-Arlington-Alexandria, DC-VA-MD-WV",163550
2022,M13,Annual,244068,,LAUCN511530000000005,2022-12-01,51153,Prince William County,Prince William,"Washington-Arlington-Alexandria, DC-VA-MD-WV",162088
2021,M13,Annual,234520,,LAUCN511530000000005,2021-12-01,51153,Prince William County,Prince William,"Washington-Arlington-Alexandria, DC-VA-MD-WV",160096
2020,M13,Annual,229125,,LAUCN511530000000005,2020-12-01,51153,Prince William County,Prince William,"Washington-Arlington-Alexandria, DC-VA-MD-WV",158846
2019,M13,Annual,242241,,LAUCN511530000000005,2019-12-01,51153,Prince William County,Prince William,"Washington-Arlington-Alexandria, DC-VA-MD-WV",151729
2018,M13,Annual,236756,,LAUCN511530000000005,2018-12-01,51153,Prince William County,Prince William,"Washington-Arlington-Alexandria, DC-VA-MD-WV",150410
2017,M13,Annual,233452,,LAUCN511530000000005,2017-12-01,51153,Prince William County,Prince William,"Washington-Arlington-Alexandria, DC-VA-MD-WV",149072
2016,M13,Annual,226848,,LAUCN511530000000005,2016-12-01,51153,Prince William County,Prince William,"Washington-Arlington-Alexandria, DC-VA-MD-WV",147384
2015,M13,Annual,222831,,LAUCN511530000000005,2015-12-01,51153,Prince William County,Prince William,"Washington-Arlington-Alexandria, DC-VA-MD-WV",145772
2014,M13,Annual,221468,,LAUCN511530000000005,2014-12-01,51153,Prince William County,Prince William,"Washington-Arlington-Alexandria, DC-VA-MD-WV",144745
2013,M13,Annual,219435,,LAUCN511530000000005,2013-12-01,51153,Prince William County,Prince William,"Washington-Arlington-Alexandria, DC-VA-MD-WV",142670
2012,M13,Annual,216702,,LAUCN511530000000005,2012-12-01,51153,Prince William County,Prince William,"Washington-Arlington-Alexandria, DC-VA-MD-WV",140854
2011,M13,Annual,212158,,LAUCN511530000000005,2011-12-01,51153,Prince William County,Prince William,"Washington-Arlington-Alexandria, DC-VA-MD-WV",139482
2010,M13,Annual,204995,,LAUCN511530000000005,2010-12-01,51153,Prince William County,Prince William,"Washington-Arlington-Alexandria, DC-VA-MD-WV",137115
2023,M13,Annual,16672,,LAUCN511550000000005,2023-12-01,51155,Pulaski County,Pulaski,"Blacksburg-Christiansburg, VA",17068
2022,M13,Annual,16104,,LAUCN511550000000005,2022-12-01,51155,Pulaski County,Pulaski,"Blacksburg-Christiansburg, VA",17040
2021,M13,Annual,15407,,LAUCN511550000000005,2021-12-01,51155,Pulaski County,Pulaski,"Blacksburg-Christiansburg, VA",17021
2020,M13,Annual,14777,,LAUCN511550000000005,2020-12-01,51155,Pulaski County,Pulaski,"Blacksburg-Christiansburg, VA",16992
2019,M13,Annual,15745,,LAUCN511550000000005,2019-12-01,51155,Pulaski County,Pulaski,"Blacksburg-Christiansburg, VA",17302
2018,M13,Annual,15480,,LAUCN511550000000005,2018-12-01,51155,Pulaski County,Pulaski,"Blacksburg-Christiansburg, VA",17297
2017,M13,Annual,15492,,LAUCN511550000000005,2017-12-01,51155,Pulaski County,Pulaski,"Blacksburg-Christiansburg, VA",17283
2016,M13,Annual,15331,,LAUCN511550000000005,2016-12-01,51155,Pulaski County,Pulaski,"Blacksburg-Christiansburg, VA",17289
2015,M13,Annual,15556,,LAUCN511550000000005,2015-12-01,51155,Pulaski County,Pulaski,"Blacksburg-Christiansburg, VA",17291
2014,M13,Annual,15523,,LAUCN511550000000005,2014-12-01,51155,Pulaski County,Pulaski,"Blacksburg-Christiansburg, VA",17286
2013,M13,Annual,15605,,LAUCN511550000000005,2013-12-01,51155,Pulaski County,Pulaski,"Blacksburg-Christiansburg, VA",17262
2012,M13,Annual,15628,,LAUCN511550000000005,2012-12-01,51155,Pulaski County,Pulaski,"Blacksburg-Christiansburg, VA",17250
2011,M13,Annual,15392,,LAUCN511550000000005,2011-12-01,51155,Pulaski County,Pulaski,"Blacksburg-Christiansburg, VA",17243
2010,M13,Annual,15083,,LAUCN511550000000005,2010-12-01,51155,Pulaski County,Pulaski,"Blacksburg-Christiansburg, VA",17235
2023,M13,Annual,3695,,LAUCN511570000000005,2023-12-01,51157,Rappahannock County,Rappahannock,"Washington-Arlington-Alexandria, DC-VA-MD-WV",3890
2022,M13,Annual,3619,,LAUCN511570000000005,2022-12-01,51157,Rappahannock County,Rappahannock,"Washington-Arlington-Alexandria, DC-VA-MD-WV",3860
2021,M13,Annual,3516,,LAUCN511570000000005,2021-12-01,51157,Rappahannock County,Rappahannock,"Washington-Arlington-Alexandria, DC-VA-MD-WV",3841
2020,M13,Annual,3423,,LAUCN511570000000005,2020-12-01,51157,Rappahannock County,Rappahannock,"Washington-Arlington-Alexandria, DC-VA-MD-WV",3829
2019,M13,Annual,3686,,LAUCN511570000000005,2019-12-01,51157,Rappahannock County,Rappahannock,"Washington-Arlington-Alexandria, DC-VA-MD-WV",3998
2018,M13,Annual,3554,,LAUCN511570000000005,2018-12-01,51157,Rappahannock County,Rappahannock,"Washington-Arlington-Alexandria, DC-VA-MD-WV",3985
2017,M13,Annual,3554,,LAUCN511570000000005,2017-12-01,51157,Rappahannock County,Rappahannock,"Washington-Arlington-Alexandria, DC-VA-MD-WV",3975
2016,M13,Annual,3588,,LAUCN511570000000005,2016-12-01,51157,Rappahannock County,Rappahannock,"Washington-Arlington-Alexandria, DC-VA-MD-WV",3968
2015,M13,Annual,3596,,LAUCN511570000000005,2015-12-01,51157,Rappahannock County,Rappahannock,"Washington-Arlington-Alexandria, DC-VA-MD-WV",3953
2014,M13,Annual,3632,,LAUCN511570000000005,2014-12-01,51157,Rappahannock County,Rappahannock,"Washington-Arlington-Alexandria, DC-VA-MD-WV",3941
2013,M13,Annual,3722,,LAUCN511570000000005,2013-12-01,51157,Rappahannock County,Rappahannock,"Washington-Arlington-Alexandria, DC-VA-MD-WV",3920
2012,M13,Annual,3748,,LAUCN511570000000005,2012-12-01,51157,Rappahannock County,Rappahannock,"Washington-Arlington-Alexandria, DC-VA-MD-WV",3911
2011,M13,Annual,3773,,LAUCN511570000000005,2011-12-01,51157,Rappahannock County,Rappahannock,"Washington-Arlington-Alexandria, DC-VA-MD-WV",3907
2010,M13,Annual,3769,,LAUCN511570000000005,2010-12-01,51157,Rappahannock County,Rappahannock,"Washington-Arlington-Alexandria, DC-VA-MD-WV",3839
2023,M13,Annual,3894,,LAUCN511590000000005,2023-12-01,51159,Richmond County,Richmond,Non-Metro,3991
2022,M13,Annual,3848,,LAUCN511590000000005,2022-12-01,51159,Richmond County,Richmond,Non-Metro,3972
2021,M13,Annual,3820,,LAUCN511590000000005,2021-12-01,51159,Richmond County,Richmond,Non-Metro,3952
2020,M13,Annual,3802,,LAUCN511590000000005,2020-12-01,51159,Richmond County,Richmond,Non-Metro,3936
2019,M13,Annual,3964,,LAUCN511590000000005,2019-12-01,51159,Richmond County,Richmond,Non-Metro,3989
2018,M13,Annual,3939,,LAUCN511590000000005,2018-12-01,51159,Richmond County,Richmond,Non-Metro,3970
2017,M13,Annual,3936,,LAUCN511590000000005,2017-12-01,51159,Richmond County,Richmond,Non-Metro,3961
2016,M13,Annual,3771,,LAUCN511590000000005,2016-12-01,51159,Richmond County,Richmond,Non-Metro,3934
2015,M13,Annual,3739,,LAUCN511590000000005,2015-12-01,51159,Richmond County,Richmond,Non-Metro,3934
2014,M13,Annual,3773,,LAUCN511590000000005,2014-12-01,51159,Richmond County,Richmond,Non-Metro,3916
2013,M13,Annual,3702,,LAUCN511590000000005,2013-12-01,51159,Richmond County,Richmond,Non-Metro,3889
2012,M13,Annual,3674,,LAUCN511590000000005,2012-12-01,51159,Richmond County,Richmond,Non-Metro,3880
2011,M13,Annual,3977,,LAUCN511590000000005,2011-12-01,51159,Richmond County,Richmond,Non-Metro,3874
2010,M13,Annual,4056,,LAUCN511590000000005,2010-12-01,51159,Richmond County,Richmond,Non-Metro,3850
2023,M13,Annual,49833,,LAUCN511610000000005,2023-12-01,51161,Roanoke County,Roanoke,"Roanoke, VA",42399
2022,M13,Annual,48544,,LAUCN511610000000005,2022-12-01,51161,Roanoke County,Roanoke,"Roanoke, VA",42367
2021,M13,Annual,46926,,LAUCN511610000000005,2021-12-01,51161,Roanoke County,Roanoke,"Roanoke, VA",42254
2020,M13,Annual,46095,,LAUCN511610000000005,2020-12-01,51161,Roanoke County,Roanoke,"Roanoke, VA",42169
2019,M13,Annual,48660,,LAUCN511610000000005,2019-12-01,51161,Roanoke County,Roanoke,"Roanoke, VA",41096
2018,M13,Annual,47922,,LAUCN511610000000005,2018-12-01,51161,Roanoke County,Roanoke,"Roanoke, VA",41034
2017,M13,Annual,47703,,LAUCN511610000000005,2017-12-01,51161,Roanoke County,Roanoke,"Roanoke, VA",40957
2016,M13,Annual,47475,,LAUCN511610000000005,2016-12-01,51161,Roanoke County,Roanoke,"Roanoke, VA",40893
2015,M13,Annual,47365,,LAUCN511610000000005,2015-12-01,51161,Roanoke County,Roanoke,"Roanoke, VA",40649
2014,M13,Annual,47911,,LAUCN511610000000005,2014-12-01,51161,Roanoke County,Roanoke,"Roanoke, VA",40518
2013,M13,Annual,47408,,LAUCN511610000000005,2013-12-01,51161,Roanoke County,Roanoke,"Roanoke, VA",40351
2012,M13,Annual,46965,,LAUCN511610000000005,2012-12-01,51161,Roanoke County,Roanoke,"Roanoke, VA",40282
2011,M13,Annual,46833,,LAUCN511610000000005,2011-12-01,51161,Roanoke County,Roanoke,"Roanoke, VA",40152
2010,M13,Annual,46114,,LAUCN511610000000005,2010-12-01,51161,Roanoke County,Roanoke,"Roanoke, VA",40016
2023,M13,Annual,10711,,LAUCN511630000000005,2023-12-01,51163,Rockbridge County,Rockbridge,Non-Metro,11404
2022,M13,Annual,10456,,LAUCN511630000000005,2022-12-01,51163,Rockbridge County,Rockbridge,Non-Metro,11345
2021,M13,Annual,10097,,LAUCN511630000000005,2021-12-01,51163,Rockbridge County,Rockbridge,Non-Metro,11305
2020,M13,Annual,9759,,LAUCN511630000000005,2020-12-01,51163,Rockbridge County,Rockbridge,Non-Metro,11272
2019,M13,Annual,10559,,LAUCN511630000000005,2019-12-01,51163,Rockbridge County,Rockbridge,Non-Metro,11532
2018,M13,Annual,10291,,LAUCN511630000000005,2018-12-01,51163,Rockbridge County,Rockbridge,Non-Metro,11498
2017,M13,Annual,10235,,LAUCN511630000000005,2017-12-01,51163,Rockbridge County,Rockbridge,Non-Metro,11456
2016,M13,Annual,10024,,LAUCN511630000000005,2016-12-01,51163,Rockbridge County,Rockbridge,Non-Metro,11419
2015,M13,Annual,9882,,LAUCN511630000000005,2015-12-01,51163,Rockbridge County,Rockbridge,Non-Metro,11335
2014,M13,Annual,9794,,LAUCN511630000000005,2014-12-01,51163,Rockbridge County,Rockbridge,Non-Metro,11315
2013,M13,Annual,9828,,LAUCN511630000000005,2013-12-01,51163,Rockbridge County,Rockbridge,Non-Metro,11271
2012,M13,Annual,10110,,LAUCN511630000000005,2012-12-01,51163,Rockbridge County,Rockbridge,Non-Metro,11237
2011,M13,Annual,10249,,LAUCN511630000000005,2011-12-01,51163,Rockbridge County,Rockbridge,Non-Metro,11207
2010,M13,Annual,10297,,LAUCN511630000000005,2010-12-01,51163,Rockbridge County,Rockbridge,Non-Metro,11152
2023,M13,Annual,42916,,LAUCN511650000000005,2023-12-01,51165,Rockingham County,Rockingham,"Harrisonburg, VA",37110
2022,M13,Annual,41846,,LAUCN511650000000005,2022-12-01,51165,Rockingham County,Rockingham,"Harrisonburg, VA",36522
2021,M13,Annual,40598,,LAUCN511650000000005,2021-12-01,51165,Rockingham County,Rockingham,"Harrisonburg, VA",35967
2020,M13,Annual,39391,,LAUCN511650000000005,2020-12-01,51165,Rockingham County,Rockingham,"Harrisonburg, VA",35495
2019,M13,Annual,41721,,LAUCN511650000000005,2019-12-01,51165,Rockingham County,Rockingham,"Harrisonburg, VA",36163
2018,M13,Annual,40145,,LAUCN511650000000005,2018-12-01,51165,Rockingham County,Rockingham,"Harrisonburg, VA",35846
2017,M13,Annual,39664,,LAUCN511650000000005,2017-12-01,51165,Rockingham County,Rockingham,"Harrisonburg, VA",35522
2016,M13,Annual,39212,,LAUCN511650000000005,2016-12-01,51165,Rockingham County,Rockingham,"Harrisonburg, VA",35102
2015,M13,Annual,38639,,LAUCN511650000000005,2015-12-01,51165,Rockingham County,Rockingham,"Harrisonburg, VA",34827
2014,M13,Annual,38662,,LAUCN511650000000005,2014-12-01,51165,Rockingham County,Rockingham,"Harrisonburg, VA",34642
2013,M13,Annual,38627,,LAUCN511650000000005,2013-12-01,51165,Rockingham County,Rockingham,"Harrisonburg, VA",34289
2012,M13,Annual,38549,,LAUCN511650000000005,2012-12-01,51165,Rockingham County,Rockingham,"Harrisonburg, VA",34084
2011,M13,Annual,38769,,LAUCN511650000000005,2011-12-01,51165,Rockingham County,Rockingham,"Harrisonburg, VA",33925
2010,M13,Annual,37637,,LAUCN511650000000005,2010-12-01,51165,Rockingham County,Rockingham,"Harrisonburg, VA",33660
2023,M13,Annual,10825,,LAUCN511670000000005,2023-12-01,51167,Russell County,Russell,Non-Metro,12761
2022,M13,Annual,10629,,LAUCN511670000000005,2022-12-01,51167,Russell County,Russell,Non-Metro,12766
2021,M13,Annual,10266,,LAUCN511670000000005,2021-12-01,51167,Russell County,Russell,Non-Metro,12759
2020,M13,Annual,10338,,LAUCN511670000000005,2020-12-01,51167,Russell County,Russell,Non-Metro,12753
2019,M13,Annual,10825,,LAUCN511670000000005,2019-12-01,51167,Russell County,Russell,Non-Metro,13536
2018,M13,Annual,10750,,LAUCN511670000000005,2018-12-01,51167,Russell County,Russell,Non-Metro,13547
2017,M13,Annual,10948,,LAUCN511670000000005,2017-12-01,51167,Russell County,Russell,Non-Metro,13546
2016,M13,Annual,10538,,LAUCN511670000000005,2016-12-01,51167,Russell County,Russell,Non-Metro,13545
2015,M13,Annual,10723,,LAUCN511670000000005,2015-12-01,51167,Russell County,Russell,Non-Metro,13546
2014,M13,Annual,10434,,LAUCN511670000000005,2014-12-01,51167,Russell County,Russell,Non-Metro,13537
2013,M13,Annual,10638,,LAUCN511670000000005,2013-12-01,51167,Russell County,Russell,Non-Metro,13538
2012,M13,Annual,10760,,LAUCN511670000000005,2012-12-01,51167,Russell County,Russell,Non-Metro,13529
2011,M13,Annual,10794,,LAUCN511670000000005,2011-12-01,51167,Russell County,Russell,Non-Metro,13518
2010,M13,Annual,10839,,LAUCN511670000000005,2010-12-01,51167,Russell County,Russell,Non-Metro,13484
2023,M13,Annual,9088,,LAUCN511690000000005,2023-12-01,51169,Scott County,Scott,"Kingsport-Bristol, TN-VA",11786
2022,M13,Annual,8899,,LAUCN511690000000005,2022-12-01,51169,Scott County,Scott,"Kingsport-Bristol, TN-VA",11780
2021,M13,Annual,8557,,LAUCN511690000000005,2021-12-01,51169,Scott County,Scott,"Kingsport-Bristol, TN-VA",11764
2020,M13,Annual,8430,,LAUCN511690000000005,2020-12-01,51169,Scott County,Scott,"Kingsport-Bristol, TN-VA",11762
2019,M13,Annual,8864,,LAUCN511690000000005,2019-12-01,51169,Scott County,Scott,"Kingsport-Bristol, TN-VA",11966
2018,M13,Annual,8838,,LAUCN511690000000005,2018-12-01,51169,Scott County,Scott,"Kingsport-Bristol, TN-VA",11968
2017,M13,Annual,9015,,LAUCN511690000000005,2017-12-01,51169,Scott County,Scott,"Kingsport-Bristol, TN-VA",11955
2016,M13,Annual,8982,,LAUCN511690000000005,2016-12-01,51169,Scott County,Scott,"Kingsport-Bristol, TN-VA",11955
2015,M13,Annual,9052,,LAUCN511690000000005,2015-12-01,51169,Scott County,Scott,"Kingsport-Bristol, TN-VA",11947
2014,M13,Annual,9254,,LAUCN511690000000005,2014-12-01,51169,Scott County,Scott,"Kingsport-Bristol, TN-VA",11953
2013,M13,Annual,9321,,LAUCN511690000000005,2013-12-01,51169,Scott County,Scott,"Kingsport-Bristol, TN-VA",11944
2012,M13,Annual,9324,,LAUCN511690000000005,2012-12-01,51169,Scott County,Scott,"Kingsport-Bristol, TN-VA",11934
2011,M13,Annual,9398,,LAUCN511690000000005,2011-12-01,51169,Scott County,Scott,"Kingsport-Bristol, TN-VA",11930
2010,M13,Annual,9214,,LAUCN511690000000005,2010-12-01,51169,Scott County,Scott,"Kingsport-Bristol, TN-VA",11916
2023,M13,Annual,22131,,LAUCN511710000000005,2023-12-01,51171,Shenandoah County,Shenandoah,Non-Metro,21530
2022,M13,Annual,21546,,LAUCN511710000000005,2022-12-01,51171,Shenandoah County,Shenandoah,Non-Metro,21399
2021,M13,Annual,20984,,LAUCN511710000000005,2021-12-01,51171,Shenandoah County,Shenandoah,Non-Metro,21248
2020,M13,Annual,20780,,LAUCN511710000000005,2020-12-01,51171,Shenandoah County,Shenandoah,Non-Metro,21154
2019,M13,Annual,21808,,LAUCN511710000000005,2019-12-01,51171,Shenandoah County,Shenandoah,Non-Metro,21335
2018,M13,Annual,21623,,LAUCN511710000000005,2018-12-01,51171,Shenandoah County,Shenandoah,Non-Metro,21272
2017,M13,Annual,21100,,LAUCN511710000000005,2017-12-01,51171,Shenandoah County,Shenandoah,Non-Metro,21205
2016,M13,Annual,20084,,LAUCN511710000000005,2016-12-01,51171,Shenandoah County,Shenandoah,Non-Metro,21150
2015,M13,Annual,20230,,LAUCN511710000000005,2015-12-01,51171,Shenandoah County,Shenandoah,Non-Metro,21105
2014,M13,Annual,20253,,LAUCN511710000000005,2014-12-01,51171,Shenandoah County,Shenandoah,Non-Metro,21065
2013,M13,Annual,19798,,LAUCN511710000000005,2013-12-01,51171,Shenandoah County,Shenandoah,Non-Metro,21034
2012,M13,Annual,19504,,LAUCN511710000000005,2012-12-01,51171,Shenandoah County,Shenandoah,Non-Metro,20993
2011,M13,Annual,19571,,LAUCN511710000000005,2011-12-01,51171,Shenandoah County,Shenandoah,Non-Metro,20939
2010,M13,Annual,19108,,LAUCN511710000000005,2010-12-01,51171,Shenandoah County,Shenandoah,Non-Metro,20876
2023,M13,Annual,13650,,LAUCN511730000000005,2023-12-01,51173,Smyth County,Smyth,Non-Metro,15066
2022,M13,Annual,13157,,LAUCN511730000000005,2022-12-01,51173,Smyth County,Smyth,Non-Metro,15080
2021,M13,Annual,12957,,LAUCN511730000000005,2021-12-01,51173,Smyth County,Smyth,Non-Metro,15087
2020,M13,Annual,12425,,LAUCN511730000000005,2020-12-01,51173,Smyth County,Smyth,Non-Metro,15094
2019,M13,Annual,13257,,LAUCN511730000000005,2019-12-01,51173,Smyth County,Smyth,Non-Metro,15352
2018,M13,Annual,13167,,LAUCN511730000000005,2018-12-01,51173,Smyth County,Smyth,Non-Metro,15371
2017,M13,Annual,13317,,LAUCN511730000000005,2017-12-01,51173,Smyth County,Smyth,Non-Metro,15387
2016,M13,Annual,12909,,LAUCN511730000000005,2016-12-01,51173,Smyth County,Smyth,Non-Metro,15400
2015,M13,Annual,12641,,LAUCN511730000000005,2015-12-01,51173,Smyth County,Smyth,Non-Metro,15412
2014,M13,Annual,12439,,LAUCN511730000000005,2014-12-01,51173,Smyth County,Smyth,Non-Metro,15420
2013,M13,Annual,12210,,LAUCN511730000000005,2013-12-01,51173,Smyth County,Smyth,Non-Metro,15421
2012,M13,Annual,12218,,LAUCN511730000000005,2012-12-01,51173,Smyth County,Smyth,Non-Metro,15437
2011,M13,Annual,12234,,LAUCN511730000000005,2011-12-01,51173,Smyth County,Smyth,Non-Metro,15443
2010,M13,Annual,12040,,LAUCN511730000000005,2010-12-01,51173,Smyth County,Smyth,Non-Metro,15427
2023,M13,Annual,9023,,LAUCN511750000000005,2023-12-01,51175,Southampton County,Southampton,"Virginia Beach-Norfolk-Newport News, VA-NC",7829
2022,M13,Annual,8795,,LAUCN511750000000005,2022-12-01,51175,Southampton County,Southampton,"Virginia Beach-Norfolk-Newport News, VA-NC",7798
2021,M13,Annual,8511,,LAUCN511750000000005,2021-12-01,51175,Southampton County,Southampton,"Virginia Beach-Norfolk-Newport News, VA-NC",7761
2020,M13,Annual,8556,,LAUCN511750000000005,2020-12-01,51175,Southampton County,Southampton,"Virginia Beach-Norfolk-Newport News, VA-NC",7730
2019,M13,Annual,8929,,LAUCN511750000000005,2019-12-01,51175,Southampton County,Southampton,"Virginia Beach-Norfolk-Newport News, VA-NC",7673
2018,M13,Annual,8813,,LAUCN511750000000005,2018-12-01,51175,Southampton County,Southampton,"Virginia Beach-Norfolk-Newport News, VA-NC",7657
2017,M13,Annual,8796,,LAUCN511750000000005,2017-12-01,51175,Southampton County,Southampton,"Virginia Beach-Norfolk-Newport News, VA-NC",7625
2016,M13,Annual,8699,,LAUCN511750000000005,2016-12-01,51175,Southampton County,Southampton,"Virginia Beach-Norfolk-Newport News, VA-NC",7600
2015,M13,Annual,8869,,LAUCN511750000000005,2015-12-01,51175,Southampton County,Southampton,"Virginia Beach-Norfolk-Newport News, VA-NC",7587
2014,M13,Annual,8716,,LAUCN511750000000005,2014-12-01,51175,Southampton County,Southampton,"Virginia Beach-Norfolk-Newport News, VA-NC",7575
2013,M13,Annual,8739,,LAUCN511750000000005,2013-12-01,51175,Southampton County,Southampton,"Virginia Beach-Norfolk-Newport News, VA-NC",7561
2012,M13,Annual,8896,,LAUCN511750000000005,2012-12-01,51175,Southampton County,Southampton,"Virginia Beach-Norfolk-Newport News, VA-NC",7550
2011,M13,Annual,8704,,LAUCN511750000000005,2011-12-01,51175,Southampton County,Southampton,"Virginia Beach-Norfolk-Newport News, VA-NC",7517
2010,M13,Annual,8675,,LAUCN511750000000005,2010-12-01,51175,Southampton County,Southampton,"Virginia Beach-Norfolk-Newport News, VA-NC",7473
2023,M13,Annual,69237,,LAUCN511770000000005,2023-12-01,51177,Spotsylvania County,Spotsylvania,"Washington-Arlington-Alexandria, DC-VA-MD-WV",57048
2022,M13,Annual,67378,,LAUCN511770000000005,2022-12-01,51177,Spotsylvania County,Spotsylvania,"Washington-Arlington-Alexandria, DC-VA-MD-WV",55467
2021,M13,Annual,64788,,LAUCN511770000000005,2021-12-01,51177,Spotsylvania County,Spotsylvania,"Washington-Arlington-Alexandria, DC-VA-MD-WV",53925
2020,M13,Annual,63291,,LAUCN511770000000005,2020-12-01,51177,Spotsylvania County,Spotsylvania,"Washington-Arlington-Alexandria, DC-VA-MD-WV",52589
2019,M13,Annual,66524,,LAUCN511770000000005,2019-12-01,51177,Spotsylvania County,Spotsylvania,"Washington-Arlington-Alexandria, DC-VA-MD-WV",49599
2018,M13,Annual,64377,,LAUCN511770000000005,2018-12-01,51177,Spotsylvania County,Spotsylvania,"Washington-Arlington-Alexandria, DC-VA-MD-WV",48109
2017,M13,Annual,63568,,LAUCN511770000000005,2017-12-01,51177,Spotsylvania County,Spotsylvania,"Washington-Arlington-Alexandria, DC-VA-MD-WV",47222
2016,M13,Annual,62413,,LAUCN511770000000005,2016-12-01,51177,Spotsylvania County,Spotsylvania,"Washington-Arlington-Alexandria, DC-VA-MD-WV",46863
2015,M13,Annual,61127,,LAUCN511770000000005,2015-12-01,51177,Spotsylvania County,Spotsylvania,"Washington-Arlington-Alexandria, DC-VA-MD-WV",46532
2014,M13,Annual,60922,,LAUCN511770000000005,2014-12-01,51177,Spotsylvania County,Spotsylvania,"Washington-Arlington-Alexandria, DC-VA-MD-WV",46215
2013,M13,Annual,60530,,LAUCN511770000000005,2013-12-01,51177,Spotsylvania County,Spotsylvania,"Washington-Arlington-Alexandria, DC-VA-MD-WV",45906
2012,M13,Annual,60219,,LAUCN511770000000005,2012-12-01,51177,Spotsylvania County,Spotsylvania,"Washington-Arlington-Alexandria, DC-VA-MD-WV",45654
2011,M13,Annual,59890,,LAUCN511770000000005,2011-12-01,51177,Spotsylvania County,Spotsylvania,"Washington-Arlington-Alexandria, DC-VA-MD-WV",45451
2010,M13,Annual,58892,,LAUCN511770000000005,2010-12-01,51177,Spotsylvania County,Spotsylvania,"Washington-Arlington-Alexandria, DC-VA-MD-WV",45185
2023,M13,Annual,75580,,LAUCN511790000000005,2023-12-01,51179,Stafford County,Stafford,"Washington-Arlington-Alexandria, DC-VA-MD-WV",55514
2022,M13,Annual,73485,,LAUCN511790000000005,2022-12-01,51179,Stafford County,Stafford,"Washington-Arlington-Alexandria, DC-VA-MD-WV",54815
2021,M13,Annual,70549,,LAUCN511790000000005,2021-12-01,51179,Stafford County,Stafford,"Washington-Arlington-Alexandria, DC-VA-MD-WV",53902
2020,M13,Annual,68965,,LAUCN511790000000005,2020-12-01,51179,Stafford County,Stafford,"Washington-Arlington-Alexandria, DC-VA-MD-WV",53004
2019,M13,Annual,71933,,LAUCN511790000000005,2019-12-01,51179,Stafford County,Stafford,"Washington-Arlington-Alexandria, DC-VA-MD-WV",51376
2018,M13,Annual,69301,,LAUCN511790000000005,2018-12-01,51179,Stafford County,Stafford,"Washington-Arlington-Alexandria, DC-VA-MD-WV",50413
2017,M13,Annual,67592,,LAUCN511790000000005,2017-12-01,51179,Stafford County,Stafford,"Washington-Arlington-Alexandria, DC-VA-MD-WV",49265
2016,M13,Annual,65749,,LAUCN511790000000005,2016-12-01,51179,Stafford County,Stafford,"Washington-Arlington-Alexandria, DC-VA-MD-WV",47980
2015,M13,Annual,63975,,LAUCN511790000000005,2015-12-01,51179,Stafford County,Stafford,"Washington-Arlington-Alexandria, DC-VA-MD-WV",47267
2014,M13,Annual,63415,,LAUCN511790000000005,2014-12-01,51179,Stafford County,Stafford,"Washington-Arlington-Alexandria, DC-VA-MD-WV",46563
2013,M13,Annual,62452,,LAUCN511790000000005,2013-12-01,51179,Stafford County,Stafford,"Washington-Arlington-Alexandria, DC-VA-MD-WV",45588
2012,M13,Annual,61712,,LAUCN511790000000005,2012-12-01,51179,Stafford County,Stafford,"Washington-Arlington-Alexandria, DC-VA-MD-WV",44985
2011,M13,Annual,61043,,LAUCN511790000000005,2011-12-01,51179,Stafford County,Stafford,"Washington-Arlington-Alexandria, DC-VA-MD-WV",44564
2010,M13,Annual,59719,,LAUCN511790000000005,2010-12-01,51179,Stafford County,Stafford,"Washington-Arlington-Alexandria, DC-VA-MD-WV",43978
2023,M13,Annual,3664,,LAUCN511810000000005,2023-12-01,51181,Surry County,Surry,Non-Metro,3480
2022,M13,Annual,3546,,LAUCN511810000000005,2022-12-01,51181,Surry County,Surry,Non-Metro,3450
2021,M13,Annual,3419,,LAUCN511810000000005,2021-12-01,51181,Surry County,Surry,Non-Metro,3426
2020,M13,Annual,3361,,LAUCN511810000000005,2020-12-01,51181,Surry County,Surry,Non-Metro,3406
2019,M13,Annual,3561,,LAUCN511810000000005,2019-12-01,51181,Surry County,Surry,Non-Metro,3611
2018,M13,Annual,3637,,LAUCN511810000000005,2018-12-01,51181,Surry County,Surry,Non-Metro,3595
2017,M13,Annual,3609,,LAUCN511810000000005,2017-12-01,51181,Surry County,Surry,Non-Metro,3571
2016,M13,Annual,3471,,LAUCN511810000000005,2016-12-01,51181,Surry County,Surry,Non-Metro,3552
2015,M13,Annual,3545,,LAUCN511810000000005,2015-12-01,51181,Surry County,Surry,Non-Metro,3537
2014,M13,Annual,3452,,LAUCN511810000000005,2014-12-01,51181,Surry County,Surry,Non-Metro,3520
2013,M13,Annual,3374,,LAUCN511810000000005,2013-12-01,51181,Surry County,Surry,Non-Metro,3508
2012,M13,Annual,3401,,LAUCN511810000000005,2012-12-01,51181,Surry County,Surry,Non-Metro,3491
2011,M13,Annual,3437,,LAUCN511810000000005,2011-12-01,51181,Surry County,Surry,Non-Metro,3480
2010,M13,Annual,3361,,LAUCN511810000000005,2010-12-01,51181,Surry County,Surry,Non-Metro,3444
2023,M13,Annual,3621,,LAUCN511830000000005,2023-12-01,51183,Sussex County,Sussex,"Richmond, VA",4726
2022,M13,Annual,3536,,LAUCN511830000000005,2022-12-01,51183,Sussex County,Sussex,"Richmond, VA",4702
2021,M13,Annual,3409,,LAUCN511830000000005,2021-12-01,51183,Sussex County,Sussex,"Richmond, VA",4675
2020,M13,Annual,3337,,LAUCN511830000000005,2020-12-01,51183,Sussex County,Sussex,"Richmond, VA",4644
2019,M13,Annual,3617,,LAUCN511830000000005,2019-12-01,51183,Sussex County,Sussex,"Richmond, VA",4837
2018,M13,Annual,3588,,LAUCN511830000000005,2018-12-01,51183,Sussex County,Sussex,"Richmond, VA",4814
2017,M13,Annual,3628,,LAUCN511830000000005,2017-12-01,51183,Sussex County,Sussex,"Richmond, VA",4788
2016,M13,Annual,3708,,LAUCN511830000000005,2016-12-01,51183,Sussex County,Sussex,"Richmond, VA",4772
2015,M13,Annual,3812,,LAUCN511830000000005,2015-12-01,51183,Sussex County,Sussex,"Richmond, VA",4761
2014,M13,Annual,3804,,LAUCN511830000000005,2014-12-01,51183,Sussex County,Sussex,"Richmond, VA",4750
2013,M13,Annual,3804,,LAUCN511830000000005,2013-12-01,51183,Sussex County,Sussex,"Richmond, VA",4729
2012,M13,Annual,3860,,LAUCN511830000000005,2012-12-01,51183,Sussex County,Sussex,"Richmond, VA",4710
2011,M13,Annual,3917,,LAUCN511830000000005,2011-12-01,51183,Sussex County,Sussex,"Richmond, VA",4703
2010,M13,Annual,3791,,LAUCN511830000000005,2010-12-01,51183,Sussex County,Sussex,"Richmond, VA",4696
2023,M13,Annual,14888,,LAUCN511850000000005,2023-12-01,51185,Tazewell County,Tazewell,"Bluefield, WV-VA",19749
2022,M13,Annual,14775,,LAUCN511850000000005,2022-12-01,51185,Tazewell County,Tazewell,"Bluefield, WV-VA",19773
2021,M13,Annual,14278,,LAUCN511850000000005,2021-12-01,51185,Tazewell County,Tazewell,"Bluefield, WV-VA",19791
2020,M13,Annual,14171,,LAUCN511850000000005,2020-12-01,51185,Tazewell County,Tazewell,"Bluefield, WV-VA",19809
2019,M13,Annual,15062,,LAUCN511850000000005,2019-12-01,51185,Tazewell County,Tazewell,"Bluefield, WV-VA",20708
2018,M13,Annual,15266,,LAUCN511850000000005,2018-12-01,51185,Tazewell County,Tazewell,"Bluefield, WV-VA",20739
2017,M13,Annual,15391,,LAUCN511850000000005,2017-12-01,51185,Tazewell County,Tazewell,"Bluefield, WV-VA",20761
2016,M13,Annual,14787,,LAUCN511850000000005,2016-12-01,51185,Tazewell County,Tazewell,"Bluefield, WV-VA",20788
2015,M13,Annual,15454,,LAUCN511850000000005,2015-12-01,51185,Tazewell County,Tazewell,"Bluefield, WV-VA",20793
2014,M13,Annual,15895,,LAUCN511850000000005,2014-12-01,51185,Tazewell County,Tazewell,"Bluefield, WV-VA",20809
2013,M13,Annual,16174,,LAUCN511850000000005,2013-12-01,51185,Tazewell County,Tazewell,"Bluefield, WV-VA",20806
2012,M13,Annual,16485,,LAUCN511850000000005,2012-12-01,51185,Tazewell County,Tazewell,"Bluefield, WV-VA",20807
2011,M13,Annual,16726,,LAUCN511850000000005,2011-12-01,51185,Tazewell County,Tazewell,"Bluefield, WV-VA",20806
2010,M13,Annual,16771,,LAUCN511850000000005,2010-12-01,51185,Tazewell County,Tazewell,"Bluefield, WV-VA",20826
2023,M13,Annual,20694,,LAUCN511870000000005,2023-12-01,51187,Warren County,Warren,"Washington-Arlington-Alexandria, DC-VA-MD-WV",17207
2022,M13,Annual,20160,,LAUCN511870000000005,2022-12-01,51187,Warren County,Warren,"Washington-Arlington-Alexandria, DC-VA-MD-WV",17086
2021,M13,Annual,19422,,LAUCN511870000000005,2021-12-01,51187,Warren County,Warren,"Washington-Arlington-Alexandria, DC-VA-MD-WV",16921
2020,M13,Annual,18957,,LAUCN511870000000005,2020-12-01,51187,Warren County,Warren,"Washington-Arlington-Alexandria, DC-VA-MD-WV",16765
2019,M13,Annual,20071,,LAUCN511870000000005,2019-12-01,51187,Warren County,Warren,"Washington-Arlington-Alexandria, DC-VA-MD-WV",16606
2018,M13,Annual,19627,,LAUCN511870000000005,2018-12-01,51187,Warren County,Warren,"Washington-Arlington-Alexandria, DC-VA-MD-WV",16490
2017,M13,Annual,19315,,LAUCN511870000000005,2017-12-01,51187,Warren County,Warren,"Washington-Arlington-Alexandria, DC-VA-MD-WV",16350
2016,M13,Annual,18940,,LAUCN511870000000005,2016-12-01,51187,Warren County,Warren,"Washington-Arlington-Alexandria, DC-VA-MD-WV",16244
2015,M13,Annual,18773,,LAUCN511870000000005,2015-12-01,51187,Warren County,Warren,"Washington-Arlington-Alexandria, DC-VA-MD-WV",16165
2014,M13,Annual,18878,,LAUCN511870000000005,2014-12-01,51187,Warren County,Warren,"Washington-Arlington-Alexandria, DC-VA-MD-WV",16114
2013,M13,Annual,18887,,LAUCN511870000000005,2013-12-01,51187,Warren County,Warren,"Washington-Arlington-Alexandria, DC-VA-MD-WV",16063
2012,M13,Annual,18712,,LAUCN511870000000005,2012-12-01,51187,Warren County,Warren,"Washington-Arlington-Alexandria, DC-VA-MD-WV",16030
2011,M13,Annual,18604,,LAUCN511870000000005,2011-12-01,51187,Warren County,Warren,"Washington-Arlington-Alexandria, DC-VA-MD-WV",16005
2010,M13,Annual,18471,,LAUCN511870000000005,2010-12-01,51187,Warren County,Warren,"Washington-Arlington-Alexandria, DC-VA-MD-WV",16034
2023,M13,Annual,26134,,LAUCN511910000000005,2023-12-01,51191,Washington County,Washington,"Kingsport-Bristol, TN-VA",25620
2022,M13,Annual,25577,,LAUCN511910000000005,2022-12-01,51191,Washington County,Washington,"Kingsport-Bristol, TN-VA",25560
2021,M13,Annual,24574,,LAUCN511910000000005,2021-12-01,51191,Washington County,Washington,"Kingsport-Bristol, TN-VA",25490
2020,M13,Annual,24208,,LAUCN511910000000005,2020-12-01,51191,Washington County,Washington,"Kingsport-Bristol, TN-VA",25432
2019,M13,Annual,25566,,LAUCN511910000000005,2019-12-01,51191,Washington County,Washington,"Kingsport-Bristol, TN-VA",26018
2018,M13,Annual,25862,,LAUCN511910000000005,2018-12-01,51191,Washington County,Washington,"Kingsport-Bristol, TN-VA",26000
2017,M13,Annual,25980,,LAUCN511910000000005,2017-12-01,51191,Washington County,Washington,"Kingsport-Bristol, TN-VA",25969
2016,M13,Annual,25687,,LAUCN511910000000005,2016-12-01,51191,Washington County,Washington,"Kingsport-Bristol, TN-VA",25937
2015,M13,Annual,25804,,LAUCN511910000000005,2015-12-01,51191,Washington County,Washington,"Kingsport-Bristol, TN-VA",25913
2014,M13,Annual,26146,,LAUCN511910000000005,2014-12-01,51191,Washington County,Washington,"Kingsport-Bristol, TN-VA",25900
2013,M13,Annual,26111,,LAUCN511910000000005,2013-12-01,51191,Washington County,Washington,"Kingsport-Bristol, TN-VA",25858
2012,M13,Annual,25896,,LAUCN511910000000005,2012-12-01,51191,Washington County,Washington,"Kingsport-Bristol, TN-VA",25810
2011,M13,Annual,25878,,LAUCN511910000000005,2011-12-01,51191,Washington County,Washington,"Kingsport-Bristol, TN-VA",25731
2010,M13,Annual,25226,,LAUCN511910000000005,2010-12-01,51191,Washington County,Washington,"Kingsport-Bristol, TN-VA",25601
2023,M13,Annual,9296,,LAUCN511930000000005,2023-12-01,51193,Westmoreland County,Westmoreland,Non-Metro,11615
2022,M13,Annual,9252,,LAUCN511930000000005,2022-12-01,51193,Westmoreland County,Westmoreland,Non-Metro,11423
2021,M13,Annual,9153,,LAUCN511930000000005,2021-12-01,51193,Westmoreland County,Westmoreland,Non-Metro,11243
2020,M13,Annual,8875,,LAUCN511930000000005,2020-12-01,51193,Westmoreland County,Westmoreland,Non-Metro,11147
2019,M13,Annual,9224,,LAUCN511930000000005,2019-12-01,51193,Westmoreland County,Westmoreland,Non-Metro,11060
2018,M13,Annual,9062,,LAUCN511930000000005,2018-12-01,51193,Westmoreland County,Westmoreland,Non-Metro,10993
2017,M13,Annual,9027,,LAUCN511930000000005,2017-12-01,51193,Westmoreland County,Westmoreland,Non-Metro,10941
2016,M13,Annual,8584,,LAUCN511930000000005,2016-12-01,51193,Westmoreland County,Westmoreland,Non-Metro,10894
2015,M13,Annual,8478,,LAUCN511930000000005,2015-12-01,51193,Westmoreland County,Westmoreland,Non-Metro,10847
2014,M13,Annual,8468,,LAUCN511930000000005,2014-12-01,51193,Westmoreland County,Westmoreland,Non-Metro,10806
2013,M13,Annual,8489,,LAUCN511930000000005,2013-12-01,51193,Westmoreland County,Westmoreland,Non-Metro,10759
2012,M13,Annual,8485,,LAUCN511930000000005,2012-12-01,51193,Westmoreland County,Westmoreland,Non-Metro,10716
2011,M13,Annual,8684,,LAUCN511930000000005,2011-12-01,51193,Westmoreland County,Westmoreland,Non-Metro,10666
2010,M13,Annual,8432,,LAUCN511930000000005,2010-12-01,51193,Westmoreland County,Westmoreland,Non-Metro,10618
2023,M13,Annual,12427,,LAUCN511950000000005,2023-12-01,51195,Wise County,Wise,"Big Stone Gap, VA",16615
2022,M13,Annual,12320,,LAUCN511950000000005,2022-12-01,51195,Wise County,Wise,"Big Stone Gap, VA",16627
2021,M13,Annual,12033,,LAUCN511950000000005,2021-12-01,51195,Wise County,Wise,"Big Stone Gap, VA",16633
2020,M13,Annual,12005,,LAUCN511950000000005,2020-12-01,51195,Wise County,Wise,"Big Stone Gap, VA",16637
2019,M13,Annual,12790,,LAUCN511950000000005,2019-12-01,51195,Wise County,Wise,"Big Stone Gap, VA",17916
2018,M13,Annual,12603,,LAUCN511950000000005,2018-12-01,51195,Wise County,Wise,"Big Stone Gap, VA",17940
2017,M13,Annual,12804,,LAUCN511950000000005,2017-12-01,51195,Wise County,Wise,"Big Stone Gap, VA",17945
2016,M13,Annual,12109,,LAUCN511950000000005,2016-12-01,51195,Wise County,Wise,"Big Stone Gap, VA",17959
2015,M13,Annual,12701,,LAUCN511950000000005,2015-12-01,51195,Wise County,Wise,"Big Stone Gap, VA",17976
2014,M13,Annual,13123,,LAUCN511950000000005,2014-12-01,51195,Wise County,Wise,"Big Stone Gap, VA",17990
2013,M13,Annual,13561,,LAUCN511950000000005,2013-12-01,51195,Wise County,Wise,"Big Stone Gap, VA",17930
2012,M13,Annual,14580,,LAUCN511950000000005,2012-12-01,51195,Wise County,Wise,"Big Stone Gap, VA",17934
2011,M13,Annual,15911,,LAUCN511950000000005,2011-12-01,51195,Wise County,Wise,"Big Stone Gap, VA",17930
2010,M13,Annual,15553,,LAUCN511950000000005,2010-12-01,51195,Wise County,Wise,"Big Stone Gap, VA",17940
2023,M13,Annual,14082,,LAUCN511970000000005,2023-12-01,51197,Wythe County,Wythe,Non-Metro,14054
2022,M13,Annual,13669,,LAUCN511970000000005,2022-12-01,51197,Wythe County,Wythe,Non-Metro,14038
2021,M13,Annual,13041,,LAUCN511970000000005,2021-12-01,51197,Wythe County,Wythe,Non-Metro,14017
2020,M13,Annual,12651,,LAUCN511970000000005,2020-12-01,51197,Wythe County,Wythe,Non-Metro,13995
2019,M13,Annual,13300,,LAUCN511970000000005,2019-12-01,51197,Wythe County,Wythe,Non-Metro,14422
2018,M13,Annual,13266,,LAUCN511970000000005,2018-12-01,51197,Wythe County,Wythe,Non-Metro,14392
2017,M13,Annual,13457,,LAUCN511970000000005,2017-12-01,51197,Wythe County,Wythe,Non-Metro,14379
2016,M13,Annual,12905,,LAUCN511970000000005,2016-12-01,51197,Wythe County,Wythe,Non-Metro,14343
2015,M13,Annual,12961,,LAUCN511970000000005,2015-12-01,51197,Wythe County,Wythe,Non-Metro,14335
2014,M13,Annual,12960,,LAUCN511970000000005,2014-12-01,51197,Wythe County,Wythe,Non-Metro,14277
2013,M13,Annual,12931,,LAUCN511970000000005,2013-12-01,51197,Wythe County,Wythe,Non-Metro,14221
2012,M13,Annual,13028,,LAUCN511970000000005,2012-12-01,51197,Wythe County,Wythe,Non-Metro,14179
2011,M13,Annual,13045,,LAUCN511970000000005,2011-12-01,51197,Wythe County,Wythe,Non-Metro,14138
2010,M13,Annual,12681,,LAUCN511970000000005,2010-12-01,51197,Wythe County,Wythe,Non-Metro,14079
2023,M13,Annual,33251,,LAUCN511990000000005,2023-12-01,51199,York County,York,"Virginia Beach-Norfolk-Newport News, VA-NC",28748
2022,M13,Annual,32344,,LAUCN511990000000005,2022-12-01,51199,York County,York,"Virginia Beach-Norfolk-Newport News, VA-NC",28576
2021,M13,Annual,31353,,LAUCN511990000000005,2021-12-01,51199,York County,York,"Virginia Beach-Norfolk-Newport News, VA-NC",28132
2020,M13,Annual,30655,,LAUCN511990000000005,2020-12-01,51199,York County,York,"Virginia Beach-Norfolk-Newport News, VA-NC",27884
2019,M13,Annual,32372,,LAUCN511990000000005,2019-12-01,51199,York County,York,"Virginia Beach-Norfolk-Newport News, VA-NC",28522
2018,M13,Annual,31870,,LAUCN511990000000005,2018-12-01,51199,York County,York,"Virginia Beach-Norfolk-Newport News, VA-NC",27889
2017,M13,Annual,31676,,LAUCN511990000000005,2017-12-01,51199,York County,York,"Virginia Beach-Norfolk-Newport News, VA-NC",27750
2016,M13,Annual,30926,,LAUCN511990000000005,2016-12-01,51199,York County,York,"Virginia Beach-Norfolk-Newport News, VA-NC",27707
2015,M13,Annual,30763,,LAUCN511990000000005,2015-12-01,51199,York County,York,"Virginia Beach-Norfolk-Newport News, VA-NC",27628
2014,M13,Annual,30376,,LAUCN511990000000005,2014-12-01,51199,York County,York,"Virginia Beach-Norfolk-Newport News, VA-NC",27246
2013,M13,Annual,30175,,LAUCN511990000000005,2013-12-01,51199,York County,York,"Virginia Beach-Norfolk-Newport News, VA-NC",27029
2012,M13,Annual,29876,,LAUCN511990000000005,2012-12-01,51199,York County,York,"Virginia Beach-Norfolk-Newport News, VA-NC",26926
2011,M13,Annual,29904,,LAUCN511990000000005,2011-12-01,51199,York County,York,"Virginia Beach-Norfolk-Newport News, VA-NC",26871
2010,M13,Annual,29363,,LAUCN511990000000005,2010-12-01,51199,York County,York,"Virginia Beach-Norfolk-Newport News, VA-NC",26849
2023,M13,Annual,101169,,LAUCN515100000000005,2023-12-01,51510,Alexandria City,Alexandria,"Washington-Arlington-Alexandria, DC-VA-MD-WV",81630
2022,M13,Annual,98425,,LAUCN515100000000005,2022-12-01,51510,Alexandria City,Alexandria,"Washington-Arlington-Alexandria, DC-VA-MD-WV",80358
2021,M13,Annual,94612,,LAUCN515100000000005,2021-12-01,51510,Alexandria City,Alexandria,"Washington-Arlington-Alexandria, DC-VA-MD-WV",80356
2020,M13,Annual,92409,,LAUCN515100000000005,2020-12-01,51510,Alexandria City,Alexandria,"Washington-Arlington-Alexandria, DC-VA-MD-WV",80440
2019,M13,Annual,99195,,LAUCN515100000000005,2019-12-01,51510,Alexandria City,Alexandria,"Washington-Arlington-Alexandria, DC-VA-MD-WV",76415
2018,M13,Annual,98108,,LAUCN515100000000005,2018-12-01,51510,Alexandria City,Alexandria,"Washington-Arlington-Alexandria, DC-VA-MD-WV",76513
2017,M13,Annual,97446,,LAUCN515100000000005,2017-12-01,51510,Alexandria City,Alexandria,"Washington-Arlington-Alexandria, DC-VA-MD-WV",76570
2016,M13,Annual,93776,,LAUCN515100000000005,2016-12-01,51510,Alexandria City,Alexandria,"Washington-Arlington-Alexandria, DC-VA-MD-WV",76161
2015,M13,Annual,91485,,LAUCN515100000000005,2015-12-01,51510,Alexandria City,Alexandria,"Washington-Arlington-Alexandria, DC-VA-MD-WV",76166
2014,M13,Annual,90355,,LAUCN515100000000005,2014-12-01,51510,Alexandria City,Alexandria,"Washington-Arlington-Alexandria, DC-VA-MD-WV",75065
2013,M13,Annual,90037,,LAUCN515100000000005,2013-12-01,51510,Alexandria City,Alexandria,"Washington-Arlington-Alexandria, DC-VA-MD-WV",73440
2012,M13,Annual,89424,,LAUCN515100000000005,2012-12-01,51510,Alexandria City,Alexandria,"Washington-Arlington-Alexandria, DC-VA-MD-WV",73254
2011,M13,Annual,88257,,LAUCN515100000000005,2011-12-01,51510,Alexandria City,Alexandria,"Washington-Arlington-Alexandria, DC-VA-MD-WV",72686
2010,M13,Annual,85872,,LAUCN515100000000005,2010-12-01,51510,Alexandria City,Alexandria,"Washington-Arlington-Alexandria, DC-VA-MD-WV",72376
2023,M13,Annual,7464,,LAUCN515200000000005,2023-12-01,51520,Bristol City,Bristol,"Kingsport-Bristol, TN-VA",8626
2022,M13,Annual,7307,,LAUCN515200000000005,2022-12-01,51520,Bristol City,Bristol,"Kingsport-Bristol, TN-VA",8621
2021,M13,Annual,7032,,LAUCN515200000000005,2021-12-01,51520,Bristol City,Bristol,"Kingsport-Bristol, TN-VA",8644
2020,M13,Annual,6913,,LAUCN515200000000005,2020-12-01,51520,Bristol City,Bristol,"Kingsport-Bristol, TN-VA",8665
2019,M13,Annual,7054,,LAUCN515200000000005,2019-12-01,51520,Bristol City,Bristol,"Kingsport-Bristol, TN-VA",8709
2018,M13,Annual,6934,,LAUCN515200000000005,2018-12-01,51520,Bristol City,Bristol,"Kingsport-Bristol, TN-VA",8727
2017,M13,Annual,7084,,LAUCN515200000000005,2017-12-01,51520,Bristol City,Bristol,"Kingsport-Bristol, TN-VA",8747
2016,M13,Annual,7084,,LAUCN515200000000005,2016-12-01,51520,Bristol City,Bristol,"Kingsport-Bristol, TN-VA",8724
2015,M13,Annual,7143,,LAUCN515200000000005,2015-12-01,51520,Bristol City,Bristol,"Kingsport-Bristol, TN-VA",8740
2014,M13,Annual,7261,,LAUCN515200000000005,2014-12-01,51520,Bristol City,Bristol,"Kingsport-Bristol, TN-VA",8755
2013,M13,Annual,7289,,LAUCN515200000000005,2013-12-01,51520,Bristol City,Bristol,"Kingsport-Bristol, TN-VA",8774
2012,M13,Annual,7417,,LAUCN515200000000005,2012-12-01,51520,Bristol City,Bristol,"Kingsport-Bristol, TN-VA",8779
2011,M13,Annual,7416,,LAUCN515200000000005,2011-12-01,51520,Bristol City,Bristol,"Kingsport-Bristol, TN-VA",8769
2010,M13,Annual,7270,,LAUCN515200000000005,2010-12-01,51520,Bristol City,Bristol,"Kingsport-Bristol, TN-VA",8831
2023,M13,Annual,3442,,LAUCN515300000000005,2023-12-01,51530,Buena Vista City,Buena Vista,Non-Metro,2942
2022,M13,Annual,3129,,LAUCN515300000000005,2022-12-01,51530,Buena Vista City,Buena Vista,Non-Metro,2948
2021,M13,Annual,2864,,LAUCN515300000000005,2021-12-01,51530,Buena Vista City,Buena Vista,Non-Metro,2949
2020,M13,Annual,2990,,LAUCN515300000000005,2020-12-01,51530,Buena Vista City,Buena Vista,Non-Metro,2948
2019,M13,Annual,3386,,LAUCN515300000000005,2019-12-01,51530,Buena Vista City,Buena Vista,Non-Metro,2851
2018,M13,Annual,3258,,LAUCN515300000000005,2018-12-01,51530,Buena Vista City,Buena Vista,Non-Metro,2860
2017,M13,Annual,3245,,LAUCN515300000000005,2017-12-01,51530,Buena Vista City,Buena Vista,Non-Metro,2867
2016,M13,Annual,3115,,LAUCN515300000000005,2016-12-01,51530,Buena Vista City,Buena Vista,Non-Metro,2876
2015,M13,Annual,3141,,LAUCN515300000000005,2015-12-01,51530,Buena Vista City,Buena Vista,Non-Metro,2884
2014,M13,Annual,3129,,LAUCN515300000000005,2014-12-01,51530,Buena Vista City,Buena Vista,Non-Metro,2894
2013,M13,Annual,3094,,LAUCN515300000000005,2013-12-01,51530,Buena Vista City,Buena Vista,Non-Metro,2902
2012,M13,Annual,3004,,LAUCN515300000000005,2012-12-01,51530,Buena Vista City,Buena Vista,Non-Metro,2908
2011,M13,Annual,2940,,LAUCN515300000000005,2011-12-01,51530,Buena Vista City,Buena Vista,Non-Metro,2915
2010,M13,Annual,2923,,LAUCN515300000000005,2010-12-01,51530,Buena Vista City,Buena Vista,Non-Metro,2936
2023,M13,Annual,25858,,LAUCN515400000000005,2023-12-01,51540,Charlottesville City,Charlottesville,"Charlottesville, VA",21729
2022,M13,Annual,25058,,LAUCN515400000000005,2022-12-01,51540,Charlottesville City,Charlottesville,"Charlottesville, VA",21685
2021,M13,Annual,24038,,LAUCN515400000000005,2021-12-01,51540,Charlottesville City,Charlottesville,"Charlottesville, VA",21552
2020,M13,Annual,23385,,LAUCN515400000000005,2020-12-01,51540,Charlottesville City,Charlottesville,"Charlottesville, VA",21420
2019,M13,Annual,25652,,LAUCN515400000000005,2019-12-01,51540,Charlottesville City,Charlottesville,"Charlottesville, VA",20886
2018,M13,Annual,25402,,LAUCN515400000000005,2018-12-01,51540,Charlottesville City,Charlottesville,"Charlottesville, VA",20771
2017,M13,Annual,25224,,LAUCN515400000000005,2017-12-01,51540,Charlottesville City,Charlottesville,"Charlottesville, VA",20641
2016,M13,Annual,24088,,LAUCN515400000000005,2016-12-01,51540,Charlottesville City,Charlottesville,"Charlottesville, VA",20506
2015,M13,Annual,23846,,LAUCN515400000000005,2015-12-01,51540,Charlottesville City,Charlottesville,"Charlottesville, VA",20337
2014,M13,Annual,23277,,LAUCN515400000000005,2014-12-01,51540,Charlottesville City,Charlottesville,"Charlottesville, VA",20222
2013,M13,Annual,22340,,LAUCN515400000000005,2013-12-01,51540,Charlottesville City,Charlottesville,"Charlottesville, VA",19952
2012,M13,Annual,22225,,LAUCN515400000000005,2012-12-01,51540,Charlottesville City,Charlottesville,"Charlottesville, VA",19332
2011,M13,Annual,21918,,LAUCN515400000000005,2011-12-01,51540,Charlottesville City,Charlottesville,"Charlottesville, VA",19238
2010,M13,Annual,21779,,LAUCN515400000000005,2010-12-01,51540,Charlottesville City,Charlottesville,"Charlottesville, VA",19189
2023,M13,Annual,123987,,LAUCN515500000000005,2023-12-01,51550,Chesapeake City,Chesapeake,"Virginia Beach-Norfolk-Newport News, VA-NC",97918
2022,M13,Annual,120590,,LAUCN515500000000005,2022-12-01,51550,Chesapeake City,Chesapeake,"Virginia Beach-Norfolk-Newport News, VA-NC",97230
2021,M13,Annual,116863,,LAUCN515500000000005,2021-12-01,51550,Chesapeake City,Chesapeake,"Virginia Beach-Norfolk-Newport News, VA-NC",95999
2020,M13,Annual,114294,,LAUCN515500000000005,2020-12-01,51550,Chesapeake City,Chesapeake,"Virginia Beach-Norfolk-Newport News, VA-NC",95018
2019,M13,Annual,121256,,LAUCN515500000000005,2019-12-01,51550,Chesapeake City,Chesapeake,"Virginia Beach-Norfolk-Newport News, VA-NC",92600
2018,M13,Annual,119058,,LAUCN515500000000005,2018-12-01,51550,Chesapeake City,Chesapeake,"Virginia Beach-Norfolk-Newport News, VA-NC",91754
2017,M13,Annual,117462,,LAUCN515500000000005,2017-12-01,51550,Chesapeake City,Chesapeake,"Virginia Beach-Norfolk-Newport News, VA-NC",90845
2016,M13,Annual,113123,,LAUCN515500000000005,2016-12-01,51550,Chesapeake City,Chesapeake,"Virginia Beach-Norfolk-Newport News, VA-NC",89947
2015,M13,Annual,111550,,LAUCN515500000000005,2015-12-01,51550,Chesapeake City,Chesapeake,"Virginia Beach-Norfolk-Newport News, VA-NC",88796
2014,M13,Annual,111586,,LAUCN515500000000005,2014-12-01,51550,Chesapeake City,Chesapeake,"Virginia Beach-Norfolk-Newport News, VA-NC",88063
2013,M13,Annual,109643,,LAUCN515500000000005,2013-12-01,51550,Chesapeake City,Chesapeake,"Virginia Beach-Norfolk-Newport News, VA-NC",86563
2012,M13,Annual,107776,,LAUCN515500000000005,2012-12-01,51550,Chesapeake City,Chesapeake,"Virginia Beach-Norfolk-Newport News, VA-NC",85261
2011,M13,Annual,106576,,LAUCN515500000000005,2011-12-01,51550,Chesapeake City,Chesapeake,"Virginia Beach-Norfolk-Newport News, VA-NC",84352
2010,M13,Annual,105121,,LAUCN515500000000005,2010-12-01,51550,Chesapeake City,Chesapeake,"Virginia Beach-Norfolk-Newport News, VA-NC",83196
2023,M13,Annual,8529,,LAUCN515700000000005,2023-12-01,51570,Colonial Heights City,Colonial Heights,"Richmond, VA",8109
2022,M13,Annual,8264,,LAUCN515700000000005,2022-12-01,51570,Colonial Heights City,Colonial Heights,"Richmond, VA",8123
2021,M13,Annual,7895,,LAUCN515700000000005,2021-12-01,51570,Colonial Heights City,Colonial Heights,"Richmond, VA",8129
2020,M13,Annual,7699,,LAUCN515700000000005,2020-12-01,51570,Colonial Heights City,Colonial Heights,"Richmond, VA",8143
2019,M13,Annual,8325,,LAUCN515700000000005,2019-12-01,51570,Colonial Heights City,Colonial Heights,"Richmond, VA",7705
2018,M13,Annual,8479,,LAUCN515700000000005,2018-12-01,51570,Colonial Heights City,Colonial Heights,"Richmond, VA",7716
2017,M13,Annual,8477,,LAUCN515700000000005,2017-12-01,51570,Colonial Heights City,Colonial Heights,"Richmond, VA",7733
2016,M13,Annual,8338,,LAUCN515700000000005,2016-12-01,51570,Colonial Heights City,Colonial Heights,"Richmond, VA",7750
2015,M13,Annual,8295,,LAUCN515700000000005,2015-12-01,51570,Colonial Heights City,Colonial Heights,"Richmond, VA",7767
2014,M13,Annual,8236,,LAUCN515700000000005,2014-12-01,51570,Colonial Heights City,Colonial Heights,"Richmond, VA",7774
2013,M13,Annual,8112,,LAUCN515700000000005,2013-12-01,51570,Colonial Heights City,Colonial Heights,"Richmond, VA",7786
2012,M13,Annual,8016,,LAUCN515700000000005,2012-12-01,51570,Colonial Heights City,Colonial Heights,"Richmond, VA",7800
2011,M13,Annual,7904,,LAUCN515700000000005,2011-12-01,51570,Colonial Heights City,Colonial Heights,"Richmond, VA",7813
2010,M13,Annual,7824,,LAUCN515700000000005,2010-12-01,51570,Colonial Heights City,Colonial Heights,"Richmond, VA",7831
2023,M13,Annual,2182,,LAUCN515800000000005,2023-12-01,51580,Covington City,Covington,Non-Metro,3026
2022,M13,Annual,2193,,LAUCN515800000000005,2022-12-01,51580,Covington City,Covington,Non-Metro,3037
2021,M13,Annual,2156,,LAUCN515800000000005,2021-12-01,51580,Covington City,Covington,Non-Metro,3044
2020,M13,Annual,2158,,LAUCN515800000000005,2020-12-01,51580,Covington City,Covington,Non-Metro,3052
2019,M13,Annual,2320,,LAUCN515800000000005,2019-12-01,51580,Covington City,Covington,Non-Metro,2972
2018,M13,Annual,2297,,LAUCN515800000000005,2018-12-01,51580,Covington City,Covington,Non-Metro,2983
2017,M13,Annual,2322,,LAUCN515800000000005,2017-12-01,51580,Covington City,Covington,Non-Metro,2993
2016,M13,Annual,2247,,LAUCN515800000000005,2016-12-01,51580,Covington City,Covington,Non-Metro,3004
2015,M13,Annual,2283,,LAUCN515800000000005,2015-12-01,51580,Covington City,Covington,Non-Metro,3016
2014,M13,Annual,2299,,LAUCN515800000000005,2014-12-01,51580,Covington City,Covington,Non-Metro,3026
2013,M13,Annual,2350,,LAUCN515800000000005,2013-12-01,51580,Covington City,Covington,Non-Metro,3033
2012,M13,Annual,2407,,LAUCN515800000000005,2012-12-01,51580,Covington City,Covington,Non-Metro,3041
2011,M13,Annual,2409,,LAUCN515800000000005,2011-12-01,51580,Covington City,Covington,Non-Metro,3050
2010,M13,Annual,2402,,LAUCN515800000000005,2010-12-01,51580,Covington City,Covington,Non-Metro,3067
2023,M13,Annual,18315,,LAUCN515900000000005,2023-12-01,51590,Danville City,Danville,"Danville, VA",22460
2022,M13,Annual,17861,,LAUCN515900000000005,2022-12-01,51590,Danville City,Danville,"Danville, VA",22361
2021,M13,Annual,17387,,LAUCN515900000000005,2021-12-01,51590,Danville City,Danville,"Danville, VA",22186
2020,M13,Annual,17198,,LAUCN515900000000005,2020-12-01,51590,Danville City,Danville,"Danville, VA",22242
2019,M13,Annual,18251,,LAUCN515900000000005,2019-12-01,51590,Danville City,Danville,"Danville, VA",21932
2018,M13,Annual,18651,,LAUCN515900000000005,2018-12-01,51590,Danville City,Danville,"Danville, VA",22008
2017,M13,Annual,18991,,LAUCN515900000000005,2017-12-01,51590,Danville City,Danville,"Danville, VA",22079
2016,M13,Annual,17984,,LAUCN515900000000005,2016-12-01,51590,Danville City,Danville,"Danville, VA",22149
2015,M13,Annual,17819,,LAUCN515900000000005,2015-12-01,51590,Danville City,Danville,"Danville, VA",22210
2014,M13,Annual,17976,,LAUCN515900000000005,2014-12-01,51590,Danville City,Danville,"Danville, VA",22270
2013,M13,Annual,17895,,LAUCN515900000000005,2013-12-01,51590,Danville City,Danville,"Danville, VA",22329
2012,M13,Annual,17902,,LAUCN515900000000005,2012-12-01,51590,Danville City,Danville,"Danville, VA",22389
2011,M13,Annual,17894,,LAUCN515900000000005,2011-12-01,51590,Danville City,Danville,"Danville, VA",22433
2010,M13,Annual,17382,,LAUCN515900000000005,2010-12-01,51590,Danville City,Danville,"Danville, VA",22438
2023,M13,Annual,2205,,LAUCN515950000000005,2023-12-01,51595,Emporia City,Emporia,Non-Metro,2638
2022,M13,Annual,2216,,LAUCN515950000000005,2022-12-01,51595,Emporia City,Emporia,Non-Metro,2642
2021,M13,Annual,2167,,LAUCN515950000000005,2021-12-01,51595,Emporia City,Emporia,Non-Metro,2642
2020,M13,Annual,2068,,LAUCN515950000000005,2020-12-01,51595,Emporia City,Emporia,Non-Metro,2646
2019,M13,Annual,2200,,LAUCN515950000000005,2019-12-01,51595,Emporia City,Emporia,Non-Metro,2601
2018,M13,Annual,2231,,LAUCN515950000000005,2018-12-01,51595,Emporia City,Emporia,Non-Metro,2604
2017,M13,Annual,2260,,LAUCN515950000000005,2017-12-01,51595,Emporia City,Emporia,Non-Metro,2606
2016,M13,Annual,2104,,LAUCN515950000000005,2016-12-01,51595,Emporia City,Emporia,Non-Metro,2610
2015,M13,Annual,2098,,LAUCN515950000000005,2015-12-01,51595,Emporia City,Emporia,Non-Metro,2610
2014,M13,Annual,2133,,LAUCN515950000000005,2014-12-01,51595,Emporia City,Emporia,Non-Metro,2604
2013,M13,Annual,2151,,LAUCN515950000000005,2013-12-01,51595,Emporia City,Emporia,Non-Metro,2597
2012,M13,Annual,2209,,LAUCN515950000000005,2012-12-01,51595,Emporia City,Emporia,Non-Metro,2591
2011,M13,Annual,2277,,LAUCN515950000000005,2011-12-01,51595,Emporia City,Emporia,Non-Metro,2578
2010,M13,Annual,2250,,LAUCN515950000000005,2010-12-01,51595,Emporia City,Emporia,Non-Metro,2565
2023,M13,Annual,12943,,LAUCN516000000000005,2023-12-01,51600,Fairfax City,Fairfax,"Washington-Arlington-Alexandria, DC-VA-MD-WV",9307
2022,M13,Annual,12598,,LAUCN516000000000005,2022-12-01,51600,Fairfax City,Fairfax,"Washington-Arlington-Alexandria, DC-VA-MD-WV",9307
2021,M13,Annual,12122,,LAUCN516000000000005,2021-12-01,51600,Fairfax City,Fairfax,"Washington-Arlington-Alexandria, DC-VA-MD-WV",9317
2020,M13,Annual,11832,,LAUCN516000000000005,2020-12-01,51600,Fairfax City,Fairfax,"Washington-Arlington-Alexandria, DC-VA-MD-WV",9328
2019,M13,Annual,12956,,LAUCN516000000000005,2019-12-01,51600,Fairfax City,Fairfax,"Washington-Arlington-Alexandria, DC-VA-MD-WV",9083
2018,M13,Annual,13021,,LAUCN516000000000005,2018-12-01,51600,Fairfax City,Fairfax,"Washington-Arlington-Alexandria, DC-VA-MD-WV",9093
2017,M13,Annual,12710,,LAUCN516000000000005,2017-12-01,51600,Fairfax City,Fairfax,"Washington-Arlington-Alexandria, DC-VA-MD-WV",9056
2016,M13,Annual,12602,,LAUCN516000000000005,2016-12-01,51600,Fairfax City,Fairfax,"Washington-Arlington-Alexandria, DC-VA-MD-WV",8813
2015,M13,Annual,12409,,LAUCN516000000000005,2015-12-01,51600,Fairfax City,Fairfax,"Washington-Arlington-Alexandria, DC-VA-MD-WV",8808
2014,M13,Annual,12755,,LAUCN516000000000005,2014-12-01,51600,Fairfax City,Fairfax,"Washington-Arlington-Alexandria, DC-VA-MD-WV",8778
2013,M13,Annual,12585,,LAUCN516000000000005,2013-12-01,51600,Fairfax City,Fairfax,"Washington-Arlington-Alexandria, DC-VA-MD-WV",8746
2012,M13,Annual,12373,,LAUCN516000000000005,2012-12-01,51600,Fairfax City,Fairfax,"Washington-Arlington-Alexandria, DC-VA-MD-WV",8709
2011,M13,Annual,12070,,LAUCN516000000000005,2011-12-01,51600,Fairfax City,Fairfax,"Washington-Arlington-Alexandria, DC-VA-MD-WV",8678
2010,M13,Annual,11967,,LAUCN516000000000005,2010-12-01,51600,Fairfax City,Fairfax,"Washington-Arlington-Alexandria, DC-VA-MD-WV",8680
2023,M13,Annual,8604,,LAUCN516100000000005,2023-12-01,51610,Falls Church City,Falls Church,"Washington-Arlington-Alexandria, DC-VA-MD-WV",7097
2022,M13,Annual,8374,,LAUCN516100000000005,2022-12-01,51610,Falls Church City,Falls Church,"Washington-Arlington-Alexandria, DC-VA-MD-WV",6253
2021,M13,Annual,8058,,LAUCN516100000000005,2021-12-01,51610,Falls Church City,Falls Church,"Washington-Arlington-Alexandria, DC-VA-MD-WV",6251
2020,M13,Annual,7864,,LAUCN516100000000005,2020-12-01,51610,Falls Church City,Falls Church,"Washington-Arlington-Alexandria, DC-VA-MD-WV",6253
2019,M13,Annual,8393,,LAUCN516100000000005,2019-12-01,51610,Falls Church City,Falls Church,"Washington-Arlington-Alexandria, DC-VA-MD-WV",6035
2018,M13,Annual,8331,,LAUCN516100000000005,2018-12-01,51610,Falls Church City,Falls Church,"Washington-Arlington-Alexandria, DC-VA-MD-WV",6007
2017,M13,Annual,8188,,LAUCN516100000000005,2017-12-01,51610,Falls Church City,Falls Church,"Washington-Arlington-Alexandria, DC-VA-MD-WV",6002
2016,M13,Annual,7778,,LAUCN516100000000005,2016-12-01,51610,Falls Church City,Falls Church,"Washington-Arlington-Alexandria, DC-VA-MD-WV",5999
2015,M13,Annual,7641,,LAUCN516100000000005,2015-12-01,51610,Falls Church City,Falls Church,"Washington-Arlington-Alexandria, DC-VA-MD-WV",5983
2014,M13,Annual,7542,,LAUCN516100000000005,2014-12-01,51610,Falls Church City,Falls Church,"Washington-Arlington-Alexandria, DC-VA-MD-WV",5466
2013,M13,Annual,7547,,LAUCN516100000000005,2013-12-01,51610,Falls Church City,Falls Church,"Washington-Arlington-Alexandria, DC-VA-MD-WV",5465
2012,M13,Annual,7417,,LAUCN516100000000005,2012-12-01,51610,Falls Church City,Falls Church,"Washington-Arlington-Alexandria, DC-VA-MD-WV",5464
2011,M13,Annual,7188,,LAUCN516100000000005,2011-12-01,51610,Falls Church City,Falls Church,"Washington-Arlington-Alexandria, DC-VA-MD-WV",5468
2010,M13,Annual,7018,,LAUCN516100000000005,2010-12-01,51610,Falls Church City,Falls Church,"Washington-Arlington-Alexandria, DC-VA-MD-WV",5489
2023,M13,Annual,3408,,LAUCN516200000000005,2023-12-01,51620,Franklin City,Franklin,"Virginia Beach-Norfolk-Newport News, VA-NC",3926
2022,M13,Annual,3342,,LAUCN516200000000005,2022-12-01,51620,Franklin City,Franklin,"Virginia Beach-Norfolk-Newport News, VA-NC",3914
2021,M13,Annual,3275,,LAUCN516200000000005,2021-12-01,51620,Franklin City,Franklin,"Virginia Beach-Norfolk-Newport News, VA-NC",3899
2020,M13,Annual,3307,,LAUCN516200000000005,2020-12-01,51620,Franklin City,Franklin,"Virginia Beach-Norfolk-Newport News, VA-NC",3888
2019,M13,Annual,3460,,LAUCN516200000000005,2019-12-01,51620,Franklin City,Franklin,"Virginia Beach-Norfolk-Newport News, VA-NC",3839
2018,M13,Annual,3446,,LAUCN516200000000005,2018-12-01,51620,Franklin City,Franklin,"Virginia Beach-Norfolk-Newport News, VA-NC",3834
2017,M13,Annual,3415,,LAUCN516200000000005,2017-12-01,51620,Franklin City,Franklin,"Virginia Beach-Norfolk-Newport News, VA-NC",3840
2016,M13,Annual,3329,,LAUCN516200000000005,2016-12-01,51620,Franklin City,Franklin,"Virginia Beach-Norfolk-Newport News, VA-NC",3851
2015,M13,Annual,3382,,LAUCN516200000000005,2015-12-01,51620,Franklin City,Franklin,"Virginia Beach-Norfolk-Newport News, VA-NC",3858
2014,M13,Annual,3346,,LAUCN516200000000005,2014-12-01,51620,Franklin City,Franklin,"Virginia Beach-Norfolk-Newport News, VA-NC",3865
2013,M13,Annual,3357,,LAUCN516200000000005,2013-12-01,51620,Franklin City,Franklin,"Virginia Beach-Norfolk-Newport News, VA-NC",3874
2012,M13,Annual,3356,,LAUCN516200000000005,2012-12-01,51620,Franklin City,Franklin,"Virginia Beach-Norfolk-Newport News, VA-NC",3883
2011,M13,Annual,3251,,LAUCN516200000000005,2011-12-01,51620,Franklin City,Franklin,"Virginia Beach-Norfolk-Newport News, VA-NC",3890
2010,M13,Annual,3239,,LAUCN516200000000005,2010-12-01,51620,Franklin City,Franklin,"Virginia Beach-Norfolk-Newport News, VA-NC",3901
2023,M13,Annual,14285,,LAUCN516300000000005,2023-12-01,51630,Fredericksburg City,Fredericksburg,"Washington-Arlington-Alexandria, DC-VA-MD-WV",12569
2022,M13,Annual,13889,,LAUCN516300000000005,2022-12-01,51630,Fredericksburg City,Fredericksburg,"Washington-Arlington-Alexandria, DC-VA-MD-WV",12418
2021,M13,Annual,13336,,LAUCN516300000000005,2021-12-01,51630,Fredericksburg City,Fredericksburg,"Washington-Arlington-Alexandria, DC-VA-MD-WV",12306
2020,M13,Annual,13031,,LAUCN516300000000005,2020-12-01,51630,Fredericksburg City,Fredericksburg,"Washington-Arlington-Alexandria, DC-VA-MD-WV",12232
2019,M13,Annual,13722,,LAUCN516300000000005,2019-12-01,51630,Fredericksburg City,Fredericksburg,"Washington-Arlington-Alexandria, DC-VA-MD-WV",12098
2018,M13,Annual,13531,,LAUCN516300000000005,2018-12-01,51630,Fredericksburg City,Fredericksburg,"Washington-Arlington-Alexandria, DC-VA-MD-WV",11727
2017,M13,Annual,13128,,LAUCN516300000000005,2017-12-01,51630,Fredericksburg City,Fredericksburg,"Washington-Arlington-Alexandria, DC-VA-MD-WV",11692
2016,M13,Annual,12936,,LAUCN516300000000005,2016-12-01,51630,Fredericksburg City,Fredericksburg,"Washington-Arlington-Alexandria, DC-VA-MD-WV",11534
2015,M13,Annual,12712,,LAUCN516300000000005,2015-12-01,51630,Fredericksburg City,Fredericksburg,"Washington-Arlington-Alexandria, DC-VA-MD-WV",11509
2014,M13,Annual,12894,,LAUCN516300000000005,2014-12-01,51630,Fredericksburg City,Fredericksburg,"Washington-Arlington-Alexandria, DC-VA-MD-WV",11513
2013,M13,Annual,12894,,LAUCN516300000000005,2013-12-01,51630,Fredericksburg City,Fredericksburg,"Washington-Arlington-Alexandria, DC-VA-MD-WV",11487
2012,M13,Annual,12638,,LAUCN516300000000005,2012-12-01,51630,Fredericksburg City,Fredericksburg,"Washington-Arlington-Alexandria, DC-VA-MD-WV",11181
2011,M13,Annual,12006,,LAUCN516300000000005,2011-12-01,51630,Fredericksburg City,Fredericksburg,"Washington-Arlington-Alexandria, DC-VA-MD-WV",10802
2010,M13,Annual,11298,,LAUCN516300000000005,2010-12-01,51630,Fredericksburg City,Fredericksburg,"Washington-Arlington-Alexandria, DC-VA-MD-WV",10467
2023,M13,Annual,2790,,LAUCN516400000000005,2023-12-01,51640,Galax City,Galax,Non-Metro,3159
2022,M13,Annual,2758,,LAUCN516400000000005,2022-12-01,51640,Galax City,Galax,Non-Metro,3157
2021,M13,Annual,2696,,LAUCN516400000000005,2021-12-01,51640,Galax City,Galax,Non-Metro,3155
2020,M13,Annual,2633,,LAUCN516400000000005,2020-12-01,51640,Galax City,Galax,Non-Metro,3154
2019,M13,Annual,2836,,LAUCN516400000000005,2019-12-01,51640,Galax City,Galax,Non-Metro,3175
2018,M13,Annual,2840,,LAUCN516400000000005,2018-12-01,51640,Galax City,Galax,Non-Metro,3182
2017,M13,Annual,2909,,LAUCN516400000000005,2017-12-01,51640,Galax City,Galax,Non-Metro,3190
2016,M13,Annual,2764,,LAUCN516400000000005,2016-12-01,51640,Galax City,Galax,Non-Metro,3195
2015,M13,Annual,2798,,LAUCN516400000000005,2015-12-01,51640,Galax City,Galax,Non-Metro,3203
2014,M13,Annual,2786,,LAUCN516400000000005,2014-12-01,51640,Galax City,Galax,Non-Metro,3210
2013,M13,Annual,2764,,LAUCN516400000000005,2013-12-01,51640,Galax City,Galax,Non-Metro,3218
2012,M13,Annual,2786,,LAUCN516400000000005,2012-12-01,51640,Galax City,Galax,Non-Metro,3223
2011,M13,Annual,2781,,LAUCN516400000000005,2011-12-01,51640,Galax City,Galax,Non-Metro,3228
2010,M13,Annual,2824,,LAUCN516400000000005,2010-12-01,51640,Galax City,Galax,Non-Metro,3252
2023,M13,Annual,63855,,LAUCN516500000000005,2023-12-01,51650,Hampton City,Hampton,"Virginia Beach-Norfolk-Newport News, VA-NC",62618
2022,M13,Annual,62099,,LAUCN516500000000005,2022-12-01,51650,Hampton City,Hampton,"Virginia Beach-Norfolk-Newport News, VA-NC",62635
2021,M13,Annual,60172,,LAUCN516500000000005,2021-12-01,51650,Hampton City,Hampton,"Virginia Beach-Norfolk-Newport News, VA-NC",62532
2020,M13,Annual,58848,,LAUCN516500000000005,2020-12-01,51650,Hampton City,Hampton,"Virginia Beach-Norfolk-Newport News, VA-NC",62454
2019,M13,Annual,62553,,LAUCN516500000000005,2019-12-01,51650,Hampton City,Hampton,"Virginia Beach-Norfolk-Newport News, VA-NC",60129
2018,M13,Annual,61892,,LAUCN516500000000005,2018-12-01,51650,Hampton City,Hampton,"Virginia Beach-Norfolk-Newport News, VA-NC",60126
2017,M13,Annual,61795,,LAUCN516500000000005,2017-12-01,51650,Hampton City,Hampton,"Virginia Beach-Norfolk-Newport News, VA-NC",60122
2016,M13,Annual,60438,,LAUCN516500000000005,2016-12-01,51650,Hampton City,Hampton,"Virginia Beach-Norfolk-Newport News, VA-NC",60135
2015,M13,Annual,60682,,LAUCN516500000000005,2015-12-01,51650,Hampton City,Hampton,"Virginia Beach-Norfolk-Newport News, VA-NC",60130
2014,M13,Annual,61431,,LAUCN516500000000005,2014-12-01,51650,Hampton City,Hampton,"Virginia Beach-Norfolk-Newport News, VA-NC",60122
2013,M13,Annual,61010,,LAUCN516500000000005,2013-12-01,51650,Hampton City,Hampton,"Virginia Beach-Norfolk-Newport News, VA-NC",60017
2012,M13,Annual,60530,,LAUCN516500000000005,2012-12-01,51650,Hampton City,Hampton,"Virginia Beach-Norfolk-Newport News, VA-NC",60010
2011,M13,Annual,60425,,LAUCN516500000000005,2011-12-01,51650,Hampton City,Hampton,"Virginia Beach-Norfolk-Newport News, VA-NC",59710
2010,M13,Annual,60658,,LAUCN516500000000005,2010-12-01,51650,Hampton City,Hampton,"Virginia Beach-Norfolk-Newport News, VA-NC",59566
2023,M13,Annual,24766,,LAUCN516600000000005,2023-12-01,51660,Harrisonburg City,Harrisonburg,"Harrisonburg, VA",18684
2022,M13,Annual,24078,,LAUCN516600000000005,2022-12-01,51660,Harrisonburg City,Harrisonburg,"Harrisonburg, VA",18663
2021,M13,Annual,23280,,LAUCN516600000000005,2021-12-01,51660,Harrisonburg City,Harrisonburg,"Harrisonburg, VA",18659
2020,M13,Annual,22571,,LAUCN516600000000005,2020-12-01,51660,Harrisonburg City,Harrisonburg,"Harrisonburg, VA",18630
2019,M13,Annual,24020,,LAUCN516600000000005,2019-12-01,51660,Harrisonburg City,Harrisonburg,"Harrisonburg, VA",18353
2018,M13,Annual,23790,,LAUCN516600000000005,2018-12-01,51660,Harrisonburg City,Harrisonburg,"Harrisonburg, VA",18305
2017,M13,Annual,23915,,LAUCN516600000000005,2017-12-01,51660,Harrisonburg City,Harrisonburg,"Harrisonburg, VA",18282
2016,M13,Annual,23107,,LAUCN516600000000005,2016-12-01,51660,Harrisonburg City,Harrisonburg,"Harrisonburg, VA",18171
2015,M13,Annual,22722,,LAUCN516600000000005,2015-12-01,51660,Harrisonburg City,Harrisonburg,"Harrisonburg, VA",18144
2014,M13,Annual,22843,,LAUCN516600000000005,2014-12-01,51660,Harrisonburg City,Harrisonburg,"Harrisonburg, VA",18030
2013,M13,Annual,22446,,LAUCN516600000000005,2013-12-01,51660,Harrisonburg City,Harrisonburg,"Harrisonburg, VA",18007
2012,M13,Annual,22345,,LAUCN516600000000005,2012-12-01,51660,Harrisonburg City,Harrisonburg,"Harrisonburg, VA",17668
2011,M13,Annual,21903,,LAUCN516600000000005,2011-12-01,51660,Harrisonburg City,Harrisonburg,"Harrisonburg, VA",17669
2010,M13,Annual,21240,,LAUCN516600000000005,2010-12-01,51660,Harrisonburg City,Harrisonburg,"Harrisonburg, VA",17444
2023,M13,Annual,9519,,LAUCN516700000000005,2023-12-01,51670,Hopewell City,Hopewell,"Richmond, VA",10448
2022,M13,Annual,9218,,LAUCN516700000000005,2022-12-01,51670,Hopewell City,Hopewell,"Richmond, VA",10457
2021,M13,Annual,8793,,LAUCN516700000000005,2021-12-01,51670,Hopewell City,Hopewell,"Richmond, VA",10466
2020,M13,Annual,8582,,LAUCN516700000000005,2020-12-01,51670,Hopewell City,Hopewell,"Richmond, VA",10416
2019,M13,Annual,9261,,LAUCN516700000000005,2019-12-01,51670,Hopewell City,Hopewell,"Richmond, VA",10404
2018,M13,Annual,9219,,LAUCN516700000000005,2018-12-01,51670,Hopewell City,Hopewell,"Richmond, VA",10322
2017,M13,Annual,9236,,LAUCN516700000000005,2017-12-01,51670,Hopewell City,Hopewell,"Richmond, VA",10309
2016,M13,Annual,9157,,LAUCN516700000000005,2016-12-01,51670,Hopewell City,Hopewell,"Richmond, VA",10295
2015,M13,Annual,8933,,LAUCN516700000000005,2015-12-01,51670,Hopewell City,Hopewell,"Richmond, VA",10278
2014,M13,Annual,8828,,LAUCN516700000000005,2014-12-01,51670,Hopewell City,Hopewell,"Richmond, VA",10219
2013,M13,Annual,8729,,LAUCN516700000000005,2013-12-01,51670,Hopewell City,Hopewell,"Richmond, VA",10191
2012,M13,Annual,8760,,LAUCN516700000000005,2012-12-01,51670,Hopewell City,Hopewell,"Richmond, VA",10162
2011,M13,Annual,8779,,LAUCN516700000000005,2011-12-01,51670,Hopewell City,Hopewell,"Richmond, VA",10164
2010,M13,Annual,8717,,LAUCN516700000000005,2010-12-01,51670,Hopewell City,Hopewell,"Richmond, VA",10121
2023,M13,Annual,2224,,LAUCN516780000000005,2023-12-01,51678,Lexington City,Lexington,Non-Metro,2617
2022,M13,Annual,2124,,LAUCN516780000000005,2022-12-01,51678,Lexington City,Lexington,Non-Metro,2620
2021,M13,Annual,1979,,LAUCN516780000000005,2021-12-01,51678,Lexington City,Lexington,Non-Metro,2618
2020,M13,Annual,1881,,LAUCN516780000000005,2020-12-01,51678,Lexington City,Lexington,Non-Metro,2617
2019,M13,Annual,2001,,LAUCN516780000000005,2019-12-01,51678,Lexington City,Lexington,Non-Metro,2544
2018,M13,Annual,1987,,LAUCN516780000000005,2018-12-01,51678,Lexington City,Lexington,Non-Metro,2509
2017,M13,Annual,2014,,LAUCN516780000000005,2017-12-01,51678,Lexington City,Lexington,Non-Metro,2512
2016,M13,Annual,2130,,LAUCN516780000000005,2016-12-01,51678,Lexington City,Lexington,Non-Metro,2515
2015,M13,Annual,2108,,LAUCN516780000000005,2015-12-01,51678,Lexington City,Lexington,Non-Metro,2518
2014,M13,Annual,2106,,LAUCN516780000000005,2014-12-01,51678,Lexington City,Lexington,Non-Metro,2519
2013,M13,Annual,2064,,LAUCN516780000000005,2013-12-01,51678,Lexington City,Lexington,Non-Metro,2525
2012,M13,Annual,2083,,LAUCN516780000000005,2012-12-01,51678,Lexington City,Lexington,Non-Metro,2532
2011,M13,Annual,2080,,LAUCN516780000000005,2011-12-01,51678,Lexington City,Lexington,Non-Metro,2535
2010,M13,Annual,2085,,LAUCN516780000000005,2010-12-01,51678,Lexington City,Lexington,Non-Metro,2546
2023,M13,Annual,34719,,LAUCN516800000000005,2023-12-01,51680,Lynchburg City,Lynchburg,"Lynchburg, VA",34317
2022,M13,Annual,34185,,LAUCN516800000000005,2022-12-01,51680,Lynchburg City,Lynchburg,"Lynchburg, VA",34201
2021,M13,Annual,33343,,LAUCN516800000000005,2021-12-01,51680,Lynchburg City,Lynchburg,"Lynchburg, VA",34151
2020,M13,Annual,32902,,LAUCN516800000000005,2020-12-01,51680,Lynchburg City,Lynchburg,"Lynchburg, VA",33885
2019,M13,Annual,35326,,LAUCN516800000000005,2019-12-01,51680,Lynchburg City,Lynchburg,"Lynchburg, VA",32533
2018,M13,Annual,34924,,LAUCN516800000000005,2018-12-01,51680,Lynchburg City,Lynchburg,"Lynchburg, VA",32500
2017,M13,Annual,34606,,LAUCN516800000000005,2017-12-01,51680,Lynchburg City,Lynchburg,"Lynchburg, VA",32447
2016,M13,Annual,33738,,LAUCN516800000000005,2016-12-01,51680,Lynchburg City,Lynchburg,"Lynchburg, VA",32395
2015,M13,Annual,33791,,LAUCN516800000000005,2015-12-01,51680,Lynchburg City,Lynchburg,"Lynchburg, VA",32218
2014,M13,Annual,33853,,LAUCN516800000000005,2014-12-01,51680,Lynchburg City,Lynchburg,"Lynchburg, VA",32222
2013,M13,Annual,33266,,LAUCN516800000000005,2013-12-01,51680,Lynchburg City,Lynchburg,"Lynchburg, VA",32164
2012,M13,Annual,32933,,LAUCN516800000000005,2012-12-01,51680,Lynchburg City,Lynchburg,"Lynchburg, VA",32020
2011,M13,Annual,32834,,LAUCN516800000000005,2011-12-01,51680,Lynchburg City,Lynchburg,"Lynchburg, VA",32047
2010,M13,Annual,32781,,LAUCN516800000000005,2010-12-01,51680,Lynchburg City,Lynchburg,"Lynchburg, VA",31992
2023,M13,Annual,21767,,LAUCN516830000000005,2023-12-01,51683,Manassas City,Manassas,"Washington-Arlington-Alexandria, DC-VA-MD-WV",14571
2022,M13,Annual,21178,,LAUCN516830000000005,2022-12-01,51683,Manassas City,Manassas,"Washington-Arlington-Alexandria, DC-VA-MD-WV",14515
2021,M13,Annual,20361,,LAUCN516830000000005,2021-12-01,51683,Manassas City,Manassas,"Washington-Arlington-Alexandria, DC-VA-MD-WV",14439
2020,M13,Annual,19883,,LAUCN516830000000005,2020-12-01,51683,Manassas City,Manassas,"Washington-Arlington-Alexandria, DC-VA-MD-WV",14386
2019,M13,Annual,21361,,LAUCN516830000000005,2019-12-01,51683,Manassas City,Manassas,"Washington-Arlington-Alexandria, DC-VA-MD-WV",13934
2018,M13,Annual,21267,,LAUCN516830000000005,2018-12-01,51683,Manassas City,Manassas,"Washington-Arlington-Alexandria, DC-VA-MD-WV",13876
2017,M13,Annual,21114,,LAUCN516830000000005,2017-12-01,51683,Manassas City,Manassas,"Washington-Arlington-Alexandria, DC-VA-MD-WV",13667
2016,M13,Annual,20858,,LAUCN516830000000005,2016-12-01,51683,Manassas City,Manassas,"Washington-Arlington-Alexandria, DC-VA-MD-WV",13550
2015,M13,Annual,20794,,LAUCN516830000000005,2015-12-01,51683,Manassas City,Manassas,"Washington-Arlington-Alexandria, DC-VA-MD-WV",13440
2014,M13,Annual,21102,,LAUCN516830000000005,2014-12-01,51683,Manassas City,Manassas,"Washington-Arlington-Alexandria, DC-VA-MD-WV",13341
2013,M13,Annual,21075,,LAUCN516830000000005,2013-12-01,51683,Manassas City,Manassas,"Washington-Arlington-Alexandria, DC-VA-MD-WV",13246
2012,M13,Annual,20695,,LAUCN516830000000005,2012-12-01,51683,Manassas City,Manassas,"Washington-Arlington-Alexandria, DC-VA-MD-WV",13177
2011,M13,Annual,20072,,LAUCN516830000000005,2011-12-01,51683,Manassas City,Manassas,"Washington-Arlington-Alexandria, DC-VA-MD-WV",13152
2010,M13,Annual,19494,,LAUCN516830000000005,2010-12-01,51683,Manassas City,Manassas,"Washington-Arlington-Alexandria, DC-VA-MD-WV",13123
2023,M13,Annual,9809,,LAUCN516850000000005,2023-12-01,51685,Manassas Park City,Manassas Park,"Washington-Arlington-Alexandria, DC-VA-MD-WV",5572
2022,M13,Annual,9550,,LAUCN516850000000005,2022-12-01,51685,Manassas Park City,Manassas Park,"Washington-Arlington-Alexandria, DC-VA-MD-WV",5522
2021,M13,Annual,9195,,LAUCN516850000000005,2021-12-01,51685,Manassas Park City,Manassas Park,"Washington-Arlington-Alexandria, DC-VA-MD-WV",5516
2020,M13,Annual,8972,,LAUCN516850000000005,2020-12-01,51685,Manassas Park City,Manassas Park,"Washington-Arlington-Alexandria, DC-VA-MD-WV",5523
2019,M13,Annual,9300,,LAUCN516850000000005,2019-12-01,51685,Manassas Park City,Manassas Park,"Washington-Arlington-Alexandria, DC-VA-MD-WV",4865
2018,M13,Annual,9045,,LAUCN516850000000005,2018-12-01,51685,Manassas Park City,Manassas Park,"Washington-Arlington-Alexandria, DC-VA-MD-WV",4876
2017,M13,Annual,8629,,LAUCN516850000000005,2017-12-01,51685,Manassas Park City,Manassas Park,"Washington-Arlington-Alexandria, DC-VA-MD-WV",4886
2016,M13,Annual,8188,,LAUCN516850000000005,2016-12-01,51685,Manassas Park City,Manassas Park,"Washington-Arlington-Alexandria, DC-VA-MD-WV",4895
2015,M13,Annual,8022,,LAUCN516850000000005,2015-12-01,51685,Manassas Park City,Manassas Park,"Washington-Arlington-Alexandria, DC-VA-MD-WV",4895
2014,M13,Annual,7806,,LAUCN516850000000005,2014-12-01,51685,Manassas Park City,Manassas Park,"Washington-Arlington-Alexandria, DC-VA-MD-WV",4893
2013,M13,Annual,8371,,LAUCN516850000000005,2013-12-01,51685,Manassas Park City,Manassas Park,"Washington-Arlington-Alexandria, DC-VA-MD-WV",4890
2012,M13,Annual,8290,,LAUCN516850000000005,2012-12-01,51685,Manassas Park City,Manassas Park,"Washington-Arlington-Alexandria, DC-VA-MD-WV",4885
2011,M13,Annual,8140,,LAUCN516850000000005,2011-12-01,51685,Manassas Park City,Manassas Park,"Washington-Arlington-Alexandria, DC-VA-MD-WV",4888
2010,M13,Annual,7559,,LAUCN516850000000005,2010-12-01,51685,Manassas Park City,Manassas Park,"Washington-Arlington-Alexandria, DC-VA-MD-WV",4904
2023,M13,Annual,5361,,LAUCN516900000000005,2023-12-01,51690,Martinsville City,Martinsville,"Martinsville, VA",7045
2022,M13,Annual,5321,,LAUCN516900000000005,2022-12-01,51690,Martinsville City,Martinsville,"Martinsville, VA",7010
2021,M13,Annual,5132,,LAUCN516900000000005,2021-12-01,51690,Martinsville City,Martinsville,"Martinsville, VA",7029
2020,M13,Annual,4979,,LAUCN516900000000005,2020-12-01,51690,Martinsville City,Martinsville,"Martinsville, VA",7047
2019,M13,Annual,5270,,LAUCN516900000000005,2019-12-01,51690,Martinsville City,Martinsville,"Martinsville, VA",7031
2018,M13,Annual,5238,,LAUCN516900000000005,2018-12-01,51690,Martinsville City,Martinsville,"Martinsville, VA",7058
2017,M13,Annual,5214,,LAUCN516900000000005,2017-12-01,51690,Martinsville City,Martinsville,"Martinsville, VA",7066
2016,M13,Annual,4807,,LAUCN516900000000005,2016-12-01,51690,Martinsville City,Martinsville,"Martinsville, VA",7085
2015,M13,Annual,4909,,LAUCN516900000000005,2015-12-01,51690,Martinsville City,Martinsville,"Martinsville, VA",7107
2014,M13,Annual,5017,,LAUCN516900000000005,2014-12-01,51690,Martinsville City,Martinsville,"Martinsville, VA",7129
2013,M13,Annual,5067,,LAUCN516900000000005,2013-12-01,51690,Martinsville City,Martinsville,"Martinsville, VA",7149
2012,M13,Annual,5009,,LAUCN516900000000005,2012-12-01,51690,Martinsville City,Martinsville,"Martinsville, VA",7168
2011,M13,Annual,4998,,LAUCN516900000000005,2011-12-01,51690,Martinsville City,Martinsville,"Martinsville, VA",7184
2010,M13,Annual,5063,,LAUCN516900000000005,2010-12-01,51690,Martinsville City,Martinsville,"Martinsville, VA",7205
2023,M13,Annual,87869,,LAUCN517000000000005,2023-12-01,51700,Newport News City,Newport News,"Virginia Beach-Norfolk-Newport News, VA-NC",82087
2022,M13,Annual,85433,,LAUCN517000000000005,2022-12-01,51700,Newport News City,Newport News,"Virginia Beach-Norfolk-Newport News, VA-NC",81864
2021,M13,Annual,82758,,LAUCN517000000000005,2021-12-01,51700,Newport News City,Newport News,"Virginia Beach-Norfolk-Newport News, VA-NC",81917
2020,M13,Annual,80945,,LAUCN517000000000005,2020-12-01,51700,Newport News City,Newport News,"Virginia Beach-Norfolk-Newport News, VA-NC",81910
2019,M13,Annual,86752,,LAUCN517000000000005,2019-12-01,51700,Newport News City,Newport News,"Virginia Beach-Norfolk-Newport News, VA-NC",77926
2018,M13,Annual,85683,,LAUCN517000000000005,2018-12-01,51700,Newport News City,Newport News,"Virginia Beach-Norfolk-Newport News, VA-NC",77998
2017,M13,Annual,85701,,LAUCN517000000000005,2017-12-01,51700,Newport News City,Newport News,"Virginia Beach-Norfolk-Newport News, VA-NC",77749
2016,M13,Annual,84452,,LAUCN517000000000005,2016-12-01,51700,Newport News City,Newport News,"Virginia Beach-Norfolk-Newport News, VA-NC",77701
2015,M13,Annual,84369,,LAUCN517000000000005,2015-12-01,51700,Newport News City,Newport News,"Virginia Beach-Norfolk-Newport News, VA-NC",77377
2014,M13,Annual,85403,,LAUCN517000000000005,2014-12-01,51700,Newport News City,Newport News,"Virginia Beach-Norfolk-Newport News, VA-NC",77225
2013,M13,Annual,84482,,LAUCN517000000000005,2013-12-01,51700,Newport News City,Newport News,"Virginia Beach-Norfolk-Newport News, VA-NC",77178
2012,M13,Annual,83269,,LAUCN517000000000005,2012-12-01,51700,Newport News City,Newport News,"Virginia Beach-Norfolk-Newport News, VA-NC",77053
2011,M13,Annual,83192,,LAUCN517000000000005,2011-12-01,51700,Newport News City,Newport News,"Virginia Beach-Norfolk-Newport News, VA-NC",76436
2010,M13,Annual,83062,,LAUCN517000000000005,2010-12-01,51700,Newport News City,Newport News,"Virginia Beach-Norfolk-Newport News, VA-NC",76198
2023,M13,Annual,109605,,LAUCN517100000000005,2023-12-01,51710,Norfolk City,Norfolk,"Virginia Beach-Norfolk-Newport News, VA-NC",104466
2022,M13,Annual,106566,,LAUCN517100000000005,2022-12-01,51710,Norfolk City,Norfolk,"Virginia Beach-Norfolk-Newport News, VA-NC",103568
2021,M13,Annual,103229,,LAUCN517100000000005,2021-12-01,51710,Norfolk City,Norfolk,"Virginia Beach-Norfolk-Newport News, VA-NC",102404
2020,M13,Annual,100964,,LAUCN517100000000005,2020-12-01,51710,Norfolk City,Norfolk,"Virginia Beach-Norfolk-Newport News, VA-NC",101505
2019,M13,Annual,108084,,LAUCN517100000000005,2019-12-01,51710,Norfolk City,Norfolk,"Virginia Beach-Norfolk-Newport News, VA-NC",98455
2018,M13,Annual,107699,,LAUCN517100000000005,2018-12-01,51710,Norfolk City,Norfolk,"Virginia Beach-Norfolk-Newport News, VA-NC",98207
2017,M13,Annual,107538,,LAUCN517100000000005,2017-12-01,51710,Norfolk City,Norfolk,"Virginia Beach-Norfolk-Newport News, VA-NC",97907
2016,M13,Annual,104722,,LAUCN517100000000005,2016-12-01,51710,Norfolk City,Norfolk,"Virginia Beach-Norfolk-Newport News, VA-NC",97197
2015,M13,Annual,104840,,LAUCN517100000000005,2015-12-01,51710,Norfolk City,Norfolk,"Virginia Beach-Norfolk-Newport News, VA-NC",96596
2014,M13,Annual,105379,,LAUCN517100000000005,2014-12-01,51710,Norfolk City,Norfolk,"Virginia Beach-Norfolk-Newport News, VA-NC",96258
2013,M13,Annual,105086,,LAUCN517100000000005,2013-12-01,51710,Norfolk City,Norfolk,"Virginia Beach-Norfolk-Newport News, VA-NC",95575
2012,M13,Annual,104230,,LAUCN517100000000005,2012-12-01,51710,Norfolk City,Norfolk,"Virginia Beach-Norfolk-Newport News, VA-NC",95366
2011,M13,Annual,103387,,LAUCN517100000000005,2011-12-01,51710,Norfolk City,Norfolk,"Virginia Beach-Norfolk-Newport News, VA-NC",95126
2010,M13,Annual,102555,,LAUCN517100000000005,2010-12-01,51710,Norfolk City,Norfolk,"Virginia Beach-Norfolk-Newport News, VA-NC",95018
2023,M13,Annual,1557,,LAUCN517200000000005,2023-12-01,51720,Norton City,Norton,"Big Stone Gap, VA",1926
2022,M13,Annual,1542,,LAUCN517200000000005,2022-12-01,51720,Norton City,Norton,"Big Stone Gap, VA",1928
2021,M13,Annual,1524,,LAUCN517200000000005,2021-12-01,51720,Norton City,Norton,"Big Stone Gap, VA",1932
2020,M13,Annual,1522,,LAUCN517200000000005,2020-12-01,51720,Norton City,Norton,"Big Stone Gap, VA",1936
2019,M13,Annual,1624,,LAUCN517200000000005,2019-12-01,51720,Norton City,Norton,"Big Stone Gap, VA",1954
2018,M13,Annual,1605,,LAUCN517200000000005,2018-12-01,51720,Norton City,Norton,"Big Stone Gap, VA",1958
2017,M13,Annual,1627,,LAUCN517200000000005,2017-12-01,51720,Norton City,Norton,"Big Stone Gap, VA",1961
2016,M13,Annual,1550,,LAUCN517200000000005,2016-12-01,51720,Norton City,Norton,"Big Stone Gap, VA",1966
2015,M13,Annual,1620,,LAUCN517200000000005,2015-12-01,51720,Norton City,Norton,"Big Stone Gap, VA",1970
2014,M13,Annual,1674,,LAUCN517200000000005,2014-12-01,51720,Norton City,Norton,"Big Stone Gap, VA",1974
2013,M13,Annual,1717,,LAUCN517200000000005,2013-12-01,51720,Norton City,Norton,"Big Stone Gap, VA",1979
2012,M13,Annual,1841,,LAUCN517200000000005,2012-12-01,51720,Norton City,Norton,"Big Stone Gap, VA",1977
2011,M13,Annual,1964,,LAUCN517200000000005,2011-12-01,51720,Norton City,Norton,"Big Stone Gap, VA",1972
2010,M13,Annual,1927,,LAUCN517200000000005,2010-12-01,51720,Norton City,Norton,"Big Stone Gap, VA",1945
2023,M13,Annual,12302,,LAUCN517300000000005,2023-12-01,51730,Petersburg City,Petersburg,"Richmond, VA",18145
2022,M13,Annual,11917,,LAUCN517300000000005,2022-12-01,51730,Petersburg City,Petersburg,"Richmond, VA",18081
2021,M13,Annual,11378,,LAUCN517300000000005,2021-12-01,51730,Petersburg City,Petersburg,"Richmond, VA",18017
2020,M13,Annual,11100,,LAUCN517300000000005,2020-12-01,51730,Petersburg City,Petersburg,"Richmond, VA",18004
2019,M13,Annual,12243,,LAUCN517300000000005,2019-12-01,51730,Petersburg City,Petersburg,"Richmond, VA",16309
2018,M13,Annual,12233,,LAUCN517300000000005,2018-12-01,51730,Petersburg City,Petersburg,"Richmond, VA",16352
2017,M13,Annual,12308,,LAUCN517300000000005,2017-12-01,51730,Petersburg City,Petersburg,"Richmond, VA",16403
2016,M13,Annual,12194,,LAUCN517300000000005,2016-12-01,51730,Petersburg City,Petersburg,"Richmond, VA",16382
2015,M13,Annual,12320,,LAUCN517300000000005,2015-12-01,51730,Petersburg City,Petersburg,"Richmond, VA",16351
2014,M13,Annual,12371,,LAUCN517300000000005,2014-12-01,51730,Petersburg City,Petersburg,"Richmond, VA",16395
2013,M13,Annual,12190,,LAUCN517300000000005,2013-12-01,51730,Petersburg City,Petersburg,"Richmond, VA",16437
2012,M13,Annual,11992,,LAUCN517300000000005,2012-12-01,51730,Petersburg City,Petersburg,"Richmond, VA",16478
2011,M13,Annual,11934,,LAUCN517300000000005,2011-12-01,51730,Petersburg City,Petersburg,"Richmond, VA",16516
2010,M13,Annual,11933,,LAUCN517300000000005,2010-12-01,51730,Petersburg City,Petersburg,"Richmond, VA",16326
2023,M13,Annual,6389,,LAUCN517350000000005,2023-12-01,51735,Poquoson City,Poquoson city,"Virginia Beach-Norfolk-Newport News, VA-NC",4971
2022,M13,Annual,6227,,LAUCN517350000000005,2022-12-01,51735,Poquoson City,Poquoson city,"Virginia Beach-Norfolk-Newport News, VA-NC",4954
2021,M13,Annual,6050,,LAUCN517350000000005,2021-12-01,51735,Poquoson City,Poquoson city,"Virginia Beach-Norfolk-Newport News, VA-NC",4945
2020,M13,Annual,5916,,LAUCN517350000000005,2020-12-01,51735,Poquoson City,Poquoson city,"Virginia Beach-Norfolk-Newport News, VA-NC",4930
2019,M13,Annual,6324,,LAUCN517350000000005,2019-12-01,51735,Poquoson City,Poquoson city,"Virginia Beach-Norfolk-Newport News, VA-NC",4854
2018,M13,Annual,6215,,LAUCN517350000000005,2018-12-01,51735,Poquoson City,Poquoson city,"Virginia Beach-Norfolk-Newport News, VA-NC",4826
2017,M13,Annual,6113,,LAUCN517350000000005,2017-12-01,51735,Poquoson City,Poquoson city,"Virginia Beach-Norfolk-Newport News, VA-NC",4792
2016,M13,Annual,5963,,LAUCN517350000000005,2016-12-01,51735,Poquoson City,Poquoson city,"Virginia Beach-Norfolk-Newport News, VA-NC",4761
2015,M13,Annual,5988,,LAUCN517350000000005,2015-12-01,51735,Poquoson City,Poquoson city,"Virginia Beach-Norfolk-Newport News, VA-NC",4755
2014,M13,Annual,6039,,LAUCN517350000000005,2014-12-01,51735,Poquoson City,Poquoson city,"Virginia Beach-Norfolk-Newport News, VA-NC",4742
2013,M13,Annual,6041,,LAUCN517350000000005,2013-12-01,51735,Poquoson City,Poquoson city,"Virginia Beach-Norfolk-Newport News, VA-NC",4746
2012,M13,Annual,6016,,LAUCN517350000000005,2012-12-01,51735,Poquoson City,Poquoson city,"Virginia Beach-Norfolk-Newport News, VA-NC",4742
2011,M13,Annual,5998,,LAUCN517350000000005,2011-12-01,51735,Poquoson City,Poquoson city,"Virginia Beach-Norfolk-Newport News, VA-NC",4735
2010,M13,Annual,6004,,LAUCN517350000000005,2010-12-01,51735,Poquoson City,Poquoson city,"Virginia Beach-Norfolk-Newport News, VA-NC",4726
2023,M13,Annual,43708,,LAUCN517400000000005,2023-12-01,51740,Portsmouth City,Portsmouth,"Virginia Beach-Norfolk-Newport News, VA-NC",43367
2022,M13,Annual,42505,,LAUCN517400000000005,2022-12-01,51740,Portsmouth City,Portsmouth,"Virginia Beach-Norfolk-Newport News, VA-NC",43385
2021,M13,Annual,41186,,LAUCN517400000000005,2021-12-01,51740,Portsmouth City,Portsmouth,"Virginia Beach-Norfolk-Newport News, VA-NC",43311
2020,M13,Annual,40274,,LAUCN517400000000005,2020-12-01,51740,Portsmouth City,Portsmouth,"Virginia Beach-Norfolk-Newport News, VA-NC",43152
2019,M13,Annual,42800,,LAUCN517400000000005,2019-12-01,51740,Portsmouth City,Portsmouth,"Virginia Beach-Norfolk-Newport News, VA-NC",40907
2018,M13,Annual,42519,,LAUCN517400000000005,2018-12-01,51740,Portsmouth City,Portsmouth,"Virginia Beach-Norfolk-Newport News, VA-NC",40910
2017,M13,Annual,42308,,LAUCN517400000000005,2017-12-01,51740,Portsmouth City,Portsmouth,"Virginia Beach-Norfolk-Newport News, VA-NC",40887
2016,M13,Annual,41436,,LAUCN517400000000005,2016-12-01,51740,Portsmouth City,Portsmouth,"Virginia Beach-Norfolk-Newport News, VA-NC",40894
2015,M13,Annual,41689,,LAUCN517400000000005,2015-12-01,51740,Portsmouth City,Portsmouth,"Virginia Beach-Norfolk-Newport News, VA-NC",40928
2014,M13,Annual,41996,,LAUCN517400000000005,2014-12-01,51740,Portsmouth City,Portsmouth,"Virginia Beach-Norfolk-Newport News, VA-NC",40902
2013,M13,Annual,41847,,LAUCN517400000000005,2013-12-01,51740,Portsmouth City,Portsmouth,"Virginia Beach-Norfolk-Newport News, VA-NC",40806
2012,M13,Annual,41689,,LAUCN517400000000005,2012-12-01,51740,Portsmouth City,Portsmouth,"Virginia Beach-Norfolk-Newport News, VA-NC",40785
2011,M13,Annual,41440,,LAUCN517400000000005,2011-12-01,51740,Portsmouth City,Portsmouth,"Virginia Beach-Norfolk-Newport News, VA-NC",40747
2010,M13,Annual,41082,,LAUCN517400000000005,2010-12-01,51740,Portsmouth City,Portsmouth,"Virginia Beach-Norfolk-Newport News, VA-NC",40806
2023,M13,Annual,8974,,LAUCN517500000000005,2023-12-01,51750,Radford City,Radford,"Blacksburg-Christiansburg, VA",6464
2022,M13,Annual,8654,,LAUCN517500000000005,2022-12-01,51750,Radford City,Radford,"Blacksburg-Christiansburg, VA",6451
2021,M13,Annual,8255,,LAUCN517500000000005,2021-12-01,51750,Radford City,Radford,"Blacksburg-Christiansburg, VA",6458
2020,M13,Annual,7924,,LAUCN517500000000005,2020-12-01,51750,Radford City,Radford,"Blacksburg-Christiansburg, VA",6450
2019,M13,Annual,8429,,LAUCN517500000000005,2019-12-01,51750,Radford City,Radford,"Blacksburg-Christiansburg, VA",6521
2018,M13,Annual,8320,,LAUCN517500000000005,2018-12-01,51750,Radford City,Radford,"Blacksburg-Christiansburg, VA",6526
2017,M13,Annual,8006,,LAUCN517500000000005,2017-12-01,51750,Radford City,Radford,"Blacksburg-Christiansburg, VA",6516
2016,M13,Annual,7826,,LAUCN517500000000005,2016-12-01,51750,Radford City,Radford,"Blacksburg-Christiansburg, VA",6518
2015,M13,Annual,7859,,LAUCN517500000000005,2015-12-01,51750,Radford City,Radford,"Blacksburg-Christiansburg, VA",6530
2014,M13,Annual,7933,,LAUCN517500000000005,2014-12-01,51750,Radford City,Radford,"Blacksburg-Christiansburg, VA",6537
2013,M13,Annual,7722,,LAUCN517500000000005,2013-12-01,51750,Radford City,Radford,"Blacksburg-Christiansburg, VA",6460
2012,M13,Annual,7463,,LAUCN517500000000005,2012-12-01,51750,Radford City,Radford,"Blacksburg-Christiansburg, VA",6463
2011,M13,Annual,7391,,LAUCN517500000000005,2011-12-01,51750,Radford City,Radford,"Blacksburg-Christiansburg, VA",6435
2010,M13,Annual,7057,,LAUCN517500000000005,2010-12-01,51750,Radford City,Radford,"Blacksburg-Christiansburg, VA",6427
2023,M13,Annual,120442,,LAUCN517600000000005,2023-12-01,51760,Richmond City,Richmond,"Richmond, VA",115676
2022,M13,Annual,116730,,LAUCN517600000000005,2022-12-01,51760,Richmond City,Richmond,"Richmond, VA",113441
2021,M13,Annual,111544,,LAUCN517600000000005,2021-12-01,51760,Richmond City,Richmond,"Richmond, VA",112765
2020,M13,Annual,108760,,LAUCN517600000000005,2020-12-01,51760,Richmond City,Richmond,"Richmond, VA",112132
2019,M13,Annual,115561,,LAUCN517600000000005,2019-12-01,51760,Richmond City,Richmond,"Richmond, VA",101245
2018,M13,Annual,113838,,LAUCN517600000000005,2018-12-01,51760,Richmond City,Richmond,"Richmond, VA",101068
2017,M13,Annual,112921,,LAUCN517600000000005,2017-12-01,51760,Richmond City,Richmond,"Richmond, VA",100143
2016,M13,Annual,109549,,LAUCN517600000000005,2016-12-01,51760,Richmond City,Richmond,"Richmond, VA",100005
2015,M13,Annual,107324,,LAUCN517600000000005,2015-12-01,51760,Richmond City,Richmond,"Richmond, VA",99851
2014,M13,Annual,105947,,LAUCN517600000000005,2014-12-01,51760,Richmond City,Richmond,"Richmond, VA",99662
2013,M13,Annual,103127,,LAUCN517600000000005,2013-12-01,51760,Richmond City,Richmond,"Richmond, VA",99173
2012,M13,Annual,101114,,LAUCN517600000000005,2012-12-01,51760,Richmond City,Richmond,"Richmond, VA",98685
2011,M13,Annual,98386,,LAUCN517600000000005,2011-12-01,51760,Richmond City,Richmond,"Richmond, VA",98679
2010,M13,Annual,96300,,LAUCN517600000000005,2010-12-01,51760,Richmond City,Richmond,"Richmond, VA",98349
2023,M13,Annual,48723,,LAUCN517700000000005,2023-12-01,51770,Roanoke City,Roanoke,"Roanoke, VA",49361
2022,M13,Annual,47459,,LAUCN517700000000005,2022-12-01,51770,Roanoke City,Roanoke,"Roanoke, VA",49144
2021,M13,Annual,45876,,LAUCN517700000000005,2021-12-01,51770,Roanoke City,Roanoke,"Roanoke, VA",48910
2020,M13,Annual,45060,,LAUCN517700000000005,2020-12-01,51770,Roanoke City,Roanoke,"Roanoke, VA",48749
2019,M13,Annual,47777,,LAUCN517700000000005,2019-12-01,51770,Roanoke City,Roanoke,"Roanoke, VA",46942
2018,M13,Annual,47482,,LAUCN517700000000005,2018-12-01,51770,Roanoke City,Roanoke,"Roanoke, VA",47004
2017,M13,Annual,47397,,LAUCN517700000000005,2017-12-01,51770,Roanoke City,Roanoke,"Roanoke, VA",47003
2016,M13,Annual,46924,,LAUCN517700000000005,2016-12-01,51770,Roanoke City,Roanoke,"Roanoke, VA",47021
2015,M13,Annual,46728,,LAUCN517700000000005,2015-12-01,51770,Roanoke City,Roanoke,"Roanoke, VA",47033
2014,M13,Annual,47364,,LAUCN517700000000005,2014-12-01,51770,Roanoke City,Roanoke,"Roanoke, VA",47145
2013,M13,Annual,46540,,LAUCN517700000000005,2013-12-01,51770,Roanoke City,Roanoke,"Roanoke, VA",47080
2012,M13,Annual,46064,,LAUCN517700000000005,2012-12-01,51770,Roanoke City,Roanoke,"Roanoke, VA",47190
2011,M13,Annual,45430,,LAUCN517700000000005,2011-12-01,51770,Roanoke City,Roanoke,"Roanoke, VA",47288
2010,M13,Annual,45000,,LAUCN517700000000005,2010-12-01,51770,Roanoke City,Roanoke,"Roanoke, VA",47453
2023,M13,Annual,12859,,LAUCN517750000000005,2023-12-01,51775,Salem City,Salem,"Roanoke, VA",11083
2022,M13,Annual,12518,,LAUCN517750000000005,2022-12-01,51775,Salem City,Salem,"Roanoke, VA",11076
2021,M13,Annual,12087,,LAUCN517750000000005,2021-12-01,51775,Salem City,Salem,"Roanoke, VA",11101
2020,M13,Annual,11880,,LAUCN517750000000005,2020-12-01,51775,Salem City,Salem,"Roanoke, VA",11126
2019,M13,Annual,12574,,LAUCN517750000000005,2019-12-01,51775,Salem City,Salem,"Roanoke, VA",10835
2018,M13,Annual,12569,,LAUCN517750000000005,2018-12-01,51775,Salem City,Salem,"Roanoke, VA",10867
2017,M13,Annual,12674,,LAUCN517750000000005,2017-12-01,51775,Salem City,Salem,"Roanoke, VA",10855
2016,M13,Annual,12409,,LAUCN517750000000005,2016-12-01,51775,Salem City,Salem,"Roanoke, VA",10848
2015,M13,Annual,12258,,LAUCN517750000000005,2015-12-01,51775,Salem City,Salem,"Roanoke, VA",10843
2014,M13,Annual,12499,,LAUCN517750000000005,2014-12-01,51775,Salem City,Salem,"Roanoke, VA",10834
2013,M13,Annual,12310,,LAUCN517750000000005,2013-12-01,51775,Salem City,Salem,"Roanoke, VA",10833
2012,M13,Annual,12145,,LAUCN517750000000005,2012-12-01,51775,Salem City,Salem,"Roanoke, VA",10833
2011,M13,Annual,12001,,LAUCN517750000000005,2011-12-01,51775,Salem City,Salem,"Roanoke, VA",10842
2010,M13,Annual,11904,,LAUCN517750000000005,2010-12-01,51775,Salem City,Salem,"Roanoke, VA",10832
2023,M13,Annual,12528,,LAUCN517900000000005,2023-12-01,51790,Staunton City,Staunton,"Staunton, VA",12395
2022,M13,Annual,12129,,LAUCN517900000000005,2022-12-01,51790,Staunton City,Staunton,"Staunton, VA",12361
2021,M13,Annual,11548,,LAUCN517900000000005,2021-12-01,51790,Staunton City,Staunton,"Staunton, VA",12333
2020,M13,Annual,11358,,LAUCN517900000000005,2020-12-01,51790,Staunton City,Staunton,"Staunton, VA",12317
2019,M13,Annual,11968,,LAUCN517900000000005,2019-12-01,51790,Staunton City,Staunton,"Staunton, VA",11851
2018,M13,Annual,11718,,LAUCN517900000000005,2018-12-01,51790,Staunton City,Staunton,"Staunton, VA",11840
2017,M13,Annual,11551,,LAUCN517900000000005,2017-12-01,51790,Staunton City,Staunton,"Staunton, VA",11840
2016,M13,Annual,11354,,LAUCN517900000000005,2016-12-01,51790,Staunton City,Staunton,"Staunton, VA",11807
2015,M13,Annual,11348,,LAUCN517900000000005,2015-12-01,51790,Staunton City,Staunton,"Staunton, VA",11816
2014,M13,Annual,11472,,LAUCN517900000000005,2014-12-01,51790,Staunton City,Staunton,"Staunton, VA",11717
2013,M13,Annual,11278,,LAUCN517900000000005,2013-12-01,51790,Staunton City,Staunton,"Staunton, VA",11729
2012,M13,Annual,11064,,LAUCN517900000000005,2012-12-01,51790,Staunton City,Staunton,"Staunton, VA",11739
2011,M13,Annual,11139,,LAUCN517900000000005,2011-12-01,51790,Staunton City,Staunton,"Staunton, VA",11747
2010,M13,Annual,10915,,LAUCN517900000000005,2010-12-01,51790,Staunton City,Staunton,"Staunton, VA",11738
2023,M13,Annual,45550,,LAUCN518000000000005,2023-12-01,51800,Suffolk City,Suffolk,"Virginia Beach-Norfolk-Newport News, VA-NC",41445
2022,M13,Annual,44299,,LAUCN518000000000005,2022-12-01,51800,Suffolk City,Suffolk,"Virginia Beach-Norfolk-Newport News, VA-NC",40844
2021,M13,Annual,42920,,LAUCN518000000000005,2021-12-01,51800,Suffolk City,Suffolk,"Virginia Beach-Norfolk-Newport News, VA-NC",39562
2020,M13,Annual,41988,,LAUCN518000000000005,2020-12-01,51800,Suffolk City,Suffolk,"Virginia Beach-Norfolk-Newport News, VA-NC",38534
2019,M13,Annual,44081,,LAUCN518000000000005,2019-12-01,51800,Suffolk City,Suffolk,"Virginia Beach-Norfolk-Newport News, VA-NC",37955
2018,M13,Annual,43234,,LAUCN518000000000005,2018-12-01,51800,Suffolk City,Suffolk,"Virginia Beach-Norfolk-Newport News, VA-NC",37319
2017,M13,Annual,42616,,LAUCN518000000000005,2017-12-01,51800,Suffolk City,Suffolk,"Virginia Beach-Norfolk-Newport News, VA-NC",36828
2016,M13,Annual,41030,,LAUCN518000000000005,2016-12-01,51800,Suffolk City,Suffolk,"Virginia Beach-Norfolk-Newport News, VA-NC",36196
2015,M13,Annual,40380,,LAUCN518000000000005,2015-12-01,51800,Suffolk City,Suffolk,"Virginia Beach-Norfolk-Newport News, VA-NC",35477
2014,M13,Annual,40105,,LAUCN518000000000005,2014-12-01,51800,Suffolk City,Suffolk,"Virginia Beach-Norfolk-Newport News, VA-NC",35193
2013,M13,Annual,39393,,LAUCN518000000000005,2013-12-01,51800,Suffolk City,Suffolk,"Virginia Beach-Norfolk-Newport News, VA-NC",34162
2012,M13,Annual,38861,,LAUCN518000000000005,2012-12-01,51800,Suffolk City,Suffolk,"Virginia Beach-Norfolk-Newport News, VA-NC",33573
2011,M13,Annual,38738,,LAUCN518000000000005,2011-12-01,51800,Suffolk City,Suffolk,"Virginia Beach-Norfolk-Newport News, VA-NC",33350
2010,M13,Annual,38562,,LAUCN518000000000005,2010-12-01,51800,Suffolk City,Suffolk,"Virginia Beach-Norfolk-Newport News, VA-NC",33035
2023,M13,Annual,232278,,LAUCN518100000000005,2023-12-01,51810,Virginia Beach City,Virginia Beach,"Virginia Beach-Norfolk-Newport News, VA-NC",192036
2022,M13,Annual,225983,,LAUCN518100000000005,2022-12-01,51810,Virginia Beach City,Virginia Beach,"Virginia Beach-Norfolk-Newport News, VA-NC",191151
2021,M13,Annual,219133,,LAUCN518100000000005,2021-12-01,51810,Virginia Beach City,Virginia Beach,"Virginia Beach-Norfolk-Newport News, VA-NC",190975
2020,M13,Annual,214201,,LAUCN518100000000005,2020-12-01,51810,Virginia Beach City,Virginia Beach,"Virginia Beach-Norfolk-Newport News, VA-NC",190322
2019,M13,Annual,228555,,LAUCN518100000000005,2019-12-01,51810,Virginia Beach City,Virginia Beach,"Virginia Beach-Norfolk-Newport News, VA-NC",186464
2018,M13,Annual,226560,,LAUCN518100000000005,2018-12-01,51810,Virginia Beach City,Virginia Beach,"Virginia Beach-Norfolk-Newport News, VA-NC",186080
2017,M13,Annual,225590,,LAUCN518100000000005,2017-12-01,51810,Virginia Beach City,Virginia Beach,"Virginia Beach-Norfolk-Newport News, VA-NC",184944
2016,M13,Annual,220574,,LAUCN518100000000005,2016-12-01,51810,Virginia Beach City,Virginia Beach,"Virginia Beach-Norfolk-Newport News, VA-NC",183745
2015,M13,Annual,219985,,LAUCN518100000000005,2015-12-01,51810,Virginia Beach City,Virginia Beach,"Virginia Beach-Norfolk-Newport News, VA-NC",182621
2014,M13,Annual,221324,,LAUCN518100000000005,2014-12-01,51810,Virginia Beach City,Virginia Beach,"Virginia Beach-Norfolk-Newport News, VA-NC",181757
2013,M13,Annual,218890,,LAUCN518100000000005,2013-12-01,51810,Virginia Beach City,Virginia Beach,"Virginia Beach-Norfolk-Newport News, VA-NC",180427
2012,M13,Annual,215847,,LAUCN518100000000005,2012-12-01,51810,Virginia Beach City,Virginia Beach,"Virginia Beach-Norfolk-Newport News, VA-NC",179614
2011,M13,Annual,214828,,LAUCN518100000000005,2011-12-01,51810,Virginia Beach City,Virginia Beach,"Virginia Beach-Norfolk-Newport News, VA-NC",178434
2010,M13,Annual,212040,,LAUCN518100000000005,2010-12-01,51810,Virginia Beach City,Virginia Beach,"Virginia Beach-Norfolk-Newport News, VA-NC",177879
2023,M13,Annual,10868,,LAUCN518200000000005,2023-12-01,51820,Waynesboro City,Waynesboro,"Staunton, VA",10577
2022,M13,Annual,10515,,LAUCN518200000000005,2022-12-01,51820,Waynesboro City,Waynesboro,"Staunton, VA",10489
2021,M13,Annual,10004,,LAUCN518200000000005,2021-12-01,51820,Waynesboro City,Waynesboro,"Staunton, VA",10415
2020,M13,Annual,9841,,LAUCN518200000000005,2020-12-01,51820,Waynesboro City,Waynesboro,"Staunton, VA",10315
2019,M13,Annual,10431,,LAUCN518200000000005,2019-12-01,51820,Waynesboro City,Waynesboro,"Staunton, VA",10034
2018,M13,Annual,10220,,LAUCN518200000000005,2018-12-01,51820,Waynesboro City,Waynesboro,"Staunton, VA",10020
2017,M13,Annual,10103,,LAUCN518200000000005,2017-12-01,51820,Waynesboro City,Waynesboro,"Staunton, VA",10019
2016,M13,Annual,9788,,LAUCN518200000000005,2016-12-01,51820,Waynesboro City,Waynesboro,"Staunton, VA",10026
2015,M13,Annual,9576,,LAUCN518200000000005,2015-12-01,51820,Waynesboro City,Waynesboro,"Staunton, VA",10011
2014,M13,Annual,9574,,LAUCN518200000000005,2014-12-01,51820,Waynesboro City,Waynesboro,"Staunton, VA",9992
2013,M13,Annual,9437,,LAUCN518200000000005,2013-12-01,51820,Waynesboro City,Waynesboro,"Staunton, VA",9746
2012,M13,Annual,9333,,LAUCN518200000000005,2012-12-01,51820,Waynesboro City,Waynesboro,"Staunton, VA",9737
2011,M13,Annual,9342,,LAUCN518200000000005,2011-12-01,51820,Waynesboro City,Waynesboro,"Staunton, VA",9729
2010,M13,Annual,9250,,LAUCN518200000000005,2010-12-01,51820,Waynesboro City,Waynesboro,"Staunton, VA",9717
2023,M13,Annual,6734,,LAUCN518300000000005,2023-12-01,51830,Williamsburg City,Williamsburg,"Virginia Beach-Norfolk-Newport News, VA-NC",5829
2022,M13,Annual,6552,,LAUCN518300000000005,2022-12-01,51830,Williamsburg City,Williamsburg,"Virginia Beach-Norfolk-Newport News, VA-NC",5794
2021,M13,Annual,6353,,LAUCN518300000000005,2021-12-01,51830,Williamsburg City,Williamsburg,"Virginia Beach-Norfolk-Newport News, VA-NC",5772
2020,M13,Annual,6209,,LAUCN518300000000005,2020-12-01,51830,Williamsburg City,Williamsburg,"Virginia Beach-Norfolk-Newport News, VA-NC",5755
2019,M13,Annual,6512,,LAUCN518300000000005,2019-12-01,51830,Williamsburg City,Williamsburg,"Virginia Beach-Norfolk-Newport News, VA-NC",5310
2018,M13,Annual,6428,,LAUCN518300000000005,2018-12-01,51830,Williamsburg City,Williamsburg,"Virginia Beach-Norfolk-Newport News, VA-NC",5297
2017,M13,Annual,6454,,LAUCN518300000000005,2017-12-01,51830,Williamsburg City,Williamsburg,"Virginia Beach-Norfolk-Newport News, VA-NC",5266
2016,M13,Annual,6354,,LAUCN518300000000005,2016-12-01,51830,Williamsburg City,Williamsburg,"Virginia Beach-Norfolk-Newport News, VA-NC",5229
2015,M13,Annual,6264,,LAUCN518300000000005,2015-12-01,51830,Williamsburg City,Williamsburg,"Virginia Beach-Norfolk-Newport News, VA-NC",5220
2014,M13,Annual,6178,,LAUCN518300000000005,2014-12-01,51830,Williamsburg City,Williamsburg,"Virginia Beach-Norfolk-Newport News, VA-NC",4979
2013,M13,Annual,6360,,LAUCN518300000000005,2013-12-01,51830,Williamsburg City,Williamsburg,"Virginia Beach-Norfolk-Newport News, VA-NC",4978
2012,M13,Annual,6273,,LAUCN518300000000005,2012-12-01,51830,Williamsburg City,Williamsburg,"Virginia Beach-Norfolk-Newport News, VA-NC",4975
2011,M13,Annual,6130,,LAUCN518300000000005,2011-12-01,51830,Williamsburg City,Williamsburg,"Virginia Beach-Norfolk-Newport News, VA-NC",4956
2010,M13,Annual,5853,,LAUCN518300000000005,2010-12-01,51830,Williamsburg City,Williamsburg,"Virginia Beach-Norfolk-Newport News, VA-NC",5176
2023,M13,Annual,15188,,LAUCN518400000000005,2023-12-01,51840,Winchester City,Winchester,"Winchester, VA-WV",12751
2022,M13,Annual,14684,,LAUCN518400000000005,2022-12-01,51840,Winchester City,Winchester,"Winchester, VA-WV",12529
2021,M13,Annual,14106,,LAUCN518400000000005,2021-12-01,51840,Winchester City,Winchester,"Winchester, VA-WV",12356
2020,M13,Annual,13668,,LAUCN518400000000005,2020-12-01,51840,Winchester City,Winchester,"Winchester, VA-WV",12370
2019,M13,Annual,14420,,LAUCN518400000000005,2019-12-01,51840,Winchester City,Winchester,"Winchester, VA-WV",12094
2018,M13,Annual,14167,,LAUCN518400000000005,2018-12-01,51840,Winchester City,Winchester,"Winchester, VA-WV",11976
2017,M13,Annual,14083,,LAUCN518400000000005,2017-12-01,51840,Winchester City,Winchester,"Winchester, VA-WV",11845
2016,M13,Annual,13780,,LAUCN518400000000005,2016-12-01,51840,Winchester City,Winchester,"Winchester, VA-WV",11850
2015,M13,Annual,13640,,LAUCN518400000000005,2015-12-01,51840,Winchester City,Winchester,"Winchester, VA-WV",11871
2014,M13,Annual,13753,,LAUCN518400000000005,2014-12-01,51840,Winchester City,Winchester,"Winchester, VA-WV",11882
2013,M13,Annual,13547,,LAUCN518400000000005,2013-12-01,51840,Winchester City,Winchester,"Winchester, VA-WV",11906
2012,M13,Annual,13292,,LAUCN518400000000005,2012-12-01,51840,Winchester City,Winchester,"Winchester, VA-WV",11882
2011,M13,Annual,13014,,LAUCN518400000000005,2011-12-01,51840,Winchester City,Winchester,"Winchester, VA-WV",11882
2010,M13,Annual,12545,,LAUCN518400000000005,2010-12-01,51840,Winchester City,Winchester,"Winchester, VA-WV",11872
